n,Datetime (UTC),Timestamp (s),Altitude (ft),Velocity (ft/s),Temperature (C),Longitude,Latitude,Roll (°),Pitch (°),Yaw (°),Flag
0,2025-05-03 22:50:54,0.198,-0.84973756,,25.896,-1,-1,0.0,0.0,0.0,Before Launch
1,2025-05-03 22:50:54,1.593,-0.3608924,,25.94,-1,-1,34.84429939031806,-37.81362675856121,37.709563152090965,Before Launch
2,2025-05-03 22:50:54,1.652,-0.11154856,,25.936,-1,-1,40.81269986813436,-42.038137392549004,41.94421628288147,Before Launch
3,2025-05-03 22:50:54,1.705,-0.5085302,,25.938,-1,-1,3.8616285355014437,-20.67163101458931,113.34502407921397,Before Launch
4,2025-05-03 22:50:54,1.756,-1.3287402000000001,,25.938,-1,-1,-5.584755254996104,-14.96010833199622,132.7686908552193,Before Launch
5,2025-05-03 22:50:54,1.81,-0.22309712,,25.94,-1,-1,-16.16593743876681,-8.273708230618396,155.34888338874964,Before Launch
6,2025-05-03 22:50:54,1.859,-1.09580056,,25.943,-1,-1,-21.08632132596353,-5.044356559480526,166.10384374479105,Before Launch
7,2025-05-03 22:50:55,1.924,-0.3608924,,25.933,-1,-1,-22.538417252106868,-4.123276178376853,169.2732388455482,Before Launch
8,2025-05-03 22:50:55,1.985,0.78412076,,25.893,-1,-1,-24.240957682673702,-3.089299171956997,172.9398156190277,Before Launch
9,2025-05-03 22:50:55,2.126,0.62664044,,25.876,-1,-1,-24.975120733156988,-2.5703217140329766,174.8237268731683,Before Launch
10,2025-05-03 22:50:55,2.183,-1.21719164,,25.936,-1,-1,-25.200553251159064,-2.4301113377828285,175.24079863816766,Before Launch
11,2025-05-03 22:50:55,2.24,0.00984252,,25.933,-1,-1,-25.536772145264283,-2.239487128094143,175.65537335298157,Before Launch
12,2025-05-03 22:50:55,2.29,-2.2047244800000003,,25.873,-1,-1,-25.57587577839073,-2.223544422863702,175.75499192236052,Before Launch
13,2025-05-03 22:50:55,2.36,-0.5905511999999999,,25.938,-1,-1,-25.651489632605266,-2.2189130236008534,175.87781777335627,Before Launch
14,2025-05-03 22:50:55,2.404,1.84383208,,25.871,-1,-1,-25.67367085884452,-2.1676096488530945,175.93273392556523,Before Launch
15,2025-05-03 22:50:55,2.447,-1.3287402000000001,,25.938,-1,-1,-25.637984958916,-2.1838682065684694,175.9286389123602,Before Launch
16,2025-05-03 22:50:55,2.49,-0.47900264,,25.936,-1,-1,-25.621710471925063,-2.172285878211522,175.95623336934335,Before Launch
17,2025-05-03 22:50:55,2.533,-1.44685044,,25.94,-1,-1,-25.6192145118968,-2.188329544299971,175.9625359655957,Before Launch
18,2025-05-03 22:50:55,2.577,-0.3608924,,25.933,-1,-1,-25.568809287443585,-2.1544941804760103,176.00276268150728,Before Launch
19,2025-05-03 22:50:55,2.62,1.0498688,,25.903,-1,-1,-25.571522088630566,-2.1407872495948213,176.0218382233979,Before Launch
20,2025-05-03 22:50:55,2.664,-1.09580056,,25.933,-1,-1,-25.57411615655943,-2.1212156677532596,176.04672536812276,Before Launch
21,2025-05-03 22:50:55,2.707,0.80052496,,25.93,-1,-1,-25.57959992540139,-2.106648760893052,176.0389213809394,Before Launch
22,2025-05-03 22:50:55,2.751,-0.37729660000000004,,25.926,-1,-1,-25.56634314060537,-2.1415116594677626,176.0380623012188,Before Launch
23,2025-05-03 22:50:55,2.793,0.86614176,,25.93,-1,-1,-25.55618413240209,-2.1142641154184516,176.04170509519082,Before Launch
24,2025-05-03 22:50:55,2.837,0.9842519999999999,,25.926,-1,-1,-25.528787286297312,-2.102927018505642,176.01560436183695,Before Launch
25,2025-05-03 22:50:55,2.879,-1.4665354800000001,-0.23,25.933,-1,-1,-25.53975927016624,-2.1340738349038397,175.99854944535087,Before Launch
26,2025-05-03 22:50:56,2.923,-0.62664044,-0.2,25.923,-1,-1,-25.508245902525527,-2.1345825447111286,175.97108839367448,Before Launch
27,2025-05-03 22:50:56,2.966,0.00984252,0.092,25.933,-1,-1,-25.50862030115522,-2.166225589838542,175.97639046392382,Before Launch
28,2025-05-03 22:50:56,3.01,-1.09580056,-0.45,25.933,-1,-1,-25.48945890582884,-2.17709070112871,175.96207098808424,Before Launch
29,2025-05-03 22:50:56,3.053,-1.3451444,-0.013,25.933,-1,-1,-25.56428749231823,-2.1639300228629734,175.94150666516956,Before Launch
30,2025-05-03 22:50:56,3.098,2.93963264,2.456,25.863,-1,-1,-25.67068644360848,-2.1090871245584455,175.96706273838353,Before Launch
31,2025-05-03 22:50:56,3.141,-1.9652231599999999,-0.678,25.926,-1,-1,-25.671645407877296,-2.105757604037763,175.99815554834922,Before Launch
32,2025-05-03 22:50:56,3.187,-1.09580056,-0.582,25.933,-1,-1,-25.692941440475632,-2.0677105644015645,175.9954023479205,Before Launch
33,2025-05-03 22:50:56,3.231,-1.1154856,-1.525,25.928,-1,-1,-25.645169589122226,-2.0734472833699003,176.03492751952294,Before Launch
34,2025-05-03 22:50:56,3.279,0.22965880000000002,-0.344,25.921,0.0,0.0,-25.566968833988312,-2.089558900196186,176.0020207252524,Before Launch
35,2025-05-03 22:50:56,3.322,0.24934383999999998,1.288,25.928,0.0,0.0,-25.54181779404344,-2.115957781631205,176.00600787444097,Before Launch
36,2025-05-03 22:50:56,3.368,-0.37729660000000004,-0.343,25.933,0.0,0.0,-25.48327951423041,-2.1093114335088115,175.99511512223194,Before Launch
37,2025-05-03 22:50:56,3.415,3.0511812000000003,4.672,25.861,0.0,0.0,-25.428130536223353,-2.108445806662008,176.02957384359132,Before Launch
38,2025-05-03 22:50:56,3.471,-0.13779528000000002,0.408,25.921,0.0,0.0,-25.445124874045252,-2.1091269423117995,176.02952059764593,Before Launch
39,2025-05-03 22:50:56,3.518,-0.8759842800000001,-2.441,25.921,0.0,0.0,-25.458696391254318,-2.0745061939443175,176.0742419840157,Before Launch
40,2025-05-03 22:50:56,3.564,-0.12139108,1.081,25.928,0.0,0.0,-25.468669342309788,-2.040381134505309,176.05943958150758,Before Launch
41,2025-05-03 22:50:56,3.62,0.24934383999999998,0.645,25.928,0.0,0.0,-25.41453734259332,-2.065768760899264,176.0888842207432,Before Launch
42,2025-05-03 22:50:56,3.668,0.35761156,1.59,25.926,0.0,0.0,-25.425971827291725,-2.0788734469498005,176.07249088955905,Before Launch
43,2025-05-03 22:50:56,3.718,-0.48884516,-0.112,25.928,0.0,0.0,-25.449372864209742,-2.04885893299038,176.0828822164986,Before Launch
44,2025-05-03 22:50:56,3.775,-0.5085302,-1.349,25.921,0.0,0.0,-25.4666419710315,-2.0382633410998485,176.0780413690872,Before Launch
45,2025-05-03 22:50:56,3.824,0.35761156,1.253,25.926,0.0,0.0,-25.50682819433588,-2.0941763412687133,176.03453524137313,Before Launch
46,2025-05-03 22:50:56,3.873,-1.21719164,-1.73,25.936,0.0,0.0,-25.50397736392384,-2.1078660317227467,176.0098199291203,Before Launch
47,2025-05-03 22:50:57,3.926,0.12795276,0.43,25.93,0.0,0.0,-25.496283879873204,-2.1013221835342866,175.97482978970024,Before Launch
48,2025-05-03 22:50:57,3.976,-0.37729660000000004,-1.051,25.926,0.0,0.0,-25.489296676380146,-2.0980568583488726,175.97328994243665,Before Launch
49,2025-05-03 22:50:57,4.022,-1.71587932,-2.279,25.921,0.0,0.0,-25.44021992792628,-2.1113812822175455,175.96297962020725,Before Launch
50,2025-05-03 22:50:57,4.077,-1.48293968,-0.014,25.926,0.0,0.0,-25.416510705592472,-2.106172482165422,175.93470068433936,Before Launch
51,2025-05-03 22:50:57,4.123,-0.5085302,0.098,25.928,0.0,0.0,-25.41963699683594,-2.081536468296531,175.9289034608868,Before Launch
52,2025-05-03 22:50:57,4.173,-2.34908144,-1.954,25.921,0.0,0.0,-25.401463622622586,-2.0745289427891236,175.92790506845765,Before Launch
53,2025-05-03 22:50:57,4.226,-0.9973753599999999,0.081,25.926,0.0,0.0,-25.40716704926874,-2.1074631990083144,175.8867099387552,Before Launch
54,2025-05-03 22:50:57,4.277,-0.8759842800000001,0.383,25.921,0.0,0.0,-25.39746636196575,-2.110537961071497,175.8735277664532,Before Launch
55,2025-05-03 22:50:57,4.325,-0.01968504,-2.412,25.921,0.0,0.0,-25.387209569771823,-2.134606219728554,175.83455866830963,Before Launch
56,2025-05-03 22:50:57,4.378,-0.00984252,1.581,25.926,0.0,0.0,-25.386634869086826,-2.121718419623648,175.80977699789517,Before Launch
57,2025-05-03 22:50:57,4.425,-1.1154856,-0.016,25.926,0.0,0.0,-25.42127596861664,-2.076975459257556,175.82702358745883,Before Launch
58,2025-05-03 22:50:57,4.479,-1.3648294399999998,-0.2,25.923,0.0,0.0,-25.436970105231428,-2.1128752675399984,175.84182031615399,Before Launch
59,2025-05-03 22:50:57,4.532,-1.1154856,-1.074,25.928,0.0,0.0,-25.427134693787558,-2.096874236514968,175.83863912030046,Before Launch
60,2025-05-03 22:50:57,4.588,0.35761156,0.086,25.923,0.0,0.0,-25.39632539289249,-2.135835611118419,175.85884679776575,Before Launch
61,2025-05-03 22:50:57,4.638,3.0675854,2.713,25.868,0.0,0.0,-25.438065780044983,-2.1421774711973276,175.87268637995479,Before Launch
62,2025-05-03 22:50:57,4.684,-1.48293968,-3.573,25.926,0.0,0.0,-25.426372795459315,-2.124472328005098,175.8744039551368,Before Launch
63,2025-05-03 22:50:57,4.739,-0.7480315200000001,-0.481,25.923,0.0,0.0,-25.400409200838723,-2.1408949757741493,175.84506400923635,Before Launch
64,2025-05-03 22:50:57,4.787,-1.71587932,-0.662,25.93,0.0,0.0,-25.417057551219397,-2.1327615035582377,175.86854780197197,Before Launch
65,2025-05-03 22:50:57,4.837,-0.37729660000000004,-0.201,25.928,0.0,0.0,-25.4162548659386,-2.128123138738061,175.88412582778759,Before Launch
66,2025-05-03 22:50:58,4.895,-1.59448824,-1.446,25.928,0.0,0.0,-25.430260004757653,-2.0945776322561125,175.87850440616398,Before Launch
67,2025-05-03 22:50:58,4.954,-0.6561680000000001,-0.788,25.921,0.0,0.0,-25.385537140126807,-2.093040836169711,175.90897530751667,Before Launch
68,2025-05-03 22:50:58,5.004,0.10826772,0.464,25.923,0.0,0.0,-25.414330989731873,-2.097127183571518,175.91791234953428,Before Launch
69,2025-05-03 22:50:58,5.049,-0.00984252,0.391,25.926,0.0,0.0,-25.42115804195866,-2.102186140415551,175.9364443990457,Before Launch
70,2025-05-03 22:50:58,5.096,-0.8759842800000001,-0.97,25.921,0.0,0.0,-25.403204270665476,-2.0703320271987202,175.9156401328416,Before Launch
71,2025-05-03 22:50:58,5.143,-1.3451444,-0.101,25.926,0.0,0.0,-25.3949883862871,-2.0530891247975815,175.88269417703665,Before Launch
72,2025-05-03 22:50:58,5.2,-1.3451444,-1.156,25.93,0.0,0.0,-25.38333953078202,-2.043140980785461,175.88649926658232,Before Launch
73,2025-05-03 22:50:58,5.248,-1.3648294399999998,-0.776,25.923,0.0,0.0,-25.381320269215188,-2.043968298414172,175.82144476849476,Before Launch
74,2025-05-03 22:50:58,5.293,-0.85629924,0.676,25.921,0.0,0.0,-25.38944076843484,-2.0566794852183583,175.79023832928124,Before Launch
75,2025-05-03 22:50:58,5.348,-1.3451444,0.108,25.933,0.0,0.0,-25.432011892134916,-2.07640627345887,175.78433318123828,Before Launch
76,2025-05-03 22:50:58,5.402,-1.48293968,-0.762,25.926,0.0,0.0,-25.42880415514254,-2.1456642416773484,175.78816024896125,Before Launch
77,2025-05-03 22:50:58,5.454,-0.12139108,1.739,25.928,0.0,0.0,-25.37823364383269,-2.0947155510491644,175.76868766680386,Before Launch
78,2025-05-03 22:50:58,5.503,-0.62664044,0.29,25.923,0.0,0.0,-25.35764465310696,-2.139615836884264,175.76181370155376,Before Launch
79,2025-05-03 22:50:58,5.559,-0.37729660000000004,0.389,25.926,0.0,0.0,-25.33291973536551,-2.118463095246517,175.79031317574476,Before Launch
80,2025-05-03 22:50:58,5.607,-1.22703416,-0.942,25.93,0.0,0.0,-25.330947658377262,-2.1367348307287455,175.8040367845822,Before Launch
81,2025-05-03 22:50:58,5.653,-0.48884516,-0.376,25.928,0.0,0.0,-25.363213367182308,-2.0898352774970816,175.78621656625197,Before Launch
82,2025-05-03 22:50:58,5.705,-0.7480315200000001,0.287,25.926,0.0,0.0,-25.346559997157424,-2.148789939098886,175.7258262650986,Before Launch
83,2025-05-03 22:50:58,5.755,-0.85629924,0.399,25.928,0.0,0.0,-25.365789890949117,-2.133154244008134,175.7400822066345,Before Launch
84,2025-05-03 22:50:58,5.802,-1.9652231599999999,-0.669,25.936,0.0,0.0,-25.381616058319885,-2.1387088496708224,175.73392091384784,Before Launch
85,2025-05-03 22:50:58,5.859,-0.9973753599999999,-1.066,25.923,0.0,0.0,-25.407437264989557,-2.112595400103667,175.76650404405183,Before Launch
86,2025-05-03 22:50:59,5.909,-1.8536745999999997,-3.872,25.926,0.0,0.0,-25.39569084642346,-2.1122146296115405,175.78165444036955,Before Launch
87,2025-05-03 22:50:59,5.957,-1.48293968,0.0,25.926,0.0,0.0,-25.41770312882542,-2.1029694969567876,175.77582677218032,Before Launch
88,2025-05-03 22:50:59,6.011,-0.72834648,0.015,25.928,0.0,0.0,-25.38751812342103,-2.067956769741614,175.75955209445183,Before Launch
89,2025-05-03 22:50:59,6.062,1.4927822,2.517,25.878,0.0,0.0,-25.3671789067494,-2.0648624785586414,175.72969632223425,Before Launch
90,2025-05-03 22:50:59,6.108,1.3648294399999998,1.371,25.873,0.0,0.0,-25.325909310610594,-2.1058922141341365,175.72497188527066,Before Launch
91,2025-05-03 22:50:59,6.165,-1.14173232,0.357,25.911,0.0,0.0,-25.318014344952655,-2.090282488438524,175.72973501642016,Before Launch
92,2025-05-03 22:50:59,6.21,-1.21719164,-0.447,25.936,0.0,0.0,-25.330855350978126,-2.0834755125335502,175.7121139648821,Before Launch
93,2025-05-03 22:50:59,6.258,0.16404200000000002,0.044,25.928,0.0,0.0,-25.331595639689265,-2.10547641600662,175.74748960085861,Before Launch
94,2025-05-03 22:50:59,6.313,2.79199484,2.217,25.918,0.0,0.0,-25.473876919827994,-2.1576592083595916,175.74165785930794,Before Launch
95,2025-05-03 22:50:59,6.371,-1.09580056,-0.172,25.933,0.0,0.0,-25.619184851354593,-2.1653440408557825,175.6756789545271,Before Launch
96,2025-05-03 22:50:59,6.417,-1.21719164,0.1,25.94,0.0,0.0,-25.60975309465629,-2.144273215160432,175.58265237308927,Before Launch
97,2025-05-03 22:50:59,6.467,-1.4665354800000001,-0.096,25.933,0.0,0.0,-24.366845793988993,-2.16530722127866,175.48122933546722,Before Launch
98,2025-05-03 22:50:59,6.516,-1.9652231599999999,-0.473,25.928,0.0,0.0,-24.025994007291658,-2.2229744157596634,175.47647431117662,Before Launch
99,2025-05-03 22:50:59,6.57,-2.2047244800000003,-1.056,25.926,0.0,0.0,-23.573601095139754,-2.0897620898068645,175.7384472428278,Before Launch
100,2025-05-03 22:50:59,6.619,-2.22112868,-0.689,25.926,0.0,0.0,-23.21915721498441,-1.911380957232053,176.01106557569727,Before Launch
101,2025-05-03 22:50:59,6.667,-0.38713912,0.866,25.926,0.0,0.0,-22.185888728409132,-1.8271021785413897,176.01737743334772,Before Launch
102,2025-05-03 22:50:59,6.721,-0.8759842800000001,-0.596,25.93,0.0,0.0,-21.54341168034189,-1.7990077564848554,175.9397496143204,Before Launch
103,2025-05-03 22:50:59,6.769,-1.16141736,-0.422,25.93,0.0,0.0,-20.15505450426027,-1.7378419449307028,175.78646300798238,Before Launch
104,2025-05-03 22:50:59,6.82,-0.85629924,-0.38,25.928,0.0,0.0,-18.33383984650103,-1.8051287008192776,175.30463600893387,Before Launch
105,2025-05-03 22:50:59,6.868,-0.85629924,0.294,25.93,0.0,0.0,-17.400728064007883,-1.804930323131487,175.03660972759621,Before Launch
106,2025-05-03 22:51:00,6.926,-1.22703416,-0.58,25.928,0.0,0.0,-14.89920966954412,-1.885948500297666,174.04262016212382,Before Launch
107,2025-05-03 22:51:00,6.973,1.0498688,1.418,25.903,0.0,0.0,-12.520444453698447,-1.8564139698872362,172.68624742719763,Before Launch
108,2025-05-03 22:51:00,7.019,-1.59448824,-0.584,25.928,0.0,0.0,-10.945790328708544,-1.8458147654490298,171.42189967707557,Before Launch
109,2025-05-03 22:51:00,7.074,-0.55446196,1.109,25.916,0.0,0.0,-5.6981401719519775,-2.0217964221439204,160.68388846311237,Before Launch
110,2025-05-03 22:51:00,7.136,-1.71587932,-0.563,25.923,0.0,0.0,-4.3194293278217355,-2.057987581565788,155.98922196978114,Before Launch
111,2025-05-03 22:51:00,7.185,-0.95800528,0.702,25.928,0.0,0.0,-1.0693343361776164,-2.1380800155186543,143.39811660970412,Before Launch
112,2025-05-03 22:51:00,7.232,-1.22703416,0.201,25.93,0.0,0.0,1.3465952023653813,-2.1755060708624656,132.39747340865546,Before Launch
113,2025-05-03 22:51:00,7.285,0.72834648,1.143,25.863,0.0,0.0,2.0891333524012037,-2.163862118155957,128.02003946563306,Before Launch
114,2025-05-03 22:51:00,7.332,0.28543308,-0.951,25.888,0.0,0.0,2.7747975174570048,-2.0800844734208206,103.14703494801438,Before Launch
115,2025-05-03 22:51:00,7.381,-1.3451444,-2.129,25.928,0.0,0.0,5.018469474437191,-2.010963614909949,59.28222181385186,Before Launch
116,2025-05-03 22:51:00,7.436,-1.4665354800000001,-0.256,25.933,0.0,0.0,7.26935354688092,-2.015496478833951,43.79895006472945,Before Launch
117,2025-05-03 22:51:00,7.485,-0.8038058,0.324,25.896,0.0,0.0,12.038174347379734,-1.9828506583054946,23.664144107783564,Before Launch
118,2025-05-03 22:51:00,7.531,-2.3326772399999998,-1.961,25.928,0.0,0.0,14.95419315721723,-2.0544793081718447,13.418390604235611,Before Launch
119,2025-05-03 22:51:00,7.587,0.6725722,-1.664,25.896,0.0,0.0,15.848227982159678,-2.0502916685644728,10.406084153968623,Before Launch
120,2025-05-03 22:51:00,7.641,-0.48884516,0.478,25.928,0.0,0.0,16.874377338770405,-1.9522639708494305,6.474417193800585,Before Launch
121,2025-05-03 22:51:00,7.689,-2.45078748,-0.97,25.938,0.0,0.0,17.60692984002846,-1.9484456789801161,4.428924965492575,Before Launch
122,2025-05-03 22:51:00,7.735,-0.37729660000000004,0.859,25.926,0.0,0.0,18.791216660681727,-1.9155041325868403,3.0639294956619834,Before Launch
123,2025-05-03 22:51:00,7.789,1.41732288,2.657,25.903,0.0,0.0,19.242316554798318,-1.9083388621994988,2.6557143696616095,Before Launch
124,2025-05-03 22:51:00,7.845,-0.85629924,1.058,25.928,0.0,0.0,19.889738101338235,-1.9153992685800443,2.1157640641914806,Before Launch
125,2025-05-03 22:51:01,7.895,-1.71587932,0.396,25.921,0.0,0.0,20.118273192492424,-1.8997798801137025,1.7800468388723754,Before Launch
126,2025-05-03 22:51:01,7.941,1.59448824,1.555,25.868,0.0,0.0,19.920013247010964,-1.9602368844628923,1.6861624015515055,Before Launch
127,2025-05-03 22:51:01,7.996,-1.71587932,-0.659,25.93,0.0,0.0,19.549794357939934,-1.9561445558861543,1.5585719157177529,Before Launch
128,2025-05-03 22:51:01,8.042,-2.43438328,-1.0,25.926,0.0,0.0,18.926717215317915,-2.079217048661214,1.8846535157710498,Before Launch
129,2025-05-03 22:51:01,8.087,-1.48293968,-0.495,25.926,0.0,0.0,18.230059409530003,-2.303386474999344,2.2985182497549053,Before Launch
130,2025-05-03 22:51:01,8.139,-2.3326772399999998,-1.162,25.923,0.0,0.0,17.41654754445265,-2.5423964890307342,2.8791567735468,Before Launch
131,2025-05-03 22:51:01,8.186,-2.22112868,-0.789,25.936,0.0,0.0,15.383766138528507,-2.5804753214673437,3.790112103369961,Before Launch
132,2025-05-03 22:51:01,8.237,-1.22703416,-1.801,25.923,0.0,0.0,10.88906197477975,-2.6361990319587645,7.1668007596157635,Before Launch
133,2025-05-03 22:51:01,8.295,-1.9652231599999999,-0.291,25.928,0.0,0.0,7.9172892611728365,-2.574654667167242,11.53208052650901,Before Launch
134,2025-05-03 22:51:01,8.352,-1.48293968,-0.727,25.926,0.0,0.0,2.096471344759455,-2.4524448373726564,49.06793092789691,Before Launch
135,2025-05-03 22:51:01,8.399,-1.59448824,0.096,25.896,0.0,0.0,-3.5844895460448645,-2.382094103842045,103.64439310100003,Before Launch
136,2025-05-03 22:51:01,8.444,-0.97769032,-0.016,25.93,0.0,0.0,-6.267313491770223,-2.3583668795980537,122.24999189555793,Before Launch
137,2025-05-03 22:51:01,8.502,-1.3648294399999998,-0.109,25.923,0.0,0.0,-11.034374815938326,-2.297146699623563,146.64744260033478,Before Launch
138,2025-05-03 22:51:01,8.549,-1.4665354800000001,-1.736,25.933,0.0,0.0,-14.307150607768312,-2.322109644484482,159.591453000006,Before Launch
139,2025-05-03 22:51:01,8.597,0.41338584,0.101,25.926,0.0,0.0,-17.06318769890867,-2.357999307329975,166.80518878253503,Before Launch
140,2025-05-03 22:51:01,8.651,-1.58464572,-0.189,25.936,0.0,0.0,-18.7816108846402,-2.391592298907076,169.26370056560557,Before Launch
141,2025-05-03 22:51:01,8.703,0.35104988,1.435,25.923,0.0,0.0,-21.31957802197733,-2.358109933041979,172.41032064598295,Before Launch
142,2025-05-03 22:51:01,8.748,-0.9973753599999999,-0.153,25.905,0.0,0.0,-22.734677641455658,-2.3683964303257437,174.21459348007133,Before Launch
143,2025-05-03 22:51:01,8.802,-0.9973753599999999,1.051,25.926,0.0,0.0,-23.62630220416254,-2.325368730217952,174.90204473842718,Before Launch
144,2025-05-03 22:51:01,8.851,0.35104988,-0.254,25.923,0.0,0.0,-24.677316502992266,-2.314025699695161,175.81967826818666,Before Launch
145,2025-05-03 22:51:02,8.899,-1.24343836,-0.6,25.926,0.0,0.0,-24.755564938717388,-2.3465929277493554,176.0980536415435,Before Launch
146,2025-05-03 22:51:02,8.956,2.2473754,3.708,25.886,0.0,0.0,-24.746762528742416,-2.3897081087184806,176.42066046782568,Before Launch
147,2025-05-03 22:51:02,9.001,-2.2309712,-1.464,25.918,0.0,0.0,-24.126571609983564,-2.2219699246159754,176.89450038961235,Before Launch
148,2025-05-03 22:51:02,9.059,-0.5249344,-1.529,25.913,0.0,0.0,-22.55238022935995,-1.7837465176292353,177.52298794880198,Before Launch
149,2025-05-03 22:51:02,9.111,-1.4927822,-0.503,25.891,0.0,0.0,-20.200531255818447,-1.4853323497832107,177.7987969375593,Before Launch
150,2025-05-03 22:51:02,9.166,-1.24343836,0.372,25.921,0.0,0.0,-18.53493231919953,-1.419216829984936,177.6072729183632,Before Launch
151,2025-05-03 22:51:02,9.221,-0.64632548,-1.751,25.916,0.0,0.0,-13.595442864548122,-1.429343035959798,175.7936588423257,Before Launch
152,2025-05-03 22:51:02,9.269,-2.25065624,-0.42,25.911,0.0,0.0,-7.551837845951223,-1.4486970788172724,170.0126638429364,Before Launch
153,2025-05-03 22:51:02,9.315,-1.8635171199999998,0.448,25.921,0.0,0.0,-2.6021454111024203,-1.6212913859388496,144.34854347535497,Before Launch
154,2025-05-03 22:51:02,9.37,-2.47047252,-0.77,25.923,0.0,0.0,-0.9224920124663236,-1.6770727148952722,121.85034068452006,Before Launch
155,2025-05-03 22:51:02,9.42,-1.61417328,0.561,25.921,0.0,0.0,2.05663980738399,-1.8745505897671388,76.95196180416414,Before Launch
156,2025-05-03 22:51:02,9.465,-1.4927822,0.569,25.918,0.0,0.0,6.597819644751289,-1.9669765541744308,43.50837170153008,Before Launch
157,2025-05-03 22:51:02,9.524,0.20341208,1.111,25.905,0.0,0.0,8.602660527252352,-1.9971507797634789,33.01230527890551,Before Launch
158,2025-05-03 22:51:02,9.574,0.44947508,1.888,25.908,0.0,0.0,10.723461185462696,-2.058661802644063,20.006391253014407,Before Launch
159,2025-05-03 22:51:02,9.619,-0.9973753599999999,0.383,25.921,0.0,0.0,11.553922661759957,-2.0610184490038006,13.291603229360824,Before Launch
160,2025-05-03 22:51:02,9.676,-0.38713912,0.945,25.918,0.0,0.0,12.62266842150596,-2.0682801115484386,10.757359721908912,Before Launch
161,2025-05-03 22:51:02,9.721,-0.64632548,0.259,25.916,0.0,0.0,14.671632390619868,-2.0463867233260604,7.212395928654743,Before Launch
162,2025-05-03 22:51:02,9.769,-0.64632548,0.567,25.923,0.0,0.0,15.01683815118234,-2.0592712204747325,6.12795432063992,Before Launch
163,2025-05-03 22:51:02,9.822,-1.9816273599999998,-0.405,25.921,0.0,0.0,14.767136471914307,-2.0505644808480965,4.788445702529243,Before Launch
164,2025-05-03 22:51:02,9.872,-1.24343836,-1.299,25.921,0.0,0.0,14.114300933375716,-2.0764294226303925,4.0408982133723645,Before Launch
165,2025-05-03 22:51:03,9.918,-1.1154856,0.37,25.893,0.0,0.0,13.699296681150711,-2.0322934126490613,3.831605590377137,Before Launch
166,2025-05-03 22:51:03,9.964,1.1056430800000001,0.598,25.886,0.0,0.0,13.272979716995883,-2.0201790658177283,3.627126415495283,Before Launch
167,2025-05-03 22:51:03,10.011,-0.62664044,0.294,25.916,0.0,0.0,11.111994080249533,-2.027852090964466,4.402020657342861,Before Launch
168,2025-05-03 22:51:03,10.066,-1.48293968,-0.384,25.926,0.0,0.0,8.454513114131265,-1.9368554619806935,6.3129914835605785,Before Launch
169,2025-05-03 22:51:03,10.119,-0.62664044,-0.771,25.923,0.0,0.0,3.8099755425944015,-2.1934316826895963,13.931251634670748,Before Launch
170,2025-05-03 22:51:03,10.167,-1.9652231599999999,-0.569,25.928,0.0,0.0,0.24787055232463368,-2.410335281173643,41.62786880162603,Before Launch
171,2025-05-03 22:51:03,10.215,-0.8759842800000001,-2.481,25.923,0.0,0.0,-2.131749564882825,-2.56976993635148,71.35307674642476,Before Launch
172,2025-05-03 22:51:03,10.267,0.59711288,2.234,25.911,0.0,0.0,-8.484278866049639,-2.673132002853529,119.05794231285503,Before Launch
173,2025-05-03 22:51:03,10.316,-1.61417328,-0.867,25.921,0.0,0.0,-13.996426117796215,-2.6986691402115053,145.65518052563172,Before Launch
174,2025-05-03 22:51:03,10.366,-0.40682416,0.865,25.923,0.0,0.0,-17.55453061059081,-2.6877704571325634,160.14827658094853,Before Launch
175,2025-05-03 22:51:03,10.424,-0.7480315200000001,0.394,25.926,0.0,0.0,-19.09533305753294,-2.62497241594666,164.6739823451812,Before Launch
176,2025-05-03 22:51:03,10.469,-1.22703416,-0.465,25.926,0.0,0.0,-22.531649702317573,-2.4939579795659035,170.84742450764736,Before Launch
177,2025-05-03 22:51:03,10.516,-1.59448824,0.526,25.926,0.0,0.0,-24.056927248203188,-2.390694140056286,172.88277730933106,Before Launch
178,2025-05-03 22:51:03,10.571,0.12795276,1.586,25.93,0.0,0.0,-25.77007101171519,-2.242338506651613,175.3459299925524,Before Launch
179,2025-05-03 22:51:03,10.618,-0.62664044,1.477,25.928,0.0,0.0,-26.371768908378993,-2.130165875546594,176.53943013592166,Before Launch
180,2025-05-03 22:51:03,10.664,-0.18372704,1.15,25.898,0.0,0.0,-26.26414631653917,-2.1115917159981104,176.8982486363385,Before Launch
181,2025-05-03 22:51:03,10.709,-2.10301844,-0.491,25.923,0.0,0.0,-25.810814334380805,-2.1506499055485104,177.2781979253052,Before Launch
182,2025-05-03 22:51:03,10.754,-1.59448824,-1.462,25.883,0.0,0.0,-25.31716471348762,-2.1160033728847787,177.36548239597533,Before Launch
183,2025-05-03 22:51:03,10.811,-0.37729660000000004,-0.668,25.926,0.0,0.0,-23.45871791010329,-1.9562209579704535,177.70776611581385,Before Launch
184,2025-05-03 22:51:03,10.864,-0.5085302,0.393,25.923,0.0,0.0,-21.701695871371523,-1.7678700147542223,177.89675313578033,Before Launch
185,2025-05-03 22:51:04,10.912,-1.3648294399999998,-0.791,25.923,0.0,0.0,-19.640859673218845,-1.7561810630960288,177.53847809443124,Before Launch
186,2025-05-03 22:51:04,10.966,-0.77427824,-0.103,25.905,0.0,0.0,-16.136170418292224,-1.9527749507242405,176.1060598386588,Before Launch
187,2025-05-03 22:51:04,11.021,-1.2631234,-0.493,25.913,0.0,0.0,-13.683252387970915,-2.035417335520669,174.74645860464906,Before Launch
188,2025-05-03 22:51:04,11.073,-2.0013123999999998,-0.016,25.913,0.0,0.0,-8.100890558621515,-2.116744728274389,169.5062445338702,Before Launch
189,2025-05-03 22:51:04,11.119,-1.73228352,-0.392,25.913,0.0,0.0,-4.341329323682232,-2.1700666872022087,152.82134685734965,Before Launch
190,2025-05-03 22:51:04,11.174,-1.1154856,0.0,25.926,0.0,0.0,-2.6713703715992665,-2.152848889702922,135.29101761518797,Before Launch
191,2025-05-03 22:51:04,11.223,-1.8536745999999997,-2.351,25.926,0.0,0.0,4.014374062155522,-1.9492827910148587,72.44941553202591,Before Launch
192,2025-05-03 22:51:04,11.27,0.78412076,1.121,25.908,0.0,0.0,8.211811150696178,-1.833849202576175,39.35165447210132,Before Launch
193,2025-05-03 22:51:04,11.325,-1.48293968,0.0,25.921,0.0,0.0,9.460885350675067,-1.8283265165485358,29.619838149198372,Before Launch
194,2025-05-03 22:51:04,11.373,-0.5249344,0.081,25.921,0.0,0.0,11.130908925799408,-1.848993230376861,18.018865167573026,Before Launch
195,2025-05-03 22:51:04,11.424,-1.24343836,0.574,25.921,0.0,0.0,12.663337994078375,-1.8430056045685594,11.68958845409494,Before Launch
196,2025-05-03 22:51:04,11.475,0.04593176,0.732,25.918,0.0,0.0,13.627158345244284,-1.888332001660281,8.368373206610407,Before Launch
197,2025-05-03 22:51:04,11.529,-1.3648294399999998,-1.555,25.923,0.0,0.0,13.963022714975661,-1.9028101583603354,7.378876982040046,Before Launch
198,2025-05-03 22:51:04,11.578,-0.38713912,0.972,25.918,0.0,0.0,14.492144788526836,-1.8902626859002956,6.085965760258349,Before Launch
199,2025-05-03 22:51:04,11.627,-0.5085302,-0.081,25.913,0.0,0.0,15.22355876711298,-1.8839367987269546,5.269882511006684,Before Launch
200,2025-05-03 22:51:04,11.681,-2.1194226400000002,-1.091,25.926,0.0,0.0,15.740235086626013,-1.8879394145067994,4.936240656943326,Before Launch
201,2025-05-03 22:51:04,11.739,-2.45078748,-0.964,25.93,0.0,0.0,16.68133663600882,-1.9338991082451207,4.325562827361942,Before Launch
202,2025-05-03 22:51:04,11.792,-1.12532812,0.368,25.918,0.0,0.0,17.018244370014294,-1.941852350446846,4.062101272761308,Before Launch
203,2025-05-03 22:51:04,11.839,-2.1194226400000002,-1.772,25.921,0.0,0.0,17.265162324439093,-1.9406099295175558,3.918085592942316,Before Launch
204,2025-05-03 22:51:05,11.894,-1.01377956,-0.303,25.916,0.0,0.0,18.324402470093286,-1.9763312732377503,3.499645603991777,Before Launch
205,2025-05-03 22:51:05,11.942,3.0872704399999997,2.559,25.876,0.0,0.0,19.33655828500673,-1.936859874900699,3.2085010931478295,Before Launch
206,2025-05-03 22:51:05,11.988,-1.38451448,0.562,25.918,0.0,0.0,19.70048134775111,-1.9441680645494266,3.104361341207255,Before Launch
207,2025-05-03 22:51:05,12.041,-1.38451448,0.163,25.916,0.0,0.0,20.187679534902884,-1.9294139682942524,2.998242847268365,Before Launch
208,2025-05-03 22:51:05,12.091,0.26574804,0.502,25.881,0.0,0.0,20.482766721193105,-1.934478387223111,2.992419400964791,Before Launch
209,2025-05-03 22:51:05,12.14,-0.036089239999999995,0.37,25.911,0.0,0.0,20.646444229479354,-1.9197026899981329,2.9831038040725812,Before Launch
210,2025-05-03 22:51:05,12.186,-0.64632548,0.564,25.918,0.0,0.0,20.852888411486756,-1.970887079477791,2.974036555286401,Before Launch
211,2025-05-03 22:51:05,12.234,-0.15748032,0.486,25.921,0.0,0.0,21.119642276314874,-1.9795838998599178,3.008383086217749,Before Launch
212,2025-05-03 22:51:05,12.289,-0.6561680000000001,0.479,25.908,0.0,0.0,21.37047695562429,-1.9723184902485136,2.9579968556132834,Before Launch
213,2025-05-03 22:51:05,12.341,-2.1194226400000002,-0.093,25.918,0.0,0.0,21.695299929980212,-1.9606492009881793,2.8268153200674258,Before Launch
214,2025-05-03 22:51:05,12.388,-1.63057748,0.08,25.913,0.0,0.0,22.2339008395328,-1.939744546907605,2.7132208066554995,Before Launch
215,2025-05-03 22:51:05,12.438,-0.036089239999999995,0.854,25.911,0.0,0.0,22.711257601969976,-1.9528925585226886,2.560064755074987,Before Launch
216,2025-05-03 22:51:05,12.484,-2.0013123999999998,-0.117,25.913,0.0,0.0,23.20593396143834,-1.939492613180239,2.3621705072599126,Before Launch
217,2025-05-03 22:51:05,12.53,-0.38713912,-0.93,25.871,0.0,0.0,23.18362269610757,-1.9462453641650574,2.3514661532003496,Before Launch
218,2025-05-03 22:51:05,12.585,-0.28543308,0.95,25.908,0.0,0.0,23.067999334425117,-1.9456288237914237,2.355791578074949,Before Launch
219,2025-05-03 22:51:05,12.631,-0.7939632799999999,-0.214,25.903,0.0,0.0,22.786742769558426,-1.9354682689374094,2.3882102785272377,Before Launch
220,2025-05-03 22:51:05,12.678,-1.14173232,0.081,25.911,0.0,0.0,22.552121548518326,-1.9194184132319514,2.3650443722864454,Before Launch
221,2025-05-03 22:51:05,12.73,-2.02755912,-1.652,25.898,0.0,0.0,22.075406101784317,-1.930193984771408,2.502421403327739,Before Launch
222,2025-05-03 22:51:05,12.774,-0.6561680000000001,0.569,25.911,0.0,0.0,20.618546872406675,-1.9480595235983644,2.9264626545800803,Before Launch
223,2025-05-03 22:51:05,12.832,-1.63057748,-0.992,25.913,0.0,0.0,19.462244963801883,-1.9624180726930125,3.3108110615499537,Before Launch
224,2025-05-03 22:51:06,12.887,-1.39107616,-0.7,25.908,0.0,0.0,17.227260441540757,-2.0413118424052334,4.0166318816517474,Before Launch
225,2025-05-03 22:51:06,12.935,-1.7618110800000002,0.285,25.903,0.0,0.0,14.676288367405169,-2.034178383420461,4.715367848880077,Before Launch
226,2025-05-03 22:51:06,12.982,-1.14173232,1.053,25.911,0.0,0.0,13.502356209360087,-2.05329919777787,5.201081921982976,Before Launch
227,2025-05-03 22:51:06,13.029,-1.16141736,-0.029,25.903,0.0,0.0,11.903793227719103,-2.118054398252478,6.01849495508887,Before Launch
228,2025-05-03 22:51:06,13.075,-0.30511812,1.468,25.908,0.0,0.0,10.859309749123218,-2.089824995462958,6.541040855647012,Before Launch
229,2025-05-03 22:51:06,13.119,0.43307088,1.181,25.901,0.0,0.0,7.226477317766268,-2.0229583349194145,9.968468005854161,Before Launch
230,2025-05-03 22:51:06,13.165,-0.16732284,-2.661,25.893,0.0,0.0,3.0196527440020584,-2.070014166396882,17.581647189597074,Before Launch
231,2025-05-03 22:51:06,13.219,-1.52887144,-0.117,25.911,0.0,0.0,1.4999420563010628,-2.039883748085654,22.409823637426513,Before Launch
232,2025-05-03 22:51:06,13.269,-1.4927822,-0.088,25.911,0.0,0.0,0.05378524908156923,-2.015015011657864,40.654425271102255,Before Launch
233,2025-05-03 22:51:06,13.315,-0.75787404,-0.836,25.918,0.0,0.0,-0.8704600272091522,-2.000568111959423,70.44091482532653,Before Launch
234,2025-05-03 22:51:06,13.37,-0.38713912,-0.285,25.918,0.0,0.0,-6.138071769240476,-2.0178489272156783,120.7116398506932,Before Launch
235,2025-05-03 22:51:06,13.417,-0.77427824,-0.104,25.911,0.0,0.0,-10.746332962525184,-2.0027707795952554,147.69753079054152,Before Launch
236,2025-05-03 22:51:06,13.462,-0.28543308,-0.104,25.908,0.0,0.0,-13.344226007823064,-1.9915612804284246,161.5647049519835,Before Launch
237,2025-05-03 22:51:06,13.521,-0.92191604,-0.216,25.898,0.0,0.0,-14.327020651316571,-2.057617187146406,165.5490056698377,Before Launch
238,2025-05-03 22:51:06,13.568,-0.6561680000000001,1.193,25.911,0.0,0.0,-15.730925705020306,-2.0785361154557833,170.2404414118825,Before Launch
239,2025-05-03 22:51:06,13.613,-0.5249344,0.903,25.913,0.0,0.0,-16.401192080764318,-2.0342688624457237,171.73802710709714,Before Launch
240,2025-05-03 22:51:06,13.664,0.44947508,0.396,25.916,0.0,0.0,-17.845951173195747,-2.0956081268126727,173.48986027899073,Before Launch
241,2025-05-03 22:51:06,13.717,-0.40682416,1.293,25.911,0.0,0.0,-18.663226523199096,-2.2259260876579052,174.34089122019458,Before Launch
242,2025-05-03 22:51:06,13.764,-0.036089239999999995,0.284,25.913,0.0,0.0,-18.891749252407745,-2.2847469049068327,174.76433647272714,Before Launch
243,2025-05-03 22:51:06,13.82,-1.8799213199999998,-1.291,25.903,0.0,0.0,-21.015060046642574,-2.706480682632822,175.28097344847598,Before Launch
244,2025-05-03 22:51:06,13.878,-0.53477692,0.208,25.908,0.0,0.0,-22.79935364480623,-2.9406105422620907,175.58429110720766,Before Launch
245,2025-05-03 22:51:07,13.925,0.70866144,1.484,25.856,0.0,0.0,-25.008254036029648,-3.1616969875169176,175.91243602749722,Before Launch
246,2025-05-03 22:51:07,13.978,-1.63057748,0.318,25.908,0.0,0.0,-26.603800716300064,-3.3059588845172203,176.1440748732495,Before Launch
247,2025-05-03 22:51:07,14.026,-0.18372704,0.377,25.898,0.0,0.0,-27.3568306102536,-3.185590554971743,176.42978866328704,Before Launch
248,2025-05-03 22:51:07,14.085,-0.40682416,0.977,25.911,0.0,0.0,-27.293117708103477,-2.575464740781129,177.60404394092447,Before Launch
249,2025-05-03 22:51:07,14.133,-1.39107616,0.0,25.908,0.0,0.0,-26.026814630770808,-2.0489241492454657,178.31922431761916,Before Launch
250,2025-05-03 22:51:07,14.181,-1.63057748,0.105,25.896,0.0,0.0,-25.1673603393761,-1.7903227174113607,178.61660928145798,Before Launch
251,2025-05-03 22:51:07,14.235,-2.25065624,-0.885,25.883,0.0,0.0,-24.83491055870529,-1.9542492267927283,178.1619067762548,Before Launch
252,2025-05-03 22:51:07,14.285,-1.7519685600000001,-0.47,25.903,0.0,0.0,-25.340034515057305,-2.3200488036434628,177.34173818916537,Before Launch
253,2025-05-03 22:51:07,14.333,-2.1194226400000002,-1.442,25.916,0.0,0.0,-26.773881621728137,-2.607717563690759,177.1738490192282,Before Launch
254,2025-05-03 22:51:07,14.388,-2.49015756,-2.304,25.898,0.0,0.0,-27.423212672740263,-2.929118800909127,176.7204992765297,Before Launch
255,2025-05-03 22:51:07,14.445,0.33136484,0.39,25.903,0.0,0.0,-27.566992811528515,-2.9870935481672283,176.56644249844024,Before Launch
256,2025-05-03 22:51:07,14.49,-2.0013123999999998,-0.372,25.913,0.0,0.0,-27.50452600401792,-2.9950352666172027,176.4945284467577,Before Launch
257,2025-05-03 22:51:07,14.536,-2.1194226400000002,-0.495,25.916,0.0,0.0,-27.346823485727572,-2.942544173718002,176.54647666163703,Before Launch
258,2025-05-03 22:51:07,14.592,-2.0013123999999998,-0.974,25.908,0.0,0.0,-27.114172703239973,-2.691151818767213,176.8880195551726,Before Launch
259,2025-05-03 22:51:07,14.642,-1.2631234,-0.689,25.905,0.0,0.0,-27.2842342710423,-2.5404994138473733,177.1610294916975,Before Launch
260,2025-05-03 22:51:07,14.688,-1.64042,-0.681,25.903,0.0,0.0,-26.908449309334273,-2.410417846595119,177.18275439138986,Before Launch
261,2025-05-03 22:51:07,14.743,-0.5249344,-0.187,25.913,0.0,0.0,-26.66638482444299,-2.3776271016917825,177.16503092619817,Before Launch
262,2025-05-03 22:51:07,14.798,-0.40682416,0.403,25.908,0.0,0.0,-26.26630464567351,-2.409588155808069,177.05169874862986,Before Launch
263,2025-05-03 22:51:07,14.849,-1.27296592,-0.481,25.905,0.0,0.0,-25.986378678376074,-2.446523177697038,176.86889137021413,Before Launch
264,2025-05-03 22:51:08,14.901,0.43307088,0.744,25.901,0.0,0.0,-26.21870241931405,-2.5104552676872367,176.79445265948252,Before Launch
265,2025-05-03 22:51:08,14.957,-0.53477692,-0.761,25.913,0.0,0.0,-26.456048277558537,-2.5158081219634347,176.8639221461419,Before Launch
266,2025-05-03 22:51:08,15.011,-0.6561680000000001,-0.193,25.908,0.0,0.0,-26.743711108272716,-2.4611920691735794,176.99377915458305,Before Launch
267,2025-05-03 22:51:08,15.06,2.57874024,2.018,25.871,0.0,0.0,-26.996364982676717,-2.3623155001681653,177.0576244044144,Before Launch
268,2025-05-03 22:51:08,15.109,-1.02362208,0.664,25.911,0.0,0.0,-26.871913773046366,-2.2934043185879656,177.16935774705686,Before Launch
269,2025-05-03 22:51:08,15.163,-0.27559056000000004,0.202,25.916,0.0,0.0,-26.62485588344842,-2.214538429122637,177.18109227903477,Before Launch
270,2025-05-03 22:51:08,15.218,-1.02362208,-1.34,25.908,0.0,0.0,-26.669621726704605,-2.2186404024923108,177.22353081544446,Before Launch
271,2025-05-03 22:51:08,15.267,-0.9022310000000001,0.565,25.905,0.0,0.0,-26.327156181360355,-2.1614985995351534,177.2112998464366,Before Launch
272,2025-05-03 22:51:08,15.313,-0.38713912,-0.158,25.918,0.0,0.0,-26.159248104873733,-2.136990321854744,177.2150817938694,Before Launch
273,2025-05-03 22:51:08,15.371,0.5249344,0.725,25.913,0.0,0.0,-25.842829864974423,-2.06062063075718,177.236325059604,Before Launch
274,2025-05-03 22:51:08,15.417,-0.8956693200000001,0.386,25.913,0.0,0.0,-25.69606316162915,-2.0762899681053164,177.2229095340674,Before Launch
275,2025-05-03 22:51:08,15.469,-1.51246724,0.092,25.913,0.0,0.0,-25.793249661582486,-2.1360699269730827,177.06109633061445,Before Launch
276,2025-05-03 22:51:08,15.523,0.33136484,2.005,25.911,0.0,0.0,-25.860361768922203,-2.1802710906461096,176.99803264325456,Before Launch
277,2025-05-03 22:51:08,15.571,0.50524936,1.755,25.876,0.0,0.0,-26.101106438536352,-2.2162433835970994,176.92729910195536,Before Launch
278,2025-05-03 22:51:08,15.618,-1.01377956,0.86,25.913,0.0,0.0,-26.159288639565116,-2.1865569459257332,176.91322736473808,Before Launch
279,2025-05-03 22:51:08,15.673,-2.5984252800000003,-0.084,25.918,0.0,0.0,-26.163883928282377,-2.240802349076039,176.9087664973418,Before Launch
280,2025-05-03 22:51:08,15.721,-2.0013123999999998,-1.828,25.891,0.0,0.0,-26.026484787994548,-2.23889468868102,176.84561761212026,Before Launch
281,2025-05-03 22:51:08,15.773,-0.9022310000000001,0.857,25.905,0.0,0.0,-25.930529076151355,-2.1868853703496964,176.80143441965194,Before Launch
282,2025-05-03 22:51:08,15.828,-1.38451448,0.569,25.916,0.0,0.0,-26.01788004844691,-2.1549006443277787,176.8145675198885,Before Launch
283,2025-05-03 22:51:09,15.886,0.58070868,1.995,25.913,0.0,0.0,-25.913797637817467,-2.152698236693611,176.80691541335685,Before Launch
284,2025-05-03 22:51:09,15.934,-1.24343836,0.015,25.923,0.0,0.0,-25.66893761846608,-2.128526905810476,176.74335675696312,Before Launch
285,2025-05-03 22:51:09,15.978,-3.32677176,-1.307,25.926,0.0,0.0,-25.507103028522522,-2.1129392902933706,176.70305281486202,Before Launch
286,2025-05-03 22:51:09,16.033,-0.64632548,-0.094,25.916,0.0,0.0,-25.465294956674086,-2.1120832167015475,176.70515528824478,Before Launch
287,2025-05-03 22:51:09,16.08,0.04593176,0.353,25.893,0.0,0.0,-25.54941586580795,-2.1053525215715503,176.7129123861306,Before Launch
288,2025-05-03 22:51:09,16.13,-2.34908144,-0.84,25.921,0.0,0.0,-25.58871908142728,-2.0900151537858638,176.69320593140347,Before Launch
289,2025-05-03 22:51:09,16.183,-0.9973753599999999,-1.116,25.923,0.0,0.0,-25.591350370222305,-2.1358760388027975,176.70157285396982,Before Launch
290,2025-05-03 22:51:09,16.228,-0.75787404,-0.176,25.918,0.0,0.0,-25.574996725967974,-2.0846911941793986,176.7011227829678,Before Launch
291,2025-05-03 22:51:09,16.275,-1.7519685600000001,-0.867,25.916,0.0,0.0,-25.675385277303917,-2.0826869787076268,176.68684561310025,Before Launch
292,2025-05-03 22:51:09,16.329,-1.27296592,-3.035,25.905,0.0,0.0,-25.822154446568298,-2.0865538896116704,176.67327832163218,Before Launch
293,2025-05-03 22:51:09,16.379,-1.12532812,-0.08,25.918,0.0,0.0,-25.662034351484024,-2.099360366877602,176.61978347117156,Before Launch
294,2025-05-03 22:51:09,16.434,-1.61417328,-1.053,25.921,0.0,0.0,-25.50489955446457,-2.0699291454666864,176.59711909012586,Before Launch
295,2025-05-03 22:51:09,16.489,-0.75787404,0.209,25.921,0.0,0.0,-25.397403259949005,-2.0678962853706166,176.58695331834568,Before Launch
296,2025-05-03 22:51:09,16.542,-0.15748032,0.584,25.913,0.0,0.0,-25.40140008486998,-2.0911887850694555,176.5872160799466,Before Launch
297,2025-05-03 22:51:09,16.599,-0.30511812,0.064,25.901,0.0,0.0,-25.57729509164046,-2.07970211333575,176.57908092020605,Before Launch
298,2025-05-03 22:51:09,16.644,0.59711288,0.057,25.921,0.0,0.0,-25.569076786375295,-2.085556319058251,176.62124062497077,Before Launch
299,2025-05-03 22:51:09,16.694,-2.8215224,-1.508,25.923,0.0,0.0,-25.4298201294788,-2.1218297827564365,176.60835803512603,Before Launch
300,2025-05-03 22:51:09,16.749,-1.61417328,-0.079,25.921,0.0,0.0,-25.367640474437884,-2.0946418552664907,176.62746038662402,Before Launch
301,2025-05-03 22:51:09,16.795,-0.75787404,-0.856,25.918,0.0,0.0,-25.270092521995338,-2.0554582468779414,176.56536574557742,Before Launch
302,2025-05-03 22:51:09,16.842,-1.12532812,-1.283,25.921,0.0,0.0,-25.281414470021353,-2.025933585453269,176.50397905025338,Before Launch
303,2025-05-03 22:51:10,16.895,-0.8759842800000001,0.108,25.921,0.0,0.0,-25.29305907498397,-2.038892624538754,176.46565642868717,Before Launch
304,2025-05-03 22:51:10,16.951,0.36745408,2.321,25.871,0.0,0.0,-25.292333997390237,-2.0552996533400787,176.40501233552897,Before Launch
305,2025-05-03 22:51:10,16.998,-0.5085302,1.169,25.918,0.0,0.0,-25.262534316258094,-2.0980615996691845,176.34801459921465,Before Launch
306,2025-05-03 22:51:10,17.045,-0.5085302,0.31,25.923,0.0,0.0,-25.265098976760925,-2.1077546308377357,176.35005344213025,Before Launch
307,2025-05-03 22:51:10,17.097,-1.22703416,0.124,25.928,0.0,0.0,-25.227450596108373,-2.1297007086655744,176.30596063666832,Before Launch
308,2025-05-03 22:51:10,17.149,-1.3648294399999998,-1.54,25.923,0.0,0.0,-25.286061350161894,-2.144709996782337,176.29892189415278,Before Launch
309,2025-05-03 22:51:10,17.195,-1.48293968,-0.19,25.928,0.0,0.0,-25.281324698946317,-2.1299420742344353,176.27902478045587,Before Launch
310,2025-05-03 22:51:10,17.248,-1.9652231599999999,1.072,25.928,0.0,0.0,-25.26823993797114,-2.125704994493102,176.21330020938936,Before Launch
311,2025-05-03 22:51:10,17.295,-1.1154856,-0.372,25.926,0.0,0.0,-25.269206724739885,-2.1401472844823264,176.15844576391532,Before Launch
312,2025-05-03 22:51:10,17.343,-1.73228352,-1.408,25.918,0.0,0.0,-25.263006811776954,-2.1505479826062244,176.1176877228096,Before Launch
313,2025-05-03 22:51:10,17.396,-0.62664044,1.361,25.923,0.0,0.0,-25.264703347264746,-2.1737716023497526,176.09566138554382,Before Launch
314,2025-05-03 22:51:10,17.448,-1.9652231599999999,-0.765,25.928,0.0,0.0,-25.320976094427785,-2.1151377299271314,176.09843758017564,Before Launch
315,2025-05-03 22:51:10,17.498,-0.38713912,0.292,25.923,0.0,0.0,-25.244695382899746,-2.0926162897508993,176.15238201869474,Before Launch
316,2025-05-03 22:51:10,17.547,0.37729660000000004,1.674,25.933,0.0,0.0,-25.26195683090655,-2.051857567541031,176.18044097788226,Before Launch
317,2025-05-03 22:51:10,17.602,-0.25918636,0.796,25.916,0.0,0.0,-25.254440339033284,-2.044267433721724,176.21523805908836,Before Launch
318,2025-05-03 22:51:10,17.65,-0.08202100000000001,0.821,25.888,0.0,0.0,-25.23442579793993,-2.092698100367877,176.20148774905277,Before Launch
319,2025-05-03 22:51:10,17.7,-0.97769032,0.503,25.891,0.0,0.0,-25.247051058524526,-2.1068117422497763,176.16413018204557,Before Launch
320,2025-05-03 22:51:10,17.755,-1.3648294399999998,-0.479,25.923,0.0,0.0,-25.258901920111587,-2.11840847496586,176.14904307415145,Before Launch
321,2025-05-03 22:51:10,17.802,0.22965880000000002,0.307,25.921,0.0,0.0,-25.206766447756955,-2.1192552468515764,176.0777380201858,Before Launch
322,2025-05-03 22:51:10,17.85,0.59711288,0.721,25.918,0.0,0.0,-25.166025015973567,-2.1133770736896564,176.03881713272418,Before Launch
323,2025-05-03 22:51:11,17.908,0.45931760000000005,-0.109,25.916,0.0,0.0,-25.1740971513124,-2.123562905806217,176.0239750242298,Before Launch
324,2025-05-03 22:51:11,17.957,-0.25918636,2.029,25.923,0.0,0.0,-25.22312457462164,-2.1530347701317285,175.9875933672925,Before Launch
325,2025-05-03 22:51:11,18.004,-0.25918636,1.08,25.923,0.0,0.0,-25.204396040358226,-2.167513115937578,175.9694678598178,Before Launch
326,2025-05-03 22:51:11,18.061,-1.1154856,-0.282,25.926,0.0,0.0,-25.21396877611066,-2.1560575451087387,175.94985989652275,Before Launch
327,2025-05-03 22:51:11,18.106,-1.73228352,-0.48,25.923,0.0,0.0,-25.220140091470785,-2.1783198418631797,175.91730376424985,Before Launch
328,2025-05-03 22:51:11,18.153,-0.9973753599999999,-0.096,25.928,0.0,0.0,-25.17198218439836,-2.141953413378897,175.97310885895618,Before Launch
329,2025-05-03 22:51:11,18.207,0.10826772,-0.206,25.923,0.0,0.0,-25.185279095612433,-2.1573313346203657,175.95549460854414,Before Launch
330,2025-05-03 22:51:11,18.255,-0.48884516,0.016,25.928,0.0,0.0,-25.23226088483965,-2.165550254259879,175.9588391965466,Before Launch
331,2025-05-03 22:51:11,18.303,-1.59448824,-0.863,25.926,0.0,0.0,-25.227124312757265,-2.1271121846615193,175.96083942842586,Before Launch
332,2025-05-03 22:51:11,18.357,-0.12139108,0.877,25.928,0.0,0.0,-25.22388501810312,-2.121179791387513,175.96836630405267,Before Launch
333,2025-05-03 22:51:11,18.403,-0.3608924,0.801,25.933,0.0,0.0,-25.21220276182874,-2.1326782488204366,175.9474816786954,Before Launch
334,2025-05-03 22:51:11,18.448,-0.25918636,0.977,25.926,0.0,0.0,-25.219920851036665,-2.1412821452753454,175.95138320780111,Before Launch
335,2025-05-03 22:51:11,18.496,-0.72834648,0.991,25.928,0.0,0.0,-25.221288204121375,-2.146482767181312,175.92887462846477,Before Launch
336,2025-05-03 22:51:11,18.541,1.14173232,1.812,25.886,0.0,0.0,-25.197334392748232,-2.158508729527574,175.8888418464675,Before Launch
337,2025-05-03 22:51:11,18.589,-1.9652231599999999,-0.187,25.928,0.0,0.0,-25.226991894897065,-2.2222422877315733,175.8097519042854,Before Launch
338,2025-05-03 22:51:11,18.635,-1.22703416,-0.485,25.928,0.0,0.0,-25.235038531016592,-2.229123864332187,175.79638802095633,Before Launch
339,2025-05-03 22:51:11,18.692,0.35104988,1.862,25.918,0.0,0.0,-25.23859246314015,-2.2183202015094596,175.76178285882767,Before Launch
340,2025-05-03 22:51:11,18.74,-0.62664044,-0.193,25.923,0.0,0.0,-25.21360315834201,-2.1944928933066326,175.7825649696866,Before Launch
341,2025-05-03 22:51:11,18.787,-0.3608924,-0.595,25.933,0.0,0.0,-25.17953455168356,-2.194613970046304,175.7862874049936,Before Launch
342,2025-05-03 22:51:11,18.842,-0.7480315200000001,-0.394,25.926,0.0,0.0,-25.193846978847663,-2.1470128228124676,175.85741210617226,Before Launch
343,2025-05-03 22:51:12,18.889,-1.09580056,-0.818,25.933,0.0,0.0,-25.194895129410224,-2.139562006134951,175.8714458395072,Before Launch
344,2025-05-03 22:51:12,18.935,-2.0833334,-0.895,25.926,0.0,0.0,-25.207337108944916,-2.135369575389164,175.8481779445352,Before Launch
345,2025-05-03 22:51:12,18.994,-1.3451444,0.016,25.93,0.0,0.0,-25.23102998859616,-2.162534242109863,175.81572343699486,Before Launch
346,2025-05-03 22:51:12,19.048,-1.95538064,-1.754,25.93,0.0,0.0,-25.252945578023564,-2.1255344424537013,175.81669287225242,Before Launch
347,2025-05-03 22:51:12,19.101,-1.12532812,-1.377,25.918,0.0,0.0,-25.224832602922717,-2.1394800458651426,175.8388682858379,Before Launch
348,2025-05-03 22:51:12,19.148,-3.07086624,-2.847,25.921,0.0,0.0,-25.22276048972779,-2.118666339361208,175.8218870107619,Before Launch
349,2025-05-03 22:51:12,19.206,-2.2047244800000003,-1.558,25.933,0.0,0.0,-25.20773397098277,-2.1236992054238084,175.83295720472407,Before Launch
350,2025-05-03 22:51:12,19.257,-1.58464572,-1.058,25.923,0.0,0.0,-25.224761543313956,-2.134137169405824,175.85810157961848,Before Launch
351,2025-05-03 22:51:12,19.309,0.00984252,0.902,25.933,0.0,0.0,-25.22382768746925,-2.1397103205695407,175.87145620099963,Before Launch
352,2025-05-03 22:51:12,19.357,-0.61023624,0.897,25.896,0.0,0.0,-25.238621667696908,-2.110432774930524,175.83816491770543,Before Launch
353,2025-05-03 22:51:12,19.409,-1.4665354800000001,-0.374,25.933,0.0,0.0,-25.243545038527635,-2.1174497765925233,175.80471598749958,Before Launch
354,2025-05-03 22:51:12,19.458,-0.85629924,-0.771,25.928,0.0,0.0,-25.213042572981117,-2.1792637537068575,175.77576023775754,Before Launch
355,2025-05-03 22:51:12,19.504,0.10826772,0.478,25.926,0.0,0.0,-25.225728105693314,-2.2027844574862616,175.78196545805935,Before Launch
356,2025-05-03 22:51:12,19.561,-1.22703416,0.292,25.928,0.0,0.0,-25.219337926231997,-2.185227542693107,175.71632716794502,Before Launch
357,2025-05-03 22:51:12,19.608,-0.38713912,-0.212,25.918,0.0,0.0,-25.2026910744295,-2.1899952958546236,175.67518961337345,Before Launch
358,2025-05-03 22:51:12,19.654,-1.1154856,-0.603,25.926,0.0,0.0,-25.225687291022687,-2.227632933696586,175.63675791476874,Before Launch
359,2025-05-03 22:51:12,19.711,-1.59448824,-1.057,25.926,0.0,0.0,-25.249012401207754,-2.2157471496303596,175.6254795645386,Before Launch
360,2025-05-03 22:51:12,19.767,0.47900264,0.95,25.923,0.0,0.0,-25.267224560024342,-2.1825659808828863,175.61741694988285,Before Launch
361,2025-05-03 22:51:12,19.813,-1.24343836,-1.875,25.921,0.0,0.0,-25.29919073838646,-2.172964696688671,175.61843548420788,Before Launch
362,2025-05-03 22:51:12,19.859,-0.37729660000000004,1.25,25.893,0.0,0.0,-25.280461550307006,-2.196801369178385,175.62195499371052,Before Launch
363,2025-05-03 22:51:13,19.92,-0.97769032,0.194,25.93,0.0,0.0,-25.271482517341525,-2.170473318996537,175.64373512183408,Before Launch
364,2025-05-03 22:51:13,19.976,-1.3451444,-1.321,25.933,0.0,0.0,-25.164403295984357,-2.201598614315577,175.65455603907316,Before Launch
365,2025-05-03 22:51:13,20.03,-0.85629924,-0.178,25.928,0.0,0.0,-25.123254903358504,-2.20330638855987,175.64580917050048,Before Launch
366,2025-05-03 22:51:13,20.079,1.8602362799999999,1.719,25.878,0.0,0.0,-25.104621648109557,-2.2014136316523043,175.63252997903226,Before Launch
367,2025-05-03 22:51:13,20.126,-0.85629924,-0.084,25.933,0.0,0.0,-25.118445497926206,-2.18686771915277,175.61454941091512,Before Launch
368,2025-05-03 22:51:13,20.181,-0.85629924,0.185,25.928,0.0,0.0,-25.170658360457796,-2.192533879788604,175.60233810490763,Before Launch
369,2025-05-03 22:51:13,20.226,-1.1154856,0.75,25.926,0.0,0.0,-25.190015848283064,-2.1728512124106554,175.60510568913298,Before Launch
370,2025-05-03 22:51:13,20.276,-1.3451444,0.0,25.93,0.0,0.0,-25.212856940705233,-2.157881941471659,175.61796803687017,Before Launch
371,2025-05-03 22:51:13,20.33,-1.48293968,0.369,25.926,0.0,0.0,-25.23298033095777,-2.1201239209074942,175.6896195051046,Before Launch
372,2025-05-03 22:51:13,20.376,1.75853024,2.262,25.888,0.0,0.0,-25.184115310081978,-2.1327566665810593,175.7070881483592,Before Launch
373,2025-05-03 22:51:13,20.423,-0.37729660000000004,2.113,25.926,0.0,0.0,-25.19718621003548,-2.1227355606720915,175.704864751432,Before Launch
374,2025-05-03 22:51:13,20.475,0.28543308,1.962,25.888,0.0,0.0,-25.2020821008294,-2.112140325072099,175.72575778874872,Before Launch
375,2025-05-03 22:51:13,20.533,-1.71587932,-0.103,25.93,0.0,0.0,-25.20898154500747,-2.1242262118177004,175.67850527545068,Before Launch
376,2025-05-03 22:51:13,20.578,-1.1154856,-0.887,25.873,0.0,0.0,-25.192263019370824,-2.1921527290448997,175.65957365871452,Before Launch
377,2025-05-03 22:51:13,20.632,-0.95800528,-0.273,25.938,0.0,0.0,-25.173833694524742,-2.188209376805994,175.62599193753783,Before Launch
378,2025-05-03 22:51:13,20.681,-0.00984252,1.145,25.926,0.0,0.0,-25.228662091167937,-2.15051433461674,175.60061401139552,Before Launch
379,2025-05-03 22:51:13,20.726,-0.85629924,0.0,25.933,0.0,0.0,-25.25246194899844,-2.166967630388042,175.61030536372732,Before Launch
380,2025-05-03 22:51:13,20.777,-1.3451444,-1.142,25.936,0.0,0.0,-25.774720358370725,-2.0315455014835315,175.93648116185753,Before Launch
381,2025-05-03 22:51:13,20.828,-1.69619428,-0.37,25.938,0.0,0.0,-26.43941040128266,-1.9398029488910034,176.17456952487657,Before Launch
382,2025-05-03 22:51:13,20.878,0.80052496,0.935,25.901,0.0,0.0,-26.615091881072534,-1.925371311619642,176.25135455579382,Before Launch
383,2025-05-03 22:51:14,20.933,-0.47900264,0.498,25.936,0.0,0.0,-26.731952274261026,-1.9869872129667512,176.18394972863524,Before Launch
384,2025-05-03 22:51:14,20.981,-0.48884516,0.871,25.928,0.0,0.0,-26.304816616175813,-2.0209658413893368,176.09438836934416,Before Launch
385,2025-05-03 22:51:14,21.026,-1.58464572,-1.639,25.921,0.0,0.0,-25.880668851224144,-2.0377659757544127,175.96598991965487,Before Launch
386,2025-05-03 22:51:14,21.086,-1.8339895600000002,-0.464,25.933,0.0,0.0,-25.71840901680163,-2.0504799729030174,175.9102231510034,Before Launch
387,2025-05-03 22:51:14,21.133,-2.2047244800000003,-1.434,25.933,0.0,0.0,-25.559460935629883,-2.0489938385254427,175.8403597220971,Before Launch
388,2025-05-03 22:51:14,21.179,-0.84973756,0.102,25.928,0.0,0.0,-25.39007569646729,-2.0793180607157455,175.78332805046804,Before Launch
389,2025-05-03 22:51:14,21.235,-1.3648294399999998,-0.016,25.923,0.0,0.0,-25.330908993187023,-2.089823233655488,175.7423627099782,Before Launch
390,2025-05-03 22:51:14,21.283,-1.44685044,-0.471,25.94,0.0,0.0,-25.249496551021156,-2.0995661462251793,175.7165637517172,Before Launch
391,2025-05-03 22:51:14,21.332,-1.81758536,-2.935,25.943,0.0,0.0,-25.161971994131726,-2.086721799894739,175.71559707641168,Before Launch
392,2025-05-03 22:51:14,21.387,-0.47900264,0.299,25.938,0.0,0.0,-25.14108147432792,-2.1181028643427235,175.65232039635814,Before Launch
393,2025-05-03 22:51:14,21.442,-2.06364836,-0.957,25.938,0.0,0.0,-25.116984283787453,-2.0979866175524746,175.65070845602034,Before Launch
394,2025-05-03 22:51:14,21.49,-1.81758536,-0.555,25.94,0.0,0.0,-25.16311586817086,-2.1163448664705022,175.59035470155928,Before Launch
395,2025-05-03 22:51:14,21.537,-0.11154856,0.978,25.948,0.0,0.0,-25.199049471260157,-2.1397613917222613,175.59792417686566,Before Launch
396,2025-05-03 22:51:14,21.593,-1.1975065999999999,0.226,25.891,0.0,0.0,-25.22743779779711,-2.1286828004279448,175.59641790436152,Before Launch
397,2025-05-03 22:51:14,21.641,-2.3031496799999998,-3.211,25.943,0.0,0.0,-25.238801211096,-2.1460676229711653,175.57295395575017,Before Launch
398,2025-05-03 22:51:14,21.687,0.14763779999999999,0.415,25.938,0.0,0.0,-25.21618975995502,-2.1136629407031924,175.58818398252146,Before Launch
399,2025-05-03 22:51:14,21.732,-1.1975065999999999,-1.18,25.946,0.0,0.0,-25.218651152389018,-2.1135406795903195,175.56327360083617,Before Launch
400,2025-05-03 22:51:14,21.781,-0.71194228,0.804,25.94,0.0,0.0,-25.189769694100402,-2.160249228652901,175.56613236432267,Before Launch
401,2025-05-03 22:51:14,21.835,-1.21719164,-0.081,25.938,0.0,0.0,-25.190781991565768,-2.1583182484811556,175.57022807935587,Before Launch
402,2025-05-03 22:51:15,21.892,1.63057748,2.054,25.946,0.0,0.0,-25.186137692876397,-2.1629891276602082,175.56810926557554,Before Launch
403,2025-05-03 22:51:15,21.937,-1.56824152,-1.241,25.948,0.0,0.0,-25.219742927248113,-2.2086810941727135,175.53346291031838,Before Launch
404,2025-05-03 22:51:15,21.988,-1.81758536,-0.762,25.936,0.0,0.0,-25.215830049168225,-2.2209146757378058,175.50146191563513,Before Launch
405,2025-05-03 22:51:15,22.042,-1.1975065999999999,0.117,25.943,0.0,0.0,-25.236137132720582,-2.2645812581150526,175.4854967836659,Before Launch
406,2025-05-03 22:51:15,22.089,-1.44685044,0.198,25.948,0.0,0.0,-25.25441158428767,-2.237784259131551,175.4607332024137,Before Launch
407,2025-05-03 22:51:15,22.137,-0.34120735999999996,-0.907,25.94,0.0,0.0,-25.267143502895088,-2.2097819794584295,175.44108840132563,Before Launch
408,2025-05-03 22:51:15,22.19,-1.68635176,-0.961,25.946,0.0,0.0,-25.26512952834235,-2.195067847141597,175.45086291180908,Before Launch
409,2025-05-03 22:51:15,22.239,-2.05708668,-1.247,25.946,0.0,0.0,-25.25147966537987,-2.1848716049147168,175.44129619544347,Before Launch
410,2025-05-03 22:51:15,22.284,-0.71194228,0.694,25.94,0.0,0.0,-25.273071963219277,-2.175284050753633,175.45943759847086,Before Launch
411,2025-05-03 22:51:15,22.339,-0.46259843999999994,1.094,25.943,0.0,0.0,-25.267372333112554,-2.1843498992871386,175.4423741651589,Before Launch
412,2025-05-03 22:51:15,22.385,-1.1811023999999999,0.818,25.943,0.0,0.0,-25.30650707547298,-2.1425755049298196,175.4548632013377,Before Launch
413,2025-05-03 22:51:15,22.431,-1.3287402000000001,-0.383,25.94,0.0,0.0,-25.305375278969283,-2.163272233509705,175.50223529806354,Before Launch
414,2025-05-03 22:51:15,22.488,-0.58070868,0.626,25.946,0.0,0.0,-25.292488924415707,-2.149819239959713,175.51556455353676,Before Launch
415,2025-05-03 22:51:15,22.536,0.57086616,1.61,25.905,0.0,0.0,-25.277432744031458,-2.138154093223203,175.56524359905214,Before Launch
416,2025-05-03 22:51:15,22.582,-0.83005252,0.79,25.943,0.0,0.0,-25.293032295171802,-2.1313552028725375,175.5932149867354,Before Launch
417,2025-05-03 22:51:15,22.638,-1.9356955999999998,-1.164,25.943,0.0,0.0,-25.2899969619824,-2.130380979906816,175.57093870471766,Before Launch
418,2025-05-03 22:51:15,22.687,-1.4370079199999999,0.503,25.946,0.0,0.0,-25.308615377703415,-2.125166574050698,175.58797228699305,Before Launch
419,2025-05-03 22:51:15,22.734,-0.83005252,0.794,25.928,0.0,0.0,-25.32890023156504,-2.159907658310552,175.57618100489367,Before Launch
420,2025-05-03 22:51:15,22.789,-0.83005252,-0.574,25.943,0.0,0.0,-25.34226780060748,-2.141406272474051,175.55724838901548,Before Launch
421,2025-05-03 22:51:15,22.848,0.45931760000000005,1.32,25.948,0.0,0.0,-25.346497162685093,-2.173105125142518,175.55497542353683,Before Launch
422,2025-05-03 22:51:16,22.895,-1.8077428400000002,0.395,25.943,0.0,0.0,-25.349699092329576,-2.1594459052240986,175.56960750272546,Before Launch
423,2025-05-03 22:51:16,22.941,1.1515748399999999,0.801,25.893,0.0,0.0,-25.347173428112086,-2.134509023819822,175.56259306038825,Before Launch
424,2025-05-03 22:51:16,22.995,-0.83005252,0.291,25.943,0.0,0.0,-25.36573988553456,-2.146221889301568,175.56534530297301,Before Launch
425,2025-05-03 22:51:16,23.042,-0.46259843999999994,0.198,25.943,0.0,0.0,-25.322121949392965,-2.1451164152063593,175.5584382423746,Before Launch
426,2025-05-03 22:51:16,23.087,-0.4429134,0.618,25.943,0.0,0.0,-25.2479628157382,-2.177395394068558,175.51439258403275,Before Launch
427,2025-05-03 22:51:16,23.144,0.15748032,-1.177,25.93,0.0,0.0,-25.236967336786343,-2.1569797910274042,175.53086391914496,Before Launch
428,2025-05-03 22:51:16,23.194,-1.8077428400000002,-0.191,25.948,0.0,0.0,-25.142418356722953,-2.1390750225950965,175.468642868276,Before Launch
429,2025-05-03 22:51:16,23.238,-0.9514436,0.693,25.936,0.0,0.0,-25.10331290001655,-2.146412408060391,175.4588676619041,Before Launch
430,2025-05-03 22:51:16,23.293,-2.1751969200000003,-0.782,25.948,0.0,0.0,-25.13623058432688,-2.1421578452954466,175.4576385593148,Before Launch
431,2025-05-03 22:51:16,23.341,-0.83005252,0.493,25.921,0.0,0.0,-25.16162197351736,-2.1563146233080968,175.4664618602136,Before Launch
432,2025-05-03 22:51:16,23.386,0.15748032,0.399,25.943,0.0,0.0,-25.20479838866773,-2.151752585230255,175.49142557193167,Before Launch
433,2025-05-03 22:51:16,23.445,-0.83005252,0.682,25.943,0.0,0.0,-25.219531772686455,-2.150070889169705,175.5037029472163,Before Launch
434,2025-05-03 22:51:16,23.491,0.35761156,1.929,25.926,0.0,0.0,-25.177762835166053,-2.1818821495856384,175.50172932849676,Before Launch
435,2025-05-03 22:51:16,23.538,-0.70209976,0.008,25.948,0.0,0.0,-25.182579789496778,-2.1810637980672856,175.50271874349605,Before Launch
436,2025-05-03 22:51:16,23.593,-0.81036748,-0.277,25.948,0.0,0.0,-25.16136705469454,-2.095338348314219,175.641732515949,Before Launch
437,2025-05-03 22:51:16,23.648,-0.09186352,0.862,25.943,0.0,0.0,-25.15390965749965,-2.029361096987478,175.71346821920454,Before Launch
438,2025-05-03 22:51:16,23.695,-0.21325460000000002,0.883,25.938,0.0,0.0,-25.181261438504162,-2.016030171723876,175.8053473977591,Before Launch
439,2025-05-03 22:51:16,23.739,0.40354332,0.787,25.948,0.0,0.0,-25.169950686898744,-1.9764135005723218,175.88594404707084,Before Launch
440,2025-05-03 22:51:16,23.794,0.15748032,-0.329,25.938,0.0,0.0,-25.22721664253747,-1.9187312311663076,175.9854615325106,Before Launch
441,2025-05-03 22:51:16,23.842,-0.4429134,0.307,25.948,0.0,0.0,-25.294482718428807,-1.9292160805543008,175.97157461586838,Before Launch
442,2025-05-03 22:51:17,23.889,-1.66994756,0.212,25.95,0.0,0.0,-25.314674205145007,-1.9691944775031163,175.81059988271002,Before Launch
443,2025-05-03 22:51:17,23.944,0.27559056000000004,1.362,25.943,0.0,0.0,-25.28084294191379,-2.016902741654733,175.741667310405,Before Launch
444,2025-05-03 22:51:17,23.998,-0.46259843999999994,0.291,25.943,0.0,0.0,-25.271077244140155,-2.0631759297149554,175.64998077562203,Before Launch
445,2025-05-03 22:51:17,24.047,-0.31496064,0.409,25.943,0.0,0.0,-25.28960098422251,-2.105927692524973,175.52046999403757,Before Launch
446,2025-05-03 22:51:17,24.098,-0.09186352,-0.441,25.948,0.0,0.0,-25.285104337622077,-2.1284473162886504,175.471497386349,Before Launch
447,2025-05-03 22:51:17,24.153,-2.18503944,-0.3,25.94,0.0,0.0,-25.26819892661776,-2.173817515878373,175.40441790545927,Before Launch
448,2025-05-03 22:51:17,24.203,-0.70209976,-1.469,25.948,0.0,0.0,-25.27822610271941,-2.2372818336208415,175.40266446643568,Before Launch
449,2025-05-03 22:51:17,24.249,-0.34120735999999996,0.39,25.94,0.0,0.0,-25.262336767996945,-2.2093260114896323,175.37881769291454,Before Launch
450,2025-05-03 22:51:17,24.307,-0.4429134,0.016,25.948,0.0,0.0,-25.220533388833267,-2.2225574689186662,175.35805394299535,Before Launch
451,2025-05-03 22:51:17,24.355,0.02624672,0.37,25.946,0.0,0.0,-25.266643304858047,-2.15713837651779,175.37078884250215,Before Launch
452,2025-05-03 22:51:17,24.402,-1.1975065999999999,-1.077,25.943,0.0,0.0,-25.235416450129232,-2.1707903476729897,175.3972444346324,Before Launch
453,2025-05-03 22:51:17,24.457,0.036089239999999995,1.46,25.948,0.0,0.0,-25.235347140587688,-2.1282839425009845,175.43783365839752,Before Launch
454,2025-05-03 22:51:17,24.509,-1.4370079199999999,-0.382,25.948,0.0,0.0,-25.249362168272835,-2.124012116053374,175.47811560493793,Before Launch
455,2025-05-03 22:51:17,24.554,-1.3287402000000001,0.671,25.948,0.0,0.0,-25.188951276210275,-2.12256144267667,175.50403752944575,Before Launch
456,2025-05-03 22:51:17,24.609,-0.70209976,0.101,25.948,0.0,0.0,-25.211450698075712,-2.1289847434846805,175.47424945033046,Before Launch
457,2025-05-03 22:51:17,24.655,-0.70209976,-0.677,25.948,0.0,0.0,-25.245054486927145,-2.146247160665603,175.4711445736538,Before Launch
458,2025-05-03 22:51:17,24.7,-2.05708668,-0.978,25.943,0.0,0.0,-25.245388739879704,-2.10816123698238,175.49552950795436,Before Launch
459,2025-05-03 22:51:17,24.746,-0.83005252,-0.946,25.943,0.0,0.0,-25.276549865442547,-2.1005434423047946,175.52394110439914,Before Launch
460,2025-05-03 22:51:17,24.794,0.17388452,0.697,25.943,0.0,0.0,-25.344097278188027,-2.1144942897117804,175.5520631133416,Before Launch
461,2025-05-03 22:51:17,24.847,0.15748032,0.772,25.946,0.0,0.0,-25.364422065968178,-2.092040775199604,175.59236050839928,Before Launch
462,2025-05-03 22:51:18,24.893,-1.07939636,-0.793,25.94,0.0,0.0,-25.34692017557029,-2.0904777937629255,175.64552595014746,Before Launch
463,2025-05-03 22:51:18,24.939,-0.4429134,-0.185,25.948,0.0,0.0,-25.32582466618677,-2.074058655948178,175.65729234371153,Before Launch
464,2025-05-03 22:51:18,24.996,0.9481627599999999,0.433,25.948,0.0,0.0,-25.333321612057468,-2.107716447471196,175.66817939972165,Before Launch
465,2025-05-03 22:51:18,25.051,-0.19356956,-0.279,25.953,0.0,0.0,-25.328688180624177,-2.0956458493370493,175.65794511263692,Before Launch
466,2025-05-03 22:51:18,25.099,-1.8077428400000002,-1.086,25.948,0.0,0.0,-25.360963463133476,-2.1218746042782732,175.61802451507907,Before Launch
467,2025-05-03 22:51:18,25.149,-0.6824147199999999,0.784,25.955,0.0,0.0,-25.332273112876962,-2.1209165923780775,175.61261045604334,Before Launch
468,2025-05-03 22:51:18,25.2,0.61679792,0.272,25.928,0.0,0.0,-25.349191459462403,-2.098095876281078,175.60669312355347,Before Launch
469,2025-05-03 22:51:18,25.245,-2.1751969200000003,-1.373,25.953,0.0,0.0,-25.334354197042423,-2.108493461165092,175.5719830797202,Before Launch
470,2025-05-03 22:51:18,25.299,-2.2769029599999997,-1.567,25.958,0.0,0.0,-25.36250607829937,-2.082972501593969,175.57160349388045,Before Launch
471,2025-05-03 22:51:18,25.347,-1.06955384,-0.783,25.948,0.0,0.0,-25.305049606543168,-2.0887863621500844,175.5409717559457,Before Launch
472,2025-05-03 22:51:18,25.395,-1.54855648,0.512,25.953,0.0,0.0,-25.263797599867452,-2.114820144806245,175.49888567238466,Before Launch
473,2025-05-03 22:51:18,25.452,0.66272968,1.093,25.955,0.0,0.0,-25.277779347437257,-2.1234899754973466,175.47959110689422,Before Launch
474,2025-05-03 22:51:18,25.501,-1.7880578,-1.156,25.911,0.0,0.0,-25.254797308520665,-2.1472161386825284,175.44281271664255,Before Launch
475,2025-05-03 22:51:18,25.547,-1.66994756,-0.99,25.953,0.0,0.0,-25.245234102488062,-2.1782353318005265,175.43699902924507,Before Launch
476,2025-05-03 22:51:18,25.602,1.39107616,1.094,25.888,0.0,0.0,-25.265949459962183,-2.1811796298035366,175.428208667806,Before Launch
477,2025-05-03 22:51:18,25.649,-0.8038058,0.316,25.958,0.0,0.0,-25.27879899320194,-2.195732099068524,175.40162558336806,Before Launch
478,2025-05-03 22:51:18,25.698,1.8799213199999998,1.486,25.963,0.0,0.0,-25.217310248944962,-2.1744737397513845,175.45394463904333,Before Launch
479,2025-05-03 22:51:18,25.752,0.30183728,1.399,25.958,0.0,0.0,-25.258773478974607,-2.14784683912319,175.46155347712067,Before Launch
480,2025-05-03 22:51:18,25.799,-1.42060372,-0.074,25.955,0.0,0.0,-25.26552022498077,-2.1319137087506803,175.50967195785196,Before Launch
481,2025-05-03 22:51:18,25.845,-0.21325460000000002,0.396,25.901,0.0,0.0,-25.236869813560592,-2.109561046555389,175.5237831050633,Before Launch
482,2025-05-03 22:51:19,25.902,-1.28280844,-0.466,25.96,0.0,0.0,-25.234025914901544,-2.110596792588988,175.50767695065025,Before Launch
483,2025-05-03 22:51:19,25.947,0.19356956,1.805,25.96,0.0,0.0,-25.223304111133476,-2.1245980607679917,175.4841807857676,Before Launch
484,2025-05-03 22:51:19,25.993,-0.8038058,0.021,25.955,0.0,0.0,-25.224647903218347,-2.1382546220057788,175.48554176133277,Before Launch
485,2025-05-03 22:51:19,26.047,-1.7716536,-1.553,25.963,0.0,0.0,-25.22730985693268,-2.16803813312113,175.47445502185977,Before Launch
486,2025-05-03 22:51:19,26.1,-1.65026252,-1.443,25.96,0.0,0.0,-25.229212287408156,-2.1526468584901983,175.49959099283672,Before Launch
487,2025-05-03 22:51:19,26.144,-1.27296592,-0.155,25.968,0.0,0.0,-25.238583269306226,-2.1307019374905805,175.49881633145773,Before Launch
488,2025-05-03 22:51:19,26.19,-1.0334646,-0.472,25.965,0.0,0.0,-25.243512911161968,-2.13141678095794,175.5005478026547,Before Launch
489,2025-05-03 22:51:19,26.238,-1.40091868,-1.891,25.958,0.0,0.0,-25.292092398885874,-2.104414451182567,175.50963669474007,Before Launch
490,2025-05-03 22:51:19,26.292,-1.7716536,-1.272,25.963,0.0,0.0,-25.289963737634686,-2.1103443004327103,175.543532387726,Before Launch
491,2025-05-03 22:51:19,26.35,-1.64042,0.134,25.968,0.0,0.0,-25.297304197412576,-2.1001549848179057,175.54749050344455,Before Launch
492,2025-05-03 22:51:19,26.405,-0.66601052,0.013,25.963,0.0,0.0,-25.306556922305656,-2.12555305684029,175.53169048049148,Before Launch
493,2025-05-03 22:51:19,26.453,-1.52230976,-1.707,25.965,0.0,0.0,-25.267776912115828,-2.1042495858895727,175.52232384292867,Before Launch
494,2025-05-03 22:51:19,26.499,-1.7716536,0.322,25.963,0.0,0.0,-25.251614999641948,-2.092949483845151,175.5124493038857,Before Launch
495,2025-05-03 22:51:19,26.55,-2.01115492,0.212,25.968,0.0,0.0,-25.178453532285655,-2.1058632195217992,175.5235541106272,Before Launch
496,2025-05-03 22:51:19,26.597,-0.5446194400000001,0.42,25.96,0.0,0.0,-25.204801534993862,-2.1084080909953165,175.4827818237413,Before Launch
497,2025-05-03 22:51:19,26.646,2.89370088,3.551,25.921,0.0,0.0,-25.199595235096474,-2.1197973070795455,175.4944009287929,Before Launch
498,2025-05-03 22:51:19,26.698,-1.40091868,-1.656,25.963,0.0,0.0,-25.25122040656334,-2.129592811705569,175.4323542566157,Before Launch
499,2025-05-03 22:51:19,26.745,-1.28280844,0.406,25.96,0.0,0.0,-25.230380390950447,-2.152346920925069,175.40843105567822,Before Launch
500,2025-05-03 22:51:19,26.796,-1.52230976,0.118,25.965,0.0,0.0,-25.20588706816333,-2.148808409184736,175.3289371504212,Before Launch
501,2025-05-03 22:51:19,26.849,-0.66601052,-1.65,25.963,0.0,0.0,-25.19944385307988,-2.152208813839415,175.36124569926596,Before Launch
502,2025-05-03 22:51:20,26.896,0.19356956,0.8,25.96,0.0,0.0,-25.223311606852295,-2.132578810826303,175.40357529478172,Before Launch
503,2025-05-03 22:51:20,26.942,-0.66601052,-2.047,25.965,0.0,0.0,-25.512195862887776,-2.127791723212293,175.45632363010446,Before Launch
504,2025-05-03 22:51:20,26.993,-0.41666668,-0.579,25.965,0.0,0.0,-26.058721544602243,-2.1259800080533044,175.5641432832466,Before Launch
505,2025-05-03 22:51:20,27.042,0.07217847999999999,1.201,25.963,0.0,0.0,-26.386885176580495,-2.1902223538614,175.58146716254257,Before Launch
506,2025-05-03 22:51:20,27.093,-1.40091868,-0.952,25.955,0.0,0.0,-26.395139147796407,-2.1892301705441892,175.65187175640241,Before Launch
507,2025-05-03 22:51:20,27.149,-1.1515748399999999,0.105,25.965,0.0,0.0,-26.13410083925932,-2.238069204071498,175.57576978803252,Before Launch
508,2025-05-03 22:51:20,27.207,-0.29527559999999997,-0.388,25.968,0.0,0.0,-25.962351703194237,-2.189753453792971,175.5631055200092,Before Launch
509,2025-05-03 22:51:20,27.253,1.9258530799999998,2.166,25.908,0.0,0.0,-25.654494292685737,-2.1554987540848605,175.4763868332926,Before Launch
510,2025-05-03 22:51:20,27.303,-2.25721792,-0.387,25.97,0.0,0.0,-25.504961175937257,-2.11724255842429,175.49722818427924,Before Launch
511,2025-05-03 22:51:20,27.358,-1.7519685600000001,-0.081,25.97,0.0,0.0,-25.48310733739828,-2.138937312146609,175.50670009911255,Before Launch
512,2025-05-03 22:51:20,27.405,-2.49015756,-0.965,25.97,0.0,0.0,-25.41981432180818,-2.1237636965498075,175.52287199662274,Before Launch
513,2025-05-03 22:51:20,27.451,-0.29527559999999997,0.585,25.943,0.0,0.0,-25.376369624674368,-2.137669964569087,175.5248212097996,Before Launch
514,2025-05-03 22:51:20,27.507,-2.85761164,-1.148,25.97,0.0,0.0,-25.369660991662094,-2.1521390125154785,175.53663483024076,Before Launch
515,2025-05-03 22:51:20,27.556,-1.17125988,0.475,25.958,0.0,0.0,-25.323400789556334,-2.0777449235848606,175.51146148351629,Before Launch
516,2025-05-03 22:51:20,27.602,-2.13910768,-0.398,25.968,0.0,0.0,-25.290064070499028,-2.0997842887905107,175.51313605368495,Before Launch
517,2025-05-03 22:51:20,27.656,-0.01968504,0.517,25.918,0.0,0.0,-25.298697467013955,-2.1203347957555487,175.47843708447914,Before Launch
518,2025-05-03 22:51:20,27.704,-1.1515748399999999,0.296,25.965,0.0,0.0,-25.31899626930572,-2.1759198254946663,175.46230011231694,Before Launch
519,2025-05-03 22:51:20,27.755,-1.52230976,0.199,25.93,0.0,0.0,-25.296935372355556,-2.1959488825172753,175.44734730436124,Before Launch
520,2025-05-03 22:51:20,27.811,-0.9120735200000001,0.872,25.96,0.0,0.0,-25.285287893583742,-2.1835935013449586,175.45857183644486,Before Launch
521,2025-05-03 22:51:20,27.859,-0.66601052,-0.096,25.955,0.0,0.0,-25.245251005323723,-2.1241056760920856,175.5434318695007,Before Launch
522,2025-05-03 22:51:21,27.903,-1.28280844,-3.323,25.958,0.0,0.0,-25.17430949029922,-2.1212384426602373,175.53666723601023,Before Launch
523,2025-05-03 22:51:21,27.961,-0.12139108,1.013,25.928,0.0,0.0,-25.1394618097367,-2.109817979463358,175.5634896586038,Before Launch
524,2025-05-03 22:51:21,28.005,-1.9094488799999998,-0.497,25.958,0.0,0.0,-25.13225586602577,-2.070491774281608,175.64562031179867,Before Launch
525,2025-05-03 22:51:21,28.051,-1.17125988,0.28,25.958,0.0,0.0,-25.115269220953486,-2.0502779465843615,175.62957106912893,Before Launch
526,2025-05-03 22:51:21,28.103,-1.17125988,-0.403,25.958,0.0,0.0,-25.130558954727473,-2.11256589310463,175.5862677611591,Before Launch
527,2025-05-03 22:51:21,28.15,-0.56430448,-0.604,25.953,0.0,0.0,-25.165207424379986,-2.111750741937771,175.5377500302551,Before Launch
528,2025-05-03 22:51:21,28.2,-0.31496064,0.279,25.955,0.0,0.0,-25.17675208740591,-2.140258638641587,175.53456859735635,Before Launch
529,2025-05-03 22:51:21,28.255,-1.53871396,-0.889,25.958,0.0,0.0,-25.19812122154222,-2.138524161392848,175.53171683796114,Before Launch
530,2025-05-03 22:51:21,28.302,-0.8038058,-0.695,25.953,0.0,0.0,-25.270734301260735,-2.122490270015601,175.52432410825753,Before Launch
531,2025-05-03 22:51:21,28.351,-0.95800528,0.352,25.936,0.0,0.0,-25.305413081952498,-2.1347572735324007,175.509875074507,Before Launch
532,2025-05-03 22:51:21,28.406,-1.9094488799999998,-0.603,25.958,0.0,0.0,-25.33541295082401,-2.122841886305778,175.52035444800504,Before Launch
533,2025-05-03 22:51:21,28.457,-1.42060372,-0.9,25.955,0.0,0.0,-25.371687267714112,-2.121484724145697,175.53024421617806,Before Launch
534,2025-05-03 22:51:21,28.505,-1.7880578,-2.966,25.958,0.0,0.0,-25.394177607783423,-2.099671957739015,175.55856771726016,Before Launch
535,2025-05-03 22:51:21,28.559,-1.66994756,0.468,25.898,0.0,0.0,-25.409809484990266,-2.1262304773955805,175.57508471691153,Before Launch
536,2025-05-03 22:51:21,28.614,-0.81036748,0.75,25.95,0.0,0.0,-25.380901707795985,-2.120043995107565,175.5946652596316,Before Launch
537,2025-05-03 22:51:21,28.66,-1.9192913999999999,0.455,25.95,0.0,0.0,-25.308675986564005,-2.049915940154018,175.58683915229315,Before Launch
538,2025-05-03 22:51:21,28.707,-2.15879272,-1.484,25.905,0.0,0.0,-25.323428039886025,-2.0645908480071795,175.587673658807,Before Launch
539,2025-05-03 22:51:21,28.762,-0.64632548,1.762,25.901,0.0,0.0,-25.302503779113795,-2.102428339928482,175.61102015681715,Before Launch
540,2025-05-03 22:51:21,28.817,-1.28280844,-0.088,25.96,0.0,0.0,-25.236886004376164,-2.130290435321244,175.57075800139265,Before Launch
541,2025-05-03 22:51:21,28.864,-1.17125988,0.767,25.955,0.0,0.0,-25.177142298421458,-2.141977608937081,175.5307149396447,Before Launch
542,2025-05-03 22:51:22,28.909,-2.6541995600000003,-2.103,25.95,0.0,0.0,-25.206477624209885,-2.1508353098371598,175.51153873852647,Before Launch
543,2025-05-03 22:51:22,28.953,-1.54855648,-0.318,25.95,0.0,0.0,-25.168180990378914,-2.1506660874368797,175.4449534046785,Before Launch
544,2025-05-03 22:51:22,28.999,-1.9192913999999999,-0.319,25.95,0.0,0.0,-25.1958511531895,-2.1583570906437997,175.3986761540079,Before Launch
545,2025-05-03 22:51:22,29.054,-0.70209976,0.169,25.948,0.0,0.0,-25.200276707153517,-2.1714671344630845,175.3489585285652,Before Launch
546,2025-05-03 22:51:22,29.101,-1.8077428400000002,-0.919,25.948,0.0,0.0,-25.241911121845312,-2.134756572317722,175.33130087578343,Before Launch
547,2025-05-03 22:51:22,29.148,-1.4370079199999999,-0.124,25.938,0.0,0.0,-25.220834999113766,-2.1767492579376966,175.35444997560592,Before Launch
548,2025-05-03 22:51:22,29.199,-1.3451444,-0.988,25.943,0.0,0.0,-25.242212812570042,-2.1853936319457286,175.40474008883615,Before Launch
549,2025-05-03 22:51:22,29.248,2.2769029599999997,3.368,25.901,0.0,0.0,-25.243110304421617,-2.1722775123516826,175.43920261160557,Before Launch
550,2025-05-03 22:51:22,29.3,-1.44685044,-0.221,25.943,0.0,0.0,-25.271233207203558,-2.162803991627851,175.48489485300763,Before Launch
551,2025-05-03 22:51:22,29.358,-1.56824152,-0.316,25.943,0.0,0.0,-25.267539131966853,-2.160882609458298,175.49394337067127,Before Launch
552,2025-05-03 22:51:22,29.412,-1.1975065999999999,-0.502,25.943,0.0,0.0,-25.31021762985058,-2.191124822586096,175.49773622316695,Before Launch
553,2025-05-03 22:51:22,29.457,-0.71194228,-0.316,25.94,0.0,0.0,-25.339756938747513,-2.1235553788952144,175.53341247748153,Before Launch
554,2025-05-03 22:51:22,29.503,-1.58464572,-0.037,25.933,0.0,0.0,-25.383308820956433,-2.129010613596066,175.55819259626054,Before Launch
555,2025-05-03 22:51:22,29.558,-1.22703416,-0.337,25.928,0.0,0.0,-25.3947884291755,-2.162212566240227,175.56919474475953,Before Launch
556,2025-05-03 22:51:22,29.603,-0.9973753599999999,-0.031,25.943,0.0,0.0,-25.40932994748914,-2.145873441654346,175.53064219080017,Before Launch
557,2025-05-03 22:51:22,29.655,-0.47900264,1.145,25.933,0.0,0.0,-25.36746706542203,-2.1284315060623453,175.54091905191277,Before Launch
558,2025-05-03 22:51:22,29.708,-1.07939636,0.273,25.94,0.0,0.0,-25.345692287844532,-2.128723950185722,175.54480434428922,Before Launch
559,2025-05-03 22:51:22,29.764,-2.0833334,-0.235,25.93,0.0,0.0,-25.287745455548784,-2.1423805349650844,175.53261307362712,Before Launch
560,2025-05-03 22:51:22,29.811,-0.85629924,0.65,25.928,0.0,0.0,-25.270716484415868,-2.113535702392137,175.51733403537298,Before Launch
561,2025-05-03 22:51:22,29.86,-1.9652231599999999,-0.927,25.878,0.0,0.0,-25.252832967458634,-2.106408769510181,175.53830514067658,Before Launch
562,2025-05-03 22:51:23,29.906,-0.7480315200000001,0.94,25.926,0.0,0.0,-25.23889626060834,-2.1184326745767352,175.55939753700181,Before Launch
563,2025-05-03 22:51:23,29.952,-1.8536745999999997,0.245,25.893,0.0,0.0,-25.201539419248096,-2.134923540103332,175.44904801164438,Before Launch
564,2025-05-03 22:51:23,30.007,-1.9652231599999999,-1.059,25.916,0.0,0.0,-25.284051374619345,-2.130805309567284,175.42944570521075,Before Launch
565,2025-05-03 22:51:23,30.057,-1.71587932,-0.349,25.926,0.0,0.0,-25.325762706425014,-2.1435554658360734,175.48046176555462,Before Launch
566,2025-05-03 22:51:23,30.103,-0.85629924,0.254,25.886,0.0,0.0,-25.314319549369884,-2.1273064548409475,175.507080786418,Before Launch
567,2025-05-03 22:51:23,30.162,-1.3648294399999998,1.029,25.911,0.0,0.0,-25.350687844759875,-2.1646556223892155,175.5182041660904,Before Launch
568,2025-05-03 22:51:23,30.219,-1.59448824,-0.036,25.928,0.0,0.0,-25.359609586999035,-2.14314408957132,175.51189821814887,Before Launch
569,2025-05-03 22:51:23,30.264,0.28543308,1.743,25.921,0.0,0.0,-25.350120525135424,-2.1317842666765197,175.5502577854572,Before Launch
570,2025-05-03 22:51:23,30.313,-0.5085302,0.154,25.921,0.0,0.0,-25.352971812062652,-2.1280599668463505,175.5600944058589,Before Launch
571,2025-05-03 22:51:23,30.367,-1.71587932,0.073,25.93,0.0,0.0,-25.38388685378545,-2.0845560032020303,175.5435533163065,Before Launch
572,2025-05-03 22:51:23,30.414,-0.12139108,1.039,25.928,0.0,0.0,-25.35354125909564,-2.1178231088499606,175.56662822675992,Before Launch
573,2025-05-03 22:51:23,30.46,-1.24343836,0.081,25.923,0.0,0.0,-25.35102505632394,-2.1014891053602223,175.59123367731056,Before Launch
574,2025-05-03 22:51:23,30.515,-1.48293968,-2.968,25.926,0.0,0.0,-25.372565881236508,-2.099949363409767,175.5882371319861,Before Launch
575,2025-05-03 22:51:23,30.569,-1.9652231599999999,-0.408,25.928,0.0,0.0,-25.363051790095586,-2.1204363964019457,175.52400250597628,Before Launch
576,2025-05-03 22:51:23,30.617,-1.22703416,0.271,25.928,0.0,0.0,-25.331414250153184,-2.1161081027395094,175.5255764164317,Before Launch
577,2025-05-03 22:51:23,30.666,-2.06364836,-0.691,25.938,0.0,0.0,-25.351711084349052,-2.126998579979034,175.5612631410019,Before Launch
578,2025-05-03 22:51:23,30.719,-1.9652231599999999,-0.993,25.933,0.0,0.0,-25.312898204162313,-2.114838535294571,175.57820665378847,Before Launch
579,2025-05-03 22:51:23,30.767,-1.9652231599999999,-0.301,25.928,0.0,0.0,-25.291357802066248,-2.1286297200276136,175.5909790783364,Before Launch
580,2025-05-03 22:51:23,30.816,-0.7480315200000001,0.381,25.926,0.0,0.0,-25.302407653467423,-2.1308198879969047,175.58124622827333,Before Launch
581,2025-05-03 22:51:23,30.87,-1.48293968,-0.383,25.926,0.0,0.0,-25.347709837457977,-2.1484021912332967,175.56590835614617,Before Launch
582,2025-05-03 22:51:24,30.917,-0.7480315200000001,-0.213,25.926,0.0,0.0,-25.35486256577933,-2.134125003849143,175.55620346856082,Before Launch
583,2025-05-03 22:51:24,30.968,-1.71587932,-0.505,25.926,0.0,0.0,-25.37047017209447,-2.1334932417039845,175.5201420849471,Before Launch
584,2025-05-03 22:51:24,31.024,-0.5085302,1.25,25.921,0.0,0.0,-25.39245354224366,-2.1258101129164664,175.48377136393648,Before Launch
585,2025-05-03 22:51:24,31.07,-0.61023624,0.195,25.93,0.0,0.0,-25.292013019772025,-2.118020739155534,175.43044834535104,Before Launch
586,2025-05-03 22:51:24,31.119,-2.45078748,-0.386,25.928,0.0,0.0,-25.314767384555566,-2.139860733053449,175.42132371220285,Before Launch
587,2025-05-03 22:51:24,31.176,-0.3608924,0.305,25.933,0.0,0.0,-25.305306008421447,-2.195419159963318,175.328910799836,Before Launch
588,2025-05-03 22:51:24,31.225,-2.2047244800000003,-0.276,25.933,0.0,0.0,-25.21242560614931,-2.2745161134707375,175.1829332974725,Before Launch
589,2025-05-03 22:51:24,31.274,-1.7519685600000001,0.168,25.901,0.0,0.0,-25.19930415483849,-2.2696943537246255,175.12178503583877,Before Launch
590,2025-05-03 22:51:24,31.327,-1.3451444,0.292,25.93,0.0,0.0,-25.287113614239388,-2.304663598501737,175.10383665116632,Before Launch
591,2025-05-03 22:51:24,31.383,-0.85629924,0.0,25.928,0.0,0.0,-25.280345447719284,-2.227597468798866,175.26136197734988,Before Launch
592,2025-05-03 22:51:24,31.429,-2.2047244800000003,-0.663,25.93,0.0,0.0,-25.339085506544848,-2.2042472574953536,175.37148331834808,Before Launch
593,2025-05-03 22:51:24,31.477,-1.3451444,0.198,25.93,0.0,0.0,-25.39107551046815,-2.17777248802194,175.41952466620867,Before Launch
594,2025-05-03 22:51:24,31.531,-1.8339895600000002,-1.673,25.918,0.0,0.0,-25.425969661783757,-2.167419980328571,175.42393851174393,Before Launch
595,2025-05-03 22:51:24,31.586,-2.5721785600000002,-1.621,25.928,0.0,0.0,-25.448931126954598,-2.1853202308306696,175.43419831354197,Before Launch
596,2025-05-03 22:51:24,31.635,-0.97769032,0.582,25.93,0.0,0.0,-25.443567635451423,-2.181678904091532,175.4219947435347,Before Launch
597,2025-05-03 22:51:24,31.68,-1.09580056,-0.77,25.933,0.0,0.0,-25.404887360403016,-2.187275280428672,175.42888840185554,Before Launch
598,2025-05-03 22:51:24,31.734,-1.9652231599999999,-0.567,25.936,0.0,0.0,-25.429792912948525,-2.1648280205386965,175.45425918922825,Before Launch
599,2025-05-03 22:51:24,31.782,-2.2047244800000003,-0.57,25.933,0.0,0.0,-25.440563436788544,-2.1800747295987972,175.38733815520405,Before Launch
600,2025-05-03 22:51:24,31.828,-1.48293968,0.383,25.918,0.0,0.0,-25.352090215401507,-2.2062468746374515,175.3534515101069,Before Launch
601,2025-05-03 22:51:24,31.883,-0.84973756,0.298,25.923,0.0,0.0,-25.362931879988086,-2.207974269881361,175.36308754657517,Before Launch
602,2025-05-03 22:51:25,31.93,-1.95538064,0.086,25.933,0.0,0.0,-25.3301258445107,-2.2541431673795747,175.2327572988559,Before Launch
603,2025-05-03 22:51:25,31.977,-2.3326772399999998,-0.292,25.928,0.0,0.0,-25.271428370174508,-2.3031125844571014,175.19701869199096,Before Launch
604,2025-05-03 22:51:25,32.033,-0.48884516,1.166,25.928,0.0,0.0,-25.283547738639147,-2.2898765674834616,175.19212465027047,Before Launch
605,2025-05-03 22:51:25,32.08,0.12795276,0.693,25.93,0.0,0.0,-25.308993961032627,-2.2293785901319865,175.26925967553092,Before Launch
606,2025-05-03 22:51:25,32.125,-0.84973756,0.505,25.923,0.0,0.0,-25.337766171452,-2.2434409521889638,175.29576374868665,Before Launch
607,2025-05-03 22:51:25,32.18,-1.58464572,-0.662,25.938,0.0,0.0,-25.404425844353607,-2.2203196247071846,175.32131769735724,Before Launch
608,2025-05-03 22:51:25,32.234,-1.22703416,0.386,25.928,0.0,0.0,-25.387678972415113,-2.193498649232446,175.38930018609133,Before Launch
609,2025-05-03 22:51:25,32.285,-1.81758536,-1.038,25.94,0.0,0.0,-25.342938206747167,-2.2028492650878935,175.43317124309564,Before Launch
610,2025-05-03 22:51:25,32.329,-1.71587932,-0.878,25.93,0.0,0.0,-25.346479702006633,-2.206694714859615,175.40469982226196,Before Launch
611,2025-05-03 22:51:25,32.384,-1.8536745999999997,0.472,25.926,0.0,0.0,-25.33349552311374,-2.20641504808557,175.41983037264498,Before Launch
612,2025-05-03 22:51:25,32.431,0.49540683999999996,0.682,25.93,0.0,0.0,-25.25740379680855,-2.1758234691613887,175.43330269937178,Before Launch
613,2025-05-03 22:51:25,32.481,-0.62664044,1.256,25.921,0.0,0.0,-25.281533516950876,-2.1905919145106876,175.42922189253017,Before Launch
614,2025-05-03 22:51:25,32.535,-1.8339895600000002,-0.065,25.933,0.0,0.0,-25.292810512340598,-2.1641894461770255,175.46278912186287,Before Launch
615,2025-05-03 22:51:25,32.585,-1.4665354800000001,-0.096,25.923,0.0,0.0,-25.314308463260296,-2.1477916122177687,175.48776092092405,Before Launch
616,2025-05-03 22:51:25,32.632,-1.09580056,-0.192,25.933,0.0,0.0,-25.337379188374776,-2.141274882348054,175.50744261727039,Before Launch
617,2025-05-03 22:51:25,32.679,-2.6902888,-0.388,25.936,0.0,0.0,-25.327802230409834,-2.1412803919917147,175.5025167507662,Before Launch
618,2025-05-03 22:51:25,32.725,-1.71587932,-0.297,25.93,0.0,0.0,-25.352126981709556,-2.136515967006507,175.45837520384978,Before Launch
619,2025-05-03 22:51:25,32.782,1.04002628,2.297,25.928,0.0,0.0,-25.3956367636699,-2.1835866795622563,175.4611199851101,Before Launch
620,2025-05-03 22:51:25,32.836,-0.97769032,1.276,25.93,0.0,0.0,-25.379584990135665,-2.164724163620021,175.4675323694115,Before Launch
621,2025-05-03 22:51:26,32.884,-1.21719164,-0.192,25.936,0.0,0.0,-25.3634766226688,-2.1146707710851254,175.5171051916332,Before Launch
622,2025-05-03 22:51:26,32.933,-1.44685044,-0.28,25.94,0.0,0.0,-25.336239134803186,-2.1186181206584265,175.52185045058127,Before Launch
623,2025-05-03 22:51:26,32.979,-1.56824152,0.319,25.923,0.0,0.0,-25.34021759910781,-2.0958073698928237,175.55638454577368,Before Launch
624,2025-05-03 22:51:26,33.027,-1.3287402000000001,0.704,25.896,0.0,0.0,-25.313185998176678,-2.1045736793550387,175.5622329669336,Before Launch
625,2025-05-03 22:51:26,33.083,-0.5249344,0.763,25.913,0.0,0.0,-25.303882583405674,-2.0940449704159536,175.59568713139745,Before Launch
626,2025-05-03 22:51:26,33.13,-1.21719164,-0.295,25.936,0.0,0.0,-25.36531438915869,-2.1706352872837575,175.57955079802178,Before Launch
627,2025-05-03 22:51:26,33.175,-1.3287402000000001,0.503,25.938,0.0,0.0,-25.322763445946812,-2.1113020575317627,175.60698485242702,Before Launch
628,2025-05-03 22:51:26,33.23,-0.83005252,1.199,25.94,0.0,0.0,-25.3025021302527,-2.090573331334927,175.60487985777704,Before Launch
629,2025-05-03 22:51:26,33.289,0.41338584,0.718,25.893,0.0,0.0,-25.314252710244364,-2.0976205104546572,175.5447203147354,Before Launch
630,2025-05-03 22:51:26,33.34,-0.9514436,-0.857,25.946,0.0,0.0,-24.956317036105425,-2.14216455331032,175.38936189299335,Before Launch
631,2025-05-03 22:51:26,33.386,-0.58070868,0.213,25.946,0.0,0.0,-24.84349761288534,-2.152072874840808,175.39552320376862,Before Launch
632,2025-05-03 22:51:26,33.441,-1.9356955999999998,-0.278,25.943,0.0,0.0,-24.816900943076195,-2.138725602310087,175.39137967813855,Before Launch
633,2025-05-03 22:51:26,33.495,-0.71194228,0.408,25.94,0.0,0.0,-24.84561769743026,-2.121146025546016,175.40187606724012,Before Launch
634,2025-05-03 22:51:26,33.543,-1.56824152,0.198,25.943,0.0,0.0,-24.846860897637207,-2.1320521813545352,175.38584885852654,Before Launch
635,2025-05-03 22:51:26,33.592,-0.0656168,1.307,25.896,0.0,0.0,-24.87717771924898,-2.161498486248517,175.38073946209474,Before Launch
636,2025-05-03 22:51:26,33.651,-1.69619428,0.124,25.938,0.0,0.0,-25.05012635051157,-2.1904292464829322,175.36073692416568,Before Launch
637,2025-05-03 22:51:26,33.701,-2.55249352,-2.4,25.94,0.0,0.0,-25.155073175083235,-2.221656863817442,175.36496096144174,Before Launch
638,2025-05-03 22:51:26,33.75,-0.46259843999999994,0.129,25.943,0.0,0.0,-25.22461022068009,-2.2173651921726227,175.38030216088075,Before Launch
639,2025-05-03 22:51:26,33.804,1.41732288,2.562,25.946,0.0,0.0,-25.250030132032016,-2.208621518359258,175.3749863254506,Before Launch
640,2025-05-03 22:51:26,33.862,-0.09186352,1.076,25.943,0.0,0.0,-25.258280560848092,-2.199321728206973,175.360468211729,Before Launch
641,2025-05-03 22:51:27,33.909,-1.68635176,-0.462,25.946,0.0,0.0,-25.27461416838784,-2.1796276231135185,175.378526249084,Before Launch
642,2025-05-03 22:51:27,33.96,-1.9192913999999999,0.602,25.938,0.0,0.0,-25.24047933988499,-2.135413641335535,175.4219459460445,Before Launch
643,2025-05-03 22:51:27,34.015,-0.9514436,0.593,25.946,0.0,0.0,-25.231005204201047,-2.13802986388124,175.43697859914676,Before Launch
644,2025-05-03 22:51:27,34.063,-1.2992126400000001,-1.826,25.946,0.0,0.0,-25.250126493769212,-2.148612493901026,175.4254321519306,Before Launch
645,2025-05-03 22:51:27,34.108,-2.77559064,-1.413,25.953,0.0,0.0,-25.260834992579518,-2.131542096239341,175.38181361695084,Before Launch
646,2025-05-03 22:51:27,34.165,-1.8077428400000002,-0.461,25.948,0.0,0.0,-25.271100101906477,-2.1171456469557786,175.38958522656534,Before Launch
647,2025-05-03 22:51:27,34.222,-2.28674548,-0.652,25.948,0.0,0.0,-25.28218942520486,-2.17802692092615,175.39724110974208,Before Launch
648,2025-05-03 22:51:27,34.27,-1.4370079199999999,0.102,25.948,0.0,0.0,-25.312037763589785,-2.2031853526441063,175.38903369359195,Before Launch
649,2025-05-03 22:51:27,34.32,-2.3031496799999998,-0.754,25.95,0.0,0.0,-25.31263241280426,-2.2094035896235216,175.38667282849494,Before Launch
650,2025-05-03 22:51:27,34.375,-0.70209976,-0.137,25.948,0.0,0.0,-25.33407687408569,-2.197572001844711,175.3970805586053,Before Launch
651,2025-05-03 22:51:27,34.421,-2.5262468,-1.014,25.955,0.0,0.0,-25.310867952006376,-2.162441745686276,175.4286885708415,Before Launch
652,2025-05-03 22:51:27,34.468,-1.66994756,-0.264,25.946,0.0,0.0,-25.32692597095087,-2.133376808263539,175.47442721500042,Before Launch
653,2025-05-03 22:51:27,34.523,0.47900264,1.012,25.923,0.0,0.0,-25.321012786908422,-2.1192619798642176,175.44807951110107,Before Launch
654,2025-05-03 22:51:27,34.57,-2.89370088,-2.582,25.955,0.0,0.0,-25.30642648490019,-2.141277124115918,175.49197208231675,Before Launch
655,2025-05-03 22:51:27,34.617,-2.54593184,-1.249,25.94,0.0,0.0,-25.29620111961719,-2.1318462962763283,175.49573803988326,Before Launch
656,2025-05-03 22:51:27,34.669,-0.9317585599999999,-0.274,25.953,0.0,0.0,-25.3074936337426,-2.1504724989445756,175.4852402685966,Before Launch
657,2025-05-03 22:51:27,34.718,-1.69619428,0.188,25.938,0.0,0.0,-25.289195936854927,-2.1588751801682764,175.4609504415747,Before Launch
658,2025-05-03 22:51:27,34.764,-1.4370079199999999,-0.571,25.943,0.0,0.0,-25.286658544031063,-2.1633398874677314,175.40468673695582,Before Launch
659,2025-05-03 22:51:27,34.819,-2.4245407599999997,-0.671,25.946,0.0,0.0,-25.249119500101344,-2.1860758079387814,175.39034163560163,Before Launch
660,2025-05-03 22:51:27,34.865,-2.28674548,-1.745,25.95,0.0,0.0,-25.199980298837097,-2.2184507778348204,175.36031726223888,Before Launch
661,2025-05-03 22:51:28,34.914,-1.68635176,0.008,25.896,0.0,0.0,-25.17258986380469,-2.225952765565056,175.35008388834405,Before Launch
662,2025-05-03 22:51:28,34.97,-1.8077428400000002,0.587,25.943,0.0,0.0,-25.206536057668504,-2.219049150749832,175.35825490971527,Before Launch
663,2025-05-03 22:51:28,35.017,-0.71194228,-0.197,25.943,0.0,0.0,-25.2434430899798,-2.2225233807475275,175.36610689329464,Before Launch
664,2025-05-03 22:51:28,35.074,-1.8077428400000002,-2.539,25.948,0.0,0.0,-25.243741005924676,-2.176134085840962,175.41483421291986,Before Launch
665,2025-05-03 22:51:28,35.119,1.02362208,0.887,25.888,0.0,0.0,-25.27862736216053,-2.1730290255104614,175.4435559190948,Before Launch
666,2025-05-03 22:51:28,35.176,-1.68635176,0.0,25.946,0.0,0.0,-25.314202796160988,-2.150378536706163,175.50432873990667,Before Launch
667,2025-05-03 22:51:28,35.225,-1.07939636,0.664,25.94,0.0,0.0,-25.300131100163103,-2.14898200371223,175.53037037392133,Before Launch
668,2025-05-03 22:51:28,35.273,-2.05708668,-0.879,25.938,0.0,0.0,-25.260132788686597,-2.117938279969577,175.54381427684487,Before Launch
669,2025-05-03 22:51:28,35.33,0.37729660000000004,1.323,25.933,0.0,0.0,-25.285662715227453,-2.111231007238223,175.55015955665175,Before Launch
670,2025-05-03 22:51:28,35.387,-3.16272976,-0.303,25.946,0.0,0.0,-25.274275004540186,-2.108804797706474,175.5496176256067,Before Launch
671,2025-05-03 22:51:28,35.436,-1.44685044,0.284,25.908,0.0,0.0,-25.288855226855677,-2.116226704284423,175.51791945071935,Before Launch
672,2025-05-03 22:51:28,35.48,-1.81758536,0.373,25.943,0.0,0.0,-25.29512518668867,-2.13756491078045,175.54886994036147,Before Launch
673,2025-05-03 22:51:28,35.537,-2.2047244800000003,-0.606,25.933,0.0,0.0,-25.284858551877182,-2.12819645734996,175.5442105488106,Before Launch
674,2025-05-03 22:51:28,35.583,-2.3031496799999998,0.0,25.946,0.0,0.0,-25.312281797072924,-2.0943084269482632,175.54191509240667,Before Launch
675,2025-05-03 22:51:28,35.637,-2.6738845999999996,-1.562,25.943,0.0,0.0,-25.34744680198139,-2.0949599847037903,175.57853032553257,Before Launch
676,2025-05-03 22:51:28,35.685,0.09186352,2.071,25.916,0.0,0.0,-25.343243525576362,-2.093877798373969,175.56659047421468,Before Launch
677,2025-05-03 22:51:28,35.732,-1.31889768,0.278,25.946,0.0,0.0,-25.312000869860803,-2.1129416802050036,175.56744425162103,Before Launch
678,2025-05-03 22:51:28,35.777,-1.4665354800000001,-1.551,25.933,0.0,0.0,-25.309491880386886,-2.132682273524356,175.5431066456063,Before Launch
679,2025-05-03 22:51:28,35.823,-1.07939636,1.448,25.94,0.0,0.0,-25.320456820793346,-2.092160019439828,175.54726528275884,Before Launch
680,2025-05-03 22:51:28,35.87,-1.68635176,0.686,25.946,0.0,0.0,-25.29521049427736,-2.0960597735495687,175.53033756279032,Before Launch
681,2025-05-03 22:51:29,35.924,-1.68635176,-0.601,25.946,0.0,0.0,-25.292626719349048,-2.092118122648717,175.53027825684111,Before Launch
682,2025-05-03 22:51:29,35.971,-2.06364836,-0.293,25.943,0.0,0.0,-25.287346356394195,-2.0753003886387544,175.54311343259076,Before Launch
683,2025-05-03 22:51:29,36.021,-1.56824152,-0.104,25.938,0.0,0.0,-25.26876502497093,-2.0975732946949748,175.52338987276414,Before Launch
684,2025-05-03 22:51:29,36.077,-1.44685044,0.777,25.94,0.0,0.0,-25.294540729702796,-2.1495590982107986,175.5190441541504,Before Launch
685,2025-05-03 22:51:29,36.124,-2.55249352,-0.211,25.94,0.0,0.0,-25.31780813363913,-2.10494236008312,175.51726934760023,Before Launch
686,2025-05-03 22:51:29,36.173,-1.9356955999999998,-0.198,25.94,0.0,0.0,-25.329520912218065,-2.13432897875845,175.49838822604713,Before Launch
687,2025-05-03 22:51:29,36.219,-1.3287402000000001,0.384,25.938,0.0,0.0,-25.342568898748148,-2.14055573146003,175.4583182162645,Before Launch
688,2025-05-03 22:51:29,36.267,-0.9514436,-0.192,25.923,0.0,0.0,-25.346232413804344,-2.173879556077551,175.39854394820594,Before Launch
689,2025-05-03 22:51:29,36.324,-1.3287402000000001,0.383,25.938,0.0,0.0,-25.33969396209392,-2.164279468511529,175.3909169106301,Before Launch
690,2025-05-03 22:51:29,36.38,-1.44685044,-1.959,25.94,0.0,0.0,-25.3296806948182,-2.148459296547995,175.35995907339733,Before Launch
691,2025-05-03 22:51:29,36.429,-0.95800528,0.581,25.933,0.0,0.0,-25.334682142396407,-2.161454592771681,175.36782153507033,Before Launch
692,2025-05-03 22:51:29,36.479,-1.8339895600000002,-0.602,25.93,0.0,0.0,-25.33324667893717,-2.1864387287043487,175.34276879111675,Before Launch
693,2025-05-03 22:51:29,36.533,-0.61023624,1.148,25.93,0.0,0.0,-25.318877376357225,-2.1739358411718306,175.35001084769897,Before Launch
694,2025-05-03 22:51:29,36.58,-2.5721785600000002,-2.36,25.936,0.0,0.0,-25.31316272309788,-2.145314985122583,175.41223188500783,Before Launch
695,2025-05-03 22:51:29,36.627,-1.4665354800000001,1.368,25.933,0.0,0.0,-25.334630057825066,-2.1185058526443563,175.40499754907378,Before Launch
696,2025-05-03 22:51:29,36.672,-2.0833334,-0.515,25.93,0.0,0.0,-25.320158465686838,-2.1288934862941127,175.39983501313972,Before Launch
697,2025-05-03 22:51:29,36.718,-1.09580056,0.583,25.933,0.0,0.0,-25.312088388643044,-2.1367740197237697,175.43420849025537,Before Launch
698,2025-05-03 22:51:29,36.774,0.43307088,2.132,25.926,0.0,0.0,-25.311405761875722,-2.163593258975441,175.43151234034272,Before Launch
699,2025-05-03 22:51:29,36.82,-1.07939636,0.989,25.94,0.0,0.0,-25.285843356014603,-2.1755642521328857,175.41062766507952,Before Launch
700,2025-05-03 22:51:29,36.865,1.39107616,3.31,25.938,0.0,0.0,-25.281690700357267,-2.16247226869541,175.39159702125866,Before Launch
701,2025-05-03 22:51:30,36.913,-1.22703416,-1.074,25.901,0.0,0.0,-25.287291428204284,-2.119286832493963,175.41969454640866,Before Launch
702,2025-05-03 22:51:30,36.959,-1.4665354800000001,-0.12,25.933,0.0,0.0,-25.308746799924712,-2.1130838977089623,175.46739778527186,Before Launch
703,2025-05-03 22:51:30,37.004,-0.34120735999999996,0.917,25.94,0.0,0.0,-25.332640049331385,-2.1165674684451914,175.58297492839492,Before Launch
704,2025-05-03 22:51:30,37.051,-1.4665354800000001,-0.315,25.933,0.0,0.0,-25.342190244716342,-2.106329345297223,175.61386263226456,Before Launch
705,2025-05-03 22:51:30,37.105,-2.43438328,-0.606,25.938,0.0,0.0,-25.323067425000282,-2.0765234040439835,175.65424922934452,Before Launch
706,2025-05-03 22:51:30,37.152,-0.23950132,1.178,25.93,0.0,0.0,-25.33699851762725,-2.043863836136381,175.65845050208935,Before Launch
707,2025-05-03 22:51:30,37.199,-0.09186352,1.606,25.943,0.0,0.0,-25.341861172430317,-2.0167683954075497,175.6906693330936,Before Launch
708,2025-05-03 22:51:30,37.246,-1.44685044,0.099,25.94,0.0,0.0,-25.325434608392644,-2.038858283292801,175.6648407302639,Before Launch
709,2025-05-03 22:51:30,37.294,0.14763779999999999,1.31,25.938,0.0,0.0,-25.27461578235911,-2.101329445245135,175.63462600392214,Before Launch
710,2025-05-03 22:51:30,37.349,-2.05708668,0.404,25.946,0.0,0.0,-25.330243011805564,-2.0880249463476868,175.64063802996915,Before Launch
711,2025-05-03 22:51:30,37.405,-2.6738845999999996,-0.599,25.948,0.0,0.0,-25.364290089349694,-2.0663168007376695,175.63195590269964,Before Launch
712,2025-05-03 22:51:30,37.452,-0.72834648,0.487,25.933,0.0,0.0,-25.39868679776022,-2.079105697467968,175.60711995816246,Before Launch
713,2025-05-03 22:51:30,37.499,-0.9514436,0.0,25.936,0.0,0.0,-25.38339873901882,-2.1254095696323203,175.57465309866797,Before Launch
714,2025-05-03 22:51:30,37.553,0.6725722,1.628,25.943,0.0,0.0,-25.38256604111908,-2.1101241850010646,175.57024666801283,Before Launch
715,2025-05-03 22:51:30,37.602,-0.9514436,0.405,25.946,0.0,0.0,-25.388392972385052,-2.128309668923156,175.56754277116715,Before Launch
716,2025-05-03 22:51:30,37.647,-2.5262468,-1.288,25.955,0.0,0.0,-25.37269256169149,-2.1316449689679318,175.53092455131835,Before Launch
717,2025-05-03 22:51:30,37.691,-1.9094488799999998,-0.062,25.953,0.0,0.0,-25.377011490227787,-2.0735244925682332,175.5553576811538,Before Launch
718,2025-05-03 22:51:30,37.739,-3.02493448,-2.002,25.943,0.0,0.0,-25.3178726971175,-2.1394753247661895,175.53768581083085,Before Launch
719,2025-05-03 22:51:30,37.794,-2.92322844,-0.289,25.94,0.0,0.0,-25.341843243238184,-2.15951585828114,175.52803495225996,Before Launch
720,2025-05-03 22:51:30,37.839,-1.4370079199999999,0.024,25.948,0.0,0.0,-25.35044517934655,-2.1825984363822237,175.4965141906216,Before Launch
721,2025-05-03 22:51:31,37.895,-1.4665354800000001,0.504,25.933,0.0,0.0,-25.321038868013133,-2.120878943895914,175.51646990802791,Before Launch
722,2025-05-03 22:51:31,37.939,-1.56824152,-0.387,25.953,0.0,0.0,-25.36955651589382,-2.086831964652705,175.54983191907547,Before Launch
723,2025-05-03 22:51:31,37.998,-2.2769029599999997,-2.214,25.958,0.0,0.0,-25.39683223095554,-2.0772333119626016,175.55468436368974,Before Launch
724,2025-05-03 22:51:31,38.055,-0.23950132,0.68,25.93,0.0,0.0,-25.417614171870504,-2.0753129908811867,175.56178919789326,Before Launch
725,2025-05-03 22:51:31,38.103,-0.48884516,-1.519,25.928,0.0,0.0,-25.418245833908667,-2.0976848699633455,175.57439564690827,Before Launch
726,2025-05-03 22:51:31,38.148,-2.1751969200000003,-0.768,25.953,0.0,0.0,-25.373086678583984,-2.135796997496841,175.59552756810436,Before Launch
727,2025-05-03 22:51:31,38.204,-1.44685044,0.016,25.94,0.0,0.0,-25.34178868715788,-2.1227965825977235,175.59138200209418,Before Launch
728,2025-05-03 22:51:31,38.251,-0.81036748,-0.376,25.95,0.0,0.0,-25.354393099238585,-2.0865293601477046,175.57043820035076,Before Launch
729,2025-05-03 22:51:31,38.297,-1.42060372,0.037,25.955,0.0,0.0,-25.34127473030441,-2.127028947248592,175.52407077789104,Before Launch
730,2025-05-03 22:51:31,38.352,-0.4429134,1.597,25.953,0.0,0.0,-25.338432736900835,-2.128299477722009,175.51084225304788,Before Launch
731,2025-05-03 22:51:31,38.399,-2.0177166,-1.426,25.96,0.0,0.0,-25.334606710233388,-2.1208467738653844,175.4736263379781,Before Launch
732,2025-05-03 22:51:31,38.446,-1.2992126400000001,-0.968,25.953,0.0,0.0,-25.335578396125626,-2.148579749572728,175.4665974601345,Before Launch
733,2025-05-03 22:51:31,38.501,-1.31889768,0.102,25.948,0.0,0.0,-25.291291505587687,-2.1420214745478936,175.47959169547684,Before Launch
734,2025-05-03 22:51:31,38.549,-1.4370079199999999,-1.263,25.948,0.0,0.0,-25.24644273098417,-2.1576624176476336,175.49397685196448,Before Launch
735,2025-05-03 22:51:31,38.595,-1.66994756,0.311,25.953,0.0,0.0,-25.244780850763973,-2.1518353286775644,175.4844073303895,Before Launch
736,2025-05-03 22:51:31,38.648,0.9481627599999999,2.914,25.913,0.0,0.0,-25.244100026228537,-2.168645224320641,175.49336998165066,Before Launch
737,2025-05-03 22:51:31,38.696,0.05577428,0.63,25.955,0.0,0.0,-25.247043772879564,-2.1597427656427115,175.48058948938706,Before Launch
738,2025-05-03 22:51:31,38.743,-1.4370079199999999,-0.39,25.948,0.0,0.0,-25.275209603791037,-2.143450099268332,175.47749434459791,Before Launch
739,2025-05-03 22:51:31,38.799,-1.7880578,-1.975,25.95,0.0,0.0,-25.29956399739289,-2.1645373896926854,175.45366941091987,Before Launch
740,2025-05-03 22:51:31,38.845,-1.2992126400000001,-0.28,25.953,0.0,0.0,-25.331041233741743,-2.1876610730761876,175.3923687442737,Before Launch
741,2025-05-03 22:51:32,38.902,-1.42060372,0.881,25.955,0.0,0.0,-25.36527069096834,-2.176181560142405,175.39181622765938,Before Launch
742,2025-05-03 22:51:32,38.948,-2.03740164,-0.102,25.886,0.0,0.0,-25.3653924074924,-2.18876783205361,175.3932720919261,Before Launch
743,2025-05-03 22:51:32,39.006,-2.38845152,0.502,25.953,0.0,0.0,-25.392704503539353,-2.1758942843925047,175.3653846049001,Before Launch
744,2025-05-03 22:51:32,39.059,-1.4370079199999999,1.175,25.948,0.0,0.0,-25.360491499240453,-2.118052121139614,175.422201496566,Before Launch
745,2025-05-03 22:51:32,39.11,-0.70209976,0.578,25.948,0.0,0.0,-25.308826128638927,-2.1431740899313376,175.47808393708732,Before Launch
746,2025-05-03 22:51:32,39.162,-0.58070868,0.699,25.946,0.0,0.0,-25.315946325412533,-2.1343495629075595,175.47946877985936,Before Launch
747,2025-05-03 22:51:32,39.212,-2.4245407599999997,-0.673,25.95,0.0,0.0,-25.294753305573135,-2.1190241112530828,175.49968554883617,Before Launch
748,2025-05-03 22:51:32,39.261,-1.06955384,0.956,25.948,0.0,0.0,-25.310506304511257,-2.1262839925599004,175.5409509897322,Before Launch
749,2025-05-03 22:51:32,39.309,-0.9317585599999999,-0.552,25.953,0.0,0.0,-25.279227654932647,-2.1431566462329266,175.53625464215867,Before Launch
750,2025-05-03 22:51:32,39.367,-1.4370079199999999,-0.75,25.948,0.0,0.0,-25.27870481494885,-2.1224836173118353,175.55817068871428,Before Launch
751,2025-05-03 22:51:32,39.414,-0.9317585599999999,0.982,25.953,0.0,0.0,-25.235280608241954,-2.121108849658005,175.56324759936788,Before Launch
752,2025-05-03 22:51:32,39.461,-1.66994756,-0.177,25.953,0.0,0.0,-25.21557884622635,-2.099437926731162,175.5290637161773,Before Launch
753,2025-05-03 22:51:32,39.514,-2.40485572,-1.262,25.95,0.0,0.0,-25.253973461381957,-2.5378263142819857,174.69282014653382,Before Launch
754,2025-05-03 22:51:32,39.572,-1.54855648,-0.1,25.95,0.0,0.0,-25.287198545453197,-2.7096454962045478,174.32801667376606,Before Launch
755,2025-05-03 22:51:32,39.618,-0.58070868,-0.109,25.946,0.0,0.0,-26.413134830371625,-2.890514358877392,174.1621891754806,Before Launch
756,2025-05-03 22:51:32,39.67,-1.1811023999999999,0.658,25.95,0.0,0.0,-27.003873975929505,-2.8254377172662153,174.46545459291528,Before Launch
757,2025-05-03 22:51:32,39.719,1.41732288,2.134,25.903,0.0,0.0,-27.155228604652645,-2.6833218786934045,174.7782507800883,Before Launch
758,2025-05-03 22:51:32,39.771,-0.56430448,0.594,25.943,0.0,0.0,-26.84740163171634,-2.4588266178025417,175.126846287191,Before Launch
759,2025-05-03 22:51:32,39.821,-0.56430448,0.686,25.948,0.0,0.0,-26.312626191132875,-2.3398089145006886,175.2522996040788,Before Launch
760,2025-05-03 22:51:32,39.87,-0.12139108,1.215,25.928,0.0,0.0,-26.070605944081592,-2.3078937984719112,175.31920456974203,Before Launch
761,2025-05-03 22:51:33,39.926,-1.68635176,-2.061,25.946,0.0,0.0,-25.70173711543472,-2.2384703808171595,175.3819281296231,Before Launch
762,2025-05-03 22:51:33,39.979,-2.28674548,-1.826,25.95,0.0,0.0,-25.476709843520155,-2.2095493402778956,175.37900603016666,Before Launch
763,2025-05-03 22:51:33,40.03,-1.4370079199999999,0.0,25.948,0.0,0.0,-25.372965750209758,-2.18161022772696,175.38257568567047,Before Launch
764,2025-05-03 22:51:33,40.08,-1.06955384,0.561,25.953,0.0,0.0,-25.345705436414146,-2.1765048560817157,175.38750042967538,Before Launch
765,2025-05-03 22:51:33,40.133,-2.64435704,-1.044,25.958,0.0,0.0,-25.341685307301173,-2.1828311778386604,175.3941384078402,Before Launch
766,2025-05-03 22:51:33,40.183,-0.46259843999999994,0.748,25.943,0.0,0.0,-25.31222107583648,-2.204222981409555,175.41037815776625,Before Launch
767,2025-05-03 22:51:33,40.229,-1.44685044,0.461,25.94,0.0,0.0,-25.310792253773723,-2.169738604739739,175.40772036288007,Before Launch
768,2025-05-03 22:51:33,40.284,-2.4245407599999997,-0.028,25.946,0.0,0.0,-25.320993793206704,-2.153109995181969,175.40752352331333,Before Launch
769,2025-05-03 22:51:33,40.333,-2.03740164,-0.471,25.953,0.0,0.0,-25.310352518036613,-2.184184972758151,175.46209216996485,Before Launch
770,2025-05-03 22:51:33,40.379,-2.28674548,-1.249,25.95,0.0,0.0,-25.321679282265066,-2.1907269084134655,175.47368509759806,Before Launch
771,2025-05-03 22:51:33,40.438,-0.09186352,0.383,25.943,0.0,0.0,-25.311348948435672,-2.1429716646254087,175.47371292027492,Before Launch
772,2025-05-03 22:51:33,40.483,-1.4370079199999999,0.777,25.938,0.0,0.0,-25.286801791127424,-2.164830450716476,175.45216361439313,Before Launch
773,2025-05-03 22:51:33,40.53,-1.9192913999999999,-0.67,25.95,0.0,0.0,-25.29163991338687,-2.1634712169267436,175.4664690842774,Before Launch
774,2025-05-03 22:51:33,40.584,-1.1975065999999999,-0.208,25.943,0.0,0.0,-25.294165376797427,-2.163577660065383,175.48796419451392,Before Launch
775,2025-05-03 22:51:33,40.634,-0.40682416,0.813,25.883,0.0,0.0,-25.27014252411553,-2.13763985441669,175.48512225258526,Before Launch
776,2025-05-03 22:51:33,40.68,-0.34120735999999996,0.466,25.94,0.0,0.0,-25.319819527529106,-2.1585348332454144,175.5066761421012,Before Launch
777,2025-05-03 22:51:33,40.734,-0.21325460000000002,1.144,25.946,0.0,0.0,-25.280726877048956,-2.162403560168759,175.45691252599988,Before Launch
778,2025-05-03 22:51:33,40.786,-0.83005252,1.238,25.943,0.0,0.0,-25.252872213744617,-2.1682273368628286,175.44326046554647,Before Launch
779,2025-05-03 22:51:33,40.83,2.47047252,3.195,25.94,0.0,0.0,-25.29403093723342,-2.1605325777382642,175.45685492518245,Before Launch
780,2025-05-03 22:51:34,40.885,0.14763779999999999,0.575,25.938,0.0,0.0,-25.28835094412506,-2.171290530467497,175.41261263969176,Before Launch
781,2025-05-03 22:51:34,40.935,-1.31889768,-0.109,25.946,0.0,0.0,-25.292431249699497,-2.137646844785242,175.4025835591882,Before Launch
782,2025-05-03 22:51:34,40.98,-3.02493448,-3.523,25.95,0.0,0.0,-25.276962729358203,-2.1829048579888926,175.39663967672578,Before Launch
783,2025-05-03 22:51:34,41.036,-2.4245407599999997,-1.471,25.946,0.0,0.0,-25.30413988987537,-2.2123780621063944,175.38444993344243,Before Launch
784,2025-05-03 22:51:34,41.082,-1.54855648,-0.781,25.943,0.0,0.0,-25.307710553977667,-2.189399532577384,175.35336559878567,Before Launch
785,2025-05-03 22:51:34,41.131,-2.92322844,-2.222,25.94,0.0,0.0,-25.34071807772468,-2.219691572504158,175.37046935243032,Before Launch
786,2025-05-03 22:51:34,41.188,-2.1751969200000003,-0.387,25.948,0.0,0.0,-25.355213317522164,-2.1888721135825624,175.36491354448003,Before Launch
787,2025-05-03 22:51:34,41.235,-1.68635176,0.478,25.946,0.0,0.0,-25.377507590116625,-2.1786422684519438,175.38089615292733,Before Launch
788,2025-05-03 22:51:34,41.283,-1.44685044,-0.008,25.943,0.0,0.0,-25.37264775273314,-2.18742668048563,175.42090055498556,Before Launch
789,2025-05-03 22:51:34,41.338,-1.68635176,-0.49,25.946,0.0,0.0,-25.37284054616053,-2.175152328012798,175.44763824770553,Before Launch
790,2025-05-03 22:51:34,41.385,-2.1751969200000003,0.375,25.948,0.0,0.0,-25.356035342152595,-2.1460968721068308,175.47836381602502,Before Launch
791,2025-05-03 22:51:34,41.434,-1.56824152,-0.884,25.943,0.0,0.0,-25.346862697183717,-2.1427387372219227,175.46838808468493,Before Launch
792,2025-05-03 22:51:34,41.479,-1.06955384,0.302,25.95,0.0,0.0,-25.30440417510117,-2.1518626488974024,175.47081045336444,Before Launch
793,2025-05-03 22:51:34,41.527,1.04002628,2.787,25.896,0.0,0.0,-25.301362833367342,-2.167942414771392,175.45511935610423,Before Launch
794,2025-05-03 22:51:34,41.58,1.5583989999999999,2.884,25.911,0.0,0.0,-25.33822847914959,-2.1566662613066407,175.48488485993582,Before Launch
795,2025-05-03 22:51:34,41.628,-2.6541995600000003,-0.294,25.95,0.0,0.0,-25.362491032279383,-2.186601177787232,175.46626399370427,Before Launch
796,2025-05-03 22:51:34,41.673,-1.4370079199999999,-1.089,25.913,0.0,0.0,-25.338895140272577,-2.22451074697563,175.4523616348946,Before Launch
797,2025-05-03 22:51:34,41.729,-0.9514436,0.39,25.94,0.0,0.0,-25.352311613672313,-2.2151050448230962,175.46914865498894,Before Launch
798,2025-05-03 22:51:34,41.776,-0.71194228,0.969,25.948,0.0,0.0,-25.348693572951227,-2.156767830035948,175.51794428873498,Before Launch
799,2025-05-03 22:51:34,41.822,-1.81758536,-0.501,25.94,0.0,0.0,-25.318572369941865,-2.1422265696450107,175.52907810121857,Before Launch
800,2025-05-03 22:51:34,41.876,-1.1811023999999999,-0.623,25.95,0.0,0.0,-25.347745669286926,-2.1134223698453427,175.57863238370126,Before Launch
801,2025-05-03 22:51:35,41.927,-0.58070868,-0.192,25.946,0.0,0.0,-25.345197120502494,-2.0935342005259385,175.58577398628336,Before Launch
802,2025-05-03 22:51:35,41.972,-1.8077428400000002,-1.288,25.943,0.0,0.0,-25.376912501285545,-2.0771493314647045,175.5864128326243,Before Launch
803,2025-05-03 22:51:35,42.029,-2.1751969200000003,-1.082,25.948,0.0,0.0,-25.380248327073026,-2.0802326302013667,175.57544562832913,Before Launch
804,2025-05-03 22:51:35,42.075,-2.4245407599999997,-3.932,25.946,0.0,0.0,-25.34652075888381,-2.0545270713785557,175.56590255217233,Before Launch
805,2025-05-03 22:51:35,42.121,-1.06955384,-0.985,25.95,0.0,0.0,-25.331000939627717,-2.1080477648284166,175.58493922071386,Before Launch
806,2025-05-03 22:51:35,42.175,-1.4370079199999999,-0.095,25.948,0.0,0.0,-25.342170587279554,-2.073863859293386,175.5502048102952,Before Launch
807,2025-05-03 22:51:35,42.225,2.4770342,4.419,25.881,0.0,0.0,-25.317310880285476,-2.040167712988028,175.53652818250373,Before Launch
808,2025-05-03 22:51:35,42.269,-1.17125988,1.016,25.948,0.0,0.0,-25.32523258345007,-2.054639195547959,175.57178306074178,Before Launch
809,2025-05-03 22:51:35,42.326,-0.33136484,0.978,25.958,0.0,0.0,-25.298480688300135,-2.073128090774427,175.564861425173,Before Launch
810,2025-05-03 22:51:35,42.375,-1.2992126400000001,1.305,25.953,0.0,0.0,-25.29654379670085,-2.089818994008285,175.54252134404553,Before Launch
811,2025-05-03 22:51:35,42.423,-0.70209976,1.193,25.938,0.0,0.0,-25.314096332400815,-2.1233779632161585,175.51163959212448,Before Launch
812,2025-05-03 22:51:35,42.479,-1.8077428400000002,-0.098,25.948,0.0,0.0,-25.31546111139436,-2.1467355477098677,175.51353719622887,Before Launch
813,2025-05-03 22:51:35,42.526,-1.54855648,-0.082,25.953,0.0,0.0,-25.275842863263435,-2.137278192892601,175.48401618593755,Before Launch
814,2025-05-03 22:51:35,42.572,-1.9356955999999998,-0.202,25.95,0.0,0.0,-25.280553831142964,-2.092253995167961,175.45823081576285,Before Launch
815,2025-05-03 22:51:35,42.626,-0.9317585599999999,1.002,25.953,0.0,0.0,-25.277448200154755,-2.1101682655389924,175.4579302753583,Before Launch
816,2025-05-03 22:51:35,42.674,-0.4429134,0.908,25.95,0.0,0.0,-25.259603612429796,-2.170668331699609,175.43298177995862,Before Launch
817,2025-05-03 22:51:35,42.72,-1.54855648,-0.386,25.946,0.0,0.0,-25.300709110273047,-2.1539323404258983,175.43278480722347,Before Launch
818,2025-05-03 22:51:35,42.775,-1.06955384,-1.69,25.95,0.0,0.0,-25.331665134272583,-2.1511250095706727,175.4307500808735,Before Launch
819,2025-05-03 22:51:35,42.82,-1.1811023999999999,-2.209,25.953,0.0,0.0,-25.357600807952323,-2.145373157476932,175.42907322706694,Before Launch
820,2025-05-03 22:51:35,42.871,-2.89370088,-0.193,25.958,0.0,0.0,-25.35815671028748,-2.126887529112959,175.44790806454503,Before Launch
821,2025-05-03 22:51:36,42.927,-0.56430448,0.696,25.948,0.0,0.0,-25.319565527499464,-2.1620484325920484,175.4762131659063,Before Launch
822,2025-05-03 22:51:36,42.981,-0.8038058,0.118,25.948,0.0,0.0,-25.328529434851497,-2.165034983138559,175.4928080732557,Before Launch
823,2025-05-03 22:51:36,43.028,-1.0498688,-0.27,25.95,0.0,0.0,-25.322560180041286,-2.14799982459935,175.54968674532088,Before Launch
824,2025-05-03 22:51:36,43.073,-1.9192913999999999,-0.081,25.95,0.0,0.0,-25.293398089378805,-2.110271641850882,175.59096004799753,Before Launch
825,2025-05-03 22:51:36,43.128,-0.70209976,0.383,25.948,0.0,0.0,-25.327528163253263,-2.0891038299002473,175.58959527323418,Before Launch
826,2025-05-03 22:51:36,43.176,-0.46259843999999994,0.095,25.948,0.0,0.0,-25.264090847289694,-2.12786097980059,175.5085390551521,Before Launch
827,2025-05-03 22:51:36,43.225,1.4370079199999999,2.59,25.95,0.0,0.0,-25.241451263204212,-2.126343831712304,175.48409905234533,Before Launch
828,2025-05-03 22:51:36,43.279,-0.4429134,1.386,25.95,0.0,0.0,-25.247940193966414,-2.1286939410113876,175.48664950095912,Before Launch
829,2025-05-03 22:51:36,43.328,-1.66994756,0.602,25.953,0.0,0.0,-25.195901116390786,-2.1535190721124997,175.48179618911317,Before Launch
830,2025-05-03 22:51:36,43.373,-0.33136484,0.59,25.948,0.0,0.0,-25.19866549123299,-2.1389289938206324,175.50074455178552,Before Launch
831,2025-05-03 22:51:36,43.427,-0.81036748,0.501,25.95,0.0,0.0,-25.23326443158574,-2.141505547025872,175.5471980534304,Before Launch
832,2025-05-03 22:51:36,43.477,-0.83005252,-2.641,25.943,0.0,0.0,-25.280415459415728,-2.0800885350750873,175.61376019529786,Before Launch
833,2025-05-03 22:51:36,43.522,-1.06955384,0.081,25.95,0.0,0.0,-25.285341249902828,-2.045685695194418,175.64114399108027,Before Launch
834,2025-05-03 22:51:36,43.58,-1.06955384,-0.589,25.95,0.0,0.0,-25.27524654870614,-2.0516619568677372,175.6223375832924,Before Launch
835,2025-05-03 22:51:36,43.628,-2.54593184,-0.995,25.948,0.0,0.0,-25.294025617412355,-2.0703921907016993,175.59701786129915,Before Launch
836,2025-05-03 22:51:36,43.675,-1.81758536,-0.891,25.94,0.0,0.0,-25.266805878217596,-2.1028981176839787,175.56679076886763,Before Launch
837,2025-05-03 22:51:36,43.729,-1.54855648,0.207,25.893,0.0,0.0,-25.300172025682375,-2.109997851777907,175.52682947365582,Before Launch
838,2025-05-03 22:51:36,43.775,-1.4370079199999999,0.089,25.948,0.0,0.0,-25.308456443933295,-2.1317876071563986,175.49310371336117,Before Launch
839,2025-05-03 22:51:36,43.824,-2.1751969200000003,-0.191,25.921,0.0,0.0,-25.31219204973119,-2.1824375195629964,175.47419176737674,Before Launch
840,2025-05-03 22:51:36,43.88,-1.66994756,-0.589,25.953,0.0,0.0,-25.331590818357554,-2.1673938016110132,175.48534390567443,Before Launch
841,2025-05-03 22:51:37,43.935,-1.54855648,-0.877,25.95,0.0,0.0,-25.41178900230113,-2.127806334129245,175.5059854423445,Before Launch
842,2025-05-03 22:51:37,43.982,-1.66994756,-0.096,25.953,0.0,0.0,-25.40248194118732,-2.151493528716914,175.49086808489264,Before Launch
843,2025-05-03 22:51:37,44.03,-2.40485572,-1.064,25.953,0.0,0.0,-25.424461037319613,-2.1490182635920863,175.50208123322525,Before Launch
844,2025-05-03 22:51:37,44.085,-1.4370079199999999,-0.202,25.95,0.0,0.0,-25.403483623605535,-2.174154108947882,175.47598706827029,Before Launch
845,2025-05-03 22:51:37,44.132,-0.9317585599999999,1.556,25.946,0.0,0.0,-25.371017724816856,-2.148787889194601,175.46756536551584,Before Launch
846,2025-05-03 22:51:37,44.179,-1.9094488799999998,-1.074,25.958,0.0,0.0,-25.339823242580955,-2.1363903219106715,175.48971098074168,Before Launch
847,2025-05-03 22:51:37,44.235,-0.4429134,0.288,25.95,0.0,0.0,-25.32620056369558,-2.136549666431269,175.49798259208956,Before Launch
848,2025-05-03 22:51:37,44.283,-2.15879272,-0.884,25.955,0.0,0.0,-25.30057236923854,-2.1468679299864095,175.48950799305553,Before Launch
849,2025-05-03 22:51:37,44.332,-1.54855648,0.294,25.95,0.0,0.0,-25.273082319623533,-2.151868229097836,175.5044809576347,Before Launch
850,2025-05-03 22:51:37,44.387,-0.9317585599999999,-0.182,25.953,0.0,0.0,-25.254711775003358,-2.1347897192272556,175.4981357657197,Before Launch
851,2025-05-03 22:51:37,44.434,-1.4370079199999999,-0.775,25.948,0.0,0.0,-25.271511566513293,-2.1140695349570047,175.54728818243765,Before Launch
852,2025-05-03 22:51:37,44.485,-0.56430448,-1.588,25.943,0.0,0.0,-25.240704883271533,-2.0723635411604846,175.58735897565873,Before Launch
853,2025-05-03 22:51:37,44.536,-1.53871396,-0.872,25.958,0.0,0.0,-25.26698036795354,-2.059896245473249,175.58945508761016,Before Launch
854,2025-05-03 22:51:37,44.583,0.036089239999999995,1.359,25.948,0.0,0.0,-25.23511917770409,-2.0721795220073305,175.57927757104872,Before Launch
855,2025-05-03 22:51:37,44.628,-0.9317585599999999,-0.478,25.943,0.0,0.0,-25.25486230230367,-2.064078020373595,175.552281450229,Before Launch
856,2025-05-03 22:51:37,44.686,-1.44685044,-0.506,25.95,0.0,0.0,-25.23216303233633,-2.072002688540361,175.56206685154703,Before Launch
857,2025-05-03 22:51:37,44.735,-1.69619428,-0.689,25.955,0.0,0.0,-25.29781045129808,-2.0927193576627414,175.56309923290894,Before Launch
858,2025-05-03 22:51:37,44.781,-2.28674548,-0.967,25.95,0.0,0.0,-25.299814177156513,-2.100110752900987,175.59135783252145,Before Launch
859,2025-05-03 22:51:37,44.827,-1.9094488799999998,-0.674,25.958,0.0,0.0,-25.247701868288583,-2.0753492381459586,175.63377829904846,Before Launch
860,2025-05-03 22:51:38,44.884,-1.31889768,0.977,25.953,0.0,0.0,-25.28080860092909,-2.060695088128208,175.6372070961433,Before Launch
861,2025-05-03 22:51:38,44.93,-2.1751969200000003,-0.285,25.94,0.0,0.0,-25.27375028079528,-2.0028372101302825,175.62323249153138,Before Launch
862,2025-05-03 22:51:38,44.986,-0.31496064,0.981,25.955,0.0,0.0,-25.268871788251968,-2.0235403385417063,175.6095264603201,Before Launch
863,2025-05-03 22:51:38,45.033,-0.4429134,0.79,25.95,0.0,0.0,-25.282850180025232,-2.1035611379529175,175.51710889891777,Before Launch
864,2025-05-03 22:51:38,45.079,-1.1811023999999999,0.792,25.948,0.0,0.0,-25.28929190349567,-2.118674046250439,175.47117820624754,Before Launch
865,2025-05-03 22:51:38,45.133,-0.21325460000000002,1.163,25.946,0.0,0.0,-25.270155924469897,-2.1494505108886157,175.44691334797008,Before Launch
866,2025-05-03 22:51:38,45.179,-1.06955384,0.385,25.95,0.0,0.0,-25.29084200996107,-2.1610396532494622,175.42910679392105,Before Launch
867,2025-05-03 22:51:38,45.224,-0.58070868,0.877,25.936,0.0,0.0,-25.288281375822745,-2.1459903598006673,175.4288183487094,Before Launch
868,2025-05-03 22:51:38,45.282,-0.46259843999999994,1.551,25.943,0.0,0.0,-25.289584423520093,-2.121345348366144,175.46036536520478,Before Launch
869,2025-05-03 22:51:38,45.332,-0.71194228,0.581,25.94,0.0,0.0,-25.31583666463806,-2.152959104232827,175.46693519260867,Before Launch
870,2025-05-03 22:51:38,45.381,-0.46259843999999994,0.376,25.938,0.0,0.0,-25.343479935172642,-2.1332670922872525,175.49148896797973,Before Launch
871,2025-05-03 22:51:38,45.437,-0.34120735999999996,1.247,25.94,0.0,0.0,-25.322590604347457,-2.1348745638133155,175.49662649500246,Before Launch
872,2025-05-03 22:51:38,45.488,-0.33136484,0.089,25.948,0.0,0.0,-25.24515377676653,-2.153641362319533,175.52420425705014,Before Launch
873,2025-05-03 22:51:38,45.535,-1.1975065999999999,0.768,25.946,0.0,0.0,-25.19714789370766,-2.089466987755161,175.54380093392123,Before Launch
874,2025-05-03 22:51:38,45.591,-1.06955384,0.38,25.948,0.0,0.0,-25.284642440229565,-2.0438214024663055,175.54973140744372,Before Launch
875,2025-05-03 22:51:38,45.645,-1.1811023999999999,-0.198,25.95,0.0,0.0,-25.234702217301713,-2.0351655297477893,175.56150014324422,Before Launch
876,2025-05-03 22:51:38,45.695,-0.8038058,0.502,25.958,0.0,0.0,-25.26174500237251,-2.1010788026814757,175.54026733185907,Before Launch
877,2025-05-03 22:51:38,45.744,-0.58070868,-0.013,25.946,0.0,0.0,-25.269245572947153,-2.1263456107662577,175.54726885449034,Before Launch
878,2025-05-03 22:51:38,45.795,-1.4370079199999999,0.081,25.948,0.0,0.0,-25.330440887608226,-2.2475437903941358,175.30991762227106,Before Launch
879,2025-05-03 22:51:38,45.844,0.15748032,0.096,25.946,0.0,0.0,-25.363982918917028,-2.3492999248454662,175.06497876588728,Before Launch
880,2025-05-03 22:51:39,45.893,-0.33136484,0.475,25.948,0.0,0.0,-25.515288667889987,-2.39043720658179,175.0416203459623,Before Launch
881,2025-05-03 22:51:39,45.947,-1.8077428400000002,-0.286,25.948,0.0,0.0,-25.566764309858627,-2.3311161791902144,175.2343992670835,Before Launch
882,2025-05-03 22:51:39,45.997,-2.79199484,-0.868,25.946,0.0,0.0,-25.593226463917876,-2.208988648952065,175.51094777121142,Before Launch
883,2025-05-03 22:51:39,46.043,-0.09186352,1.739,25.938,0.0,0.0,-25.54444435143862,-2.150873207799401,175.5840304238246,Before Launch
884,2025-05-03 22:51:39,46.099,-2.03740164,-0.101,25.953,0.0,0.0,-25.50770190702356,-2.1457685512124236,175.6059738546722,Before Launch
885,2025-05-03 22:51:39,46.145,-0.64632548,0.533,25.938,0.0,0.0,-25.470318764609544,-2.1495032474625835,175.5791767597696,Before Launch
886,2025-05-03 22:51:39,46.19,-0.05577428,1.682,25.943,0.0,0.0,-25.42358820773211,-2.1441903752270717,175.58447993895828,Before Launch
887,2025-05-03 22:51:39,46.246,-0.70209976,-0.307,25.94,0.0,0.0,-25.41600808878952,-2.132775014546537,175.57865323424477,Before Launch
888,2025-05-03 22:51:39,46.302,-0.61023624,-0.132,25.946,0.0,0.0,-25.443519957698395,-2.1136228063935394,175.5626974424946,Before Launch
889,2025-05-03 22:51:39,46.352,0.036089239999999995,0.956,25.943,0.0,0.0,-25.427456511063557,-2.111046298935436,175.56913128811902,Before Launch
890,2025-05-03 22:51:39,46.402,-1.9356955999999998,-1.357,25.946,0.0,0.0,-25.36863519511618,-2.0932974607365424,175.57257022204016,Before Launch
891,2025-05-03 22:51:39,46.457,-1.56824152,-0.39,25.943,0.0,0.0,-25.346115765265992,-2.090409652374619,175.5793739170127,Before Launch
892,2025-05-03 22:51:39,46.502,0.58070868,0.909,25.946,0.0,0.0,-25.3305580644806,-2.1167367917148887,175.55836474147577,Before Launch
893,2025-05-03 22:51:39,46.552,-0.71194228,-0.196,25.94,0.0,0.0,-25.26329083237464,-2.1471898469507984,175.48191567983582,Before Launch
894,2025-05-03 22:51:39,46.605,-1.3287402000000001,-0.485,25.938,0.0,0.0,-25.278133970111107,-2.1256643119928733,175.45185445267904,Before Launch
895,2025-05-03 22:51:39,46.652,-1.58464572,-0.883,25.936,0.0,0.0,-25.311561383764673,-2.174243562775417,175.43347256095618,Before Launch
896,2025-05-03 22:51:39,46.697,-1.1975065999999999,-0.68,25.901,0.0,0.0,-25.284073784379007,-2.156103170263687,175.41923211175862,Before Launch
897,2025-05-03 22:51:39,46.751,-0.48884516,-0.125,25.928,0.0,0.0,-25.261756321018673,-2.1415626929061267,175.42466964114882,Before Launch
898,2025-05-03 22:51:39,46.796,-0.97769032,0.174,25.94,0.0,0.0,-25.299497966151236,-2.1171106956728436,175.42720515527677,Before Launch
899,2025-05-03 22:51:39,46.841,-1.3451444,-0.22,25.93,0.0,0.0,-25.336049222971027,-2.1151831184572076,175.41360787560717,Before Launch
900,2025-05-03 22:51:40,46.886,-0.83005252,0.283,25.928,0.0,0.0,-25.362159459450112,-2.1246791745521145,175.43217140398886,Before Launch
901,2025-05-03 22:51:40,46.932,-2.06364836,-1.018,25.938,0.0,0.0,-25.396876898191007,-2.1367388293706746,175.44780935111487,Before Launch
902,2025-05-03 22:51:40,46.99,-0.95800528,-0.303,25.938,0.0,0.0,-25.391895513500874,-2.117589194360764,175.4755775294053,Before Launch
903,2025-05-03 22:51:40,47.043,-0.3608924,0.862,25.94,0.0,0.0,-25.374915033360345,-2.1539066117968937,175.46210917890807,Before Launch
904,2025-05-03 22:51:40,47.09,-1.21719164,-1.103,25.938,0.0,0.0,-25.333539003820167,-2.1401334546467123,175.4647859402935,Before Launch
905,2025-05-03 22:51:40,47.141,-0.5905511999999999,-0.208,25.938,0.0,0.0,-25.338032432594176,-2.1518857222476826,175.51984420968617,Before Launch
906,2025-05-03 22:51:40,47.194,-0.95800528,0.681,25.938,0.0,0.0,-25.31647480770106,-2.1675166478674974,175.5253320935727,Before Launch
907,2025-05-03 22:51:40,47.25,-0.48884516,1.838,25.933,0.0,0.0,-25.29738360833164,-2.136369828287743,175.52271470205915,Before Launch
908,2025-05-03 22:51:40,47.297,-0.47900264,-0.309,25.936,0.0,0.0,-25.306418858788778,-2.0989699962643753,175.53112402425745,Before Launch
909,2025-05-03 22:51:40,47.344,-1.09580056,0.756,25.928,0.0,0.0,-25.287440720978154,-2.1020035710455893,175.53719803200107,Before Launch
910,2025-05-03 22:51:40,47.399,-0.5905511999999999,0.044,25.936,0.0,0.0,-25.284516660091047,-2.1146571997177226,175.53464919624972,Before Launch
911,2025-05-03 22:51:40,47.446,-1.21719164,-0.925,25.936,0.0,0.0,-25.28294857395409,-2.1544175789703397,175.4528390620133,Before Launch
912,2025-05-03 22:51:40,47.493,0.02624672,0.584,25.93,0.0,0.0,-25.32558682638962,-2.1611727961461935,175.42066235094924,Before Launch
913,2025-05-03 22:51:40,47.556,-0.48884516,0.097,25.928,0.0,0.0,-25.31218933206702,-2.189899171468253,175.40419193064452,Before Launch
914,2025-05-03 22:51:40,47.606,0.45931760000000005,0.338,25.928,0.0,0.0,-25.288302006956574,-2.165035212087086,175.39226402626485,Before Launch
915,2025-05-03 22:51:40,47.663,-0.84973756,0.861,25.936,0.0,0.0,-25.266348528811555,-2.143114016243152,175.44721359330893,Before Launch
916,2025-05-03 22:51:40,47.709,0.25590552,1.457,25.936,0.0,0.0,-25.257670522340884,-2.1233339901764867,175.47880335235757,Before Launch
917,2025-05-03 22:51:40,47.754,0.25590552,-0.259,25.938,0.0,0.0,-25.265311718528732,-2.133696764791118,175.49066467152318,Before Launch
918,2025-05-03 22:51:40,47.807,-0.95800528,-0.196,25.938,0.0,0.0,-25.228843273922834,-2.1475098146802605,175.526490681657,Before Launch
919,2025-05-03 22:51:40,47.857,-1.3287402000000001,0.0,25.938,0.0,0.0,-25.25254947318458,-2.0984728238811323,175.54417572475145,Before Launch
920,2025-05-03 22:51:41,47.91,-0.84973756,0.584,25.936,0.0,0.0,-25.23418428289439,-2.1154406746708854,175.58209331017258,Before Launch
921,2025-05-03 22:51:41,47.96,0.00984252,0.956,25.938,0.0,0.0,-25.20965834122972,-2.1229245592793937,175.51052700471726,Before Launch
922,2025-05-03 22:51:41,48.014,-1.3451444,-0.678,25.93,0.0,0.0,-25.220344987944234,-2.1130197481851245,175.47722909150977,Before Launch
923,2025-05-03 22:51:41,48.068,0.8825459600000001,1.462,25.938,0.0,0.0,-25.240270743556565,-2.1400114412060978,175.47040760192675,Before Launch
924,2025-05-03 22:51:41,48.114,1.50262472,2.237,25.94,0.0,0.0,-25.23341993763102,-2.1396257289192495,175.4400865599915,Before Launch
925,2025-05-03 22:51:41,48.169,1.7880578,2.041,25.943,0.0,0.0,-25.25916094299592,-2.124330306911365,175.42447300497415,Before Launch
926,2025-05-03 22:51:41,48.217,0.15748032,1.729,25.946,0.0,0.0,-25.27566341541994,-2.1681875558712993,175.40280305048006,Before Launch
927,2025-05-03 22:51:41,48.267,-1.8077428400000002,-0.665,25.946,0.0,0.0,-25.318360279764654,-2.1830873991397,175.4030296281334,Before Launch
928,2025-05-03 22:51:41,48.321,-1.06955384,-0.555,25.948,0.0,0.0,-25.26583905040497,-2.137423769282684,175.450080146128,Before Launch
929,2025-05-03 22:51:41,48.369,-0.58070868,0.498,25.946,0.0,0.0,-25.30428651245458,-2.234382426254042,175.44601940412394,Before Launch
930,2025-05-03 22:51:41,48.414,-0.85629924,-0.209,25.943,0.0,0.0,-25.441199564673923,-2.2374872060255004,175.4238176587834,Before Launch
931,2025-05-03 22:51:41,48.468,-1.06955384,-0.088,25.948,0.0,0.0,-25.78313585324386,-2.2979813966011022,175.30579808335048,Before Launch
932,2025-05-03 22:51:41,48.517,-0.09186352,0.313,25.943,0.0,0.0,-26.100382738998395,-2.3339951367579745,175.20179781309508,Before Launch
933,2025-05-03 22:51:41,48.566,-0.34120735999999996,0.109,25.94,0.0,0.0,-26.331734317653183,-2.5824156493685537,175.085887837261,Before Launch
934,2025-05-03 22:51:41,48.623,0.40354332,1.172,25.943,0.0,0.0,-26.041498090272416,-2.4018850392173006,175.1156975283049,Before Launch
935,2025-05-03 22:51:41,48.673,-0.70209976,-0.088,25.948,0.0,0.0,-26.460945436310023,-2.5263382186043293,175.2933594945768,Before Launch
936,2025-05-03 22:51:41,48.723,0.15748032,1.076,25.946,0.0,0.0,-27.269341884775073,-1.2999153121420175,177.46398825161444,Before Launch
937,2025-05-03 22:51:41,48.772,-1.1811023999999999,-0.944,25.94,0.0,0.0,-27.693464924544145,-0.6864139578007227,178.58376019568072,Before Launch
938,2025-05-03 22:51:41,48.829,-1.31889768,-0.652,25.94,0.0,0.0,-27.633616814788585,-0.5201797954355868,178.922560118161,Before Launch
939,2025-05-03 22:51:42,48.884,-0.33136484,-0.619,25.948,0.0,0.0,-26.171262982589973,-0.7637282183720167,178.37083129279512,Before Launch
940,2025-05-03 22:51:42,48.933,-0.9514436,-0.08,25.946,0.0,0.0,-25.51870540355705,-1.2175791677603847,177.3003888111112,Before Launch
941,2025-05-03 22:51:42,48.981,0.14763779999999999,-0.085,25.938,0.0,0.0,-25.1684502576111,-1.5971579014826702,176.52587913467892,Before Launch
942,2025-05-03 22:51:42,49.037,-0.58070868,-0.652,25.946,0.0,0.0,-25.17872771207525,-1.8937782648576396,175.88550556029446,Before Launch
943,2025-05-03 22:51:42,49.094,-0.25918636,0.543,25.923,0.0,0.0,-25.242299718669035,-2.0198966992452685,175.70162822879763,Before Launch
944,2025-05-03 22:51:42,49.139,-0.5905511999999999,0.576,25.938,0.0,0.0,-25.352477300419725,-2.1490157541047963,175.412177975429,Before Launch
945,2025-05-03 22:51:42,49.186,0.27559056000000004,0.882,25.948,0.0,0.0,-25.326808341026883,-2.2561314035817,175.20607369016133,Before Launch
946,2025-05-03 22:51:42,49.239,-0.70209976,-0.557,25.948,0.0,0.0,-25.328037703163734,-2.2901811499834666,175.15979066381823,Before Launch
947,2025-05-03 22:51:42,49.287,-0.46259843999999994,0.693,25.943,0.0,0.0,-25.361187495539383,-2.30909772765229,175.08957050218788,Before Launch
948,2025-05-03 22:51:42,49.334,-0.09186352,-0.77,25.94,0.0,0.0,-25.303124089168076,-2.277323476058055,175.17241820752525,Before Launch
949,2025-05-03 22:51:42,49.388,-1.06955384,-2.019,25.948,0.0,0.0,-25.280188414637426,-2.2440316694103726,175.23736189715532,Before Launch
950,2025-05-03 22:51:42,49.443,0.7185039599999999,-0.84,25.918,0.0,0.0,-25.241491754978217,-2.206692502915367,175.36178741942172,Before Launch
951,2025-05-03 22:51:42,49.494,-0.33136484,-0.383,25.948,0.0,0.0,-25.249612061783587,-2.134942863195989,175.4432961514932,Before Launch
952,2025-05-03 22:51:42,49.544,0.15748032,1.539,25.933,0.0,0.0,-25.235102897162424,-2.0970263476106967,175.52344908852896,Before Launch
953,2025-05-03 22:51:42,49.6,-0.33136484,0.577,25.948,0.0,0.0,-25.238773263740466,-2.0659568060541917,175.552863025078,Before Launch
954,2025-05-03 22:51:42,49.655,0.77427824,1.054,25.948,0.0,0.0,-25.222263059097383,-2.1359310522160664,175.54900538761422,Before Launch
955,2025-05-03 22:51:42,49.706,0.5249344,1.069,25.946,0.0,0.0,-25.236748607827543,-2.112451301624998,175.58008209476563,Before Launch
956,2025-05-03 22:51:42,49.756,-0.83005252,0.186,25.94,0.0,0.0,-25.20490080389904,-2.0984292063129684,175.5560146639907,Before Launch
957,2025-05-03 22:51:42,49.81,-0.21325460000000002,-0.094,25.946,0.0,0.0,-25.196202831154036,-2.1052009721547993,175.53509791299751,Before Launch
958,2025-05-03 22:51:42,49.856,0.37729660000000004,0.557,25.938,0.0,0.0,-25.252319768449613,-2.139371683389059,175.54030784007722,Before Launch
959,2025-05-03 22:51:43,49.9,-0.34120735999999996,-0.583,25.94,0.0,0.0,-25.266323190542565,-2.122036190180697,175.54494160982426,Before Launch
960,2025-05-03 22:51:43,49.954,1.01377956,1.339,25.95,0.0,0.0,-25.27663516792438,-2.1150723283155246,175.557267910847,Before Launch
961,2025-05-03 22:51:43,49.999,0.89238848,0.576,25.94,0.0,0.0,-25.257870376225576,-2.0626928444708983,175.56387763089816,Before Launch
962,2025-05-03 22:51:43,50.053,-1.06955384,0.087,25.948,0.0,0.0,-25.268537017751452,-2.085608531042658,175.59701822271015,Before Launch
963,2025-05-03 22:51:43,50.101,-0.21325460000000002,0.869,25.95,0.0,0.0,-25.259685281980417,-2.0768488340638203,175.6199319146088,Before Launch
964,2025-05-03 22:51:43,50.146,-0.58070868,-0.198,25.946,0.0,0.0,-25.238690410844356,-2.048534424972584,175.6361574414937,Before Launch
965,2025-05-03 22:51:43,50.191,-0.6824147199999999,0.214,25.955,0.0,0.0,-25.26901897601432,-2.093218658620507,175.61280193572088,Before Launch
966,2025-05-03 22:51:43,50.238,-1.1811023999999999,-1.057,25.95,0.0,0.0,-25.29513255027114,-2.085575760825145,175.63830987451544,Before Launch
967,2025-05-03 22:51:43,50.292,-1.2992126400000001,-0.573,25.953,0.0,0.0,-25.281219320385723,-2.0810104384371924,175.6272448833513,Before Launch
968,2025-05-03 22:51:43,50.34,1.6568242,1.538,25.886,0.0,0.0,-25.280265756224683,-2.1021408048921857,175.59162229389923,Before Launch
969,2025-05-03 22:51:43,50.387,-0.58070868,0.008,25.948,0.0,0.0,-25.27819103978209,-2.0555838332705605,175.6034753501807,Before Launch
970,2025-05-03 22:51:43,50.441,-1.07939636,-1.08,25.94,0.0,0.0,-25.274459810872408,-2.066452079846611,175.5849081330567,Before Launch
971,2025-05-03 22:51:43,50.488,0.17388452,0.701,25.921,0.0,0.0,-25.241550301810427,-2.06469800599261,175.6049239271,Before Launch
972,2025-05-03 22:51:43,50.533,-1.9192913999999999,-1.169,25.95,0.0,0.0,-25.263352861588253,-2.071558368502826,175.5986381752855,Before Launch
973,2025-05-03 22:51:43,50.589,0.036089239999999995,0.102,25.948,0.0,0.0,-25.31123106843857,-2.0775118372115395,175.59484109542768,Before Launch
974,2025-05-03 22:51:43,50.636,-0.4429134,0.502,25.95,0.0,0.0,-25.389936774147877,-2.0129771313446745,175.60870800440298,Before Launch
975,2025-05-03 22:51:43,50.681,-1.53871396,-1.823,25.958,0.0,0.0,-25.371244034659693,-2.0407571485159277,175.59997852199973,Before Launch
976,2025-05-03 22:51:43,50.734,-0.56430448,-0.188,25.95,0.0,0.0,-25.40599987047921,-2.1071254407109237,175.56644825307896,Before Launch
977,2025-05-03 22:51:43,50.785,-1.66994756,-1.473,25.953,0.0,0.0,-25.32966940804401,-2.142134076803681,175.45466999206573,Before Launch
978,2025-05-03 22:51:43,50.836,-1.06955384,-0.597,25.94,0.0,0.0,-25.292286678964434,-2.1315042307803704,175.45183882331804,Before Launch
979,2025-05-03 22:51:44,50.89,1.1515748399999999,0.306,25.93,0.0,0.0,-25.25829316087858,-2.1371367539052,175.43517385654857,Before Launch
980,2025-05-03 22:51:44,50.945,-0.40682416,-0.752,25.911,0.0,0.0,-25.190059692658927,-2.2233849611875005,175.35604762207473,Before Launch
981,2025-05-03 22:51:44,51.0,-0.8038058,0.021,25.928,0.0,0.0,-25.216606007560586,-2.2236323454004037,175.37408752572588,Before Launch
982,2025-05-03 22:51:44,51.045,-0.6824147199999999,-0.38,25.953,0.0,0.0,-25.23255604379031,-2.1809149898003293,175.36841037855828,Before Launch
983,2025-05-03 22:51:44,51.102,0.05577428,-0.258,25.936,0.0,0.0,-25.26019514137503,-2.1730060264713043,175.3717865155432,Before Launch
984,2025-05-03 22:51:44,51.157,-1.1811023999999999,-0.668,25.953,0.0,0.0,-25.263423515184307,-2.173175068244168,175.36399423269566,Before Launch
985,2025-05-03 22:51:44,51.21,-1.1811023999999999,-1.748,25.95,0.0,0.0,-25.246024787677612,-2.1884056250728,175.37672374884698,Before Launch
986,2025-05-03 22:51:44,51.26,-0.6824147199999999,-1.249,25.948,0.0,0.0,-25.22674196657715,-2.2117055987283774,175.37023117179874,Before Launch
987,2025-05-03 22:51:44,51.31,1.5583989999999999,2.091,25.943,0.0,0.0,-25.248841903668875,-2.159407279445551,175.37534608426333,Before Launch
988,2025-05-03 22:51:44,51.365,-1.2992126400000001,-0.859,25.95,0.0,0.0,-25.264347544058598,-2.187701947181481,175.3883497835284,Before Launch
989,2025-05-03 22:51:44,51.414,-0.9317585599999999,-0.277,25.953,0.0,0.0,-25.27238178460742,-2.118615936383437,175.43864476593643,Before Launch
990,2025-05-03 22:51:44,51.462,-0.9120735200000001,-0.181,25.96,0.0,0.0,-25.27402625926613,-2.123069892184772,175.46495110846706,Before Launch
991,2025-05-03 22:51:44,51.515,0.86614176,1.603,25.93,0.0,0.0,-25.279094724791808,-2.1193270039209695,175.47131239626955,Before Launch
992,2025-05-03 22:51:44,51.569,-1.65026252,-0.275,25.95,0.0,0.0,-25.274649152084123,-2.159149890556425,175.47933989976482,Before Launch
993,2025-05-03 22:51:44,51.617,0.25590552,-1.097,25.936,0.0,0.0,-25.296327322601794,-2.161624232729076,175.47600967949194,Before Launch
994,2025-05-03 22:51:44,51.665,0.05577428,0.498,25.955,0.0,0.0,-25.306335904106316,-2.1653988794166668,175.46468502890497,Before Launch
995,2025-05-03 22:51:44,51.721,-0.43307088,0.505,25.958,0.0,0.0,-25.354729774505365,-2.155987490412652,175.43294690833142,Before Launch
996,2025-05-03 22:51:44,51.769,-2.64435704,-2.2,25.96,0.0,0.0,-25.369218113226715,-2.1865616469539,175.41168258951504,Before Launch
997,2025-05-03 22:51:44,51.814,-1.53871396,0.297,25.913,0.0,0.0,-25.30779715048224,-2.1461095544759003,175.42682214873886,Before Launch
998,2025-05-03 22:51:44,51.868,-0.8038058,-0.657,25.958,0.0,0.0,-25.31520661433572,-2.134504246589926,175.46646674483583,Before Launch
999,2025-05-03 22:51:45,51.916,-1.52230976,-0.843,25.968,0.0,0.0,-25.321867749042852,-2.1503655028893265,175.51010948916692,Before Launch
1000,2025-05-03 22:51:45,51.973,-2.15879272,-0.48,25.953,0.0,0.0,-25.22741679144531,-2.0555156063703173,175.56986859208482,Before Launch
1001,2025-05-03 22:51:45,52.021,1.4370079199999999,1.555,25.911,0.0,0.0,-25.211903280232498,-2.0617497190280023,175.58795680721565,Before Launch
1002,2025-05-03 22:51:45,52.069,-0.9120735200000001,0.59,25.96,0.0,0.0,-25.189472993672833,-2.120271987784879,175.58798321113363,Before Launch
1003,2025-05-03 22:51:45,52.115,-1.40091868,-0.259,25.933,0.0,0.0,-25.152626322683627,-2.1260019195882625,175.52509018132787,Before Launch
1004,2025-05-03 22:51:45,52.169,-1.0498688,-1.721,25.955,0.0,0.0,-24.77828646287842,-2.2015463135450286,175.3160081279713,Before Launch
1005,2025-05-03 22:51:45,52.216,0.20997376,0.485,25.913,0.0,0.0,-24.110135958613643,-2.7004841864207116,174.20906570935668,Before Launch
1006,2025-05-03 22:51:45,52.262,1.1975065999999999,1.586,25.913,0.0,0.0,-23.935881363731202,-2.8357505721960212,173.9115130807179,Before Launch
1007,2025-05-03 22:51:45,52.316,1.68635176,1.864,25.913,0.0,0.0,-23.86505695960248,-2.9360614317350913,173.51362529086524,Before Launch
1008,2025-05-03 22:51:45,52.366,-0.29527559999999997,-0.278,25.963,0.0,0.0,-23.982214456252922,-2.9639234651003714,173.4423218670901,Before Launch
1009,2025-05-03 22:51:45,52.412,0.07217847999999999,0.999,25.963,0.0,0.0,-24.348768663495626,-2.713027868912736,174.03396077455747,Before Launch
1010,2025-05-03 22:51:45,52.473,-0.29527559999999997,0.701,25.95,0.0,0.0,-24.689826295642238,-2.364531841748404,174.7942538450195,Before Launch
1011,2025-05-03 22:51:45,52.527,2.3031496799999998,2.356,25.96,0.0,0.0,-24.780516101533454,-2.2410084219514075,175.0712149292372,Before Launch
1012,2025-05-03 22:51:45,52.576,-0.9055118400000001,-1.946,25.968,0.0,0.0,-24.92249027793062,-2.092462027718754,175.40498897827172,Before Launch
1013,2025-05-03 22:51:45,52.623,-1.7716536,-0.376,25.963,0.0,0.0,-25.014307556192005,-2.049015171548723,175.502063023753,Before Launch
1014,2025-05-03 22:51:45,52.668,-0.33136484,0.479,25.948,0.0,0.0,-25.16354477892353,-2.0757529039528744,175.51188560773494,Before Launch
1015,2025-05-03 22:51:45,52.714,-0.9055118400000001,0.005,25.963,0.0,0.0,-25.186534758778322,-2.08791267880395,175.46461608511726,Before Launch
1016,2025-05-03 22:51:45,52.773,-0.9120735200000001,-1.414,25.96,0.0,0.0,-25.18573924665683,-2.1131913582478656,175.40136165081756,Before Launch
1017,2025-05-03 22:51:45,52.821,-1.1515748399999999,0.398,25.965,0.0,0.0,-25.182998752799833,-2.115309446957329,175.38558369465832,Before Launch
1018,2025-05-03 22:51:45,52.867,-0.43307088,-0.551,25.946,0.0,0.0,-25.18214009804867,-2.13804576347326,175.43591885355625,Before Launch
1019,2025-05-03 22:51:46,52.92,-1.65026252,-1.359,25.968,0.0,0.0,-25.22844619417925,-2.1290122814592456,175.4833547658959,Before Launch
1020,2025-05-03 22:51:46,52.98,-0.78412076,-0.279,25.965,0.0,0.0,-25.24972783777445,-2.1285286672817145,175.45334296865465,Before Launch
1021,2025-05-03 22:51:46,53.031,-0.2788714,1.874,25.97,0.0,0.0,-25.26176569425451,-2.1156929569102143,175.48407146476902,Before Launch
1022,2025-05-03 22:51:46,53.076,0.09186352,1.292,25.953,0.0,0.0,-25.26793253018161,-2.16714514821435,175.48454775202958,Before Launch
1023,2025-05-03 22:51:46,53.129,-0.78412076,0.016,25.965,0.0,0.0,-25.279970636425297,-2.1744153905042336,175.47726919329313,Before Launch
1024,2025-05-03 22:51:46,53.178,-1.64042,-0.094,25.965,0.0,0.0,-25.312395544150117,-2.136050865071269,175.47410343513047,Before Launch
1025,2025-05-03 22:51:46,53.225,-1.27296592,0.708,25.968,0.0,0.0,-25.291941132797536,-2.1148429373552826,175.51804978071306,Before Launch
1026,2025-05-03 22:51:46,53.277,-1.8897638399999999,-2.649,25.963,0.0,0.0,-25.3289916251115,-2.088365592778975,175.55725982025737,Before Launch
1027,2025-05-03 22:51:46,53.328,-1.40091868,-0.388,25.965,0.0,0.0,-25.308022821300394,-2.1048580031556825,175.54917433287068,Before Launch
1028,2025-05-03 22:51:46,53.375,-1.1515748399999999,0.198,25.96,0.0,0.0,-25.297700656118593,-2.1268733840752883,175.4887428925858,Before Launch
1029,2025-05-03 22:51:46,53.432,0.4429134,1.182,25.965,0.0,0.0,-25.30106506129732,-2.121650204409841,175.44287133003002,Before Launch
1030,2025-05-03 22:51:46,53.49,-0.43307088,-0.505,25.958,0.0,0.0,-25.29204447278196,-2.1549057445890174,175.4119884501274,Before Launch
1031,2025-05-03 22:51:46,53.536,-0.41666668,-1.267,25.965,0.0,0.0,-25.26131665868601,-2.1925482666794447,175.36408602624488,Before Launch
1032,2025-05-03 22:51:46,53.583,0.42322836,-0.997,25.968,0.0,0.0,-25.259090550882245,-2.1796956323545253,175.39190303464446,Before Launch
1033,2025-05-03 22:51:46,53.638,-0.16732284,0.101,25.968,0.0,0.0,-25.296784390916255,-2.15850626974228,175.4136399123835,Before Launch
1034,2025-05-03 22:51:46,53.687,0.07217847999999999,0.0,25.963,0.0,0.0,-25.2853994635425,-2.14773380173426,175.4264140747135,Before Launch
1035,2025-05-03 22:51:46,53.733,-1.8897638399999999,-1.265,25.965,0.0,0.0,-25.304339164245594,-2.10354599879803,175.5360135658788,Before Launch
1036,2025-05-03 22:51:46,53.788,0.19356956,-1.673,25.96,0.0,0.0,-25.321554435329315,-2.081895542311042,175.57625854287298,Before Launch
1037,2025-05-03 22:51:46,53.845,-0.9055118400000001,0.0,25.968,0.0,0.0,-25.308539122879793,-2.049742968874316,175.57792935850307,Before Launch
1038,2025-05-03 22:51:47,53.893,-0.53477692,0.974,25.968,0.0,0.0,-25.281814775384035,-2.04148186746338,175.605187739486,Before Launch
1039,2025-05-03 22:51:47,53.939,0.57086616,0.71,25.963,0.0,0.0,-25.29659418761805,-2.045521029354385,175.60067118392067,Before Launch
1040,2025-05-03 22:51:47,53.991,-0.16732284,0.578,25.968,0.0,0.0,-25.26160602175924,-2.0865256048697067,175.5823689903323,Before Launch
1041,2025-05-03 22:51:47,54.04,-0.39698163999999997,0.407,25.973,0.0,0.0,-25.256821801672427,-2.078099134893297,175.5570030188693,Before Launch
1042,2025-05-03 22:51:47,54.089,-0.53477692,0.486,25.968,0.0,0.0,-25.255250131482217,-2.049227984986318,175.5656008747536,Before Launch
1043,2025-05-03 22:51:47,54.144,-1.38451448,-0.745,25.97,0.0,0.0,-25.26655616880369,-2.060006793914282,175.58872415871906,Before Launch
1044,2025-05-03 22:51:47,54.192,-1.27296592,0.297,25.968,0.0,0.0,-25.27708836855381,-2.058498769036812,175.58336899053805,Before Launch
1045,2025-05-03 22:51:47,54.238,-0.41666668,0.292,25.968,0.0,0.0,-25.28743157093635,-2.0503140542396316,175.6173898801887,Before Launch
1046,2025-05-03 22:51:47,54.29,-0.029527559999999998,0.198,25.973,0.0,0.0,-25.27526116025738,-2.0624186376602625,175.6122881957752,Before Launch
1047,2025-05-03 22:51:47,54.337,-0.9055118400000001,-0.791,25.968,0.0,0.0,-25.306315124642012,-2.0593643435084137,175.60946343198248,Before Launch
1048,2025-05-03 22:51:47,54.392,-0.14763779999999999,0.504,25.975,0.0,0.0,-25.287117674402538,-2.098623413832473,175.62874604036645,Before Launch
1049,2025-05-03 22:51:47,54.441,-1.7519685600000001,-0.088,25.968,0.0,0.0,-25.27026775231632,-2.0399152562611014,175.61620268155846,Before Launch
1050,2025-05-03 22:51:47,54.496,-0.04593176,0.965,25.965,0.0,0.0,-25.24176193266203,-2.0640506287004894,175.59601687117538,Before Launch
1051,2025-05-03 22:51:47,54.542,-1.01377956,0.692,25.97,0.0,0.0,-25.204492677997685,-2.0949003678559204,175.5981752108103,Before Launch
1052,2025-05-03 22:51:47,54.589,-0.0656168,1.059,25.96,0.0,0.0,-25.201508602596604,-2.06167323898008,175.59558575234564,Before Launch
1053,2025-05-03 22:51:47,54.645,-0.53477692,0.486,25.968,0.0,0.0,-25.201270447747593,-2.0793418840427877,175.58474696694302,Before Launch
1054,2025-05-03 22:51:47,54.692,0.02624672,-0.331,25.94,0.0,0.0,-25.220387883823506,-2.0923652251345026,175.54580592145462,Before Launch
1055,2025-05-03 22:51:47,54.738,0.07217847999999999,0.405,25.963,0.0,0.0,-25.215328139529074,-2.116122892776238,175.5232939325396,Before Launch
1056,2025-05-03 22:51:47,54.792,2.0997376,2.004,25.936,0.0,0.0,-25.229089412120864,-2.1015336289255777,175.50177642674007,Before Launch
1057,2025-05-03 22:51:47,54.84,-0.16732284,-0.47,25.968,0.0,0.0,-25.214120665874482,-2.1631922712165608,175.45552729267843,Before Launch
1058,2025-05-03 22:51:48,54.889,-0.29527559999999997,-0.102,25.963,0.0,0.0,-25.214745442021126,-2.1787740574048935,175.456054179119,Before Launch
1059,2025-05-03 22:51:48,54.943,0.19356956,0.097,25.96,0.0,0.0,-25.239744660577156,-2.1387499442173206,175.4564431553229,Before Launch
1060,2025-05-03 22:51:48,54.994,-0.66601052,0.97,25.95,0.0,0.0,-25.245819111982915,-2.149207298683751,175.4632062148562,Before Launch
1061,2025-05-03 22:51:48,55.04,-0.43307088,-0.501,25.958,0.0,0.0,-25.26948102712335,-2.1395415352664213,175.4467127247977,Before Launch
1062,2025-05-03 22:51:48,55.095,-0.46259843999999994,0.354,25.943,0.0,0.0,-25.27235316638407,-2.1343098619335703,175.40112288358537,Before Launch
1063,2025-05-03 22:51:48,55.151,-1.8897638399999999,-1.077,25.968,0.0,0.0,-25.328911247681212,-2.1618880712686264,175.39239608088351,Before Launch
1064,2025-05-03 22:51:48,55.199,-0.04593176,-0.49,25.955,0.0,0.0,-25.31878047531259,-2.1759356086884787,175.38679295551225,Before Launch
1065,2025-05-03 22:51:48,55.246,0.05577428,0.178,25.96,0.0,0.0,-25.249613490379186,-2.1656686149580864,175.4166354353874,Before Launch
1066,2025-05-03 22:51:48,55.3,2.3950131999999997,2.216,25.93,0.0,0.0,-25.232394348448913,-2.1530367811712865,175.43997480882396,Before Launch
1067,2025-05-03 22:51:48,55.346,-0.9055118400000001,-0.295,25.965,0.0,0.0,-25.249679766332733,-2.1404311414402737,175.4420908758191,Before Launch
1068,2025-05-03 22:51:48,55.398,-0.29527559999999997,0.869,25.965,0.0,0.0,-25.243833888517436,-2.176325135935575,175.42417944107157,Before Launch
1069,2025-05-03 22:51:48,55.454,-0.17716536,0.868,25.96,0.0,0.0,-25.260487091637728,-2.1673292177896366,175.42694559126858,Before Launch
1070,2025-05-03 22:51:48,55.499,0.09186352,0.403,25.953,0.0,0.0,-25.249596769502443,-2.1743120550136426,175.43773166915875,Before Launch
1071,2025-05-03 22:51:48,55.544,-0.2788714,-0.199,25.97,0.0,0.0,-25.26245872525353,-2.1830623801491016,175.42776900265468,Before Launch
1072,2025-05-03 22:51:48,55.601,0.20341208,0.877,25.923,0.0,0.0,-25.223294894794684,-2.151141285117667,175.47577672918118,Before Launch
1073,2025-05-03 22:51:48,55.655,0.07217847999999999,0.174,25.973,0.0,0.0,-25.240987936931546,-2.1467888027144957,175.46849330083052,Before Launch
1074,2025-05-03 22:51:48,55.708,-1.0334646,0.567,25.963,0.0,0.0,-25.27346557751587,-2.1378699672825885,175.46124895806858,Before Launch
1075,2025-05-03 22:51:48,55.763,-0.64632548,-0.474,25.975,0.0,0.0,-25.25835991242783,-2.1505191729522464,175.45932464423996,Before Launch
1076,2025-05-03 22:51:48,55.811,-0.16732284,0.667,25.921,0.0,0.0,-25.273720542728284,-2.1284737712605373,175.45577755039625,Before Launch
1077,2025-05-03 22:51:48,55.865,-0.9055118400000001,-0.658,25.968,0.0,0.0,-25.25899760783561,-2.1333189661240626,175.41881998179787,Before Launch
1078,2025-05-03 22:51:49,55.915,1.16141736,1.336,25.955,0.0,0.0,-25.264807365291972,-2.1973079393255475,175.38481530160763,Before Launch
1079,2025-05-03 22:51:49,55.96,0.5413386,0.406,25.918,0.0,0.0,-25.24396175637856,-2.2107600253819473,175.32295984803022,Before Launch
1080,2025-05-03 22:51:49,56.009,-0.66601052,-0.581,25.963,0.0,0.0,-25.258782351189982,-2.220452792412932,175.32070626928578,Before Launch
1081,2025-05-03 22:51:49,56.056,-0.9055118400000001,-2.378,25.968,0.0,0.0,-25.279611295654814,-2.2410403497527573,175.3821546382607,Before Launch
1082,2025-05-03 22:51:49,56.112,0.32152232000000003,0.384,25.928,0.0,0.0,-25.316811275518496,-2.1858409751392194,175.40885989871032,Before Launch
1083,2025-05-03 22:51:49,56.167,-0.53477692,-0.187,25.963,0.0,0.0,-25.322752506728264,-2.1703481964063034,175.44906999772107,Before Launch
1084,2025-05-03 22:51:49,56.213,-0.53477692,-0.574,25.968,0.0,0.0,-25.315818345954398,-2.137428786432303,175.4601445365221,Before Launch
1085,2025-05-03 22:51:49,56.263,-0.29527559999999997,0.292,25.963,0.0,0.0,-25.325662983743875,-2.1615709587359166,175.4464135236456,Before Launch
1086,2025-05-03 22:51:49,56.307,-1.38451448,-0.751,25.97,0.0,0.0,-25.321656412210043,-2.124055393405132,175.47021184679102,Before Launch
1087,2025-05-03 22:51:49,56.358,0.09186352,0.439,25.97,0.0,0.0,-25.313418342914375,-2.0539174029060945,175.54713941257094,Before Launch
1088,2025-05-03 22:51:49,56.416,-0.9055118400000001,0.778,25.97,0.0,0.0,-25.325655674381473,-2.05423378348115,175.597060867607,Before Launch
1089,2025-05-03 22:51:49,56.469,-0.78412076,-0.581,25.965,0.0,0.0,-25.32202154417431,-2.0392416215050986,175.58996107831146,Before Launch
1090,2025-05-03 22:51:49,56.517,0.57086616,0.405,25.968,0.0,0.0,-25.33888051391223,-2.067838134807969,175.6149153973315,Before Launch
1091,2025-05-03 22:51:49,56.566,-0.16732284,-2.024,25.968,0.0,0.0,-25.312792879312116,-2.0655049679741087,175.59349152453396,Before Launch
1092,2025-05-03 22:51:49,56.618,1.30905516,1.741,25.968,0.0,0.0,-25.288642353026606,-2.107369406607287,175.54586427228267,Before Launch
1093,2025-05-03 22:51:49,56.67,0.20341208,0.392,25.968,0.0,0.0,-25.31676664270757,-2.111560370820652,175.49783732849346,Before Launch
1094,2025-05-03 22:51:49,56.722,-0.39698163999999997,-0.173,25.963,0.0,0.0,-25.204598888336488,-2.1844302712250188,175.41759357176664,Before Launch
1095,2025-05-03 22:51:49,56.776,-0.029527559999999998,-0.095,25.973,0.0,0.0,-25.21406739846631,-2.3722027536330845,175.08940548927075,Before Launch
1096,2025-05-03 22:51:49,56.824,0.6889763999999999,0.756,25.965,0.0,0.0,-25.522675343031707,-2.5738888157901814,174.71681869287687,Before Launch
1097,2025-05-03 22:51:49,56.873,0.57086616,0.289,25.965,0.0,0.0,-26.013440939093165,-2.681368430129983,174.54852489800922,Before Launch
1098,2025-05-03 22:51:50,56.93,0.57086616,0.391,25.968,0.0,0.0,-26.186473596293695,-2.703590564799792,174.55103018007648,Before Launch
1099,2025-05-03 22:51:50,56.981,-0.14763779999999999,0.696,25.975,0.0,0.0,-26.157910482383937,-2.58424649013698,174.83739270040056,Before Launch
1100,2025-05-03 22:51:50,57.032,0.34120735999999996,0.778,25.973,0.0,0.0,-25.939421254706147,-2.4590276611212953,175.00258387371397,Before Launch
1101,2025-05-03 22:51:50,57.08,0.21981628,0.305,25.963,0.0,0.0,-25.80983398377316,-2.3604389878642453,175.13338091381468,Before Launch
1102,2025-05-03 22:51:50,57.134,-0.39698163999999997,0.401,25.973,0.0,0.0,-25.73667240452517,-2.3243121221223664,175.17359726748066,Before Launch
1103,2025-05-03 22:51:50,57.18,-0.14763779999999999,-1.035,25.975,0.0,0.0,-25.63756668059287,-2.2638562281342294,175.314136080553,Before Launch
1104,2025-05-03 22:51:50,57.226,0.10170604,-0.347,25.978,0.0,0.0,-25.569868627607818,-2.2064549715108455,175.4307791006692,Before Launch
1105,2025-05-03 22:51:50,57.28,-0.39698163999999997,0.212,25.973,0.0,0.0,-25.53371938082117,-2.1992234669544364,175.4422723615538,Before Launch
1106,2025-05-03 22:51:50,57.338,-0.3608924,0.425,25.933,0.0,0.0,-25.436914171004425,-2.1088351441644204,175.47698784955952,Before Launch
1107,2025-05-03 22:51:50,57.385,-0.75787404,-0.848,25.98,0.0,0.0,-25.38138186397874,-2.1080481167721774,175.51079695571173,Before Launch
1108,2025-05-03 22:51:50,57.432,-0.63648296,-0.08,25.973,0.0,0.0,-25.346414539694088,-2.125150387073741,175.53487869203806,Before Launch
1109,2025-05-03 22:51:50,57.491,-0.38713912,0.116,25.983,0.0,0.0,-25.27699775944386,-2.1808359597999147,175.52966579490837,Before Launch
1110,2025-05-03 22:51:50,57.546,-2.48031504,-1.703,25.978,0.0,0.0,-25.263250973995383,-2.168635656635262,175.53616395095108,Before Launch
1111,2025-05-03 22:51:50,57.596,-1.00393704,0.295,25.978,0.0,0.0,-25.336904971611556,-2.0927074550143296,175.5591012822157,Before Launch
1112,2025-05-03 22:51:50,57.642,-0.26902888,-0.281,25.978,0.0,0.0,-25.314156023647406,-2.09376880981027,175.56483981703738,Before Launch
1113,2025-05-03 22:51:50,57.696,-1.6240158,-0.561,25.978,0.0,0.0,-25.31191783992996,-2.0888972708784563,175.56199666539743,Before Launch
1114,2025-05-03 22:51:50,57.747,-1.4927822,-0.555,25.98,0.0,0.0,-25.282953017421352,-2.08499017829467,175.5353755266237,Before Launch
1115,2025-05-03 22:51:50,57.8,-0.14763779999999999,-0.56,25.975,0.0,0.0,-25.311404190985062,-2.1263531147948624,175.5266109718903,Before Launch
1116,2025-05-03 22:51:50,57.848,-0.63648296,-0.366,25.975,0.0,0.0,-25.315193016771463,-2.1364145692127066,175.55403222605975,Before Launch
1117,2025-05-03 22:51:51,57.906,0.09186352,-0.945,25.97,0.0,0.0,-25.304164735285497,-2.1186539027379565,175.51801125227587,Before Launch
1118,2025-05-03 22:51:51,57.954,0.21981628,0.013,25.975,0.0,0.0,-25.28740663452752,-2.112896773957676,175.50643960907675,Before Launch
1119,2025-05-03 22:51:51,58.002,0.09186352,0.382,25.97,0.0,0.0,-25.307433412728635,-2.0936570578775395,175.51017515800987,Before Launch
1120,2025-05-03 22:51:51,58.055,-0.39698163999999997,-0.287,25.973,0.0,0.0,-25.278371775379114,-2.096308072934818,175.50960080317228,Before Launch
1121,2025-05-03 22:51:51,58.111,1.5091864000000002,0.637,25.978,0.0,0.0,-25.250192662263846,-2.078375244051499,175.52835001393342,Before Launch
1122,2025-05-03 22:51:51,58.16,-0.029527559999999998,-0.467,25.973,0.0,0.0,-25.270917531517107,-2.0926038134099945,175.52170332551407,Before Launch
1123,2025-05-03 22:51:51,58.209,-0.8858268,-1.139,25.968,0.0,0.0,-25.287121837611235,-2.088709953559456,175.55640999035873,Before Launch
1124,2025-05-03 22:51:51,58.266,-0.51837272,-0.289,25.975,0.0,0.0,-25.281589528852923,-2.0406226597613766,175.56274742492724,Before Launch
1125,2025-05-03 22:51:51,58.316,-1.37467196,-1.336,25.975,0.0,0.0,-25.2811943033633,-2.0594338931402434,175.56604325305756,Before Launch
1126,2025-05-03 22:51:51,58.362,0.09186352,-0.1,25.97,0.0,0.0,-25.27977526984602,-2.0759324671818913,175.59984532880634,Before Launch
1127,2025-05-03 22:51:51,58.414,-1.00393704,-0.474,25.978,0.0,0.0,-25.3161198508713,-2.0731505692170638,175.60408103332222,Before Launch
1128,2025-05-03 22:51:51,58.466,-0.63648296,-0.38,25.968,0.0,0.0,-25.303998413519917,-2.11101789128232,175.6018525264257,Before Launch
1129,2025-05-03 22:51:51,58.512,0.95800528,0.666,25.965,0.0,0.0,-25.87194240246506,-2.1071363487936283,175.6833615534829,Before Launch
1130,2025-05-03 22:51:51,58.569,-1.00393704,-0.471,25.978,0.0,0.0,-26.215397087159918,-2.111165726479938,175.71252517399904,Before Launch
1131,2025-05-03 22:51:51,58.617,0.09186352,0.354,25.97,0.0,0.0,-26.452857941849786,-2.3545481598868254,175.3201431326199,Before Launch
1132,2025-05-03 22:51:51,58.663,-0.38713912,0.29,25.98,0.0,0.0,-26.224350611660544,-2.3939174959291165,175.11192868739232,Before Launch
1133,2025-05-03 22:51:51,58.72,-1.25328088,-0.479,25.975,0.0,0.0,-26.061042877504892,-2.408857554428953,175.02866792269444,Before Launch
1134,2025-05-03 22:51:51,58.766,-0.86614176,-0.376,25.973,0.0,0.0,-25.806849292926977,-2.330669815090846,175.11081607956328,Before Launch
1135,2025-05-03 22:51:51,58.82,-0.98753284,1.172,25.973,0.0,0.0,-25.696240396255185,-2.2601962284094936,175.18326458636062,Before Launch
1136,2025-05-03 22:51:51,58.879,-0.8858268,0.092,25.975,0.0,0.0,-25.54956267233782,-2.2180785577652005,175.33122904828346,Before Launch
1137,2025-05-03 22:51:52,58.926,-0.029527559999999998,0.187,25.973,0.0,0.0,-25.398678620988544,-2.1992130007204205,175.41096784764937,Before Launch
1138,2025-05-03 22:51:52,58.97,0.9120735200000001,1.991,25.958,0.0,0.0,-25.359503845581852,-2.1871361691877884,175.43457118692896,Before Launch
1139,2025-05-03 22:51:52,59.029,1.99146988,2.718,25.94,0.0,0.0,-25.321058804286,-2.1242905739307494,175.48951945345814,Before Launch
1140,2025-05-03 22:51:52,59.087,-0.1312336,0.013,25.938,0.0,0.0,-25.317576986692647,-2.118725716927771,175.47080058756828,Before Launch
1141,2025-05-03 22:51:52,59.137,0.23950132,0.68,25.983,0.0,0.0,-25.340360540605605,-2.136324251023738,175.462189187,Before Launch
1142,2025-05-03 22:51:52,59.187,-0.8858268,-0.763,25.978,0.0,0.0,-25.347021810180593,-2.134504466659163,175.47775963832197,Before Launch
1143,2025-05-03 22:51:52,59.233,0.5905511999999999,0.29,25.975,0.0,0.0,-25.336225067573825,-2.154003030241311,175.49404664298618,Before Launch
1144,2025-05-03 22:51:52,59.288,-1.12532812,-0.946,25.98,0.0,0.0,-25.33473371515606,-2.13981419436945,175.5190819790141,Before Launch
1145,2025-05-03 22:51:52,59.338,-0.86614176,-0.366,25.973,0.0,0.0,-25.306490640990464,-2.137866096341745,175.54498938293702,Before Launch
1146,2025-05-03 22:51:52,59.395,-1.0334646,-1.98,25.963,0.0,0.0,-25.28728462087205,-2.121771634127352,175.55551911147802,Before Launch
1147,2025-05-03 22:51:52,59.452,-0.38713912,-0.277,25.98,0.0,0.0,-25.258162299595014,-2.129070218715642,175.58454726126502,Before Launch
1148,2025-05-03 22:51:52,59.499,-1.4927822,-0.471,25.98,0.0,0.0,-25.293335882808236,-2.0996865738793242,175.6035861232005,Before Launch
1149,2025-05-03 22:51:52,59.546,0.92847772,1.13,25.96,0.0,0.0,-25.29605432850998,-2.0893003083284447,175.61242049325392,Before Launch
1150,2025-05-03 22:51:52,59.597,-0.63648296,0.576,25.978,0.0,0.0,-25.278637770466975,-2.086727653852096,175.6243876063913,Before Launch
1151,2025-05-03 22:51:52,59.649,-0.14763779999999999,-0.186,25.973,0.0,0.0,-25.273819392287216,-2.077484947508218,175.62437336988285,Before Launch
1152,2025-05-03 22:51:52,59.698,-0.029527559999999998,0.759,25.983,0.0,0.0,-25.286914740503565,-2.0883802020999895,175.612292086699,Before Launch
1153,2025-05-03 22:51:52,59.752,0.8366142,1.145,25.978,0.0,0.0,-25.258890652878765,-2.089752372109389,175.6015657434929,Before Launch
1154,2025-05-03 22:51:52,59.803,-0.26902888,-0.95,25.978,0.0,0.0,-25.261480089010547,-2.1294752517376945,175.56955401977876,Before Launch
1155,2025-05-03 22:51:52,59.848,-1.72572184,-0.564,25.978,0.0,0.0,-25.25115926047588,-2.1354234092917213,175.56406098368942,Before Launch
1156,2025-05-03 22:51:53,59.901,-0.8858268,-0.761,25.975,0.0,0.0,-25.213391281348855,-2.158873867125965,175.53492804294663,Before Launch
1157,2025-05-03 22:51:53,59.951,-0.53477692,-0.115,25.968,0.0,0.0,-25.278003026586866,-2.100695124490307,175.53648465105584,Before Launch
1158,2025-05-03 22:51:53,59.996,0.5905511999999999,1.445,25.978,0.0,0.0,-25.280285371639486,-2.1296495855258315,175.54664410345478,Before Launch
1159,2025-05-03 22:51:53,60.051,-0.14763779999999999,0.559,25.975,0.0,0.0,-25.301312324758705,-2.1350557800856027,175.52253022853915,Before Launch
1160,2025-05-03 22:51:53,60.098,-0.49868767999999997,0.383,25.983,0.0,0.0,-25.339072722933327,-2.155031529870019,175.5046890816177,Before Launch
1161,2025-05-03 22:51:53,60.144,0.34120735999999996,0.97,25.975,0.0,0.0,-25.342821920843786,-2.173531868985936,175.4967650857555,Before Launch
1162,2025-05-03 22:51:53,60.199,-0.98753284,-0.753,25.985,0.0,0.0,-25.327752820647163,-2.167545229497007,175.4738171499881,Before Launch
1163,2025-05-03 22:51:53,60.246,-0.26902888,-0.926,25.978,0.0,0.0,-25.319727982520895,-2.1884033383378734,175.44776928009992,Before Launch
1164,2025-05-03 22:51:53,60.299,-0.63648296,-2.069,25.978,0.0,0.0,-25.32846938331881,-2.1899200893239428,175.45991139057145,Before Launch
1165,2025-05-03 22:51:53,60.349,-0.51837272,-0.307,25.978,0.0,0.0,-25.31049164660774,-2.1471214262221467,175.48337687638323,Before Launch
1166,2025-05-03 22:51:53,60.406,0.46916011999999996,0.181,25.978,0.0,0.0,-25.259109051970988,-2.161646421047877,175.52235537616434,Before Launch
1167,2025-05-03 22:51:53,60.465,-0.63648296,0.195,25.97,0.0,0.0,-25.248507015653384,-2.1168563913551717,175.53591663533922,Before Launch
1168,2025-05-03 22:51:53,60.52,-1.25328088,-1.433,25.97,0.0,0.0,-25.288128993601767,-2.1285203409601676,175.545266276347,Before Launch
1169,2025-05-03 22:51:53,60.575,-1.25328088,-0.099,25.975,0.0,0.0,-25.293781642905856,-2.1270560211141465,175.56717212030424,Before Launch
1170,2025-05-03 22:51:53,60.632,-0.39698163999999997,0.363,25.973,0.0,0.0,-25.2781919818116,-2.1435625781025736,175.58407846742753,Before Launch
1171,2025-05-03 22:51:53,60.679,-0.61679792,0.325,25.985,0.0,0.0,-25.311049985242395,-2.1320757793502314,175.56199981394244,Before Launch
1172,2025-05-03 22:51:53,60.727,0.17388452,0.44,25.975,0.0,0.0,-25.34343578765538,-2.122213588539919,175.59000888670127,Before Launch
1173,2025-05-03 22:51:53,60.78,-1.4927822,0.0,25.98,0.0,0.0,-25.314927942630728,-2.109828535983878,175.57544074672904,Before Launch
1174,2025-05-03 22:51:53,60.83,-1.25328088,-1.699,25.975,0.0,0.0,-25.301911482996513,-2.106718387735567,175.5563899865505,Before Launch
1175,2025-05-03 22:51:53,60.876,-1.4927822,-0.67,25.98,0.0,0.0,-25.319880186176597,-2.123848312792433,175.56164127534734,Before Launch
1176,2025-05-03 22:51:54,60.932,-0.38713912,-0.187,25.938,0.0,0.0,-25.334989171366853,-2.1310126753798895,175.54021656996306,Before Launch
1177,2025-05-03 22:51:54,60.977,-2.2112861600000002,-1.706,25.983,0.0,0.0,-25.30139114038078,-2.1211503014716904,175.52941452508466,Before Launch
1178,2025-05-03 22:51:54,61.028,-0.38713912,-0.959,25.973,0.0,0.0,-25.274551220623074,-2.1191972672294073,175.52555303880376,Before Launch
1179,2025-05-03 22:51:54,61.08,-1.12532812,-0.671,25.978,0.0,0.0,-25.237678997997826,-2.1176389022485687,175.5267267682347,Before Launch
1180,2025-05-03 22:51:54,61.129,-0.38713912,1.045,25.978,0.0,0.0,-25.241251230285222,-2.073142219855706,175.56136749814524,Before Launch
1181,2025-05-03 22:51:54,61.176,-1.4927822,-0.476,25.98,0.0,0.0,-25.280826004708757,-2.0979390184363766,175.59560705754615,Before Launch
1182,2025-05-03 22:51:54,61.233,-0.75787404,-0.174,25.98,0.0,0.0,-25.29882297323532,-2.0617043241329585,175.59605678554797,Before Launch
1183,2025-05-03 22:51:54,61.286,-0.38713912,-0.758,25.975,0.0,0.0,-25.295346583155663,-2.0407268822945683,175.59039803218405,Before Launch
1184,2025-05-03 22:51:54,61.345,-1.6043307599999999,-1.126,25.983,0.0,0.0,-25.333922243635914,-2.080670738667105,175.57273247800296,Before Launch
1185,2025-05-03 22:51:54,61.393,-0.49868767999999997,0.0,25.983,0.0,0.0,-25.347342722110433,-2.105979206539381,175.5510925664701,Before Launch
1186,2025-05-03 22:51:54,61.439,-0.86614176,-0.932,25.965,0.0,0.0,-25.328262037816774,-2.093848270770467,175.54317847839698,Before Launch
1187,2025-05-03 22:51:54,61.495,-1.1056430800000001,-0.091,25.99,0.0,0.0,-25.332526452452942,-2.094005744691293,175.54035974710231,Before Launch
1188,2025-05-03 22:51:54,61.541,-1.9652231599999999,-1.31,25.968,0.0,0.0,-25.29557123766269,-2.097826978971663,175.53231163166694,Before Launch
1189,2025-05-03 22:51:54,61.593,-0.49868767999999997,0.106,25.978,0.0,0.0,-25.2594371424763,-2.079826613682826,175.54165069530418,Before Launch
1190,2025-05-03 22:51:54,61.646,-1.35498692,-0.645,25.985,0.0,0.0,-25.271568647861802,-2.0595896156318894,175.54403997951215,Before Launch
1191,2025-05-03 22:51:54,61.701,-0.1312336,-0.464,25.988,0.0,0.0,-25.2745554321637,-2.09406203837077,175.5418152876511,Before Launch
1192,2025-05-03 22:51:54,61.749,-0.86614176,-0.179,25.948,0.0,0.0,-25.226104451215686,-2.098952279393109,175.53687157725102,Before Launch
1193,2025-05-03 22:51:54,61.797,-0.49868767999999997,0.591,25.983,0.0,0.0,-25.167600080890633,-2.1068499314697573,175.52959154677905,Before Launch
1194,2025-05-03 22:51:54,61.842,0.7185039599999999,1.556,25.98,0.0,0.0,-25.248122416059932,-2.1158366897959966,175.5351666236273,Before Launch
1195,2025-05-03 22:51:55,61.89,-0.1312336,0.211,25.985,0.0,0.0,-25.273994246706355,-2.12412780145656,175.53903868728446,Before Launch
1196,2025-05-03 22:51:55,61.944,-0.63648296,-0.016,25.978,0.0,0.0,-25.295287493328587,-2.1068716335432933,175.5206517330755,Before Launch
1197,2025-05-03 22:51:55,61.992,-0.738189,-0.721,25.98,0.0,0.0,-25.318579269829407,-2.098602008830933,175.51048791892904,Before Launch
1198,2025-05-03 22:51:55,62.042,-0.0,1.183,25.988,0.0,0.0,-25.312558642856395,-2.0633252991540454,175.51370902997652,Before Launch
1199,2025-05-03 22:51:55,62.088,-0.61679792,0.506,25.983,0.0,0.0,-25.326021099812365,-2.072012988374454,175.58558826967794,Before Launch
1200,2025-05-03 22:51:55,62.134,-0.0,1.187,25.988,0.0,0.0,-25.299465958813283,-2.0609600191616204,175.64920736091392,Before Launch
1201,2025-05-03 22:51:55,62.191,-1.35498692,-0.769,25.98,0.0,0.0,-25.309053684688017,-2.0498039388386586,175.71767043734752,Before Launch
1202,2025-05-03 22:51:55,62.248,-0.86614176,1.058,25.983,0.0,0.0,-25.3340498625026,-2.040522758270656,175.70652814759487,Before Launch
1203,2025-05-03 22:51:55,62.296,0.48884516,0.691,25.985,0.0,0.0,-25.319470962902464,-2.0647286401554137,175.61430302204795,Before Launch
1204,2025-05-03 22:51:55,62.34,0.11811023999999999,0.987,25.988,0.0,0.0,-25.314799547423007,-2.080881015331814,175.5294415645714,Before Launch
1205,2025-05-03 22:51:55,62.394,-0.738189,-0.278,25.985,0.0,0.0,-25.31317603356385,-2.106271822444845,175.49284170802844,Before Launch
1206,2025-05-03 22:51:55,62.44,-0.98753284,0.4,25.985,0.0,0.0,-25.30764511754975,-2.1349788315081537,175.49199384357496,Before Launch
1207,2025-05-03 22:51:55,62.492,0.73490816,1.186,25.998,0.0,0.0,-25.29737269414005,-2.138634020973168,175.48670964468656,Before Launch
1208,2025-05-03 22:51:55,62.547,2.20144364,2.053,25.926,0.0,0.0,-25.309998207334612,-2.150047555018767,175.47426161650918,Before Launch
1209,2025-05-03 22:51:55,62.6,-0.24934383999999998,1.08,25.985,0.0,0.0,-25.293550202195625,-2.1335925424707503,175.46084286176753,Before Launch
1210,2025-05-03 22:51:55,62.651,0.85629924,1.077,25.985,0.0,0.0,-25.279363843262384,-2.1480912967200405,175.4365720989102,Before Launch
1211,2025-05-03 22:51:55,62.7,-2.19488196,-1.054,25.985,0.0,0.0,-25.30130155016643,-2.156057935738735,175.43467683088616,Before Launch
1212,2025-05-03 22:51:55,62.753,-0.75787404,0.276,25.98,0.0,0.0,-25.28227425082061,-2.197191754160195,175.41173044231672,Before Launch
1213,2025-05-03 22:51:55,62.803,1.35498692,2.631,25.99,0.0,0.0,-25.22698255518702,-2.196270651037793,175.39529770814974,Before Launch
1214,2025-05-03 22:51:55,62.848,-0.37073492,0.102,25.988,0.0,0.0,-25.231311498744375,-2.1975593351214706,175.3980173587308,Before Launch
1215,2025-05-03 22:51:56,62.897,-1.476378,-0.097,25.983,0.0,0.0,-25.247458415400537,-2.1805872946387055,175.38723682249207,Before Launch
1216,2025-05-03 22:51:56,62.943,-1.23687668,-0.89,25.98,0.0,0.0,-25.265804868759403,-2.1733133747003177,175.3808704901815,Before Launch
1217,2025-05-03 22:51:56,62.997,-0.86614176,0.0,25.983,0.0,0.0,-25.300375472853222,-2.14650065384359,175.36560947437295,Before Launch
1218,2025-05-03 22:51:56,63.044,-0.24934383999999998,0.2,25.985,0.0,0.0,-25.307947135882927,-2.2007795736254234,175.39728557041786,Before Launch
1219,2025-05-03 22:51:56,63.094,-0.49868767999999997,-0.972,25.983,0.0,0.0,-25.304953320578935,-2.1588397157567454,175.39287682805724,Before Launch
1220,2025-05-03 22:51:56,63.153,-0.98753284,-0.678,25.985,0.0,0.0,-25.311821401029214,-2.1020152184906205,175.4628562605126,Before Launch
1221,2025-05-03 22:51:56,63.207,-0.75787404,-0.096,25.946,0.0,0.0,-25.295365154794546,-2.0875790768171743,175.5151003258527,Before Launch
1222,2025-05-03 22:51:56,63.257,0.6069554,1.063,25.983,0.0,0.0,-25.271386563937117,-2.101903487779045,175.53484640769827,Before Launch
1223,2025-05-03 22:51:56,63.303,-0.37073492,-0.294,25.988,0.0,0.0,-25.277828591265347,-2.1439157230482477,175.52717646924302,Before Launch
1224,2025-05-03 22:51:56,63.349,-1.84383208,-0.973,25.985,0.0,0.0,-25.311377329359175,-2.136604920116378,175.5194899417838,Before Launch
1225,2025-05-03 22:51:56,63.395,1.99803156,1.584,25.988,0.0,0.0,-25.30901255405715,-2.143284971955797,175.48112166763676,Before Launch
1226,2025-05-03 22:51:56,63.452,-0.12139108,0.978,25.99,0.0,0.0,-25.321292685866695,-2.146424859795252,175.45757594054209,Before Launch
1227,2025-05-03 22:51:56,63.507,0.73490816,1.272,25.983,0.0,0.0,-25.332515898219608,-2.1512419282085897,175.4571152472928,Before Launch
1228,2025-05-03 22:51:56,63.555,-0.98753284,-1.173,25.988,0.0,0.0,-25.336898904701588,-2.1348836656028545,175.42305252716704,Before Launch
1229,2025-05-03 22:51:56,63.603,0.73490816,0.488,25.988,0.0,0.0,-25.36591057206135,-2.135994487329333,175.3998281053211,Before Launch
1230,2025-05-03 22:51:56,63.658,-0.029527559999999998,0.561,25.973,0.0,0.0,-25.336870680242882,-2.170206220487522,175.38603473306654,Before Launch
1231,2025-05-03 22:51:56,63.714,-1.1056430800000001,-0.093,25.993,0.0,0.0,-25.336771365726456,-2.2133721898159635,175.35883193858334,Before Launch
1232,2025-05-03 22:51:56,63.764,2.2375328800000003,1.181,25.988,0.0,0.0,-25.363425470388304,-2.2036472666803326,175.36943323472116,Before Launch
1233,2025-05-03 22:51:56,63.809,2.13582684,-0.052,25.928,0.0,0.0,-25.342569854564662,-2.22362144945567,175.36168773167395,Before Launch
1234,2025-05-03 22:51:56,63.865,0.48884516,0.584,25.985,0.0,0.0,-25.329234155587084,-2.2033654098446602,175.33852491453067,Before Launch
1235,2025-05-03 22:51:57,63.91,1.04002628,0.146,25.995,0.0,0.0,-25.30660993423023,-2.194254642151118,175.33478095259431,Before Launch
1236,2025-05-03 22:51:57,63.957,-0.24934383999999998,1.548,25.985,0.0,0.0,-25.331936997604732,-2.217398244540178,175.33867285189842,Before Launch
1237,2025-05-03 22:51:57,64.015,-0.738189,0.016,25.988,0.0,0.0,-25.32101397595178,-2.20007250616039,175.33495038586625,Before Launch
1238,2025-05-03 22:51:57,64.059,-0.75787404,-1.682,25.98,0.0,0.0,-25.303095242714875,-2.1858606661867617,175.34306750716095,Before Launch
1239,2025-05-03 22:51:57,64.114,-0.1312336,0.189,25.983,0.0,0.0,-25.30704189450886,-2.1667847681209444,175.3342007049606,Before Launch
1240,2025-05-03 22:51:57,64.163,-1.35498692,0.096,25.985,0.0,0.0,-25.323433264361444,-2.1702097769252964,175.33797061313447,Before Launch
1241,2025-05-03 22:51:57,64.218,1.8799213199999998,2.445,25.983,0.0,0.0,-25.3036150745049,-2.221259813582631,175.32714965016172,Before Launch
1242,2025-05-03 22:51:57,64.265,-0.738189,0.101,25.988,0.0,0.0,-25.324701113532722,-2.2196698946472058,175.36954561340275,Before Launch
1243,2025-05-03 22:51:57,64.314,-1.4927822,-0.979,25.988,0.0,0.0,-25.32693958810155,-2.2043620544517637,175.40624193762034,Before Launch
1244,2025-05-03 22:51:57,64.367,-0.38713912,0.088,25.98,0.0,0.0,-25.349896023903177,-2.1342580624462193,175.43133574127307,Before Launch
1245,2025-05-03 22:51:57,64.415,-1.59448824,-0.481,25.958,0.0,0.0,-25.298378169159175,-2.1259681116586013,175.4520104579884,Before Launch
1246,2025-05-03 22:51:57,64.461,-0.24934383999999998,0.406,25.983,0.0,0.0,-25.321864515875006,-2.12777003718129,175.4845313427613,Before Launch
1247,2025-05-03 22:51:57,64.517,-0.51837272,-0.893,25.975,0.0,0.0,-25.331558213168258,-2.101272378555574,175.46323872187097,Before Launch
1248,2025-05-03 22:51:57,64.566,-1.59448824,-0.969,25.99,0.0,0.0,-25.256055611944237,-2.174381160976885,175.43986116322574,Before Launch
1249,2025-05-03 22:51:57,64.614,-0.48884516,1.071,25.99,0.0,0.0,-25.25384070059186,-2.1952387093249186,175.41154923501165,Before Launch
1250,2025-05-03 22:51:57,64.671,-0.61679792,-2.049,25.988,0.0,0.0,-25.251046548044904,-2.1395809029347097,175.41911866057515,Before Launch
1251,2025-05-03 22:51:57,64.727,1.40091868,1.194,25.98,0.0,0.0,-25.26591073359661,-2.206566653990369,175.39297097997115,Before Launch
1252,2025-05-03 22:51:57,64.784,-0.61679792,-1.059,25.985,0.0,0.0,-25.29277928300241,-2.2444034685322016,175.42098396048894,Before Launch
1253,2025-05-03 22:51:57,64.831,-1.1056430800000001,-0.093,25.988,0.0,0.0,-25.31001626065957,-2.131336469428179,175.4984070369334,Before Launch
1254,2025-05-03 22:51:58,64.882,-0.86614176,-1.252,25.983,0.0,0.0,-25.439541409192604,-2.0760679443737486,175.55010010336719,Before Launch
1255,2025-05-03 22:51:58,64.936,0.5905511999999999,0.485,25.983,0.0,0.0,-25.803982327728395,-2.0942468973779658,175.61651288548572,Before Launch
1256,2025-05-03 22:51:58,64.991,-0.61679792,0.383,25.985,0.0,0.0,-25.961440930424953,-2.064762240715619,175.67445082173464,Before Launch
1257,2025-05-03 22:51:58,65.038,0.57086616,-1.308,25.993,0.0,0.0,-25.998542787724872,-2.0933278065626593,175.67523331580318,Before Launch
1258,2025-05-03 22:51:58,65.093,-0.37073492,-1.952,25.985,0.0,0.0,-25.889355608698548,-2.1231269934593273,175.64889466336058,Before Launch
1259,2025-05-03 22:51:58,65.141,-0.738189,-0.962,25.988,0.0,0.0,-25.63329293817324,-2.1719787266471724,175.60742643406343,Before Launch
1260,2025-05-03 22:51:58,65.186,0.61679792,-0.332,25.99,0.0,0.0,-25.54523154689995,-2.147609664910162,175.58300218737742,Before Launch
1261,2025-05-03 22:51:58,65.243,3.1233596799999996,2.623,25.995,0.0,0.0,-25.45180842164592,-2.134595152024695,175.54766784885152,Before Launch
1262,2025-05-03 22:51:58,65.289,-0.22965880000000002,0.399,25.985,0.0,0.0,-25.38930316763854,-2.135368031885637,175.54948030405245,Before Launch
1263,2025-05-03 22:51:58,65.338,-2.3326772399999998,-1.231,25.98,0.0,0.0,-25.36446559332745,-2.1753866460306748,175.41599541499187,Before Launch
1264,2025-05-03 22:51:58,65.394,-0.01968504,0.087,25.98,0.0,0.0,-25.34553120258799,-2.183940484026585,175.3748684544246,Before Launch
1265,2025-05-03 22:51:58,65.442,1.22375332,2.016,25.985,0.0,0.0,-25.292993413695104,-2.1572359971213895,175.32802365693567,Before Launch
1266,2025-05-03 22:51:58,65.489,-0.0,-1.479,25.988,0.0,0.0,-25.281033977552603,-2.2147105831019216,175.2632135096766,Before Launch
1267,2025-05-03 22:51:58,65.543,1.16141736,1.486,25.955,0.0,0.0,-25.294646236442816,-2.205305068175814,175.2501062775161,Before Launch
1268,2025-05-03 22:51:58,65.59,-0.48884516,0.787,25.99,0.0,0.0,-25.268110668353547,-2.2285459868609974,175.3233999479756,Before Launch
1269,2025-05-03 22:51:58,65.638,0.24934383999999998,0.501,25.985,0.0,0.0,-25.241546349332708,-2.211872624405698,175.40792483657395,Before Launch
1270,2025-05-03 22:51:58,65.693,-0.24934383999999998,1.053,25.985,0.0,0.0,-25.24454115018885,-2.1985086575062027,175.42183950040092,Before Launch
1271,2025-05-03 22:51:58,65.746,0.36745408,0.48,25.968,0.0,0.0,-25.288989750651066,-2.1372964415854465,175.44515251691718,Before Launch
1272,2025-05-03 22:51:58,65.795,0.36745408,0.693,25.98,0.0,0.0,-25.315163769702,-2.1168231835626394,175.50582622239065,Before Launch
1273,2025-05-03 22:51:58,65.841,0.23950132,1.438,25.965,0.0,0.0,-25.31117109680039,-2.1653240316737214,175.4914826235921,Before Launch
1274,2025-05-03 22:51:59,65.896,1.59448824,1.625,25.985,0.0,0.0,-25.300937493973557,-2.1762175776701795,175.49308238507646,Before Launch
1275,2025-05-03 22:51:59,65.945,1.8241470400000002,1.916,25.978,0.0,0.0,-25.347930651520716,-2.1637771669461627,175.46910381877356,Before Launch
1276,2025-05-03 22:51:59,65.991,-1.22703416,-2.079,25.993,0.0,0.0,-25.380474974199288,-2.164463437454696,175.43325677946382,Before Launch
1277,2025-05-03 22:51:59,66.045,0.13779528000000002,0.598,25.993,0.0,0.0,-25.378102403112603,-2.161735260011888,175.42263326482535,Before Launch
1278,2025-05-03 22:51:59,66.092,-0.37073492,0.583,25.988,0.0,0.0,-25.322005734887743,-2.220589344565466,175.4147805373169,Before Launch
1279,2025-05-03 22:51:59,66.136,-0.029527559999999998,0.667,25.98,0.0,0.0,-25.33566907581824,-2.2203736793799824,175.38729542158936,Before Launch
1280,2025-05-03 22:51:59,66.192,-0.8595800800000001,-1.155,25.99,0.0,0.0,-25.373603461833085,-2.205443405047465,175.38168809755354,Before Launch
1281,2025-05-03 22:51:59,66.24,-0.8595800800000001,-0.194,25.988,0.0,0.0,-25.359135627233073,-2.1765614598916248,175.41064965793382,Before Launch
1282,2025-05-03 22:51:59,66.288,0.11811023999999999,-0.362,25.985,0.0,0.0,-25.36309883716969,-2.1476505519679443,175.46526590497498,Before Launch
1283,2025-05-03 22:51:59,66.342,1.22375332,1.277,25.985,0.0,0.0,-25.389302972291077,-2.1467831550452536,175.4771081031929,Before Launch
1284,2025-05-03 22:51:59,66.4,0.61679792,1.076,25.99,0.0,0.0,-25.373791482634637,-2.1333169540284147,175.46043869833838,Before Launch
1285,2025-05-03 22:51:59,66.452,0.61679792,0.0,25.99,0.0,0.0,-25.402469731973124,-2.140190915670066,175.46731942710446,Before Launch
1286,2025-05-03 22:51:59,66.5,-1.45669296,-3.644,25.995,0.0,0.0,-25.351337321594844,-2.166735221917809,175.46632091827186,Before Launch
1287,2025-05-03 22:51:59,66.551,-0.48884516,-0.205,25.99,0.0,0.0,-25.35228982165772,-2.1523970886939208,175.47327142231794,Before Launch
1288,2025-05-03 22:51:59,66.606,-0.0,1.84,25.99,0.0,0.0,-25.32688732760329,-2.1352466633848035,175.5172760940933,Before Launch
1289,2025-05-03 22:51:59,66.655,1.47309716,1.184,25.988,0.0,0.0,-25.375300574261068,-2.092228130202305,175.5639894592185,Before Launch
1290,2025-05-03 22:51:59,66.702,0.38713912,-0.664,25.993,0.0,0.0,-25.33682308893286,-2.1043772638655613,175.60620701637527,Before Launch
1291,2025-05-03 22:51:59,66.757,0.50524936,0.398,25.993,0.0,0.0,-25.33946112963698,-2.1201985456119954,175.6151976420294,Before Launch
1292,2025-05-03 22:51:59,66.806,-0.5905511999999999,-1.387,26.0,0.0,0.0,-25.34757611725085,-2.1210783337538754,175.57074840365271,Before Launch
1293,2025-05-03 22:51:59,66.854,-0.48884516,0.0,25.99,0.0,0.0,-25.31464061099539,-2.1253209078411084,175.51681582221374,Before Launch
1294,2025-05-03 22:52:00,66.911,0.95800528,0.557,25.975,0.0,0.0,-25.32946749526486,-2.1036203599517127,175.5341516698932,Before Launch
1295,2025-05-03 22:52:00,66.966,0.50524936,0.593,25.995,0.0,0.0,-25.33616973112777,-2.065919863129988,175.49239342236802,Before Launch
1296,2025-05-03 22:52:00,67.025,-0.7185039599999999,-0.849,25.995,0.0,0.0,-25.346905566134105,-2.053445279032571,175.4818074167939,Before Launch
1297,2025-05-03 22:52:00,67.073,-0.60039372,-0.757,25.993,0.0,0.0,-25.38419118539791,-2.082547440301933,175.49774997945264,Before Launch
1298,2025-05-03 22:52:00,67.123,1.1056430800000001,0.676,25.988,0.0,0.0,-25.37397356100722,-2.074850618770261,175.50311731301358,Before Launch
1299,2025-05-03 22:52:00,67.178,1.35498692,-0.187,25.958,0.0,0.0,-25.377280014287795,-2.088250795424409,175.5358252895076,Before Launch
1300,2025-05-03 22:52:00,67.224,0.63648296,-0.929,25.993,0.0,0.0,-25.34790551147251,-2.089949960774265,175.5657050263011,Before Launch
1301,2025-05-03 22:52:00,67.272,-0.61679792,0.476,25.985,0.0,0.0,-25.32055238071315,-2.080212596027823,175.57297635755137,Before Launch
1302,2025-05-03 22:52:00,67.32,1.84383208,1.338,25.988,0.0,0.0,-25.317968675538964,-2.0692374319440825,175.53160527958065,Before Launch
1303,2025-05-03 22:52:00,67.376,-0.9678477999999999,-0.465,25.995,0.0,0.0,-25.341020725258783,-2.092149774115431,175.53202418288055,Before Launch
1304,2025-05-03 22:52:00,67.421,-0.10170604,-0.056,25.998,0.0,0.0,-25.26355354250543,-2.1281260044506594,175.53616591176873,Before Launch
1305,2025-05-03 22:52:00,67.478,-0.47244095999999997,0.301,25.998,0.0,0.0,-25.23808852167607,-2.1255198488161784,175.51691258847782,Before Launch
1306,2025-05-03 22:52:00,67.523,0.51509188,1.071,25.998,0.0,0.0,-25.247021150751667,-2.1211297677892125,175.540722355292,Before Launch
1307,2025-05-03 22:52:00,67.568,0.13779528000000002,0.015,25.993,0.0,0.0,-25.24621368668035,-2.1172440183914056,175.5484758387834,Before Launch
1308,2025-05-03 22:52:00,67.613,0.13779528000000002,-0.854,25.993,0.0,0.0,-25.27150534195933,-2.099206927427963,175.57189480820034,Before Launch
1309,2025-05-03 22:52:00,67.661,-0.35104988,-0.768,25.998,0.0,0.0,-25.299023253162748,-2.1093318255881095,175.58634444866289,Before Launch
1310,2025-05-03 22:52:00,67.716,0.61679792,0.0,25.993,0.0,0.0,-25.306209952931926,-2.104770880487526,175.59994085443233,Before Launch
1311,2025-05-03 22:52:00,67.774,1.00393704,1.931,25.998,0.0,0.0,-25.363223619237637,-2.077762829228616,175.58493201112157,Before Launch
1312,2025-05-03 22:52:00,67.824,0.70866144,0.941,25.973,0.0,0.0,-25.320881263881855,-2.063217320054799,175.58407473642734,Before Launch
1313,2025-05-03 22:52:00,67.873,-1.22703416,-0.968,25.99,0.0,0.0,-25.2982534012518,-2.0773432040968522,175.56513226253884,Before Launch
1314,2025-05-03 22:52:01,67.924,-0.47244095999999997,-1.533,25.998,0.0,0.0,-25.281423533954545,-2.095946430667965,175.54749837136876,Before Launch
1315,2025-05-03 22:52:01,67.978,0.28543308,-0.08,26.005,0.0,0.0,-25.34810807341132,-2.0396084549123272,175.53000056977535,Before Launch
1316,2025-05-03 22:52:01,68.028,-0.47244095999999997,-0.769,25.998,0.0,0.0,-25.31151738293992,-2.054407474910995,175.5418490740641,Before Launch
1317,2025-05-03 22:52:01,68.078,0.8825459600000001,1.158,26.0,0.0,0.0,-25.305804506968304,-2.064696154944795,175.5598903797924,Before Launch
1318,2025-05-03 22:52:01,68.123,-1.9258530799999998,-1.132,26.003,0.0,0.0,-25.3015526416255,-2.0959730329517217,175.52607743716527,Before Launch
1319,2025-05-03 22:52:01,68.176,-0.83989504,-1.421,25.998,0.0,0.0,-25.264800462693376,-2.139509255199877,175.49704551266896,Before Launch
1320,2025-05-03 22:52:01,68.226,0.8825459600000001,0.299,26.003,0.0,0.0,-25.307908133071713,-2.131326869272242,175.48407600628653,Before Launch
1321,2025-05-03 22:52:01,68.282,-1.3287402000000001,-0.485,25.995,0.0,0.0,-25.32786532352576,-2.1403624804541943,175.48936021214254,Before Launch
1322,2025-05-03 22:52:01,68.339,0.65288716,0.99,26.005,0.0,0.0,-25.33228523700296,-2.127005412576546,175.50768972220496,Before Launch
1323,2025-05-03 22:52:01,68.394,-0.08530183999999999,-0.937,26.005,0.0,0.0,-25.31188940634612,-2.133921742334608,175.52104266407278,Before Launch
1324,2025-05-03 22:52:01,68.442,0.65288716,-0.555,26.005,0.0,0.0,-25.295052551182224,-2.108715555652745,175.54626926444692,Before Launch
1325,2025-05-03 22:52:01,68.489,0.51509188,-0.096,26.003,0.0,0.0,-25.236733957040993,-2.097712126442614,175.53835087350814,Before Launch
1326,2025-05-03 22:52:01,68.547,-0.47244095999999997,0.113,25.998,0.0,0.0,-25.254270197365084,-2.148132286326411,175.5005387528601,Before Launch
1327,2025-05-03 22:52:01,68.601,-0.71194228,-1.995,26.003,0.0,0.0,-25.2705166302254,-2.1961221570037637,175.46108750895135,Before Launch
1328,2025-05-03 22:52:01,68.651,2.10958012,2.414,25.998,0.0,0.0,-25.31935472851331,-2.188496752403039,175.453944368342,Before Launch
1329,2025-05-03 22:52:01,68.697,-0.47244095999999997,-0.291,26.005,0.0,0.0,-25.328930881063137,-2.1697383581131486,175.43130454917824,Before Launch
1330,2025-05-03 22:52:01,68.742,-0.7185039599999999,-0.195,25.995,0.0,0.0,-25.341154569389804,-2.1886784397126817,175.42389306142422,Before Launch
1331,2025-05-03 22:52:01,68.79,-0.10170604,-0.487,25.988,0.0,0.0,-25.374863591275087,-2.1540432829910032,175.46727093241483,Before Launch
1332,2025-05-03 22:52:01,68.845,-0.5905511999999999,-0.57,25.983,0.0,0.0,-25.334344716880345,-2.164744120204853,175.50201763529873,Before Launch
1333,2025-05-03 22:52:02,68.901,-1.30905516,-1.123,26.008,0.0,0.0,-25.317303920657235,-2.1434989301511065,175.55365333370887,Before Launch
1334,2025-05-03 22:52:02,68.949,0.26574804,0.479,25.998,0.0,0.0,-25.307222230783832,-2.1179424504199775,175.54380084065315,Before Launch
1335,2025-05-03 22:52:02,68.994,0.9383202399999999,0.252,25.968,0.0,0.0,-25.280880117889005,-2.124347272364531,175.52729229504217,Before Launch
1336,2025-05-03 22:52:02,69.05,-0.95800528,-1.538,26.003,0.0,0.0,-25.276533622673984,-2.1299107917766475,175.52528910632293,Before Launch
1337,2025-05-03 22:52:02,69.097,-0.45275592000000003,-0.912,26.005,0.0,0.0,-25.26894101909044,-2.1393722292681603,175.50419411007644,Before Launch
1338,2025-05-03 22:52:02,69.143,0.28543308,1.191,25.995,0.0,0.0,-25.276353260790305,-2.1644525887688535,175.45057736294885,Before Launch
1339,2025-05-03 22:52:02,69.197,0.65288716,0.884,26.005,0.0,0.0,-25.270334109462514,-2.188196626481457,175.44838390962232,Before Launch
1340,2025-05-03 22:52:02,69.246,-0.26902888,-0.437,25.978,0.0,0.0,-25.30860734099361,-2.1536268585961964,175.42985391952973,Before Launch
1341,2025-05-03 22:52:02,69.291,-1.07939636,-0.481,26.003,0.0,0.0,-25.346850223564058,-2.1905822573412252,175.4037514957297,Before Launch
1342,2025-05-03 22:52:02,69.346,-1.19094492,-1.635,26.008,0.0,0.0,-25.389372700406057,-2.2631756892328077,175.3894024315862,Before Launch
1343,2025-05-03 22:52:02,69.394,-0.34120735999999996,1.247,26.008,0.0,0.0,-25.38205082665308,-2.248048167419902,175.37355866105352,Before Launch
1344,2025-05-03 22:52:02,69.443,1.00393704,1.455,26.003,0.0,0.0,-25.32223323264369,-2.209880109311515,175.34857410716123,Before Launch
1345,2025-05-03 22:52:02,69.498,-2.296588,-2.499,26.005,0.0,0.0,-25.364342365827092,-2.183194537436424,175.3456321813552,Before Launch
1346,2025-05-03 22:52:02,69.548,-0.71194228,0.487,26.003,0.0,0.0,-25.343775661148342,-2.206946854217728,175.33304887225967,Before Launch
1347,2025-05-03 22:52:02,69.594,0.16404200000000002,-0.39,25.983,0.0,0.0,-25.37975206695378,-2.2256827790013998,175.2148635943029,Before Launch
1348,2025-05-03 22:52:02,69.648,-0.20341208,-0.094,26.008,0.0,0.0,-25.44707035693412,-2.244116614660786,175.2859757818995,Before Launch
1349,2025-05-03 22:52:02,69.698,0.04593176,-0.483,26.01,0.0,0.0,-26.561331520878774,-2.413754995471576,175.1112771517702,Before Launch
1350,2025-05-03 22:52:02,69.746,1.39107616,0.697,26.005,0.0,0.0,-27.520715667606485,-2.5922221600303006,174.8419820089447,Before Launch
1351,2025-05-03 22:52:02,69.802,1.00393704,1.176,26.003,0.0,0.0,-27.83834345163415,-2.5843022877077346,174.75669238082745,Before Launch
1352,2025-05-03 22:52:02,69.855,-0.82021,-0.086,26.005,0.0,0.0,-28.779991705075087,-2.7644051496982676,174.56124729168238,Before Launch
1353,2025-05-03 22:52:03,69.905,-1.81758536,-3.132,26.003,0.0,0.0,-30.0510410713267,-2.9176732606617137,174.4293907470501,Before Launch
1354,2025-05-03 22:52:03,69.955,-1.07939636,-0.482,26.003,0.0,0.0,-30.572854916551076,-2.999223921782943,174.37933109093623,Before Launch
1355,2025-05-03 22:52:03,70.011,-1.0597113200000001,-0.269,26.01,0.0,0.0,-32.59897992137342,-3.117116566604919,174.67653055532438,Before Launch
1356,2025-05-03 22:52:03,70.06,0.41338584,0.406,26.01,0.0,0.0,-35.35339515161668,-3.1610769531400598,175.2103626506538,Before Launch
1357,2025-05-03 22:52:03,70.106,-0.22309712,0.291,26.01,0.0,0.0,-36.73472058192927,-3.133956619034448,175.53689490355083,Before Launch
1358,2025-05-03 22:52:03,70.158,-1.19094492,0.094,26.005,0.0,0.0,-38.38050731355978,-2.8697278535635764,176.31069237839964,Before Launch
1359,2025-05-03 22:52:03,70.204,-0.4429134,-0.565,26.0,0.0,0.0,-38.968174556789236,-2.6539379211031253,176.77484832416388,Before Launch
1360,2025-05-03 22:52:03,70.26,-1.67979008,-2.068,26.008,0.0,0.0,-39.01631885415237,-2.5868582681491583,176.89074551836063,Before Launch
1361,2025-05-03 22:52:03,70.312,-1.0597113200000001,-0.081,26.008,0.0,0.0,-39.319149138404725,-2.693301668524227,176.82440550923536,Before Launch
1362,2025-05-03 22:52:03,70.363,1.56496068,1.594,26.008,0.0,0.0,-38.92644211917302,-3.0185556630015364,176.56230693419923,Before Launch
1363,2025-05-03 22:52:03,70.411,-0.82021,-0.872,26.008,0.0,0.0,-37.610888748118036,-3.010117431744039,176.3570838619267,Before Launch
1364,2025-05-03 22:52:03,70.466,2.7559055999999997,1.657,25.953,0.0,0.0,-34.5225378247499,-2.991336968646909,175.87930419431552,Before Launch
1365,2025-05-03 22:52:03,70.517,-1.1811023999999999,-0.718,26.013,0.0,0.0,-28.679479230715856,-2.2709706487295613,176.02430769272647,Before Launch
1366,2025-05-03 22:52:03,70.562,0.13779528000000002,0.958,25.993,0.0,0.0,-26.373446798718167,-2.0623708096735784,175.8926906777857,Before Launch
1367,2025-05-03 22:52:03,70.608,-1.07939636,0.088,25.995,0.0,0.0,-23.69458220404948,-1.7802361885884952,175.78718309862714,Before Launch
1368,2025-05-03 22:52:03,70.654,-0.47244095999999997,-0.104,25.998,0.0,0.0,-22.80588253339863,-1.738175966015257,175.62102043191027,Before Launch
1369,2025-05-03 22:52:03,70.698,-1.20734912,-1.762,26.003,0.0,0.0,-20.849732940162177,-1.7981440567863414,175.27958627830097,Before Launch
1370,2025-05-03 22:52:03,70.744,-0.34120735999999996,1.569,25.993,0.0,0.0,-21.763131325755502,-1.8764510700614827,175.29313026894994,Before Launch
1371,2025-05-03 22:52:03,70.801,-1.07939636,-0.293,26.003,0.0,0.0,-22.85208551746772,-1.9789312812587712,175.41527827478396,Before Launch
1372,2025-05-03 22:52:03,70.859,-0.5905511999999999,-0.597,26.0,0.0,0.0,-24.87241403870738,-2.0785586787915906,175.5394189196951,Before Launch
1373,2025-05-03 22:52:04,70.906,-0.22309712,-0.016,26.005,0.0,0.0,-26.251547396941046,-2.2035449559141957,175.51450730074984,Before Launch
1374,2025-05-03 22:52:04,70.952,-0.5905511999999999,-0.508,26.0,0.0,0.0,-26.241480582485675,-2.2658105697506543,175.40702786980333,Before Launch
1375,2025-05-03 22:52:04,71.007,-1.94553812,-2.646,25.998,0.0,0.0,-26.19450328936279,-2.2809248188883267,175.29627225906677,Before Launch
1376,2025-05-03 22:52:04,71.059,-2.19488196,-2.545,25.995,0.0,0.0,-25.820754890935554,-2.226475395196041,175.29096805277757,Before Launch
1377,2025-05-03 22:52:04,71.104,-1.3287402000000001,-0.407,26.0,0.0,0.0,-25.798876251244838,-2.235921310780917,175.32529951519876,Before Launch
1378,2025-05-03 22:52:04,71.159,-0.5905511999999999,0.978,26.0,0.0,0.0,-25.915496559584952,-2.2440004010194947,175.36972388869194,Before Launch
1379,2025-05-03 22:52:04,71.21,-1.69619428,-0.491,26.0,0.0,0.0,-26.24532189467694,-2.1260146350340685,175.52583546737546,Before Launch
1380,2025-05-03 22:52:04,71.259,-1.0892388800000001,-0.024,25.985,0.0,0.0,-26.38031308663121,-2.1105202743799443,175.65328942943032,Before Launch
1381,2025-05-03 22:52:04,71.316,-2.07349088,-1.98,25.993,0.0,0.0,-26.4161473678613,-2.1592976323270907,175.542961646864,Before Launch
1382,2025-05-03 22:52:04,71.363,-1.4927822,-1.01,25.98,0.0,0.0,-26.43113240799576,-2.2779412300122566,175.3804343828908,Before Launch
1383,2025-05-03 22:52:04,71.408,-0.61679792,0.459,25.988,0.0,0.0,-26.444025443021097,-2.3027550020312386,175.3215441010082,Before Launch
1384,2025-05-03 22:52:04,71.455,-1.9652231599999999,-1.217,25.99,0.0,0.0,-26.416776708739775,-2.3386343831408936,175.22497830452085,Before Launch
1385,2025-05-03 22:52:04,71.502,-1.7060368000000001,-0.021,25.978,0.0,0.0,-26.34540068512099,-2.3425549984923335,175.29485663182524,Before Launch
1386,2025-05-03 22:52:04,71.557,-2.09317592,-0.83,25.985,0.0,0.0,-26.343009353333564,-2.3325297181598974,175.3368992045016,Before Launch
1387,2025-05-03 22:52:04,71.604,-0.98753284,-2.057,25.985,0.0,0.0,-26.223392709844536,-2.30662899527369,175.36800049286543,Before Launch
1388,2025-05-03 22:52:04,71.648,-1.1056430800000001,-0.231,25.988,0.0,0.0,-26.13887519114163,-2.302523998102629,175.38945323389243,Before Launch
1389,2025-05-03 22:52:04,71.702,-1.23687668,-3.23,25.988,0.0,0.0,-25.95249848843366,-2.2468963798213326,175.46612969986472,Before Launch
1390,2025-05-03 22:52:04,71.752,-1.35498692,-0.141,25.988,0.0,0.0,-25.806569809423166,-2.2334857522857816,175.5228572669727,Before Launch
1391,2025-05-03 22:52:04,71.799,-1.97178484,-1.705,25.983,0.0,0.0,-25.721285817207693,-2.198919841437159,175.51175849661806,Before Launch
1392,2025-05-03 22:52:04,71.847,-1.4927822,-0.334,25.98,0.0,0.0,-25.8140014675595,-2.1688717775458812,175.500430158602,Before Launch
1393,2025-05-03 22:52:05,71.893,-1.99146988,-1.226,25.98,0.0,0.0,-25.83930762395221,-2.1501990482804922,175.5754693264802,Before Launch
1394,2025-05-03 22:52:05,71.947,-0.86614176,0.273,25.983,0.0,0.0,-25.76281411987271,-2.168992589479321,175.5497811543546,Before Launch
1395,2025-05-03 22:52:05,72.005,-1.25328088,-0.723,25.975,0.0,0.0,-25.592178836075952,-2.0834748333826267,175.60554540655053,Before Launch
1396,2025-05-03 22:52:05,72.052,-2.2309712,-0.921,25.98,0.0,0.0,-25.48279168545355,-2.089406096331026,175.61805835120745,Before Launch
1397,2025-05-03 22:52:05,72.102,-1.23687668,-0.52,25.983,0.0,0.0,-25.4645546854961,-2.083178332040101,175.57227366870967,Before Launch
1398,2025-05-03 22:52:05,72.156,-0.75787404,-0.428,25.98,0.0,0.0,-25.420520599978587,-2.165365748479656,175.53730462732966,Before Launch
1399,2025-05-03 22:52:05,72.203,0.27559056000000004,0.692,25.943,0.0,0.0,-25.497964376248223,-2.135289846014552,175.57695820682474,Before Launch
1400,2025-05-03 22:52:05,72.249,-1.12532812,0.66,25.98,0.0,0.0,-25.680847399256468,-2.1033364802593173,175.64137512970734,Before Launch
1401,2025-05-03 22:52:05,72.303,-1.0498688,0.92,25.975,0.0,0.0,-25.621081394545186,-2.065751843159251,175.65156293519425,Before Launch
1402,2025-05-03 22:52:05,72.361,-0.53477692,0.632,25.968,0.0,0.0,-25.5290106140318,-2.063158826852565,175.62610371856783,Before Launch
1403,2025-05-03 22:52:05,72.408,-1.00393704,-0.331,25.97,0.0,0.0,-25.397979996932147,-2.043203329020023,175.637370199405,Before Launch
1404,2025-05-03 22:52:05,72.466,-0.8858268,0.645,25.973,0.0,0.0,-25.408768325880636,-2.0577933241473674,175.60696473501508,Before Launch
1405,2025-05-03 22:52:05,72.523,-1.99146988,-0.714,25.968,0.0,0.0,-25.431141284362287,-2.053239987599258,175.59819508249996,Before Launch
1406,2025-05-03 22:52:05,72.577,-1.13517064,0.744,25.973,0.0,0.0,-25.48139265991776,-2.0949509499999963,175.6075398041957,Before Launch
1407,2025-05-03 22:52:05,72.625,-3.22506572,-1.373,25.97,0.0,0.0,-25.422815182005984,-2.1067959376849883,175.56613361581952,Before Launch
1408,2025-05-03 22:52:05,72.674,-2.378609,-1.392,25.963,0.0,0.0,-25.329549496586566,-2.115314125517713,175.49329977111756,Before Launch
1409,2025-05-03 22:52:05,72.73,-2.1194226400000002,-0.121,25.97,0.0,0.0,-25.333801731634587,-2.1043784293117542,175.47073005632208,Before Launch
1410,2025-05-03 22:52:05,72.774,-0.53477692,0.921,25.97,0.0,0.0,-25.312823045324613,-2.1476013248593975,175.42916572389856,Before Launch
1411,2025-05-03 22:52:05,72.824,-1.27296592,0.647,25.968,0.0,0.0,-25.36366535521527,-2.1617361822918193,175.42364197327677,Before Launch
1412,2025-05-03 22:52:05,72.876,-1.44685044,-0.361,25.94,0.0,0.0,-25.2723257312202,-2.208117782705127,175.46500352452432,Before Launch
1413,2025-05-03 22:52:06,72.924,-1.50262472,-0.311,25.97,0.0,0.0,-25.25575110375614,-2.146026575638024,175.4409389703496,Before Launch
1414,2025-05-03 22:52:06,72.975,-1.13517064,0.08,25.978,0.0,0.0,-25.24624677696241,-2.1685139166335796,175.4499058910573,Before Launch
1415,2025-05-03 22:52:06,73.031,-2.48031504,-0.88,25.97,0.0,0.0,-25.266859413720216,-2.170907126446546,175.45509388804544,Before Launch
1416,2025-05-03 22:52:06,73.087,-1.0498688,0.716,25.978,0.0,0.0,-25.27137931629244,-2.1758341852319965,175.43450022023694,Before Launch
1417,2025-05-03 22:52:06,73.134,-2.11286096,-0.482,25.973,0.0,0.0,-25.28848686377801,-2.150766878510447,175.45880093918782,Before Launch
1418,2025-05-03 22:52:06,73.179,-1.01377956,0.76,25.97,0.0,0.0,-25.30275299899126,-2.155670692444471,175.4612017413416,Before Launch
1419,2025-05-03 22:52:06,73.23,-1.25328088,-0.302,25.975,0.0,0.0,-25.280215741273405,-2.1563032463580325,175.46238693381792,Before Launch
1420,2025-05-03 22:52:06,73.274,-1.37467196,-0.096,25.973,0.0,0.0,-25.28127585540657,-2.135324792670485,175.47262128102622,Before Launch
1421,2025-05-03 22:52:06,73.33,1.3648294399999998,2.814,25.975,0.0,0.0,-25.280049274545508,-2.094996217147492,175.48982138213074,Before Launch
1422,2025-05-03 22:52:06,73.386,-1.25328088,-0.013,25.975,0.0,0.0,-25.25623509772327,-2.115030091526827,175.47539427960595,Before Launch
1423,2025-05-03 22:52:06,73.434,-1.38451448,-0.49,25.97,0.0,0.0,-25.279889138960353,-2.1505861896537692,175.4675509331395,Before Launch
1424,2025-05-03 22:52:06,73.48,-1.37467196,-1.292,25.98,0.0,0.0,-25.278780734589834,-2.140258153358717,175.44404763081815,Before Launch
1425,2025-05-03 22:52:06,73.536,-0.8858268,0.186,25.975,0.0,0.0,-25.30519574995082,-2.1387535267924456,175.4185388608157,Before Launch
1426,2025-05-03 22:52:06,73.587,-0.49868767999999997,0.429,25.983,0.0,0.0,-25.276836334422317,-2.1768949996804245,175.40927238787168,Before Launch
1427,2025-05-03 22:52:06,73.632,1.76837276,1.812,25.973,0.0,0.0,-25.26788879834044,-2.1877461334632295,175.44936433051112,Before Launch
1428,2025-05-03 22:52:06,73.688,-0.1312336,0.682,25.98,0.0,0.0,-25.273995386553896,-2.1766087836897454,175.4624999335613,Before Launch
1429,2025-05-03 22:52:06,73.734,-0.86614176,0.016,25.983,0.0,0.0,-25.28612505810502,-2.1476887621056804,175.48504966473834,Before Launch
1430,2025-05-03 22:52:06,73.782,-0.0,1.582,25.978,0.0,0.0,-25.255634187222128,-2.150753696233054,175.50995464929503,Before Launch
1431,2025-05-03 22:52:06,73.836,-0.98753284,0.117,25.943,0.0,0.0,-25.269989003308332,-2.1542961581929934,175.4909228904286,Before Launch
1432,2025-05-03 22:52:06,73.881,-0.0656168,2.515,25.98,0.0,0.0,-25.275252364971227,-2.1724025859942278,175.49024559054894,Before Launch
1433,2025-05-03 22:52:07,73.93,0.02624672,1.915,25.97,0.0,0.0,-25.351493212506607,-2.0955805119477557,175.4845220262719,Before Launch
1434,2025-05-03 22:52:07,73.985,-0.01968504,1.673,25.98,0.0,0.0,-25.326381360999832,-2.13650599464391,175.45083349582066,Before Launch
1435,2025-05-03 22:52:07,74.031,-0.75787404,-0.177,25.988,0.0,0.0,-25.33523393407602,-2.1384071801904425,175.44988707319226,Before Launch
1436,2025-05-03 22:52:07,74.077,1.08595804,1.883,25.98,0.0,0.0,-25.32867990029841,-2.1367646811290792,175.42550075008344,Before Launch
1437,2025-05-03 22:52:07,74.132,-1.6043307599999999,-0.125,25.985,0.0,0.0,-25.318897650600114,-2.184497000075941,175.40809576201838,Before Launch
1438,2025-05-03 22:52:07,74.187,-0.49868767999999997,0.795,25.983,0.0,0.0,-25.319604958867888,-2.163823493140826,175.4509051721484,Before Launch
1439,2025-05-03 22:52:07,74.235,-1.1056430800000001,0.023,25.988,0.0,0.0,-25.310914232777822,-2.127874208491804,175.46585111666258,Before Launch
1440,2025-05-03 22:52:07,74.29,-0.61679792,1.48,25.973,0.0,0.0,-25.323704210747223,-2.1192835724716703,175.5044684551695,Before Launch
1441,2025-05-03 22:52:07,74.338,-0.37073492,0.543,25.99,0.0,0.0,-25.32276005985931,-2.1056691963646164,175.56066699930463,Before Launch
1442,2025-05-03 22:52:07,74.385,-1.23687668,0.7,25.985,0.0,0.0,-25.320337660952312,-2.1004268702711237,175.57885971698502,Before Launch
1443,2025-05-03 22:52:07,74.442,-1.9652231599999999,-0.753,25.99,0.0,0.0,-25.322401899830652,-2.035967999769312,175.61956104171904,Before Launch
1444,2025-05-03 22:52:07,74.493,-0.86614176,0.307,25.983,0.0,0.0,-25.30632965503446,-2.0861650047993017,175.6230588459782,Before Launch
1445,2025-05-03 22:52:07,74.537,-0.98753284,0.307,25.985,0.0,0.0,-25.311882514117315,-2.071004180475971,175.62257396545422,Before Launch
1446,2025-05-03 22:52:07,74.584,-0.61679792,-1.58,25.983,0.0,0.0,-25.298212016016418,-2.114369691400159,175.58221256806948,Before Launch
1447,2025-05-03 22:52:07,74.636,-0.738189,0.412,25.988,0.0,0.0,-25.338158579347095,-2.088351257352549,175.58661827897086,Before Launch
1448,2025-05-03 22:52:07,74.686,-0.48884516,0.715,25.98,0.0,0.0,-25.33084747893839,-2.1036130766718837,175.5620224616454,Before Launch
1449,2025-05-03 22:52:07,74.741,-0.22965880000000002,0.908,25.99,0.0,0.0,-25.32798744785805,-2.087772952314334,175.5451056954117,Before Launch
1450,2025-05-03 22:52:07,74.789,-1.1056430800000001,-0.175,25.988,0.0,0.0,-25.29678627663909,-2.1160222692775315,175.53586755439238,Before Launch
1451,2025-05-03 22:52:07,74.835,-0.37073492,0.103,25.983,0.0,0.0,-25.305471117441556,-2.129785774032325,175.5539507515252,Before Launch
1452,2025-05-03 22:52:08,74.894,-1.84383208,-2.862,25.988,0.0,0.0,-25.29568534336356,-2.1047802141872265,175.56515777147766,Before Launch
1453,2025-05-03 22:52:08,74.948,1.14173232,1.01,25.963,0.0,0.0,-25.32055352874695,-2.1050753950169767,175.56808762371577,Before Launch
1454,2025-05-03 22:52:08,74.995,-1.57808404,-0.565,25.988,0.0,0.0,-25.3293864614294,-2.089240169300313,175.5589955867846,Before Launch
1455,2025-05-03 22:52:08,75.044,-1.1056430800000001,-0.876,25.99,0.0,0.0,-25.322498990363037,-2.1031799524689845,175.5599260504764,Before Launch
1456,2025-05-03 22:52:08,75.101,-2.3326772399999998,-1.063,25.99,0.0,0.0,-25.35588758599886,-2.083990359338009,175.55980367683853,Before Launch
1457,2025-05-03 22:52:08,75.146,0.79068244,0.677,25.955,0.0,0.0,-25.328583590899797,-2.1436271379749128,175.58212523517508,Before Launch
1458,2025-05-03 22:52:08,75.194,-0.61679792,-0.509,25.985,0.0,0.0,-25.334882864807685,-2.1239763239646146,175.59653106040213,Before Launch
1459,2025-05-03 22:52:08,75.248,2.82808408,2.255,25.985,0.0,0.0,-25.293046599017657,-2.0935915895051616,175.60364684401614,Before Launch
1460,2025-05-03 22:52:08,75.293,-1.84383208,-0.861,25.988,0.0,0.0,-25.250558953354624,-2.037226909517683,175.61287888267307,Before Launch
1461,2025-05-03 22:52:08,75.345,0.11811023999999999,-0.763,25.985,0.0,0.0,-25.201051623426324,-2.093294457412786,175.53424734935294,Before Launch
1462,2025-05-03 22:52:08,75.4,-0.9678477999999999,0.502,25.993,0.0,0.0,-25.19629362206094,-2.0813128565772567,175.47848098097867,Before Launch
1463,2025-05-03 22:52:08,75.452,0.24934383999999998,0.591,25.988,0.0,0.0,-25.188750865248476,-2.130820039061926,175.47000168068536,Before Launch
1464,2025-05-03 22:52:08,75.499,0.63648296,1.378,25.978,0.0,0.0,-25.182407172632665,-2.1233036122999627,175.4259137260799,Before Launch
1465,2025-05-03 22:52:08,75.547,-2.43438328,-1.446,26.0,0.0,0.0,-25.20850454113051,-2.1317414466969256,175.41824441795205,Before Launch
1466,2025-05-03 22:52:08,75.608,-0.10170604,0.212,25.998,0.0,0.0,-25.237979603863945,-2.1724799699117066,175.43230890972953,Before Launch
1467,2025-05-03 22:52:08,75.654,-1.45669296,-0.173,26.0,0.0,0.0,-25.2375247826985,-2.1450704427006695,175.4602573179884,Before Launch
1468,2025-05-03 22:52:08,75.704,-1.0892388800000001,0.694,25.995,0.0,0.0,-25.235641613662917,-2.1263066292140707,175.47966004120582,Before Launch
1469,2025-05-03 22:52:08,75.752,-0.75787404,0.086,25.98,0.0,0.0,-25.261423904033563,-2.1554360000928767,175.45916416918394,Before Launch
1470,2025-05-03 22:52:08,75.797,-1.8241470400000002,-0.664,25.998,0.0,0.0,-25.284756067915094,-2.182941081565487,175.45186372410046,Before Launch
1471,2025-05-03 22:52:08,75.852,-1.94553812,-1.048,25.998,0.0,0.0,-25.30098426118426,-2.1830025289287884,175.43859812002512,Before Launch
1472,2025-05-03 22:52:09,75.907,-1.3287402000000001,-0.465,26.0,0.0,0.0,-25.273359261163158,-2.1834554768511554,175.43222176533186,Before Launch
1473,2025-05-03 22:52:09,75.955,-1.20734912,-0.566,25.993,0.0,0.0,-25.26234373138635,-2.194080252610355,175.44193561611715,Before Launch
1474,2025-05-03 22:52:09,76.006,-1.94553812,-1.356,25.995,0.0,0.0,-25.3163475810763,-2.203046750852479,175.44488748932977,Before Launch
1475,2025-05-03 22:52:09,76.064,-0.12139108,0.772,25.995,0.0,0.0,-25.291666763189173,-2.1138586446262226,175.46053239927357,Before Launch
1476,2025-05-03 22:52:09,76.12,-2.0669292,-1.32,26.0,0.0,0.0,-25.264165586694208,-2.0964780772477414,175.50146963002263,Before Launch
1477,2025-05-03 22:52:09,76.169,-0.22965880000000002,1.266,25.993,0.0,0.0,-25.277666728101416,-2.0710915807119075,175.5370715907358,Before Launch
1478,2025-05-03 22:52:09,76.214,-0.48884516,-1.288,25.99,0.0,0.0,-25.251371916150635,-2.0730353403936426,175.53785976906298,Before Launch
1479,2025-05-03 22:52:09,76.267,-1.94553812,-0.289,25.998,0.0,0.0,-25.251373904455896,-2.123512859944993,175.52383820084864,Before Launch
1480,2025-05-03 22:52:09,76.317,0.8759842800000001,1.557,25.995,0.0,0.0,-25.25933725900329,-2.1058882396848193,175.51725972363965,Before Launch
1481,2025-05-03 22:52:09,76.365,0.0164042,1.858,25.995,0.0,0.0,-25.26967646187445,-2.1257034627848297,175.5428879281731,Before Launch
1482,2025-05-03 22:52:09,76.423,-0.60039372,-1.089,25.99,0.0,0.0,-25.248303140455693,-2.1322005486194597,175.54407232063576,Before Launch
1483,2025-05-03 22:52:09,76.477,-1.8241470400000002,-0.941,25.995,0.0,0.0,-25.255634660420554,-2.112113534275049,175.52306373079236,Before Launch
1484,2025-05-03 22:52:09,76.528,-1.57808404,-3.442,25.993,0.0,0.0,-25.273385660333357,-2.11681659421121,175.5158486211987,Before Launch
1485,2025-05-03 22:52:09,76.578,-1.20734912,0.495,25.998,0.0,0.0,-25.250396901925306,-2.117943039577003,175.4268434531005,Before Launch
1486,2025-05-03 22:52:09,76.628,-1.8241470400000002,-1.514,25.993,0.0,0.0,-25.232803981090626,-2.109739028814184,175.4058237836457,Before Launch
1487,2025-05-03 22:52:09,76.677,-1.22703416,-0.203,25.983,0.0,0.0,-25.2259363745472,-2.1192866511689012,175.40058785387689,Before Launch
1488,2025-05-03 22:52:09,76.723,-1.1056430800000001,-1.066,25.99,0.0,0.0,-25.239738012217025,-2.1810333059408955,175.4140208351578,Before Launch
1489,2025-05-03 22:52:09,76.778,-1.45669296,-1.637,25.995,0.0,0.0,-25.220103928294645,-2.1839838628743746,175.41154641935154,Before Launch
1490,2025-05-03 22:52:09,76.824,-1.7060368000000001,0.57,25.99,0.0,0.0,-25.25078314840264,-2.166026231678683,175.45718117403382,Before Launch
1491,2025-05-03 22:52:09,76.87,-0.95800528,-0.679,25.948,0.0,0.0,-25.239071605904673,-2.144474141115096,175.4723305719453,Before Launch
1492,2025-05-03 22:52:10,76.926,-0.47244095999999997,0.774,25.998,0.0,0.0,-25.29675615253057,-2.151258721126726,175.4756762145496,Before Launch
1493,2025-05-03 22:52:10,76.973,-1.45669296,-0.29,25.998,0.0,0.0,-25.338044078668542,-2.136999653976004,175.4676545855626,Before Launch
1494,2025-05-03 22:52:10,77.021,-2.18503944,-1.125,26.003,0.0,0.0,-25.297936395181676,-2.1464948601090126,175.45471683788347,Before Launch
1495,2025-05-03 22:52:10,77.076,-1.7060368000000001,0.092,25.993,0.0,0.0,-25.283507326160358,-2.1505617988168617,175.43739878764558,Before Launch
1496,2025-05-03 22:52:10,77.125,-1.7060368000000001,0.188,25.993,0.0,0.0,-25.298811092012663,-2.1386339930148544,175.4331570603452,Before Launch
1497,2025-05-03 22:52:10,77.17,-2.43438328,-0.875,25.993,0.0,0.0,-25.303992175600143,-2.136213533142623,175.44103763595132,Before Launch
1498,2025-05-03 22:52:10,77.225,-1.8241470400000002,-0.486,25.995,0.0,0.0,-25.296366844506913,-2.1281120626501515,175.47367017383962,Before Launch
1499,2025-05-03 22:52:10,77.274,-1.94553812,0.0,25.995,0.0,0.0,-25.31397244685782,-2.103343970423798,175.51020573508862,Before Launch
1500,2025-05-03 22:52:10,77.324,0.5413386,0.526,25.97,0.0,0.0,-25.33202218832199,-2.0614422369483054,175.554365585973,Before Launch
1501,2025-05-03 22:52:10,77.378,-1.8241470400000002,0.193,25.995,0.0,0.0,-25.337476167556577,-2.056993907001241,175.55900116564598,Before Launch
1502,2025-05-03 22:52:10,77.425,-0.14763779999999999,0.065,25.99,0.0,0.0,-25.349426996093598,-2.0796528256399194,175.56068787719337,Before Launch
1503,2025-05-03 22:52:10,77.471,-0.8595800800000001,-0.295,25.99,0.0,0.0,-25.36981471292236,-2.0823164702226347,175.58441537227108,Before Launch
1504,2025-05-03 22:52:10,77.518,-2.68372712,-0.59,25.998,0.0,0.0,-26.042674029571124,-2.0746156403196268,175.76670609315843,Before Launch
1505,2025-05-03 22:52:10,77.563,-1.45669296,-1.872,25.995,0.0,0.0,-26.718219078896876,-2.013351829756888,176.0469633414678,Before Launch
1506,2025-05-03 22:52:10,77.619,-1.23687668,-0.999,25.983,0.0,0.0,-26.926506096462383,-1.9803993257134598,176.10697604814374,Before Launch
1507,2025-05-03 22:52:10,77.666,-0.738189,-0.111,25.988,0.0,0.0,-26.897201444926367,-1.9470328970390791,176.15755707147795,Before Launch
1508,2025-05-03 22:52:10,77.715,-1.9652231599999999,-0.114,25.99,0.0,0.0,-26.844154471433903,-1.9783176378773202,176.1088047997506,Before Launch
1509,2025-05-03 22:52:10,77.769,-1.35498692,0.18,25.983,0.0,0.0,-26.373790482587538,-2.0077450568720163,175.9710980293387,Before Launch
1510,2025-05-03 22:52:10,77.817,-2.09317592,-0.715,25.99,0.0,0.0,-25.982464827954722,-2.10514909570474,175.76532536157015,Before Launch
1511,2025-05-03 22:52:10,77.866,-1.476378,0.281,25.985,0.0,0.0,-25.657850481784017,-2.113126819200221,175.62289763038524,Before Launch
1512,2025-05-03 22:52:11,77.921,1.7486877200000002,2.392,25.943,0.0,0.0,-25.555821315303028,-2.1260084095528082,175.53804327608913,Before Launch
1513,2025-05-03 22:52:11,77.97,-1.84383208,-0.592,25.978,0.0,0.0,-25.43760377397189,-2.185760343580693,175.41841511735092,Before Launch
1514,2025-05-03 22:52:11,78.014,-2.46063,-0.812,25.978,0.0,0.0,-25.400984532353448,-2.188956917905765,175.42241764176634,Before Launch
1515,2025-05-03 22:52:11,78.07,-1.35498692,0.282,25.985,0.0,0.0,-25.376103821628696,-2.160463179872218,175.39321416159046,Before Launch
1516,2025-05-03 22:52:11,78.127,1.25328088,1.759,25.938,0.0,0.0,-25.326907361435133,-2.1624075905016507,175.40794135306268,Before Launch
1517,2025-05-03 22:52:11,78.179,-2.2112861600000002,-1.388,25.988,0.0,0.0,-25.2994693581844,-2.123099254521717,175.47407257605542,Before Launch
1518,2025-05-03 22:52:11,78.224,-3.32021008,-1.49,25.98,0.0,0.0,-25.32281863968787,-2.0816573639461953,175.56833990472495,Before Launch
1519,2025-05-03 22:52:11,78.28,-1.476378,0.563,25.988,0.0,0.0,-25.31433935023947,-2.0945789111985853,175.5971445707351,Before Launch
1520,2025-05-03 22:52:11,78.328,-0.98753284,0.574,25.985,0.0,0.0,-25.31055155498624,-2.0840251313305616,175.64273385343787,Before Launch
1521,2025-05-03 22:52:11,78.377,-1.59448824,0.089,25.983,0.0,0.0,-25.3235450292987,-2.091660555918749,175.59917660380367,Before Launch
1522,2025-05-03 22:52:11,78.427,-2.07349088,0.287,25.993,0.0,0.0,-25.334272910454423,-2.068739649686746,175.61639932200623,Before Launch
1523,2025-05-03 22:52:11,78.481,-1.1056430800000001,0.572,25.988,0.0,0.0,-25.30585529659871,-2.100545792334556,175.55109904589315,Before Launch
1524,2025-05-03 22:52:11,78.526,-1.84383208,0.081,25.988,0.0,0.0,-25.286242557096106,-2.1097981305742857,175.5288354050492,Before Launch
1525,2025-05-03 22:52:11,78.58,-1.35498692,-1.51,25.988,0.0,0.0,-25.286840837773127,-2.1003779733097137,175.54231243071087,Before Launch
1526,2025-05-03 22:52:11,78.639,-0.98753284,0.663,25.99,0.0,0.0,-25.27447095399475,-2.14631901091901,175.534000911523,Before Launch
1527,2025-05-03 22:52:11,78.687,-1.45669296,-1.037,25.988,0.0,0.0,-25.248099762321857,-2.1567034204545585,175.49792754776175,Before Launch
1528,2025-05-03 22:52:11,78.734,-2.3326772399999998,-1.166,25.975,0.0,0.0,-25.256311129917595,-2.1109236335136,175.5267975027437,Before Launch
1529,2025-05-03 22:52:11,78.787,-0.38713912,1.81,25.983,0.0,0.0,-25.239835025069826,-2.103807890645932,175.5438674029313,Before Launch
1530,2025-05-03 22:52:11,78.834,-2.7001313199999997,-0.978,25.99,0.0,0.0,-25.24306172420254,-2.0962242259573984,175.5537934539442,Before Launch
1531,2025-05-03 22:52:11,78.88,-1.35498692,-0.094,25.985,0.0,0.0,-25.243531727055036,-2.102660650758177,175.57560686026983,Before Launch
1532,2025-05-03 22:52:12,78.927,-1.33858272,-0.476,25.993,0.0,0.0,-25.25029886143679,-2.0885758817812508,175.59877242822142,Before Launch
1533,2025-05-03 22:52:12,78.973,-1.72572184,0.19,25.988,0.0,0.0,-25.28614016904368,-2.095406669493902,175.57305944063617,Before Launch
1534,2025-05-03 22:52:12,79.028,-3.198819,-1.465,25.985,0.0,0.0,-25.273200849280254,-2.0853721972040016,175.53177789506688,Before Launch
1535,2025-05-03 22:52:12,79.077,-1.476378,0.49,25.988,0.0,0.0,-25.284945918009623,-2.116176734661644,175.5006811845343,Before Launch
1536,2025-05-03 22:52:12,79.131,-0.14763779999999999,1.05,25.975,0.0,0.0,-25.299733721500356,-2.1078581829693026,175.4892662883803,Before Launch
1537,2025-05-03 22:52:12,79.182,-0.86614176,-2.074,25.993,0.0,0.0,-25.305326099936728,-2.131168454097258,175.47211787617363,Before Launch
1538,2025-05-03 22:52:12,79.237,-1.1056430800000001,0.583,25.988,0.0,0.0,-25.307802221091556,-2.1024664761791105,175.50193174299304,Before Launch
1539,2025-05-03 22:52:12,79.285,0.32152232000000003,2.189,25.965,0.0,0.0,-25.32073826170337,-2.110440260649655,175.54447408522526,Before Launch
1540,2025-05-03 22:52:12,79.331,-0.738189,0.489,25.988,0.0,0.0,-25.31894532361838,-2.135265526024942,175.53849174614123,Before Launch
1541,2025-05-03 22:52:12,79.387,-2.58202108,-3.044,25.985,0.0,0.0,-25.279681348892222,-2.122566965135674,175.55995143718127,Before Launch
1542,2025-05-03 22:52:12,79.436,-1.8241470400000002,0.308,25.995,0.0,0.0,-25.296129126180517,-2.1577387806966275,175.581097210726,Before Launch
1543,2025-05-03 22:52:12,79.482,-2.09317592,0.975,25.985,0.0,0.0,-25.30494900306023,-2.1614021694282846,175.5950436753282,Before Launch
1544,2025-05-03 22:52:12,79.539,-1.1056430800000001,0.294,25.988,0.0,0.0,-25.32462981513764,-2.141692924956709,175.58927710101074,Before Launch
1545,2025-05-03 22:52:12,79.589,-1.1056430800000001,-0.094,25.988,0.0,0.0,-25.30916232085897,-2.1524150780747293,175.5310305307943,Before Launch
1546,2025-05-03 22:52:12,79.637,-1.23687668,0.284,25.983,0.0,0.0,-25.283064371523185,-2.155401407911841,175.51221637541892,Before Launch
1547,2025-05-03 22:52:12,79.692,-1.12532812,0.75,25.98,0.0,0.0,-25.321292127876557,-2.129423177910807,175.49366729086302,Before Launch
1548,2025-05-03 22:52:12,79.741,-1.84383208,-0.586,25.99,0.0,0.0,-25.347125180016004,-2.1696588332438984,175.49786983881896,Before Launch
1549,2025-05-03 22:52:12,79.789,-0.61679792,0.972,25.985,0.0,0.0,-25.303448793041817,-2.1652678993600922,175.49524495773622,Before Launch
1550,2025-05-03 22:52:12,79.843,-0.51837272,0.662,25.983,0.0,0.0,-25.305262303752688,-2.153872275665711,175.5086121119603,Before Launch
1551,2025-05-03 22:52:13,79.89,-2.09317592,-0.884,25.988,0.0,0.0,-25.350668861380026,-2.108830608774247,175.5706021440047,Before Launch
1552,2025-05-03 22:52:13,79.938,-1.1056430800000001,0.281,25.988,0.0,0.0,-25.368828545426943,-2.0844195763137288,175.60265151205286,Before Launch
1553,2025-05-03 22:52:13,79.993,-0.0656168,1.801,25.958,0.0,0.0,-25.353441903896453,-2.0708211407456605,175.6946543192362,Before Launch
1554,2025-05-03 22:52:13,80.04,-0.1312336,0.204,25.983,0.0,0.0,-25.343607232883706,-2.0720400820250005,175.67764556158178,Before Launch
1555,2025-05-03 22:52:13,80.09,-1.1515748399999999,1.233,25.99,0.0,0.0,-25.370908105393973,-2.0680871793230797,175.6485621960186,Before Launch
1556,2025-05-03 22:52:13,80.148,1.09580056,1.933,25.926,0.0,0.0,-25.303774176563362,-2.071211824287387,175.6309124670935,Before Launch
1557,2025-05-03 22:52:13,80.193,-1.84383208,-0.399,25.988,0.0,0.0,-25.331387890609626,-2.0995636038103367,175.59382208210872,Before Launch
1558,2025-05-03 22:52:13,80.245,-0.37073492,1.065,25.988,0.0,0.0,-25.395891391104925,-2.0687073010115196,175.62442475336897,Before Launch
1559,2025-05-03 22:52:13,80.297,1.2631234,3.516,25.98,0.0,0.0,-25.385686727478827,-2.0887380986195834,175.65147635677926,Before Launch
1560,2025-05-03 22:52:13,80.355,-1.99146988,-0.403,25.973,0.0,0.0,-25.392311986634976,-2.078343617628661,175.6194904303579,Before Launch
1561,2025-05-03 22:52:13,80.416,-0.43307088,-0.222,25.975,0.0,0.0,-25.395244847989275,-2.1081098866180477,175.60933754332498,Before Launch
1562,2025-05-03 22:52:13,80.474,-0.01968504,0.655,25.943,0.0,0.0,-25.402824383697528,-2.1143890902281783,175.59383389548034,Before Launch
1563,2025-05-03 22:52:13,80.522,-1.8635171199999998,-0.59,25.98,0.0,0.0,-25.366551618654857,-2.13267300130176,175.50550702931957,Before Launch
1564,2025-05-03 22:52:13,80.571,-1.00393704,-1.031,25.983,0.0,0.0,-25.316593577581592,-2.1408006975785523,175.48065199742373,Before Launch
1565,2025-05-03 22:52:13,80.624,-0.24934383999999998,0.378,25.985,0.0,0.0,-25.300474644146334,-2.139278172063131,175.47664695924348,Before Launch
1566,2025-05-03 22:52:13,80.675,0.10170604,2.084,25.978,0.0,0.0,-25.296347232786804,-2.1367969622634613,175.47779641297936,Before Launch
1567,2025-05-03 22:52:13,80.721,-1.4927822,0.258,25.978,0.0,0.0,-25.349309825465316,-2.16510544554305,175.51059173919512,Before Launch
1568,2025-05-03 22:52:13,80.777,-0.86614176,0.948,25.983,0.0,0.0,-25.341822702210745,-2.145500134063098,175.5151974331442,Before Launch
1569,2025-05-03 22:52:13,80.823,-0.86614176,0.187,25.983,0.0,0.0,-25.353487269480116,-2.168168330542234,175.44497431193344,Before Launch
1570,2025-05-03 22:52:13,80.872,-1.00393704,0.079,25.978,0.0,0.0,-25.37288733217408,-2.1952625815758875,175.41594206601135,Before Launch
1571,2025-05-03 22:52:14,80.926,-1.25328088,-0.013,25.98,0.0,0.0,-25.377724515700088,-2.194670122446704,175.37083888228722,Before Launch
1572,2025-05-03 22:52:14,80.976,0.4429134,1.221,25.963,0.0,0.0,-25.385690956044275,-2.183364472865317,175.3853208387519,Before Launch
1573,2025-05-03 22:52:14,81.028,-0.61679792,0.953,25.975,0.0,0.0,-25.351892174547878,-2.176117592755121,175.4037717875994,Before Launch
1574,2025-05-03 22:52:14,81.083,-1.12532812,-0.393,25.98,0.0,0.0,-25.32024727083947,-2.186288497692526,175.39646290107268,Before Launch
1575,2025-05-03 22:52:14,81.14,-1.00393704,-0.374,25.978,0.0,0.0,-25.312675289185275,-2.171343960651049,175.38471568615327,Before Launch
1576,2025-05-03 22:52:14,81.187,-1.8635171199999998,0.177,25.98,0.0,0.0,-25.310843670378073,-2.2069925139658455,175.38165682806462,Before Launch
1577,2025-05-03 22:52:14,81.237,-1.00393704,0.078,25.978,0.0,0.0,-25.331202275693286,-2.1457423507224584,175.37953012027992,Before Launch
1578,2025-05-03 22:52:14,81.295,-0.8858268,-0.63,25.975,0.0,0.0,-25.383073053087085,-2.134556986857787,175.39142058619274,Before Launch
1579,2025-05-03 22:52:14,81.355,1.8503937599999998,1.507,25.978,0.0,0.0,-25.381514160336017,-2.1658431897982333,175.4012442157266,Before Launch
1580,2025-05-03 22:52:14,81.411,0.95800528,1.597,25.963,0.0,0.0,-25.374699094419313,-2.1734854831627874,175.42721052839366,Before Launch
1581,2025-05-03 22:52:14,81.465,0.10170604,-0.755,25.978,0.0,0.0,-25.356314202382002,-2.159089140669384,175.46845870340542,Before Launch
1582,2025-05-03 22:52:14,81.515,-0.26902888,1.191,25.978,0.0,0.0,-25.31666524113041,-2.0710930008961825,175.52076209600705,Before Launch
1583,2025-05-03 22:52:14,81.564,-0.26902888,0.077,25.978,0.0,0.0,-25.34246929419191,-2.0999074378563267,175.52489628642965,Before Launch
1584,2025-05-03 22:52:14,81.612,-0.64632548,-1.452,25.97,0.0,0.0,-25.304522768743613,-2.1474831551746045,175.47498485197292,Before Launch
1585,2025-05-03 22:52:14,81.66,-1.4927822,0.382,25.98,0.0,0.0,-25.295754760298266,-2.1214384827026818,175.5192975744588,Before Launch
1586,2025-05-03 22:52:14,81.716,-1.13517064,-0.54,25.963,0.0,0.0,-25.287467501235763,-2.115520334306858,175.53064117839077,Before Launch
1587,2025-05-03 22:52:14,81.774,-1.74212604,-1.325,25.978,0.0,0.0,-25.302657974963218,-2.1181872747314165,175.52687231905554,Before Launch
1588,2025-05-03 22:52:14,81.819,-0.01968504,1.422,25.98,0.0,0.0,-25.27016197482199,-2.0869372950231324,175.52669247432624,Before Launch
1589,2025-05-03 22:52:14,81.869,-0.26902888,0.566,25.97,0.0,0.0,-25.289018154688375,-2.0804758088088935,175.57699713395004,Before Launch
1590,2025-05-03 22:52:15,81.925,0.10170604,0.27,25.938,0.0,0.0,-25.297307374175894,-2.08271474473119,175.62553298001149,Before Launch
1591,2025-05-03 22:52:15,81.971,-0.49868767999999997,-0.463,25.983,0.0,0.0,-25.30422153765257,-2.055283671240771,175.67289947750962,Before Launch
1592,2025-05-03 22:52:15,82.019,-2.48031504,-0.761,25.973,0.0,0.0,-25.23368011850594,-2.0484266424867146,175.6781607999073,Before Launch
1593,2025-05-03 22:52:15,82.074,-1.4927822,-0.483,25.98,0.0,0.0,-25.243837029946167,-2.019514822811247,175.69684316961522,Before Launch
1594,2025-05-03 22:52:15,82.121,-1.12532812,-0.2,25.98,0.0,0.0,-25.25401875575517,-2.030215724606487,175.62665291677408,Before Launch
1595,2025-05-03 22:52:15,82.167,-0.8858268,0.091,25.975,0.0,0.0,-25.245522866330592,-2.0522168243339074,175.6124518903127,Before Launch
1596,2025-05-03 22:52:15,82.225,-0.14763779999999999,0.851,25.975,0.0,0.0,-25.262315540658555,-2.066255618938175,175.5771634125004,Before Launch
1597,2025-05-03 22:52:15,82.273,-0.38713912,-0.64,25.98,0.0,0.0,-25.277391703432304,-2.117490857776685,175.50292445167588,Before Launch
1598,2025-05-03 22:52:15,82.319,0.7185039599999999,1.034,25.978,0.0,0.0,-25.275591402258915,-2.1305699619426983,175.45727684777307,Before Launch
1599,2025-05-03 22:52:15,82.373,-0.26902888,0.664,25.978,0.0,0.0,-25.276019622148652,-2.1369754124454086,175.45055617508856,Before Launch
1600,2025-05-03 22:52:15,82.429,0.74475068,1.357,25.933,0.0,0.0,-25.32608533011834,-2.1630666942398045,175.47652882022473,Before Launch
1601,2025-05-03 22:52:15,82.481,-0.39698163999999997,1.133,25.973,0.0,0.0,-25.34194000144163,-2.179433792125865,175.4130995474583,Before Launch
1602,2025-05-03 22:52:15,82.531,0.34776904,1.045,25.98,0.0,0.0,-25.354276150891703,-2.181317703329159,175.42212876509404,Before Launch
1603,2025-05-03 22:52:15,82.577,-1.37467196,-0.381,25.978,0.0,0.0,-25.374309183027034,-2.2008854233902735,175.43765627181577,Before Launch
1604,2025-05-03 22:52:15,82.624,1.99146988,0.111,25.938,0.0,0.0,-25.4068530756168,-2.1966920314851763,175.44890808791803,Before Launch
1605,2025-05-03 22:52:15,82.678,-0.14763779999999999,-0.873,25.975,0.0,0.0,-25.402954354199572,-2.149780083694739,175.496584223224,Before Launch
1606,2025-05-03 22:52:15,82.725,-0.38713912,-0.388,25.98,0.0,0.0,-25.38127624840296,-2.148137937387756,175.47430674274156,Before Launch
1607,2025-05-03 22:52:15,82.772,-0.14763779999999999,0.097,25.975,0.0,0.0,-25.398555674468845,-2.164576730190457,175.48091669392707,Before Launch
1608,2025-05-03 22:52:15,82.826,-0.51837272,-0.198,25.975,0.0,0.0,-25.38429515268565,-2.168302662134395,175.4754895524387,Before Launch
1609,2025-05-03 22:52:15,82.882,-0.38713912,0.204,25.978,0.0,0.0,-25.37261829082356,-2.1349534560308814,175.44895740070288,Before Launch
1610,2025-05-03 22:52:16,82.93,-0.26902888,0.964,25.978,0.0,0.0,-25.346380248403317,-2.171227244225803,175.45443138822935,Before Launch
1611,2025-05-03 22:52:16,82.976,1.9520997999999998,2.45,25.923,0.0,0.0,-25.365883696060134,-2.1875090898479015,175.4558757732248,Before Launch
1612,2025-05-03 22:52:16,83.031,-0.14763779999999999,1.268,25.975,0.0,0.0,-25.37292566904233,-2.15646603556607,175.48931500788726,Before Launch
1613,2025-05-03 22:52:16,83.081,-0.8858268,-0.686,25.975,0.0,0.0,-25.303084443031423,-2.156420733084102,175.50331179359227,Before Launch
1614,2025-05-03 22:52:16,83.127,-0.39698163999999997,-0.102,25.975,0.0,0.0,-25.313210001348473,-2.1683874584109524,175.48789777510441,Before Launch
1615,2025-05-03 22:52:16,83.184,-1.4927822,-1.266,25.98,0.0,0.0,-25.30510279232353,-2.157999357705014,175.49680155087248,Before Launch
1616,2025-05-03 22:52:16,83.232,-1.12532812,-0.497,25.98,0.0,0.0,-25.343499211498916,-2.133659366985371,175.42251542439902,Before Launch
1617,2025-05-03 22:52:16,83.282,-0.029527559999999998,1.94,25.973,0.0,0.0,-25.37143713788493,-2.189033438404912,175.37484729166897,Before Launch
1618,2025-05-03 22:52:16,83.336,0.21981628,1.357,25.97,0.0,0.0,-25.35293510228833,-2.1658006207135716,175.3875328892743,Before Launch
1619,2025-05-03 22:52:16,83.395,-0.8858268,0.188,25.955,0.0,0.0,-25.35644182857335,-2.148026057748089,175.44165539181716,Before Launch
1620,2025-05-03 22:52:16,83.455,-1.37467196,-0.38,25.975,0.0,0.0,-25.329665894737268,-2.2056085336300852,175.4211712643775,Before Launch
1621,2025-05-03 22:52:16,83.501,-1.25328088,-0.866,25.975,0.0,0.0,-25.285820023948112,-2.1675564262315246,175.4692627087591,Before Launch
1622,2025-05-03 22:52:16,83.548,-0.75787404,-0.291,25.98,0.0,0.0,-25.273045114413488,-2.152482685646627,175.45049217843354,Before Launch
1623,2025-05-03 22:52:16,83.6,-0.63648296,-1.058,25.978,0.0,0.0,-25.280946841991224,-2.160664890635697,175.43975492809915,Before Launch
1624,2025-05-03 22:52:16,83.647,1.25328088,1.195,25.978,0.0,0.0,-25.271908499109134,-2.1523939962107126,175.43238403126608,Before Launch
1625,2025-05-03 22:52:16,83.697,-0.39698163999999997,-0.9,25.973,0.0,0.0,-25.30623618202752,-2.1367281211990083,175.44709358803067,Before Launch
1626,2025-05-03 22:52:16,83.742,-1.12532812,-0.578,25.98,0.0,0.0,-25.331543129143334,-2.0714963532159274,175.46745721095522,Before Launch
1627,2025-05-03 22:52:16,83.789,-1.12532812,-1.171,25.983,0.0,0.0,-25.35370355420447,-2.0543555073168225,175.5479208824771,Before Launch
1628,2025-05-03 22:52:16,83.845,-1.4927822,-0.093,25.978,0.0,0.0,-26.170380445073548,-2.0532435176487978,175.74968884175965,Before Launch
1629,2025-05-03 22:52:17,83.904,0.10170604,-1.476,25.978,0.0,0.0,-26.43671657627623,-2.0324928988768085,175.81142543766865,Before Launch
1630,2025-05-03 22:52:17,83.954,-1.8635171199999998,-1.345,25.978,0.0,0.0,-26.736670456754187,-1.882774973818362,176.2313426305667,Before Launch
1631,2025-05-03 22:52:17,84.002,0.62664044,0.794,25.938,0.0,0.0,-26.26966018242209,-1.8467677362115533,176.3253130961558,Before Launch
1632,2025-05-03 22:52:17,84.056,-0.1312336,0.013,25.98,0.0,0.0,-26.105220873383395,-1.8794266197729923,176.2198570253688,Before Launch
1633,2025-05-03 22:52:17,84.104,-1.4927822,-0.762,25.978,0.0,0.0,-25.767725996260516,-1.9173906546322295,176.09478820504805,Before Launch
1634,2025-05-03 22:52:17,84.149,-0.26902888,0.093,25.978,0.0,0.0,-25.649197543948894,-1.9464169640963807,175.98616480081813,Before Launch
1635,2025-05-03 22:52:17,84.205,-1.25328088,-0.772,25.975,0.0,0.0,-25.49584339660747,-1.9857325599874964,175.86310960304496,Before Launch
1636,2025-05-03 22:52:17,84.255,-0.39698163999999997,-1.837,25.973,0.0,0.0,-25.382333757156758,-2.025429053574422,175.71799483577942,Before Launch
1637,2025-05-03 22:52:17,84.299,-1.13517064,-0.779,25.973,0.0,0.0,-25.35854940599236,-2.0443976776782784,175.60750237117853,Before Launch
1638,2025-05-03 22:52:17,84.345,0.09186352,0.773,25.965,0.0,0.0,-25.29234836723063,-2.1647505954855437,175.4146316133855,Before Launch
1639,2025-05-03 22:52:17,84.394,-0.39698163999999997,0.0,25.933,0.0,0.0,-25.25566906458731,-2.2227339919053923,175.3195470554168,Before Launch
1640,2025-05-03 22:52:17,84.45,-0.49868767999999997,0.785,25.98,0.0,0.0,-25.23192675642043,-2.242497628008963,175.26979917425,Before Launch
1641,2025-05-03 22:52:17,84.507,-0.51837272,0.476,25.97,0.0,0.0,-25.284721756195076,-2.1939969656529974,175.35207549042605,Before Launch
1642,2025-05-03 22:52:17,84.553,-0.53477692,-0.398,25.968,0.0,0.0,-25.29678018701439,-2.1430240227485178,175.41597406759533,Before Launch
1643,2025-05-03 22:52:17,84.598,-0.78412076,-0.796,25.975,0.0,0.0,-25.26291407189708,-2.1380438766236667,175.46857227391996,Before Launch
1644,2025-05-03 22:52:17,84.653,-1.01377956,-0.102,25.97,0.0,0.0,-25.238812143580578,-2.1300158847945654,175.45215633991785,Before Launch
1645,2025-05-03 22:52:17,84.704,-1.6240158,-0.2,25.973,0.0,0.0,-25.244047206441902,-2.1180865862050853,175.47611595782402,Before Launch
1646,2025-05-03 22:52:17,84.754,-1.37467196,-0.097,25.978,0.0,0.0,-25.277320371513795,-2.1218607734485224,175.5173269692683,Before Launch
1647,2025-05-03 22:52:17,84.803,0.40354332,0.925,25.968,0.0,0.0,-25.29061622798014,-2.105105338308538,175.53681936220676,Before Launch
1648,2025-05-03 22:52:17,84.859,-0.51837272,0.094,25.975,0.0,0.0,-25.282422671752265,-2.111290650343367,175.53611237333138,Before Launch
1649,2025-05-03 22:52:18,84.91,-1.37467196,-2.081,25.978,0.0,0.0,-25.29087769276766,-2.12708042519135,175.56578503955362,Before Launch
1650,2025-05-03 22:52:18,84.957,-0.53477692,-0.109,25.968,0.0,0.0,-25.282634228475672,-2.134512474301001,175.52546108231493,Before Launch
1651,2025-05-03 22:52:18,85.012,0.09186352,0.958,25.97,0.0,0.0,-25.224830362181912,-2.1594088754851057,175.5127334362688,Before Launch
1652,2025-05-03 22:52:18,85.062,-0.8858268,0.188,25.968,0.0,0.0,-25.228792399183813,-2.153608400425381,175.48505688336442,Before Launch
1653,2025-05-03 22:52:18,85.108,0.05577428,1.226,25.955,0.0,0.0,-25.23993037044724,-2.1512359559764787,175.48545970570333,Before Launch
1654,2025-05-03 22:52:18,85.163,-1.13517064,-0.982,25.973,0.0,0.0,-25.251197165840615,-2.1303438702199404,175.54666533876403,Before Launch
1655,2025-05-03 22:52:18,85.212,-1.13517064,0.579,25.973,0.0,0.0,-25.25588931169192,-2.149977729600376,175.56084591701472,Before Launch
1656,2025-05-03 22:52:18,85.259,-0.64632548,-1.013,25.97,0.0,0.0,-25.281842894296858,-2.1308756660722055,175.57256819851733,Before Launch
1657,2025-05-03 22:52:18,85.316,-1.25328088,-0.891,25.975,0.0,0.0,-25.30056476583009,-2.130028646923587,175.59981974216774,Before Launch
1658,2025-05-03 22:52:18,85.363,-0.48884516,0.797,25.928,0.0,0.0,-25.280029658681098,-2.157244413251863,175.54705768689726,Before Launch
1659,2025-05-03 22:52:18,85.414,-0.21325460000000002,0.044,25.946,0.0,0.0,-25.297403602617745,-2.1492950641493156,175.50674432545236,Before Launch
1660,2025-05-03 22:52:18,85.465,-1.13517064,0.094,25.97,0.0,0.0,-25.30780782729892,-2.195606380738433,175.45331166341083,Before Launch
1661,2025-05-03 22:52:18,85.52,-0.39698163999999997,0.0,25.973,0.0,0.0,-25.313370050398404,-2.1356438613573863,175.42352058450186,Before Launch
1662,2025-05-03 22:52:18,85.566,-0.8858268,0.197,25.97,0.0,0.0,-25.307972542383357,-2.15213179644308,175.41350041181758,Before Launch
1663,2025-05-03 22:52:18,85.621,-1.7519685600000001,-1.445,25.97,0.0,0.0,-25.305994580864198,-2.1630729326622404,175.40325283212388,Before Launch
1664,2025-05-03 22:52:18,85.667,-0.26902888,0.101,25.978,0.0,0.0,-25.331559537483542,-2.1564238507146816,175.39799593078658,Before Launch
1665,2025-05-03 22:52:18,85.715,-1.12532812,-0.495,25.98,0.0,0.0,-25.316494847294763,-2.153015868078176,175.4019932928511,Before Launch
1666,2025-05-03 22:52:18,85.771,-1.25328088,-0.581,25.968,0.0,0.0,-25.364104198645315,-2.152250266169183,175.41248003714932,Before Launch
1667,2025-05-03 22:52:18,85.826,-1.50262472,-0.76,25.973,0.0,0.0,-25.36045119501782,-2.138795128792182,175.43585428353268,Before Launch
1668,2025-05-03 22:52:18,85.876,-0.23950132,0.426,25.93,0.0,0.0,-25.347461374062465,-2.121724222585586,175.49679313139092,Before Launch
1669,2025-05-03 22:52:19,85.922,-1.0334646,-0.016,25.963,0.0,0.0,-25.322720149437256,-2.0998993870750904,175.51506055915365,Before Launch
1670,2025-05-03 22:52:19,85.976,-0.5446194400000001,0.849,25.975,0.0,0.0,-25.266542126697626,-2.169782493295111,175.54088588295193,Before Launch
1671,2025-05-03 22:52:19,86.026,-0.9120735200000001,0.364,25.96,0.0,0.0,-25.268416013279445,-2.11820888735029,175.5535620457166,Before Launch
1672,2025-05-03 22:52:19,86.072,-0.9055118400000001,-1.032,25.963,0.0,0.0,-25.30464178234105,-2.0720896261664734,175.58134280423343,Before Launch
1673,2025-05-03 22:52:19,86.128,-0.9055118400000001,-0.305,25.963,0.0,0.0,-25.32380123642522,-2.096533538210364,175.56713246824967,Before Launch
1674,2025-05-03 22:52:19,86.175,-1.27296592,0.08,25.968,0.0,0.0,-25.339236602717772,-2.0913360387562476,175.5754611157475,Before Launch
1675,2025-05-03 22:52:19,86.221,-0.16732284,0.291,25.926,0.0,0.0,-25.309249311565686,-2.114925315406975,175.56907131667467,Before Launch
1676,2025-05-03 22:52:19,86.276,-0.9055118400000001,-0.789,25.968,0.0,0.0,-25.315223485215938,-2.078619452056873,175.6138079397357,Before Launch
1677,2025-05-03 22:52:19,86.324,-1.40091868,-0.408,25.965,0.0,0.0,-25.291328615732183,-2.058173163287304,175.6651940451597,Before Launch
1678,2025-05-03 22:52:19,86.37,-1.52230976,-1.25,25.963,0.0,0.0,-25.23755520664085,-2.0171902243604682,175.71631247877679,Before Launch
1679,2025-05-03 22:52:19,86.446,-1.52230976,-0.302,25.965,0.0,0.0,-25.232004177224105,-2.0360307422490997,175.71621054280607,Before Launch
1680,2025-05-03 22:52:19,86.502,-1.40091868,-0.206,25.965,0.0,0.0,-25.2417564069656,-2.036670095386562,175.70948449953994,Before Launch
1681,2025-05-03 22:52:19,86.549,-1.1811023999999999,-0.415,25.95,0.0,0.0,-25.256663731110322,-2.027837828346664,175.741426035445,Before Launch
1682,2025-05-03 22:52:19,86.603,-0.43307088,0.637,25.958,0.0,0.0,-25.267151349067824,-2.029416609007744,175.76543557591083,Before Launch
1683,2025-05-03 22:52:19,86.658,3.25131244,2.888,25.916,0.0,0.0,-25.290819954404498,-1.9951696522379478,175.73148252832007,Before Launch
1684,2025-05-03 22:52:19,86.708,-1.8897638399999999,-1.296,25.963,0.0,0.0,-25.334433831245757,-1.9839819611012577,175.6943992697582,Before Launch
1685,2025-05-03 22:52:19,86.755,0.19356956,1.03,25.958,0.0,0.0,-25.335662908077236,-2.0268434430844136,175.64248766661615,Before Launch
1686,2025-05-03 22:52:19,86.81,0.35761156,0.585,25.926,0.0,0.0,-25.302265048008632,-2.07325762843433,175.62334124282256,Before Launch
1687,2025-05-03 22:52:19,86.871,-0.78412076,0.078,25.965,0.0,0.0,-25.306385307174757,-2.0651285946583977,175.54748738400826,Before Launch
1688,2025-05-03 22:52:20,86.916,-1.1811023999999999,0.441,25.968,0.0,0.0,-25.311443172382333,-2.108550038639321,175.50156311789337,Before Launch
1689,2025-05-03 22:52:20,86.961,-2.38845152,-1.638,25.96,0.0,0.0,-25.32330482481801,-2.1028601950553574,175.4597017927456,Before Launch
1690,2025-05-03 22:52:20,87.02,-1.7519685600000001,-0.48,25.97,0.0,0.0,-25.335077360502446,-2.136219858579947,175.46312269098175,Before Launch
1691,2025-05-03 22:52:20,87.071,-0.9120735200000001,0.262,25.955,0.0,0.0,-25.31333088329183,-2.156914176527731,175.432574451983,Before Launch
1692,2025-05-03 22:52:20,87.117,-1.7716536,-0.208,25.958,0.0,0.0,-25.33374235529555,-2.153210250183757,175.4285042201582,Before Launch
1693,2025-05-03 22:52:20,87.173,-1.42060372,-0.911,25.963,0.0,0.0,-25.402947428151307,-2.1344997280102054,175.43135031903537,Before Launch
1694,2025-05-03 22:52:20,87.228,-2.01115492,-0.749,25.958,0.0,0.0,-25.45731959042422,-2.2062590983881027,175.44086341165936,Before Launch
1695,2025-05-03 22:52:20,87.289,-2.25721792,-1.304,25.968,0.0,0.0,-25.431097495974726,-2.171265995160029,175.4725492724787,Before Launch
1696,2025-05-03 22:52:20,87.336,-1.53871396,-0.478,25.958,0.0,0.0,-25.418444001506426,-2.125331262965593,175.49152308669505,Before Launch
1697,2025-05-03 22:52:20,87.382,-2.50656176,-1.222,25.955,0.0,0.0,-25.35953577154269,-2.1322246765266977,175.49235708959654,Before Launch
1698,2025-05-03 22:52:20,87.44,-1.0334646,-0.098,25.963,0.0,0.0,-25.365906219394088,-2.122914993263815,175.51686015900955,Before Launch
1699,2025-05-03 22:52:20,87.488,-0.6824147199999999,0.45,25.97,0.0,0.0,-25.351755486545578,-2.117768592496801,175.5219910482037,Before Launch
1700,2025-05-03 22:52:20,87.535,-0.41666668,-0.19,25.965,0.0,0.0,-25.337436760950634,-2.0959942588346743,175.53853896128032,Before Launch
1701,2025-05-03 22:52:20,87.591,-0.6824147199999999,0.17,25.955,0.0,0.0,-25.303005677254895,-2.13201914447242,175.536820737746,Before Launch
1702,2025-05-03 22:52:20,87.64,-0.5446194400000001,0.651,25.96,0.0,0.0,-25.314109918552813,-2.148185017321264,175.52731405489095,Before Launch
1703,2025-05-03 22:52:20,87.688,-2.25721792,-0.558,25.965,0.0,0.0,-25.319439865158746,-2.167869080502891,175.50200888398498,Before Launch
1704,2025-05-03 22:52:20,87.744,-0.9055118400000001,0.475,25.963,0.0,0.0,-25.33104340917152,-2.1733792026183996,175.47143823708134,Before Launch
1705,2025-05-03 22:52:20,87.791,-1.17125988,0.178,25.965,0.0,0.0,-25.30440564983796,-2.1679914029362357,175.43788462812773,Before Launch
1706,2025-05-03 22:52:20,87.842,-0.29527559999999997,0.685,25.96,0.0,0.0,-25.302259028721032,-2.1563327357136286,175.41114526809463,Before Launch
1707,2025-05-03 22:52:21,87.895,-1.2992126400000001,-0.67,25.953,0.0,0.0,-25.315210695358594,-2.15495021379177,175.42829019944634,Before Launch
1708,2025-05-03 22:52:21,87.946,-1.40091868,-3.612,25.963,0.0,0.0,-25.319825566779215,-2.138393188628423,175.4593821115318,Before Launch
1709,2025-05-03 22:52:21,87.992,-1.1515748399999999,0.575,25.975,0.0,0.0,-25.321073840600864,-2.1309580289637626,175.4820673912917,Before Launch
1710,2025-05-03 22:52:21,88.047,-2.49015756,-2.077,25.97,0.0,0.0,-25.345857819455137,-2.074219049874076,175.50298660173846,Before Launch
1711,2025-05-03 22:52:21,88.093,-1.52230976,-1.465,25.958,0.0,0.0,-25.358443041738457,-2.1127178146033585,175.5147705657557,Before Launch
1712,2025-05-03 22:52:21,88.144,-0.66601052,0.093,25.963,0.0,0.0,-25.374654440572773,-2.1724850855282503,175.4735501714522,Before Launch
1713,2025-05-03 22:52:21,88.197,-1.64042,-0.359,25.968,0.0,0.0,-25.369565424354924,-2.1944982527286006,175.45539192438542,Before Launch
1714,2025-05-03 22:52:21,88.248,-1.1515748399999999,0.961,25.965,0.0,0.0,-25.350040733790436,-2.1419618027979412,175.48487629022046,Before Launch
1715,2025-05-03 22:52:21,88.301,-2.25721792,-0.394,25.96,0.0,0.0,-25.318821736012783,-2.149876617261209,175.49175950745453,Before Launch
1716,2025-05-03 22:52:21,88.357,-1.53871396,-0.487,25.958,0.0,0.0,-25.316504142600266,-2.115711584332725,175.48729908459117,Before Launch
1717,2025-05-03 22:52:21,88.414,-2.6279528400000003,-0.66,25.96,0.0,0.0,-25.29634796435991,-2.1218879004967914,175.4633534800883,Before Launch
1718,2025-05-03 22:52:21,88.464,-0.38713912,0.801,25.963,0.0,0.0,-25.259823908055647,-2.1559944995890308,175.44070466529968,Before Launch
1719,2025-05-03 22:52:21,88.509,-1.2992126400000001,0.556,25.953,0.0,0.0,-25.284427219055083,-2.1385907801495456,175.46409124974593,Before Launch
1720,2025-05-03 22:52:21,88.569,-2.38845152,-0.103,25.96,0.0,0.0,-25.280040003382666,-2.1707967082228032,175.4686563720893,Before Launch
1721,2025-05-03 22:52:21,88.615,-2.64435704,-0.864,25.958,0.0,0.0,-25.30484519556909,-2.1579539179668754,175.4468662070165,Before Launch
1722,2025-05-03 22:52:21,88.662,0.19356956,2.109,25.955,0.0,0.0,-25.294677293232915,-2.166803551310364,175.45685466654774,Before Launch
1723,2025-05-03 22:52:21,88.71,-0.33136484,0.553,25.948,0.0,0.0,-25.27842098838797,-2.1660279710457626,175.42528263141523,Before Launch
1724,2025-05-03 22:52:21,88.755,-0.33136484,0.277,25.95,0.0,0.0,-25.259935710374247,-2.1634878106876076,175.43679383915878,Before Launch
1725,2025-05-03 22:52:21,88.813,-1.4370079199999999,-0.798,25.948,0.0,0.0,-25.26785348006795,-2.176400964818157,175.44150664454793,Before Launch
1726,2025-05-03 22:52:21,88.861,-1.1811023999999999,-0.393,25.953,0.0,0.0,-25.276485166985854,-2.172093869767769,175.4383300685258,Before Launch
1727,2025-05-03 22:52:22,88.907,-2.40485572,-1.468,25.95,0.0,0.0,-25.289974945644268,-2.222342804194178,175.4657539677401,Before Launch
1728,2025-05-03 22:52:22,88.963,-0.81036748,1.135,25.95,0.0,0.0,-25.304820336553295,-2.1952279136256965,175.45729573277598,Before Launch
1729,2025-05-03 22:52:22,89.009,-0.4429134,0.366,25.95,0.0,0.0,-25.315249186595423,-2.1541878652005453,175.56283838275615,Before Launch
1730,2025-05-03 22:52:22,89.057,-0.4429134,0.575,25.948,0.0,0.0,-25.307677192871818,-2.1022621863133044,175.59204000164027,Before Launch
1731,2025-05-03 22:52:22,89.115,-0.58070868,-0.224,25.95,0.0,0.0,-25.30756790304434,-2.102086320049843,175.59941440136538,Before Launch
1732,2025-05-03 22:52:22,89.165,-1.4370079199999999,-0.109,25.953,0.0,0.0,-25.30280767872051,-2.1002938130150284,175.60413462110012,Before Launch
1733,2025-05-03 22:52:22,89.211,-1.7880578,-0.306,25.955,0.0,0.0,-25.32701292774532,-2.1218519949651156,175.5909874677373,Before Launch
1734,2025-05-03 22:52:22,89.266,-1.1811023999999999,-0.023,25.95,0.0,0.0,-25.31929905262739,-2.158390351547256,175.5005322950253,Before Launch
1735,2025-05-03 22:52:22,89.314,-1.06955384,1.121,25.943,0.0,0.0,-25.31118627139018,-2.124623051073817,175.46557465973177,Before Launch
1736,2025-05-03 22:52:22,89.36,-0.33136484,0.94,25.94,0.0,0.0,-25.26956084996096,-2.1161487464691007,175.44999353257862,Before Launch
1737,2025-05-03 22:52:22,89.418,-1.68635176,-0.801,25.946,0.0,0.0,-25.285995838516435,-2.123190043393473,175.46519035956584,Before Launch
1738,2025-05-03 22:52:22,89.476,1.24343836,2.255,25.876,0.0,0.0,-25.317939309276568,-2.113513255098726,175.44949967722812,Before Launch
1739,2025-05-03 22:52:22,89.529,-2.43438328,-1.001,25.94,0.0,0.0,-25.290080719167843,-2.1584653200499417,175.46991786763348,Before Launch
1740,2025-05-03 22:52:22,89.579,-1.81758536,0.344,25.94,0.0,0.0,-25.316656754241514,-2.115477389000393,175.47394894160047,Before Launch
1741,2025-05-03 22:52:22,89.629,-0.84973756,0.542,25.936,0.0,0.0,-25.31669840399408,-2.1076686445091055,175.49326609588948,Before Launch
1742,2025-05-03 22:52:22,89.684,-1.3287402000000001,1.023,25.938,0.0,0.0,-25.279875613518755,-2.1221190566722568,175.49141000786938,Before Launch
1743,2025-05-03 22:52:22,89.734,-0.71194228,-0.256,25.94,0.0,0.0,-25.25844227627997,-2.083987443433649,175.52752489420556,Before Launch
1744,2025-05-03 22:52:22,89.78,0.14763779999999999,1.138,25.938,0.0,0.0,-25.270092798892776,-2.0951536172627883,175.58405972723662,Before Launch
1745,2025-05-03 22:52:22,89.836,-0.95800528,1.129,25.94,0.0,0.0,-25.265517216052977,-2.0846157686727076,175.59011460104082,Before Launch
1746,2025-05-03 22:52:23,89.893,-0.5905511999999999,1.607,25.938,0.0,0.0,-25.302125351894446,-2.0647607330745594,175.55640528736095,Before Launch
1747,2025-05-03 22:52:23,89.94,-1.81758536,-1.574,25.94,0.0,0.0,-25.350881001522716,-2.06730899653696,175.57597268373422,Before Launch
1748,2025-05-03 22:52:23,89.987,-1.21719164,-0.694,25.93,0.0,0.0,-25.35438216276247,-2.0811002592207033,175.591334181527,Before Launch
1749,2025-05-03 22:52:23,90.043,-1.21719164,-0.688,25.94,0.0,0.0,-25.35858578394885,-2.097827315884754,175.59181277287183,Before Launch
1750,2025-05-03 22:52:23,90.1,-1.56824152,-0.102,25.943,0.0,0.0,-25.366236204025455,-2.117642414357015,175.6073436479044,Before Launch
1751,2025-05-03 22:52:23,90.151,-2.3031496799999998,-0.87,25.933,0.0,0.0,-25.354417143043666,-2.0816570762443005,175.6016591703996,Before Launch
1752,2025-05-03 22:52:23,90.198,-1.44685044,0.742,25.94,0.0,0.0,-25.36500749045858,-2.0764654650560077,175.63311861940304,Before Launch
1753,2025-05-03 22:52:23,90.252,-1.21719164,-0.316,25.936,0.0,0.0,-25.326611304796277,-2.06896526160616,175.6689576655995,Before Launch
1754,2025-05-03 22:52:23,90.302,-1.3287402000000001,-0.685,25.938,0.0,0.0,-25.90027513132276,-1.8894147980800717,176.13293202036752,Before Launch
1755,2025-05-03 22:52:23,90.348,-1.07939636,-0.493,25.94,0.0,0.0,-26.453980887197442,-1.6718399798276078,176.5873787437844,Before Launch
1756,2025-05-03 22:52:23,90.403,-0.95800528,-0.293,25.938,0.0,0.0,-26.602005003719015,-1.5951156678616543,176.71060644339732,Before Launch
1757,2025-05-03 22:52:23,90.451,-1.9356955999999998,-0.388,25.943,0.0,0.0,-26.67200198600761,-1.538352436115415,176.85889070937247,Before Launch
1758,2025-05-03 22:52:23,90.498,-1.81758536,-0.023,25.943,0.0,0.0,-26.25018651803054,-1.7021969874422107,176.4791443482398,Before Launch
1759,2025-05-03 22:52:23,90.553,-0.9514436,0.178,25.946,0.0,0.0,-26.032361755008615,-1.8097287122086971,176.23450221171933,Before Launch
1760,2025-05-03 22:52:23,90.6,-1.07939636,-0.008,25.94,0.0,0.0,-25.733725391720885,-1.9541495943348497,175.89557665341792,Before Launch
1761,2025-05-03 22:52:23,90.645,-1.44685044,-0.868,25.943,0.0,0.0,-25.628093443477653,-2.0222403287480217,175.82175427313672,Before Launch
1762,2025-05-03 22:52:23,90.699,-1.8339895600000002,-0.115,25.933,0.0,0.0,-25.48648774957538,-2.0559367165075546,175.69464355963098,Before Launch
1763,2025-05-03 22:52:23,90.747,-1.69619428,-2.313,25.938,0.0,0.0,-25.42780486450007,-2.1103560183250507,175.62539390447589,Before Launch
1764,2025-05-03 22:52:23,90.795,-2.18503944,0.197,25.94,0.0,0.0,-25.385296205849986,-2.11586719242551,175.60690776836452,Before Launch
1765,2025-05-03 22:52:23,90.842,0.43307088,1.782,25.938,0.0,0.0,-25.33132303343526,-2.0930321677838974,175.6254322183362,Before Launch
1766,2025-05-03 22:52:24,90.888,-1.9356955999999998,-0.863,25.943,0.0,0.0,-25.300221027580363,-2.045733111628203,175.6847848781623,Before Launch
1767,2025-05-03 22:52:24,90.94,-0.71194228,0.491,25.926,0.0,0.0,-25.281429881150007,-2.02647979456299,175.74178674931608,Before Launch
1768,2025-05-03 22:52:24,90.992,-0.9514436,-0.19,25.946,0.0,0.0,-25.285976608889325,-2.022853584854294,175.77006958915956,Before Launch
1769,2025-05-03 22:52:24,91.038,-1.44685044,-1.267,25.93,0.0,0.0,-25.259687062987915,-2.0427750783936216,175.70219616534746,Before Launch
1770,2025-05-03 22:52:24,91.095,-1.81758536,-0.683,25.94,0.0,0.0,-25.29283556884286,-2.0393967354455635,175.6976382896593,Before Launch
1771,2025-05-03 22:52:24,91.15,-1.44685044,-0.681,25.94,0.0,0.0,-25.307197845745925,-2.0580064811396337,175.68814949392709,Before Launch
1772,2025-05-03 22:52:24,91.198,-0.5905511999999999,0.975,25.938,0.0,0.0,-25.30422954718026,-2.019075543802708,175.7089161970696,Before Launch
1773,2025-05-03 22:52:24,91.246,-0.22309712,0.79,25.933,0.0,0.0,-25.301415384619013,-2.05234051412332,175.7560300765046,Before Launch
1774,2025-05-03 22:52:24,91.3,-1.3287402000000001,-0.089,25.938,0.0,0.0,-25.31326104843788,-2.0245493237676673,175.752681190019,Before Launch
1775,2025-05-03 22:52:24,91.349,1.4107612,2.385,25.896,0.0,0.0,-25.254964702912687,-2.016993476191905,175.788435267525,Before Launch
1776,2025-05-03 22:52:24,91.395,-1.58464572,0.578,25.938,0.0,0.0,-25.27554010244487,-2.0539064432940095,175.74543551097665,Before Launch
1777,2025-05-03 22:52:24,91.451,-2.06364836,-0.492,25.938,0.0,0.0,-25.25570990917714,-2.0840021114169893,175.6800049585196,Before Launch
1778,2025-05-03 22:52:24,91.497,-1.69619428,-0.385,25.938,0.0,0.0,-25.28057032200053,-2.1479503150149286,175.58730881742866,Before Launch
1779,2025-05-03 22:52:24,91.546,-1.4665354800000001,-0.111,25.923,0.0,0.0,-25.285187484449832,-2.1148055954555196,175.5297134547192,Before Launch
1780,2025-05-03 22:52:24,91.598,-1.8536745999999997,-0.619,25.926,0.0,0.0,-25.297817352607428,-2.1128118497081996,175.53707089182876,Before Launch
1781,2025-05-03 22:52:24,91.648,-1.58464572,-0.503,25.936,0.0,0.0,-25.308285349153962,-2.116388779700388,175.51322177936453,Before Launch
1782,2025-05-03 22:52:24,91.694,-0.48884516,1.164,25.933,0.0,0.0,-25.304650662476927,-2.1237087713747425,175.55784335012925,Before Launch
1783,2025-05-03 22:52:24,91.748,-2.2047244800000003,-0.31,25.933,0.0,0.0,-25.329691127561123,-2.1264077511118065,175.55009969510715,Before Launch
1784,2025-05-03 22:52:24,91.794,-0.64632548,0.246,25.916,0.0,0.0,-25.332039549909176,-2.0442014845263095,175.5614028188859,Before Launch
1785,2025-05-03 22:52:24,91.843,2.0997376,2.558,25.923,0.0,0.0,-25.30253922824854,-2.0803026739667545,175.62298603423534,Before Launch
1786,2025-05-03 22:52:25,91.897,0.35761156,1.441,25.936,0.0,0.0,-25.310286468544955,-2.0563089407386275,175.64267834134623,Before Launch
1787,2025-05-03 22:52:25,91.946,-1.3451444,0.392,25.936,0.0,0.0,-25.29050256577678,-2.0707339543710224,175.64089875268334,Before Launch
1788,2025-05-03 22:52:25,91.995,-1.95538064,-0.208,25.93,0.0,0.0,-25.315550801548863,-2.068252758977237,175.66638151911127,Before Launch
1789,2025-05-03 22:52:25,92.049,-2.2047244800000003,-0.016,25.933,0.0,0.0,-25.31433275708877,-2.038836706864474,175.69684941941398,Before Launch
1790,2025-05-03 22:52:25,92.098,-0.72834648,-0.925,25.933,0.0,0.0,-25.33679574261903,-2.0402983671927233,175.69979674171213,Before Launch
1791,2025-05-03 22:52:25,92.143,-1.21719164,0.573,25.926,0.0,0.0,-25.3465812207813,-2.0374394188544547,175.70456070747053,Before Launch
1792,2025-05-03 22:52:25,92.199,-1.48293968,-0.612,25.926,0.0,0.0,-25.365639322055337,-2.0602015958577744,175.6533244705839,Before Launch
1793,2025-05-03 22:52:25,92.245,-1.59448824,-0.513,25.928,0.0,0.0,-25.36236124160433,-2.0583448989791138,175.64415346769496,Before Launch
1794,2025-05-03 22:52:25,92.292,-0.97769032,0.374,25.93,0.0,0.0,-25.397562566920445,-2.1101093480946402,175.59978271143865,Before Launch
1795,2025-05-03 22:52:25,92.349,-0.84973756,0.772,25.936,0.0,0.0,-25.397292141725092,-2.1411412362935924,175.53120048038411,Before Launch
1796,2025-05-03 22:52:25,92.406,-0.48884516,0.763,25.928,0.0,0.0,-25.367968108441517,-2.138128836133903,175.5351088165673,Before Launch
1797,2025-05-03 22:52:25,92.453,-1.09580056,-0.403,25.933,0.0,0.0,-25.354878766371726,-2.1934803709902,175.4309627556262,Before Launch
1798,2025-05-03 22:52:25,92.5,-2.0833334,-1.483,25.936,0.0,0.0,-25.30233877558752,-2.2139879504545235,175.31165403442571,Before Launch
1799,2025-05-03 22:52:25,92.554,-0.97769032,0.28,25.93,0.0,0.0,-25.700435716504234,-2.2562775840876306,175.3048947919093,Before Launch
1800,2025-05-03 22:52:25,92.61,-2.80183736,-3.341,25.938,0.0,0.0,-27.810481406144653,-2.365148316937344,175.38412861763882,Before Launch
1801,2025-05-03 22:52:25,92.658,-0.84973756,0.582,25.936,0.0,0.0,-29.184660607507574,-2.430067581851273,175.096076584764,Before Launch
1802,2025-05-03 22:52:25,92.706,-0.84973756,0.967,25.936,0.0,0.0,-29.71922490387081,-2.590040310484378,174.76780205580718,Before Launch
1803,2025-05-03 22:52:25,92.759,-1.8339895600000002,-0.109,25.933,0.0,0.0,-30.147849957130088,-2.7504750978040917,174.34804058546936,Before Launch
1804,2025-05-03 22:52:25,92.807,-1.1154856,0.278,25.926,0.0,0.0,-31.67722054653431,-2.9062526210462223,174.40155588668728,Before Launch
1805,2025-05-03 22:52:25,92.852,-0.84973756,0.801,25.933,0.0,0.0,-33.04555381216868,-3.0462931486843092,174.60568478908297,Before Launch
1806,2025-05-03 22:52:26,92.909,2.9199476,3.572,25.856,0.0,0.0,-36.69136683587169,-3.0402922277563773,175.56080133518498,Before Launch
1807,2025-05-03 22:52:26,92.958,-2.2047244800000003,-1.357,25.933,0.0,0.0,-41.23514414678068,-2.4428313015639107,176.89295263746948,Before Launch
1808,2025-05-03 22:52:26,93.004,-0.97769032,0.977,25.93,0.0,0.0,-42.458919227088096,-2.2404464991418447,177.26081124027144,Before Launch
1809,2025-05-03 22:52:26,93.061,-1.09580056,-0.355,25.933,0.0,0.0,-43.192633657646084,-1.89205786298659,177.77140408216238,Before Launch
1810,2025-05-03 22:52:26,93.108,-2.2047244800000003,-3.403,25.933,0.0,0.0,-43.0029774794769,-1.9860840951158847,177.82675322826492,Before Launch
1811,2025-05-03 22:52:26,93.154,-1.9652231599999999,-1.848,25.911,0.0,0.0,-41.15300266429881,-2.43090281770908,177.23757347400888,Before Launch
1812,2025-05-03 22:52:26,93.209,-1.73228352,-0.307,25.923,0.0,0.0,-40.11579068194744,-2.956567952119707,176.67430573703655,Before Launch
1813,2025-05-03 22:52:26,93.258,-1.22703416,0.577,25.928,0.0,0.0,-35.88661004874525,-3.3498327227000684,175.55676210222495,Before Launch
1814,2025-05-03 22:52:26,93.306,-1.12532812,0.859,25.916,0.0,0.0,-29.064802161089677,-3.2219625907238942,173.7771125762519,Before Launch
1815,2025-05-03 22:52:26,93.36,-1.3451444,-0.489,25.93,0.0,0.0,-25.77754577788976,-3.15104430097997,172.26633820708835,Before Launch
1816,2025-05-03 22:52:26,93.407,0.35104988,1.241,25.918,0.0,0.0,-20.49522405606679,-3.022884447440216,168.00954906862071,Before Launch
1817,2025-05-03 22:52:26,93.455,-1.1154856,0.293,25.921,0.0,0.0,-19.12526338108379,-2.8477969793298565,167.50272225148052,Before Launch
1818,2025-05-03 22:52:26,93.512,-1.4927822,0.08,25.918,0.0,0.0,-17.55589770230584,-2.5221837302295884,167.97651884634038,Before Launch
1819,2025-05-03 22:52:26,93.56,-0.77427824,0.16,25.911,0.0,0.0,-19.13481959279335,-2.2527442513124867,170.34551516317558,Before Launch
1820,2025-05-03 22:52:26,93.607,-1.01377956,-0.13,25.928,0.0,0.0,-24.444900271942952,-2.124655880072298,173.05622841230644,Before Launch
1821,2025-05-03 22:52:26,93.662,-1.14173232,-0.52,25.916,0.0,0.0,-26.694891739779674,-2.0787207601114273,173.99471013933842,Before Launch
1822,2025-05-03 22:52:26,93.711,0.83989504,1.539,25.861,0.0,0.0,-29.967962540719476,-2.170914429373773,175.09942651311303,Before Launch
1823,2025-05-03 22:52:26,93.757,-0.64632548,1.143,25.905,0.0,0.0,-35.22833996547288,-2.464874355540928,175.9742949929591,Before Launch
1824,2025-05-03 22:52:26,93.813,1.32545936,1.829,25.911,0.0,0.0,-38.157598269851995,-2.6080841248076485,176.3228506556609,Before Launch
1825,2025-05-03 22:52:26,93.866,-2.73622056,0.052,25.913,0.0,0.0,-42.6628967442863,-3.06475156458314,176.80527549337944,Before Launch
1826,2025-05-03 22:52:27,93.914,2.79199484,2.899,25.851,0.0,0.0,-45.59522548200984,-3.134415011173197,177.06656204931505,Before Launch
1827,2025-05-03 22:52:27,93.963,-0.8956693200000001,-0.037,25.913,0.0,0.0,-46.228523548938476,-3.264760545744846,176.98618561447847,Before Launch
1828,2025-05-03 22:52:27,94.011,-0.45275592000000003,1.103,25.888,0.0,0.0,-45.33279273814152,-3.5435048015701014,176.77870270939616,Before Launch
1829,2025-05-03 22:52:27,94.061,-1.01377956,0.081,25.916,0.0,0.0,-45.11920256087962,-3.95643285955114,176.47768603854558,Before Launch
1830,2025-05-03 22:52:27,94.107,-1.8799213199999998,-0.821,25.905,0.0,0.0,-43.86312923598998,-4.06348327937489,176.1363171854355,Before Launch
1831,2025-05-03 22:52:27,94.153,-1.01377956,-3.162,25.911,0.0,0.0,-41.20614091320373,-4.230037029868626,175.73238509117678,Before Launch
1832,2025-05-03 22:52:27,94.208,-1.4927822,0.57,25.923,0.0,0.0,-38.92600928707961,-4.033336368635703,175.53813408748942,Before Launch
1833,2025-05-03 22:52:27,94.26,-0.40682416,0.455,25.911,0.0,0.0,-33.12516270127549,-3.6952357307125583,174.62797005141258,Before Launch
1834,2025-05-03 22:52:27,94.307,-0.5249344,0.458,25.913,0.0,0.0,-26.683665696919242,-3.2694635442632056,173.0903177521029,Before Launch
1835,2025-05-03 22:52:27,94.359,-0.8956693200000001,1.046,25.913,0.0,0.0,-22.613613517516693,-2.838068820860528,171.25761565184166,Before Launch
1836,2025-05-03 22:52:27,94.413,-1.12532812,0.667,25.913,0.0,0.0,-20.322200885201305,-2.6258945506019535,170.16702228916012,Before Launch
1837,2025-05-03 22:52:27,94.47,-1.02362208,0.562,25.908,0.0,0.0,-19.312440018447507,-2.34567292720889,170.67348114837222,Before Launch
1838,2025-05-03 22:52:27,94.516,0.08202100000000001,1.041,25.908,0.0,0.0,-19.29211860655663,-2.0394062376671376,171.91390727299185,Before Launch
1839,2025-05-03 22:52:27,94.562,-0.8956693200000001,0.183,25.913,0.0,0.0,-24.027129853637234,-1.847931770180439,174.18648237067305,Before Launch
1840,2025-05-03 22:52:27,94.618,-0.27559056000000004,0.85,25.916,0.0,0.0,-24.97363305595658,-1.7825572343342773,174.82411883920295,Before Launch
1841,2025-05-03 22:52:27,94.667,-1.38451448,-1.377,25.916,0.0,0.0,-27.321887636400326,-1.8463452733156358,175.77227118058025,Before Launch
1842,2025-05-03 22:52:27,94.712,-1.02362208,0.073,25.896,0.0,0.0,-33.656148369768715,-2.022706228631502,176.61027909751547,Before Launch
1843,2025-05-03 22:52:27,94.768,-1.7519685600000001,-0.206,25.916,0.0,0.0,-36.13711232765414,-2.0959383251802546,176.9255071612642,Before Launch
1844,2025-05-03 22:52:27,94.814,-0.8956693200000001,-0.097,25.913,0.0,0.0,-39.734313023182814,-2.198513420837658,177.2673696200358,Before Launch
1845,2025-05-03 22:52:27,94.864,-0.5249344,0.389,25.908,0.0,0.0,-40.609232752210616,-2.302702359196198,177.31338900135572,Before Launch
1846,2025-05-03 22:52:28,94.919,-1.7618110800000002,-0.493,25.886,0.0,0.0,-39.31782594721705,-2.271124328087314,177.2295596990765,Before Launch
1847,2025-05-03 22:52:28,94.966,-1.8635171199999998,-2.154,25.883,0.0,0.0,-37.52574140493984,-2.3222631628749855,177.12912656634006,Before Launch
1848,2025-05-03 22:52:28,95.011,-1.8799213199999998,-0.984,25.911,0.0,0.0,-37.91324717992318,-2.3175949786294594,177.17534867211162,Before Launch
1849,2025-05-03 22:52:28,95.068,-0.40682416,-1.38,25.911,0.0,0.0,-37.570648543276135,-1.9847959694748896,177.4920532226537,Before Launch
1850,2025-05-03 22:52:28,95.116,-0.77427824,1.57,25.911,0.0,0.0,-35.441422983237004,-1.60627056126684,177.8631383677813,Before Launch
1851,2025-05-03 22:52:28,95.162,-0.5249344,-2.658,25.916,0.0,0.0,-33.0668976723314,-2.283790196829475,178.46640096854009,Before Launch
1852,2025-05-03 22:52:28,95.217,-0.27559056000000004,0.494,25.916,0.0,0.0,-32.337279794642086,-2.6661667982261634,178.7384138043792,Before Launch
1853,2025-05-03 22:52:28,95.266,-1.38451448,-0.742,25.916,0.0,0.0,-31.50850484966633,-4.024737899930164,179.06989617463617,Before Launch
1854,2025-05-03 22:52:28,95.312,0.20341208,0.973,25.905,0.0,0.0,-31.664320467825895,-4.631884219607398,178.65831219883304,Before Launch
1855,2025-05-03 22:52:28,95.368,-0.6561680000000001,0.97,25.905,0.0,0.0,-32.64734963216743,-5.001029328523058,177.4345986042647,Before Launch
1856,2025-05-03 22:52:28,95.418,-1.52887144,-0.407,25.908,0.0,0.0,-34.625641497013156,-4.0877939081063825,176.11252810105287,Before Launch
1857,2025-05-03 22:52:28,95.464,-0.21325460000000002,1.019,25.883,0.0,0.0,-34.82557972651208,-4.134852066320854,175.05196455915956,Before Launch
1858,2025-05-03 22:52:28,95.518,-0.33136484,0.06,25.831,0.0,0.0,-33.133641210770335,-6.182076179756063,170.39247961705564,Before Launch
1859,2025-05-03 22:52:28,95.568,-0.42322836,0.081,25.903,0.0,0.0,-30.13038273863517,-8.21102439780579,165.96404325039123,Before Launch
1860,2025-05-03 22:52:28,95.619,-1.4107612,-0.409,25.903,0.0,0.0,-29.877123237316372,-11.38118439038444,160.37060626069018,Before Launch
1861,2025-05-03 22:52:28,95.672,-0.40682416,0.571,25.911,0.0,0.0,-30.26810573197167,-12.973473593144957,157.70981485095243,Before Launch
1862,2025-05-03 22:52:28,95.726,-1.14173232,-0.094,25.896,0.0,0.0,-31.357251458281876,-15.288108021669414,153.28132147622617,Before Launch
1863,2025-05-03 22:52:28,95.771,-1.27296592,-1.08,25.905,0.0,0.0,-28.247461950171584,-17.147759340343466,150.72424893394043,Before Launch
1864,2025-05-03 22:52:28,95.827,-1.39107616,-0.392,25.878,0.0,0.0,-28.85070741850604,-18.389486677003386,148.55654056687317,Before Launch
1865,2025-05-03 22:52:28,95.882,-1.7618110800000002,-1.176,25.908,0.0,0.0,-30.03086186362319,-18.213783859545593,150.1437407620887,Before Launch
1866,2025-05-03 22:52:29,95.931,-1.39107616,-0.005,25.908,0.0,0.0,-32.25882434174627,-17.871075966730032,151.8622042231387,Before Launch
1867,2025-05-03 22:52:29,95.981,-0.6725722,0.277,25.886,0.0,0.0,-33.28999489514776,-16.70981328038353,153.58731829643972,Before Launch
1868,2025-05-03 22:52:29,96.035,-0.53477692,0.961,25.905,0.0,0.0,-34.01710260433151,-13.751169581694876,157.9635705422201,Before Launch
1869,2025-05-03 22:52:29,96.086,-0.0656168,0.653,25.896,0.0,0.0,-33.864089054234796,-11.169774935838488,161.52685624116452,Before Launch
1870,2025-05-03 22:52:29,96.131,-1.89960636,-1.085,25.901,0.0,0.0,-33.58635302178005,-10.296521921879195,164.42064751355235,Before Launch
1871,2025-05-03 22:52:29,96.177,0.3116798,1.648,25.903,0.0,0.0,-34.12256493847114,-6.826112039256228,169.45132740686174,Before Launch
1872,2025-05-03 22:52:29,96.223,-0.0656168,1.43,25.898,0.0,0.0,-34.39534733842215,-3.427900868518013,172.88647393833466,Before Launch
1873,2025-05-03 22:52:29,96.279,-0.30511812,1.242,25.908,0.0,0.0,-34.405801621264075,-2.1396173943960974,173.8012572471311,Before Launch
1874,2025-05-03 22:52:29,96.331,-1.39107616,-0.779,25.908,0.0,0.0,-34.89116434812707,-0.023951979585349892,175.57027110097945,Before Launch
1875,2025-05-03 22:52:29,96.383,-1.16141736,-0.306,25.903,0.0,0.0,-34.439682091011115,2.0239210342008005,70.98378277087595,Before Launch
1876,2025-05-03 22:52:29,96.429,-1.89960636,-1.085,25.903,0.0,0.0,-34.04279813854433,3.66301735933867,-2.4022432306613837,Before Launch
1877,2025-05-03 22:52:29,96.483,-0.7939632799999999,-0.409,25.903,0.0,0.0,-33.926966621700295,6.0173835536332545,-90.40855279555504,Before Launch
1878,2025-05-03 22:52:29,96.531,-1.79790032,-0.327,25.893,0.0,0.0,-35.11308240423119,9.408260102899176,-130.44188287581545,Before Launch
1879,2025-05-03 22:52:29,96.577,0.18372704,-0.016,25.898,0.0,0.0,-35.77200571068104,11.456970035374743,-140.99748735243415,Before Launch
1880,2025-05-03 22:52:29,96.633,-0.8038058,-0.117,25.903,0.0,0.0,-36.47232891259183,15.490959563729913,-151.82816261124321,Before Launch
1881,2025-05-03 22:52:29,96.689,0.18372704,1.347,25.898,0.0,0.0,-37.089203184633334,18.86257850297248,-156.36802633292882,Before Launch
1882,2025-05-03 22:52:29,96.739,-1.16141736,-0.744,25.908,0.0,0.0,-36.83977162391017,21.454058154246795,-157.74253748145946,Before Launch
1883,2025-05-03 22:52:29,96.789,-0.42322836,-0.072,25.903,0.0,0.0,-33.29734173017352,23.939451101744293,-153.76865680166435,Before Launch
1884,2025-05-03 22:52:29,96.843,0.5511811200000001,0.764,25.898,0.0,0.0,-31.572105082247823,25.20589695977068,-150.61684656019588,Before Launch
1885,2025-05-03 22:52:30,96.898,-0.0656168,1.052,25.896,0.0,0.0,-29.190814503670595,27.01069639225938,-146.3603790436061,Before Launch
1886,2025-05-03 22:52:30,96.947,-0.55446196,-0.116,25.898,0.0,0.0,-28.054456595007874,27.640631231038952,-143.36285335608406,Before Launch
1887,2025-05-03 22:52:30,96.998,-1.17125988,-0.023,25.898,0.0,0.0,-29.953613094561216,27.90105874523928,-143.97623239291607,Before Launch
1888,2025-05-03 22:52:30,97.052,0.50524936,1.388,25.876,0.0,0.0,-31.19830321087111,27.36462037692261,-145.10631977376838,Before Launch
1889,2025-05-03 22:52:30,97.099,-0.69225724,0.549,25.893,0.0,0.0,-32.89130415425171,26.307536082565953,-146.68883125341043,Before Launch
1890,2025-05-03 22:52:30,97.148,0.04593176,1.428,25.893,0.0,0.0,-33.831910644212385,25.386514875063337,-147.8451453291131,Before Launch
1891,2025-05-03 22:52:30,97.206,0.6725722,1.619,25.891,0.0,0.0,-34.02869036824485,24.96548800678374,-148.39258663907745,Before Launch
1892,2025-05-03 22:52:30,97.253,0.18372704,0.673,25.898,0.0,0.0,-33.702650366486395,23.415351293093302,-150.41046955988,Before Launch
1893,2025-05-03 22:52:30,97.302,-1.4107612,-0.691,25.901,0.0,0.0,-32.69650953685561,20.87345360013319,-153.80078745777178,Before Launch
1894,2025-05-03 22:52:30,97.357,-0.57086616,-0.398,25.891,0.0,0.0,-32.220700529621276,19.302443820067484,-156.21932627316028,Before Launch
1895,2025-05-03 22:52:30,97.406,-0.33136484,1.23,25.886,0.0,0.0,-31.396224442978042,16.62242855173543,-159.79334856630507,Before Launch
1896,2025-05-03 22:52:30,97.452,0.5249344,0.167,25.893,0.0,0.0,-31.312845994305395,15.215299103303177,-161.6432533287158,Before Launch
1897,2025-05-03 22:52:30,97.498,0.15748032,0.175,25.883,0.0,0.0,-31.934512786403282,12.61151582955179,-164.97613052700007,Before Launch
1898,2025-05-03 22:52:30,97.546,-2.78215232,-1.955,25.888,0.0,0.0,-33.432196577914475,10.058927692636406,-168.8789821261882,Before Launch
1899,2025-05-03 22:52:30,97.601,-0.82021,0.45,25.888,0.0,0.0,-33.934351618174425,8.980966286427883,-170.66070567565842,Before Launch
1900,2025-05-03 22:52:30,97.651,-1.79790032,-0.502,25.888,0.0,0.0,-34.627745089858365,7.074528221086375,-173.87928187125675,Before Launch
1901,2025-05-03 22:52:30,97.697,-1.4107612,0.386,25.853,0.0,0.0,-34.547606690286486,5.10017647241578,-177.04416248734125,Before Launch
1902,2025-05-03 22:52:30,97.752,-1.30905516,-0.406,25.891,0.0,0.0,-34.22720955106847,4.042151292109391,-178.67667980704795,Before Launch
1903,2025-05-03 22:52:30,97.803,0.9317585599999999,2.146,25.843,0.0,0.0,-33.46170706414838,1.933060846685085,-181.33518709165932,Before Launch
1904,2025-05-03 22:52:30,97.848,1.09580056,0.718,25.883,0.0,0.0,-31.791059650510945,0.4755935238690415,-77.6187530746613,Before Launch
1905,2025-05-03 22:52:31,97.903,-0.20341208,0.473,25.891,0.0,0.0,-31.99206915752899,0.2857410057257159,-3.344332280790752,Before Launch
1906,2025-05-03 22:52:31,97.958,-0.10170604,-0.225,25.881,0.0,0.0,-33.770116837156266,-0.5774488542115739,87.70873459088048,Before Launch
1907,2025-05-03 22:52:31,98.006,-1.43044624,-0.212,25.891,0.0,0.0,-35.82649380935495,-1.4366453585512917,133.33856646207028,Before Launch
1908,2025-05-03 22:52:31,98.052,-1.66010504,-0.979,25.898,0.0,0.0,-36.444339238507574,-1.6659249007315815,146.97296775790602,Before Launch
1909,2025-05-03 22:52:31,98.103,0.21981628,-0.263,25.826,0.0,0.0,-36.46250247305992,-1.9418219760419748,163.61856693429579,Before Launch
1910,2025-05-03 22:52:31,98.154,0.10170604,0.133,25.841,0.0,0.0,-35.49099521557904,-1.9758643586716629,172.00774925688822,Before Launch
1911,2025-05-03 22:52:31,98.2,-1.9094488799999998,-1.081,25.898,0.0,0.0,-35.181914751342525,-1.9887051040537622,174.44968918731215,Before Launch
1912,2025-05-03 22:52:31,98.255,-1.6765092400000001,-0.402,25.891,0.0,0.0,-34.526877352184165,-2.028941246976291,177.35761964047833,Before Launch
1913,2025-05-03 22:52:31,98.302,-0.9416010799999999,-1.157,25.891,0.0,0.0,-34.06250909663679,-2.1671736124902123,178.66056451084663,Before Launch
1914,2025-05-03 22:52:31,98.35,-1.30905516,-0.493,25.891,0.0,0.0,-33.330500986995304,-2.2760543027955986,179.24942384001702,Before Launch
1915,2025-05-03 22:52:31,98.404,-1.79790032,-1.468,25.893,0.0,0.0,-33.070623569087324,-2.3096507093591403,179.35790817103626,Before Launch
1916,2025-05-03 22:52:31,98.453,-0.0656168,-0.592,25.896,0.0,0.0,-32.61564088693509,-2.333272443248149,179.51342436510504,Before Launch
1917,2025-05-03 22:52:31,98.498,-1.0597113200000001,-0.999,25.891,0.0,0.0,-32.024488344141304,-2.2823048944122752,179.41413465057437,Before Launch
1918,2025-05-03 22:52:31,98.552,-1.43044624,-0.016,25.893,0.0,0.0,-31.807727507036784,-2.2913506797198613,179.38749647267903,Before Launch
1919,2025-05-03 22:52:31,98.598,-0.20341208,0.296,25.891,0.0,0.0,-31.19874314820496,-2.338041715897584,179.29009211417318,Before Launch
1920,2025-05-03 22:52:31,98.647,-1.28937012,-0.772,25.886,0.0,0.0,-30.837316234304314,-2.350417855485793,179.2142716177662,Before Launch
1921,2025-05-03 22:52:31,98.702,-0.82021,-1.076,25.888,0.0,0.0,-30.01242325068746,-2.407532769604077,178.9870028025203,Before Launch
1922,2025-05-03 22:52:31,98.749,-0.9481627599999999,-0.884,25.883,0.0,0.0,-29.775332278310565,-2.4303907127891904,178.82110939992967,Before Launch
1923,2025-05-03 22:52:31,98.793,-1.53871396,0.997,25.891,0.0,0.0,-29.81981904365071,-2.4544206304743024,178.680271405915,Before Launch
1924,2025-05-03 22:52:31,98.85,-2.04724416,-0.982,25.891,0.0,0.0,-29.583670354189163,-2.47635387386794,178.5469389484975,Before Launch
1925,2025-05-03 22:52:32,98.896,-2.04724416,-0.2,25.891,0.0,0.0,-28.007124584601694,-2.3958453206853667,178.19157191912637,Before Launch
1926,2025-05-03 22:52:32,98.942,-1.4370079199999999,-0.021,25.828,0.0,0.0,-26.173763024102318,-2.3726345014177648,177.8602059617387,Before Launch
1927,2025-05-03 22:52:32,98.996,-2.1653544,-0.688,25.893,0.0,0.0,-25.528105799559494,-2.3405298700228765,177.788198816466,Before Launch
1928,2025-05-03 22:52:32,99.046,-2.1751969200000003,-2.5,25.886,0.0,0.0,-24.693409503370248,-2.2199141081262868,177.72730740201794,Before Launch
1929,2025-05-03 22:52:32,99.092,-1.4370079199999999,-2.036,25.886,0.0,0.0,-24.62325251176262,-2.1629360113977567,177.80282497490904,Before Launch
1930,2025-05-03 22:52:32,99.146,0.16404200000000002,0.296,25.891,0.0,0.0,-25.06052869128724,-2.078987964142662,178.00805575431605,Before Launch
1931,2025-05-03 22:52:32,99.194,-2.2769029599999997,-1.76,25.896,0.0,0.0,-25.279586978062454,-2.060820085646123,178.07054125578924,Before Launch
1932,2025-05-03 22:52:32,99.241,-0.26574804,0.943,25.878,0.0,0.0,-25.529243397186335,-2.070308419280719,178.04414178711806,Before Launch
1933,2025-05-03 22:52:32,99.299,-1.43044624,0.184,25.893,0.0,0.0,-25.618097649655745,-2.0839769214088775,177.95064994062136,Before Launch
1934,2025-05-03 22:52:32,99.353,-1.30905516,-1.223,25.891,0.0,0.0,-25.52274329096208,-2.1543269838886205,177.82757059913965,Before Launch
1935,2025-05-03 22:52:32,99.405,-1.5748031999999998,-1.34,25.881,0.0,0.0,-25.332047366194637,-2.179812097770587,177.69390464721084,Before Launch
1936,2025-05-03 22:52:32,99.454,1.50262472,2.721,25.836,0.0,0.0,-25.38491306203073,-2.205671731701644,177.59800634762044,Before Launch
1937,2025-05-03 22:52:32,99.509,-1.5583989999999999,0.094,25.888,0.0,0.0,-25.38989712697601,-2.19539272876885,177.57319334098537,Before Launch
1938,2025-05-03 22:52:32,99.556,-2.29330716,-1.078,25.893,0.0,0.0,-25.30662350362631,-2.1954562752002795,177.47560856232286,Before Launch
1939,2025-05-03 22:52:32,99.607,-1.9258530799999998,-0.491,25.881,0.0,0.0,-25.172749182885674,-2.1920438423194724,177.33216169029708,Before Launch
1940,2025-05-03 22:52:32,99.662,-1.9258530799999998,-0.102,25.888,0.0,0.0,-25.149107794583088,-2.210723234924368,177.3006710552561,Before Launch
1941,2025-05-03 22:52:32,99.713,-1.8077428400000002,-1.383,25.883,0.0,0.0,-25.302499215456326,-2.2234417262569,177.29442365109637,Before Launch
1942,2025-05-03 22:52:32,99.759,0.07545932,0.9,25.846,0.0,0.0,-25.431356401718293,-2.218363309766106,177.2745482331008,Before Launch
1943,2025-05-03 22:52:32,99.807,-1.68635176,-0.204,25.883,0.0,0.0,-25.565136603589742,-2.232976449343698,177.2298876343948,Before Launch
1944,2025-05-03 22:52:32,99.854,-1.30905516,-0.88,25.886,0.0,0.0,-25.52945915151615,-2.249560329718578,177.18911506627808,Before Launch
1945,2025-05-03 22:52:33,99.909,-0.7185039599999999,0.452,25.838,0.0,0.0,-25.537282442583987,-2.2501933259747817,177.1597783955993,Before Launch
1946,2025-05-03 22:52:33,99.956,-0.24934383999999998,0.455,25.868,0.0,0.0,-25.763590145437572,-2.2128433997198576,177.2042356909879,Before Launch
1947,2025-05-03 22:52:33,100.003,-2.05380584,-0.882,25.881,0.0,0.0,-25.776763724149944,-2.204773162610253,177.16873392207964,Before Launch
1948,2025-05-03 22:52:33,100.056,-0.33136484,0.956,25.886,0.0,0.0,-25.69091860411447,-2.1845083963118874,177.20912237117807,Before Launch
1949,2025-05-03 22:52:33,100.103,-0.9481627599999999,0.877,25.883,0.0,0.0,-25.507705353509298,-2.1879454313589064,177.20337284934556,Before Launch
1950,2025-05-03 22:52:33,100.149,-0.33136484,1.369,25.878,0.0,0.0,-25.419091225030417,-2.1567422005038117,177.16275429918028,Before Launch
1951,2025-05-03 22:52:33,100.205,-0.51509188,0.73,25.848,0.0,0.0,-25.39633152996209,-2.206099417073339,177.11388270848525,Before Launch
1952,2025-05-03 22:52:33,100.263,-0.63648296,1.207,25.878,0.0,0.0,-25.51317098442374,-2.237210351863823,177.03705412102167,Before Launch
1953,2025-05-03 22:52:33,100.308,-1.79790032,0.299,25.833,0.0,0.0,-25.620913054236652,-2.2220615623260187,176.94907144395765,Before Launch
1954,2025-05-03 22:52:33,100.373,-0.70209976,0.574,25.883,0.0,0.0,-25.53151720617108,-2.243348957928141,176.86656260608123,Before Launch
1955,2025-05-03 22:52:33,100.429,-0.9416010799999999,-0.862,25.888,0.0,0.0,-25.386686881717193,-2.2231353904421076,176.79540844187906,Before Launch
1956,2025-05-03 22:52:33,100.477,-1.18766408,0.849,25.888,0.0,0.0,-25.299428530914977,-2.3174083565272876,176.75991693929976,Before Launch
1957,2025-05-03 22:52:33,100.535,-1.79790032,-1.184,25.893,0.0,0.0,-25.36052988456078,-2.2862620241983183,176.76269097204644,Before Launch
1958,2025-05-03 22:52:33,100.581,-0.9416010799999999,0.381,25.891,0.0,0.0,-25.362799578907687,-2.286629682080275,176.6877360768643,Before Launch
1959,2025-05-03 22:52:33,100.639,-1.5583989999999999,-0.194,25.888,0.0,0.0,-25.33608269570502,-2.257639213944708,176.657681814534,Before Launch
1960,2025-05-03 22:52:33,100.687,-1.4370079199999999,0.107,25.893,0.0,0.0,-25.30887031426675,-2.267606218349138,176.62102215604278,Before Launch
1961,2025-05-03 22:52:33,100.739,-1.18766408,-2.094,25.888,0.0,0.0,-25.313061035202345,-2.253354761690945,176.53750198368937,Before Launch
1962,2025-05-03 22:52:33,100.792,0.16404200000000002,1.343,25.891,0.0,0.0,-25.312287245710362,-2.275816555802796,176.5262274105152,Before Launch
1963,2025-05-03 22:52:33,100.835,-1.43044624,0.675,25.893,0.0,0.0,-25.31209172575793,-2.2672631563850034,176.52488471474481,Before Launch
1964,2025-05-03 22:52:34,100.89,-1.06955384,0.667,25.886,0.0,0.0,-25.315865710200487,-2.2453504711926917,176.53803953576036,Before Launch
1965,2025-05-03 22:52:34,100.939,-1.4370079199999999,0.383,25.886,0.0,0.0,-25.34202951945499,-2.191524522633849,176.51685643226932,Before Launch
1966,2025-05-03 22:52:34,100.987,-2.04724416,-0.188,25.881,0.0,0.0,-25.27436537540196,-2.206067510876439,176.5274746439163,Before Launch
1967,2025-05-03 22:52:34,101.042,-2.1653544,-1.747,25.893,0.0,0.0,-25.274412279934868,-2.170716545746587,176.53591172894104,Before Launch
1968,2025-05-03 22:52:34,101.09,-0.69225724,0.775,25.896,0.0,0.0,-25.235955167854335,-2.2212669553528905,176.4401409841891,Before Launch
1969,2025-05-03 22:52:34,101.138,-0.70209976,0.473,25.886,0.0,0.0,-25.24344549639538,-2.2563496892243706,176.34288828267577,Before Launch
1970,2025-05-03 22:52:34,101.191,-0.22965880000000002,0.381,25.888,0.0,0.0,-25.252793403934295,-2.297117913498672,176.27614197149597,Before Launch
1971,2025-05-03 22:52:34,101.25,-1.0597113200000001,-0.626,25.893,0.0,0.0,-25.241905768390794,-2.317368420915055,176.2193396819093,Before Launch
1972,2025-05-03 22:52:34,101.31,-1.6765092400000001,0.289,25.891,0.0,0.0,-25.2768556458871,-2.328277432862775,176.19328311636406,Before Launch
1973,2025-05-03 22:52:34,101.361,0.13779528000000002,0.36,25.876,0.0,0.0,-25.260298298434275,-2.3285945620378206,176.1538907402502,Before Launch
1974,2025-05-03 22:52:34,101.408,-0.70209976,0.189,25.886,0.0,0.0,-25.265110262091486,-2.2987342645244384,176.15353108504357,Before Launch
1975,2025-05-03 22:52:34,101.465,-0.20341208,0.097,25.888,0.0,0.0,-25.325069772532366,-2.2933042294701456,176.1356978854509,Before Launch
1976,2025-05-03 22:52:34,101.521,-0.58070868,-0.05,25.883,0.0,0.0,-25.32711082774499,-2.3096948632247494,176.12349948208666,Before Launch
1977,2025-05-03 22:52:34,101.569,-0.08202100000000001,0.425,25.888,0.0,0.0,-25.34465770993927,-2.33227234407369,176.1170864075241,Before Launch
1978,2025-05-03 22:52:34,101.613,-0.20341208,1.222,25.893,0.0,0.0,-25.3482893056698,-2.3181886333152075,176.0902377238844,Before Launch
1979,2025-05-03 22:52:34,101.659,-1.4370079199999999,-0.571,25.886,0.0,0.0,-25.319223671107572,-2.3018739884528143,176.0901255607693,Before Launch
1980,2025-05-03 22:52:34,101.705,-0.70209976,0.188,25.886,0.0,0.0,-25.286012844335357,-2.294923104889503,176.09471409989493,Before Launch
1981,2025-05-03 22:52:34,101.759,-0.9481627599999999,0.187,25.883,0.0,0.0,-25.242781099374245,-2.2608373487669717,176.108096336139,Before Launch
1982,2025-05-03 22:52:34,101.809,-1.18766408,0.479,25.886,0.0,0.0,-25.211650019335682,-2.2704174917042272,176.0258016077192,Before Launch
1983,2025-05-03 22:52:34,101.87,-1.5583989999999999,-0.479,25.888,0.0,0.0,-25.241514097758397,-2.2783523539193045,176.0110168961678,Before Launch
1984,2025-05-03 22:52:35,101.916,-0.70209976,0.671,25.886,0.0,0.0,-25.241638368057988,-2.2952414345258516,175.98174063210155,Before Launch
1985,2025-05-03 22:52:35,101.973,-0.58070868,0.666,25.883,0.0,0.0,-25.30079085449297,-2.3128122801772064,175.89341999685155,Before Launch
1986,2025-05-03 22:52:35,102.02,0.6824147199999999,1.46,25.853,0.0,0.0,-25.322679963547426,-2.291931399450604,175.91366694352234,Before Launch
1987,2025-05-03 22:52:35,102.067,0.04593176,-0.093,25.883,0.0,0.0,-25.33121010196791,-2.3088216426876516,175.8963932564181,Before Launch
1988,2025-05-03 22:52:35,102.123,-0.45275592000000003,0.759,25.888,0.0,0.0,-25.33268902160686,-2.2608618206348394,175.9054353567259,Before Launch
1989,2025-05-03 22:52:35,102.176,-1.0892388800000001,-0.015,25.886,0.0,0.0,-25.31951173029754,-2.242796858475014,175.92066370807356,Before Launch
1990,2025-05-03 22:52:35,102.225,-0.7185039599999999,0.559,25.878,0.0,0.0,-25.333338904110917,-2.2451029330007737,175.94446915202823,Before Launch
1991,2025-05-03 22:52:35,102.272,-0.82021,0.955,25.888,0.0,0.0,-25.335685758079116,-2.247170297826311,175.93637162000053,Before Launch
1992,2025-05-03 22:52:35,102.319,0.28543308,1.919,25.888,0.0,0.0,-25.324890953506937,-2.2685107311824546,175.97467056575977,Before Launch
1993,2025-05-03 22:52:35,102.365,-0.82021,-0.1,25.886,0.0,0.0,-25.332962137083886,-2.249523812592463,175.976889086316,Before Launch
1994,2025-05-03 22:52:35,102.42,-1.18766408,-0.379,25.888,0.0,0.0,-25.290952111430332,-2.210960947952106,176.04018953203803,Before Launch
1995,2025-05-03 22:52:35,102.467,-0.9416010799999999,-0.558,25.891,0.0,0.0,-25.297515960255065,-2.2111149378851227,176.00639498761467,Before Launch
1996,2025-05-03 22:52:35,102.514,-1.5583989999999999,-0.395,25.888,0.0,0.0,-25.27814898796211,-2.227710738996043,176.00361436293443,Before Launch
1997,2025-05-03 22:52:35,102.571,-0.9481627599999999,0.578,25.888,0.0,0.0,-25.26456352662866,-2.2193893542131424,175.9885712687118,Before Launch
1998,2025-05-03 22:52:35,102.623,-1.06955384,-0.957,25.886,0.0,0.0,-25.271148480203617,-2.2430406758407293,175.93654643511252,Before Launch
1999,2025-05-03 22:52:35,102.674,-1.45669296,-0.596,25.878,0.0,0.0,-25.276958492849968,-2.2270010969368497,175.95079675639093,Before Launch
2000,2025-05-03 22:52:35,102.724,0.81036748,0.805,25.846,0.0,0.0,-25.286929844601406,-2.2153447838073443,175.92699359565233,Before Launch
2001,2025-05-03 22:52:35,102.77,-0.7185039599999999,-0.11,25.878,0.0,0.0,-25.324390021191824,-2.1897454725769463,175.9309545529161,Before Launch
2002,2025-05-03 22:52:35,102.826,-1.0892388800000001,-0.801,25.878,0.0,0.0,-25.280894662819144,-2.1800270571683757,175.93197351934316,Before Launch
2003,2025-05-03 22:52:35,102.873,-1.5748031999999998,-1.088,25.883,0.0,0.0,-25.32763935850087,-2.0387876672256606,176.18710959945454,Before Launch
2004,2025-05-03 22:52:36,102.924,1.54855648,2.36,25.878,0.0,0.0,-25.500262818183337,-1.9475208778008044,176.4318240874836,Before Launch
2005,2025-05-03 22:52:36,102.98,-0.27559056000000004,0.335,25.853,0.0,0.0,-25.541215702688678,-1.93715151792743,176.50239857009103,Before Launch
2006,2025-05-03 22:52:36,103.032,-0.738189,0.165,25.871,0.0,0.0,-25.666885475212048,-2.0346422645517404,176.30441029106072,Before Launch
2007,2025-05-03 22:52:36,103.082,-0.70209976,0.381,25.886,0.0,0.0,-25.54127208462878,-2.216110373442817,175.9180166248724,Before Launch
2008,2025-05-03 22:52:36,103.132,-1.23359584,0.257,25.866,0.0,0.0,-25.450620566482907,-2.2452990470710708,175.8047297646368,Before Launch
2009,2025-05-03 22:52:36,103.179,-2.68044628,-1.566,25.881,0.0,0.0,-25.425889180519604,-2.3093648977728933,175.64499110754795,Before Launch
2010,2025-05-03 22:52:36,103.225,-0.5446194400000001,0.029,25.871,0.0,0.0,-25.332708883175304,-2.3690227883481,175.6079932545212,Before Launch
2011,2025-05-03 22:52:36,103.283,-1.47309716,-1.707,25.871,0.0,0.0,-25.306772349274986,-2.3700809179889255,175.6168941014391,Before Launch
2012,2025-05-03 22:52:36,103.329,-0.7185039599999999,-0.606,25.878,0.0,0.0,-25.25595368862069,-2.3024485388487452,175.64549097131928,Before Launch
2013,2025-05-03 22:52:36,103.376,-1.47309716,-0.814,25.878,0.0,0.0,-25.224482363675783,-2.243408557324673,175.673139660528,Before Launch
2014,2025-05-03 22:52:36,103.429,0.05577428,0.914,25.836,0.0,0.0,-25.200346963864096,-2.251586836321103,175.6554148824735,Before Launch
2015,2025-05-03 22:52:36,103.477,-1.84383208,-0.899,25.873,0.0,0.0,-25.1845798850407,-2.2342437782507143,175.6348507119511,Before Launch
2016,2025-05-03 22:52:36,103.523,-0.0,0.656,25.843,0.0,0.0,-25.231058436844364,-2.2775648473937355,175.5697769875455,Before Launch
2017,2025-05-03 22:52:36,103.578,0.11811023999999999,-0.133,25.871,0.0,0.0,-25.248654146572644,-2.2805818467631203,175.5787268420341,Before Launch
2018,2025-05-03 22:52:36,103.627,-0.47900264,0.27,25.868,0.0,0.0,-25.308050855239333,-2.299437505542537,175.59712687820513,Before Launch
2019,2025-05-03 22:52:36,103.673,0.23950132,1.139,25.866,0.0,0.0,-25.312441776402398,-2.291462301520006,175.5678129420453,Before Launch
2020,2025-05-03 22:52:36,103.726,-1.1056430800000001,-0.13,25.871,0.0,0.0,-25.332676202708587,-2.2873102110629953,175.56669455151967,Before Launch
2021,2025-05-03 22:52:36,103.773,-1.50262472,0.044,25.856,0.0,0.0,-25.29074357555978,-2.331797980098354,175.53141229149932,Before Launch
2022,2025-05-03 22:52:36,103.818,-1.722441,-0.621,25.863,0.0,0.0,-25.279637037279493,-2.3170250826000327,175.54515544650167,Before Launch
2023,2025-05-03 22:52:36,103.873,-0.37729660000000004,0.554,25.871,0.0,0.0,-25.260647976765814,-2.2736092633247935,175.5651974720044,Before Launch
2024,2025-05-03 22:52:37,103.923,-1.45669296,0.0,25.871,0.0,0.0,-25.25177827855159,-2.298878440812683,175.59267582142832,Before Launch
2025,2025-05-03 22:52:37,103.971,-2.3129922,-2.505,25.876,0.0,0.0,-25.269473078357073,-2.2992218505808624,175.65103510433977,Before Launch
2026,2025-05-03 22:52:37,104.024,-1.8241470400000002,-0.882,25.878,0.0,0.0,-25.33921533365731,-2.220827770078165,175.6594801031161,Before Launch
2027,2025-05-03 22:52:37,104.082,-1.21719164,-0.102,25.871,0.0,0.0,-25.30191978836543,-2.228623056295426,175.6466204348129,Before Launch
2028,2025-05-03 22:52:37,104.13,-1.95538064,-0.303,25.873,0.0,0.0,-25.29020460292983,-2.2946644348477627,175.56923027475514,Before Launch
2029,2025-05-03 22:52:37,104.177,-1.21719164,-2.207,25.871,0.0,0.0,-25.329065626614916,-2.281818226139665,175.61356540363025,Before Launch
2030,2025-05-03 22:52:37,104.234,-1.84383208,-1.251,25.871,0.0,0.0,-25.332421221108948,-2.2740641704799476,175.64348035723756,Before Launch
2031,2025-05-03 22:52:37,104.288,-1.8241470400000002,-0.865,25.873,0.0,0.0,-25.33041967579789,-2.2451495564014916,175.69926786918077,Before Launch
2032,2025-05-03 22:52:37,104.338,-1.47309716,-0.614,25.866,0.0,0.0,-25.322175463925248,-2.2244006679307207,175.71807021143798,Before Launch
2033,2025-05-03 22:52:37,104.383,-1.3353018799999998,-0.081,25.876,0.0,0.0,-25.31440777723808,-2.204541593343013,175.72031946704402,Before Launch
2034,2025-05-03 22:52:37,104.442,-1.95538064,0.574,25.873,0.0,0.0,-25.315154455968386,-2.2019117376500397,175.71690194978805,Before Launch
2035,2025-05-03 22:52:37,104.487,-1.47309716,-0.736,25.871,0.0,0.0,-25.311301778886655,-2.1379817101661063,175.712459059789,Before Launch
2036,2025-05-03 22:52:37,104.534,-0.84645672,0.501,25.873,0.0,0.0,-25.258559658866602,-2.1867180910939363,175.62493756109842,Before Launch
2037,2025-05-03 22:52:37,104.59,-0.47900264,0.19,25.873,0.0,0.0,-25.24599213983257,-2.2038308017576553,175.60592225701095,Before Launch
2038,2025-05-03 22:52:37,104.644,-1.1056430800000001,0.29,25.871,0.0,0.0,-25.269965380069106,-2.201835554024006,175.57147653244056,Before Launch
2039,2025-05-03 22:52:37,104.691,-0.11154856,-0.133,25.873,0.0,0.0,-25.33593008902053,-2.2265114853749073,175.53038672217406,Before Launch
2040,2025-05-03 22:52:37,104.749,-1.95538064,-0.088,25.873,0.0,0.0,-25.318774890086235,-2.244459035375324,175.5127352254744,Before Launch
2041,2025-05-03 22:52:37,104.799,0.09186352,0.072,25.853,0.0,0.0,-25.27749423140254,-2.2301729380805053,175.51497476472667,Before Launch
2042,2025-05-03 22:52:37,104.853,-0.00984252,-0.1,25.863,0.0,0.0,-25.264537026669952,-2.2660304007978906,175.54878258389869,Before Launch
2043,2025-05-03 22:52:38,104.9,-1.3353018799999998,-0.673,25.876,0.0,0.0,-25.23833285468903,-2.2485275269845544,175.53037266994423,Before Launch
2044,2025-05-03 22:52:38,104.959,-1.35498692,-1.24,25.873,0.0,0.0,-25.25669459027996,-2.222072665087578,175.55148018177576,Before Launch
2045,2025-05-03 22:52:38,105.004,-1.97178484,-0.678,25.866,0.0,0.0,-25.243736729484798,-2.220090726664253,175.5512214291776,Before Launch
2046,2025-05-03 22:52:38,105.056,-1.35498692,0.115,25.868,0.0,0.0,-25.223560789420095,-2.2158890682341785,175.487898634964,Before Launch
2047,2025-05-03 22:52:38,105.108,2.48031504,3.258,25.818,0.0,0.0,-25.185018254298768,-2.2825314438354125,175.38976901751272,Before Launch
2048,2025-05-03 22:52:38,105.157,-1.58464572,-0.94,25.873,0.0,0.0,-25.215135299752667,-2.2950290584611195,175.38714466401927,Before Launch
2049,2025-05-03 22:52:38,105.215,-0.98753284,0.363,25.866,0.0,0.0,-25.187439666864716,-2.2972272706291403,175.3827634439967,Before Launch
2050,2025-05-03 22:52:38,105.263,-2.81167988,-0.386,25.871,0.0,0.0,-25.180921532372874,-2.314570951963326,175.34590609265766,Before Launch
2051,2025-05-03 22:52:38,105.311,-0.98753284,0.65,25.873,0.0,0.0,-25.18313366391011,-2.372291593284132,175.34652711939603,Before Launch
2052,2025-05-03 22:52:38,105.367,-1.35498692,-0.107,25.826,0.0,0.0,-25.18376875844698,-2.284452960065151,175.4289916036612,Before Launch
2053,2025-05-03 22:52:38,105.424,-0.738189,0.941,25.873,0.0,0.0,-25.1876062757247,-2.2731674830060364,175.4423412105015,Before Launch
2054,2025-05-03 22:52:38,105.471,-1.7060368000000001,-0.378,25.876,0.0,0.0,-25.197599264595755,-2.3005042381999097,175.4151677287321,Before Launch
2055,2025-05-03 22:52:38,105.517,-0.02624672,1.417,25.856,0.0,0.0,-25.25517422173503,-2.311221463334845,175.39349363740533,Before Launch
2056,2025-05-03 22:52:38,105.571,-0.24934383999999998,1.227,25.871,0.0,0.0,-25.277265628126642,-2.310942482332133,175.39367571815475,Before Launch
2057,2025-05-03 22:52:38,105.62,-0.7480315200000001,0.566,25.873,0.0,0.0,-25.28794909248451,-2.279699932981526,175.3990073611538,Before Launch
2058,2025-05-03 22:52:38,105.665,-0.61679792,0.56,25.868,0.0,0.0,-25.326838989826047,-2.281048430677718,175.40039710800403,Before Launch
2059,2025-05-03 22:52:38,105.725,-2.07349088,-0.092,25.876,0.0,0.0,-25.346622659691587,-2.2622386844494704,175.4743224995099,Before Launch
2060,2025-05-03 22:52:38,105.771,-0.36745408,0.861,25.871,0.0,0.0,-25.3427651321012,-2.231938530258971,175.48620635725183,Before Launch
2061,2025-05-03 22:52:38,105.817,0.11811023999999999,0.752,25.868,0.0,0.0,-25.318767304539804,-2.2485266030997595,175.51538290386478,Before Launch
2062,2025-05-03 22:52:38,105.873,-0.61679792,-0.107,25.868,0.0,0.0,-25.246935541550247,-2.234842489474613,175.51172989371904,Before Launch
2063,2025-05-03 22:52:39,105.92,-1.35498692,-0.195,25.868,0.0,0.0,-25.26605246148685,-2.2295919607480625,175.48961228748067,Before Launch
2064,2025-05-03 22:52:39,105.97,-0.84645672,-0.575,25.873,0.0,0.0,-25.237386614903883,-2.2160503283505215,175.47157301556263,Before Launch
2065,2025-05-03 22:52:39,106.025,-0.9678477999999999,0.774,25.873,0.0,0.0,-25.219896340923334,-2.1865472103761183,175.4663553692067,Before Launch
2066,2025-05-03 22:52:39,106.073,-1.722441,-1.424,25.868,0.0,0.0,-25.186824065412484,-2.2149303807703835,175.42652488216956,Before Launch
2067,2025-05-03 22:52:39,106.12,-0.0,0.008,25.871,0.0,0.0,-25.212309241558543,-2.2500072985847552,175.403490259748,Before Launch
2068,2025-05-03 22:52:39,106.168,0.11811023999999999,1.146,25.868,0.0,0.0,-25.213913904995565,-2.259123829040501,175.3641861116718,Before Launch
2069,2025-05-03 22:52:39,106.213,-0.17388452,0.942,25.876,0.0,0.0,-25.1821573317209,-2.2581669957194976,175.3428927845776,Before Launch
2070,2025-05-03 22:52:39,106.259,-1.58464572,0.308,25.873,0.0,0.0,-25.19450801773304,-2.261612814097975,175.2721000769286,Before Launch
2071,2025-05-03 22:52:39,106.308,2.0177166,2.694,25.868,0.0,0.0,-25.250965792824253,-2.2190088369072845,175.2814242000464,Before Launch
2072,2025-05-03 22:52:39,106.363,-0.9678477999999999,-2.748,25.876,0.0,0.0,-25.271368579484953,-2.272606633389154,175.25548148132128,Before Launch
2073,2025-05-03 22:52:39,106.411,-0.738189,0.675,25.866,0.0,0.0,-25.263493825875656,-2.267417453503701,175.26037752785004,Before Launch
2074,2025-05-03 22:52:39,106.472,0.48884516,1.175,25.868,0.0,0.0,-25.288862600293253,-2.2674338833509253,175.2651356573399,Before Launch
2075,2025-05-03 22:52:39,106.519,-1.35498692,1.16,25.866,0.0,0.0,-25.297941739398354,-2.2751473797666897,175.2363830631497,Before Launch
2076,2025-05-03 22:52:39,106.576,-2.32283472,-1.056,25.871,0.0,0.0,-25.291636846814555,-2.2800577011128946,175.2365689656453,Before Launch
2077,2025-05-03 22:52:39,106.634,-2.32283472,-0.764,25.876,0.0,0.0,-25.256675218293584,-2.311039594095371,175.20248069951978,Before Launch
2078,2025-05-03 22:52:39,106.681,0.11811023999999999,0.681,25.878,0.0,0.0,-25.274838673421737,-2.3751080861882174,175.18740910405478,Before Launch
2079,2025-05-03 22:52:39,106.731,-0.61679792,0.864,25.868,0.0,0.0,-25.264673161771995,-2.352711313120896,175.13857543464644,Before Launch
2080,2025-05-03 22:52:39,106.786,-2.32283472,-1.81,25.873,0.0,0.0,-25.2561440485354,-2.344747503983954,175.1312054372422,Before Launch
2081,2025-05-03 22:52:39,106.833,-1.95538064,-1.352,25.873,0.0,0.0,-25.278457936269092,-2.3291795746076467,175.13908472960307,Before Launch
2082,2025-05-03 22:52:40,106.88,-1.8241470400000002,-0.854,25.881,0.0,0.0,-25.300778461362636,-2.304502954646313,175.16160023909674,Before Launch
2083,2025-05-03 22:52:40,106.938,0.48884516,0.869,25.868,0.0,0.0,-25.33334369192718,-2.3232215688265367,175.19126297317388,Before Launch
2084,2025-05-03 22:52:40,106.988,-0.10170604,1.561,25.878,0.0,0.0,-25.333519443544784,-2.320763377296057,175.2245371738425,Before Launch
2085,2025-05-03 22:52:40,107.037,-1.5748031999999998,-0.954,25.873,0.0,0.0,-25.303644313755097,-2.293664804435904,175.24212383628623,Before Launch
2086,2025-05-03 22:52:40,107.094,-1.8536745999999997,-1.544,25.863,0.0,0.0,-25.3156320646471,-2.301940050401448,175.25024725538734,Before Launch
2087,2025-05-03 22:52:40,107.142,-0.60039372,0.013,25.876,0.0,0.0,-25.29544334256901,-2.2851048608015487,175.2476471486509,Before Launch
2088,2025-05-03 22:52:40,107.194,-0.0,1.064,25.878,0.0,0.0,-25.256398714769848,-2.3074550861304335,175.2487956664263,Before Launch
2089,2025-05-03 22:52:40,107.242,-1.3353018799999998,-0.384,25.876,0.0,0.0,-25.220991508657036,-2.298256508777154,175.22624093313084,Before Launch
2090,2025-05-03 22:52:40,107.29,-1.0892388800000001,-0.096,25.878,0.0,0.0,-25.14841807294202,-2.311236313865733,175.21869682096604,Before Launch
2091,2025-05-03 22:52:40,107.338,-1.8241470400000002,-0.08,25.876,0.0,0.0,-25.147965577065147,-2.3263539938913618,175.2454300528904,Before Launch
2092,2025-05-03 22:52:40,107.391,-1.0892388800000001,-0.857,25.878,0.0,0.0,-25.124736396940694,-2.30762298991731,175.23232782698076,Before Launch
2093,2025-05-03 22:52:40,107.44,-0.83989504,-0.753,25.881,0.0,0.0,-25.1330780348526,-2.3121853580149043,175.21145313462154,Before Launch
2094,2025-05-03 22:52:40,107.486,-1.0892388800000001,-0.719,25.878,0.0,0.0,-25.161419065539935,-2.29597441775538,175.1927350190093,Before Launch
2095,2025-05-03 22:52:40,107.54,-1.5748031999999998,0.008,25.881,0.0,0.0,-25.144939573894252,-2.297279952352415,175.18480451093038,Before Launch
2096,2025-05-03 22:52:40,107.588,0.42322836,-1.246,25.838,0.0,0.0,-25.2438412993719,-2.256928684985651,175.20325689093923,Before Launch
2097,2025-05-03 22:52:40,107.634,-0.11154856,0.674,25.873,0.0,0.0,-25.26973005478657,-2.280773826924483,175.18726587820885,Before Launch
2098,2025-05-03 22:52:40,107.688,-1.06955384,-0.259,25.886,0.0,0.0,-25.27197396280224,-2.29971175469733,175.19831186607186,Before Launch
2099,2025-05-03 22:52:40,107.736,0.83989504,0.278,25.861,0.0,0.0,-25.286695020817987,-2.308422589762204,175.19014928465268,Before Launch
2100,2025-05-03 22:52:40,107.783,0.13779528000000002,1.181,25.876,0.0,0.0,-25.31085169089471,-2.3113729932251617,175.18222786892406,Before Launch
2101,2025-05-03 22:52:40,107.829,-1.21719164,0.882,25.868,0.0,0.0,-25.268196817931706,-2.304662355804031,175.1423752629527,Before Launch
2102,2025-05-03 22:52:41,107.876,-1.8077428400000002,0.415,25.873,0.0,0.0,-25.28474443490746,-2.340407840573503,175.13477897576712,Before Launch
2103,2025-05-03 22:52:41,107.933,-1.7060368000000001,-1.457,25.876,0.0,0.0,-25.268739198480066,-2.348571616339023,175.15666537438594,Before Launch
2104,2025-05-03 22:52:41,107.979,-2.4245407599999997,-1.449,25.883,0.0,0.0,-25.230693274615078,-2.327985508358441,175.1946001332309,Before Launch
2105,2025-05-03 22:52:41,108.026,-1.8241470400000002,0.402,25.878,0.0,0.0,-25.22106139403395,-2.299398502667576,175.24447423601214,Before Launch
2106,2025-05-03 22:52:41,108.079,-1.21719164,0.592,25.873,0.0,0.0,-25.211453888547943,-2.288904329962505,175.24418195174147,Before Launch
2107,2025-05-03 22:52:41,108.134,0.38713912,1.763,25.868,0.0,0.0,-25.231077858775986,-2.255192225325547,175.23153082115175,Before Launch
2108,2025-05-03 22:52:41,108.185,-0.36745408,-0.687,25.871,0.0,0.0,-25.2421769928012,-2.2904595898080027,175.25121661565476,Before Launch
2109,2025-05-03 22:52:41,108.233,-1.21719164,-0.896,25.876,0.0,0.0,-25.527823750382744,-2.226623667900821,175.1800447531221,Before Launch
2110,2025-05-03 22:52:41,108.291,-0.24934383999999998,1.057,25.871,0.0,0.0,-25.962935674993357,-2.238445118565928,175.21619697797934,Before Launch
2111,2025-05-03 22:52:41,108.342,-2.19488196,-0.273,25.848,0.0,0.0,-27.103081222827626,-2.1857474558429866,175.72355852605108,Before Launch
2112,2025-05-03 22:52:41,108.39,-1.31889768,-0.576,25.883,0.0,0.0,-25.93790619910192,-1.3789346382944239,176.97926239560923,Before Launch
2113,2025-05-03 22:52:41,108.448,-0.83989504,-0.67,25.873,0.0,0.0,-22.958511764958807,1.1652791731990215,176.90901101000188,Before Launch
2114,2025-05-03 22:52:41,108.496,-1.1056430800000001,0.183,25.871,0.0,0.0,-23.0552807311361,2.8634859959870775,177.56081990024677,Before Launch
2115,2025-05-03 22:52:41,108.55,1.2795276,1.88,25.836,0.0,0.0,-21.11952674666067,5.735305791453031,178.79367623089004,Before Launch
2116,2025-05-03 22:52:41,108.599,-0.60039372,0.97,25.876,0.0,0.0,-17.238900492363392,4.477930875536632,178.54884410746786,Before Launch
2117,2025-05-03 22:52:41,108.648,-0.36745408,0.574,25.871,0.0,0.0,-15.106300894438673,1.6060884141288845,77.16808971894514,Before Launch
2118,2025-05-03 22:52:41,108.703,-0.22965880000000002,0.483,25.876,0.0,0.0,-14.330556855795102,1.8605128178022283,9.260270638578476,Before Launch
2119,2025-05-03 22:52:41,108.755,-1.47309716,-0.302,25.866,0.0,0.0,-10.6040086153806,2.92326883299306,-71.21492419122501,Before Launch
2120,2025-05-03 22:52:41,108.801,-0.36745408,0.957,25.871,0.0,0.0,-8.557200138678882,4.047067954086836,-93.66771588701621,Before Launch
2121,2025-05-03 22:52:41,108.851,0.11811023999999999,-0.242,25.868,0.0,0.0,-6.212481379676072,5.550169994826257,-122.80852112264255,Before Launch
2122,2025-05-03 22:52:42,108.902,0.34120735999999996,0.357,25.861,0.0,0.0,-6.665894600630505,4.216210485172629,-146.3088902249797,Before Launch
2123,2025-05-03 22:52:42,108.95,0.46916011999999996,1.219,25.846,0.0,0.0,-7.186238037792095,2.199074861813443,-162.67729861344912,Before Launch
2124,2025-05-03 22:52:42,109.008,0.9317585599999999,0.072,25.843,0.0,0.0,-6.436728378337776,1.8309325652447808,-166.4966532456665,Before Launch
2125,2025-05-03 22:52:42,109.057,2.6279528400000003,1.955,25.831,0.0,0.0,-3.107787836545763,2.051471993705922,-165.7110303753479,Before Launch
2126,2025-05-03 22:52:42,109.103,-0.04593176,0.919,25.783,0.0,0.0,0.9741306549465203,2.795353951168695,-125.41319651854397,Before Launch
2127,2025-05-03 22:52:42,109.158,1.35498692,2.467,25.811,0.0,0.0,4.866150468612263,4.035675646275891,-98.89295732923641,Before Launch
2128,2025-05-03 22:52:42,109.206,1.2992126400000001,2.361,25.843,0.0,0.0,13.666910391329285,4.666990437742344,-65.5992390445378,Before Launch
2129,2025-05-03 22:52:42,109.252,0.19356956,2.057,25.843,0.0,0.0,18.148220293952047,4.842490289084481,-54.86589629146158,Before Launch
2130,2025-05-03 22:52:42,109.298,-0.04593176,1.398,25.836,0.0,0.0,23.78615636311178,5.394105357360302,-41.25328110879136,Before Launch
2131,2025-05-03 22:52:42,109.347,0.17388452,1.097,25.833,0.0,0.0,25.47284780183282,4.634854017581224,-28.662557315618116,Before Launch
2132,2025-05-03 22:52:42,109.4,0.05577428,-0.262,25.838,0.0,0.0,26.309415427830295,4.178993050199827,-23.30243342700885,Before Launch
2133,2025-05-03 22:52:42,109.447,0.5446194400000001,0.723,25.836,0.0,0.0,34.95932776739477,3.4673135224858584,-15.090082405797032,Before Launch
2134,2025-05-03 22:52:42,109.495,-0.56102364,0.52,25.831,0.0,0.0,48.08759498488811,2.979555447046994,-10.417977743325423,Before Launch
2135,2025-05-03 22:52:42,109.55,-0.20997376,0.031,25.828,0.0,0.0,55.474914057254274,3.1226674735668536,-9.043577972972155,Before Launch
2136,2025-05-03 22:52:42,109.606,-0.32152232000000003,1.482,25.831,0.0,0.0,69.93917648556085,4.627377985237819,-6.984014441710267,Before Launch
2137,2025-05-03 22:52:42,109.656,0.78412076,1.661,25.831,0.0,0.0,79.59311231490794,30.332547713499302,-5.7170148916553485,Before Launch
2138,2025-05-03 22:52:42,109.709,0.04593176,0.702,25.831,0.0,0.0,87.5077372365248,100.79258968637242,-4.6541427847691095,Before Launch
2139,2025-05-03 22:52:42,109.759,0.66272968,1.4,25.833,0.0,0.0,90.8069664746521,123.80600392580615,-4.247122183396623,Before Launch
2140,2025-05-03 22:52:42,109.814,0.76443572,-0.408,25.823,0.0,0.0,96.92109610643803,152.08907132279015,-3.7109050345998846,Before Launch
2141,2025-05-03 22:52:42,109.86,-0.58070868,0.016,25.828,0.0,0.0,100.20085378693982,166.27890368263533,-3.148667559148262,Before Launch
2142,2025-05-03 22:52:43,109.918,0.64632548,0.798,25.826,0.0,0.0,101.13286029393866,170.42356732714822,-2.9972482202222794,Before Launch
2143,2025-05-03 22:52:43,109.972,0.8956693200000001,0.887,25.828,0.0,0.0,100.92360704194395,176.14000665415531,-2.81434882139247,Before Launch
2144,2025-05-03 22:52:43,110.022,1.01377956,1.963,25.826,0.0,0.0,99.87683360532357,-0.15619677346887784,-2.6733727716305737,Before Launch
2145,2025-05-03 22:52:43,110.07,-0.4429134,-0.059,25.841,0.0,0.0,97.91500656369178,-85.12673674328502,-2.587669362626427,Before Launch
2146,2025-05-03 22:52:43,110.123,-0.9317585599999999,-0.825,25.836,0.0,0.0,97.00476109600504,-109.08574460410067,-2.263039675036884,Before Launch
2147,2025-05-03 22:52:43,110.171,0.41338584,0.057,25.831,0.0,0.0,95.74867809940979,-137.64795052759192,-1.200608874514432,Before Launch
2148,2025-05-03 22:52:43,110.217,-0.6824147199999999,-0.909,25.838,0.0,0.0,94.95592929944223,-151.13391446015916,-0.35908022737047784,Before Launch
2149,2025-05-03 22:52:43,110.273,0.9120735200000001,-0.016,25.836,0.0,0.0,95.19451256717666,-152.44469181618695,-0.07504379942923634,Before Launch
2150,2025-05-03 22:52:43,110.319,0.41338584,-1.755,25.831,0.0,0.0,95.32170073205825,-146.23699109165543,1.1426397698516133,Before Launch
2151,2025-05-03 22:52:43,110.365,0.5446194400000001,0.468,25.833,0.0,0.0,95.50706972874609,-144.1111671609089,1.5142385063502464,Before Launch
2152,2025-05-03 22:52:43,110.419,0.05577428,-1.03,25.838,0.0,0.0,95.53824001794868,-141.47711419762402,1.8656150625150456,Before Launch
2153,2025-05-03 22:52:43,110.469,-0.6824147199999999,-1.569,25.836,0.0,0.0,95.28258031824173,-140.6921499352719,1.973868885650343,Before Launch
2154,2025-05-03 22:52:43,110.52,0.31496064,0.096,25.841,0.0,0.0,95.31309754853885,-140.75472464952153,2.201465377514758,Before Launch
2155,2025-05-03 22:52:43,110.574,-0.17388452,-0.1,25.843,0.0,0.0,96.4804091647726,-144.31583935869276,3.291994513879351,Before Launch
2156,2025-05-03 22:52:43,110.622,-0.04593176,-0.172,25.848,0.0,0.0,96.26452977826072,-153.25824090930337,3.525925888655813,Before Launch
2157,2025-05-03 22:52:43,110.668,0.81036748,0.595,25.846,0.0,0.0,95.95036108064144,-157.00320637381697,3.095944405640486,Before Launch
2158,2025-05-03 22:52:43,110.723,0.31496064,-0.18,25.841,0.0,0.0,96.19177422165875,-161.63554873878803,1.8985248668575956,Before Launch
2159,2025-05-03 22:52:43,110.771,-0.19356956,0.288,25.836,0.0,0.0,96.46944169365136,-158.05832812238836,1.8062442807679941,Before Launch
2160,2025-05-03 22:52:43,110.817,0.17388452,0.303,25.841,0.0,0.0,96.36267857564121,-146.02016680920045,3.1260179720331367,Before Launch
2161,2025-05-03 22:52:43,110.875,-0.29527559999999997,0.021,25.831,0.0,0.0,96.72192366280844,-141.18122678690878,3.4926740006850228,Before Launch
2162,2025-05-03 22:52:44,110.921,0.56102364,-0.176,25.843,0.0,0.0,97.87630949021266,-137.76477053294133,4.119559293138247,Before Launch
2163,2025-05-03 22:52:44,110.976,0.98753284,0.743,25.843,0.0,0.0,98.58121985792928,-136.55361982375584,5.122490389119907,Before Launch
2164,2025-05-03 22:52:44,111.022,-0.3116798,-0.772,25.838,0.0,0.0,99.22041135137003,-136.33685228692153,5.500804811753888,Before Launch
2165,2025-05-03 22:52:44,111.076,1.0597113200000001,0.234,25.848,0.0,0.0,100.11110507274302,-138.44927501494155,6.371995476859611,Before Launch
2166,2025-05-03 22:52:44,111.127,-0.5446194400000001,0.028,25.843,0.0,0.0,101.18532905546323,-142.84597246571366,6.51854377199122,Before Launch
2167,2025-05-03 22:52:44,111.174,0.81036748,0.131,25.848,0.0,0.0,102.04881747248733,-147.25425743404588,6.1002222508357775,Before Launch
2168,2025-05-03 22:52:44,111.232,0.81036748,-0.068,25.811,0.0,0.0,104.3301957668253,-155.99840520091118,5.259360888784385,Before Launch
2169,2025-05-03 22:52:44,111.278,-1.2631234,-1.813,25.851,0.0,0.0,106.90212185830686,-161.55218590621692,4.631820691170996,Before Launch
2170,2025-05-03 22:52:44,111.326,-1.1515748399999999,-0.564,25.833,0.0,0.0,107.36063260211326,-164.51405218821748,3.757154585885272,Before Launch
2171,2025-05-03 22:52:44,111.379,1.1975065999999999,1.695,25.853,0.0,0.0,107.55470821721168,-165.3420747427518,3.6182130945562747,Before Launch
2172,2025-05-03 22:52:44,111.426,1.0334646,0.494,25.833,0.0,0.0,110.33776104098527,-167.74656585507944,4.0023420208428675,Before Launch
2173,2025-05-03 22:52:44,111.472,-0.27559056000000004,0.324,25.836,0.0,0.0,116.00924899792147,-170.2996978977979,5.0003681481697395,Before Launch
2174,2025-05-03 22:52:44,111.527,0.8956693200000001,-0.013,25.851,0.0,0.0,119.27650533192346,-171.30277285213953,5.552644422673658,Before Launch
2175,2025-05-03 22:52:44,111.578,-0.64632548,-0.842,25.846,0.0,0.0,124.60801494807478,-172.47617334954253,6.443631036703335,Before Launch
2176,2025-05-03 22:52:44,111.622,-1.0334646,-1.255,25.846,0.0,0.0,126.28942397798058,-172.8261177402745,6.749951013005088,Before Launch
2177,2025-05-03 22:52:44,111.678,0.5905511999999999,0.425,25.858,0.0,0.0,127.8151497774696,-173.19824675205496,6.97578472432633,Before Launch
2178,2025-05-03 22:52:44,111.727,-0.27559056000000004,0.323,25.853,0.0,0.0,127.41524068877425,-172.88051544525808,6.599204878630465,Before Launch
2179,2025-05-03 22:52:44,111.774,0.09186352,-0.178,25.863,0.0,0.0,125.16207513914448,-172.30200469877335,5.234791258153924,Before Launch
2180,2025-05-03 22:52:44,111.828,-0.63648296,-0.369,25.861,0.0,0.0,123.90346262133065,-172.52367605605275,4.494467396807573,Before Launch
2181,2025-05-03 22:52:44,111.878,0.83005252,0.697,25.853,0.0,0.0,120.7740225522238,-173.94059876659009,3.2629870465352133,Before Launch
2182,2025-05-03 22:52:45,111.924,0.95800528,0.118,25.843,0.0,0.0,116.06737617026438,-175.27330814087009,2.207132705465555,Before Launch
2183,2025-05-03 22:52:45,111.982,0.09186352,-0.177,25.856,0.0,0.0,113.4634846184434,-175.55071407053939,1.9710725475121846,Before Launch
2184,2025-05-03 22:52:45,112.031,2.25721792,1.945,25.831,0.0,0.0,109.33198803238426,-176.19648065347528,1.6081842519946288,Before Launch
2185,2025-05-03 22:52:45,112.078,0.09186352,-0.065,25.853,0.0,0.0,108.13651318874525,-176.11230307810146,1.4676932674054946,Before Launch
2186,2025-05-03 22:52:45,112.123,2.58858276,2.311,25.816,0.0,0.0,105.91581991791209,-170.57414733426606,2.2185910350239624,Before Launch
2187,2025-05-03 22:52:45,112.17,-0.8858268,-1.158,25.853,0.0,0.0,102.697687853667,-157.73931369385645,3.6739902211265636,Before Launch
2188,2025-05-03 22:52:45,112.226,-0.00984252,-0.798,25.831,0.0,0.0,100.19704591246727,-148.16602053897842,4.681578966966908,Before Launch
2189,2025-05-03 22:52:45,112.284,-1.7519685600000001,-1.141,25.853,0.0,0.0,99.01501427375777,-143.36539878698656,5.30381144429815,Before Launch
2190,2025-05-03 22:52:45,112.342,0.29527559999999997,-0.604,25.833,0.0,0.0,98.01638863328459,-144.48525190702233,4.886319979178781,Before Launch
2191,2025-05-03 22:52:45,112.398,-0.8858268,-0.268,25.858,0.0,0.0,97.45922607239821,-145.50086998753454,4.462456387094951,Before Launch
2192,2025-05-03 22:52:45,112.444,-0.89238848,-1.341,25.861,0.0,0.0,97.26441593205088,-146.611805553654,3.7430809609118825,Before Launch
2193,2025-05-03 22:52:45,112.493,-0.26574804,-0.853,25.856,0.0,0.0,97.84022181468497,-147.92793090980916,3.1345949004447506,Before Launch
2194,2025-05-03 22:52:45,112.545,-0.17388452,0.86,25.826,0.0,0.0,97.69610916579072,-146.85152689681235,2.9129093287360504,Before Launch
2195,2025-05-03 22:52:45,112.592,0.95800528,1.666,25.858,0.0,0.0,96.94729278495424,-143.2646097441393,2.8786839787877394,Before Launch
2196,2025-05-03 22:52:45,112.637,-0.51509188,-1.361,25.858,0.0,0.0,96.5492861564397,-143.9058868754005,2.723007436222475,Before Launch
2197,2025-05-03 22:52:45,112.685,-0.14763779999999999,-0.938,25.858,0.0,0.0,96.01428203884137,-155.95092826757323,1.5592873841096988,Before Launch
2198,2025-05-03 22:52:45,112.73,0.10170604,0.3,25.861,0.0,0.0,96.21509999431586,-56.03113163034625,0.9734962477648832,Before Launch
2199,2025-05-03 22:52:45,112.775,-0.14763779999999999,-0.836,25.858,0.0,0.0,96.49164367674956,58.12825637364722,0.02926391252264282,Before Launch
2200,2025-05-03 22:52:45,112.821,-0.26574804,0.306,25.856,0.0,0.0,96.62265364428636,114.28936252171347,-0.9020075281222535,Before Launch
2201,2025-05-03 22:52:46,112.877,-0.24934383999999998,0.625,25.861,0.0,0.0,97.84791686754058,144.08678263834156,-2.039410122187743,Before Launch
2202,2025-05-03 22:52:46,112.937,0.56102364,-0.023,25.858,0.0,0.0,98.30406469143162,154.30631680720225,-2.19558038712233,Before Launch
2203,2025-05-03 22:52:46,112.986,-1.23359584,-0.761,25.848,0.0,0.0,99.1855304563401,-11.493729373807163,-0.6323659385552617,Before Launch
2204,2025-05-03 22:52:46,113.034,0.46916011999999996,0.299,25.861,0.0,0.0,99.38130083392637,-58.383267828786146,0.092002313325243,Before Launch
2205,2025-05-03 22:52:46,113.09,-1.97178484,-1.058,25.866,0.0,0.0,98.95750877536867,-113.45626904653128,0.6872414155710621,Before Launch
2206,2025-05-03 22:52:46,113.138,-0.02624672,-0.68,25.856,0.0,0.0,98.26304806845572,-140.43197353200935,0.7930279677283574,Before Launch
2207,2025-05-03 22:52:46,113.183,0.83005252,-0.102,25.866,0.0,0.0,97.91368291589995,-148.2883711400545,0.7339327604787682,Before Launch
2208,2025-05-03 22:52:46,113.237,-1.35498692,-1.153,25.868,0.0,0.0,97.3418478903704,-157.24598885719078,0.5992443670185169,Before Launch
2209,2025-05-03 22:52:46,113.282,-0.7480315200000001,-2.402,25.863,0.0,0.0,97.15343287434702,-159.4329546584607,0.5633815551647433,Before Launch
2210,2025-05-03 22:52:46,113.335,1.7519685600000001,1.321,25.826,0.0,0.0,97.3992756241007,-160.90667960685795,0.5241857078885283,Before Launch
2211,2025-05-03 22:52:46,113.381,0.23950132,-1.867,25.861,0.0,0.0,97.1006513494577,-159.52937928291678,1.325102921751966,Before Launch
2212,2025-05-03 22:52:46,113.427,-0.00984252,0.697,25.853,0.0,0.0,97.17534710586605,-157.91099673514884,2.2217647894838057,Before Launch
2213,2025-05-03 22:52:46,113.483,0.6069554,0.491,25.863,0.0,0.0,97.32041730413339,-156.93901391222323,2.924564728868019,Before Launch
2214,2025-05-03 22:52:46,113.528,0.72834648,1.994,25.868,0.0,0.0,99.10269010401305,-155.90457120341708,4.462336800300103,Before Launch
2215,2025-05-03 22:52:46,113.576,0.83989504,0.441,25.861,0.0,0.0,101.76785803622536,-155.08722807543788,5.707199632443699,Before Launch
2216,2025-05-03 22:52:46,113.635,0.35761156,1.005,25.856,0.0,0.0,103.60900648484576,-152.85674769677286,5.240984624816489,Before Launch
2217,2025-05-03 22:52:46,113.691,-0.98753284,-0.076,25.868,0.0,0.0,103.9613481713768,-151.9139010985028,4.724895774806381,Before Launch
2218,2025-05-03 22:52:46,113.744,-0.36745408,-0.081,25.871,0.0,0.0,104.9541261475254,-154.88511010271674,3.5399858465980887,Before Launch
2219,2025-05-03 22:52:46,113.791,0.738189,0.732,25.871,0.0,0.0,108.7132553709806,-162.65984263391476,3.312838081791648,Before Launch
2220,2025-05-03 22:52:46,113.845,0.36745408,-0.471,25.861,0.0,0.0,111.17885749164861,-165.84680366854118,3.4686775356225152,Before Launch
2221,2025-05-03 22:52:47,113.898,1.09580056,1.277,25.863,0.0,0.0,116.48368971768492,-170.33704722652638,3.7605821666270307,Before Launch
2222,2025-05-03 22:52:47,113.947,-0.36745408,-0.174,25.871,0.0,0.0,120.04404630899981,-173.4103985779218,3.529488610661442,Before Launch
2223,2025-05-03 22:52:47,113.992,0.85629924,0.598,25.866,0.0,0.0,120.69375908804223,-174.59159809596179,3.01687840607254,Before Launch
2224,2025-05-03 22:52:47,114.044,0.62664044,0.61,25.871,0.0,0.0,120.77835074451917,-176.03814613383867,2.206356446873226,Before Launch
2225,2025-05-03 22:52:47,114.091,1.3451444,1.268,25.866,0.0,0.0,120.76018498491558,-176.46007428332746,2.0058704079467753,Before Launch
2226,2025-05-03 22:52:47,114.15,1.84383208,1.644,25.866,0.0,0.0,118.57950945752022,-69.59917385836788,0.7370444530084614,Before Launch
2227,2025-05-03 22:52:47,114.198,1.1056430800000001,0.432,25.871,0.0,0.0,117.19531038093933,59.28781825142407,0.42795573200586695,Before Launch
2228,2025-05-03 22:52:47,114.245,-0.0,0.98,25.861,0.0,0.0,112.84656431589836,123.26802573430012,0.7773889766850515,Before Launch
2229,2025-05-03 22:52:47,114.301,0.48884516,0.016,25.863,0.0,0.0,103.48821278862573,52.35340050037716,1.0021360013125957,Before Launch
2230,2025-05-03 22:52:47,114.359,1.1056430800000001,2.425,25.873,0.0,0.0,96.09882981542886,25.967698553705876,1.3446967337933935,Before Launch
2231,2025-05-03 22:52:47,114.409,-0.11154856,-0.067,25.868,0.0,0.0,79.48153671543287,9.089574904888783,2.8912560010128363,Before Launch
2232,2025-05-03 22:52:47,114.453,-0.61679792,-1.139,25.866,0.0,0.0,63.31632035054239,2.7752709979294057,4.451833021376524,Before Launch
2233,2025-05-03 22:52:47,114.509,-0.47900264,0.689,25.873,0.0,0.0,56.841764801535724,1.3144399147049897,5.197803885086728,Before Launch
2234,2025-05-03 22:52:47,114.556,-0.49868767999999997,0.196,25.876,0.0,0.0,49.338263188483005,-0.7171337238311069,6.1100151579743285,Before Launch
2235,2025-05-03 22:52:47,114.603,-0.24934383999999998,-1.578,25.868,0.0,0.0,45.532694863035516,-2.0740224292779454,6.369604674112476,Before Launch
2236,2025-05-03 22:52:47,114.658,-0.12795276,-0.288,25.866,0.0,0.0,44.34321894548543,-2.3398262637460228,6.0124821271212845,Before Launch
2237,2025-05-03 22:52:47,114.704,1.56496068,1.233,25.868,0.0,0.0,42.94481104619672,-0.9155982148911869,3.4894980275506167,Before Launch
2238,2025-05-03 22:52:47,114.752,0.35761156,-0.196,25.861,0.0,0.0,42.45895857164483,0.11175482493093086,2.1487682754630306,Before Launch
2239,2025-05-03 22:52:47,114.805,-0.0,-0.57,25.871,0.0,0.0,42.41918541741468,1.2181098571657936,0.43650681567354077,Before Launch
2240,2025-05-03 22:52:47,114.855,0.23950132,-0.469,25.866,0.0,0.0,42.34186020617502,1.2003274660106316,-0.6376171782275322,Before Launch
2241,2025-05-03 22:52:48,114.906,0.5905511999999999,0.183,25.853,0.0,0.0,40.93381124153029,0.3487367040569854,-0.4568035041269628,Before Launch
2242,2025-05-03 22:52:48,114.961,0.11811023999999999,0.871,25.863,0.0,0.0,39.36670596858668,-0.6241969097869399,0.9716212212074611,Before Launch
2243,2025-05-03 22:52:48,115.016,0.95800528,1.042,25.856,0.0,0.0,39.02405914699739,-0.7552113538242633,1.784090577792059,Before Launch
2244,2025-05-03 22:52:48,115.073,0.23950132,-0.389,25.866,0.0,0.0,41.641357012903036,-1.4274786229129672,3.752934426692796,Before Launch
2245,2025-05-03 22:52:48,115.122,0.35761156,-0.008,25.863,0.0,0.0,49.369729566979004,-2.119323942649056,4.403506877187394,Before Launch
2246,2025-05-03 22:52:48,115.172,-0.12795276,-0.961,25.858,0.0,0.0,56.98334080747546,-2.619805794315951,4.302881105026993,Before Launch
2247,2025-05-03 22:52:48,115.225,0.23950132,0.475,25.866,0.0,0.0,60.470527101900785,-3.271565410514268,4.174649698872189,Before Launch
2248,2025-05-03 22:52:48,115.271,0.6069554,-0.195,25.858,0.0,0.0,65.91626243569931,-6.319780480497858,4.6016836504729275,Before Launch
2249,2025-05-03 22:52:48,115.322,0.23950132,-0.303,25.866,0.0,0.0,67.72859465034875,-9.533886484786747,5.57290204328145,Before Launch
2250,2025-05-03 22:52:48,115.379,0.48884516,-0.665,25.868,0.0,0.0,67.88480592139966,-11.323366795971886,6.326658267360918,Before Launch
2251,2025-05-03 22:52:48,115.426,-0.00984252,-1.453,25.861,0.0,0.0,70.31735159817906,-17.575590428341897,7.924074129299334,Before Launch
2252,2025-05-03 22:52:48,115.473,1.09580056,-0.008,25.868,0.0,0.0,75.84585816725078,-31.97148680908283,9.31286347205703,Before Launch
2253,2025-05-03 22:52:48,115.529,3.09711296,2.412,25.821,0.0,0.0,83.19927004353845,-61.52925542283732,9.221093114341501,Before Launch
2254,2025-05-03 22:52:48,115.583,0.11811023999999999,-0.289,25.861,0.0,0.0,85.61442342434187,-73.76348248393131,9.07783256863546,Before Launch
2255,2025-05-03 22:52:48,115.632,0.09186352,-0.796,25.866,0.0,0.0,89.21756283115212,-95.12545320296107,8.71782234866247,Before Launch
2256,2025-05-03 22:52:48,115.678,0.21981628,0.261,25.858,0.0,0.0,90.05223520870751,-102.15133656871909,8.444916689885899,Before Launch
2257,2025-05-03 22:52:48,115.729,-0.12795276,0.383,25.866,0.0,0.0,90.95238083859685,-111.98333311157327,7.8279622223678444,Before Launch
2258,2025-05-03 22:52:48,115.775,-0.02624672,0.358,25.861,0.0,0.0,91.49933067462199,-117.6720694539994,7.463414913831701,Before Launch
2259,2025-05-03 22:52:48,115.83,1.40091868,1.491,25.868,0.0,0.0,91.93636423696171,-120.12931667417529,7.158794066257412,Before Launch
2260,2025-05-03 22:52:48,115.877,-0.26574804,-0.013,25.861,0.0,0.0,91.7286567009486,-113.67261183169299,6.872606173890201,Before Launch
2261,2025-05-03 22:52:49,115.924,0.11811023999999999,0.194,25.868,0.0,0.0,90.60602947880507,-102.5645759394385,6.931385297865551,Before Launch
2262,2025-05-03 22:52:49,115.979,-1.23359584,-2.195,25.866,0.0,0.0,88.31522136582069,-80.0633846306447,7.163779419721494,Before Launch
2263,2025-05-03 22:52:49,116.027,0.83989504,0.378,25.861,0.0,0.0,86.54514923956248,-67.77991306287466,7.169022382513496,Before Launch
2264,2025-05-03 22:52:49,116.075,1.22703416,0.966,25.871,0.0,0.0,85.69346353419772,-64.50816209087492,7.221710069298199,Before Launch
2265,2025-05-03 22:52:49,116.121,0.83989504,0.474,25.861,0.0,0.0,84.880421956615,-60.56651178799558,7.386774033051276,Before Launch
2266,2025-05-03 22:52:49,116.168,-0.61679792,-0.957,25.868,0.0,0.0,84.83323197575764,-59.51398566549793,7.401997807248534,Before Launch
2267,2025-05-03 22:52:49,116.222,-0.86614176,-0.781,25.866,0.0,0.0,84.72428333288333,-58.476220250319294,7.271156542747443,Before Launch
2268,2025-05-03 22:52:49,116.272,-0.61679792,-1.254,25.868,0.0,0.0,84.12056859075264,-54.50354941213783,6.607093131598841,Before Launch
2269,2025-05-03 22:52:49,116.318,-1.0892388800000001,-1.067,25.868,0.0,0.0,83.19795198274493,-49.2510690207552,5.870234945750989,Before Launch
2270,2025-05-03 22:52:49,116.375,-1.21719164,-1.257,25.873,0.0,0.0,82.44963204195497,-45.54365973287202,5.609366433777398,Before Launch
2271,2025-05-03 22:52:49,116.432,-0.60039372,-0.375,25.876,0.0,0.0,81.67339419596331,-39.855104673361744,4.8981815815537635,Before Launch
2272,2025-05-03 22:52:49,116.479,-0.47900264,-0.573,25.873,0.0,0.0,81.80182901446727,-36.605547901427045,4.633524464649704,Before Launch
2273,2025-05-03 22:52:49,116.525,-0.22965880000000002,-0.667,25.876,0.0,0.0,81.72869553152492,-35.52293790989828,4.703148023478429,Before Launch
2274,2025-05-03 22:52:49,116.58,-0.60039372,-0.668,25.876,0.0,0.0,81.34828991137653,-31.562931416743023,4.457927284395507,Before Launch
2275,2025-05-03 22:52:49,116.629,0.99409452,0.404,25.873,0.0,0.0,82.20988458376947,-24.662836320176016,3.1654242654911138,Before Launch
2276,2025-05-03 22:52:49,116.68,0.8759842800000001,0.706,25.876,0.0,0.0,83.33620598555325,-17.858615912906902,2.2515501807522313,Before Launch
2277,2025-05-03 22:52:49,116.734,-0.36745408,-1.16,25.871,0.0,0.0,85.22580601762667,7.774477877141238,0.014654909965623686,Before Launch
2278,2025-05-03 22:52:49,116.785,-0.24934383999999998,-2.664,25.868,0.0,0.0,86.18219885675754,36.2692479381506,-2.494158639346459,Before Launch
2279,2025-05-03 22:52:49,116.83,-0.22965880000000002,-0.279,25.871,0.0,0.0,86.67932029718905,55.49801708398075,-4.727095676005664,Before Launch
2280,2025-05-03 22:52:50,116.886,0.738189,0.515,25.871,0.0,0.0,87.1600933024425,61.68588521488759,-5.555737111343329,Before Launch
2281,2025-05-03 22:52:50,116.934,0.36745408,0.118,25.871,0.0,0.0,87.90289371520052,70.42331268394256,-6.960796164026853,Before Launch
2282,2025-05-03 22:52:50,116.982,0.8759842800000001,0.801,25.868,0.0,0.0,88.58466125674532,78.09037521343632,-8.964996903801882,Before Launch
2283,2025-05-03 22:52:50,117.036,0.738189,0.606,25.871,0.0,0.0,88.62716469524378,81.78959799533291,-9.981813952773463,Before Launch
2284,2025-05-03 22:52:50,117.082,2.13910768,0.59,25.878,0.0,0.0,88.51555891335727,87.87153433274202,-11.475751725009003,Before Launch
2285,2025-05-03 22:52:50,117.128,0.8759842800000001,0.913,25.876,0.0,0.0,87.44709995865848,94.22114490629565,-13.333615818165203,Before Launch
2286,2025-05-03 22:52:50,117.182,-0.58070868,-0.555,25.883,0.0,0.0,86.72773969672745,96.83820461816492,-14.075565895034144,Before Launch
2287,2025-05-03 22:52:50,117.236,0.13779528000000002,1.091,25.876,0.0,0.0,85.52082653700647,100.02887381861804,-15.803333392283104,Before Launch
2288,2025-05-03 22:52:50,117.285,-0.35104988,-0.947,25.878,0.0,0.0,84.52835070286315,100.21096560067348,-17.671026628966402,Before Launch
2289,2025-05-03 22:52:50,117.335,0.01968504,-0.958,25.876,0.0,0.0,80.86277790743401,92.84421103487927,-19.062931361507175,Before Launch
2290,2025-05-03 22:52:50,117.39,-1.0892388800000001,-1.52,25.878,0.0,0.0,76.7695699070732,81.39209935562899,-18.537353134783295,Before Launch
2291,2025-05-03 22:52:50,117.448,1.22703416,1.44,25.868,0.0,0.0,61.62266544955066,50.81492449318227,-16.57280680068851,Before Launch
2292,2025-05-03 22:52:50,117.498,0.10170604,0.759,25.861,0.0,0.0,44.094026484483884,29.01782798575056,-13.452209111254428,Before Launch
2293,2025-05-03 22:52:50,117.545,-0.35104988,0.209,25.871,0.0,0.0,29.565248187218284,16.967994144901784,-11.271416909952224,Before Launch
2294,2025-05-03 22:52:50,117.599,0.38713912,1.153,25.878,0.0,0.0,25.025429360527003,12.87179484855034,-10.445448568076692,Before Launch
2295,2025-05-03 22:52:50,117.646,-0.0,0.958,25.871,0.0,0.0,17.90750289184263,8.417677027053225,-14.675994747265914,Before Launch
2296,2025-05-03 22:52:50,117.694,-0.86614176,-0.211,25.866,0.0,0.0,12.189216369720437,6.056438890213765,-21.671621450896186,Before Launch
2297,2025-05-03 22:52:50,117.748,-0.24934383999999998,0.181,25.868,0.0,0.0,9.454173345923252,5.639394086577405,-28.0867014138545,Before Launch
2298,2025-05-03 22:52:50,117.805,-1.1154856,-0.692,25.863,0.0,0.0,5.1911205331439385,4.411030242742397,-36.76811802674081,Before Launch
2299,2025-05-03 22:52:50,117.854,-0.738189,-0.108,25.871,0.0,0.0,1.945997500546751,2.38917754611908,-0.04594025035377314,Before Launch
2300,2025-05-03 22:52:51,117.905,-1.95538064,-2.312,25.873,0.0,0.0,1.0636246337318669,1.3379538615332445,22.441559959898942,Before Launch
2301,2025-05-03 22:52:51,117.954,-0.86614176,-1.367,25.866,0.0,0.0,-0.284628875478703,-0.3313674711145498,49.77406449292374,Before Launch
2302,2025-05-03 22:52:51,118.004,0.29527559999999997,0.522,25.833,0.0,0.0,0.25656145338791814,-0.6353693697863347,40.793175982949265,Before Launch
2303,2025-05-03 22:52:51,118.053,-1.6043307599999999,-1.069,25.866,0.0,0.0,1.220405756857693,-0.2888348513051251,30.917231373593957,Before Launch
2304,2025-05-03 22:52:51,118.109,-0.98753284,-0.593,25.868,0.0,0.0,3.522833723328915,0.4993074733487125,18.143738122408813,Before Launch
2305,2025-05-03 22:52:51,118.16,-1.95538064,-2.114,25.873,0.0,0.0,4.384080172849326,0.7574407654690017,13.870071656600992,Before Launch
2306,2025-05-03 22:52:51,118.208,-0.84645672,-0.953,25.871,0.0,0.0,3.3453103857547504,-0.9885411200610688,37.02794626434242,Before Launch
2307,2025-05-03 22:52:51,118.263,-0.738189,-1.26,25.868,0.0,0.0,2.566358707464642,-1.4283118371018395,54.88794142504542,Before Launch
2308,2025-05-03 22:52:51,118.309,-0.86614176,-1.26,25.866,0.0,0.0,-0.12799992936182078,-0.950726668037007,83.77431813103199,Before Launch
2309,2025-05-03 22:52:51,118.357,-0.36745408,-1.966,25.858,0.0,0.0,-1.1445303766433856,-0.9337634792977245,108.33529417880591,Before Launch
2310,2025-05-03 22:52:51,118.413,-0.24934383999999998,-0.876,25.836,0.0,0.0,-1.5497423814274138,-0.90898966544202,115.26462201924754,Before Launch
2311,2025-05-03 22:52:51,118.459,-1.47309716,-0.699,25.871,0.0,0.0,-1.8468826167591368,-0.9355894811878223,117.58959423987054,Before Launch
2312,2025-05-03 22:52:51,118.508,-1.1056430800000001,-0.978,25.871,0.0,0.0,-1.4447037487796481,-0.9975267824711971,91.20726649793977,Before Launch
2313,2025-05-03 22:52:51,118.564,-1.21719164,-0.677,25.863,0.0,0.0,-1.522962105864638,-1.0765560700590804,65.38728054295507,Before Launch
2314,2025-05-03 22:52:51,118.619,0.13779528000000002,0.092,25.876,0.0,0.0,-1.8259560012514346,-1.0617280699856317,55.789028763780024,Before Launch
2315,2025-05-03 22:52:51,118.666,-1.21719164,-0.1,25.873,0.0,0.0,-2.9407577914063734,-1.1023179110995283,45.467763795219966,Before Launch
2316,2025-05-03 22:52:51,118.718,-0.98753284,-1.744,25.868,0.0,0.0,-2.9807693302426435,-1.1221433496645739,41.534990162063764,Before Launch
2317,2025-05-03 22:52:51,118.769,-0.22965880000000002,-0.261,25.871,0.0,0.0,-3.5592157348491877,-1.5564903952779792,75.25054393015374,Before Launch
2318,2025-05-03 22:52:51,118.826,-0.84645672,-0.387,25.878,0.0,0.0,-8.197045674780542,-1.9255548579129642,122.26141347349383,Before Launch
2319,2025-05-03 22:52:51,118.882,-1.1154856,-1.171,25.863,0.0,0.0,-11.506571652290912,-2.0479752925922226,137.57669583652876,Before Launch
2320,2025-05-03 22:52:52,118.932,-0.47900264,-0.372,25.873,0.0,0.0,-16.007814282205423,-2.047229343198031,156.6205461850484,Before Launch
2321,2025-05-03 22:52:52,118.978,-0.15748032,0.552,25.851,0.0,0.0,-17.47150614917172,-1.9757666864382042,162.4601665502716,Before Launch
2322,2025-05-03 22:52:52,119.036,-1.21719164,-0.751,25.873,0.0,0.0,-19.261779024360024,-1.8426466686771703,169.80429696652791,Before Launch
2323,2025-05-03 22:52:52,119.082,-0.36745408,0.586,25.871,0.0,0.0,-19.09370102042689,-1.6976131155435783,173.5604741297636,Before Launch
2324,2025-05-03 22:52:52,119.127,-0.60039372,0.108,25.876,0.0,0.0,-18.985024004606768,-1.6421486296523113,174.74753209961284,Before Launch
2325,2025-05-03 22:52:52,119.174,-0.00984252,1.533,25.873,0.0,0.0,-19.84002130818475,-1.5582525801272171,176.199840489753,Before Launch
2326,2025-05-03 22:52:52,119.221,-0.35104988,0.407,25.871,0.0,0.0,-20.352084907238954,-1.5508598021281368,176.67765959804342,Before Launch
2327,2025-05-03 22:52:52,119.278,-0.37729660000000004,-0.528,25.863,0.0,0.0,-21.135637496051714,-1.5699664460712845,177.20441071170896,Before Launch
2328,2025-05-03 22:52:52,119.326,0.25918636,1.464,25.876,0.0,0.0,-22.054502753951862,-1.6153608312058723,177.33313727275691,Before Launch
2329,2025-05-03 22:52:52,119.376,-1.21719164,-0.181,25.873,0.0,0.0,-22.2837675389727,-1.6617326493334024,177.34403165075304,Before Launch
2330,2025-05-03 22:52:52,119.433,-0.36745408,1.247,25.871,0.0,0.0,-22.308231619670387,-1.7471730685228084,177.2167119787868,Before Launch
2331,2025-05-03 22:52:52,119.483,-0.33136484,0.404,25.886,0.0,0.0,-22.76076750510758,-1.90142827104238,176.9861938392487,Before Launch
2332,2025-05-03 22:52:52,119.528,-0.12795276,0.482,25.881,0.0,0.0,-24.73583974005811,-2.0825087605878236,177.15055959559095,Before Launch
2333,2025-05-03 22:52:52,119.582,0.738189,1.26,25.871,0.0,0.0,-25.714797962761633,-2.1563474343390894,177.34001283324957,Before Launch
2334,2025-05-03 22:52:52,119.627,-1.84383208,-1.163,25.873,0.0,0.0,-27.347221320798766,-2.2123047899792,177.64171027530725,Before Launch
2335,2025-05-03 22:52:52,119.672,-0.11154856,0.109,25.873,0.0,0.0,-28.040450161002447,-2.2247188623350476,177.8029828515805,Before Launch
2336,2025-05-03 22:52:52,119.726,-0.49868767999999997,0.769,25.866,0.0,0.0,-28.162600546330648,-2.197925149716689,177.86664011105404,Before Launch
2337,2025-05-03 22:52:52,119.773,-0.22965880000000002,0.692,25.873,0.0,0.0,-28.138706741014374,-2.17109538593009,177.95180751339325,Before Launch
2338,2025-05-03 22:52:52,119.821,2.1653544,2.691,25.866,0.0,0.0,-28.034403474483373,-2.115010462690851,177.99825708333307,Before Launch
2339,2025-05-03 22:52:52,119.876,0.36745408,0.183,25.871,0.0,0.0,-27.813905003964855,-2.1086011673764524,177.99925713288468,Before Launch
2340,2025-05-03 22:52:53,119.923,-1.58464572,-0.292,25.876,0.0,0.0,-27.160761802609276,-2.07125953185312,177.91526965690764,Before Launch
2341,2025-05-03 22:52:53,119.969,0.13779528000000002,0.9,25.881,0.0,0.0,-27.133255159823392,-2.0568601922707948,177.80522193898616,Before Launch
2342,2025-05-03 22:52:53,120.023,-0.84645672,-0.492,25.873,0.0,0.0,-27.261035873831087,-2.0421806841364485,177.7624193078658,Before Launch
2343,2025-05-03 22:52:53,120.073,-1.45669296,-0.489,25.878,0.0,0.0,-26.54844762445179,-2.096820427318259,177.4113719436681,Before Launch
2344,2025-05-03 22:52:53,120.121,-0.5249344,0.477,25.866,0.0,0.0,-25.587830770290314,-2.1218923745837257,177.02671930758058,Before Launch
2345,2025-05-03 22:52:53,120.18,0.32152232000000003,0.641,25.861,0.0,0.0,-25.22684417401112,-2.137203170715699,176.8406545439094,Before Launch
2346,2025-05-03 22:52:53,120.233,-0.22965880000000002,-0.058,25.876,0.0,0.0,-24.951563168782048,-2.1826757318392893,176.6959465951874,Before Launch
2347,2025-05-03 22:52:53,120.284,-0.70209976,0.413,25.886,0.0,0.0,-25.450029488838357,-2.1835248210207805,176.85867809293822,Before Launch
2348,2025-05-03 22:52:53,120.33,0.70866144,0.862,25.866,0.0,0.0,-25.808614841373853,-2.194986589567224,176.9045122591624,Before Launch
2349,2025-05-03 22:52:53,120.386,-1.45669296,-0.68,25.876,0.0,0.0,-26.37621814508235,-2.194940147337481,177.03791204874005,Before Launch
2350,2025-05-03 22:52:53,120.436,0.95800528,0.767,25.873,0.0,0.0,-26.645506059573083,-2.208620021839705,177.06958212919514,Before Launch
2351,2025-05-03 22:52:53,120.488,-0.60039372,-0.197,25.876,0.0,0.0,-26.615098910731053,-2.168845719624372,177.12160731575543,Before Launch
2352,2025-05-03 22:52:53,120.538,-1.0892388800000001,-0.565,25.878,0.0,0.0,-26.46184323856875,-2.1049873644420067,177.2199308569944,Before Launch
2353,2025-05-03 22:52:53,120.592,-0.11154856,-0.293,25.873,0.0,0.0,-26.302072540601234,-2.000417062509947,177.31352213582477,Before Launch
2354,2025-05-03 22:52:53,120.643,0.19356956,1.113,25.878,0.0,0.0,-26.75807513081074,-2.0076856789175914,177.29186067247474,Before Launch
2355,2025-05-03 22:52:53,120.688,-1.3353018799999998,-0.771,25.881,0.0,0.0,-26.542865414873113,-1.9659237684554212,177.28948038297483,Before Launch
2356,2025-05-03 22:52:53,120.736,0.23950132,0.456,25.866,0.0,0.0,-25.93678346590196,-1.9558893771028045,177.1144567035417,Before Launch
2357,2025-05-03 22:52:53,120.783,-1.0892388800000001,-0.766,25.878,0.0,0.0,-25.680721366646395,-1.9725543565547456,177.07058021212563,Before Launch
2358,2025-05-03 22:52:53,120.827,-0.47900264,-0.978,25.878,0.0,0.0,-25.206649580983445,-2.001854909622284,176.8801034841402,Before Launch
2359,2025-05-03 22:52:54,120.878,-1.1056430800000001,0.59,25.876,0.0,0.0,-25.26373854936902,-2.1100381180880636,176.7328240294,Before Launch
2360,2025-05-03 22:52:54,120.934,-0.46916011999999996,-0.283,25.881,0.0,0.0,-25.431722468793083,-2.1297011983324152,176.74230049029646,Before Launch
2361,2025-05-03 22:52:54,120.981,-0.35104988,0.118,25.878,0.0,0.0,-25.641474330718328,-2.138625392694041,176.70388070843737,Before Launch
2362,2025-05-03 22:52:54,121.027,0.38713912,0.492,25.878,0.0,0.0,-25.64463503421426,-2.126164554644414,176.749257967519,Before Launch
2363,2025-05-03 22:52:54,121.085,0.99409452,-0.927,25.881,0.0,0.0,-25.733072957098003,-2.0918514756835163,176.76959655036168,Before Launch
2364,2025-05-03 22:52:54,121.139,0.5905511999999999,0.177,25.858,0.0,0.0,-26.330861143644537,-2.0942401261633314,176.8051156840529,Before Launch
2365,2025-05-03 22:52:54,121.189,-0.7480315200000001,0.661,25.863,0.0,0.0,-26.14666891676016,-2.0989438206368,176.7177781458378,Before Launch
2366,2025-05-03 22:52:54,121.237,-0.11154856,-0.197,25.873,0.0,0.0,-25.898733198347692,-2.1297630003359163,176.6432558759685,Before Launch
2367,2025-05-03 22:52:54,121.282,-0.47900264,0.292,25.881,0.0,0.0,-25.390701098499918,-2.0325780741711887,176.61655174071709,Before Launch
2368,2025-05-03 22:52:54,121.332,-0.35104988,0.878,25.876,0.0,0.0,-25.148675689635432,-1.9927593308563292,176.6481793481593,Before Launch
2369,2025-05-03 22:52:54,121.388,-1.5748031999999998,-0.829,25.881,0.0,0.0,-25.20728232097791,-1.9944866963165009,176.67518093114523,Before Launch
2370,2025-05-03 22:52:54,121.443,0.38713912,0.052,25.878,0.0,0.0,-25.190814732113683,-2.0128577221197643,176.69868195285594,Before Launch
2371,2025-05-03 22:52:54,121.492,0.13779528000000002,0.292,25.876,0.0,0.0,-25.552325140241738,-2.0363155993186126,176.67215923218467,Before Launch
2372,2025-05-03 22:52:54,121.538,-0.83989504,-0.11,25.876,0.0,0.0,-26.016344765742424,-2.0970193259275485,176.608816092341,Before Launch
2373,2025-05-03 22:52:54,121.595,-1.21719164,-1.522,25.873,0.0,0.0,-25.809402717983843,-2.134601153773006,176.4846222603447,Before Launch
2374,2025-05-03 22:52:54,121.64,0.50524936,1.565,25.876,0.0,0.0,-25.407165355102823,-2.179049623412237,176.17991947672104,Before Launch
2375,2025-05-03 22:52:54,121.688,0.01968504,-0.749,25.881,0.0,0.0,-25.236945130702914,-2.203823090888989,176.08032212937107,Before Launch
2376,2025-05-03 22:52:54,121.738,-0.7185039599999999,-0.094,25.878,0.0,0.0,-24.91128694710547,-2.3125144845210763,175.91758651865038,Before Launch
2377,2025-05-03 22:52:54,121.787,0.01968504,0.888,25.873,0.0,0.0,-25.37942955753252,-2.3852421712893186,175.89734852568841,Before Launch
2378,2025-05-03 22:52:54,121.833,0.13779528000000002,0.201,25.876,0.0,0.0,-25.620573208223128,-2.403621474890319,175.89423757183548,Before Launch
2379,2025-05-03 22:52:55,121.885,-1.3353018799999998,-1.231,25.876,0.0,0.0,-25.68755945538626,-2.4116227474954957,175.86336410091474,Before Launch
2380,2025-05-03 22:52:55,121.932,0.13779528000000002,1.184,25.876,0.0,0.0,-25.340477596424673,-2.4394326482881077,175.65505415610727,Before Launch
2381,2025-05-03 22:52:55,121.987,-0.22965880000000002,-0.375,25.876,0.0,0.0,-25.055171095276904,-2.4179575255787324,175.57335277730812,Before Launch
2382,2025-05-03 22:52:55,122.041,-0.35104988,0.587,25.881,0.0,0.0,-24.78921355906253,-2.418656456919007,175.46440745510645,Before Launch
2383,2025-05-03 22:52:55,122.091,-0.738189,-0.205,25.868,0.0,0.0,-24.582547470443977,-2.384144603998703,175.47762123874483,Before Launch
2384,2025-05-03 22:52:55,122.136,-1.47309716,-0.292,25.871,0.0,0.0,-24.469294156851895,-2.313869585206331,175.6261647692109,Before Launch
2385,2025-05-03 22:52:55,122.195,-1.94553812,-1.171,25.881,0.0,0.0,-24.298626537390426,-2.1960206059586076,175.83866605400587,Before Launch
2386,2025-05-03 22:52:55,122.241,-0.84645672,-0.393,25.873,0.0,0.0,-24.47054572102113,-2.1350968734725324,175.94273334087544,Before Launch
2387,2025-05-03 22:52:55,122.288,-0.9678477999999999,-1.075,25.868,0.0,0.0,-24.624872873505513,-2.084376035100186,176.05575305230343,Before Launch
2388,2025-05-03 22:52:55,122.345,-0.9678477999999999,-1.557,25.868,0.0,0.0,-24.732631973475993,-2.0795310204877717,176.05415907210735,Before Launch
2389,2025-05-03 22:52:55,122.399,-1.47309716,-1.638,25.876,0.0,0.0,-24.69764884223636,-2.1006761815779758,176.03758468567872,Before Launch
2390,2025-05-03 22:52:55,122.448,1.1515748399999999,1.509,25.876,0.0,0.0,-24.6149806951014,-2.1319809742043887,175.97103366032715,Before Launch
2391,2025-05-03 22:52:55,122.494,-1.3353018799999998,-0.974,25.876,0.0,0.0,-24.65057114675463,-2.1570712018965406,175.9776977979753,Before Launch
2392,2025-05-03 22:52:55,122.552,-0.00984252,0.369,25.863,0.0,0.0,-24.69400600495273,-2.1718574049154213,175.96951300011474,Before Launch
2393,2025-05-03 22:52:55,122.601,0.25918636,0.481,25.873,0.0,0.0,-24.617988277564628,-2.1505119167857343,175.95594231645833,Before Launch
2394,2025-05-03 22:52:55,122.649,-1.722441,-0.117,25.873,0.0,0.0,-24.484881029289653,-2.096803145393969,175.94882688278364,Before Launch
2395,2025-05-03 22:52:55,122.702,-0.37729660000000004,-0.607,25.866,0.0,0.0,-24.549355973233478,-2.071140680894306,175.92433650353505,Before Launch
2396,2025-05-03 22:52:55,122.761,-1.35498692,-1.176,25.861,0.0,0.0,-24.553264449515257,-2.083273192562651,175.91326100997642,Before Launch
2397,2025-05-03 22:52:55,122.81,-2.07349088,-0.97,25.876,0.0,0.0,-24.54766504996744,-2.1224297548296813,175.83069440866703,Before Launch
2398,2025-05-03 22:52:55,122.856,-1.35498692,-0.109,25.863,0.0,0.0,-24.57256569953661,-2.157921238807789,175.78188760979862,Before Launch
2399,2025-05-03 22:52:56,122.912,0.41338584,-0.072,25.831,0.0,0.0,-24.593852219882145,-2.2195963101411866,175.76632184015577,Before Launch
2400,2025-05-03 22:52:56,122.959,-1.95538064,-1.554,25.868,0.0,0.0,-24.586412965536688,-2.233461343820922,175.74769759814933,Before Launch
2401,2025-05-03 22:52:56,123.004,-2.09317592,-1.086,25.858,0.0,0.0,-24.62798767642159,-2.2156348796389693,175.72115831833852,Before Launch
2402,2025-05-03 22:52:56,123.059,-0.738189,-0.596,25.856,0.0,0.0,-24.606375477626344,-2.21235253403168,175.6923457762204,Before Launch
2403,2025-05-03 22:52:56,123.105,-1.47309716,-1.266,25.866,0.0,0.0,-24.60175718675238,-2.233796446653987,175.6137850010201,Before Launch
2404,2025-05-03 22:52:56,123.156,-0.98753284,0.274,25.866,0.0,0.0,-24.639038064017377,-2.264776051182406,175.53081461924086,Before Launch
2405,2025-05-03 22:52:56,123.212,-0.9678477999999999,-0.864,25.876,0.0,0.0,-24.63608632378287,-2.309061428647728,175.49371757590345,Before Launch
2406,2025-05-03 22:52:56,123.262,-0.36745408,-0.108,25.871,0.0,0.0,-24.641674350692202,-2.319606468019942,175.44972342916986,Before Launch
2407,2025-05-03 22:52:56,123.308,-0.7185039599999999,-0.29,25.878,0.0,0.0,-24.696560809057736,-2.2852811417847207,175.45662753708288,Before Launch
2408,2025-05-03 22:52:56,123.362,1.6043307599999999,1.843,25.813,0.0,0.0,-24.709412269457307,-2.284361577249444,175.46807107076893,Before Launch
2409,2025-05-03 22:52:56,123.411,-1.1154856,0.28,25.863,0.0,0.0,-24.691741898961084,-2.259811187174592,175.53114258606186,Before Launch
2410,2025-05-03 22:52:56,123.457,0.66272968,2.067,25.856,0.0,0.0,-24.67643968160769,-2.2546269486971875,175.52977409576985,Before Launch
2411,2025-05-03 22:52:56,123.514,-1.25328088,-0.32,25.873,0.0,0.0,-24.69144585680822,-2.280148034062988,175.52539972583685,Before Launch
2412,2025-05-03 22:52:56,123.561,-0.37729660000000004,0.464,25.863,0.0,0.0,-24.644205662794086,-2.2088068272743544,175.5552588715856,Before Launch
2413,2025-05-03 22:52:56,123.615,-1.97178484,-0.791,25.848,0.0,0.0,-24.63375143139678,-2.23159092701497,175.52205823199193,Before Launch
2414,2025-05-03 22:52:56,123.673,-1.6043307599999999,-0.103,25.866,0.0,0.0,-24.626438305841493,-2.241831355842395,175.50057427931603,Before Launch
2415,2025-05-03 22:52:56,123.73,0.23950132,-0.711,25.858,0.0,0.0,-24.63235936099564,-2.21912934981908,175.48089889711025,Before Launch
2416,2025-05-03 22:52:56,123.78,-0.26574804,0.832,25.868,0.0,0.0,-24.61168495609054,-2.2177709872616007,175.52276584467074,Before Launch
2417,2025-05-03 22:52:56,123.826,-1.35498692,-1.056,25.868,0.0,0.0,-24.630776597146447,-2.196806697400635,175.50450244941317,Before Launch
2418,2025-05-03 22:52:56,123.878,-0.86614176,-0.881,25.863,0.0,0.0,-24.663479280787822,-2.1806370255517327,175.52892185248714,Before Launch
2419,2025-05-03 22:52:57,123.93,-0.98753284,0.574,25.868,0.0,0.0,-24.672910683946743,-2.2048652433476237,175.53515220821555,Before Launch
2420,2025-05-03 22:52:57,123.978,-1.35498692,-0.766,25.868,0.0,0.0,-24.697445466287473,-2.2267762735675585,175.51579883543576,Before Launch
2421,2025-05-03 22:52:57,124.024,-1.23359584,0.096,25.868,0.0,0.0,-24.70849319372215,-2.203609144449911,175.5440335697714,Before Launch
2422,2025-05-03 22:52:57,124.072,-0.63648296,1.139,25.861,0.0,0.0,-24.695896914740313,-2.214871389754952,175.56887686370195,Before Launch
2423,2025-05-03 22:52:57,124.129,-0.49868767999999997,0.673,25.858,0.0,0.0,-24.731199177543044,-2.2266646155704377,175.54277992853415,Before Launch
2424,2025-05-03 22:52:57,124.184,-0.86614176,-1.006,25.861,0.0,0.0,-24.704817613959083,-2.181045852685806,175.5472337675407,Before Launch
2425,2025-05-03 22:52:57,124.231,-0.26574804,1.328,25.811,0.0,0.0,-24.662381888821784,-2.2261195978770054,175.5296653028159,Before Launch
2426,2025-05-03 22:52:57,124.276,-0.86614176,0.965,25.818,0.0,0.0,-24.60777489662163,-2.2200026129556454,175.53822434186165,Before Launch
2427,2025-05-03 22:52:57,124.336,-0.7480315200000001,-0.008,25.863,0.0,0.0,-24.603117411312162,-2.1945064641554293,175.5347139129859,Before Launch
2428,2025-05-03 22:52:57,124.382,-0.26574804,0.945,25.861,0.0,0.0,-24.58765841795953,-2.175896984159036,175.5484204473153,Before Launch
2429,2025-05-03 22:52:57,124.428,1.25328088,1.762,25.858,0.0,0.0,-24.61468779072089,-2.1542156288741268,175.56768115524395,Before Launch
2430,2025-05-03 22:52:57,124.484,-1.00393704,-0.028,25.858,0.0,0.0,-24.57585451300886,-2.1195226555149147,175.61040722095828,Before Launch
2431,2025-05-03 22:52:57,124.541,-0.27559056000000004,0.072,25.853,0.0,0.0,-24.571031127847057,-2.09487019212928,175.6141016763954,Before Launch
2432,2025-05-03 22:52:57,124.587,-1.37467196,-0.513,25.856,0.0,0.0,-24.586957840097252,-2.081572280002128,175.66055753369338,Before Launch
2433,2025-05-03 22:52:57,124.633,-0.42322836,-1.595,25.841,0.0,0.0,-24.591527547685722,-2.0928413746193897,175.6710133756343,Before Launch
2434,2025-05-03 22:52:57,124.685,0.21981628,1.048,25.858,0.0,0.0,-24.562593335589767,-2.13081211880678,175.6158372795792,Before Launch
2435,2025-05-03 22:52:57,124.734,-0.39698163999999997,-0.83,25.856,0.0,0.0,-24.568965353270364,-2.146595970106418,175.57326458335993,Before Launch
2436,2025-05-03 22:52:57,124.791,0.58070868,1.436,25.851,0.0,0.0,-24.59172937654825,-2.1929649382406375,175.48178881193147,Before Launch
2437,2025-05-03 22:52:57,124.839,0.21981628,0.467,25.858,0.0,0.0,-24.593313127540384,-2.210948776617509,175.45786208197842,Before Launch
2438,2025-05-03 22:52:58,124.896,0.45931760000000005,1.898,25.853,0.0,0.0,-24.590790117668163,-2.222439696998356,175.3881320496609,Before Launch
2439,2025-05-03 22:52:58,124.943,-0.39698163999999997,0.951,25.856,0.0,0.0,-24.557119987441048,-2.1962873651447823,175.34426663020557,Before Launch
2440,2025-05-03 22:52:58,124.991,-1.25328088,-1.184,25.861,0.0,0.0,-24.556007115767926,-2.266400231050825,175.27396445669777,Before Launch
2441,2025-05-03 22:52:58,125.044,-0.51509188,-0.197,25.858,0.0,0.0,-24.5541067077349,-2.2410025290737035,175.28105746134807,Before Launch
2442,2025-05-03 22:52:58,125.091,-1.01377956,0.27,25.856,0.0,0.0,-24.544200137238995,-2.2417942185982658,175.26548707796223,Before Launch
2443,2025-05-03 22:52:58,125.146,-0.78412076,0.065,25.848,0.0,0.0,-24.563240429720153,-2.2806171578248366,175.24856428732377,Before Launch
2444,2025-05-03 22:52:58,125.196,-1.01377956,-0.021,25.853,0.0,0.0,-24.57717336126032,-2.2554225840043562,175.24182654268523,Before Launch
2445,2025-05-03 22:52:58,125.25,0.39698163999999997,1.377,25.823,0.0,0.0,-24.60979598788573,-2.221381714290262,175.26983284514023,Before Launch
2446,2025-05-03 22:52:58,125.3,-0.39698163999999997,0.656,25.856,0.0,0.0,-24.598298286424956,-2.216470841683164,175.306099446493,Before Launch
2447,2025-05-03 22:52:58,125.349,-1.25328088,-0.483,25.858,0.0,0.0,-24.59370511341597,-2.2396470211324937,175.2949778666708,Before Launch
2448,2025-05-03 22:52:58,125.405,0.09186352,0.463,25.858,0.0,0.0,-24.573802573943112,-2.262292212500752,175.28831985740513,Before Launch
2449,2025-05-03 22:52:58,125.452,0.86614176,1.366,25.813,0.0,0.0,-24.5351302517735,-2.2405890978095178,175.31683551855775,Before Launch
2450,2025-05-03 22:52:58,125.497,-0.5249344,-0.205,25.846,0.0,0.0,-24.55716565901736,-2.2564557592057484,175.27464873954517,Before Launch
2451,2025-05-03 22:52:58,125.551,1.1056430800000001,1.546,25.808,0.0,0.0,-24.56978573131971,-2.2356449373865606,175.26505028798218,Before Launch
2452,2025-05-03 22:52:58,125.6,0.45931760000000005,0.955,25.848,0.0,0.0,-24.478993849909347,-2.1925250864906993,175.30071709220934,Before Launch
2453,2025-05-03 22:52:58,125.651,-1.01377956,-0.589,25.853,0.0,0.0,-24.503690347642294,-2.217440546919025,175.28853107468132,Before Launch
2454,2025-05-03 22:52:58,125.701,0.83005252,-0.332,25.856,0.0,0.0,-24.57635612721474,-2.2559272071906404,175.29252459003584,Before Launch
2455,2025-05-03 22:52:58,125.751,-0.17388452,0.655,25.851,0.0,0.0,-24.518416910295844,-2.243545573643523,175.21944555084536,Before Launch
2456,2025-05-03 22:52:58,125.803,1.97178484,1.781,25.811,0.0,0.0,-24.523736103021324,-2.2302845257088997,175.17434332904494,Before Launch
2457,2025-05-03 22:52:58,125.858,-0.78412076,0.465,25.848,0.0,0.0,-24.547048835089026,-2.257242220265556,175.16954162920467,Before Launch
2458,2025-05-03 22:52:59,125.913,-1.50262472,-0.843,25.856,0.0,0.0,-24.568216830024042,-2.278647441085531,175.1648827136291,Before Launch
2459,2025-05-03 22:52:59,125.96,1.13517064,0.718,25.823,0.0,0.0,-24.561616484252013,-2.2470432078568416,175.20757471699275,Before Launch
2460,2025-05-03 22:52:59,126.008,0.32152232000000003,0.564,25.848,0.0,0.0,-24.520086756863524,-2.2252884705890383,175.23678446125055,Before Launch
2461,2025-05-03 22:52:59,126.055,0.11154856,-0.371,25.806,0.0,0.0,-24.538397020411683,-2.2042475522147513,175.24043534265158,Before Launch
2462,2025-05-03 22:52:59,126.099,-0.89238848,-0.883,25.851,0.0,0.0,-24.54111408894579,-2.243101658347527,175.23765716185284,Before Launch
2463,2025-05-03 22:52:59,126.156,-0.15748032,-0.49,25.851,0.0,0.0,-24.4607472031288,-2.241932810673946,175.2062642834326,Before Launch
2464,2025-05-03 22:52:59,126.202,-0.89238848,-0.393,25.851,0.0,0.0,-24.424272941711234,-2.269980613095323,175.19733196717053,Before Launch
2465,2025-05-03 22:52:59,126.249,-1.01377956,0.19,25.853,0.0,0.0,-24.40409131864541,-2.2727457716282955,175.1827824396166,Before Launch
2466,2025-05-03 22:52:59,126.304,0.42322836,0.745,25.853,0.0,0.0,-24.468484340751306,-2.3013169312677446,175.153045335123,Before Launch
2467,2025-05-03 22:52:59,126.351,-2.13910768,-0.893,25.851,0.0,0.0,-24.499674582423676,-2.2568816880012497,175.16364637430252,Before Launch
2468,2025-05-03 22:52:59,126.397,-1.01377956,-0.184,25.846,0.0,0.0,-24.448556485521355,-2.22331254147567,175.17683899267695,Before Launch
2469,2025-05-03 22:52:59,126.452,-0.76443572,0.199,25.856,0.0,0.0,-24.429138274438543,-2.2891874774070735,175.17653885875785,Before Launch
2470,2025-05-03 22:52:59,126.51,-0.27559056000000004,-0.534,25.851,0.0,0.0,-24.460543860942554,-2.309821771045021,175.16815172320975,Before Launch
2471,2025-05-03 22:52:59,126.557,-2.2375328800000003,-1.464,25.856,0.0,0.0,-24.450395009706966,-2.29888891323196,175.14092482580196,Before Launch
2472,2025-05-03 22:52:59,126.602,0.45931760000000005,1.367,25.856,0.0,0.0,-24.435241531440816,-2.313729066048142,175.09986587309984,Before Launch
2473,2025-05-03 22:52:59,126.658,-0.39698163999999997,-0.39,25.848,0.0,0.0,-24.455584451019988,-2.297417364797752,175.09360802379481,Before Launch
2474,2025-05-03 22:52:59,126.706,-0.04593176,-0.727,25.848,0.0,0.0,-24.485345298384058,-2.313434749605182,175.07648414944197,Before Launch
2475,2025-05-03 22:52:59,126.753,-0.66272968,-0.11,25.846,0.0,0.0,-24.501469830578696,-2.3027356080093964,175.0473851633549,Before Launch
2476,2025-05-03 22:52:59,126.808,1.2992126400000001,0.154,25.851,0.0,0.0,-24.53512488464635,-2.3189634163781836,175.05136940621216,Before Launch
2477,2025-05-03 22:52:59,126.855,-0.78412076,-0.991,25.848,0.0,0.0,-24.560640681649506,-2.3294322656329984,175.03216058757127,Before Launch
2478,2025-05-03 22:53:00,126.901,-0.5249344,0.391,25.848,0.0,0.0,-24.557935658140874,-2.3328284687517464,175.05710211646976,Before Launch
2479,2025-05-03 22:53:00,126.959,-1.1515748399999999,-1.575,25.846,0.0,0.0,-24.620462147943144,-2.3350677024459343,175.1030478032884,Before Launch
2480,2025-05-03 22:53:00,127.013,1.23687668,1.118,25.848,0.0,0.0,-24.59118117308476,-2.308040636786605,175.12360917331785,Before Launch
2481,2025-05-03 22:53:00,127.068,-1.01377956,-2.36,25.853,0.0,0.0,-24.61382339695734,-2.303852133354632,175.11991504008418,Before Launch
2482,2025-05-03 22:53:00,127.118,-1.1318898,-0.276,25.856,0.0,0.0,-24.66169425056976,-2.2891027488354343,175.13456425594114,Before Launch
2483,2025-05-03 22:53:00,127.164,-1.8700788,-0.294,25.856,0.0,0.0,-24.67687031202446,-2.2916621224232387,175.1081869509711,Before Launch
2484,2025-05-03 22:53:00,127.217,-0.9120735200000001,-1.629,25.843,0.0,0.0,-24.655263835300634,-2.289342245517184,175.12791740448108,Before Launch
2485,2025-05-03 22:53:00,127.264,-1.1515748399999999,-1.173,25.848,0.0,0.0,-24.65919142822496,-2.29615104347449,175.1231940563683,Before Launch
2486,2025-05-03 22:53:00,127.313,-1.1318898,-0.988,25.826,0.0,0.0,-24.605738573496556,-2.295285682175219,175.09544698435087,Before Launch
2487,2025-05-03 22:53:00,127.37,0.37729660000000004,0.999,25.803,0.0,0.0,-24.615947157722623,-2.3332173543385304,175.0950519001976,Before Launch
2488,2025-05-03 22:53:00,127.425,0.58070868,0.582,25.851,0.0,0.0,-24.610590254692244,-2.3387874456003583,175.0990867875161,Before Launch
2489,2025-05-03 22:53:00,127.471,-1.2631234,-0.292,25.851,0.0,0.0,-24.654558708795417,-2.350657646111381,175.05882189490484,Before Launch
2490,2025-05-03 22:53:00,127.525,-0.64632548,0.288,25.856,0.0,0.0,-24.626857362239548,-2.3400581181187317,175.06084376851237,Before Launch
2491,2025-05-03 22:53:00,127.575,-0.5249344,-0.746,25.851,0.0,0.0,-24.61844796341725,-2.3177300874420945,175.0465783663829,Before Launch
2492,2025-05-03 22:53:00,127.63,-0.5249344,1.262,25.851,0.0,0.0,-24.567115733438026,-2.3071949385359165,175.08704476924555,Before Launch
2493,2025-05-03 22:53:00,127.681,-0.64632548,0.286,25.853,0.0,0.0,-24.5556232739289,-2.3075245721458515,175.11479040301657,Before Launch
2494,2025-05-03 22:53:00,127.727,-0.04593176,0.564,25.848,0.0,0.0,-24.58422988090854,-2.299121099720435,175.12060750853553,Before Launch
2495,2025-05-03 22:53:00,127.778,-0.89238848,-0.486,25.851,0.0,0.0,-24.549187545502317,-2.2792603469603248,175.1195584605312,Before Launch
2496,2025-05-03 22:53:00,127.827,-0.64632548,1.253,25.853,0.0,0.0,-24.523704360614254,-2.277556088477094,175.09799919547825,Before Launch
2497,2025-05-03 22:53:00,127.878,0.09186352,-0.288,25.841,0.0,0.0,-24.534583286816076,-2.2624269525766407,175.08130810296765,Before Launch
2498,2025-05-03 22:53:01,127.931,-1.2631234,-0.68,25.851,0.0,0.0,-24.57281437251732,-2.229447961231571,175.05985373177262,Before Launch
2499,2025-05-03 22:53:01,127.978,-1.1515748399999999,-0.869,25.853,0.0,0.0,-24.58346108523063,-2.26964650267839,175.044810401004,Before Launch
2500,2025-05-03 22:53:01,128.029,-0.15748032,0.396,25.803,0.0,0.0,-24.588064532662166,-2.2836640781015642,175.00382959271752,Before Launch
2501,2025-05-03 22:53:01,128.085,-0.39698163999999997,-1.328,25.856,0.0,0.0,-24.56120081381874,-2.274960663269783,174.96504039523904,Before Launch
2502,2025-05-03 22:53:01,128.131,-0.78412076,0.0,25.848,0.0,0.0,-24.570680452790427,-2.3253113916036154,174.92463478674696,Before Launch
2503,2025-05-03 22:53:01,128.177,-0.89238848,-0.288,25.848,0.0,0.0,-24.502059268380386,-2.324322995623227,174.88476534242585,Before Launch
2504,2025-05-03 22:53:01,128.231,-1.2631234,-0.088,25.851,0.0,0.0,-24.488824006414113,-2.264608066930692,175.07769612044603,Before Launch
2505,2025-05-03 22:53:01,128.279,-0.64632548,-1.488,25.853,0.0,0.0,-24.66550413528276,-2.0317212700760185,175.61842155005903,Before Launch
2506,2025-05-03 22:53:01,128.326,-0.17388452,0.668,25.846,0.0,0.0,-24.854009255493445,-1.9789399500962994,175.75654389171441,Before Launch
2507,2025-05-03 22:53:01,128.386,0.69225724,1.439,25.843,0.0,0.0,-24.925585650419233,-1.990907615237193,175.73430589269194,Before Launch
2508,2025-05-03 22:53:01,128.439,-0.15748032,1.343,25.846,0.0,0.0,-24.960960151958325,-2.0292139505757993,175.6679322669501,Before Launch
2509,2025-05-03 22:53:01,128.495,-1.99803156,-0.85,25.853,0.0,0.0,-24.914833799348514,-2.1100050313957293,175.5173928406452,Before Launch
2510,2025-05-03 22:53:01,128.544,1.01377956,1.692,25.826,0.0,0.0,-24.815728188291157,-2.130841193046484,175.33541364767837,Before Launch
2511,2025-05-03 22:53:01,128.592,-1.51902892,-0.303,25.848,0.0,0.0,-24.78802495019557,-2.186631028822542,175.23681205564736,Before Launch
2512,2025-05-03 22:53:01,128.637,-1.8700788,-1.774,25.856,0.0,0.0,-24.682319685271697,-2.263875380488393,175.09733877377917,Before Launch
2513,2025-05-03 22:53:01,128.683,-0.15748032,-0.587,25.851,0.0,0.0,-24.633790911828402,-2.295416612140567,175.00853405429118,Before Launch
2514,2025-05-03 22:53:01,128.738,-0.15748032,0.873,25.851,0.0,0.0,-24.612171057131224,-2.3138827393975836,174.9775692135981,Before Launch
2515,2025-05-03 22:53:01,128.784,-1.1515748399999999,-0.401,25.848,0.0,0.0,-24.564551828266477,-2.361297181727051,174.9382699753647,Before Launch
2516,2025-05-03 22:53:01,128.83,0.07545932,0.478,25.821,0.0,0.0,-24.53876966455889,-2.3594322649154384,174.95232042268057,Before Launch
2517,2025-05-03 22:53:01,128.879,0.21325460000000002,0.591,25.848,0.0,0.0,-24.505491144250588,-2.3687843333512806,174.98245046829118,Before Launch
2518,2025-05-03 22:53:02,128.926,-1.2631234,-0.495,25.846,0.0,0.0,-24.51580311664533,-2.3912183974090953,174.9869392672654,Before Launch
2519,2025-05-03 22:53:02,128.982,-1.1515748399999999,-0.881,25.848,0.0,0.0,-24.4873864916695,-2.391244201784959,174.98982298369205,Before Launch
2520,2025-05-03 22:53:02,129.028,-0.3116798,0.465,25.838,0.0,0.0,-24.52753841863,-2.4555030093938104,174.91671815507576,Before Launch
2521,2025-05-03 22:53:02,129.078,-1.7519685600000001,-0.884,25.853,0.0,0.0,-24.563276112740922,-2.424734714299955,174.9087789429928,Before Launch
2522,2025-05-03 22:53:02,129.136,-0.5446194400000001,-0.506,25.843,0.0,0.0,-24.552850536376344,-2.40004932810654,174.87767410842977,Before Launch
2523,2025-05-03 22:53:02,129.184,0.51509188,1.419,25.833,0.0,0.0,-24.604787449973735,-2.3713390243297345,174.8712642138179,Before Launch
2524,2025-05-03 22:53:02,129.232,0.7185039599999999,1.491,25.801,0.0,0.0,-24.594548269593787,-2.3377953406412164,174.8670441390278,Before Launch
2525,2025-05-03 22:53:02,129.287,0.8038058,0.764,25.783,0.0,0.0,-24.574384266222868,-2.344158109471022,174.86168589256377,Before Launch
2526,2025-05-03 22:53:02,129.342,0.42322836,0.653,25.843,0.0,0.0,-24.565249770040236,-2.3887025592098903,174.8638982181509,Before Launch
2527,2025-05-03 22:53:02,129.394,-2.26706044,-1.174,25.841,0.0,0.0,-24.588784222955933,-2.376296719158246,174.85509536199322,Before Launch
2528,2025-05-03 22:53:02,129.44,-1.16141736,-0.213,25.841,0.0,0.0,-24.58990307161066,-2.365935244274185,174.91993079772186,Before Launch
2529,2025-05-03 22:53:02,129.496,-1.2992126400000001,-0.029,25.836,0.0,0.0,-24.623050024965508,-2.390964060729726,174.9388733209781,Before Launch
2530,2025-05-03 22:53:02,129.543,0.61679792,0.999,25.811,0.0,0.0,-24.58517095013551,-2.3331383211501118,174.938694340467,Before Launch
2531,2025-05-03 22:53:02,129.59,-1.7880578,-1.277,25.833,0.0,0.0,-24.59474337028897,-2.295190535534799,174.95203525303702,Before Launch
2532,2025-05-03 22:53:02,129.644,-1.52887144,-1.766,25.841,0.0,0.0,-24.583974448854676,-2.272624030974259,174.99079228212014,Before Launch
2533,2025-05-03 22:53:02,129.692,-0.19356956,-0.029,25.836,0.0,0.0,-24.635846233751188,-2.2450435103096154,175.0398198740796,Before Launch
2534,2025-05-03 22:53:02,129.739,-0.07217847999999999,1.548,25.823,0.0,0.0,-24.653349612912173,-2.2672464609987517,175.0379385662097,Before Launch
2535,2025-05-03 22:53:02,129.793,-1.2795276,-1.836,25.843,0.0,0.0,-24.685546353270215,-2.2725061128580855,175.05856032011062,Before Launch
2536,2025-05-03 22:53:02,129.84,-0.19356956,1.062,25.836,0.0,0.0,-24.69928393567286,-2.2748248611499617,175.12424135132045,Before Launch
2537,2025-05-03 22:53:03,129.885,-0.6824147199999999,0.952,25.836,0.0,0.0,-24.68321779483313,-2.214784117561762,175.14756629692744,Before Launch
2538,2025-05-03 22:53:03,129.933,-1.66666672,-1.207,25.828,0.0,0.0,-24.639185210376787,-2.2421644071154136,175.150252337203,Before Launch
2539,2025-05-03 22:53:03,129.979,-0.9317585599999999,-0.624,25.836,0.0,0.0,-24.616453166766412,-2.2735924438952346,175.15959113832008,Before Launch
2540,2025-05-03 22:53:03,130.03,-1.54855648,-0.319,25.833,0.0,0.0,-24.596758482955373,-2.232881504640568,175.17970891038584,Before Launch
2541,2025-05-03 22:53:03,130.075,-1.2992126400000001,-1.104,25.836,0.0,0.0,-24.57286052339736,-2.2611933886707947,175.18833475837528,Before Launch
2542,2025-05-03 22:53:03,130.121,-0.81036748,-0.824,25.826,0.0,0.0,-24.576126444399957,-2.265943782654201,175.1387760850105,Before Launch
2543,2025-05-03 22:53:03,130.174,0.15748032,1.138,25.828,0.0,0.0,-24.57888688182173,-2.29029245235093,175.05395500917092,Before Launch
2544,2025-05-03 22:53:03,130.224,-0.45931760000000005,0.557,25.826,0.0,0.0,-24.565098527134456,-2.3192464185606347,174.99892099504544,Before Launch
2545,2025-05-03 22:53:03,130.276,-1.54855648,-0.991,25.833,0.0,0.0,-24.594809977318178,-2.3053940136517985,174.94011260431645,Before Launch
2546,2025-05-03 22:53:03,130.323,-1.0597113200000001,0.556,25.828,0.0,0.0,-24.630544844757374,-2.3542770732382414,174.88828159361378,Before Launch
2547,2025-05-03 22:53:03,130.373,-0.70866144,-0.133,25.823,0.0,0.0,-24.65111511233974,-2.360323775060173,174.87637343178542,Before Launch
2548,2025-05-03 22:53:03,130.432,-0.58070868,-0.878,25.828,0.0,0.0,-24.658212903308204,-2.3730007649768674,174.8562543015114,Before Launch
2549,2025-05-03 22:53:03,130.488,-0.56102364,-1.019,25.836,0.0,0.0,-24.65281670182266,-2.3643410880579045,174.81267149988918,Before Launch
2550,2025-05-03 22:53:03,130.547,-0.56102364,-1.083,25.836,0.0,0.0,-24.629310750035362,-2.3772200651391855,174.80351424118857,Before Launch
2551,2025-05-03 22:53:03,130.596,-1.56496068,-1.585,25.826,0.0,0.0,-24.608927084056052,-2.367854065912394,174.85903573552767,Before Launch
2552,2025-05-03 22:53:03,130.642,-0.58070868,1.351,25.831,0.0,0.0,-24.599109277613845,-2.381549323279055,174.83820942537744,Before Launch
2553,2025-05-03 22:53:03,130.698,-1.2992126400000001,-0.11,25.836,0.0,0.0,-24.5929632582498,-2.4037843356871473,174.8493407341652,Before Launch
2554,2025-05-03 22:53:03,130.745,-0.9317585599999999,0.294,25.836,0.0,0.0,-24.590690355546617,-2.377422902109578,174.90630276969574,Before Launch
2555,2025-05-03 22:53:03,130.794,-1.66666672,-1.825,25.836,0.0,0.0,-24.566242166083818,-2.374223356310747,174.91803286415004,Before Launch
2556,2025-05-03 22:53:03,130.842,-1.4271654,0.288,25.833,0.0,0.0,-24.53727814052839,-2.334552337782168,174.89104808269704,Before Launch
2557,2025-05-03 22:53:04,130.888,-0.9317585599999999,0.48,25.821,0.0,0.0,-24.500066663606866,-2.329281525791738,174.89181872205017,Before Launch
2558,2025-05-03 22:53:04,130.942,-2.05380584,-1.488,25.828,0.0,0.0,-24.469434110702625,-2.335752639889756,174.8675657175521,Before Launch
2559,2025-05-03 22:53:04,130.991,-1.2992126400000001,-0.98,25.836,0.0,0.0,-24.452107311347827,-2.3357612059875663,174.8524842806952,Before Launch
2560,2025-05-03 22:53:04,131.038,-0.83005252,0.361,25.828,0.0,0.0,-24.49157914099086,-2.330362500536459,174.80151187534437,Before Launch
2561,2025-05-03 22:53:04,131.094,-0.20997376,-0.013,25.828,0.0,0.0,-24.49947827587146,-2.370434537141861,174.78804903832378,Before Launch
2562,2025-05-03 22:53:04,131.139,-1.3156168400000001,-0.505,25.828,0.0,0.0,-24.56503732433792,-2.372209501442534,174.78280722336868,Before Launch
2563,2025-05-03 22:53:04,131.187,-1.69619428,-0.024,25.826,0.0,0.0,-24.585729344483948,-2.3656646677354507,174.8026979964121,Before Launch
2564,2025-05-03 22:53:04,131.242,-0.58070868,0.278,25.826,0.0,0.0,-24.586558822021797,-2.366557601826477,174.8076780094404,Before Launch
2565,2025-05-03 22:53:04,131.301,0.27559056000000004,1.435,25.826,0.0,0.0,-24.61213646599202,-2.375343512517334,174.83689655445045,Before Launch
2566,2025-05-03 22:53:04,131.347,-0.34120735999999996,0.753,25.823,0.0,0.0,-24.627995016478742,-2.401886058478873,174.84098455823414,Before Launch
2567,2025-05-03 22:53:04,131.396,-0.81036748,0.0,25.828,0.0,0.0,-24.655901778861566,-2.398397456158887,174.85222478833964,Before Launch
2568,2025-05-03 22:53:04,131.451,-0.45931760000000005,-0.483,25.831,0.0,0.0,-24.694225411486922,-2.3987697034768147,174.85954867922683,Before Launch
2569,2025-05-03 22:53:04,131.498,0.26902888,0.572,25.818,0.0,0.0,-24.62147951953336,-2.389312377031601,174.8752901137421,Before Launch
2570,2025-05-03 22:53:04,131.545,2.50000008,3.19,25.813,0.0,0.0,-24.612174764998386,-2.370375177048755,174.90728427421416,Before Launch
2571,2025-05-03 22:53:04,131.6,0.15748032,0.953,25.796,0.0,0.0,-24.629155492518866,-2.370676535129013,174.9383239440553,Before Launch
2572,2025-05-03 22:53:04,131.656,-0.34120735999999996,0.286,25.823,0.0,0.0,-24.628919971165026,-2.351524031956676,174.93276548224264,Before Launch
2573,2025-05-03 22:53:04,131.705,0.64632548,0.964,25.826,0.0,0.0,-24.582915026047104,-2.4148473895148985,174.83036488646997,Before Launch
2574,2025-05-03 22:53:04,131.751,-0.83005252,-0.213,25.816,0.0,0.0,-24.56309650097859,-2.43766760142898,174.70510420904964,Before Launch
2575,2025-05-03 22:53:04,131.807,-0.10170604,0.365,25.818,0.0,0.0,-24.56794331139058,-2.461039584271767,174.6245786872932,Before Launch
2576,2025-05-03 22:53:04,131.859,-0.46916011999999996,0.868,25.818,0.0,0.0,-24.584757933551828,-2.51615871143048,174.5283847222172,Before Launch
2577,2025-05-03 22:53:05,131.908,-1.69619428,-0.881,25.821,0.0,0.0,-24.597696827335973,-2.5360361134248106,174.57693440163865,Before Launch
2578,2025-05-03 22:53:05,131.961,-0.83005252,0.371,25.826,0.0,0.0,-24.602868755219063,-2.522001143758257,174.60537766514904,Before Launch
2579,2025-05-03 22:53:05,132.016,-0.5905511999999999,0.268,25.808,0.0,0.0,-24.587932405451674,-2.4768966153329,174.63765242069087,Before Launch
2580,2025-05-03 22:53:05,132.062,-0.35761156,1.032,25.816,0.0,0.0,-24.60016590694916,-2.4415048838402296,174.68111085808388,Before Launch
2581,2025-05-03 22:53:05,132.107,-1.69619428,-0.213,25.821,0.0,0.0,-24.57351026524241,-2.409122338578741,174.71729239309735,Before Launch
2582,2025-05-03 22:53:05,132.164,-0.72834648,0.159,25.816,0.0,0.0,-24.554780973969244,-2.276474402689686,174.9529043003615,Before Launch
2583,2025-05-03 22:53:05,132.217,-1.09580056,0.751,25.816,0.0,0.0,-24.522886145441337,-2.2082349768562977,175.13302746027702,Before Launch
2584,2025-05-03 22:53:05,132.264,-0.9744094799999999,0.255,25.813,0.0,0.0,-24.49984675257977,-2.1881698944991856,175.24541960363206,Before Launch
2585,2025-05-03 22:53:05,132.316,0.0656168,0.701,25.811,0.0,0.0,-24.52415623836861,-2.1759472185644047,175.3621166821615,Before Launch
2586,2025-05-03 22:53:05,132.369,-2.1817586,-1.546,25.818,0.0,0.0,-24.536085946299636,-2.1458132071721088,175.3440127174089,Before Launch
2587,2025-05-03 22:53:05,132.417,0.5905511999999999,1.492,25.823,0.0,0.0,-24.5469463425332,-2.155171790234162,175.32745514445133,Before Launch
2588,2025-05-03 22:53:05,132.464,-2.20144364,-0.396,25.808,0.0,0.0,-24.577743256981027,-2.183248184517199,175.22196196115632,Before Launch
2589,2025-05-03 22:53:05,132.522,-2.06364836,-1.159,25.821,0.0,0.0,-24.592238440435455,-2.198255091507647,175.17546384868916,Before Launch
2590,2025-05-03 22:53:05,132.58,-0.72834648,-0.785,25.816,0.0,0.0,-24.577130740768343,-2.25605448733639,175.08906902660564,Before Launch
2591,2025-05-03 22:53:05,132.627,-1.3451444,-0.784,25.776,0.0,0.0,-24.60073547167911,-2.287949833293976,175.05009100694915,Before Launch
2592,2025-05-03 22:53:05,132.674,-2.3129922,-1.176,25.818,0.0,0.0,-24.595349269120838,-2.2780133294919316,175.12306910875293,Before Launch
2593,2025-05-03 22:53:05,132.73,-0.46916011999999996,-0.008,25.818,0.0,0.0,-24.594063929369874,-2.2832146727597538,175.1512718030932,Before Launch
2594,2025-05-03 22:53:05,132.784,-0.9744094799999999,-0.967,25.818,0.0,0.0,-24.572259753362392,-2.2359762689910982,175.15628470091386,Before Launch
2595,2025-05-03 22:53:05,132.833,-0.72834648,-2.506,25.816,0.0,0.0,-24.58448524101037,-2.193143219523495,175.23108291911305,Before Launch
2596,2025-05-03 22:53:06,132.883,-0.5905511999999999,-0.583,25.813,0.0,0.0,-24.60451251643613,-2.150619924348479,175.2383528196982,Before Launch
2597,2025-05-03 22:53:06,132.937,1.7618110800000002,1.642,25.771,0.0,0.0,-24.57354662019733,-2.2185613008558565,175.20257753973132,Before Launch
2598,2025-05-03 22:53:06,132.986,-0.73490816,-1.078,25.808,0.0,0.0,-24.591013356023666,-2.2252653981072728,175.15141716994935,Before Launch
2599,2025-05-03 22:53:06,133.032,0.32480316000000004,0.902,25.808,0.0,0.0,-24.66704932132443,-2.241563830060332,175.12056565522306,Before Launch
2600,2025-05-03 22:53:06,133.085,1.3648294399999998,1.148,25.756,0.0,0.0,-24.67464139691952,-2.281379335941664,175.10387219683273,Before Launch
2601,2025-05-03 22:53:06,133.132,-1.5748031999999998,-0.869,25.818,0.0,0.0,-24.685897304852908,-2.295128072677255,175.03807530429629,Before Launch
2602,2025-05-03 22:53:06,133.179,-0.35761156,1.053,25.768,0.0,0.0,-24.687575135934935,-2.2932226500950583,175.03860155756712,Before Launch
2603,2025-05-03 22:53:06,133.226,-2.5688977200000003,-1.375,25.788,0.0,0.0,-24.696510676764557,-2.269121365845421,175.0269906583101,Before Launch
2604,2025-05-03 22:53:06,133.273,-0.5905511999999999,0.0,25.801,0.0,0.0,-24.683394680664815,-2.250757776431112,175.0595340126915,Before Launch
2605,2025-05-03 22:53:06,133.328,-1.5748031999999998,-0.961,25.806,0.0,0.0,-24.659377121407115,-2.2712176433839186,175.071264466171,Before Launch
2606,2025-05-03 22:53:06,133.379,-0.72834648,0.761,25.816,0.0,0.0,-24.660895858555463,-2.2754143187852987,175.0715641194546,Before Launch
2607,2025-05-03 22:53:06,133.431,-1.59448824,-0.684,25.816,0.0,0.0,-24.680044215524603,-2.2469168081352167,175.07538848995256,Before Launch
2608,2025-05-03 22:53:06,133.482,-0.48884516,0.48,25.811,0.0,0.0,-24.67426305510076,-2.271852415004324,175.05250275670141,Before Launch
2609,2025-05-03 22:53:06,133.536,-0.5905511999999999,0.302,25.781,0.0,0.0,-24.652851023333547,-2.3711213104537094,174.85659478129298,Before Launch
2610,2025-05-03 22:53:06,133.584,-1.20734912,-1.004,25.818,0.0,0.0,-24.60472911832481,-2.4399256956966227,174.72313956060162,Before Launch
2611,2025-05-03 22:53:06,133.634,-0.9744094799999999,0.954,25.808,0.0,0.0,-24.564101548346954,-2.4940940395614346,174.60253347761846,Before Launch
2612,2025-05-03 22:53:06,133.688,-0.5905511999999999,-0.929,25.821,0.0,0.0,-24.559702107170263,-2.5091383223722206,174.58587764663704,Before Launch
2613,2025-05-03 22:53:06,133.736,-0.72834648,1.158,25.816,0.0,0.0,-24.57212634653978,-2.5370449428912054,174.56079924632388,Before Launch
2614,2025-05-03 22:53:06,133.783,-0.9744094799999999,0.864,25.813,0.0,0.0,-24.55784733380821,-2.494016016208575,174.5611208641109,Before Launch
2615,2025-05-03 22:53:06,133.837,-1.09580056,-0.292,25.816,0.0,0.0,-24.528679561078846,-2.4852557458452877,174.56535124380304,Before Launch
2616,2025-05-03 22:53:07,133.889,-1.47309716,-0.101,25.821,0.0,0.0,-24.525120289511477,-2.4585481649024454,174.57149105440888,Before Launch
2617,2025-05-03 22:53:07,133.935,-1.94225728,0.294,25.811,0.0,0.0,-24.536543414146724,-2.4146054256118803,174.65105851564041,Before Launch
2618,2025-05-03 22:53:07,133.995,-0.72834648,-0.205,25.816,0.0,0.0,-24.52354438473482,-2.391861905971208,174.7094486169681,Before Launch
2619,2025-05-03 22:53:07,134.05,0.18700788000000002,0.917,25.781,0.0,0.0,-24.534472058617673,-2.3556309626958987,174.8281799398172,Before Launch
2620,2025-05-03 22:53:07,134.105,-1.20734912,-0.377,25.818,0.0,0.0,-24.55009110329149,-2.3364189268956435,174.91236029602123,Before Launch
2621,2025-05-03 22:53:07,134.154,-0.9744094799999999,-0.302,25.813,0.0,0.0,-24.575627702392072,-2.293290977789381,174.9393126675211,Before Launch
2622,2025-05-03 22:53:07,134.2,-1.07611552,-2.247,25.823,0.0,0.0,-24.58527967569315,-2.295970047729469,174.96224866240777,Before Launch
2623,2025-05-03 22:53:07,134.256,-1.20734912,-0.372,25.788,0.0,0.0,-24.59447448087115,-2.300412384088078,174.9410185916519,Before Launch
2624,2025-05-03 22:53:07,134.312,-0.6069554,-0.728,25.813,0.0,0.0,-24.561738057481787,-2.337406371812887,174.917743229952,Before Launch
2625,2025-05-03 22:53:07,134.365,-0.8366142,-1.72,25.818,0.0,0.0,-24.54956944670452,-2.358119359216598,174.8919790035305,Before Launch
2626,2025-05-03 22:53:07,134.412,-0.10170604,1.151,25.818,0.0,0.0,-24.55860781651201,-2.3764489308120136,174.84919614632304,Before Launch
2627,2025-05-03 22:53:07,134.467,0.33136484,0.535,25.793,0.0,0.0,-24.55112680001322,-2.3482240498538123,174.82934896844966,Before Launch
2628,2025-05-03 22:53:07,134.524,-0.95800528,1.241,25.821,0.0,0.0,-24.575773766585392,-2.3801843268835463,174.80241016714382,Before Launch
2629,2025-05-03 22:53:07,134.572,-1.20734912,-0.475,25.818,0.0,0.0,-24.586767725520026,-2.445707210108736,174.74664502133132,Before Launch
2630,2025-05-03 22:53:07,134.62,-1.20734912,0.284,25.818,0.0,0.0,-24.58873518374511,-2.6218594008344707,174.32854674064927,Before Launch
2631,2025-05-03 22:53:07,134.674,1.476378,1.702,25.808,0.0,0.0,-24.553533765507257,-2.661530528495744,174.20535658242923,Before Launch
2632,2025-05-03 22:53:07,134.728,0.08530183999999999,1.295,25.768,0.0,0.0,-24.513305103472,-2.6908012102048007,174.12769113584832,Before Launch
2633,2025-05-03 22:53:07,134.778,-0.34120735999999996,0.114,25.823,0.0,0.0,-24.511972237807104,-2.6227443241827344,174.31888586698753,Before Launch
2634,2025-05-03 22:53:07,134.827,-0.73490816,-0.112,25.821,0.0,0.0,-24.53030930012681,-2.565549301549238,174.42602405718486,Before Launch
2635,2025-05-03 22:53:08,134.882,-0.72834648,0.369,25.816,0.0,0.0,-24.503089244388118,-2.462533014704301,174.60587375470593,Before Launch
2636,2025-05-03 22:53:08,134.932,0.00984252,0.758,25.816,0.0,0.0,-24.53199069371607,-2.3740227662709645,174.8221833421201,Before Launch
2637,2025-05-03 22:53:08,134.979,-0.46916011999999996,0.094,25.818,0.0,0.0,-24.548994529884794,-2.3326732812614517,174.88205381547354,Before Launch
2638,2025-05-03 22:53:08,135.037,0.1312336,0.661,25.813,0.0,0.0,-24.548388442735693,-2.324951476847365,174.96165717541862,Before Launch
2639,2025-05-03 22:53:08,135.084,1.58464572,1.967,25.813,0.0,0.0,-24.569339528132147,-2.291169389040533,174.99198186988562,Before Launch
2640,2025-05-03 22:53:08,135.13,-1.32545936,-0.178,25.818,0.0,0.0,-24.540442556161953,-2.3058071194700007,174.97265911444856,Before Launch
2641,2025-05-03 22:53:08,135.184,-0.6069554,0.669,25.813,0.0,0.0,-24.521232207481535,-2.3153225274869658,174.96166501355728,Before Launch
2642,2025-05-03 22:53:08,135.235,-1.07611552,0.666,25.823,0.0,0.0,-24.527811320054802,-2.309967160076702,174.9770309119488,Before Launch
2643,2025-05-03 22:53:08,135.282,-0.09186352,0.495,25.818,0.0,0.0,-24.549591005248956,-2.3318699229739277,174.9528650921628,Before Launch
2644,2025-05-03 22:53:08,135.337,-0.95800528,-0.89,25.828,0.0,0.0,-24.551743378307755,-2.3088029901730756,174.93078906949623,Before Launch
2645,2025-05-03 22:53:08,135.387,-0.04593176,0.906,25.823,0.0,0.0,-24.570756655831886,-2.328380991294076,174.9125046426142,Before Launch
2646,2025-05-03 22:53:08,135.433,-1.07611552,-0.08,25.823,0.0,0.0,-24.56515964482875,-2.3604378079768216,174.8908703062423,Before Launch
2647,2025-05-03 22:53:08,135.489,-0.70866144,0.285,25.823,0.0,0.0,-24.527442909204094,-2.3380072164817007,174.89255413927316,Before Launch
2648,2025-05-03 22:53:08,135.539,0.37729660000000004,1.235,25.816,0.0,0.0,-24.539159958282553,-2.3230702496002498,174.8896669326998,Before Launch
2649,2025-05-03 22:53:08,135.587,0.029527559999999998,0.499,25.821,0.0,0.0,-24.536497728784042,-2.3391787130817385,174.922396415014,Before Launch
2650,2025-05-03 22:53:08,135.641,-1.56496068,-0.571,25.826,0.0,0.0,-24.536788754496676,-2.35126427727317,174.92262913773448,Before Launch
2651,2025-05-03 22:53:08,135.689,1.19094492,1.012,25.791,0.0,0.0,-24.577589218014957,-2.340323912452343,174.9093304488875,Before Launch
2652,2025-05-03 22:53:08,135.735,1.7782152800000002,1.141,25.826,0.0,0.0,-24.56059306047938,-2.3332926675942445,174.9523634827572,Before Launch
2653,2025-05-03 22:53:08,135.791,-1.07611552,-0.093,25.823,0.0,0.0,-24.553155445503293,-2.3469585449943287,174.91126956375038,Before Launch
2654,2025-05-03 22:53:08,135.838,-0.46916011999999996,0.583,25.818,0.0,0.0,-24.576662271348322,-2.3812643933631117,174.91838590744993,Before Launch
2655,2025-05-03 22:53:09,135.886,0.51509188,1.361,25.821,0.0,0.0,-24.564833896458126,-2.404568676686224,174.92251614562912,Before Launch
2656,2025-05-03 22:53:09,135.941,-1.20734912,-2.118,25.821,0.0,0.0,-24.584901435639456,-2.3288459432066833,174.95972717511967,Before Launch
2657,2025-05-03 22:53:09,135.988,-0.50524936,-0.469,25.803,0.0,0.0,-24.581878694262564,-2.248151942301518,175.10694869318718,Before Launch
2658,2025-05-03 22:53:09,136.037,-1.68635176,-1.068,25.828,0.0,0.0,-24.58519201867849,-2.2035644527063876,175.16758196383137,Before Launch
2659,2025-05-03 22:53:09,136.083,0.08530183999999999,0.653,25.791,0.0,0.0,-24.62749503842715,-2.1551978659607482,175.26471078997767,Before Launch
2660,2025-05-03 22:53:09,136.129,-0.20997376,0.416,25.826,0.0,0.0,-24.64745901483378,-2.15015671691803,175.29187941991287,Before Launch
2661,2025-05-03 22:53:09,136.184,-1.1975065999999999,-0.964,25.826,0.0,0.0,-24.62013514841402,-2.2030698114554963,175.1394674246024,Before Launch
2662,2025-05-03 22:53:09,136.232,-0.83005252,-0.288,25.826,0.0,0.0,-24.6200888293937,-2.2650251131701786,175.0917778836765,Before Launch
2663,2025-05-03 22:53:09,136.289,-0.20997376,-0.273,25.828,0.0,0.0,-24.60920759124235,-2.300786374383627,174.99115846671097,Before Launch
2664,2025-05-03 22:53:09,136.336,0.029527559999999998,-1.242,25.823,0.0,0.0,-24.581784778585913,-2.2923496577722124,174.96741964509732,Before Launch
2665,2025-05-03 22:53:09,136.393,-1.56496068,-0.19,25.818,0.0,0.0,-24.597400028764202,-2.3009248513015073,174.9504997804927,Before Launch
2666,2025-05-03 22:53:09,136.439,-1.07611552,-0.374,25.823,0.0,0.0,-24.591852358497498,-2.3168694475794203,174.9310410430907,Before Launch
2667,2025-05-03 22:53:09,136.485,-1.69619428,-0.496,25.818,0.0,0.0,-24.61108060804444,-2.350065451003904,174.89056693020288,Before Launch
2668,2025-05-03 22:53:09,136.54,-1.9356955999999998,-1.466,25.826,0.0,0.0,-24.609544687107544,-2.3633042351360993,174.8434252430507,Before Launch
2669,2025-05-03 22:53:09,136.588,-0.9481627599999999,0.008,25.828,0.0,0.0,-24.62786562153815,-2.4210664344171433,174.74869763171986,Before Launch
2670,2025-05-03 22:53:09,136.634,-1.3156168400000001,-1.018,25.828,0.0,0.0,-24.62324700188545,-2.475231633769661,174.67235147726043,Before Launch
2671,2025-05-03 22:53:09,136.688,-0.83005252,0.196,25.826,0.0,0.0,-24.652654399837505,-2.496678596725838,174.6336065591745,Before Launch
2672,2025-05-03 22:53:09,136.734,-1.1975065999999999,-0.393,25.826,0.0,0.0,-24.622141702202658,-2.518749354289019,174.48206495847924,Before Launch
2673,2025-05-03 22:53:09,136.785,-0.69225724,-0.858,25.823,0.0,0.0,-24.649377977291003,-2.603117854458331,174.39557752947604,Before Launch
2674,2025-05-03 22:53:09,136.841,-0.20997376,-0.191,25.828,0.0,0.0,-24.598239348061313,-2.6012812464965474,174.36074156225962,Before Launch
2675,2025-05-03 22:53:10,136.889,-1.3156168400000001,0.2,25.831,0.0,0.0,-24.649117483697275,-2.569456194058263,174.4022598723717,Before Launch
2676,2025-05-03 22:53:10,136.935,-1.56496068,-2.212,25.828,0.0,0.0,-24.639529129766437,-2.5751832069086804,174.4604556997378,Before Launch
2677,2025-05-03 22:53:10,136.992,-1.07611552,-2.271,25.823,0.0,0.0,-24.615499132881357,-2.5221272227209335,174.53108676279518,Before Launch
2678,2025-05-03 22:53:10,137.036,-0.09186352,0.791,25.823,0.0,0.0,-24.598580839348756,-2.437640335138042,174.7138653688466,Before Launch
2679,2025-05-03 22:53:10,137.083,-0.83005252,-0.29,25.831,0.0,0.0,-24.65715620103606,-2.378336887739574,174.8112123011915,Before Launch
2680,2025-05-03 22:53:10,137.138,-1.68635176,-1.758,25.828,0.0,0.0,-24.633556382025123,-2.3894917287602113,174.83735111277926,Before Launch
2681,2025-05-03 22:53:10,137.185,0.15748032,1.097,25.828,0.0,0.0,-24.64317742370699,-2.3682991412871357,174.83484650311507,Before Launch
2682,2025-05-03 22:53:10,137.233,-0.8366142,-0.266,25.826,0.0,0.0,-24.659783794768572,-2.3312494616471704,174.83288520354608,Before Launch
2683,2025-05-03 22:53:10,137.287,-1.1975065999999999,0.391,25.826,0.0,0.0,-24.64779714379935,-2.3519607397632125,174.85005870710373,Before Launch
2684,2025-05-03 22:53:10,137.335,-0.5905511999999999,-0.54,25.821,0.0,0.0,-24.607915062181487,-2.451705766939713,174.84137914951907,Before Launch
2685,2025-05-03 22:53:10,137.383,-0.50524936,-0.235,25.803,0.0,0.0,-24.625664885716915,-2.359251593146692,174.83954144438493,Before Launch
2686,2025-05-03 22:53:10,137.439,-1.4271654,-0.183,25.828,0.0,0.0,-24.59091457305947,-2.3433609731363387,174.8612266182866,Before Launch
2687,2025-05-03 22:53:10,137.486,-2.05380584,-0.976,25.828,0.0,0.0,-24.524687119716813,-2.335779744330972,174.92557607979367,Before Launch
2688,2025-05-03 22:53:10,137.534,1.06955384,1.028,25.816,0.0,0.0,-24.545871499044587,-2.3311372613811896,174.97529334817358,Before Launch
2689,2025-05-03 22:53:10,137.59,-0.83005252,-0.685,25.826,0.0,0.0,-24.553337088317683,-2.2891988597665462,175.0425562044881,Before Launch
2690,2025-05-03 22:53:10,137.637,-0.70866144,0.688,25.823,0.0,0.0,-24.567178170485988,-2.2407708667243718,175.15022103144216,Before Launch
2691,2025-05-03 22:53:10,137.683,-2.53280848,-1.171,25.831,0.0,0.0,-24.60468435262382,-2.211264783309128,175.1935665447781,Before Launch
2692,2025-05-03 22:53:10,137.727,-0.58070868,0.898,25.838,0.0,0.0,-24.588257013185228,-2.228450022609891,175.1958852055297,Before Launch
2693,2025-05-03 22:53:10,137.773,0.27559056000000004,1.793,25.826,0.0,0.0,-24.58149376543615,-2.2251767082262894,175.15110524022143,Before Launch
2694,2025-05-03 22:53:10,137.828,-1.9356955999999998,-0.796,25.826,0.0,0.0,-24.537454982571205,-2.228798123581048,175.16465110630773,Before Launch
2695,2025-05-03 22:53:10,137.878,-1.68635176,-0.298,25.828,0.0,0.0,-24.542376347132446,-2.2344995054877437,175.15464366863645,Before Launch
2696,2025-05-03 22:53:11,137.927,-0.09186352,0.596,25.826,0.0,0.0,-24.54439733559526,-2.228010854461482,175.1287834380885,Before Launch
2697,2025-05-03 22:53:11,137.981,-0.9481627599999999,0.2,25.828,0.0,0.0,-24.572303164200513,-2.243415607894875,175.08256089061837,Before Launch
2698,2025-05-03 22:53:11,138.029,-0.70866144,-0.013,25.823,0.0,0.0,-24.537680955676112,-2.248288386920607,175.03989702790992,Before Launch
2699,2025-05-03 22:53:11,138.075,-1.56496068,-1.098,25.826,0.0,0.0,-24.546054078373533,-2.281849513271362,175.00321843037858,Before Launch
2700,2025-05-03 22:53:11,138.132,-0.46916011999999996,0.681,25.818,0.0,0.0,-24.56848493244358,-2.3085818118230113,174.9349002490333,Before Launch
2701,2025-05-03 22:53:11,138.181,2.2769029599999997,3.083,25.783,0.0,0.0,-24.54365773242268,-2.3784968421714594,174.93462531484414,Before Launch
2702,2025-05-03 22:53:11,138.231,-0.4429134,0.511,25.826,0.0,0.0,-24.58199707863381,-2.3119083603105914,174.96586662808562,Before Launch
2703,2025-05-03 22:53:11,138.287,2.85761164,2.358,25.823,0.0,0.0,-24.619263568240214,-2.3168532322692403,174.98625372981164,Before Launch
2704,2025-05-03 22:53:11,138.343,1.0597113200000001,1.5,25.786,0.0,0.0,-24.60554516528306,-2.3055330713753586,174.9792326026565,Before Launch
2705,2025-05-03 22:53:11,138.389,-0.9481627599999999,0.59,25.828,0.0,0.0,-24.538558984679824,-2.290789174365222,174.99969637177375,Before Launch
2706,2025-05-03 22:53:11,138.436,-0.45931760000000005,-0.493,25.831,0.0,0.0,-24.510707289715302,-2.280152330850554,174.990789577299,Before Launch
2707,2025-05-03 22:53:11,138.491,0.8858268,1.369,25.808,0.0,0.0,-24.474477905691263,-2.284069971754889,174.99119302946917,Before Launch
2708,2025-05-03 22:53:11,138.546,0.26902888,1.165,25.826,0.0,0.0,-24.47821399387259,-2.2667411059247957,175.01050920415426,Before Launch
2709,2025-05-03 22:53:11,138.6,0.22309712,0.643,25.826,0.0,0.0,-24.49682904306516,-2.23298830327004,175.01608041395477,Before Launch
2710,2025-05-03 22:53:11,138.649,-1.1975065999999999,-0.547,25.793,0.0,0.0,-24.48346186731103,-2.2058326256754714,175.05906713991672,Before Launch
2711,2025-05-03 22:53:11,138.699,0.8858268,1.836,25.821,0.0,0.0,-24.54970350503906,-2.203417156689348,175.06683790856417,Before Launch
2712,2025-05-03 22:53:11,138.754,-0.83005252,0.965,25.826,0.0,0.0,-24.56917606271976,-2.197863843966606,175.05465839978743,Before Launch
2713,2025-05-03 22:53:11,138.801,-0.95800528,-1.6,25.821,0.0,0.0,-24.591437383229508,-2.1988419428816233,175.0592176781958,Before Launch
2714,2025-05-03 22:53:11,138.845,-0.45931760000000005,0.295,25.826,0.0,0.0,-24.568586088993214,-2.227026128422027,175.0169574341877,Before Launch
2715,2025-05-03 22:53:12,138.891,-0.58070868,0.102,25.768,0.0,0.0,-24.586298232151304,-2.2692497625520227,174.98128723237798,Before Launch
2716,2025-05-03 22:53:12,138.937,-0.70866144,1.455,25.833,0.0,0.0,-24.5754330825259,-2.330498932825596,174.99935289928877,Before Launch
2717,2025-05-03 22:53:12,138.993,-0.83005252,-0.197,25.826,0.0,0.0,-24.607777225584496,-2.316485453773574,175.01072007968975,Before Launch
2718,2025-05-03 22:53:12,139.048,0.57086616,0.232,25.826,0.0,0.0,-24.57982216761815,-2.3082919548421477,175.03712543185404,Before Launch
2719,2025-05-03 22:53:12,139.097,-0.95800528,0.77,25.826,0.0,0.0,-24.587654431539466,-2.309602161999269,175.01287400039277,Before Launch
2720,2025-05-03 22:53:12,139.153,0.029527559999999998,1.346,25.823,0.0,0.0,-24.587459818289584,-2.298775079813228,175.02173216371762,Before Launch
2721,2025-05-03 22:53:12,139.202,0.39698163999999997,0.383,25.813,0.0,0.0,-24.594008268440614,-2.275787526478789,175.03296535166257,Before Launch
2722,2025-05-03 22:53:12,139.26,-0.9481627599999999,0.0,25.821,0.0,0.0,-24.559630874083044,-2.2558729070393184,175.0541682403131,Before Launch
2723,2025-05-03 22:53:12,139.315,-0.34120735999999996,0.286,25.828,0.0,0.0,-24.571278472277328,-2.238554003981815,175.03717277318816,Before Launch
2724,2025-05-03 22:53:12,139.363,-0.46916011999999996,0.851,25.818,0.0,0.0,-24.575330938041287,-2.2533175975499025,174.9982335407176,Before Launch
2725,2025-05-03 22:53:12,139.409,-0.9481627599999999,-0.375,25.828,0.0,0.0,-24.575942180607314,-2.305651156750096,174.96754945019472,Before Launch
2726,2025-05-03 22:53:12,139.463,-1.79790032,-3.178,25.831,0.0,0.0,-24.568329369865396,-2.3198694200504844,174.91485992360828,Before Launch
2727,2025-05-03 22:53:12,139.512,-1.54855648,-0.863,25.838,0.0,0.0,-24.604504792103267,-2.312995613149738,174.90438685378956,Before Launch
2728,2025-05-03 22:53:12,139.558,-1.4271654,-3.371,25.831,0.0,0.0,-24.6218142671912,-2.2713534259532544,174.9529032218298,Before Launch
2729,2025-05-03 22:53:12,139.613,-1.81430452,-2.263,25.823,0.0,0.0,-24.624063489266973,-2.302633851682493,174.99692751343227,Before Launch
2730,2025-05-03 22:53:12,139.66,-0.81036748,0.108,25.828,0.0,0.0,-24.625055470385536,-2.2728759153766975,175.0153537127347,Before Launch
2731,2025-05-03 22:53:12,139.708,-1.2992126400000001,-0.66,25.826,0.0,0.0,-24.64432514596899,-2.2978846160434805,174.99309158488785,Before Launch
2732,2025-05-03 22:53:12,139.762,-2.1653544,-2.401,25.831,0.0,0.0,-24.658889654734057,-2.337619535853746,174.92042055267714,Before Launch
2733,2025-05-03 22:53:12,139.81,-1.4271654,-1.342,25.831,0.0,0.0,-24.66186029716487,-2.3456139898731947,174.88727460087136,Before Launch
2734,2025-05-03 22:53:12,139.856,-1.9356955999999998,-1.719,25.823,0.0,0.0,-24.642848337784947,-2.3421820808796414,174.83539489187703,Before Launch
2735,2025-05-03 22:53:13,139.91,-1.1975065999999999,0.0,25.826,0.0,0.0,-24.58373551078147,-2.3486129327584404,174.83217564507706,Before Launch
2736,2025-05-03 22:53:13,139.959,1.43044624,0.432,25.786,0.0,0.0,-24.584648306921355,-2.3584671264890367,174.83951910385372,Before Launch
2737,2025-05-03 22:53:13,140.004,-0.81036748,0.016,25.828,0.0,0.0,-24.553029771751312,-2.308193820024548,174.88419088911533,Before Launch
2738,2025-05-03 22:53:13,140.062,-1.0597113200000001,-0.081,25.828,0.0,0.0,-24.554190222819784,-2.299761487638592,174.91354473346146,Before Launch
2739,2025-05-03 22:53:13,140.11,-1.0597113200000001,-0.475,25.831,0.0,0.0,-24.581651814104845,-2.2940004599649937,174.90323958806985,Before Launch
2740,2025-05-03 22:53:13,140.157,-1.07611552,-0.391,25.808,0.0,0.0,-24.634326784169794,-2.3282668470733086,174.9338758748407,Before Launch
2741,2025-05-03 22:53:13,140.214,0.04593176,0.591,25.826,0.0,0.0,-24.609160141843716,-2.3194640836184166,174.89505897729785,Before Launch
2742,2025-05-03 22:53:13,140.271,-1.66666672,-0.655,25.831,0.0,0.0,-24.622393045438926,-2.324142894730045,174.8983239671733,Before Launch
2743,2025-05-03 22:53:13,140.325,-0.9481627599999999,-1.19,25.828,0.0,0.0,-24.625131738869896,-2.3494230388102664,174.8343658726945,Before Launch
2744,2025-05-03 22:53:13,140.372,-0.9481627599999999,0.008,25.828,0.0,0.0,-24.594100071641268,-2.3600847747634197,174.8490097997861,Before Launch
2745,2025-05-03 22:53:13,140.42,-1.3156168400000001,-1.062,25.836,0.0,0.0,-24.576391169912224,-2.3570341862166844,174.87064269148215,Before Launch
2746,2025-05-03 22:53:13,140.474,-1.66666672,-1.622,25.836,0.0,0.0,-24.555312881255304,-2.3413102857014034,174.8947693681879,Before Launch
2747,2025-05-03 22:53:13,140.524,2.49015756,2.72,25.763,0.0,0.0,-24.523567822322427,-2.3695264559941087,174.8919876881764,Before Launch
2748,2025-05-03 22:53:13,140.571,-1.2992126400000001,-0.763,25.836,0.0,0.0,-24.50802277649439,-2.3400005377736535,174.8859668966383,Before Launch
2749,2025-05-03 22:53:13,140.625,-0.58070868,-0.088,25.826,0.0,0.0,-24.540577537044364,-2.319036513858306,174.89134391510478,Before Launch
2750,2025-05-03 22:53:13,140.672,-1.0498688,-0.081,25.838,0.0,0.0,-24.541417723623756,-2.3461406584645363,174.85792536960565,Before Launch
2751,2025-05-03 22:53:13,140.718,-1.54855648,0.199,25.833,0.0,0.0,-24.53271719448734,-2.3352413112607286,174.83453385224297,Before Launch
2752,2025-05-03 22:53:13,140.767,-0.9317585599999999,0.491,25.836,0.0,0.0,-24.593772835795768,-2.3511189429591033,174.8031141326277,Before Launch
2753,2025-05-03 22:53:13,140.814,-0.45931760000000005,0.771,25.831,0.0,0.0,-24.606093874444642,-2.365250541051659,174.78888337886465,Before Launch
2754,2025-05-03 22:53:13,140.868,-0.9481627599999999,0.69,25.828,0.0,0.0,-24.63713356465551,-2.7139371307680764,174.17444113050954,Before Launch
2755,2025-05-03 22:53:14,140.914,-1.8963255199999998,-0.866,25.828,0.0,0.0,-24.99226331003098,-2.8267555096386165,173.9587206048449,Before Launch
2756,2025-05-03 22:53:14,140.97,-0.9317585599999999,0.291,25.836,0.0,0.0,-25.067435924426093,-2.871413504842241,173.89904439574607,Before Launch
2757,2025-05-03 22:53:14,141.023,-1.41732288,0.593,25.838,0.0,0.0,-25.050393181056222,-2.628777027667843,174.44203193220875,Before Launch
2758,2025-05-03 22:53:14,141.07,-1.2992126400000001,0.102,25.836,0.0,0.0,-24.935904663882233,-2.4490602607164593,174.72137958324188,Before Launch
2759,2025-05-03 22:53:14,141.12,0.39698163999999997,1.845,25.831,0.0,0.0,-24.763988749035022,-2.389666588100183,174.8741622220296,Before Launch
2760,2025-05-03 22:53:14,141.178,-1.8963255199999998,-0.551,25.841,0.0,0.0,-24.719061051442765,-2.3720478572199895,174.8984495442461,Before Launch
2761,2025-05-03 22:53:14,141.227,-1.7880578,-2.538,25.833,0.0,0.0,-24.648499455433893,-2.36418259381739,174.90443114585696,Before Launch
2762,2025-05-03 22:53:14,141.272,-0.6824147199999999,0.101,25.838,0.0,0.0,-24.61105137015619,-2.3538070644813147,174.9268392350584,Before Launch
2763,2025-05-03 22:53:14,141.328,-0.56102364,0.394,25.836,0.0,0.0,-24.599909958366485,-2.3164383127839088,174.92440733990475,Before Launch
2764,2025-05-03 22:53:14,141.378,-1.0597113200000001,0.0,25.831,0.0,0.0,-24.597303792621652,-2.31734962242465,174.92059513636974,Before Launch
2765,2025-05-03 22:53:14,141.425,0.6824147199999999,1.387,25.801,0.0,0.0,-24.566817853575984,-2.34301405262423,174.93069565104952,Before Launch
2766,2025-05-03 22:53:14,141.482,0.42322836,0.298,25.838,0.0,0.0,-24.58368281331913,-2.3459247287965725,174.9313108295943,Before Launch
2767,2025-05-03 22:53:14,141.539,-0.9120735200000001,0.595,25.843,0.0,0.0,-24.57023840805246,-2.3719253091026764,174.9327788533201,Before Launch
2768,2025-05-03 22:53:14,141.586,-1.52887144,-0.461,25.841,0.0,0.0,-24.56091407029283,-2.3902594661773375,174.82748111839678,Before Launch
2769,2025-05-03 22:53:14,141.631,1.48293968,1.931,25.846,0.0,0.0,-24.580331401263127,-2.3708374944176245,174.79257457588386,Before Launch
2770,2025-05-03 22:53:14,141.692,-1.0498688,0.209,25.843,0.0,0.0,-24.591293936993516,-2.3809548031723415,174.8293111201814,Before Launch
2771,2025-05-03 22:53:14,141.746,-1.16141736,0.397,25.841,0.0,0.0,-24.557701824427262,-2.394100742115956,174.86814530257655,Before Launch
2772,2025-05-03 22:53:14,141.793,-0.5446194400000001,-2.391,25.843,0.0,0.0,-24.509235396675876,-2.366005442734264,174.86620203660772,Before Launch
2773,2025-05-03 22:53:14,141.84,-1.16141736,0.109,25.846,0.0,0.0,-24.49255518378933,-2.3140877996141427,174.94562240481574,Before Launch
2774,2025-05-03 22:53:15,141.897,-1.41732288,-0.658,25.843,0.0,0.0,-24.543562412082327,-2.290642167256291,175.00532846609838,Before Launch
2775,2025-05-03 22:53:15,141.956,0.31496064,1.063,25.841,0.0,0.0,-24.521310721572323,-2.288949020216487,175.03562241321217,Before Launch
2776,2025-05-03 22:53:15,142.001,-1.2795276,0.21,25.843,0.0,0.0,-24.675626635016624,-2.2462036438751154,175.1083433880278,Before Launch
2777,2025-05-03 22:53:15,142.05,-1.8963255199999998,-0.752,25.841,0.0,0.0,-25.05742768147599,-2.2539263146729174,175.14519126484,Before Launch
2778,2025-05-03 22:53:15,142.105,-0.05577428,0.313,25.841,0.0,0.0,-26.538864264673602,-2.2946739113009835,175.2321307570479,Before Launch
2779,2025-05-03 22:53:15,142.152,-1.2795276,-0.258,25.843,0.0,0.0,-26.349925150180532,-2.2654074230948966,175.20802644992807,Before Launch
2780,2025-05-03 22:53:15,142.198,-1.17782156,0.56,25.833,0.0,0.0,-25.7192245989874,-2.2265556588667286,175.198966431837,Before Launch
2781,2025-05-03 22:53:15,142.251,-0.42322836,0.397,25.841,0.0,0.0,-24.065261911344123,-2.4086536801868226,174.76000888230186,Before Launch
2782,2025-05-03 22:53:15,142.298,-1.16141736,0.201,25.841,0.0,0.0,-24.253811614020233,-2.6643966412473037,174.77884960249182,Before Launch
2783,2025-05-03 22:53:15,142.348,-0.5905511999999999,0.555,25.821,0.0,0.0,-25.073772464243163,-2.7589727997947633,174.72123975455546,Before Launch
2784,2025-05-03 22:53:15,142.393,-0.3116798,-0.557,25.838,0.0,0.0,-28.65521332195758,-3.017224973770776,174.71515856715996,Before Launch
2785,2025-05-03 22:53:15,142.442,0.98753284,2.282,25.811,0.0,0.0,-27.655869199686645,-3.3093500021872693,173.10601407210268,Before Launch
2786,2025-05-03 22:53:15,142.497,-1.41732288,0.292,25.831,0.0,0.0,-25.550589665690893,-3.3242604191125764,172.21287851197985,Before Launch
2787,2025-05-03 22:53:15,142.551,-0.56102364,0.095,25.826,0.0,0.0,-22.133273531014552,-3.3306468607029416,171.03688493132225,Before Launch
2788,2025-05-03 22:53:15,142.598,-0.81036748,-0.196,25.833,0.0,0.0,-20.399355955890286,-3.120140383988107,171.414831607769,Before Launch
2789,2025-05-03 22:53:15,142.649,0.738189,1.415,25.831,0.0,0.0,-20.919988556321464,-2.922587690710256,172.28212833190756,Before Launch
2790,2025-05-03 22:53:15,142.703,-2.13910768,-2.208,25.846,0.0,0.0,-21.364251277141467,-2.803479229766345,172.68161450711602,Before Launch
2791,2025-05-03 22:53:15,142.751,-0.9317585599999999,-1.068,25.836,0.0,0.0,-22.478246267356717,-2.6046333908037824,173.25887153394038,Before Launch
2792,2025-05-03 22:53:15,142.8,-1.0498688,-0.109,25.836,0.0,0.0,-23.11744339271648,-2.5839635117428275,173.71651201130305,Before Launch
2793,2025-05-03 22:53:15,142.854,-1.17782156,0.277,25.833,0.0,0.0,-23.311787786557776,-2.4834244524832565,173.9990746077006,Before Launch
2794,2025-05-03 22:53:16,142.912,-0.81036748,-1.79,25.833,0.0,0.0,-23.78003813660076,-2.3909518815780078,174.24736674001008,Before Launch
2795,2025-05-03 22:53:16,142.959,1.43044624,1.958,25.786,0.0,0.0,-26.121451005283,-2.3016223501754625,174.8999544931379,Before Launch
2796,2025-05-03 22:53:16,143.009,0.15748032,1.044,25.823,0.0,0.0,-27.94386458647219,-2.297485629795125,175.3426588535552,Before Launch
2797,2025-05-03 22:53:16,143.067,0.8956693200000001,1.131,25.828,0.0,0.0,-28.770867122258515,-2.3260110530333855,175.4898096342333,Before Launch
2798,2025-05-03 22:53:16,143.115,1.38123364,1.994,25.826,0.0,0.0,-30.59629440626028,-2.577423149439793,175.40089571673448,Before Launch
2799,2025-05-03 22:53:16,143.162,0.60039372,1.595,25.803,0.0,0.0,-32.0892245918256,-2.7444113958939544,175.43360170343888,Before Launch
2800,2025-05-03 22:53:16,143.215,0.15748032,-0.125,25.828,0.0,0.0,-32.72006216471895,-2.8041396681076165,175.4876969783214,Before Launch
2801,2025-05-03 22:53:16,143.268,0.5249344,1.424,25.836,0.0,0.0,-34.28152088803574,-2.796984448389948,175.74805772786806,Before Launch
2802,2025-05-03 22:53:16,143.315,-0.4429134,1.149,25.833,0.0,0.0,-36.04912255208421,-2.7623418363032184,176.11649379489626,Before Launch
2803,2025-05-03 22:53:16,143.366,-0.62664044,-0.453,25.806,0.0,0.0,-36.95063797700892,-2.7208926759528054,176.27486591416474,Before Launch
2804,2025-05-03 22:53:16,143.421,-0.09186352,0.936,25.826,0.0,0.0,-38.7938330257227,-2.6531418239286926,176.56948620977843,Before Launch
2805,2025-05-03 22:53:16,143.468,-1.16141736,0.013,25.798,0.0,0.0,-39.99577638500678,-2.664364398105888,176.71703425439526,Before Launch
2806,2025-05-03 22:53:16,143.513,-1.7880578,-1.081,25.836,0.0,0.0,-41.199707013020195,-2.5808403646234126,176.99756181137653,Before Launch
2807,2025-05-03 22:53:16,143.571,-0.5446194400000001,0.485,25.843,0.0,0.0,-42.154875530259936,-2.4765798145316724,177.21063096273278,Before Launch
2808,2025-05-03 22:53:16,143.619,-0.58070868,0.008,25.828,0.0,0.0,-44.99558817284921,-2.416989836015413,177.55277009827057,Before Launch
2809,2025-05-03 22:53:16,143.669,-1.4271654,-0.874,25.813,0.0,0.0,-47.19400164370428,-2.455918542317248,177.7210938895637,Before Launch
2810,2025-05-03 22:53:16,143.723,-1.7880578,-2.167,25.838,0.0,0.0,-48.14862791924992,-2.513923459389536,177.74332584300828,Before Launch
2811,2025-05-03 22:53:16,143.769,-1.2992126400000001,0.093,25.836,0.0,0.0,-49.56825294710215,-2.56259749285494,177.85904491919106,Before Launch
2812,2025-05-03 22:53:16,143.816,0.17388452,0.581,25.828,0.0,0.0,-48.703941342640775,-2.8527111291097556,177.5440763196509,Before Launch
2813,2025-05-03 22:53:16,143.873,-0.58070868,0.18,25.841,0.0,0.0,-47.64894713572146,-2.922197219744346,177.37252043923746,Before Launch
2814,2025-05-03 22:53:17,143.92,-0.69225724,-1.125,25.833,0.0,0.0,-46.47967145658211,-2.9916043065754456,177.09155211730132,Before Launch
2815,2025-05-03 22:53:17,143.966,-0.07217847999999999,1.637,25.823,0.0,0.0,-45.66263995213289,-2.9256380088824594,177.04688080119467,Before Launch
2816,2025-05-03 22:53:17,144.021,-1.17782156,-0.194,25.833,0.0,0.0,-45.27385171069545,-2.651153326024567,177.2531899895545,Before Launch
2817,2025-05-03 22:53:17,144.068,-0.81036748,0.189,25.833,0.0,0.0,-44.30871138503447,-2.184430034821682,177.77269352690453,Before Launch
2818,2025-05-03 22:53:17,144.115,-0.9317585599999999,0.195,25.828,0.0,0.0,-45.65875046394406,-1.9222487501178978,178.12432780228133,Before Launch
2819,2025-05-03 22:53:17,144.17,-1.52887144,-0.571,25.841,0.0,0.0,-46.46554375065462,-1.8403941309164427,178.24884233580104,Before Launch
2820,2025-05-03 22:53:17,144.219,-1.2992126400000001,-2.166,25.836,0.0,0.0,-47.49784032517247,-1.8660224994806154,178.3243113971321,Before Launch
2821,2025-05-03 22:53:17,144.264,-0.32152232000000003,-0.382,25.838,0.0,0.0,-48.12774737096016,-1.9855781476057142,178.25934318920824,Before Launch
2822,2025-05-03 22:53:17,144.311,-0.79068244,-1.356,25.841,0.0,0.0,-48.95908736648174,-2.1161213134139607,178.19052457080875,Before Launch
2823,2025-05-03 22:53:17,144.356,-1.0498688,-1.959,25.838,0.0,0.0,-48.87359268032436,-2.1642134681711784,178.15966973512016,Before Launch
2824,2025-05-03 22:53:17,144.411,-0.42322836,-0.82,25.841,0.0,0.0,-48.23845932399364,-2.2755296454828224,177.9718178006895,Before Launch
2825,2025-05-03 22:53:17,144.46,-0.17388452,-0.266,25.843,0.0,0.0,-47.74052120755277,-2.345979729827087,177.82794291272455,Before Launch
2826,2025-05-03 22:53:17,144.505,0.9120735200000001,0.313,25.836,0.0,0.0,-47.4571092763278,-2.398544992027295,177.80278782328372,Before Launch
2827,2025-05-03 22:53:17,144.551,0.60039372,0.844,25.836,0.0,0.0,-47.42101123655093,-2.389687936593314,177.8522658010833,Before Launch
2828,2025-05-03 22:53:17,144.606,-0.81036748,-0.148,25.833,0.0,0.0,-48.24859328192265,-2.4000506226533393,177.91995919855552,Before Launch
2829,2025-05-03 22:53:17,144.654,-0.8366142,-0.604,25.818,0.0,0.0,-48.66613219495293,-2.4153049974148457,177.92804299965408,Before Launch
2830,2025-05-03 22:53:17,144.701,-0.9120735200000001,0.202,25.801,0.0,0.0,-49.09658772935399,-2.3957976946478925,177.99188637146673,Before Launch
2831,2025-05-03 22:53:17,144.748,-0.79068244,0.808,25.846,0.0,0.0,-49.53596995081527,-2.350816213103861,177.99298504170753,Before Launch
2832,2025-05-03 22:53:17,144.805,2.92979012,2.816,25.801,0.0,0.0,-49.54790475825028,-2.3411034213662365,177.99848739145608,Before Launch
2833,2025-05-03 22:53:17,144.859,-1.0498688,-0.378,25.838,0.0,0.0,-48.9731833337487,-2.288884295796238,178.005110487736,Before Launch
2834,2025-05-03 22:53:18,144.907,0.05577428,1.198,25.838,0.0,0.0,-48.34024485195915,-2.352863546282375,177.91632328839637,Before Launch
2835,2025-05-03 22:53:18,144.953,-0.58070868,0.982,25.828,0.0,0.0,-47.94220429415825,-2.3783033965967286,177.86271882799062,Before Launch
2836,2025-05-03 22:53:18,145.009,-1.91601056,-0.497,25.833,0.0,0.0,-47.87640367795115,-2.3926935491739867,177.84916420558403,Before Launch
2837,2025-05-03 22:53:18,145.058,-2.28346464,-1.979,25.833,0.0,0.0,-47.843774426230844,-2.363326489403832,177.8427624913388,Before Launch
2838,2025-05-03 22:53:18,145.105,-0.42322836,0.128,25.793,0.0,0.0,-47.79491837840088,-2.349329116919374,177.85564138993038,Before Launch
2839,2025-05-03 22:53:18,145.16,-0.9317585599999999,-0.193,25.836,0.0,0.0,-47.75315593919961,-2.2734602402413056,177.9442632580402,Before Launch
2840,2025-05-03 22:53:18,145.207,-0.07217847999999999,0.0,25.833,0.0,0.0,-48.141327123895266,-2.2590163919911777,178.00360450762136,Before Launch
2841,2025-05-03 22:53:18,145.252,0.04593176,0.994,25.833,0.0,0.0,-48.281878835061526,-2.28678480050317,178.00165242136438,Before Launch
2842,2025-05-03 22:53:18,145.308,-0.81036748,0.0,25.833,0.0,0.0,-48.605424604143096,-2.31534969424693,178.03892823867926,Before Launch
2843,2025-05-03 22:53:18,145.353,-1.41732288,-0.392,25.838,0.0,0.0,-48.82403872403546,-2.32642680028773,178.03201923025907,Before Launch
2844,2025-05-03 22:53:18,145.403,-0.81036748,0.583,25.816,0.0,0.0,-48.66190676354296,-2.316945001230534,178.02497021044422,Before Launch
2845,2025-05-03 22:53:18,145.457,2.12926516,2.769,25.833,0.0,0.0,-48.54544382039704,-2.2961021561871164,178.02470118509783,Before Launch
2846,2025-05-03 22:53:18,145.514,-0.3116798,0.008,25.838,0.0,0.0,-48.46202380653507,-2.289581024248757,178.00984812983194,Before Launch
2847,2025-05-03 22:53:18,145.561,-0.05577428,0.588,25.841,0.0,0.0,-48.54078064795982,-2.2963859404023497,177.99745460539694,Before Launch
2848,2025-05-03 22:53:18,145.609,-0.6824147199999999,0.293,25.838,0.0,0.0,-48.5839782264242,-2.2672190097568192,177.98825348965246,Before Launch
2849,2025-05-03 22:53:18,145.659,-1.8963255199999998,-1.18,25.841,0.0,0.0,-48.656020938166066,-2.280172892294675,178.00694039644657,Before Launch
2850,2025-05-03 22:53:18,145.703,-1.52887144,-1.09,25.841,0.0,0.0,-48.674381814025324,-2.282467988832084,177.97443790578225,Before Launch
2851,2025-05-03 22:53:18,145.751,-1.16141736,-1.664,25.841,0.0,0.0,-48.70561462107688,-2.325728751974109,177.96595898475763,Before Launch
2852,2025-05-03 22:53:18,145.798,-2.6246720000000003,-2.586,25.848,0.0,0.0,-48.660979109706986,-2.3490357663922325,177.93692225032905,Before Launch
2853,2025-05-03 22:53:18,145.853,-2.03740164,-0.984,25.843,0.0,0.0,-48.643324515674294,-2.365250832871018,177.92810602276592,Before Launch
2854,2025-05-03 22:53:19,145.9,-0.6824147199999999,0.124,25.831,0.0,0.0,-48.67221054878465,-2.3687678760350233,177.95870885630748,Before Launch
2855,2025-05-03 22:53:19,145.948,-0.9317585599999999,-0.016,25.831,0.0,0.0,-48.69613546513251,-2.328728175866201,177.97508976571322,Before Launch
2856,2025-05-03 22:53:19,146.001,-1.52887144,-0.589,25.846,0.0,0.0,-48.722564451618226,-2.3334372935392724,177.97934653895467,Before Launch
2857,2025-05-03 22:53:19,146.052,-0.42322836,-2.689,25.841,0.0,0.0,-48.67579276772309,-2.3407319011941476,177.9737027672021,Before Launch
2858,2025-05-03 22:53:19,146.097,-0.79068244,0.209,25.841,0.0,0.0,-48.665252076837525,-2.3581362336288603,177.95315557917178,Before Launch
2859,2025-05-03 22:53:19,146.152,-0.6824147199999999,-0.593,25.838,0.0,0.0,-48.65308897593652,-2.347759331572006,177.94503189935213,Before Launch
2860,2025-05-03 22:53:19,146.209,-0.9120735200000001,-0.264,25.838,0.0,0.0,-48.600837305681175,-2.351069770637889,177.94958063929178,Before Launch
2861,2025-05-03 22:53:19,146.261,-2.7559055999999997,-0.671,25.843,0.0,0.0,-48.58563866985275,-2.3854709863344805,177.94623065081987,Before Launch
2862,2025-05-03 22:53:19,146.31,-0.79068244,1.192,25.841,0.0,0.0,-48.580463337914296,-2.3872202692077855,177.939360850983,Before Launch
2863,2025-05-03 22:53:19,146.368,-1.52887144,-0.875,25.846,0.0,0.0,-48.579343018179564,-2.408550430818986,177.90925409794266,Before Launch
2864,2025-05-03 22:53:19,146.417,-1.41732288,-0.386,25.838,0.0,0.0,-48.604901231356635,-2.4042324378871123,177.8997635174155,Before Launch
2865,2025-05-03 22:53:19,146.463,-0.79068244,-0.572,25.828,0.0,0.0,-48.59776508603071,-2.412798737180027,177.9210234585592,Before Launch
2866,2025-05-03 22:53:19,146.518,-0.9120735200000001,-0.757,25.843,0.0,0.0,-48.587235537422124,-2.420139929449223,177.93578270604976,Before Launch
2867,2025-05-03 22:53:19,146.565,-1.17782156,-0.292,25.833,0.0,0.0,-48.61682616831714,-2.381346096837335,177.9596235527395,Before Launch
2868,2025-05-03 22:53:19,146.613,-1.0498688,0.292,25.838,0.0,0.0,-48.62013992415833,-2.3223524279743404,177.97130892737601,Before Launch
2869,2025-05-03 22:53:19,146.666,-1.0334646,-0.177,25.846,0.0,0.0,-48.611173834119484,-2.2928409302250516,177.97681045729817,Before Launch
2870,2025-05-03 22:53:19,146.716,-1.2631234,-2.695,25.851,0.0,0.0,-48.64046589274874,-2.3018109597012204,177.97177190883417,Before Launch
2871,2025-05-03 22:53:19,146.762,-1.51902892,-0.967,25.828,0.0,0.0,-48.67835921212819,-2.3367806636812682,177.94727051508195,Before Launch
2872,2025-05-03 22:53:19,146.818,-1.1515748399999999,-0.872,25.848,0.0,0.0,-48.633170708207075,-2.3474558428291195,177.94895303538547,Before Launch
2873,2025-05-03 22:53:19,146.866,-1.2631234,-0.462,25.851,0.0,0.0,-48.60622205915733,-2.3789600315562116,177.93042371008406,Before Launch
2874,2025-05-03 22:53:20,146.913,0.19356956,1.667,25.838,0.0,0.0,-48.5937031927705,-2.340120041486147,177.96055877806273,Before Launch
2875,2025-05-03 22:53:20,146.969,-0.41338584,0.881,25.846,0.0,0.0,-48.58804485209156,-2.346113983186606,177.95892240399078,Before Launch
2876,2025-05-03 22:53:20,147.025,-0.29527559999999997,0.68,25.838,0.0,0.0,-48.58869355114109,-2.3732059644979064,177.9355484022381,Before Launch
2877,2025-05-03 22:53:20,147.074,-0.3116798,1.813,25.838,0.0,0.0,-48.61372477676072,-2.4077255756205296,177.89582036812254,Before Launch
2878,2025-05-03 22:53:20,147.122,-1.51902892,0.408,25.838,0.0,0.0,-48.61429841220376,-2.368372766613593,177.91815023773577,Before Launch
2879,2025-05-03 22:53:20,147.178,-1.51902892,-0.655,25.848,0.0,0.0,-48.59849127734657,-2.362852006132688,177.92840455568057,Before Launch
2880,2025-05-03 22:53:20,147.225,-1.0334646,-0.08,25.846,0.0,0.0,-49.23343653757662,-2.1721183112806375,178.115523185789,Before Launch
2881,2025-05-03 22:53:20,147.272,-1.8700788,-0.268,25.838,0.0,0.0,-49.57010888523904,-1.9344449631235026,178.3490184971092,Before Launch
2882,2025-05-03 22:53:20,147.326,-0.5249344,-0.08,25.851,0.0,0.0,-49.668220428192704,-1.8721938289325728,178.4099950023735,Before Launch
2883,2025-05-03 22:53:20,147.373,-0.27559056000000004,0.404,25.853,0.0,0.0,-49.465792152521246,-1.8846548751863899,178.40125569209715,Before Launch
2884,2025-05-03 22:53:20,147.423,-0.04593176,0.501,25.848,0.0,0.0,-49.30852366855792,-1.9552932116069068,178.31975637695405,Before Launch
2885,2025-05-03 22:53:20,147.482,2.4442258,2.637,25.843,0.0,0.0,-49.05508242842452,-2.0977065840200684,178.15337302234082,Before Launch
2886,2025-05-03 22:53:20,147.532,0.5446194400000001,2.597,25.848,0.0,0.0,-48.89826928897427,-2.212516338653283,178.0800165516191,Before Launch
2887,2025-05-03 22:53:20,147.58,-1.1515748399999999,-0.284,25.846,0.0,0.0,-48.82014661346001,-2.253433334035121,178.04475267103885,Before Launch
2888,2025-05-03 22:53:20,147.634,-0.29527559999999997,0.974,25.846,0.0,0.0,-48.76649908017007,-2.2902239703711667,178.03663973612828,Before Launch
2889,2025-05-03 22:53:20,147.682,-0.78412076,0.501,25.848,0.0,0.0,-48.69728646990182,-2.313807464053939,177.98612209351217,Before Launch
2890,2025-05-03 22:53:20,147.741,-0.15748032,0.495,25.851,0.0,0.0,-48.63771311243851,-2.3288623063114624,177.97290890274837,Before Launch
2891,2025-05-03 22:53:20,147.791,-0.27559056000000004,0.5,25.853,0.0,0.0,-48.6017331230186,-2.315733534341699,177.9609458592803,Before Launch
2892,2025-05-03 22:53:20,147.846,-0.04593176,0.884,25.853,0.0,0.0,-48.55318484046758,-2.3408932182412334,177.96767962047204,Before Launch
2893,2025-05-03 22:53:21,147.893,-0.27559056000000004,0.605,25.853,0.0,0.0,-48.561237054313075,-2.3298074440743255,177.9711906884093,Before Launch
2894,2025-05-03 22:53:21,147.943,0.21325460000000002,0.976,25.851,0.0,0.0,-48.53540068870542,-2.3237738261088126,177.9646416706715,Before Launch
2895,2025-05-03 22:53:21,147.998,0.39698163999999997,1.295,25.823,0.0,0.0,-48.55380910857441,-2.3385549555021634,177.94895402619287,Before Launch
2896,2025-05-03 22:53:21,148.055,-0.89238848,0.485,25.851,0.0,0.0,-48.56109613218562,-2.3251919908156364,177.94804789137748,Before Launch
2897,2025-05-03 22:53:21,148.105,0.34120735999999996,1.16,25.853,0.0,0.0,-48.57509812435005,-2.398100654648123,177.85981594108142,Before Launch
2898,2025-05-03 22:53:21,148.151,-0.17388452,0.848,25.848,0.0,0.0,-48.56965524419317,-2.4016627402522586,177.83799500889904,Before Launch
2899,2025-05-03 22:53:21,148.205,-1.99146988,-1.691,25.858,0.0,0.0,-48.5647079869899,-2.448924502248255,177.84551406324368,Before Launch
2900,2025-05-03 22:53:21,148.256,-1.51902892,-0.859,25.848,0.0,0.0,-48.55723792426298,-2.4344082555102333,177.81835973285516,Before Launch
2901,2025-05-03 22:53:21,148.302,-0.8858268,-0.462,25.863,0.0,0.0,-48.54574677657065,-2.450681602747516,177.84266443906967,Before Launch
2902,2025-05-03 22:53:21,148.356,-0.76443572,-0.353,25.856,0.0,0.0,-48.545431114286046,-2.4475809115702614,177.8668582095277,Before Launch
2903,2025-05-03 22:53:21,148.405,-1.1318898,0.302,25.856,0.0,0.0,-48.55672585501468,-2.399528606763096,177.8712834472681,Before Launch
2904,2025-05-03 22:53:21,148.45,1.8077428400000002,2.615,25.846,0.0,0.0,-48.54770135801416,-2.362433376678369,177.88013882503802,Before Launch
2905,2025-05-03 22:53:21,148.509,-0.15748032,0.682,25.856,0.0,0.0,-48.5665610939505,-2.3306617325311443,177.9059086657032,Before Launch
2906,2025-05-03 22:53:21,148.566,-1.01377956,0.662,25.851,0.0,0.0,-48.56842857426504,-2.350382510265832,177.89841205434186,Before Launch
2907,2025-05-03 22:53:21,148.614,-0.02624672,0.387,25.856,0.0,0.0,-48.555508527800995,-2.3573717353553256,177.89310364506971,Before Launch
2908,2025-05-03 22:53:21,148.659,-1.62073496,-1.046,25.858,0.0,0.0,-48.530165846996184,-2.356099128382883,177.91385987598395,Before Launch
2909,2025-05-03 22:53:21,148.709,-0.51509188,-0.365,25.858,0.0,0.0,-48.56095567998337,-2.3938986663625834,177.90268946975715,Before Launch
2910,2025-05-03 22:53:21,148.755,-0.76443572,-2.521,25.858,0.0,0.0,-48.52659364866494,-2.3986423564091224,177.8793362473885,Before Launch
2911,2025-05-03 22:53:21,148.809,0.09186352,-0.355,25.853,0.0,0.0,-48.52739564317231,-2.3986989711028275,177.86867364887635,Before Launch
2912,2025-05-03 22:53:21,148.859,-2.35892396,-0.944,25.858,0.0,0.0,-48.53947603325477,-2.4083161105669295,177.87343088979674,Before Launch
2913,2025-05-03 22:53:22,148.905,-0.7480315200000001,-0.356,25.863,0.0,0.0,-48.55921813779869,-2.4128462098086008,177.8445194325485,Before Launch
2914,2025-05-03 22:53:22,148.959,-1.6043307599999999,-0.642,25.866,0.0,0.0,-48.554729361292054,-2.412995798410836,177.8485789493867,Before Launch
2915,2025-05-03 22:53:22,149.009,2.48031504,2.08,25.818,0.0,0.0,-48.5777652187252,-2.432359749488785,177.85747697582465,Before Launch
2916,2025-05-03 22:53:22,149.056,-0.7480315200000001,-0.373,25.863,0.0,0.0,-48.59875861904907,-2.427274341101753,177.86007809142433,Before Launch
2917,2025-05-03 22:53:22,149.11,1.50262472,1.225,25.856,0.0,0.0,-48.592604640785744,-2.3697728723672133,177.90251610614519,Before Launch
2918,2025-05-03 22:53:22,149.156,-0.14763779999999999,0.101,25.858,0.0,0.0,-48.58424223822905,-2.314938361045522,177.94699137288328,Before Launch
2919,2025-05-03 22:53:22,149.203,-1.37467196,-1.26,25.806,0.0,0.0,-48.61493038812485,-2.2494822547168436,178.00273884095665,Before Launch
2920,2025-05-03 22:53:22,149.258,-0.02624672,-0.336,25.863,0.0,0.0,-48.59246686428222,-2.2345110456553137,178.01414461103886,Before Launch
2921,2025-05-03 22:53:22,149.309,-1.01377956,-0.097,25.853,0.0,0.0,-48.55760563472324,-2.2597180512314714,178.01980603762087,Before Launch
2922,2025-05-03 22:53:22,149.359,0.34120735999999996,0.0,25.856,0.0,0.0,-48.55886285981298,-2.2516098404384386,178.0059605963867,Before Launch
2923,2025-05-03 22:53:22,149.415,0.9120735200000001,0.859,25.861,0.0,0.0,-48.60468629908439,-2.2766639018694366,177.95709870067665,Before Launch
2924,2025-05-03 22:53:22,149.464,-0.61679792,1.092,25.811,0.0,0.0,-48.59126356613679,-2.2932732260895343,177.90446757681062,Before Launch
2925,2025-05-03 22:53:22,149.508,0.35761156,1.499,25.863,0.0,0.0,-48.59686960583805,-2.292818345874994,177.8979326820701,Before Launch
2926,2025-05-03 22:53:22,149.554,0.97769032,1.488,25.866,0.0,0.0,-48.58500444074912,-2.3359454945791813,177.9126992029441,Before Launch
2927,2025-05-03 22:53:22,149.604,-1.58464572,-0.657,25.871,0.0,0.0,-48.59945482700567,-2.3472169414953794,177.91461894235425,Before Launch
2928,2025-05-03 22:53:22,149.655,0.11811023999999999,1.0,25.868,0.0,0.0,-48.608311865976134,-2.3434479919139486,177.93524396984247,Before Launch
2929,2025-05-03 22:53:22,149.707,-0.36745408,-1.73,25.853,0.0,0.0,-48.59820643337163,-2.324479639622897,177.96818884479714,Before Launch
2930,2025-05-03 22:53:22,149.756,-1.1056430800000001,-0.76,25.871,0.0,0.0,-48.571732454799914,-2.3237359146989895,177.98455366457736,Before Launch
2931,2025-05-03 22:53:22,149.811,0.23950132,1.007,25.868,0.0,0.0,-48.53601857671593,-2.305578219137981,177.99703695425552,Before Launch
2932,2025-05-03 22:53:22,149.86,0.36745408,0.316,25.866,0.0,0.0,-48.564135598892086,-2.299131286678695,178.0006988489931,Before Launch
2933,2025-05-03 22:53:23,149.905,0.36745408,1.596,25.871,0.0,0.0,-48.586606618381246,-2.2765392509665716,177.974627399574,Before Launch
2934,2025-05-03 22:53:23,149.953,-0.84645672,-0.266,25.873,0.0,0.0,-48.5989936742825,-2.316560899482757,177.9702230263082,Before Launch
2935,2025-05-03 22:53:23,150.0,-0.49868767999999997,0.213,25.863,0.0,0.0,-48.553897896292455,-2.3665348088454508,177.95377548386875,Before Launch
2936,2025-05-03 22:53:23,150.059,-0.36745408,-0.367,25.871,0.0,0.0,-48.573091691254895,-2.3372140851445535,177.94375770552443,Before Launch
2937,2025-05-03 22:53:23,150.107,0.10170604,1.972,25.861,0.0,0.0,-48.561765410219174,-2.357845598089597,177.91563298461776,Before Launch
2938,2025-05-03 22:53:23,150.153,-1.20734912,-0.368,25.881,0.0,0.0,-48.53936794057472,-2.3280157333722897,177.91892609350626,Before Launch
2939,2025-05-03 22:53:23,150.21,-0.11154856,1.193,25.873,0.0,0.0,-48.55485219148372,-2.33358741139345,177.95491349355845,Before Launch
2940,2025-05-03 22:53:23,150.263,-0.36745408,-2.271,25.868,0.0,0.0,-48.5519203640992,-2.302891468974674,177.96662845137052,Before Launch
2941,2025-05-03 22:53:23,150.311,-0.47900264,0.214,25.878,0.0,0.0,-48.5575763513218,-2.308677167503493,177.99813823785226,Before Launch
2942,2025-05-03 22:53:23,150.358,-0.738189,-1.796,25.871,0.0,0.0,-48.569557086736395,-2.316699369013875,177.98695018095322,Before Launch
2943,2025-05-03 22:53:23,150.414,-0.47900264,-0.263,25.873,0.0,0.0,-48.563442690863155,-2.2828705705305925,177.96956146704647,Before Launch
2944,2025-05-03 22:53:23,150.463,0.62664044,1.588,25.873,0.0,0.0,-48.57483750434754,-2.2921609336922226,177.95751794667206,Before Launch
2945,2025-05-03 22:53:23,150.509,-0.84645672,-0.656,25.873,0.0,0.0,-48.55547418206383,-2.3047561225269284,177.94243633634062,Before Launch
2946,2025-05-03 22:53:23,150.563,-1.3353018799999998,-0.256,25.876,0.0,0.0,-48.5125585854798,-2.3429553175689555,177.94430896799363,Before Launch
2947,2025-05-03 22:53:23,150.612,-2.07349088,-1.927,25.876,0.0,0.0,-48.54483336048757,-2.341849469502305,177.93656290354386,Before Launch
2948,2025-05-03 22:53:23,150.661,0.7545932000000001,-0.126,25.871,0.0,0.0,-48.557723431165286,-2.3129346357081437,177.93376044815844,Before Launch
2949,2025-05-03 22:53:23,150.717,-1.3353018799999998,-0.573,25.873,0.0,0.0,-48.55878267220141,-2.3612330980414185,177.93056391371377,Before Launch
2950,2025-05-03 22:53:23,150.773,-0.46916011999999996,-0.654,25.881,0.0,0.0,-48.55567470325845,-2.395607084228357,177.88995654435524,Before Launch
2951,2025-05-03 22:53:23,150.82,-0.7185039599999999,-1.34,25.878,0.0,0.0,-48.54841441389431,-2.4081024260414585,177.85089414480845,Before Launch
2952,2025-05-03 22:53:23,150.869,-0.22965880000000002,1.071,25.871,0.0,0.0,-48.54053527894866,-2.438783795007489,177.85382530294262,Before Launch
2953,2025-05-03 22:53:24,150.924,-0.738189,-0.675,25.871,0.0,0.0,-48.51943588607415,-2.4414290645259493,177.8417502967533,Before Launch
2954,2025-05-03 22:53:24,150.975,-2.07349088,-1.345,25.866,0.0,0.0,-48.48466172818408,-2.3771887467584287,177.83548301492374,Before Launch
2955,2025-05-03 22:53:24,151.02,-0.22965880000000002,0.693,25.876,0.0,0.0,-48.49882529337536,-2.36733465470487,177.8569161788669,Before Launch
2956,2025-05-03 22:53:24,151.077,-0.738189,-0.772,25.871,0.0,0.0,-48.50406437097644,-2.385622457823861,177.87344502268002,Before Launch
2957,2025-05-03 22:53:24,151.123,-0.60039372,-0.766,25.876,0.0,0.0,-48.5463802445746,-2.3648550909489847,177.89807448484697,Before Launch
2958,2025-05-03 22:53:24,151.173,0.01968504,-0.274,25.868,0.0,0.0,-48.555676937636555,-2.3542134988852395,177.92195372647635,Before Launch
2959,2025-05-03 22:53:24,151.229,-1.20734912,-0.283,25.881,0.0,0.0,-48.56039531622468,-2.3139064469183355,177.94860771408742,Before Launch
2960,2025-05-03 22:53:24,151.274,-0.08202100000000001,0.327,25.888,0.0,0.0,-48.57576095800787,-2.26796884060127,178.0170061161666,Before Launch
2961,2025-05-03 22:53:24,151.322,0.8759842800000001,0.985,25.876,0.0,0.0,-48.596366797071276,-2.23705402059545,178.0329155219902,Before Launch
2962,2025-05-03 22:53:24,151.377,-0.35104988,-0.357,25.881,0.0,0.0,-48.55024490475667,-2.2185405147615955,178.04888803888906,Before Launch
2963,2025-05-03 22:53:24,151.434,0.38713912,1.245,25.878,0.0,0.0,-48.57666673759509,-2.261986227769277,178.0463273371524,Before Launch
2964,2025-05-03 22:53:24,151.481,0.01968504,0.103,25.878,0.0,0.0,-48.597331329143515,-2.2947839481469696,177.9954854618043,Before Launch
2965,2025-05-03 22:53:24,151.53,0.38713912,0.596,25.878,0.0,0.0,-48.58963292770023,-2.3189299062950934,177.94998153163644,Before Launch
2966,2025-05-03 22:53:24,151.586,0.01968504,0.391,25.873,0.0,0.0,-48.57574022512261,-2.3763662556492635,177.92621528480683,Before Launch
2967,2025-05-03 22:53:24,151.634,0.50524936,0.974,25.881,0.0,0.0,-48.50813875194182,-2.337633530136534,177.91326421320716,Before Launch
2968,2025-05-03 22:53:24,151.681,0.89238848,1.082,25.883,0.0,0.0,-48.55189935991255,-2.2889396656485563,177.9436665211534,Before Launch
2969,2025-05-03 22:53:24,151.736,0.5249344,-0.08,25.883,0.0,0.0,-48.54599697842039,-2.2768160153325026,177.9821806680956,Before Launch
2970,2025-05-03 22:53:24,151.784,-0.10170604,0.584,25.881,0.0,0.0,-48.53819986386901,-2.2744161597839185,178.00227448985834,Before Launch
2971,2025-05-03 22:53:24,151.835,-0.7185039599999999,0.485,25.876,0.0,0.0,-48.55289136041255,-2.263637347016966,178.00113814974142,Before Launch
2972,2025-05-03 22:53:25,151.89,-0.60039372,1.153,25.883,0.0,0.0,-48.551285004898574,-2.2502027014288823,178.00388497194527,Before Launch
2973,2025-05-03 22:53:25,151.942,-0.11154856,-0.676,25.881,0.0,0.0,-48.556123159804734,-2.2429504124853823,177.977055485788,Before Launch
2974,2025-05-03 22:53:25,151.995,-1.0892388800000001,0.193,25.873,0.0,0.0,-48.542135504917,-2.3040807632619655,177.9448400038708,Before Launch
2975,2025-05-03 22:53:25,152.044,0.01968504,0.385,25.878,0.0,0.0,-48.53990308163776,-2.3113015745853374,177.91982970343935,Before Launch
2976,2025-05-03 22:53:25,152.098,-0.33136484,0.303,25.881,0.0,0.0,-48.52633970736106,-2.368958117724434,177.8865391251536,Before Launch
2977,2025-05-03 22:53:25,152.147,0.13779528000000002,0.288,25.878,0.0,0.0,-48.54144710158692,-2.3816051021453823,177.87256043932598,Before Launch
2978,2025-05-03 22:53:25,152.192,-0.33136484,0.321,25.886,0.0,0.0,-48.54535694291312,-2.378266861681227,177.88958418930795,Before Launch
2979,2025-05-03 22:53:25,152.25,-0.9481627599999999,0.883,25.883,0.0,0.0,-48.56245281847248,-2.384949786893247,177.87782646687316,Before Launch
2980,2025-05-03 22:53:25,152.297,0.15748032,0.303,25.883,0.0,0.0,-48.55550533100333,-2.446173653096292,177.86294199631863,Before Launch
2981,2025-05-03 22:53:25,152.345,-0.10170604,0.502,25.873,0.0,0.0,-48.58122007988021,-2.4276683369438223,177.8447150016142,Before Launch
2982,2025-05-03 22:53:25,152.4,-0.33136484,0.211,25.886,0.0,0.0,-48.6186885537411,-2.422424764269177,177.84049018986144,Before Launch
2983,2025-05-03 22:53:25,152.456,-0.83989504,-0.67,25.881,0.0,0.0,-48.59674125444251,-2.4281565335144064,177.85409497287378,Before Launch
2984,2025-05-03 22:53:25,152.503,-1.20734912,0.0,25.891,0.0,0.0,-48.616564309733405,-2.367710825831853,177.87129153574259,Before Launch
2985,2025-05-03 22:53:25,152.548,2.26706044,1.844,25.838,0.0,0.0,-48.61534531101322,-2.3573237790788895,177.89746118268607,Before Launch
2986,2025-05-03 22:53:25,152.602,-1.21719164,-1.635,25.873,0.0,0.0,-48.641418472450546,-2.322135419177999,177.93850104689466,Before Launch
2987,2025-05-03 22:53:25,152.652,0.6824147199999999,0.811,25.843,0.0,0.0,-48.6364638766319,-2.3062170654203973,177.95135418013157,Before Launch
2988,2025-05-03 22:53:25,152.698,-1.06955384,-1.152,25.886,0.0,0.0,-48.65323775704396,-2.2861060137666924,177.94923484129524,Before Launch
2989,2025-05-03 22:53:25,152.752,-0.70209976,-0.568,25.886,0.0,0.0,-48.6603730972573,-2.30359099257885,177.9705080654351,Before Launch
2990,2025-05-03 22:53:25,152.8,1.40091868,0.798,25.886,0.0,0.0,-48.68862319085401,-2.275630896209955,177.97863284176267,Before Launch
2991,2025-05-03 22:53:25,152.855,0.04593176,0.021,25.883,0.0,0.0,-48.66459925978615,-2.316289380174378,177.96283895218576,Before Launch
2992,2025-05-03 22:53:26,152.908,-1.0597113200000001,-1.228,25.893,0.0,0.0,-48.63513601052319,-2.3689383604483325,177.96324422556262,Before Launch
2993,2025-05-03 22:53:26,152.958,0.16404200000000002,-0.57,25.888,0.0,0.0,-48.602718474825004,-2.366928021960507,177.96735559624304,Before Launch
2994,2025-05-03 22:53:26,153.003,-2.1653544,-2.123,25.893,0.0,0.0,-48.57336816440576,-2.387190244974304,177.97216283369977,Before Launch
2995,2025-05-03 22:53:26,153.056,-0.9416010799999999,-0.66,25.896,0.0,0.0,-48.55380941089139,-2.378633645149002,177.9434585798004,Before Launch
2996,2025-05-03 22:53:26,153.107,0.53477692,0.985,25.891,0.0,0.0,-48.567594763878844,-2.399243603761486,177.93117916957132,Before Launch
2997,2025-05-03 22:53:26,153.155,-0.43307088,0.132,25.896,0.0,0.0,-48.58581172757084,-2.3838599710280555,177.92462005890408,Before Launch
2998,2025-05-03 22:53:26,153.211,1.09580056,0.951,25.863,0.0,0.0,-48.566526521113815,-2.3453680071412224,177.9035822324038,Before Launch
2999,2025-05-03 22:53:26,153.258,4.20275604,4.19,25.821,0.0,0.0,-48.61738695686012,-2.38307200814878,177.89486374524725,Before Launch
3000,2025-05-03 22:53:26,153.306,0.5511811200000001,0.421,25.893,0.0,0.0,-48.64884117978875,-2.4095241135180427,177.8833329101905,Before Launch
3001,2025-05-03 22:53:26,153.36,-0.8038058,-0.374,25.893,0.0,0.0,-48.600381086475615,-2.381736138277763,177.92473953263206,Before Launch
3002,2025-05-03 22:53:26,153.417,0.18372704,0.036,25.898,0.0,0.0,-48.637943526001024,-2.348701198839156,177.89057856853893,Before Launch
3003,2025-05-03 22:53:26,153.465,-0.9416010799999999,-0.479,25.891,0.0,0.0,-48.83252367718936,-2.419439595765847,177.87720787000407,Before Launch
3004,2025-05-03 22:53:26,153.515,0.53477692,1.172,25.891,0.0,0.0,-49.33580075779065,-2.4661255954084464,177.84078101187342,Before Launch
3005,2025-05-03 22:53:26,153.571,0.43307088,0.216,25.901,0.0,0.0,-49.48289563206606,-2.504996349838284,177.82557289629528,Before Launch
3006,2025-05-03 22:53:26,153.627,-0.92191604,-0.64,25.903,0.0,0.0,-49.54033681641834,-2.56628147539406,177.79948089054696,Before Launch
3007,2025-05-03 22:53:26,153.674,-1.66010504,-1.043,25.898,0.0,0.0,-49.35545760626308,-2.5490284499544296,177.8204113377697,Before Launch
3008,2025-05-03 22:53:26,153.721,-1.04330712,-0.161,25.901,0.0,0.0,-49.220664961242235,-2.4916428028351514,177.86419467365056,Before Launch
3009,2025-05-03 22:53:26,153.776,-0.92191604,0.224,25.893,0.0,0.0,-48.98161741375522,-2.463714620366383,177.86288567448685,Before Launch
3010,2025-05-03 22:53:26,153.823,-0.43307088,-2.118,25.896,0.0,0.0,-48.77233175957917,-2.4380271504286086,177.88339318675042,Before Launch
3011,2025-05-03 22:53:26,153.872,-0.7939632799999999,0.333,25.898,0.0,0.0,-48.667437690349104,-2.4247852145610977,177.88752221034557,Before Launch
3012,2025-05-03 22:53:27,153.929,-1.16141736,-1.444,25.903,0.0,0.0,-48.64037832167436,-2.449364517837861,177.88199792558316,Before Launch
3013,2025-05-03 22:53:27,153.974,-0.18372704,0.694,25.898,0.0,0.0,-48.595664859163044,-2.4064974147413887,177.87925898312562,Before Launch
3014,2025-05-03 22:53:27,154.022,2.40485572,2.446,25.903,0.0,0.0,-48.59061678064396,-2.4026494354779744,177.86560225617717,Before Launch
3015,2025-05-03 22:53:27,154.077,-0.28543308,-1.321,25.908,0.0,0.0,-48.58857686387866,-2.4127439400000372,177.8850097384006,Before Launch
3016,2025-05-03 22:53:27,154.122,-0.30511812,-0.277,25.905,0.0,0.0,-48.543364488750036,-2.4880555294457785,177.91825774765516,Before Launch
3017,2025-05-03 22:53:27,154.167,0.3116798,1.089,25.898,0.0,0.0,-48.59244694006302,-2.472465786554158,177.85476255067934,Before Launch
3018,2025-05-03 22:53:27,154.223,0.85629924,0.547,25.868,0.0,0.0,-48.6165225009912,-2.468071275231261,177.86069332478664,Before Launch
3019,2025-05-03 22:53:27,154.27,0.20341208,1.87,25.905,0.0,0.0,-48.62908226379331,-2.4086058985293697,177.89170293185643,Before Launch
3020,2025-05-03 22:53:27,154.32,1.96194232,2.297,25.878,0.0,0.0,-48.645885960493054,-2.429639067175386,177.86784558089857,Before Launch
3021,2025-05-03 22:53:27,154.375,-0.6561680000000001,-0.939,25.901,0.0,0.0,-48.65699212334459,-2.3817676056138937,177.90395026512115,Before Launch
3022,2025-05-03 22:53:27,154.43,-0.57086616,-0.108,25.891,0.0,0.0,-48.65196991711391,-2.3946898578326037,177.91763865702083,Before Launch
3023,2025-05-03 22:53:27,154.479,-0.18372704,-1.009,25.898,0.0,0.0,-48.66710215527388,-2.3841185325125887,177.9110903358736,Before Launch
3024,2025-05-03 22:53:27,154.526,0.85629924,-2.639,25.868,0.0,0.0,-48.63001971925958,-2.3890225776462133,177.89795471527793,Before Launch
3025,2025-05-03 22:53:27,154.578,-0.43307088,-0.774,25.896,0.0,0.0,-48.612662465630876,-2.42290130103401,177.8671338650913,Before Launch
3026,2025-05-03 22:53:27,154.628,-0.0656168,0.582,25.896,0.0,0.0,-48.58875340512659,-2.37918999093406,177.84307300229867,Before Launch
3027,2025-05-03 22:53:27,154.673,0.18372704,0.0,25.901,0.0,0.0,-48.56101932033813,-2.41888779141596,177.84326666244849,Before Launch
3028,2025-05-03 22:53:27,154.727,-1.4107612,-0.372,25.901,0.0,0.0,-48.56099971658952,-2.389873354970476,177.8552377616004,Before Launch
3029,2025-05-03 22:53:27,154.779,-0.92191604,-1.152,25.898,0.0,0.0,-48.58905973953704,-2.3341069734261577,177.87446906854623,Before Launch
3030,2025-05-03 22:53:27,154.826,-0.43307088,-0.69,25.886,0.0,0.0,-48.58835174426329,-2.30508660902397,177.88912456456924,Before Launch
3031,2025-05-03 22:53:27,154.879,-0.7939632799999999,0.102,25.903,0.0,0.0,-48.59482093695506,-2.315293914512999,177.90237856313917,Before Launch
3032,2025-05-03 22:53:28,154.929,0.30511812,1.566,25.896,0.0,0.0,-48.63223327112203,-2.3532415654434446,177.90456243473258,Before Launch
3033,2025-05-03 22:53:28,154.975,-0.43307088,0.487,25.896,0.0,0.0,-48.638142448275886,-2.3676682997846563,177.88224242617608,Before Launch
3034,2025-05-03 22:53:28,155.023,0.65288716,1.263,25.888,0.0,0.0,-48.646543199782556,-2.3763581104822755,177.87835226893102,Before Launch
3035,2025-05-03 22:53:28,155.07,-1.0597113200000001,-0.503,25.893,0.0,0.0,-48.66402230106225,-2.3981897720456224,177.87705001342067,Before Launch
3036,2025-05-03 22:53:28,155.124,-1.0597113200000001,-0.212,25.893,0.0,0.0,-48.66390898284965,-2.4762470707441864,177.84623175981767,Before Launch
3037,2025-05-03 22:53:28,155.171,-1.89960636,-0.594,25.903,0.0,0.0,-48.62414014006306,-2.4744069865204676,177.8567582549604,Before Launch
3038,2025-05-03 22:53:28,155.219,-0.92191604,-0.593,25.898,0.0,0.0,-48.60854360976066,-2.4644477902230726,177.87163084209425,Before Launch
3039,2025-05-03 22:53:28,155.268,-1.9094488799999998,-3.463,25.896,0.0,0.0,-48.6173612824128,-2.4463669011367224,177.86714232078933,Before Launch
3040,2025-05-03 22:53:28,155.314,0.16404200000000002,0.363,25.856,0.0,0.0,-48.64061793835793,-2.4279052451903183,177.85988684764507,Before Launch
3041,2025-05-03 22:53:28,155.37,0.04593176,0.281,25.893,0.0,0.0,-48.65719044051646,-2.3957635243076356,177.86678466502812,Before Launch
3042,2025-05-03 22:53:28,155.421,-0.20341208,-0.411,25.893,0.0,0.0,-48.65902605078771,-2.372725688212091,177.85540271946195,Before Launch
3043,2025-05-03 22:53:28,155.473,0.78412076,-0.058,25.893,0.0,0.0,-48.617319219225614,-2.4002339523768352,177.86228384696736,Before Launch
3044,2025-05-03 22:53:28,155.521,-1.28937012,-1.193,25.901,0.0,0.0,-48.59111031845014,-2.435732954773779,177.87473528865542,Before Launch
3045,2025-05-03 22:53:28,155.576,-0.55446196,-2.004,25.898,0.0,0.0,-48.58137733717032,-2.4349749469896143,177.85550581974584,Before Launch
3046,2025-05-03 22:53:28,155.631,-0.7939632799999999,-0.11,25.903,0.0,0.0,-48.551752225658696,-2.4072803357548254,177.84546865625276,Before Launch
3047,2025-05-03 22:53:28,155.681,0.062335959999999996,0.506,25.901,0.0,0.0,-48.56899694246968,-2.418523618105586,177.8420506290396,Before Launch
3048,2025-05-03 22:53:28,155.731,-0.42322836,-0.191,25.896,0.0,0.0,-48.5757604559429,-2.4145771678160717,177.87716016491177,Before Launch
3049,2025-05-03 22:53:28,155.785,-1.28937012,-1.704,25.898,0.0,0.0,-48.56020477953202,-2.3951622898151124,177.88403561087748,Before Launch
3050,2025-05-03 22:53:28,155.834,-0.55446196,-0.097,25.898,0.0,0.0,-48.592068764972865,-2.415232211916457,177.92376644773054,Before Launch
3051,2025-05-03 22:53:29,155.881,-0.18372704,-0.094,25.883,0.0,0.0,-48.587278217157035,-2.371515313927305,177.92982173113623,Before Launch
3052,2025-05-03 22:53:29,155.937,-1.66010504,-1.459,25.891,0.0,0.0,-48.57869221018138,-2.35538698827274,177.94661011117034,Before Launch
3053,2025-05-03 22:53:29,155.993,0.78412076,1.734,25.893,0.0,0.0,-48.57117384054628,-2.340452002499335,177.93270524532372,Before Launch
3054,2025-05-03 22:53:29,156.042,-0.92191604,0.0,25.898,0.0,0.0,-48.57399511554656,-2.345706569450433,177.9398249512535,Before Launch
3055,2025-05-03 22:53:29,156.087,-1.53871396,-0.877,25.883,0.0,0.0,-48.61984705454472,-2.3483185285393082,177.91736572410576,Before Launch
3056,2025-05-03 22:53:29,156.144,0.16404200000000002,0.757,25.866,0.0,0.0,-48.59435169387028,-2.3557849014716696,177.89220752863872,Before Launch
3057,2025-05-03 22:53:29,156.192,0.9022310000000001,0.473,25.901,0.0,0.0,-48.612012020307944,-2.3866477443915226,177.90762378169651,Before Launch
3058,2025-05-03 22:53:29,156.239,0.78412076,0.963,25.893,0.0,0.0,-48.63144987596532,-2.394352042852356,177.8685791605849,Before Launch
3059,2025-05-03 22:53:29,156.295,1.1056430800000001,0.356,25.888,0.0,0.0,-48.638837953225625,-2.4038329517781793,177.881414395676,Before Launch
3060,2025-05-03 22:53:29,156.351,0.04593176,0.863,25.893,0.0,0.0,-48.62948235278955,-2.3745491930599214,177.91762566566373,Before Launch
3061,2025-05-03 22:53:29,156.4,-1.17125988,-0.087,25.898,0.0,0.0,-48.63764212481273,-2.352459724365673,177.9278835366414,Before Launch
3062,2025-05-03 22:53:29,156.447,0.40354332,1.805,25.896,0.0,0.0,-48.64329544278335,-2.370742029996308,177.938638679163,Before Launch
3063,2025-05-03 22:53:29,156.501,-0.45275592000000003,0.366,25.888,0.0,0.0,-48.66235444888932,-2.38384240673004,177.94729256045974,Before Launch
3064,2025-05-03 22:53:29,156.55,0.30511812,1.727,25.896,0.0,0.0,-48.606568678238474,-2.364070347968383,177.9270738398575,Before Launch
3065,2025-05-03 22:53:29,156.596,-0.0656168,-0.179,25.886,0.0,0.0,-48.6416179666948,-2.362989017384734,177.92865259756553,Before Launch
3066,2025-05-03 22:53:29,156.642,-0.69225724,-0.58,25.893,0.0,0.0,-48.58627795249172,-2.3445466763570804,177.957343926066,Before Launch
3067,2025-05-03 22:53:29,156.691,1.02362208,0.966,25.883,0.0,0.0,-48.599758223687346,-2.3390233402900016,177.94694184811843,Before Launch
3068,2025-05-03 22:53:29,156.745,-0.20341208,-0.776,25.896,0.0,0.0,-48.588800480694225,-2.3532302168789414,177.94521064895233,Before Launch
3069,2025-05-03 22:53:29,156.799,0.062335959999999996,1.058,25.901,0.0,0.0,-48.573396654241634,-2.368764286621261,177.95687839828392,Before Launch
3070,2025-05-03 22:53:29,156.848,0.41338584,0.761,25.888,0.0,0.0,-48.554864132571765,-2.345601385354794,177.95855951412082,Before Launch
3071,2025-05-03 22:53:30,156.897,0.16404200000000002,0.757,25.883,0.0,0.0,-48.550742610256734,-2.362651499142317,177.91738756229634,Before Launch
3072,2025-05-03 22:53:30,156.954,0.53477692,0.371,25.891,0.0,0.0,-48.544805717274784,-2.364953342269914,177.91577479144323,Before Launch
3073,2025-05-03 22:53:30,157.001,-0.30511812,0.093,25.891,0.0,0.0,-48.538925018826816,-2.3593602241884364,177.94308441580702,Before Launch
3074,2025-05-03 22:53:30,157.048,1.4107612,2.138,25.896,0.0,0.0,-48.52154018464291,-2.319171002057386,177.93743645808829,Before Launch
3075,2025-05-03 22:53:30,157.095,0.65288716,0.957,25.888,0.0,0.0,-48.517503716689895,-2.3487214878656117,177.923535196889,Before Launch
3076,2025-05-03 22:53:30,157.14,0.53477692,0.571,25.896,0.0,0.0,-48.52396007282839,-2.3308854734571036,177.92231097681014,Before Launch
3077,2025-05-03 22:53:30,157.188,0.78412076,1.954,25.861,0.0,0.0,-48.52698006881726,-2.3594599957343627,177.9467792376046,Before Launch
3078,2025-05-03 22:53:30,157.234,0.16404200000000002,-0.5,25.891,0.0,0.0,-48.496249768547685,-2.3485804538894275,177.93911216933566,Before Launch
3079,2025-05-03 22:53:30,157.282,0.16404200000000002,0.876,25.891,0.0,0.0,-48.526061268800646,-2.3097378224626137,177.94987089382332,Before Launch
3080,2025-05-03 22:53:30,157.33,0.20341208,1.402,25.905,0.0,0.0,-48.544423047705585,-2.310692420488184,177.94091470525282,Before Launch
3081,2025-05-03 22:53:30,157.387,-1.53871396,-1.37,25.898,0.0,0.0,-48.54922949271578,-2.2822000484061764,177.96945800614043,Before Launch
3082,2025-05-03 22:53:30,157.432,-0.30511812,-0.974,25.898,0.0,0.0,-48.551864113796555,-2.266008727657984,177.99984828656974,Before Launch
3083,2025-05-03 22:53:30,157.483,0.30511812,-0.385,25.893,0.0,0.0,-48.59612341152981,-2.2686461655782812,177.99998227791002,Before Launch
3084,2025-05-03 22:53:30,157.536,-0.18372704,-1.039,25.898,0.0,0.0,-48.58603605526091,-2.2613799747602266,177.99495405318487,Before Launch
3085,2025-05-03 22:53:30,157.586,1.02362208,0.792,25.888,0.0,0.0,-48.6107789985842,-2.264933996423594,177.9777126320856,Before Launch
3086,2025-05-03 22:53:30,157.631,0.04593176,0.989,25.898,0.0,0.0,-48.61413753829357,-2.2905164813118817,177.99034799424933,Before Launch
3087,2025-05-03 22:53:30,157.687,0.30511812,-0.079,25.896,0.0,0.0,-48.61211386655326,-2.300063526032024,177.97556771775137,Before Launch
3088,2025-05-03 22:53:30,157.739,2.63451452,2.494,25.856,0.0,0.0,-48.60769800324988,-2.3712176812381456,177.96497032532588,Before Launch
3089,2025-05-03 22:53:30,157.785,0.43307088,0.104,25.901,0.0,0.0,-48.61889634005588,-2.378766398592837,177.96672857427052,Before Launch
3090,2025-05-03 22:53:30,157.84,0.062335959999999996,0.103,25.905,0.0,0.0,-48.63300053625319,-2.385636728106753,177.9524955147041,Before Launch
3091,2025-05-03 22:53:31,157.889,-0.9022310000000001,-0.168,25.888,0.0,0.0,-48.66478769105072,-2.376444256167382,177.96033284936976,Before Launch
3092,2025-05-03 22:53:31,157.934,0.78412076,-0.193,25.893,0.0,0.0,-48.66992953053431,-2.369437556347648,177.91810684836258,Before Launch
3093,2025-05-03 22:53:31,157.99,1.4271654,1.31,25.848,0.0,0.0,-48.62243524946943,-2.317696432160405,177.90100155052346,Before Launch
3094,2025-05-03 22:53:31,158.038,0.5511811200000001,0.395,25.848,0.0,0.0,-48.62764877018639,-2.3519751543963765,177.9467104977691,Before Launch
3095,2025-05-03 22:53:31,158.083,-0.53477692,-0.768,25.903,0.0,0.0,-48.6353088634025,-2.3841835319310056,177.90823251952872,Before Launch
3096,2025-05-03 22:53:31,158.141,0.9383202399999999,0.622,25.905,0.0,0.0,-48.66812913173404,-2.366006564853569,177.90079813839003,Before Launch
3097,2025-05-03 22:53:31,158.19,0.20341208,-0.268,25.905,0.0,0.0,-48.64295521918904,-2.3505161560009595,177.89172052612676,Before Launch
3098,2025-05-03 22:53:31,158.242,0.3116798,0.497,25.898,0.0,0.0,-48.60370106026148,-2.3422864985995204,177.88331704909078,Before Launch
3099,2025-05-03 22:53:31,158.298,1.4370079199999999,0.021,25.911,0.0,0.0,-48.59396365385114,-2.3705401385379585,177.87549486334717,Before Launch
3100,2025-05-03 22:53:31,158.344,1.17125988,0.415,25.901,0.0,0.0,-48.60359854846415,-2.318177094753615,177.91972210882057,Before Launch
3101,2025-05-03 22:53:31,158.394,0.08202100000000001,-0.361,25.901,0.0,0.0,-48.57569073497499,-2.3375242731214603,177.93466717294868,Before Launch
3102,2025-05-03 22:53:31,158.449,0.33136484,-0.359,25.911,0.0,0.0,-48.57318798379717,-2.340723909213179,177.9470446892929,Before Launch
3103,2025-05-03 22:53:31,158.495,-1.02362208,-0.942,25.908,0.0,0.0,-48.60060213909834,-2.3227479114172724,177.97043164306862,Before Launch
3104,2025-05-03 22:53:31,158.543,0.33136484,0.133,25.896,0.0,0.0,-48.57980559645251,-2.3323671472091023,177.9579246713315,Before Launch
3105,2025-05-03 22:53:31,158.598,-0.036089239999999995,-0.189,25.911,0.0,0.0,-48.59223119190536,-2.3178134701026267,177.97585392581482,Before Launch
3106,2025-05-03 22:53:31,158.646,-0.15748032,1.097,25.913,0.0,0.0,-48.58619542991203,-2.341605004962215,177.9671561328568,Before Launch
3107,2025-05-03 22:53:31,158.693,-0.6561680000000001,-0.278,25.903,0.0,0.0,-48.589676356156964,-2.3071471304975426,177.96004124915947,Before Launch
3108,2025-05-03 22:53:31,158.748,-1.38451448,-1.336,25.913,0.0,0.0,-48.60311456410867,-2.3100324796152334,177.96135260156703,Before Launch
3109,2025-05-03 22:53:31,158.795,-1.63057748,-1.149,25.913,0.0,0.0,-48.57684828243931,-2.313723877974573,177.93852203313548,Before Launch
3110,2025-05-03 22:53:31,158.844,0.9481627599999999,-0.06,25.913,0.0,0.0,-48.56403816983057,-2.3495411589669555,177.90541744909822,Before Launch
3111,2025-05-03 22:53:32,158.898,-0.036089239999999995,-0.065,25.911,0.0,0.0,-48.55476192553814,-2.3955071288331404,177.91184757298606,Before Launch
3112,2025-05-03 22:53:32,158.947,-0.6561680000000001,-0.763,25.908,0.0,0.0,-48.56466809124158,-2.403598817538825,177.90191875066864,Before Launch
3113,2025-05-03 22:53:32,158.993,-0.16732284,-2.234,25.911,0.0,0.0,-48.549464429638306,-2.461240691637017,177.89333953231127,Before Launch
3114,2025-05-03 22:53:32,159.053,-0.64632548,-0.851,25.908,0.0,0.0,-48.58393278638297,-2.4409373993483934,177.88947095424888,Before Launch
3115,2025-05-03 22:53:32,159.1,-0.8956693200000001,-0.76,25.916,0.0,0.0,-48.64750466831379,-2.4133483382156973,177.89154281955965,Before Launch
3116,2025-05-03 22:53:32,159.146,-1.14173232,-0.191,25.918,0.0,0.0,-48.66011211091727,-2.4202277992773196,177.89488248663295,Before Launch
3117,2025-05-03 22:53:32,159.205,-0.8759842800000001,-1.306,25.921,0.0,0.0,-48.656072234989004,-2.375791680241276,177.89142608590913,Before Launch
3118,2025-05-03 22:53:32,159.254,0.82021,-0.48,25.908,0.0,0.0,-48.6095202469424,-2.3754095587137454,177.8954678071781,Before Launch
3119,2025-05-03 22:53:32,159.3,-1.12532812,-1.328,25.911,0.0,0.0,-48.596331316047326,-2.384694027396744,177.9168016963348,Before Launch
3120,2025-05-03 22:53:32,159.356,-0.77427824,-0.188,25.911,0.0,0.0,-48.64830653466933,-2.3395230625492958,177.9363092787401,Before Launch
3121,2025-05-03 22:53:32,159.405,-0.01968504,-0.758,25.918,0.0,0.0,-48.64507828816114,-2.33033288460603,177.9626301422419,Before Launch
3122,2025-05-03 22:53:32,159.452,1.8044620000000002,1.269,25.908,0.0,0.0,-48.67022202636165,-2.390555850023192,177.92137162361604,Before Launch
3123,2025-05-03 22:53:32,159.509,-1.1154856,-1.126,25.926,0.0,0.0,-48.65243636629252,-2.411750712401934,177.89285906720644,Before Launch
3124,2025-05-03 22:53:32,159.554,1.64042,0.162,25.891,0.0,0.0,-48.71870714228959,-2.4037070577142248,177.93621040594866,Before Launch
3125,2025-05-03 22:53:32,159.602,0.83005252,-0.271,25.916,0.0,0.0,-48.7765418963491,-2.4405558646978682,177.90228550786082,Before Launch
3126,2025-05-03 22:53:32,159.66,0.45931760000000005,0.298,25.908,0.0,0.0,-48.77245433580279,-2.355930561736186,177.87999100832383,Before Launch
3127,2025-05-03 22:53:32,159.716,-0.01968504,-0.277,25.918,0.0,0.0,-48.76319593263818,-2.3633804101740674,177.90298615389312,Before Launch
3128,2025-05-03 22:53:32,159.774,-1.01377956,0.008,25.918,0.0,0.0,-48.805749509650184,-2.343864176994191,177.92676917057327,Before Launch
3129,2025-05-03 22:53:32,159.82,2.61811032,1.791,25.905,0.0,0.0,-48.829778053324404,-2.450480536509946,177.88893104567975,Before Launch
3130,2025-05-03 22:53:32,159.87,-0.48884516,-0.356,25.923,0.0,0.0,-48.83335591204388,-2.4486044599818966,177.8225604457486,Before Launch
3131,2025-05-03 22:53:33,159.926,-0.13779528000000002,0.015,25.921,0.0,0.0,-48.71223066831242,-2.4483087746738987,177.8153698476301,Before Launch
3132,2025-05-03 22:53:33,159.974,-0.8759842800000001,-0.172,25.921,0.0,0.0,-48.6237599016135,-2.4714950964466347,177.79650068874645,Before Launch
3133,2025-05-03 22:53:33,160.022,-0.13779528000000002,0.979,25.921,0.0,0.0,-48.52774834712367,-2.480923117086511,177.78921046810078,Before Launch
3134,2025-05-03 22:53:33,160.077,-0.27559056000000004,1.057,25.916,0.0,0.0,-48.51487844641765,-2.460049469419491,177.80443742694789,Before Launch
3135,2025-05-03 22:53:33,160.126,-0.12139108,-0.834,25.928,0.0,0.0,-48.58681205131344,-2.4555335885993403,177.81214861441006,Before Launch
3136,2025-05-03 22:53:33,160.178,0.35761156,0.308,25.918,0.0,0.0,-48.650562809550564,-2.3972681884694107,177.8117968354995,Before Launch
3137,2025-05-03 22:53:33,160.235,0.47900264,0.881,25.913,0.0,0.0,-48.70210501494388,-2.4139988531085246,177.81568546724444,Before Launch
3138,2025-05-03 22:53:33,160.284,-0.27559056000000004,-0.084,25.923,0.0,0.0,-48.68552323708861,-2.42126551632104,177.86219692631516,Before Launch
3139,2025-05-03 22:53:33,160.335,0.24934383999999998,0.699,25.928,0.0,0.0,-48.69042103865046,-2.408693212887984,177.85512617241017,Before Launch
3140,2025-05-03 22:53:33,160.384,-1.61417328,-0.56,25.926,0.0,0.0,-48.67054964914954,-2.4179271890173646,177.87220825074263,Before Launch
3141,2025-05-03 22:53:33,160.439,-0.37729660000000004,0.591,25.926,0.0,0.0,-48.62737927887464,-2.4323887820515866,177.88831448146917,Before Launch
3142,2025-05-03 22:53:33,160.489,-0.12139108,0.588,25.928,0.0,0.0,-48.63455946392083,-2.4087464544298123,177.91665602767884,Before Launch
3143,2025-05-03 22:53:33,160.535,0.12795276,-0.54,25.926,0.0,0.0,-48.59349563123876,-2.38433244685587,177.937304501506,Before Launch
3144,2025-05-03 22:53:33,160.591,-0.85629924,0.208,25.928,0.0,0.0,-48.591944508147805,-2.3560730675124577,177.9584549911653,Before Launch
3145,2025-05-03 22:53:33,160.648,0.47900264,0.97,25.923,0.0,0.0,-48.6392259856631,-2.321734379710104,177.991490347148,Before Launch
3146,2025-05-03 22:53:33,160.698,-0.37729660000000004,-0.277,25.926,0.0,0.0,-48.644303457839605,-2.28370097227747,178.0436180240635,Before Launch
3147,2025-05-03 22:53:33,160.743,-1.3648294399999998,-2.455,25.923,0.0,0.0,-48.63620281398205,-2.2475597011612054,178.0564340597137,Before Launch
3148,2025-05-03 22:53:33,160.798,0.47900264,1.237,25.921,0.0,0.0,-48.59306683629865,-2.2686449789606074,178.05045814364053,Before Launch
3149,2025-05-03 22:53:33,160.845,-0.23950132,-1.456,25.93,0.0,0.0,-48.64131653055159,-2.213146744136198,178.03512461600874,Before Launch
3150,2025-05-03 22:53:34,160.892,-0.62664044,-1.129,25.916,0.0,0.0,-48.630370121756755,-2.2977242309200157,178.01547664431524,Before Launch
3151,2025-05-03 22:53:34,160.947,-1.1154856,-1.224,25.93,0.0,0.0,-48.66441737410301,-2.338643719694803,177.97567688189565,Before Launch
3152,2025-05-03 22:53:34,160.995,0.10826772,0.1,25.933,0.0,0.0,-48.72416311637185,-2.3940785447212933,177.92764678031526,Before Launch
3153,2025-05-03 22:53:34,161.042,0.35761156,1.082,25.926,0.0,0.0,-48.676575792962375,-2.443830175590011,177.85457285445386,Before Launch
3154,2025-05-03 22:53:34,161.099,-0.12139108,-2.142,25.923,0.0,0.0,-48.66493952720584,-2.4677740276973927,177.82434680807037,Before Launch
3155,2025-05-03 22:53:34,161.154,0.86614176,1.055,25.873,0.0,0.0,-48.6763408007728,-2.445652274872922,177.81051882734158,Before Launch
3156,2025-05-03 22:53:34,161.202,0.47900264,0.483,25.923,0.0,0.0,-48.69269413107237,-2.410500032860273,177.8129700463722,Before Launch
3157,2025-05-03 22:53:34,161.251,-0.11154856,0.599,25.93,0.0,0.0,-48.66511929408636,-2.418364920382599,177.8374936820193,Before Launch
3158,2025-05-03 22:53:34,161.305,-0.12139108,0.013,25.928,0.0,0.0,-48.66262203322694,-2.4115032612439062,177.85515329481134,Before Launch
3159,2025-05-03 22:53:34,161.353,-0.3608924,-0.067,25.933,0.0,0.0,-48.649511741795116,-2.351723089603978,177.90720868595815,Before Launch
3160,2025-05-03 22:53:34,161.407,0.25590552,0.295,25.936,0.0,0.0,-48.66712987831398,-2.293362441527321,177.94548729052858,Before Launch
3161,2025-05-03 22:53:34,161.454,1.8897638399999999,1.201,25.933,0.0,0.0,-48.67336494534078,-2.33478001850197,177.9777179933549,Before Launch
3162,2025-05-03 22:53:34,161.511,-0.23950132,-0.563,25.926,0.0,0.0,-48.67214327493251,-2.3325078305906684,177.97232002732304,Before Launch
3163,2025-05-03 22:53:34,161.566,-0.11154856,0.128,25.936,0.0,0.0,-48.688059975293754,-2.3923811160758985,177.96791838981142,Before Launch
3164,2025-05-03 22:53:34,161.614,-0.3608924,-0.477,25.933,0.0,0.0,-48.691180416859694,-2.4442211485511143,177.87317390247577,Before Launch
3165,2025-05-03 22:53:34,161.666,-0.72834648,0.691,25.868,0.0,0.0,-48.7144038877184,-2.478379157791717,177.8804427148714,Before Launch
3166,2025-05-03 22:53:34,161.715,-0.72834648,-0.275,25.94,0.0,0.0,-48.69758573513845,-2.4839307285813446,177.85036856179997,Before Launch
3167,2025-05-03 22:53:34,161.769,1.8897638399999999,1.571,25.893,0.0,0.0,-48.707982655354876,-2.4759853968904713,177.82725671500745,Before Launch
3168,2025-05-03 22:53:34,161.817,-1.81758536,-1.518,25.94,0.0,0.0,-48.706866258059364,-2.4064742168345106,177.86419881267594,Before Launch
3169,2025-05-03 22:53:34,161.866,-0.5905511999999999,0.208,25.938,0.0,0.0,-48.66600755897628,-2.3790624794482205,177.8939493114171,Before Launch
3170,2025-05-03 22:53:35,161.921,-0.46259843999999994,-0.74,25.943,0.0,0.0,-48.653530140765746,-2.3668173439612086,177.90466170972974,Before Launch
3171,2025-05-03 22:53:35,161.968,-1.06955384,-0.545,25.943,0.0,0.0,-48.636214543959916,-2.3466149709910487,177.91651042437567,Before Launch
3172,2025-05-03 22:53:35,162.017,0.39698163999999997,1.383,25.94,0.0,0.0,-48.61921751487875,-2.3112272142669936,177.91793223360796,Before Launch
3173,2025-05-03 22:53:35,162.074,-0.95800528,-1.126,25.938,0.0,0.0,-48.610855955136415,-2.3022433972798715,177.9540682377995,Before Launch
3174,2025-05-03 22:53:35,162.123,0.37729660000000004,0.483,25.933,0.0,0.0,-48.6242844871051,-2.28302523916514,177.98001482513305,Before Launch
3175,2025-05-03 22:53:35,162.169,0.25590552,0.691,25.938,0.0,0.0,-48.619865710277764,-2.256854399143509,178.00399026840074,Before Launch
3176,2025-05-03 22:53:35,162.224,-1.1975065999999999,-0.064,25.943,0.0,0.0,-48.649646271669106,-2.219412954760339,178.03011084575286,Before Launch
3177,2025-05-03 22:53:35,162.27,-0.22309712,-0.26,25.933,0.0,0.0,-48.63835199634409,-2.2299230634149003,178.02122206125873,Before Launch
3178,2025-05-03 22:53:35,162.315,1.5583989999999999,0.943,25.936,0.0,0.0,-48.62324854938852,-2.2445265592601324,178.01139914508835,Before Launch
3179,2025-05-03 22:53:35,162.37,2.00787408,1.675,25.891,0.0,0.0,-48.61718977033265,-2.254612083486928,177.99426280724396,Before Launch
3180,2025-05-03 22:53:35,162.421,2.12926516,0.997,25.888,0.0,0.0,-48.55546736100327,-2.268986759305232,177.9757448401588,Before Launch
3181,2025-05-03 22:53:35,162.469,-0.3608924,-0.663,25.933,0.0,0.0,-48.54888964725552,-2.279790080272643,177.98615727202207,Before Launch
3182,2025-05-03 22:53:35,162.522,1.5583989999999999,1.314,25.908,0.0,0.0,-48.54418576752494,-2.268569119305308,177.9723287689726,Before Launch
3183,2025-05-03 22:53:35,162.569,-0.71194228,-0.467,25.94,0.0,0.0,-48.5625672770095,-2.30932298758555,177.95947422258348,Before Launch
3184,2025-05-03 22:53:35,162.619,0.62664044,0.78,25.933,0.0,0.0,-48.5812255871132,-2.3467130789541875,177.9379356214541,Before Launch
3185,2025-05-03 22:53:35,162.674,0.51509188,0.205,25.933,0.0,0.0,-48.57573916049658,-2.349754449360156,177.91452403421513,Before Launch
3186,2025-05-03 22:53:35,162.722,-0.11154856,-1.578,25.938,0.0,0.0,-48.577773871302675,-2.363752806965115,177.88114666728325,Before Launch
3187,2025-05-03 22:53:35,162.769,-0.95800528,-0.571,25.938,0.0,0.0,-48.598998464306554,-2.3907247042323596,177.86383561606274,Before Launch
3188,2025-05-03 22:53:35,162.823,1.53871396,1.313,25.901,0.0,0.0,-48.59118007226036,-2.3995302494074764,177.88617218380577,Before Launch
3189,2025-05-03 22:53:35,162.88,-0.47900264,-0.093,25.94,0.0,0.0,-48.59845382145805,-2.339090877967806,177.90084489108276,Before Launch
3190,2025-05-03 22:53:36,162.929,-1.1975065999999999,-0.371,25.943,0.0,0.0,-48.58936269025564,-2.3509901421246115,177.91868917600982,Before Launch
3191,2025-05-03 22:53:36,162.973,-0.34120735999999996,0.308,25.94,0.0,0.0,-48.59301285910939,-2.356786786777924,177.91328845321507,Before Launch
3192,2025-05-03 22:53:36,163.019,0.8825459600000001,-0.806,25.938,0.0,0.0,-48.59272607714413,-2.40793892273788,177.895109113186,Before Launch
3193,2025-05-03 22:53:36,163.065,-0.71194228,0.886,25.94,0.0,0.0,-48.60969770302277,-2.4130015572935464,177.87734238696234,Before Launch
3194,2025-05-03 22:53:36,163.118,-0.46259843999999994,0.102,25.938,0.0,0.0,-48.58643003011447,-2.4230558591245774,177.88274829385898,Before Launch
3195,2025-05-03 22:53:36,163.173,-0.34120735999999996,0.097,25.94,0.0,0.0,-48.57250939444755,-2.3759114248677062,177.87581262607688,Before Launch
3196,2025-05-03 22:53:36,163.223,0.15748032,0.978,25.943,0.0,0.0,-48.5872643838348,-2.3882392827247614,177.84988470451592,Before Launch
3197,2025-05-03 22:53:36,163.27,-1.44685044,-1.472,25.93,0.0,0.0,-48.60096134807982,-2.387272801250368,177.86139017554828,Before Launch
3198,2025-05-03 22:53:36,163.324,-1.4370079199999999,-0.383,25.948,0.0,0.0,-48.58185507407198,-2.39454204967235,177.87370874298082,Before Launch
3199,2025-05-03 22:53:36,163.373,-0.46259843999999994,-0.672,25.943,0.0,0.0,-48.56881192914421,-2.394332223093786,177.910609837021,Before Launch
3200,2025-05-03 22:53:36,163.422,-1.07939636,-1.066,25.94,0.0,0.0,-48.56882476741572,-2.3584315291437803,177.91787876902401,Before Launch
3201,2025-05-03 22:53:36,163.476,-0.70209976,0.396,25.948,0.0,0.0,-48.60417532010478,-2.3519891261624792,177.91932910423267,Before Launch
3202,2025-05-03 22:53:36,163.532,0.02624672,0.198,25.95,0.0,0.0,-48.55976143891562,-2.32053171420136,177.9314896553739,Before Launch
3203,2025-05-03 22:53:36,163.58,2.05380584,0.392,25.943,0.0,0.0,-48.58085983977089,-2.3403969344081443,177.94356949044396,Before Launch
3204,2025-05-03 22:53:36,163.627,0.51509188,-1.188,25.938,0.0,0.0,-48.57116637474389,-2.341896053213114,177.94681944755982,Before Launch
3205,2025-05-03 22:53:36,163.681,-0.4429134,-2.041,25.943,0.0,0.0,-48.590861398838136,-2.327446905403472,177.96107628471424,Before Launch
3206,2025-05-03 22:53:36,163.728,0.02624672,0.307,25.943,0.0,0.0,-48.624012571942785,-2.3707908007068155,177.93067369923088,Before Launch
3207,2025-05-03 22:53:36,163.775,1.38123364,-0.141,25.938,0.0,0.0,-48.650910219009624,-2.3433817491375257,177.90896311968692,Before Launch
3208,2025-05-03 22:53:36,163.83,1.01377956,1.369,25.943,0.0,0.0,-48.6492871101539,-2.3287718076106776,177.920321048127,Before Launch
3209,2025-05-03 22:53:36,163.876,1.63057748,0.799,25.946,0.0,0.0,-48.60561722516288,-2.282671630137109,177.93756291731978,Before Launch
3210,2025-05-03 22:53:37,163.925,0.5249344,0.008,25.955,0.0,0.0,-48.60829427368161,-2.2725317452829983,177.94861533864164,Before Launch
3211,2025-05-03 22:53:37,163.97,-0.4429134,-0.266,25.95,0.0,0.0,-48.6192923356269,-2.2588734552525693,177.9896546389174,Before Launch
3212,2025-05-03 22:53:37,164.016,-0.33136484,0.503,25.953,0.0,0.0,-48.61152509481061,-2.2770629490136893,177.98590489333446,Before Launch
3213,2025-05-03 22:53:37,164.071,0.05577428,-1.188,25.955,0.0,0.0,-48.62234431319908,-2.2771371337074386,177.98509284331138,Before Launch
3214,2025-05-03 22:53:37,164.119,-0.31496064,0.132,25.955,0.0,0.0,-48.62660143985652,-2.2894852244589816,177.99857844201853,Before Launch
3215,2025-05-03 22:53:37,164.165,-0.31496064,0.714,25.955,0.0,0.0,-48.64011026214686,-2.295264731535988,177.99187871765244,Before Launch
3216,2025-05-03 22:53:37,164.211,-1.42060372,-0.872,25.953,0.0,0.0,-48.63502025697439,-2.302766910718468,177.99275455212438,Before Launch
3217,2025-05-03 22:53:37,164.257,-0.07545932,-0.774,25.95,0.0,0.0,-48.62548184795557,-2.332688947623614,177.978546926709,Before Launch
3218,2025-05-03 22:53:37,164.314,-1.2992126400000001,-0.47,25.953,0.0,0.0,-48.63060668329437,-2.3102120441985483,177.96624336535888,Before Launch
3219,2025-05-03 22:53:37,164.369,0.6430446400000001,0.884,25.955,0.0,0.0,-48.62163263359474,-2.3115489537604126,177.9598293011293,Before Launch
3220,2025-05-03 22:53:37,164.416,0.17388452,0.414,25.953,0.0,0.0,-48.65316031839229,-2.3431691146732487,177.95353355078643,Before Launch
3221,2025-05-03 22:53:37,164.462,1.9356955999999998,1.435,25.916,0.0,0.0,-48.645470415351554,-2.356181860687551,177.92660848984764,Before Launch
3222,2025-05-03 22:53:37,164.517,-1.17125988,0.221,25.958,0.0,0.0,-48.66014546456405,-2.3584946022504445,177.90338001082455,Before Launch
3223,2025-05-03 22:53:37,164.572,0.19356956,1.307,25.96,0.0,0.0,-48.633815207547514,-2.363228478984428,177.90386316044044,Before Launch
3224,2025-05-03 22:53:37,164.618,-0.66601052,-0.163,25.963,0.0,0.0,-48.62616212700288,-2.366434868883997,177.88853609409438,Before Launch
3225,2025-05-03 22:53:37,164.675,1.1154856,1.752,25.955,0.0,0.0,-48.63190730973871,-2.401358248850615,177.88785533349983,Before Launch
3226,2025-05-03 22:53:37,164.723,-0.56430448,0.111,25.958,0.0,0.0,-48.62338889580997,-2.3820388070079583,177.92182419882573,Before Launch
3227,2025-05-03 22:53:37,164.771,-0.9120735200000001,-0.757,25.96,0.0,0.0,-48.58967930648423,-2.376750798800487,177.93314813283283,Before Launch
3228,2025-05-03 22:53:37,164.826,-0.43307088,-1.996,25.958,0.0,0.0,-48.61806492601647,-2.3892273192595614,177.94034603856008,Before Launch
3229,2025-05-03 22:53:37,164.874,0.17388452,-0.274,25.96,0.0,0.0,-48.64642059815604,-2.3996908636833574,177.9276381158335,Before Launch
3230,2025-05-03 22:53:38,164.92,0.05577428,0.402,25.958,0.0,0.0,-48.625462507240826,-2.392116976052746,177.91972520149434,Before Launch
3231,2025-05-03 22:53:38,164.975,-0.5905511999999999,-0.495,25.938,0.0,0.0,-48.6258790270722,-2.3881662570578905,177.91973611716367,Before Launch
3232,2025-05-03 22:53:38,165.022,-1.27296592,-2.128,25.968,0.0,0.0,-48.59949684113663,-2.354144098289468,177.92455947741283,Before Launch
3233,2025-05-03 22:53:38,165.072,-1.7716536,-2.243,25.965,0.0,0.0,-48.58596503822783,-2.357252470319286,177.93214889056864,Before Launch
3234,2025-05-03 22:53:38,165.126,-2.6279528400000003,-3.407,25.965,0.0,0.0,-48.59883419122974,-2.375873779947342,177.93100593725893,Before Launch
3235,2025-05-03 22:53:38,165.173,-1.8897638399999999,-1.935,25.965,0.0,0.0,-48.60928384630078,-2.3899998496513484,177.88955945382293,Before Launch
3236,2025-05-03 22:53:38,165.223,-1.7716536,-1.06,25.953,0.0,0.0,-48.58217624363333,-2.3919914647390406,177.8983822745561,Before Launch
3237,2025-05-03 22:53:38,165.28,1.46325464,1.42,25.926,0.0,0.0,-48.56862952463002,-2.4128233888453003,177.88441014169612,Before Launch
3238,2025-05-03 22:53:38,165.329,-0.9120735200000001,-0.769,25.963,0.0,0.0,-48.5786118627563,-2.4035855034939293,177.90476904555604,Before Launch
3239,2025-05-03 22:53:38,165.375,-1.0334646,-0.572,25.965,0.0,0.0,-48.58939089721254,-2.3432256309017814,177.91792397627367,Before Launch
3240,2025-05-03 22:53:38,165.432,-1.1515748399999999,-0.66,25.965,0.0,0.0,-48.59228868165589,-2.335482523947947,177.92070268668425,Before Launch
3241,2025-05-03 22:53:38,165.488,-0.9055118400000001,0.403,25.968,0.0,0.0,-48.565507534774625,-2.3405369536433747,177.9267084145449,Before Launch
3242,2025-05-03 22:53:38,165.535,-1.28280844,-0.945,25.963,0.0,0.0,-48.606192486655786,-2.322542989453135,177.96284912659303,Before Launch
3243,2025-05-03 22:53:38,165.581,0.19356956,1.178,25.953,0.0,0.0,-48.57887673152151,-2.3277007563619496,177.93637736619286,Before Launch
3244,2025-05-03 22:53:38,165.636,-0.53477692,-0.93,25.968,0.0,0.0,-48.57907549420352,-2.322537489958103,177.95059717488002,Before Launch
3245,2025-05-03 22:53:38,165.683,-1.64042,-1.432,25.963,0.0,0.0,-48.572455558828864,-2.352321257428961,177.9335818103394,Before Launch
3246,2025-05-03 22:53:38,165.729,-1.1515748399999999,-2.437,25.965,0.0,0.0,-48.6013255391441,-2.3768161792235967,177.90185154798263,Before Launch
3247,2025-05-03 22:53:38,165.781,-0.9055118400000001,0.21,25.965,0.0,0.0,-48.62464771875423,-2.416193497888856,177.91783719659585,Before Launch
3248,2025-05-03 22:53:38,165.828,0.07217847999999999,-0.097,25.965,0.0,0.0,-48.63982975833131,-2.4170942115941316,177.87535077206795,Before Launch
3249,2025-05-03 22:53:38,165.874,0.07217847999999999,0.588,25.963,0.0,0.0,-48.6244015723445,-2.4179614115829122,177.88816382870195,Before Launch
3250,2025-05-03 22:53:39,165.924,-0.16732284,-1.027,25.968,0.0,0.0,-48.63156689612628,-2.375755951233791,177.91829108762505,Before Launch
3251,2025-05-03 22:53:39,165.971,-0.04593176,0.415,25.958,0.0,0.0,-48.63125708010974,-2.3274254858105627,177.9500245906755,Before Launch
3252,2025-05-03 22:53:39,166.027,0.05577428,0.771,25.968,0.0,0.0,-48.615700041537195,-2.321145643712673,177.9314887593324,Before Launch
3253,2025-05-03 22:53:39,166.074,0.20341208,0.51,25.968,0.0,0.0,-48.62255855229195,-2.3069282609202597,177.94221407017804,Before Launch
3254,2025-05-03 22:53:39,166.121,-1.01377956,-0.952,25.958,0.0,0.0,-48.634833015272214,-2.31255542142901,177.938832809749,Before Launch
3255,2025-05-03 22:53:39,166.177,-1.38451448,-1.146,25.97,0.0,0.0,-48.544867043844725,-2.152407818027099,178.05522584120484,Before Launch
3256,2025-05-03 22:53:39,166.233,-0.9055118400000001,-0.25,25.973,0.0,0.0,-48.543422330124606,-2.147082654735226,178.07066255457238,Before Launch
3257,2025-05-03 22:53:39,166.283,0.32152232000000003,1.264,25.96,0.0,0.0,-48.57956581854873,-2.149075172356746,178.11833953638745,Before Launch
3258,2025-05-03 22:53:39,166.329,-0.2788714,1.188,25.968,0.0,0.0,-48.58735620370046,-2.161486360815503,178.08594166773588,Before Launch
3259,2025-05-03 22:53:39,166.387,1.58464572,3.341,25.923,0.0,0.0,-48.59269651268341,-2.1689005180181695,178.09743097200288,Before Launch
3260,2025-05-03 22:53:39,166.438,-0.029527559999999998,1.471,25.973,0.0,0.0,-48.58520323558349,-2.1815522714417117,178.06839329293553,Before Launch
3261,2025-05-03 22:53:39,166.483,1.32545936,2.458,25.975,0.0,0.0,-48.62202954007395,-2.1954878630032386,178.0305474818917,Before Launch
3262,2025-05-03 22:53:39,166.538,-0.53477692,-1.588,25.968,0.0,0.0,-48.61025105162715,-2.2368585861567536,178.00941812503964,Before Launch
3263,2025-05-03 22:53:39,166.585,-0.04593176,0.69,25.965,0.0,0.0,-48.59051754999987,-2.32251024789805,177.9581114175337,Before Launch
3264,2025-05-03 22:53:39,166.631,0.09186352,0.896,25.97,0.0,0.0,-48.544427180331205,-2.388586061606713,177.90166432179433,Before Launch
3265,2025-05-03 22:53:39,166.678,0.34120735999999996,1.198,25.97,0.0,0.0,-48.5876305294858,-2.4466567685239835,177.83535077322136,Before Launch
3266,2025-05-03 22:53:39,166.726,0.20341208,0.896,25.968,0.0,0.0,-48.6145112252317,-2.46125192878901,177.82679641614433,Before Launch
3267,2025-05-03 22:53:39,166.782,1.9520997999999998,2.594,25.923,0.0,0.0,-48.624903278341975,-2.4249981207078144,177.83046406960935,Before Launch
3268,2025-05-03 22:53:39,166.83,1.46325464,1.017,25.926,0.0,0.0,-48.63643962580851,-2.4149341622508973,177.87276861154064,Before Launch
3269,2025-05-03 22:53:39,166.875,-0.029527559999999998,0.408,25.978,0.0,0.0,-48.658766439544195,-2.3732138045285733,177.88714220091924,Before Launch
3270,2025-05-03 22:53:40,166.932,1.1975065999999999,2.272,25.968,0.0,0.0,-48.66837161918457,-2.348596651577453,177.90055319361988,Before Launch
3271,2025-05-03 22:53:40,166.986,0.95800528,1.678,25.97,0.0,0.0,-48.65428614606236,-2.3761649339407565,177.90431061428032,Before Launch
3272,2025-05-03 22:53:40,167.043,0.10170604,0.798,25.978,0.0,0.0,-48.627731167602285,-2.37297486911381,177.9218935907911,Before Launch
3273,2025-05-03 22:53:40,167.093,-0.029527559999999998,-0.08,25.973,0.0,0.0,-48.68024733044381,-2.349654280261285,177.94579066055135,Before Launch
3274,2025-05-03 22:53:40,167.139,2.20144364,1.683,25.926,0.0,0.0,-48.68881001202843,-2.364939849148853,177.96723326014956,Before Launch
3275,2025-05-03 22:53:40,167.193,1.62073496,1.409,25.975,0.0,0.0,-48.66832678300971,-2.3481791426742666,177.99660218353048,Before Launch
3276,2025-05-03 22:53:40,167.241,-0.029527559999999998,0.013,25.973,0.0,0.0,-48.65955818727661,-2.2973469847034442,178.0028368225701,Before Launch
3277,2025-05-03 22:53:40,167.29,4.1174542,3.216,25.908,0.0,0.0,-48.623594787757554,-2.2624760770896875,178.0593087450549,Before Launch
3278,2025-05-03 22:53:40,167.344,-0.51837272,-0.568,25.975,0.0,0.0,-48.599483147064156,-2.2164236655411154,178.11264837940013,Before Launch
3279,2025-05-03 22:53:40,167.392,0.21981628,0.971,25.975,0.0,0.0,-48.63165434350498,-2.181975104620484,178.10347249506447,Before Launch
3280,2025-05-03 22:53:40,167.438,1.38123364,2.193,25.978,0.0,0.0,-48.65240603139704,-2.2117489118596505,178.03559242075866,Before Launch
3281,2025-05-03 22:53:40,167.493,0.21981628,0.893,25.975,0.0,0.0,-48.65811361796564,-2.220995027134024,178.00201128562935,Before Launch
3282,2025-05-03 22:53:40,167.549,-0.029527559999999998,-0.277,25.973,0.0,0.0,-48.67253924208602,-2.2638207510779282,177.97413202568595,Before Launch
3283,2025-05-03 22:53:40,167.599,-0.63648296,-0.282,25.975,0.0,0.0,-48.68158471568122,-2.3041730026614378,177.9469619048841,Before Launch
3284,2025-05-03 22:53:40,167.651,-0.029527559999999998,-1.277,25.973,0.0,0.0,-48.71455682588909,-2.3169268644163616,177.9572483852849,Before Launch
3285,2025-05-03 22:53:40,167.707,-0.26902888,-0.189,25.975,0.0,0.0,-48.704438476287486,-2.3291015812730564,177.95618984187325,Before Launch
3286,2025-05-03 22:53:40,167.764,0.10170604,-0.955,25.978,0.0,0.0,-48.694077499635306,-2.337797269964073,177.96493543982268,Before Launch
3287,2025-05-03 22:53:40,167.818,-0.38713912,0.115,25.98,0.0,0.0,-48.68855872546253,-2.351217654776077,177.94761476578583,Before Launch
3288,2025-05-03 22:53:40,167.872,0.46916011999999996,0.4,25.978,0.0,0.0,-48.638169414256915,-2.353217865643423,177.93754512254282,Before Launch
3289,2025-05-03 22:53:41,167.917,0.46916011999999996,0.293,25.978,0.0,0.0,-48.63961760204403,-2.349359547954885,177.93055577049532,Before Launch
3290,2025-05-03 22:53:41,167.971,-0.63648296,-0.756,25.98,0.0,0.0,-48.60784535167815,-2.3671773888671876,177.94057583366455,Before Launch
3291,2025-05-03 22:53:41,168.019,0.5905511999999999,0.299,25.975,0.0,0.0,-48.587226438712435,-2.3939899804307423,177.92129827073614,Before Launch
3292,2025-05-03 22:53:41,168.065,-0.01968504,-1.537,25.98,0.0,0.0,-48.592537677104666,-2.3868360081776907,177.90472075763793,Before Launch
3293,2025-05-03 22:53:41,168.113,0.97769032,-0.378,25.983,0.0,0.0,-48.55626458838367,-2.4055221882808127,177.86723210250895,Before Launch
3294,2025-05-03 22:53:41,168.159,0.45931760000000005,0.381,25.978,0.0,0.0,-48.55776812176644,-2.4172554536699358,177.8277387920819,Before Launch
3295,2025-05-03 22:53:41,168.214,-0.24934383999999998,-1.129,25.985,0.0,0.0,-48.58029014489201,-2.4408090700918392,177.83460372364885,Before Launch
3296,2025-05-03 22:53:41,168.266,-0.86614176,-1.425,25.983,0.0,0.0,-48.5878887067364,-2.4677560097896376,177.8419612949618,Before Launch
3297,2025-05-03 22:53:41,168.317,1.3451444,0.976,25.983,0.0,0.0,-48.540740998753336,-2.4368879965998373,177.84974088892224,Before Launch
3298,2025-05-03 22:53:41,168.365,-0.61679792,-0.462,25.98,0.0,0.0,-48.568038415441535,-2.384022064598318,177.8651383257291,Before Launch
3299,2025-05-03 22:53:41,168.423,-0.37073492,-2.003,25.983,0.0,0.0,-48.59184760517101,-2.3510839503801737,177.8882070157507,Before Launch
3300,2025-05-03 22:53:41,168.479,0.11811023999999999,-1.168,25.985,0.0,0.0,-48.600621619116815,-2.291214696954138,177.93384633303964,Before Launch
3301,2025-05-03 22:53:41,168.525,1.45669296,1.157,25.98,0.0,0.0,-48.624455082458994,-2.2573531505022517,177.9546474278922,Before Launch
3302,2025-05-03 22:53:41,168.576,-0.26902888,-3.411,25.978,0.0,0.0,-48.60076783084821,-2.268769842138281,177.96253861456285,Before Launch
3303,2025-05-03 22:53:41,168.629,-0.63648296,-0.092,25.978,0.0,0.0,-48.603387436076524,-2.299942289670515,177.93853171484994,Before Launch
3304,2025-05-03 22:53:41,168.685,-0.63648296,-0.662,25.978,0.0,0.0,-48.566800094735655,-2.3413368721344545,177.92045955644554,Before Launch
3305,2025-05-03 22:53:41,168.734,-0.86614176,-1.734,25.983,0.0,0.0,-48.59214424657064,-2.3902784212568595,177.89898629098502,Before Launch
3306,2025-05-03 22:53:41,168.78,1.3451444,0.874,25.98,0.0,0.0,-48.60292874766005,-2.384158330387981,177.8890085170937,Before Launch
3307,2025-05-03 22:53:41,168.837,0.23950132,0.209,25.983,0.0,0.0,-48.629542657165295,-2.3728293704954138,177.87945508286975,Before Launch
3308,2025-05-03 22:53:41,168.883,0.48884516,0.876,25.985,0.0,0.0,-48.64267874117842,-2.399395150914626,177.9003756716052,Before Launch
3309,2025-05-03 22:53:42,168.928,1.3451444,1.076,25.985,0.0,0.0,-48.66271045703978,-2.410795211952426,177.8872022012009,Before Launch
3310,2025-05-03 22:53:42,168.981,0.10170604,0.291,25.978,0.0,0.0,-48.65550769668387,-2.378383537836159,177.90932540323774,Before Launch
3311,2025-05-03 22:53:42,169.03,1.62073496,1.2,25.98,0.0,0.0,-48.6082751887154,-2.4090788035969837,177.91617971726615,Before Launch
3312,2025-05-03 22:53:42,169.082,-0.24934383999999998,0.109,25.985,0.0,0.0,-48.61385202503044,-2.389533407900305,177.93598532562393,Before Launch
3313,2025-05-03 22:53:42,169.136,0.34776904,-0.096,25.98,0.0,0.0,-48.60591759540273,-2.394602777728424,177.93412702399777,Before Launch
3314,2025-05-03 22:53:42,169.184,1.3451444,0.691,25.975,0.0,0.0,-48.609004111093405,-2.3619309942240965,177.95712784888332,Before Launch
3315,2025-05-03 22:53:42,169.231,0.11811023999999999,0.599,25.985,0.0,0.0,-48.652755757562474,-2.3568748681626635,177.90720082100609,Before Launch
3316,2025-05-03 22:53:42,169.287,0.73490816,0.114,25.988,0.0,0.0,-48.64406202023374,-2.335779750415577,177.94789099353235,Before Launch
3317,2025-05-03 22:53:42,169.333,-0.9678477999999999,-0.748,25.993,0.0,0.0,-48.66757582644241,-2.3049836832059674,177.96159802103466,Before Launch
3318,2025-05-03 22:53:42,169.383,-0.37073492,-1.062,25.99,0.0,0.0,-48.675680113219784,-2.2977020695028516,177.98519802378723,Before Launch
3319,2025-05-03 22:53:42,169.442,-0.86614176,-1.033,25.988,0.0,0.0,-48.68302807458468,-2.2926929634319215,177.97321671538396,Before Launch
3320,2025-05-03 22:53:42,169.498,-0.8595800800000001,-0.475,25.99,0.0,0.0,-48.71297745057693,-2.282528766806476,177.98667084037547,Before Launch
3321,2025-05-03 22:53:42,169.547,-1.476378,-0.476,25.988,0.0,0.0,-48.71719283176203,-2.2790716001688915,177.98184400731935,Before Launch
3322,2025-05-03 22:53:42,169.592,-0.86614176,-1.734,25.983,0.0,0.0,-48.69618396383809,-2.2806464694480266,177.97063871006753,Before Launch
3323,2025-05-03 22:53:42,169.639,1.8602362799999999,1.944,25.993,0.0,0.0,-48.68378817142719,-2.298254063390125,177.95083174509347,Before Launch
3324,2025-05-03 22:53:42,169.685,0.24934383999999998,0.491,25.99,0.0,0.0,-48.68865395639991,-2.2942502761812418,177.93870264778693,Before Launch
3325,2025-05-03 22:53:42,169.73,-1.20734912,-1.06,25.998,0.0,0.0,-48.65241215862479,-2.328636702849628,177.96745012322762,Before Launch
3326,2025-05-03 22:53:42,169.776,-0.47244095999999997,-1.542,25.998,0.0,0.0,-48.66518929295968,-2.340685243188845,177.95429264418615,Before Launch
3327,2025-05-03 22:53:42,169.83,0.50524936,0.617,25.993,0.0,0.0,-48.643396202053374,-2.3716420254439963,177.94070416176567,Before Launch
3328,2025-05-03 22:53:42,169.879,1.4927822,1.703,25.995,0.0,0.0,-48.60875311849357,-2.400745148252674,177.95973932525948,Before Launch
3329,2025-05-03 22:53:43,169.926,-0.22965880000000002,0.328,25.993,0.0,0.0,-48.62336813225231,-2.403981696702818,177.9331561250599,Before Launch
3330,2025-05-03 22:53:43,169.982,-0.5905511999999999,0.221,26.0,0.0,0.0,-48.62918885857692,-2.420986975267947,177.92826658799476,Before Launch
3331,2025-05-03 22:53:43,170.03,0.8825459600000001,-0.37,26.0,0.0,0.0,-48.58465795112573,-2.398650462489298,177.90868409982747,Before Launch
3332,2025-05-03 22:53:43,170.076,-0.35104988,-0.477,25.988,0.0,0.0,-48.62002444439837,-2.377258237893301,177.8860693762732,Before Launch
3333,2025-05-03 22:53:43,170.131,1.25328088,0.613,26.003,0.0,0.0,-48.620993418337136,-2.363746929695737,177.8939525820104,Before Launch
3334,2025-05-03 22:53:43,170.178,-0.35104988,-1.357,25.995,0.0,0.0,-48.59761693728236,-2.3302169342944463,177.92099972517974,Before Launch
3335,2025-05-03 22:53:43,170.224,-0.47244095999999997,-0.462,25.988,0.0,0.0,-48.61035660444841,-2.327935473268636,177.9468974297411,Before Launch
3336,2025-05-03 22:53:43,170.278,-1.3287402000000001,-2.363,26.005,0.0,0.0,-48.61891485827495,-2.3195458140328933,177.94618217002088,Before Launch
3337,2025-05-03 22:53:43,170.325,-0.35104988,-0.082,25.998,0.0,0.0,-48.614034521231424,-2.3112424253228228,177.9696161212813,Before Launch
3338,2025-05-03 22:53:43,170.374,-1.69619428,-1.651,25.993,0.0,0.0,-48.625959957496974,-2.2895613600629487,177.97114138943675,Before Launch
3339,2025-05-03 22:53:43,170.431,0.14763779999999999,-0.96,26.0,0.0,0.0,-48.64129770415246,-2.2539855723658717,177.9415459683326,Before Launch
3340,2025-05-03 22:53:43,170.476,0.26574804,0.119,25.998,0.0,0.0,-48.67445671235227,-2.2830717640871105,178.00040188415912,Before Launch
3341,2025-05-03 22:53:43,170.524,0.65288716,-0.066,26.005,0.0,0.0,-48.682714939149676,-2.2952027571346725,177.97926028365455,Before Launch
3342,2025-05-03 22:53:43,170.581,0.7545932000000001,1.38,25.995,0.0,0.0,-48.694102585165055,-2.3003646880897284,177.9814446112624,Before Launch
3343,2025-05-03 22:53:43,170.629,-0.10170604,0.216,25.998,0.0,0.0,-48.677318319472676,-2.367410217737239,177.95940676812228,Before Launch
3344,2025-05-03 22:53:43,170.674,0.9842519999999999,1.502,25.995,0.0,0.0,-48.65255683078347,-2.328930557952579,177.9619660067368,Before Launch
3345,2025-05-03 22:53:43,170.73,2.2309712,2.509,25.995,0.0,0.0,-48.67583809965612,-2.308062606512891,177.983302025496,Before Launch
3346,2025-05-03 22:53:43,170.778,1.50262472,2.42,26.003,0.0,0.0,-48.65729160138786,-2.3122335280203474,177.9761825129704,Before Launch
3347,2025-05-03 22:53:43,170.824,0.8825459600000001,1.419,26.003,0.0,0.0,-48.68407873070046,-2.3057179755379926,177.9321531027141,Before Launch
3348,2025-05-03 22:53:43,170.88,0.39698163999999997,-1.179,26.003,0.0,0.0,-48.69219382017639,-2.310863004641471,177.95594992074848,Before Launch
3349,2025-05-03 22:53:44,170.931,1.99146988,1.398,26.003,0.0,0.0,-48.727634921117,-2.355696583917159,177.94684394438875,Before Launch
3350,2025-05-03 22:53:44,170.98,0.39698163999999997,1.283,26.003,0.0,0.0,-48.696816286713535,-2.345566563487148,177.93914449458958,Before Launch
3351,2025-05-03 22:53:44,171.028,0.39698163999999997,0.694,26.008,0.0,0.0,-48.64642924169234,-2.3808919117298806,177.87322288208364,Before Launch
3352,2025-05-03 22:53:44,171.084,-0.08530183999999999,-0.471,26.005,0.0,0.0,-48.61545289102725,-2.433335742070417,177.86426118331013,Before Launch
3353,2025-05-03 22:53:44,171.131,0.9022310000000001,-0.472,26.008,0.0,0.0,-48.58955084495951,-2.4295686903834635,177.83936587941466,Before Launch
3354,2025-05-03 22:53:44,171.178,0.53477692,0.611,26.013,0.0,0.0,-48.59791683186811,-2.444959474242083,177.83289851562546,Before Launch
3355,2025-05-03 22:53:44,171.235,1.2696850800000001,1.485,26.008,0.0,0.0,-48.589173154091455,-2.444580006966778,177.8458842434505,Before Launch
3356,2025-05-03 22:53:44,171.285,1.50262472,0.494,25.998,0.0,0.0,-48.55788834411123,-2.4552581014658648,177.82877374505642,Before Launch
3357,2025-05-03 22:53:44,171.332,1.64042,1.586,26.008,0.0,0.0,-48.619784101518846,-2.4494170063401017,177.83252014918705,Before Launch
3358,2025-05-03 22:53:44,171.387,0.76443572,-0.389,26.003,0.0,0.0,-48.57728095434172,-2.4594741573642196,177.85005985381383,Before Launch
3359,2025-05-03 22:53:44,171.444,3.10367464,2.729,26.008,0.0,0.0,-48.61703456305478,-2.431084448089981,177.82012541729398,Before Launch
3360,2025-05-03 22:53:44,171.491,-0.07545932,0.313,26.008,0.0,0.0,-48.62875171512835,-2.4551791125295233,177.83770100377865,Before Launch
3361,2025-05-03 22:53:44,171.539,1.03018376,1.871,26.013,0.0,0.0,-48.610535800519045,-2.426922907869247,177.85217421929855,Before Launch
3362,2025-05-03 22:53:44,171.594,1.99146988,1.846,26.0,0.0,0.0,-48.618536987192975,-2.3986407053849206,177.88039394974058,Before Launch
3363,2025-05-03 22:53:44,171.642,1.74212604,2.712,26.013,0.0,0.0,-48.63523446744446,-2.3878732473699693,177.89640482510964,Before Launch
3364,2025-05-03 22:53:44,171.688,0.9022310000000001,0.6,26.008,0.0,0.0,-48.637608665243896,-2.3871965663038726,177.89059074077977,Before Launch
3365,2025-05-03 22:53:44,171.743,1.41732288,0.909,26.02,0.0,0.0,-48.64699187638795,-2.3829566251679792,177.91905837904181,Before Launch
3366,2025-05-03 22:53:44,171.79,0.92191604,0.213,26.015,0.0,0.0,-48.6573548278181,-2.346353253244911,177.93230053983893,Before Launch
3367,2025-05-03 22:53:44,171.84,2.02755912,1.011,26.005,0.0,0.0,-48.697298301979366,-2.3613051869709736,177.93501550098128,Before Launch
3368,2025-05-03 22:53:45,171.895,1.6568242,1.389,26.015,0.0,0.0,-48.699755577151926,-2.334726202447316,177.96132080798128,Before Launch
3369,2025-05-03 22:53:45,171.947,0.5511811200000001,-0.34,26.018,0.0,0.0,-48.66910070648232,-2.2412711490778086,178.0294700805019,Before Launch
3370,2025-05-03 22:53:45,171.993,1.1515748399999999,-0.855,26.013,0.0,0.0,-48.6421500739456,-2.221618839749058,178.04839510423017,Before Launch
3371,2025-05-03 22:53:45,172.048,1.28937012,-0.168,26.015,0.0,0.0,-48.63302068394068,-2.2328393386423984,178.04137290515877,Before Launch
3372,2025-05-03 22:53:45,172.094,2.12926516,0.982,26.005,0.0,0.0,-48.67214620972411,-2.24521533087662,178.02088597568005,Before Launch
3373,2025-05-03 22:53:45,172.141,0.92191604,0.416,26.015,0.0,0.0,-48.65677737155153,-2.2566722049455046,178.00107716160065,Before Launch
3374,2025-05-03 22:53:45,172.198,0.92191604,-0.844,26.015,0.0,0.0,-48.66671020608853,-2.2897682112563946,177.9598873271353,Before Launch
3375,2025-05-03 22:53:45,172.245,2.68044628,1.805,25.978,0.0,0.0,-48.69342847181937,-2.3546212859232867,177.91907304372555,Before Launch
3376,2025-05-03 22:53:45,172.298,0.92191604,0.413,26.015,0.0,0.0,-48.65675241905162,-2.353462757192776,177.89344450761445,Before Launch
3377,2025-05-03 22:53:45,172.348,2.25721792,1.853,26.01,0.0,0.0,-48.66597686667143,-2.3625403730288457,177.91365907651118,Before Launch
3378,2025-05-03 22:53:45,172.402,1.08595804,0.145,25.98,0.0,0.0,-48.63851994231357,-2.3619499209635832,177.91961238225727,Before Launch
3379,2025-05-03 22:53:45,172.449,0.80052496,0.209,26.018,0.0,0.0,-48.703138649177696,-2.3928951835007455,177.916347717487,Before Launch
3380,2025-05-03 22:53:45,172.498,1.0498688,-0.174,26.02,0.0,0.0,-48.831299591857224,-2.3841219500349666,177.91447811077043,Before Launch
3381,2025-05-03 22:53:45,172.553,1.94225728,0.347,25.978,0.0,0.0,-48.99313018988594,-2.3845241712557512,177.88952915823697,Before Launch
3382,2025-05-03 22:53:45,172.6,-0.17716536,-1.433,26.023,0.0,0.0,-49.03560315949034,-2.4192231306818894,177.89792345338117,Before Launch
3383,2025-05-03 22:53:45,172.651,1.17125988,0.322,25.998,0.0,0.0,-49.06087866071339,-2.4233188324614283,177.8726334010372,Before Launch
3384,2025-05-03 22:53:45,172.709,0.6824147199999999,-1.914,26.02,0.0,0.0,-48.999753514344484,-2.423039575036563,177.87277258095452,Before Launch
3385,2025-05-03 22:53:45,172.756,2.2309712,1.823,25.995,0.0,0.0,-48.84509879717199,-2.412445660043292,177.88963852946728,Before Launch
3386,2025-05-03 22:53:45,172.805,0.43307088,-0.472,26.02,0.0,0.0,-48.78464554160591,-2.4159670387728824,177.8953943071671,Before Launch
3387,2025-05-03 22:53:45,172.86,-1.16141736,-2.49,26.02,0.0,0.0,-48.72741984248993,-2.382001922967649,177.89616855623632,Before Launch
3388,2025-05-03 22:53:46,172.906,-0.6725722,-1.91,26.018,0.0,0.0,-48.66948405345651,-2.3589330522322087,177.91610784394027,Before Launch
3389,2025-05-03 22:53:46,172.956,0.19356956,-0.559,26.018,0.0,0.0,-48.627083399192294,-2.3163095415950425,177.9334920135674,Before Launch
3390,2025-05-03 22:53:46,173.009,-0.42322836,-1.454,26.02,0.0,0.0,-48.615817388591225,-2.321550115221274,177.92364800254262,Before Launch
3391,2025-05-03 22:53:46,173.055,0.66272968,-0.205,26.013,0.0,0.0,-48.60487122255643,-2.307954277479659,177.98725456107022,Before Launch
3392,2025-05-03 22:53:46,173.101,2.0833334,0.044,25.975,0.0,0.0,-48.591851530738055,-2.270741431478732,177.9826182943444,Before Launch
3393,2025-05-03 22:53:46,173.156,1.41732288,-0.19,26.02,0.0,0.0,-48.58821166702677,-2.2788550302411443,177.98793349018302,Before Launch
3394,2025-05-03 22:53:46,173.205,0.33136484,-0.175,26.028,0.0,0.0,-48.60135589042298,-2.2824307488361817,178.00845542075155,Before Launch
3395,2025-05-03 22:53:46,173.251,0.56102364,-0.469,26.023,0.0,0.0,-48.608580911616556,-2.2861191972660184,177.99582371742713,Before Launch
3396,2025-05-03 22:53:46,173.311,1.18766408,-0.081,26.03,0.0,0.0,-48.61529002659845,-2.3022941272496316,177.99807582419268,Before Launch
3397,2025-05-03 22:53:46,173.368,-0.15748032,-1.795,25.978,0.0,0.0,-48.62360617901626,-2.319430214790378,177.98239907774646,Before Launch
3398,2025-05-03 22:53:46,173.418,3.18897648,1.775,26.028,0.0,0.0,-48.647685986972974,-2.3330174375588926,177.97166010245573,Before Launch
3399,2025-05-03 22:53:46,173.468,0.82021,-0.08,26.025,0.0,0.0,-48.628393044172775,-2.3595300759593596,177.9270421120352,Before Launch
3400,2025-05-03 22:53:46,173.517,2.05380584,-0.493,26.028,0.0,0.0,-48.644362585597506,-2.338441850833814,177.9471955119556,Before Launch
3401,2025-05-03 22:53:46,173.571,-0.5249344,-1.137,25.988,0.0,0.0,-48.64462022925436,-2.3485856344757323,177.93823430130757,Before Launch
3402,2025-05-03 22:53:46,173.629,0.83005252,-1.114,26.033,0.0,0.0,-48.65438283497833,-2.3861150024761577,177.93085911875488,Before Launch
3403,2025-05-03 22:53:46,173.684,1.40091868,0.246,26.025,0.0,0.0,-48.64364941174816,-2.367724193900151,177.93602872598578,Before Launch
3404,2025-05-03 22:53:46,173.73,0.83005252,0.023,26.033,0.0,0.0,-48.675016899539045,-2.3765805955359234,177.89539656173207,Before Launch
3405,2025-05-03 22:53:46,173.783,1.31889768,0.209,26.025,0.0,0.0,-48.63064280939662,-2.3923337754718155,177.92145928668486,Before Launch
3406,2025-05-03 22:53:46,173.836,0.33136484,-1.256,26.028,0.0,0.0,-48.63271304412481,-2.3864651456195394,177.90553283216383,Before Launch
3407,2025-05-03 22:53:46,173.882,0.20997376,0.302,25.988,0.0,0.0,-48.635725599193385,-2.392658626657085,177.87711384887257,Before Launch
3408,2025-05-03 22:53:47,173.929,1.44685044,0.216,26.035,0.0,0.0,-48.66788714302529,-2.3979777584526545,177.9027519547765,Before Launch
3409,2025-05-03 22:53:47,173.983,1.56496068,0.693,26.033,0.0,0.0,-48.68633914863952,-2.398215554774775,177.90529105283676,Before Launch
3410,2025-05-03 22:53:47,174.032,1.31889768,-0.715,26.03,0.0,0.0,-48.68618454009103,-2.432619272166833,177.90262030446286,Before Launch
3411,2025-05-03 22:53:47,174.078,0.83005252,0.312,26.033,0.0,0.0,-48.6714258224607,-2.4120783087265933,177.91478326614777,Before Launch
3412,2025-05-03 22:53:47,174.128,1.68635176,2.246,26.038,0.0,0.0,-48.636394373476065,-2.365232560642053,177.91782928055375,Before Launch
3413,2025-05-03 22:53:47,174.178,1.1975065999999999,1.47,26.033,0.0,0.0,-48.678042874550954,-2.3907261071296984,177.90371585255315,Before Launch
3414,2025-05-03 22:53:47,174.227,1.58464572,1.094,26.033,0.0,0.0,-48.675813698681935,-2.3697953266392777,177.9365542308353,Before Launch
3415,2025-05-03 22:53:47,174.287,2.55249352,2.328,25.973,0.0,0.0,-48.67354260916871,-2.37037555205606,177.91856236832066,Before Launch
3416,2025-05-03 22:53:47,174.343,0.22965880000000002,-0.336,26.043,0.0,0.0,-48.63743913065134,-2.3770738624783845,177.92681569711564,Before Launch
3417,2025-05-03 22:53:47,174.39,2.80183736,0.557,25.985,0.0,0.0,-48.715383285737936,-2.3821042440735463,177.96472515611103,Before Launch
3418,2025-05-03 22:53:47,174.441,-0.37729660000000004,-1.397,26.043,0.0,0.0,-48.73450418369524,-2.317479767536232,177.9168004573921,Before Launch
3419,2025-05-03 22:53:47,174.495,0.9678477999999999,0.493,26.038,0.0,0.0,-48.68841928336477,-2.36126546109817,177.86870683551643,Before Launch
3420,2025-05-03 22:53:47,174.543,2.35892396,1.392,25.998,0.0,0.0,-48.63816227328964,-2.339085124047661,177.9109437784767,Before Launch
3421,2025-05-03 22:53:47,174.589,3.3169292399999994,1.666,25.988,0.0,0.0,-48.643143616424844,-2.343664614159328,177.93520340662985,Before Launch
3422,2025-05-03 22:53:47,174.644,-0.00984252,0.116,26.043,0.0,0.0,-48.64797401961445,-2.326956081622938,177.94485700312154,Before Launch
3423,2025-05-03 22:53:47,174.692,3.3464568,0.124,26.003,0.0,0.0,-48.695858990377836,-2.2962703543230543,177.96871032719636,Before Launch
3424,2025-05-03 22:53:47,174.738,1.3451444,0.413,26.033,0.0,0.0,-48.737291711147876,-2.339050501034712,177.96079506420955,Before Launch
3425,2025-05-03 22:53:47,174.793,1.4370079199999999,-0.483,26.028,0.0,0.0,-48.68856451900928,-2.3531900861958204,177.93950091559267,Before Launch
3426,2025-05-03 22:53:47,174.851,0.37729660000000004,0.705,26.05,0.0,0.0,-48.67810061751023,-2.3801311041824254,177.9138754730873,Before Launch
3427,2025-05-03 22:53:48,174.9,1.1154856,0.225,26.05,0.0,0.0,-48.66669921438573,-2.4085753751161967,177.90894847958205,Before Launch
3428,2025-05-03 22:53:48,174.946,1.1154856,-0.226,26.048,0.0,0.0,-48.66308628301534,-2.379250197698915,177.89160436988885,Before Launch
3429,2025-05-03 22:53:48,175.003,1.4665354800000001,0.5,26.045,0.0,0.0,-48.639324733918464,-2.422329495349691,177.9232235382069,Before Launch
3430,2025-05-03 22:53:48,175.057,2.4770342,0.909,25.998,0.0,0.0,-48.65403332706749,-2.400521211684367,177.9291580268268,Before Launch
3431,2025-05-03 22:53:48,175.104,1.8339895600000002,1.185,26.045,0.0,0.0,-48.65027758397143,-2.3753808475452622,177.9478385852455,Before Launch
3432,2025-05-03 22:53:48,175.149,-0.11154856,-0.254,26.053,0.0,0.0,-48.696364384824946,-2.3308826187717586,177.9616474589652,Before Launch
3433,2025-05-03 22:53:48,175.197,1.48293968,0.028,26.05,0.0,0.0,-48.63865678284227,-2.339906702239215,177.9634827582549,Before Launch
3434,2025-05-03 22:53:48,175.244,1.1318898,-0.343,26.05,0.0,0.0,-48.613744437464774,-2.342117902003992,177.9497162152461,Before Launch
3435,2025-05-03 22:53:48,175.299,0.86614176,-0.357,26.048,0.0,0.0,-48.63804425231755,-2.323988010785871,177.94447094482155,Before Launch
3436,2025-05-03 22:53:48,175.345,1.1154856,0.225,26.05,0.0,0.0,-48.64454730387878,-2.339744258397416,177.92955621485214,Before Launch
3437,2025-05-03 22:53:48,175.392,2.22112868,0.423,26.05,0.0,0.0,-48.66652466503515,-2.349075686660177,177.950603536802,Before Launch
3438,2025-05-03 22:53:48,175.447,0.49868767999999997,-0.551,26.048,0.0,0.0,-48.679126142595734,-2.3797058547651053,177.96305699280703,Before Launch
3439,2025-05-03 22:53:48,175.504,2.32283472,0.578,26.04,0.0,0.0,-48.6757389940122,-2.3805435615076633,177.9609289177978,Before Launch
3440,2025-05-03 22:53:48,175.56,1.3648294399999998,-0.933,26.053,0.0,0.0,-48.64222823120186,-2.422997914597148,177.94822144828927,Before Launch
3441,2025-05-03 22:53:48,175.608,0.86614176,0.503,26.048,0.0,0.0,-48.64639258661367,-2.434254593040201,177.9311471494347,Before Launch
3442,2025-05-03 22:53:48,175.657,2.3392389199999997,-0.365,26.048,0.0,0.0,-48.641403176510366,-2.4697125530563317,177.88245333676352,Before Launch
3443,2025-05-03 22:53:48,175.713,3.50065628,3.049,26.023,0.0,0.0,-48.65758444983829,-2.4601640839391825,177.84369398334786,Before Launch
3444,2025-05-03 22:53:48,175.77,0.02624672,-0.739,26.043,0.0,0.0,-48.66367313228976,-2.3941963782657947,177.85900490366328,Before Launch
3445,2025-05-03 22:53:48,175.827,1.9356955999999998,-0.33,26.033,0.0,0.0,-48.67415027995339,-2.3903231774683227,177.87931755340685,Before Launch
3446,2025-05-03 22:53:48,175.874,0.5249344,-2.173,26.063,0.0,0.0,-48.68619975048449,-2.3687600365779606,177.89957815717958,Before Launch
3447,2025-05-03 22:53:49,175.926,2.0997376,1.646,26.05,0.0,0.0,-48.66661305939919,-2.361129837395021,177.9164764278397,Before Launch
3448,2025-05-03 22:53:49,175.98,1.7519685600000001,-1.238,26.053,0.0,0.0,-48.6809266504644,-2.337092762043219,177.9358814638231,Before Launch
3449,2025-05-03 22:53:49,176.033,3.03149616,1.302,26.025,0.0,0.0,-48.6966876121511,-2.325827288078419,177.94261557738844,Before Launch
3450,2025-05-03 22:53:49,176.084,1.2631234,-0.135,26.063,0.0,0.0,-48.704433889938656,-2.355705568644134,177.94753732598792,Before Launch
3451,2025-05-03 22:53:49,176.133,3.09711296,2.122,26.0,0.0,0.0,-48.69649072912186,-2.3647531708257086,177.94578211078996,Before Launch
3452,2025-05-03 22:53:49,176.182,1.38123364,0.207,26.06,0.0,0.0,-48.70473593269148,-2.3651943496144794,177.90686829730114,Before Launch
3453,2025-05-03 22:53:49,176.228,1.8700788,0.589,26.058,0.0,0.0,-48.6900973244242,-2.3437157372328357,177.9115198249298,Before Launch
3454,2025-05-03 22:53:49,176.279,1.01377956,-0.355,26.06,0.0,0.0,-48.66260113807663,-2.349611234925416,177.93328900708795,Before Launch
3455,2025-05-03 22:53:49,176.333,1.01377956,-1.147,26.06,0.0,0.0,-48.69049411980573,-2.335504212182093,177.91322086922688,Before Launch
3456,2025-05-03 22:53:49,176.379,-0.82021,-2.082,26.06,0.0,0.0,-48.71593098167271,-2.3492454668618548,177.93281646669502,Before Launch
3457,2025-05-03 22:53:49,176.435,1.61417328,1.342,26.055,0.0,0.0,-48.68866652019482,-2.328895214458371,177.9274149622016,Before Launch
3458,2025-05-03 22:53:49,176.481,1.63057748,0.115,26.055,0.0,0.0,-48.67225202445626,-2.370373557925587,177.90502727285767,Before Launch
3459,2025-05-03 22:53:49,176.531,0.65288716,-0.372,26.068,0.0,0.0,-48.663887543914534,-2.3835004179150725,177.8988326745982,Before Launch
3460,2025-05-03 22:53:49,176.584,-0.09186352,-0.746,26.06,0.0,0.0,-48.692653986584816,-2.378520777039602,177.89208850115153,Before Launch
3461,2025-05-03 22:53:49,176.634,-0.19356956,-1.016,26.07,0.0,0.0,-48.643098811884364,-2.3866435357918543,177.8923931753752,Before Launch
3462,2025-05-03 22:53:49,176.678,0.77427824,-1.125,26.065,0.0,0.0,-48.645251031608005,-2.3522611963257014,177.90664422398643,Before Launch
3463,2025-05-03 22:53:49,176.728,1.38123364,0.689,26.06,0.0,0.0,-48.67236325798637,-2.3581799803851062,177.89950987838458,Before Launch
3464,2025-05-03 22:53:49,176.774,-0.19356956,-1.981,26.063,0.0,0.0,-48.638719123613555,-2.3349978250939722,177.92306661032362,Before Launch
3465,2025-05-03 22:53:49,176.829,-0.19356956,-1.228,26.07,0.0,0.0,-48.69001658791983,-2.3375292458426253,177.94373284488879,Before Launch
3466,2025-05-03 22:53:49,176.878,0.17388452,-0.545,26.01,0.0,0.0,-48.70862230416221,-2.3550249772657605,177.9347744287353,Before Launch
3467,2025-05-03 22:53:50,176.924,-0.08202100000000001,-1.911,26.065,0.0,0.0,-48.72324137169221,-2.3345874374668267,177.95731676475293,Before Launch
3468,2025-05-03 22:53:50,176.979,-0.08202100000000001,-2.83,26.063,0.0,0.0,-48.697335939258245,-2.303074028798282,177.92420074283123,Before Launch
3469,2025-05-03 22:53:50,177.026,0.15748032,0.104,26.07,0.0,0.0,-48.728555294608924,-2.327760729145338,177.93403503755638,Before Launch
3470,2025-05-03 22:53:50,177.073,0.27559056000000004,-1.332,26.058,0.0,0.0,-48.71180740768899,-2.334838922212746,177.91287574498614,Before Launch
3471,2025-05-03 22:53:50,177.128,2.40485572,1.499,26.063,0.0,0.0,-48.71892199583789,-2.3512928061214082,177.91653750303698,Before Launch
3472,2025-05-03 22:53:50,177.175,0.30511812,-1.437,26.07,0.0,0.0,-48.68298778846937,-2.373460079477048,177.8951283444685,Before Launch
3473,2025-05-03 22:53:50,177.221,1.2795276,-0.381,26.07,0.0,0.0,-48.65793868746945,-2.3837203497195962,177.88869003525673,Before Launch
3474,2025-05-03 22:53:50,177.276,1.51246724,-1.222,26.065,0.0,0.0,-48.68808979656549,-2.4063914701346603,177.8899825605123,Before Launch
3475,2025-05-03 22:53:50,177.325,1.16141736,-0.082,26.073,0.0,0.0,-48.68573273510737,-2.432395684376897,177.89137649421784,Before Launch
3476,2025-05-03 22:53:50,177.371,2.1751969200000003,-0.745,26.07,0.0,0.0,-48.67338062688751,-2.413336612369925,177.88999813940384,Before Launch
3477,2025-05-03 22:53:50,177.426,0.27559056000000004,-0.889,26.06,0.0,0.0,-48.64209526065339,-2.4447684318099805,177.87576740065575,Before Launch
3478,2025-05-03 22:53:50,177.475,-0.31496064,-1.752,26.073,0.0,0.0,-48.64839496485311,-2.42102350547732,177.8424537940964,Before Launch
3479,2025-05-03 22:53:50,177.522,0.5511811200000001,-0.372,26.078,0.0,0.0,-48.614316101535984,-2.3943726927986626,177.88599932676985,Before Launch
3480,2025-05-03 22:53:50,177.576,1.51246724,0.401,26.065,0.0,0.0,-48.608873003917,-2.3856268838478676,177.88959439781567,Before Launch
3481,2025-05-03 22:53:50,177.624,0.05577428,0.704,26.073,0.0,0.0,-48.62041650922511,-2.353592339743657,177.8757347529813,Before Launch
3482,2025-05-03 22:53:50,177.671,3.06102372,1.171,26.073,0.0,0.0,-48.65434907089255,-2.3691694746890772,177.892426874466,Before Launch
3483,2025-05-03 22:53:50,177.727,0.18372704,-1.161,26.078,0.0,0.0,-48.66417838534012,-2.3434513967114263,177.88413244701582,Before Launch
3484,2025-05-03 22:53:50,177.784,0.42322836,-0.183,26.073,0.0,0.0,-48.633331530496086,-2.3098263056771233,177.91643945507587,Before Launch
3485,2025-05-03 22:53:50,177.83,0.30511812,0.319,26.075,0.0,0.0,-48.69153138415382,-2.304048176985354,177.95217108406825,Before Launch
3486,2025-05-03 22:53:51,177.88,2.8215224,2.42,26.045,0.0,0.0,-48.689742260783,-2.28675182826489,177.9629436496802,Before Launch
3487,2025-05-03 22:53:51,177.938,1.04002628,0.211,26.075,0.0,0.0,-48.70514289344553,-2.2801456344074844,177.9958485934999,Before Launch
3488,2025-05-03 22:53:51,177.995,1.28937012,-0.073,26.08,0.0,0.0,-48.669693084375744,-2.2978821675798597,177.96820506381394,Before Launch
3489,2025-05-03 22:53:51,178.045,-0.53477692,-0.268,26.085,0.0,0.0,-48.642977159144124,-2.3508755849748195,177.9502616665104,Before Launch
3490,2025-05-03 22:53:51,178.094,0.32152232000000003,0.407,26.075,0.0,0.0,-48.6396598927711,-2.368056529787276,177.93276798770736,Before Launch
3491,2025-05-03 22:53:51,178.149,0.81036748,0.501,26.08,0.0,0.0,-48.637933725255856,-2.3770289772536404,177.930807628502,Before Launch
3492,2025-05-03 22:53:51,178.198,1.0597113200000001,0.896,26.083,0.0,0.0,-48.62789484046329,-2.396628425074634,177.92456366892745,Before Launch
3493,2025-05-03 22:53:51,178.245,-0.92191604,-0.663,26.063,0.0,0.0,-48.59194896922211,-2.3661685818181053,177.91185081245024,Before Launch
3494,2025-05-03 22:53:51,178.302,4.340551319999999,3.278,26.083,0.0,0.0,-48.60104298049361,-2.340722279910539,177.93442810169375,Before Launch
3495,2025-05-03 22:53:51,178.357,1.9520997999999998,1.306,26.06,0.0,0.0,-48.610839453765614,-2.3518034746148784,177.9312795498025,Before Launch
3496,2025-05-03 22:53:51,178.414,0.92191604,-1.153,26.078,0.0,0.0,-48.639946884184106,-2.338319233986173,177.89395154318527,Before Launch
3497,2025-05-03 22:53:51,178.463,0.08202100000000001,-0.173,26.088,0.0,0.0,-48.62850989288418,-2.3259107672331827,177.91462787373362,Before Launch
3498,2025-05-03 22:53:51,178.509,-0.29527559999999997,-1.223,26.078,0.0,0.0,-48.641238607135485,-2.355008611107854,177.91645345944346,Before Launch
3499,2025-05-03 22:53:51,178.566,1.28937012,-0.173,26.088,0.0,0.0,-48.63577172770215,-2.3561626620946567,177.90844226684905,Before Launch
3500,2025-05-03 22:53:51,178.62,-1.17125988,-1.801,26.075,0.0,0.0,-48.65545976544936,-2.4137273569483995,177.888326358584,Before Launch
3501,2025-05-03 22:53:51,178.671,1.4107612,-0.588,26.083,0.0,0.0,-48.63849780483119,-2.4099820277919233,177.91308030733,Before Launch
3502,2025-05-03 22:53:51,178.722,-0.53477692,-0.625,26.085,0.0,0.0,-48.63632370152006,-2.381522832540074,177.90284997234235,Before Launch
3503,2025-05-03 22:53:51,178.776,0.82021,0.873,26.088,0.0,0.0,-48.659180443336986,-2.393685278457984,177.91686687062523,Before Launch
3504,2025-05-03 22:53:51,178.825,1.1811023999999999,0.483,26.08,0.0,0.0,-48.631413825571244,-2.4656400112058643,177.86594252375107,Before Launch
3505,2025-05-03 22:53:51,178.871,3.15944892,1.272,26.075,0.0,0.0,-48.74853581253947,-2.51824831764403,177.83235216455316,Before Launch
3506,2025-05-03 22:53:52,178.927,-0.9022310000000001,-0.735,26.085,0.0,0.0,-48.782960473048476,-2.518746746932321,177.83628862480865,Before Launch
3507,2025-05-03 22:53:52,178.974,-1.25328088,-3.311,26.093,0.0,0.0,-48.84060685624376,-2.4951770476820365,177.85106776804727,Before Launch
3508,2025-05-03 22:53:52,179.031,0.20341208,0.015,26.083,0.0,0.0,-48.79966452862781,-2.461209850157069,177.83820658754277,Before Launch
3509,2025-05-03 22:53:52,179.077,-0.26574804,-0.533,26.09,0.0,0.0,-48.7452347589452,-2.40103386528616,177.84756648796053,Before Launch
3510,2025-05-03 22:53:52,179.131,1.06955384,0.588,26.09,0.0,0.0,-48.70166221759726,-2.383539653691595,177.8629593728774,Before Launch
3511,2025-05-03 22:53:52,179.179,1.06955384,-1.349,26.093,0.0,0.0,-48.69477202658082,-2.3870202609873945,177.8943409386193,Before Launch
3512,2025-05-03 22:53:52,179.226,1.54855648,0.395,26.093,0.0,0.0,-48.65359701341646,-2.3847920111818146,177.91079641770793,Before Launch
3513,2025-05-03 22:53:52,179.277,-1.02362208,-1.804,26.09,0.0,0.0,-48.64534234166957,-2.378046274141378,177.90551153779245,Before Launch
3514,2025-05-03 22:53:52,179.327,0.08202100000000001,0.481,26.088,0.0,0.0,-48.623086999202854,-2.3554035471349457,177.9077137681592,Before Launch
3515,2025-05-03 22:53:52,179.372,1.8077428400000002,1.163,26.093,0.0,0.0,-48.6483807641288,-2.3683861221338045,177.89650310494466,Before Launch
3516,2025-05-03 22:53:52,179.431,-0.16732284,-0.763,26.09,0.0,0.0,-48.645807021056314,-2.389972393937128,177.8839992392937,Before Launch
3517,2025-05-03 22:53:52,179.481,2.3392389199999997,0.997,26.048,0.0,0.0,-48.59720790626788,-2.418592006740807,177.87762058012095,Before Launch
3518,2025-05-03 22:53:52,179.526,-1.14173232,-0.172,26.09,0.0,0.0,-48.61620763959874,-2.3694357801367136,177.9014183113822,Before Launch
3519,2025-05-03 22:53:52,179.582,-0.63648296,-3.888,26.095,0.0,0.0,-48.63713509032043,-2.3726151191538407,177.89970811194786,Before Launch
3520,2025-05-03 22:53:52,179.63,-1.24343836,-2.51,26.098,0.0,0.0,-48.63348388204504,-2.4256046897752146,177.8871821279396,Before Launch
3521,2025-05-03 22:53:52,179.678,-0.7545932000000001,-1.326,26.098,0.0,0.0,-48.60882918670252,-2.4132599642867674,177.89212618371502,Before Launch
3522,2025-05-03 22:53:52,179.731,0.21981628,0.109,26.095,0.0,0.0,-48.59703298708581,-2.395587409873864,177.91155125566772,Before Launch
3523,2025-05-03 22:53:52,179.779,-0.26574804,0.023,26.095,0.0,0.0,-48.63252285017455,-2.3820243072576757,177.94405300732666,Before Launch
3524,2025-05-03 22:53:52,179.829,1.01377956,-0.218,26.09,0.0,0.0,-48.65503900011865,-2.3498370207683257,177.91934735585542,Before Launch
3525,2025-05-03 22:53:53,179.884,0.10170604,1.007,26.095,0.0,0.0,-48.65046189772755,-2.3610138598523336,177.91965565021636,Before Launch
3526,2025-05-03 22:53:53,179.941,0.9416010799999999,-0.369,26.085,0.0,0.0,-48.583391958728726,-2.3896486458180206,177.91772573479284,Before Launch
3527,2025-05-03 22:53:53,179.989,0.4429134,0.772,26.08,0.0,0.0,-48.60144976342287,-2.3309788198525743,177.94885285243276,Before Launch
3528,2025-05-03 22:53:53,180.039,0.10170604,-0.569,26.095,0.0,0.0,-48.61504339091911,-2.324779985913905,177.9497383867699,Before Launch
3529,2025-05-03 22:53:53,180.093,-0.63648296,-1.433,26.098,0.0,0.0,-48.60562522801574,-2.3162728234716687,177.9365489904949,Before Launch
3530,2025-05-03 22:53:53,180.141,0.738189,-1.907,26.105,0.0,0.0,-48.59272742532113,-2.3488397480008167,177.94796954167762,Before Launch
3531,2025-05-03 22:53:53,180.186,0.60039372,1.194,26.098,0.0,0.0,-48.603183337133416,-2.3702658807191983,177.95941802562172,Before Launch
3532,2025-05-03 22:53:53,180.234,0.10170604,1.075,26.1,0.0,0.0,-48.62629407211603,-2.3900009633353054,177.94209792854602,Before Launch
3533,2025-05-03 22:53:53,180.283,-0.13779528000000002,-0.273,26.098,0.0,0.0,-48.644397990820075,-2.4046933792125897,177.90481135126458,Before Launch
3534,2025-05-03 22:53:53,180.339,2.6082678,2.277,26.098,0.0,0.0,-48.69144533676418,-2.37278953393802,177.920317122034,Before Launch
3535,2025-05-03 22:53:53,180.396,-0.6069554,-1.325,26.11,0.0,0.0,-48.707944247315716,-2.3696772372710515,177.94067647877804,Before Launch
3536,2025-05-03 22:53:53,180.442,0.46916011999999996,-0.475,26.1,0.0,0.0,-48.70927462462718,-2.3619475302077744,177.89744690406047,Before Launch
3537,2025-05-03 22:53:53,180.487,-0.38713912,-1.535,26.098,0.0,0.0,-48.69605062006701,-2.3603526995762465,177.8897807270827,Before Launch
3538,2025-05-03 22:53:53,180.541,-0.61679792,0.322,26.103,0.0,0.0,-48.63686289667506,-2.363626939427542,177.88983624086583,Before Launch
3539,2025-05-03 22:53:53,180.59,-0.36745408,-0.356,26.1,0.0,0.0,-48.62927687549348,-2.358623249612103,177.91962465199117,Before Launch
3540,2025-05-03 22:53:53,180.647,2.07349088,0.208,26.105,0.0,0.0,-48.6082527715792,-2.3904762869299128,177.90774740969567,Before Launch
3541,2025-05-03 22:53:53,180.704,0.60039372,0.603,26.103,0.0,0.0,-48.61074011310846,-2.387485552373248,177.89832851361385,Before Launch
3542,2025-05-03 22:53:53,180.761,0.7545932000000001,-1.238,26.088,0.0,0.0,-48.63647541740976,-2.4220509821794227,177.86913806866644,Before Launch
3543,2025-05-03 22:53:53,180.818,0.85629924,1.546,26.103,0.0,0.0,-48.622613388373026,-2.4202273035884327,177.86283572101217,Before Launch
3544,2025-05-03 22:53:53,180.874,-0.26574804,0.287,26.098,0.0,0.0,-48.62511971955331,-2.435309641654088,177.8249694613484,Before Launch
3545,2025-05-03 22:53:54,180.92,0.10170604,1.043,26.095,0.0,0.0,-48.634079273473226,-2.4767483739547584,177.79992650509135,Before Launch
3546,2025-05-03 22:53:54,180.966,0.35104988,0.858,26.098,0.0,0.0,-48.68959360712149,-2.4099426597507367,177.83293630932704,Before Launch
3547,2025-05-03 22:53:54,181.012,1.1056430800000001,0.692,26.105,0.0,0.0,-48.69961366316486,-2.4428181665735464,177.82976568679976,Before Launch
3548,2025-05-03 22:53:54,181.059,0.35104988,0.482,26.1,0.0,0.0,-48.72195392927552,-2.450132158342877,177.82767231106604,Before Launch
3549,2025-05-03 22:53:54,181.113,0.36745408,-0.503,26.105,0.0,0.0,-48.713205210332035,-2.4714289586095903,177.85499062882494,Before Launch
3550,2025-05-03 22:53:54,181.169,0.0,-0.079,26.113,0.0,0.0,-48.676311468361305,-2.4470792398735934,177.86572111643855,Before Launch
3551,2025-05-03 22:53:54,181.219,1.22703416,0.223,26.103,0.0,0.0,-48.584263070043804,-2.41663610587472,177.8794335141432,Before Launch
3552,2025-05-03 22:53:54,181.27,0.46916011999999996,0.02,26.095,0.0,0.0,-48.5725871042593,-2.4592363779550994,177.871423065045,Before Launch
3553,2025-05-03 22:53:54,181.329,-0.11811023999999999,-0.17,26.105,0.0,0.0,-48.58795736558081,-2.454615348920544,177.85491980856796,Before Launch
3554,2025-05-03 22:53:54,181.38,1.476378,1.642,26.103,0.0,0.0,-48.59426729839107,-2.4116799516435163,177.90444999789403,Before Launch
3555,2025-05-03 22:53:54,181.429,1.1056430800000001,0.285,26.105,0.0,0.0,-48.55685233944743,-2.4160596414563664,177.90831389107328,Before Launch
3556,2025-05-03 22:53:54,181.478,0.24934383999999998,-0.272,26.103,0.0,0.0,-48.614814205426235,-2.3597705820134607,177.93614132151657,Before Launch
3557,2025-05-03 22:53:54,181.533,1.84383208,1.341,26.105,0.0,0.0,-48.59128208949298,-2.3902079855384772,177.91277984695893,Before Launch
3558,2025-05-03 22:53:54,181.581,-1.476378,-1.031,26.105,0.0,0.0,-48.6356112519722,-2.420904026471532,177.87733564229012,Before Launch
3559,2025-05-03 22:53:54,181.626,0.48884516,-1.647,26.105,0.0,0.0,-48.65410345015966,-2.4433452870581798,177.878089654107,Before Launch
3560,2025-05-03 22:53:54,181.681,0.738189,1.047,26.105,0.0,0.0,-48.640653279118574,-2.4504150224540107,177.8724938603974,Before Launch
3561,2025-05-03 22:53:54,181.726,1.1056430800000001,0.496,26.105,0.0,0.0,-48.65228864535792,-2.4054021966787182,177.89458705706187,Before Launch
3562,2025-05-03 22:53:54,181.773,2.06364836,1.906,26.108,0.0,0.0,-48.66241555315674,-2.374193789980041,177.88298718032726,Before Launch
3563,2025-05-03 22:53:54,181.828,-0.36745408,0.194,26.105,0.0,0.0,-48.654855670293124,-2.3373040112929013,177.88340322444296,Before Launch
3564,2025-05-03 22:53:54,181.875,1.9652231599999999,1.815,26.103,0.0,0.0,-48.69350266081455,-2.294272822394546,177.9089354188867,Before Launch
3565,2025-05-03 22:53:55,181.923,0.85629924,-0.954,26.1,0.0,0.0,-48.65724182582529,-2.2781503371664287,177.98794405381346,Before Launch
3566,2025-05-03 22:53:55,181.978,1.22703416,0.492,26.113,0.0,0.0,-48.65144630501841,-2.2521291784931963,177.98496559233638,Before Launch
3567,2025-05-03 22:53:55,182.033,1.3353018799999998,0.457,26.1,0.0,0.0,-48.614623117781555,-2.267337088814274,177.98291761609488,Before Launch
3568,2025-05-03 22:53:55,182.079,-0.11811023999999999,-0.773,26.108,0.0,0.0,-48.6187755811832,-2.281406625435041,177.9440284395849,Before Launch
3569,2025-05-03 22:53:55,182.128,1.45669296,1.374,26.095,0.0,0.0,-48.613161685682286,-2.3286615954526946,177.91747166479948,Before Launch
3570,2025-05-03 22:53:55,182.184,0.95800528,0.677,26.093,0.0,0.0,-48.610352203581414,-2.354136211530049,177.90419043102776,Before Launch
3571,2025-05-03 22:53:55,182.233,1.22703416,0.691,26.093,0.0,0.0,-48.55545055880771,-2.3538473479179767,177.89544762533583,Before Launch
3572,2025-05-03 22:53:55,182.28,2.1489502000000003,0.823,26.075,0.0,0.0,-48.545054424648946,-2.393732546136297,177.87956128418293,Before Launch
3573,2025-05-03 22:53:55,182.331,-0.01968504,-0.291,26.098,0.0,0.0,-48.598295655090624,-2.391906818731048,177.88041957575203,Before Launch
3574,2025-05-03 22:53:55,182.381,-0.61679792,-0.776,26.105,0.0,0.0,-48.606724751172955,-2.392911456746799,177.9031471574737,Before Launch
3575,2025-05-03 22:53:55,182.431,0.738189,0.585,26.105,0.0,0.0,-48.62814617601833,-2.3816674087343825,177.93643265778053,Before Launch
3576,2025-05-03 22:53:55,182.487,2.6082678,1.089,26.058,0.0,0.0,-48.642362021327,-2.3720192839215137,177.91641811228533,Before Launch
3577,2025-05-03 22:53:55,182.544,-0.8759842800000001,-1.056,26.1,0.0,0.0,-48.628606907179325,-2.3556319673949844,177.92061761164848,Before Launch
3578,2025-05-03 22:53:55,182.597,-0.11811023999999999,0.0,26.108,0.0,0.0,-48.55019540928613,-2.353590544795227,177.95058553109735,Before Launch
3579,2025-05-03 22:53:55,182.642,0.61679792,-0.681,26.105,0.0,0.0,-48.59183285997183,-2.310273131236101,177.94127198655679,Before Launch
3580,2025-05-03 22:53:55,182.701,0.5905511999999999,-0.405,26.103,0.0,0.0,-48.55611889981188,-2.308311012194226,177.943491771082,Before Launch
3581,2025-05-03 22:53:55,182.756,0.738189,0.383,26.105,0.0,0.0,-48.552282931397414,-2.323049397974642,177.96691983566558,Before Launch
3582,2025-05-03 22:53:55,182.804,1.45669296,-0.305,26.098,0.0,0.0,-48.61539994731936,-2.377464091166828,177.89487710215604,Before Launch
3583,2025-05-03 22:53:55,182.85,0.38713912,1.468,26.113,0.0,0.0,-48.625571979657344,-2.397395470829897,177.8807700893856,Before Launch
3584,2025-05-03 22:53:56,182.906,0.60039372,0.087,26.1,0.0,0.0,-48.6310069488772,-2.3821366066104566,177.86312239089222,Before Launch
3585,2025-05-03 22:53:56,182.955,0.0,-0.579,26.1,0.0,0.0,-48.59292146896179,-2.3739714881851506,177.87842941105293,Before Launch
3586,2025-05-03 22:53:56,183.005,0.48884516,-0.482,26.1,0.0,0.0,-48.61321998323805,-2.3518532236574305,177.91671550602578,Before Launch
3587,2025-05-03 22:53:56,183.061,0.83989504,-0.95,26.103,0.0,0.0,-48.62330889017321,-2.3273687939814827,177.94413594450225,Before Launch
3588,2025-05-03 22:53:56,183.116,1.4370079199999999,1.401,26.105,0.0,0.0,-48.607556037192076,-2.290650378209736,177.96106877823618,Before Launch
3589,2025-05-03 22:53:56,183.174,1.45669296,-0.391,26.108,0.0,0.0,-48.61469926883157,-2.2614071900784243,178.00385509205196,Before Launch
3590,2025-05-03 22:53:56,183.221,-0.11811023999999999,-0.751,26.108,0.0,0.0,-48.588328279455034,-2.3165226319251944,178.00733127656054,Before Launch
3591,2025-05-03 22:53:56,183.269,0.61679792,-0.473,26.108,0.0,0.0,-48.61504051729149,-2.3218249804925795,178.02202910674484,Before Launch
3592,2025-05-03 22:53:56,183.324,0.0,-1.034,26.105,0.0,0.0,-48.6256815664127,-2.2827471710190985,178.01171628253832,Before Launch
3593,2025-05-03 22:53:56,183.379,1.00393704,0.863,26.108,0.0,0.0,-48.62286713973188,-2.297574551324937,178.02276134416158,Before Launch
3594,2025-05-03 22:53:56,183.433,0.738189,-0.551,26.105,0.0,0.0,-48.60153939268442,-2.23521752489936,177.98791104116214,Before Launch
3595,2025-05-03 22:53:56,183.481,0.38713912,-0.44,26.113,0.0,0.0,-48.622791333109525,-2.2789392483552877,177.97011529144254,Before Launch
3596,2025-05-03 22:53:56,183.532,0.8858268,-0.263,26.113,0.0,0.0,-48.635904158990265,-2.3119675798888792,177.97884690399627,Before Launch
3597,2025-05-03 22:53:56,183.587,1.12532812,-0.783,26.113,0.0,0.0,-48.657378667072535,-2.318378337032965,177.97655121975276,Before Launch
3598,2025-05-03 22:53:56,183.632,1.00393704,0.787,26.115,0.0,0.0,-48.646852503398385,-2.326472754333391,177.9934861061177,Before Launch
3599,2025-05-03 22:53:56,183.686,1.35498692,1.511,26.108,0.0,0.0,-48.60297882645322,-2.3353958311285337,177.97090238413702,Before Launch
3600,2025-05-03 22:53:56,183.734,0.8858268,0.113,26.118,0.0,0.0,-48.604255002272716,-2.309812984938613,177.98931800198378,Before Launch
3601,2025-05-03 22:53:56,183.788,1.6043307599999999,-0.772,26.11,0.0,0.0,-48.60523516053297,-2.292166670182934,177.99292282950907,Before Launch
3602,2025-05-03 22:53:56,183.837,0.41666668,1.0,26.128,0.0,0.0,-48.613434880969876,-2.3133707477577814,178.01452001305998,Before Launch
3603,2025-05-03 22:53:57,183.888,1.00393704,0.869,26.115,0.0,0.0,-48.60783818048905,-2.326544214966062,178.01236643437673,Before Launch
3604,2025-05-03 22:53:57,183.943,0.51509188,-0.078,26.115,0.0,0.0,-48.60307656040241,-2.3393222681292096,177.99011388834796,Before Launch
3605,2025-05-03 22:53:57,183.991,2.1194226400000002,1.185,26.118,0.0,0.0,-48.62592565798208,-2.2994833464960935,178.0014714192649,Before Launch
3606,2025-05-03 22:53:57,184.039,0.39698163999999997,-0.266,26.123,0.0,0.0,-48.6742026569484,-2.2846024239333826,177.97155162796997,Before Launch
3607,2025-05-03 22:53:57,184.097,0.26902888,-0.919,26.115,0.0,0.0,-48.64945705055097,-2.313080492600985,177.98316565499945,Before Launch
3608,2025-05-03 22:53:57,184.152,2.2408137200000002,1.424,26.12,0.0,0.0,-48.67281537530825,-2.3228273051259762,177.95248928449115,Before Launch
3609,2025-05-03 22:53:57,184.207,-0.32152232000000003,-0.709,26.13,0.0,0.0,-48.666403651001254,-2.3701056711332784,177.94218760531268,Before Launch
3610,2025-05-03 22:53:57,184.257,1.91601056,1.472,26.1,0.0,0.0,-48.70216135926052,-2.3796099296668425,177.93222272067126,Before Launch
3611,2025-05-03 22:53:57,184.307,-0.20341208,-0.532,26.123,0.0,0.0,-48.72051520291056,-2.3744361254495883,177.9205796833393,Before Launch
3612,2025-05-03 22:53:57,184.355,0.64632548,-0.15,26.123,0.0,0.0,-48.695254144974584,-2.419925443306525,177.91005176607743,Before Launch
3613,2025-05-03 22:53:57,184.41,1.01377956,-0.327,26.123,0.0,0.0,-48.705747990176704,-2.4231072822791275,177.85102344669423,Before Launch
3614,2025-05-03 22:53:57,184.459,0.029527559999999998,-1.111,26.12,0.0,0.0,-48.685646294399746,-2.4032794732818807,177.85483296590212,Before Launch
3615,2025-05-03 22:53:57,184.51,0.29527559999999997,0.321,26.13,0.0,0.0,-48.69526590301525,-2.3765921016040235,177.86361016710094,Before Launch
3616,2025-05-03 22:53:57,184.558,1.8897638399999999,0.988,26.128,0.0,0.0,-48.678700237677184,-2.3525045570448664,177.88720603593592,Before Launch
3617,2025-05-03 22:53:57,184.608,0.27559056000000004,0.215,26.113,0.0,0.0,-48.65748532530532,-2.358310649011621,177.8917337465476,Before Launch
3618,2025-05-03 22:53:57,184.663,2.53608932,1.193,26.12,0.0,0.0,-48.68326907814682,-2.3836252685551584,177.88401333087896,Before Launch
3619,2025-05-03 22:53:57,184.714,3.37270352,2.057,26.128,0.0,0.0,-48.662448834710105,-2.3755993247872698,177.88073835713277,Before Launch
3620,2025-05-03 22:53:57,184.765,-0.57086616,-0.746,26.125,0.0,0.0,-48.6579006931497,-2.3887020641444203,177.87925365167666,Before Launch
3621,2025-05-03 22:53:57,184.812,0.41666668,-0.367,26.125,0.0,0.0,-48.69134907116014,-2.4164050086216875,177.87988898468797,Before Launch
3622,2025-05-03 22:53:57,184.866,0.53477692,-0.462,26.125,0.0,0.0,-48.72890566134624,-2.4209023214767957,177.86724667711113,Before Launch
3623,2025-05-03 22:53:58,184.913,0.64632548,-0.279,26.123,0.0,0.0,-48.73840318515156,-2.4079887184878843,177.85471239862903,Before Launch
3624,2025-05-03 22:53:58,184.961,1.38451448,0.023,26.125,0.0,0.0,-48.76000680406961,-2.415453484045591,177.85911898776277,Before Launch
3625,2025-05-03 22:53:58,185.016,0.29527559999999997,-0.461,26.13,0.0,0.0,-48.75034419764357,-2.392091915885118,177.90033045750204,Before Launch
3626,2025-05-03 22:53:58,185.07,0.5446194400000001,-0.827,26.133,0.0,0.0,-48.74671942878315,-2.4126737224028405,177.89807816996387,Before Launch
3627,2025-05-03 22:53:58,185.12,0.43307088,0.013,26.133,0.0,0.0,-48.653001196748825,-2.462008800730078,177.86268750931202,Before Launch
3628,2025-05-03 22:53:58,185.171,1.9094488799999998,0.706,26.135,0.0,0.0,-48.30223232223028,-2.528456981806395,177.7628689146238,Before Launch
3629,2025-05-03 22:53:58,185.225,1.52230976,0.786,26.128,0.0,0.0,-47.57056053997483,-2.8051535139918915,177.42575832321216,Before Launch
3630,2025-05-03 22:53:58,185.272,1.1515748399999999,-0.756,26.128,0.0,0.0,-47.25683227458654,-2.9389017898600693,177.2851974678883,Before Launch
3631,2025-05-03 22:53:58,185.319,0.9317585599999999,0.418,26.14,0.0,0.0,-47.11687291843193,-2.9655912582901687,177.2334708654297,Before Launch
3632,2025-05-03 22:53:58,185.377,0.29527559999999997,0.021,26.13,0.0,0.0,-47.881324256951466,-2.6503520769168563,177.58393749804347,Before Launch
3633,2025-05-03 22:53:58,185.424,1.17125988,-0.841,26.135,0.0,0.0,-48.29981836075867,-2.48230388189129,177.74644180917784,Before Launch
3634,2025-05-03 22:53:58,185.472,0.8038058,0.89,26.135,0.0,0.0,-48.41849766626089,-2.4576288086642712,177.8081035406726,Before Launch
3635,2025-05-03 22:53:58,185.518,0.0656168,-1.467,26.135,0.0,0.0,-48.58032287009169,-2.3824449478003897,177.86663223879592,Before Launch
3636,2025-05-03 22:53:58,185.564,0.19356956,0.316,26.14,0.0,0.0,-48.61777960893715,-2.3383735296429364,177.89055128174945,Before Launch
3637,2025-05-03 22:53:58,185.619,0.6824147199999999,0.029,26.135,0.0,0.0,-48.65539784926391,-2.3406167652774306,177.92175569023527,Before Launch
3638,2025-05-03 22:53:58,185.667,0.9022310000000001,-0.089,26.125,0.0,0.0,-48.65358885130373,-2.3630914464814707,177.8438311409495,Before Launch
3639,2025-05-03 22:53:58,185.713,0.43307088,0.322,26.13,0.0,0.0,-48.235831389310285,-2.494908555558786,177.8542867650089,Before Launch
3640,2025-05-03 22:53:58,185.768,2.80183736,1.992,26.137,0.0,0.0,-48.229727678769166,-2.4466110186598944,177.89892650795463,Before Launch
3641,2025-05-03 22:53:58,185.816,1.0334646,-0.681,26.13,0.0,0.0,-48.924297201786985,-2.353484544561626,177.96541930132142,Before Launch
3642,2025-05-03 22:53:58,185.864,-0.79068244,-0.849,26.103,0.0,0.0,-49.47249078869024,-2.325185293983175,178.02393781999248,Before Launch
3643,2025-05-03 22:53:59,185.922,0.8038058,-1.376,26.135,0.0,0.0,-49.56222502763352,-2.29354078419775,178.04103906456868,Before Launch
3644,2025-05-03 22:53:59,185.968,1.74212604,-1.3,26.115,0.0,0.0,-49.216966439984496,-2.2791075296775887,178.02921001321675,Before Launch
3645,2025-05-03 22:53:59,186.017,0.56430448,0.907,26.135,0.0,0.0,-49.11412133964285,-2.2938096631081444,178.01573379351677,Before Launch
3646,2025-05-03 22:53:59,186.075,0.9120735200000001,0.392,26.09,0.0,0.0,-49.57018961404788,-2.342589161162238,178.02431088673634,Before Launch
3647,2025-05-03 22:53:59,186.132,0.5446194400000001,0.008,26.13,0.0,0.0,-48.44027977945755,-2.2954978328189513,177.97653849982797,Before Launch
3648,2025-05-03 22:53:59,186.186,0.0656168,-0.456,26.135,0.0,0.0,-48.126503646088544,-2.347205717563577,177.9033139162757,Before Launch
3649,2025-05-03 22:53:59,186.236,2.3129922,0.728,26.095,0.0,0.0,-47.781294229651614,-2.4516460178437396,177.79638602176598,Before Launch
3650,2025-05-03 22:53:59,186.282,2.83136492,2.003,26.137,0.0,0.0,-47.52433731362983,-2.4360129780437427,177.78078957523954,Before Launch
3651,2025-05-03 22:53:59,186.328,1.40091868,0.681,26.13,0.0,0.0,-47.45839107782685,-2.450001929841886,177.7652623101055,Before Launch
3652,2025-05-03 22:53:59,186.375,0.17716536,-0.204,26.133,0.0,0.0,-48.13225271500643,-2.4049991194981137,177.82591782917598,Before Launch
3653,2025-05-03 22:53:59,186.431,-0.07217847999999999,-1.573,26.135,0.0,0.0,-48.57588316311629,-2.3782579409621594,177.89529476964114,Before Launch
3654,2025-05-03 22:53:59,186.479,0.43307088,-0.869,26.133,0.0,0.0,-49.12329433178125,-2.3406371011377423,177.96927488120102,Before Launch
3655,2025-05-03 22:53:59,186.527,-0.07217847999999999,-0.975,26.128,0.0,0.0,-49.577128645418085,-2.345675171726105,178.03671995977604,Before Launch
3656,2025-05-03 22:53:59,186.581,3.1332022,1.744,26.078,0.0,0.0,-49.80576810770567,-2.3805144328680923,178.04252794249945,Before Launch
3657,2025-05-03 22:53:59,186.639,0.41666668,0.096,26.128,0.0,0.0,-49.6069846285412,-2.3777777316045228,178.0467564835311,Before Launch
3658,2025-05-03 22:53:59,186.687,1.28280844,0.088,26.133,0.0,0.0,-48.822647789164,-2.3616178972405795,177.9850241209738,Before Launch
3659,2025-05-03 22:53:59,186.737,1.9094488799999998,0.874,26.133,0.0,0.0,-48.37189711094803,-2.35839241951885,177.97497508148908,Before Launch
3660,2025-05-03 22:53:59,186.793,1.59448824,1.199,26.103,0.0,0.0,-48.22969414498819,-2.337918693306617,177.9419299455606,Before Launch
3661,2025-05-03 22:53:59,186.848,0.4429134,0.194,26.143,0.0,0.0,-47.85963946958044,-2.346693279699135,177.87383133587588,Before Launch
3662,2025-05-03 22:54:00,186.895,2.02099744,1.049,26.14,0.0,0.0,-47.82012979733822,-2.332862302520751,177.85763151546016,Before Launch
3663,2025-05-03 22:54:00,186.941,1.722441,0.644,26.108,0.0,0.0,-48.321882280215874,-2.346016400453287,177.88761168155213,Before Launch
3664,2025-05-03 22:54:00,186.996,0.21325460000000002,-0.171,26.147,0.0,0.0,-48.50860339572451,-2.3607882345931013,177.89828605316546,Before Launch
3665,2025-05-03 22:54:00,187.043,0.07545932,-2.138,26.143,0.0,0.0,-48.913548476380186,-2.3926939943124887,177.90467787574394,Before Launch
3666,2025-05-03 22:54:00,187.092,1.06955384,0.028,26.115,0.0,0.0,-49.290585820937686,-2.384122391735336,177.9267619274039,Before Launch
3667,2025-05-03 22:54:00,187.151,0.4429134,0.959,26.13,0.0,0.0,-49.22467389239128,-2.3800636108213866,177.92606905562437,Before Launch
3668,2025-05-03 22:54:00,187.207,0.21325460000000002,-0.46,26.133,0.0,0.0,-48.95539135486176,-2.3709588884737784,177.93583912248053,Before Launch
3669,2025-05-03 22:54:00,187.255,-0.27559056000000004,-1.568,26.15,0.0,0.0,-48.67769446692224,-2.3444692649345242,177.9439282715784,Before Launch
3670,2025-05-03 22:54:00,187.3,1.84383208,0.997,26.098,0.0,0.0,-48.563084858141835,-2.2853332858024076,177.94555366398987,Before Launch
3671,2025-05-03 22:54:00,187.356,3.41863528,1.957,26.075,0.0,0.0,-48.640710790319794,-2.260428322479773,177.96329248973342,Before Launch
3672,2025-05-03 22:54:00,187.401,4.00918648,2.73,26.14,0.0,0.0,-48.769369873490405,-2.268417047781672,177.98278065164354,Before Launch
3673,2025-05-03 22:54:00,187.453,-0.02624672,-0.073,26.147,0.0,0.0,-48.985765400788466,-2.344897711613336,178.01338781568538,Before Launch
3674,2025-05-03 22:54:00,187.509,0.71194228,-1.258,26.153,0.0,0.0,-49.02255741304054,-2.2873031323546362,178.02690682632038,Before Launch
3675,2025-05-03 22:54:00,187.557,1.31889768,-1.186,26.147,0.0,0.0,-48.76712391465034,-2.2826614991807315,177.99779862383318,Before Launch
3676,2025-05-03 22:54:00,187.604,0.34120735999999996,-0.83,26.12,0.0,0.0,-48.595558150940185,-2.3030173302288626,177.9671982671474,Before Launch
3677,2025-05-03 22:54:00,187.658,0.81364832,0.496,26.143,0.0,0.0,-48.57625162922521,-2.3657595892308456,178.00412674555548,Before Launch
3678,2025-05-03 22:54:00,187.706,0.9317585599999999,0.787,26.14,0.0,0.0,-49.8387395788303,-2.352865625021774,177.9030574071344,Before Launch
3679,2025-05-03 22:54:00,187.752,1.44685044,0.796,26.153,0.0,0.0,-49.67574497230047,-2.466780068099266,177.89529627470463,Before Launch
3680,2025-05-03 22:54:00,187.809,3.41863528,2.723,26.095,0.0,0.0,-49.28761579210069,-2.4330632750153867,177.8862136965335,Before Launch
3681,2025-05-03 22:54:00,187.855,1.21719164,-1.504,26.157,0.0,0.0,-49.48017940212819,-2.8643471995016734,178.46836400762032,Before Launch
3682,2025-05-03 22:54:01,187.902,1.69619428,1.013,26.108,0.0,0.0,-49.96668984433399,-3.229167258149562,179.0487526750776,Before Launch
3683,2025-05-03 22:54:01,187.955,-0.14763779999999999,-1.128,26.155,0.0,0.0,-50.56615861748012,-3.1977613449154147,179.00239843060712,Before Launch
3684,2025-05-03 22:54:01,188.006,-0.12795276,-1.606,26.153,0.0,0.0,-52.15288125897582,-2.478353147786455,178.64938607201643,Before Launch
3685,2025-05-03 22:54:01,188.056,0.58070868,-0.803,26.155,0.0,0.0,-53.8610980274631,-2.1821147106893846,178.46337421706016,Before Launch
3686,2025-05-03 22:54:01,188.113,0.9514436,0.402,26.147,0.0,0.0,-54.96230733681989,-2.2291915385271266,178.27400521103814,Before Launch
3687,2025-05-03 22:54:01,188.159,-0.036089239999999995,-1.627,26.145,0.0,0.0,-54.9502961178881,-1.3378902439534597,178.43503015174988,Before Launch
3688,2025-05-03 22:54:01,188.206,0.11154856,-1.273,26.157,0.0,0.0,-51.696642957683736,-0.8774968272738504,178.69105167920304,Before Launch
3689,2025-05-03 22:54:01,188.261,-0.8825459600000001,-0.866,26.155,0.0,0.0,-45.668514189977095,-0.7586069717922567,180.47810340884521,Before Launch
3690,2025-05-03 22:54:01,188.318,-0.036089239999999995,-0.087,26.145,0.0,0.0,-44.005443839734845,0.32324974342091206,74.65696738148223,Before Launch
3691,2025-05-03 22:54:01,188.367,0.5905511999999999,-0.376,26.145,0.0,0.0,-45.66290298601785,1.6515453601336942,-56.02560336886116,Before Launch
3692,2025-05-03 22:54:01,188.419,-0.25590552,-0.551,26.157,0.0,0.0,-45.66774254193778,2.107387937793953,-94.24783542401005,Before Launch
3693,2025-05-03 22:54:01,188.471,-0.27559056000000004,-0.387,26.15,0.0,0.0,-40.98130192645159,3.6832154954560514,-138.52539321724007,Before Launch
3694,2025-05-03 22:54:01,188.521,0.21325460000000002,0.386,26.147,0.0,0.0,-38.23368856722142,5.488842672523905,-158.57534706161806,Before Launch
3695,2025-05-03 22:54:01,188.569,1.68635176,-0.124,26.153,0.0,0.0,-39.606359233112045,6.72892127398078,-163.4519998787455,Before Launch
3696,2025-05-03 22:54:01,188.621,0.58070868,-2.243,26.145,0.0,0.0,-41.95878684068152,10.837597555909985,-167.77826388035157,Before Launch
3697,2025-05-03 22:54:01,188.67,0.46259843999999994,-2.795,26.15,0.0,0.0,-44.05114907509725,17.443580813138396,-166.1176662338826,Before Launch
3698,2025-05-03 22:54:01,188.72,0.4429134,0.37,26.145,0.0,0.0,-47.169877021052656,24.09314579680465,-160.91508346902944,Before Launch
3699,2025-05-03 22:54:01,188.774,1.42060372,0.56,26.137,0.0,0.0,-48.602580997690275,29.373405266076535,-156.35691098703762,Before Launch
3700,2025-05-03 22:54:01,188.82,1.42060372,0.081,26.137,0.0,0.0,-49.42785242339067,39.53739827682329,-146.68278390444166,Before Launch
3701,2025-05-03 22:54:01,188.869,3.65157492,2.617,26.09,0.0,0.0,-52.55499014254175,43.59600393326391,-144.1553550480464,Before Launch
3702,2025-05-03 22:54:02,188.923,2.38845152,1.245,26.133,0.0,0.0,-54.69257372231544,48.14550902025911,-141.65392146771327,Before Launch
3703,2025-05-03 22:54:02,188.976,3.12664052,1.728,26.128,0.0,0.0,-57.104787164160335,51.16208639240424,-141.20632939657096,Before Launch
3704,2025-05-03 22:54:02,189.022,3.3464568,1.496,26.12,0.0,0.0,-59.14441018528813,54.54868571166304,-141.51666034068384,Before Launch
3705,2025-05-03 22:54:02,189.077,3.3366142799999996,-0.065,26.113,0.0,0.0,-66.6464813217764,63.755997083244665,-137.87265986561613,Before Launch
3706,2025-05-03 22:54:02,189.124,4.675197,2.725,26.095,0.0,0.0,-78.8597734135189,73.19518524568073,-133.6477789086658,Before Launch
3707,2025-05-03 22:54:02,189.169,3.80905524,1.668,26.103,0.0,0.0,-86.38981747140659,77.23472388886162,-130.6528226133267,Before Launch
3708,2025-05-03 22:54:02,189.219,4.6259844,3.777,26.085,0.0,0.0,-98.85986658506282,83.7344064418661,-125.13956824454137,Before Launch
3709,2025-05-03 22:54:02,189.265,3.5400263599999997,2.913,26.073,0.0,0.0,-105.01117337745468,88.2757648607646,-121.99884789511636,Before Launch
3710,2025-05-03 22:54:02,189.321,5.23622064,3.68,26.095,0.0,0.0,-105.76411329315648,90.70402548686997,-123.45422987687344,Before Launch
3711,2025-05-03 22:54:02,189.37,5.24606316,3.417,26.088,0.0,0.0,-103.50534166335913,93.89428395999634,-123.25307986087928,During Launch
3712,2025-05-03 22:54:02,189.418,7.2440947200000005,5.783,26.045,0.0,0.0,-101.27536355444461,95.27749218440042,-122.69069389391771,During Launch
3713,2025-05-03 22:54:02,189.475,4.87532824,3.754,26.088,0.0,0.0,-102.42384078384276,95.05604059367055,-120.8834898387265,During Launch
3714,2025-05-03 22:54:02,189.52,7.56889788,6.713,26.023,0.0,0.0,-105.18834376976905,93.9513834168469,-117.04393876600464,During Launch
3715,2025-05-03 22:54:02,189.566,4.27821536,3.457,26.093,0.0,0.0,-108.19120318031958,92.72001759927859,-110.42321122334795,During Launch
3716,2025-05-03 22:54:02,189.619,6.12204744,4.418,26.093,0.0,0.0,-119.88530768828501,92.95117474252852,-106.70170239480282,During Launch
3717,2025-05-03 22:54:02,189.669,6.1023624000000005,5.087,26.085,0.0,0.0,-104.82043448583005,93.22128730185652,-101.97179023824005,During Launch
3718,2025-05-03 22:54:02,189.716,6.59120756,5.516,26.093,0.0,0.0,-77.02984198253947,92.28560331396535,-100.20628052580949,During Launch
3719,2025-05-03 22:54:02,189.769,4.5275592,3.457,26.095,0.0,0.0,-39.17471356901969,90.516847578017,-97.30834015248915,During Launch
3720,2025-05-03 22:54:02,189.818,5.01640436,2.666,26.093,0.0,0.0,-24.80654830624104,88.5014065522736,-96.16522601288749,During Launch
3721,2025-05-03 22:54:02,189.866,4.64566944,3.265,26.093,0.0,0.0,-21.548387998652363,87.75347183915736,-95.8135975950196,During Launch
3722,2025-05-03 22:54:03,189.92,5.705380760000001,4.194,26.093,0.0,0.0,-76.43149179894287,89.34038602101359,-95.2461956016743,During Launch
3723,2025-05-03 22:54:03,189.971,6.8405514,5.114,26.09,0.0,0.0,-114.60939407052584,90.43063249272284,-95.50822268119161,During Launch
3724,2025-05-03 22:54:03,190.017,5.01640436,2.893,26.088,0.0,0.0,-44.16128396248884,91.96589972275008,-95.44558109441873,During Launch
3725,2025-05-03 22:54:03,190.072,5.02296604,2.877,26.1,0.0,0.0,-11.544106005022563,91.99026586475021,-95.2023822163055,During Launch
3726,2025-05-03 22:54:03,190.119,5.38385844,1.386,26.1,0.0,0.0,4.154984834990672,89.96737432677108,-94.73421042788355,During Launch
3727,2025-05-03 22:54:03,190.165,5.705380760000001,2.671,26.07,0.0,0.0,7.781456447087559,89.21546359730424,-94.0973947374253,During Launch
3728,2025-05-03 22:54:03,190.222,4.65551196,1.227,26.1,0.0,0.0,4.507648432553552,87.56542391371643,-93.34959728026607,During Launch
3729,2025-05-03 22:54:03,190.27,5.75131252,1.927,26.093,0.0,0.0,-7.5489398185465575,88.34468591594057,-95.49355600580397,During Launch
3730,2025-05-03 22:54:03,190.318,5.1443571200000004,1.457,26.098,0.0,0.0,-11.780333865069133,89.11923481318145,-96.74285117968152,During Launch
3731,2025-05-03 22:54:03,190.374,6.42388472,1.399,26.088,0.0,0.0,-53.94538315826307,90.84351921990137,-96.45775956836627,During Launch
3732,2025-05-03 22:54:03,190.421,5.63320228,1.457,26.095,0.0,0.0,-93.10553491283655,92.76224804898517,-96.74590039224033,During Launch
3733,2025-05-03 22:54:03,190.469,5.02296604,0.318,26.1,0.0,0.0,-105.16656631338687,93.5616171988755,-96.97025984343861,During Launch
3734,2025-05-03 22:54:03,190.516,5.2821524,1.393,26.103,0.0,0.0,-120.36108628375233,94.53777965755089,-97.15702053143931,During Launch
3735,2025-05-03 22:54:03,190.566,5.76115504,0.422,26.1,0.0,0.0,-125.7688678173677,94.66892036783976,-97.18794323904918,During Launch
3736,2025-05-03 22:54:03,190.622,6.0203413999999995,0.618,26.108,0.0,0.0,-136.4195580963609,95.33493619692757,-96.48930920769062,During Launch
3737,2025-05-03 22:54:03,190.668,4.42585316,-2.255,26.105,0.0,0.0,-145.35329662960373,95.20169428688288,-96.47326154786481,During Launch
3738,2025-05-03 22:54:03,190.714,5.78084008,0.731,26.108,0.0,0.0,-54.102883189252395,95.10695206573298,-95.34567521460066,During Launch
3739,2025-05-03 22:54:03,190.762,6.0203413999999995,-1.247,26.11,0.0,0.0,42.96653100415158,94.782441332435,-93.17916770131419,During Launch
3740,2025-05-03 22:54:03,190.808,6.148294160000001,1.506,26.108,0.0,0.0,72.86915695589403,93.39816647380452,-91.01199142722282,During Launch
3741,2025-05-03 22:54:03,190.863,7.2736222800000006,0.926,26.115,0.0,0.0,73.06661056699751,91.03807659162442,-89.8853874623116,During Launch
3742,2025-05-03 22:54:04,190.919,6.148294160000001,0.037,26.108,0.0,0.0,70.982436720337,90.1931063170035,-89.38179497081461,During Launch
3743,2025-05-03 22:54:04,190.971,5.80052512,-0.63,26.115,0.0,0.0,58.7183201293906,88.84899800922356,-89.47098291712123,During Launch
3744,2025-05-03 22:54:04,191.019,5.67913404,0.921,26.12,0.0,0.0,23.6878721166636,87.59717330977404,-91.91761557966896,During Launch
3745,2025-05-03 22:54:04,191.074,5.5610238,0.434,26.118,0.0,0.0,0.3038812452197668,85.77383171844062,-94.43389737365406,During Launch
3746,2025-05-03 22:54:04,191.13,4.92454084,0.221,26.11,0.0,0.0,-7.640213585771839,85.15845514036307,-94.76709576719166,During Launch
3747,2025-05-03 22:54:04,191.177,4.77690304,-0.739,26.098,0.0,0.0,-17.097990020169014,86.5485765312071,-96.22310659675533,During Launch
3748,2025-05-03 22:54:04,191.221,7.14238868,0.241,26.105,0.0,0.0,-12.386493967323723,85.96912957178023,-96.93069450403341,During Launch
3749,2025-05-03 22:54:04,191.28,4.94094504,-0.06,26.118,0.0,0.0,-10.100101219721223,85.62230864996341,-96.76320947513025,During Launch
3750,2025-05-03 22:54:04,191.337,5.1804463599999995,0.124,26.113,0.0,0.0,-7.689233319073849,84.26761829623392,-96.31049594790503,During Launch
3751,2025-05-03 22:54:04,191.383,5.4297902,0.036,26.115,0.0,0.0,-9.293641419362906,82.69295266068897,-96.04136182060257,During Launch
3752,2025-05-03 22:54:04,191.433,4.675197,-0.812,26.108,0.0,0.0,-21.44336904233204,82.89993309633509,-96.73761542835193,During Launch
3753,2025-05-03 22:54:04,191.491,5.1804463599999995,0.414,26.103,0.0,0.0,-38.75995959052676,84.74128844852277,-98.03235417492107,During Launch
3754,2025-05-03 22:54:04,191.538,4.32414712,-1.126,26.115,0.0,0.0,-82.96760040666604,90.53320523027087,-100.83233071429727,During Launch
3755,2025-05-03 22:54:04,191.589,5.80052512,0.516,26.108,0.0,0.0,-100.10051338665386,93.8987848852118,-102.1997221723966,During Launch
3756,2025-05-03 22:54:04,191.646,8.24147008,1.429,26.048,0.0,0.0,-121.01394438148147,98.19976404845775,-102.81334183816787,During Launch
3757,2025-05-03 22:54:04,191.692,7.6607614,1.595,26.068,0.0,0.0,-125.32512770394317,98.41103603926793,-102.68157645653446,During Launch
3758,2025-05-03 22:54:04,191.738,6.28937028,0.998,26.113,0.0,0.0,-123.75429664520162,99.16222740880589,-103.27113429299114,During Launch
3759,2025-05-03 22:54:04,191.794,5.41010516,0.1,26.108,0.0,0.0,-120.54181714278035,99.87850898962262,-104.00811997931261,During Launch
3760,2025-05-03 22:54:04,191.842,6.53543328,0.607,26.115,0.0,0.0,-113.602871358561,99.50329367879637,-105.1322426479565,During Launch
3761,2025-05-03 22:54:05,191.89,7.02427844,0.792,26.105,0.0,0.0,-106.35135086318829,94.04544295271994,-111.25942638954075,During Launch
3762,2025-05-03 22:54:05,191.943,8.01837296,2.818,26.038,0.0,0.0,-101.93340293797962,92.44720946840285,-115.7864506295339,During Launch
3763,2025-05-03 22:54:05,191.988,6.49934404,0.564,26.1,0.0,0.0,-88.7538611705004,84.78696784113347,-123.93508807015823,During Launch
3764,2025-05-03 22:54:05,192.037,7.3392390800000005,1.034,26.098,0.0,0.0,-79.64086958149669,61.972714243776316,-143.66039504466298,During Launch
3765,2025-05-03 22:54:05,192.089,7.2276905199999995,0.843,26.093,0.0,0.0,-74.4821692150536,49.49628753132586,-151.19641977866993,During Launch
3766,2025-05-03 22:54:05,192.135,6.942257440000001,-0.261,26.075,0.0,0.0,-44.48033756931058,26.068945719383244,-136.64707580101972,During Launch
3767,2025-05-03 22:54:05,192.181,5.53149624,-0.489,26.103,0.0,0.0,4.311738655337617,-3.50908221537156,-54.77497006011703,During Launch
3768,2025-05-03 22:54:05,192.237,6.0203413999999995,0.174,26.093,0.0,0.0,63.579716592288946,-71.2803922538487,-15.484615936074668,During Launch
3769,2025-05-03 22:54:05,192.296,5.76115504,0.064,26.1,0.0,0.0,85.1901652478272,-95.56095516309391,-4.382003201368455,During Launch
3770,2025-05-03 22:54:05,192.351,4.40616812,-0.904,26.103,0.0,0.0,118.51527626931703,-43.88527295517733,-18.286488744457166,During Launch
3771,2025-05-03 22:54:05,192.399,6.9127298800000005,1.567,26.048,0.0,0.0,-27.720213083023246,29.485564440129604,-55.26416956169002,During Launch
3772,2025-05-03 22:54:05,192.446,4.40616812,-0.292,26.103,0.0,0.0,-68.15465186792264,49.886779861103726,-66.69058692522606,During Launch
3773,2025-05-03 22:54:05,192.504,3.41863528,-2.902,26.095,0.0,0.0,-108.07605208376128,76.21835308758197,-81.2635298574709,During Launch
3774,2025-05-03 22:54:05,192.551,4.77690304,-0.129,26.098,0.0,0.0,-119.47511610988913,88.95834704179441,-90.1905340065983,During Launch
3775,2025-05-03 22:54:05,192.596,5.1443571200000004,-0.029,26.095,0.0,0.0,-122.12634563512349,92.88615192156871,-93.53936525795454,During Launch
3776,2025-05-03 22:54:05,192.641,5.495407,0.052,26.09,0.0,0.0,-121.6479348511993,98.39391458141611,-100.38846675315516,During Launch
3777,2025-05-03 22:54:05,192.695,4.64566944,-0.023,26.093,0.0,0.0,-108.46388417431082,97.14091800992281,-116.77301711453167,During Launch
3778,2025-05-03 22:54:05,192.75,5.24606316,0.052,26.088,0.0,0.0,-101.09170345639808,94.70237257117554,-128.03910340436425,During Launch
3779,2025-05-03 22:54:05,192.804,4.64566944,0.254,26.085,0.0,0.0,-99.12766090418037,93.71665489278166,-130.4701679474696,During Launch
3780,2025-05-03 22:54:05,192.858,4.50787416,-1.019,26.088,0.0,0.0,-95.79051485940758,92.94668400301902,-128.57164560034613,During Launch
3781,2025-05-03 22:54:06,192.909,4.1568242799999995,-3.234,26.095,0.0,0.0,-91.55514375001928,92.75901334842413,-122.4782868836355,During Launch
3782,2025-05-03 22:54:06,192.955,3.7893702,-3.065,26.085,0.0,0.0,-90.17221649732384,91.04775070863523,-118.38955435163865,During Launch
3783,2025-05-03 22:54:06,193.011,3.41863528,-2.255,26.038,0.0,0.0,-90.942854114384,90.43405666923533,-117.07147847759559,During Launch
3784,2025-05-03 22:54:06,193.058,3.4022310799999995,-1.589,26.093,0.0,0.0,-91.2602344136221,88.59659108875192,-115.78659659133174,During Launch
3785,2025-05-03 22:54:06,193.104,3.5039371200000002,-2.402,26.083,0.0,0.0,-89.37014851340413,86.55032394161064,-114.7765773506196,During Launch
3786,2025-05-03 22:54:06,193.16,4.3799214,-2.082,26.083,0.0,0.0,-85.65027586416726,84.74594752565149,-115.31034260586443,During Launch
3787,2025-05-03 22:54:06,193.207,2.81167988,-4.119,26.1,0.0,0.0,-76.51407404233909,82.05343804313335,-115.14148712230237,During Launch
3788,2025-05-03 22:54:06,193.265,3.30052504,-2.505,26.103,0.0,0.0,-70.47622935045439,80.12030779673144,-117.15523719723743,During Launch
3789,2025-05-03 22:54:06,193.31,3.30052504,-3.173,26.098,0.0,0.0,-67.6417488947768,78.61436903491925,-119.36527296573676,During Launch
3790,2025-05-03 22:54:06,193.365,3.1791339599999997,-3.173,26.098,0.0,0.0,-65.59903949983848,75.63658971005091,-124.21113265862353,During Launch
3791,2025-05-03 22:54:06,193.413,1.20734912,-4.487,26.095,0.0,0.0,-66.0774776167631,72.80611226692909,-130.8473013565536,During Launch
3792,2025-05-03 22:54:06,193.462,1.8241470400000002,-2.894,26.098,0.0,0.0,-65.63889720036462,70.85156972817371,-133.62682331412634,During Launch
3793,2025-05-03 22:54:06,193.509,1.69619428,-3.399,26.093,0.0,0.0,-65.43894199332804,65.0412019913943,-139.65132756067132,During Launch
3794,2025-05-03 22:54:06,193.555,1.0892388800000001,-3.711,26.098,0.0,0.0,-61.58436685226434,55.78387184541682,-146.5496117526906,During Launch
3795,2025-05-03 22:54:06,193.612,1.4370079199999999,-2.355,26.093,0.0,0.0,-59.64536553073403,50.18122792331687,-150.11690615260088,During Launch
3796,2025-05-03 22:54:06,193.659,1.69619428,-4.14,26.098,0.0,0.0,-57.03561863873194,38.946375149589294,-157.47308026843828,During Launch
3797,2025-05-03 22:54:06,193.705,2.9035434,-1.194,26.093,0.0,0.0,-54.56474897291827,27.501943945017572,-164.92209083050483,During Launch
3798,2025-05-03 22:54:06,193.76,1.8077428400000002,-1.283,26.01,0.0,0.0,-53.24050996403059,21.62310289644463,-169.3690778548109,During Launch
3799,2025-05-03 22:54:06,193.815,1.9258530799999998,-2.256,26.088,0.0,0.0,-50.89232027227006,11.772285217409195,-176.0765618532937,During Launch
3800,2025-05-03 22:54:06,193.865,1.94553812,-2.521,26.058,0.0,0.0,-47.71682837247687,4.7604546508117185,-72.24155321166144,During Launch
3801,2025-05-03 22:54:07,193.917,0.7185039599999999,-3.744,26.088,0.0,0.0,-44.65476664939687,0.6345148725149694,55.999929657542985,During Launch
3802,2025-05-03 22:54:07,193.97,5.24278232,0.468,26.025,0.0,0.0,-43.90846255827997,-0.7809128470267629,93.67608113093743,During Launch
3803,2025-05-03 22:54:07,194.019,2.58858276,-2.094,26.05,0.0,0.0,-42.965980712595496,-2.7507422302274094,139.12150484828527,During Launch
3804,2025-05-03 22:54:07,194.065,2.38845152,-1.79,26.078,0.0,0.0,-42.39117804920655,-3.8724463791974464,161.53001533997718,During Launch
3805,2025-05-03 22:54:07,194.119,8.75656196,3.369,25.943,0.0,0.0,-41.63016916909675,-4.102343343749456,167.69598780545843,During Launch
3806,2025-05-03 22:54:07,194.166,1.7782152800000002,-1.892,26.075,0.0,0.0,-39.45977673696381,-4.229354010524824,175.08420866392504,During Launch
3807,2025-05-03 22:54:07,194.212,1.5583989999999999,-1.775,26.088,0.0,0.0,-37.776645234427896,-4.031047337306109,177.19196066542298,During Launch
3808,2025-05-03 22:54:07,194.264,2.41469824,-0.801,26.085,0.0,0.0,-35.27012208380457,-3.755392005475326,179.64868018614703,During Launch
3809,2025-05-03 22:54:07,194.313,1.20734912,-1.749,26.095,0.0,0.0,-34.606408472581975,-3.9742506063417338,180.71505579476639,During Launch
3810,2025-05-03 22:54:07,194.362,2.04724416,-1.158,26.038,0.0,0.0,-34.91607975255634,-4.206300899687351,181.24237096835316,During Launch
3811,2025-05-03 22:54:07,194.408,1.30905516,-2.461,26.085,0.0,0.0,-32.09500302258517,-5.485438191443978,182.1953468087748,During Launch
3812,2025-05-03 22:54:07,194.456,0.81036748,-1.602,26.08,0.0,0.0,-32.52445047086363,-4.275778524600572,183.0706793543333,During Launch
3813,2025-05-03 22:54:07,194.511,1.5583989999999999,-1.398,26.088,0.0,0.0,-35.980312693077984,-2.9160643779319626,183.52997315191348,During Launch
3814,2025-05-03 22:54:07,194.568,0.81036748,-1.979,26.08,0.0,0.0,-41.63129139753757,-3.54705478384438,184.29982816813137,During Launch
3815,2025-05-03 22:54:07,194.619,2.85761164,-0.256,26.06,0.0,0.0,-44.474530952191046,-3.184574451670911,184.1024568725184,During Launch
3816,2025-05-03 22:54:07,194.669,-0.036089239999999995,-0.99,26.095,0.0,0.0,-42.707963408178664,-2.5502233455755614,183.5532382391975,During Launch
3817,2025-05-03 22:54:07,194.724,1.9258530799999998,0.081,26.088,0.0,0.0,-41.06349022818453,-2.785362633135351,183.47564015497068,During Launch
3818,2025-05-03 22:54:07,194.772,1.0892388800000001,-0.481,26.083,0.0,0.0,-36.381538933487796,-3.2381874600368166,182.88158316056771,During Launch
3819,2025-05-03 22:54:07,194.822,0.7185039599999999,-0.293,26.098,0.0,0.0,-33.748759576352306,-3.401470197688025,182.19563852347017,During Launch
3820,2025-05-03 22:54:07,194.877,2.86745416,1.131,26.068,0.0,0.0,-29.63243625178373,-3.661214849230146,180.91733867430773,During Launch
3821,2025-05-03 22:54:08,194.926,2.542651,0.668,26.09,0.0,0.0,-27.297487791417243,-3.6346173552972223,180.46874395837364,During Launch
3822,2025-05-03 22:54:08,194.973,1.06955384,-1.446,26.088,0.0,0.0,-26.107900908873834,-3.573946794346401,180.42494538580226,During Launch
3823,2025-05-03 22:54:08,195.028,1.20734912,-0.473,26.095,0.0,0.0,-25.789706281491604,-3.507375860311648,180.45583402257708,During Launch
3824,2025-05-03 22:54:08,195.075,0.7185039599999999,-0.958,26.098,0.0,0.0,-25.663426795582087,-3.374768903596285,180.57085807776542,During Launch
3825,2025-05-03 22:54:08,195.121,1.69619428,-0.199,26.095,0.0,0.0,-25.82797772500203,-3.338415743847474,180.6579282899088,During Launch
3826,2025-05-03 22:54:08,195.167,3.79593188,2.462,26.04,0.0,0.0,-26.176691788299483,-3.2467560660175447,180.60651462269863,During Launch
3827,2025-05-03 22:54:08,195.219,2.53608932,-2.167,26.083,0.0,0.0,-26.328763147605468,-3.1615580826955436,180.59513303936185,During Launch
3828,2025-05-03 22:54:08,195.269,1.20734912,-1.105,26.093,0.0,0.0,-26.306472942393373,-3.1761189344645615,180.54772263840525,During Launch
3829,2025-05-03 22:54:08,195.326,1.5748031999999998,-0.645,26.098,0.0,0.0,-26.128288456487912,-3.1472156037693804,180.3874391924121,During Launch
3830,2025-05-03 22:54:08,195.384,0.60039372,-6.448,26.1,0.0,0.0,-26.2049051842913,-3.182347824700059,180.3513468231707,During Launch
3831,2025-05-03 22:54:08,195.433,0.46916011999999996,-1.033,26.093,0.0,0.0,-26.25954612666832,-3.16078330285994,180.20147238427572,During Launch
3832,2025-05-03 22:54:08,195.483,1.06955384,-0.385,26.09,0.0,0.0,-26.437724372302608,-3.1514871051972193,180.1814866764631,During Launch
3833,2025-05-03 22:54:08,195.528,-0.28543308,-2.136,26.088,0.0,0.0,-26.676556646296778,-3.1445939936147655,179.95346106652767,During Launch
3834,2025-05-03 22:54:08,195.575,0.7185039599999999,-0.387,26.095,0.0,0.0,-26.415152334740426,-3.097981147641991,179.8623186500501,During Launch
3835,2025-05-03 22:54:08,195.633,1.9258530799999998,-0.096,26.09,0.0,0.0,-26.162530426477506,-3.0798528745705114,179.80680215584582,During Launch
3836,2025-05-03 22:54:08,195.688,0.83989504,-0.367,26.095,0.0,0.0,-26.06782258449074,-3.040514693027257,179.69909921268516,During Launch
3837,2025-05-03 22:54:08,195.733,0.70209976,-0.085,26.093,0.0,0.0,-25.998460311685342,-3.017735567138922,179.66233885711307,During Launch
3838,2025-05-03 22:54:08,195.777,3.03149616,1.164,26.088,0.0,0.0,-26.215843455974323,-2.978980834097771,179.67463153292533,During Launch
3839,2025-05-03 22:54:08,195.838,1.8077428400000002,0.785,26.09,0.0,0.0,-26.2483537578786,-2.9705651535746433,179.56797293705125,During Launch
3840,2025-05-03 22:54:09,195.885,1.8077428400000002,-0.829,26.09,0.0,0.0,-26.120943911713393,-2.946962934973034,179.4371695895991,During Launch
3841,2025-05-03 22:54:09,195.935,1.9258530799999998,1.55,26.095,0.0,0.0,-25.978582254549323,-2.902733992624224,179.36463147980825,During Launch
3842,2025-05-03 22:54:09,195.986,1.69619428,-0.182,26.085,0.0,0.0,-25.928100825254482,-2.9027766001948945,179.32425905151368,During Launch
3843,2025-05-03 22:54:09,196.033,1.8241470400000002,0.583,26.098,0.0,0.0,-26.014875020977573,-2.894195352242111,179.2474029916751,During Launch
3844,2025-05-03 22:54:09,196.082,0.70209976,-0.013,26.088,0.0,0.0,-26.026309863131456,-2.854022774493554,179.1955566212973,During Launch
3845,2025-05-03 22:54:09,196.139,1.94553812,-0.731,26.095,0.0,0.0,-25.977886826775354,-2.848663818317731,179.19985275294414,During Launch
3846,2025-05-03 22:54:09,196.195,-0.01968504,-2.019,26.098,0.0,0.0,-25.887252080910635,-2.879347514886005,179.08482797081103,During Launch
3847,2025-05-03 22:54:09,196.242,1.3287402000000001,0.204,26.093,0.0,0.0,-25.870759020006556,-2.8207888528937852,178.95561389408783,During Launch
3848,2025-05-03 22:54:09,196.287,0.95800528,-0.198,26.098,0.0,0.0,-25.810941955272163,-2.8351230454181997,178.8423261079941,During Launch
3849,2025-05-03 22:54:09,196.345,0.95800528,0.189,26.093,0.0,0.0,-25.782153062080056,-2.8314483950068885,178.7409168205408,During Launch
3850,2025-05-03 22:54:09,196.391,2.56233604,0.682,26.093,0.0,0.0,-25.754530057272312,-2.8412153639544733,178.6610206872077,During Launch
3851,2025-05-03 22:54:09,196.438,0.5905511999999999,-2.522,26.095,0.0,0.0,-25.741880299239288,-2.8293497170649062,178.55075213717,During Launch
3852,2025-05-03 22:54:09,196.494,0.7185039599999999,-1.426,26.098,0.0,0.0,-25.72740747009657,-2.820544532533516,178.47572338268273,During Launch
3853,2025-05-03 22:54:09,196.55,1.8241470400000002,0.481,26.095,0.0,0.0,-25.711032600804188,-2.81393641433423,178.43379386864277,During Launch
3854,2025-05-03 22:54:09,196.598,1.0892388800000001,-0.382,26.098,0.0,0.0,-25.723941456142054,-2.8122368249886325,178.37961357889176,During Launch
3855,2025-05-03 22:54:09,196.652,1.20734912,0.479,26.095,0.0,0.0,-25.67168853338822,-2.782953103555614,178.2837060738005,During Launch
3856,2025-05-03 22:54:09,196.702,1.79790032,1.047,26.083,0.0,0.0,-25.67802995071857,-2.7658503526072598,178.22991841111568,During Launch
3857,2025-05-03 22:54:09,196.757,1.5748031999999998,0.397,26.09,0.0,0.0,-25.642410067011607,-2.7770557165461005,178.1701883785337,During Launch
3858,2025-05-03 22:54:09,196.804,0.46916011999999996,0.591,26.095,0.0,0.0,-25.672984022075006,-2.75832181343839,178.07158754560592,During Launch
3859,2025-05-03 22:54:09,196.85,1.20734912,0.383,26.083,0.0,0.0,-25.64443548592403,-2.786137149233071,178.03818957800468,During Launch
3860,2025-05-03 22:54:10,196.905,1.3287402000000001,-0.469,26.095,0.0,0.0,-25.63305956458373,-2.7813041108002166,178.02075198915074,During Launch
3861,2025-05-03 22:54:10,196.957,1.8077428400000002,0.763,26.09,0.0,0.0,-25.69445557694448,-2.759506026405041,177.99645395126183,During Launch
3862,2025-05-03 22:54:10,197.006,0.57086616,-0.103,26.093,0.0,0.0,-25.671245120131704,-2.7305884681510157,177.91709246385767,During Launch
3863,2025-05-03 22:54:10,197.065,1.5748031999999998,-1.131,26.09,0.0,0.0,-25.67067040232748,-2.7171523677428233,177.86351248380143,During Launch
3864,2025-05-03 22:54:10,197.113,1.18766408,-0.486,26.038,0.0,0.0,-25.633011212995225,-2.7681191100222495,177.8074273876662,During Launch
3865,2025-05-03 22:54:10,197.166,0.82021,-0.771,26.088,0.0,0.0,-25.673452478729583,-2.7459309181674154,177.71639216712617,During Launch
3866,2025-05-03 22:54:10,197.213,0.9416010799999999,-0.77,26.09,0.0,0.0,-25.667357140182837,-2.726770932945402,177.6957334005806,During Launch
3867,2025-05-03 22:54:10,197.262,2.06364836,0.288,26.09,0.0,0.0,-25.664113238603615,-2.68622231775072,177.66524209425296,During Launch
3868,2025-05-03 22:54:10,197.309,1.18766408,-0.499,26.088,0.0,0.0,-25.697490903601533,-2.681353055165602,177.56562424357293,During Launch
3869,2025-05-03 22:54:10,197.365,1.6765092400000001,0.759,26.085,0.0,0.0,-25.73190856301229,-2.6350620656472077,177.53680302293463,During Launch
3870,2025-05-03 22:54:10,197.419,2.41469824,0.367,26.085,0.0,0.0,-25.750012385625666,-2.6770755460753937,177.44351880762432,During Launch
3871,2025-05-03 22:54:10,197.467,1.69619428,1.349,26.093,0.0,0.0,-25.754096197702697,-2.679413657769317,177.37577413071403,During Launch
3872,2025-05-03 22:54:10,197.517,0.33136484,-0.782,26.088,0.0,0.0,-25.752507053886156,-2.670696732909168,177.30581538416348,During Launch
3873,2025-05-03 22:54:10,197.563,0.83989504,-0.093,26.095,0.0,0.0,-25.71079999135163,-2.6893198446887934,177.2295009365598,During Launch
3874,2025-05-03 22:54:10,197.61,1.0597113200000001,0.08,26.078,0.0,0.0,-25.670109647554547,-2.671847738005684,177.1957300533538,During Launch
3875,2025-05-03 22:54:10,197.666,0.20341208,-1.85,26.088,0.0,0.0,-25.653215140236874,-2.640821504251404,177.17033401677486,During Launch
3876,2025-05-03 22:54:10,197.72,1.54855648,0.747,26.08,0.0,0.0,-25.646224032946897,-2.6137867740243363,177.14656658374483,During Launch
3877,2025-05-03 22:54:10,197.766,1.30905516,0.464,26.085,0.0,0.0,-25.62540970144002,-2.6337394999577475,177.14861515698453,During Launch
3878,2025-05-03 22:54:10,197.814,2.04724416,0.177,26.073,0.0,0.0,-25.58752248034864,-2.560581740998497,177.15615318855689,During Launch
3879,2025-05-03 22:54:10,197.87,1.1811023999999999,0.072,26.08,0.0,0.0,-25.556165445945666,-2.5709455814901823,177.14416161508353,During Launch
3880,2025-05-03 22:54:11,197.927,1.0597113200000001,-0.116,26.083,0.0,0.0,-25.236652957451906,-2.6150130960924,176.92620736446386,During Launch
3881,2025-05-03 22:54:11,197.973,1.4271654,-0.292,26.083,0.0,0.0,-24.99285787588713,-2.6517597864353997,176.78625493345936,During Launch
3882,2025-05-03 22:54:11,198.025,2.51640428,0.743,26.068,0.0,0.0,-24.983012925547804,-2.6351007065677075,176.793279754711,During Launch
3883,2025-05-03 22:54:11,198.079,1.16141736,0.543,26.073,0.0,0.0,-24.991053329953306,-2.5948928745473556,176.77934748328252,During Launch
3884,2025-05-03 22:54:11,198.13,0.18372704,-0.8,26.078,0.0,0.0,-25.14467915851459,-2.597893785905607,176.7862439458701,During Launch
3885,2025-05-03 22:54:11,198.176,2.1489502000000003,0.645,26.075,0.0,0.0,-25.22873351548871,-2.565618903822238,176.78622429162095,During Launch
3886,2025-05-03 22:54:11,198.23,1.4107612,-0.312,26.075,0.0,0.0,-25.40794980708295,-2.5862130583649066,176.79063791049686,During Launch
3887,2025-05-03 22:54:11,198.277,2.7559055999999997,1.719,26.073,0.0,0.0,-25.50202405752282,-2.5723359772113934,176.78754914031742,During Launch
3888,2025-05-03 22:54:11,198.326,1.2795276,-0.234,26.068,0.0,0.0,-25.514619790013462,-2.5856990710829684,176.77065843325752,During Launch
3889,2025-05-03 22:54:11,198.377,1.7618110800000002,0.454,26.075,0.0,0.0,-25.573611609839592,-2.590997435879498,176.75541386488132,During Launch
3890,2025-05-03 22:54:11,198.424,-0.0656168,-0.704,26.075,0.0,0.0,-25.595250972798198,-2.5556541945796947,176.775255529433,During Launch
3891,2025-05-03 22:54:11,198.471,3.00524944,1.64,26.073,0.0,0.0,-25.59038207532518,-2.5265997102761495,176.80019583904408,During Launch
3892,2025-05-03 22:54:11,198.528,0.18372704,-1.485,26.078,0.0,0.0,-25.55498822758245,-2.4608503017058743,176.74401492469948,During Launch
3893,2025-05-03 22:54:11,198.577,0.18372704,-0.792,26.078,0.0,0.0,-25.552233936175686,-2.473688442710445,176.73883608009325,During Launch
3894,2025-05-03 22:54:11,198.624,1.66010504,-0.013,26.08,0.0,0.0,-25.513392206459542,-2.4968008097101526,176.69662775871703,During Launch
3895,2025-05-03 22:54:11,198.679,1.16141736,-0.995,26.075,0.0,0.0,-25.467582593552617,-2.50263174633886,176.6416651729756,During Launch
3896,2025-05-03 22:54:11,198.738,1.52887144,-0.132,26.07,0.0,0.0,-25.483849356316206,-2.5319675845838048,176.62860126068745,During Launch
3897,2025-05-03 22:54:11,198.789,0.42322836,0.072,26.078,0.0,0.0,-25.53302865347521,-2.5103122558192124,176.56109746165149,During Launch
3898,2025-05-03 22:54:11,198.836,1.16141736,0.253,26.078,0.0,0.0,-25.56128123727073,-2.5208069064424317,176.51641904055296,During Launch
3899,2025-05-03 22:54:12,198.891,0.5446194400000001,-0.402,26.07,0.0,0.0,-25.574153788137494,-2.4697937083208483,176.51626285909816,During Launch
3900,2025-05-03 22:54:12,198.939,0.30511812,0.08,26.07,0.0,0.0,-25.566138618198796,-2.4941973627259175,176.47518679598232,During Launch
3901,2025-05-03 22:54:12,198.985,0.7939632799999999,-0.597,26.073,0.0,0.0,-25.554017684325522,-2.5020616525740467,176.45310898054143,During Launch
3902,2025-05-03 22:54:12,199.041,1.02362208,-0.224,26.068,0.0,0.0,-25.55272301091762,-2.5076920831405145,176.39431993433942,During Launch
3903,2025-05-03 22:54:12,199.088,1.04002628,-0.791,26.075,0.0,0.0,-25.533543014533773,-2.50365663369332,176.31104514545268,During Launch
3904,2025-05-03 22:54:12,199.136,2.7723098,1.257,26.058,0.0,0.0,-25.47597563852644,-2.4891865564472253,176.2696381193548,During Launch
3905,2025-05-03 22:54:12,199.191,2.6738845999999996,1.277,26.033,0.0,0.0,-25.42639133502113,-2.4998326675094327,176.24467878834184,During Launch
3906,2025-05-03 22:54:12,199.244,1.63057748,0.16,26.068,0.0,0.0,-25.44093290635781,-2.4685924546899525,176.2097136675014,During Launch
3907,2025-05-03 22:54:12,199.294,-0.0656168,-2.035,26.075,0.0,0.0,-25.378858611884446,-2.4635479118958363,176.2288598453736,During Launch
3908,2025-05-03 22:54:12,199.342,0.5446194400000001,-0.488,26.075,0.0,0.0,-25.343662331001767,-2.463160066424545,176.25521468774707,During Launch
3909,2025-05-03 22:54:12,199.396,0.7939632799999999,0.482,26.073,0.0,0.0,-25.363314388391494,-2.4656544009840013,176.22439201546283,During Launch
3910,2025-05-03 22:54:12,199.442,0.036089239999999995,-1.669,26.065,0.0,0.0,-25.41959987550774,-2.4633145141044785,176.18525693108944,During Launch
3911,2025-05-03 22:54:12,199.49,2.79199484,1.096,26.068,0.0,0.0,-25.452839009294735,-2.4609550423210136,176.15304518481454,During Launch
3912,2025-05-03 22:54:12,199.544,1.39107616,-1.077,26.068,0.0,0.0,-25.451627554904004,-2.487677528578811,176.0998225447484,During Launch
3913,2025-05-03 22:54:12,199.593,1.39107616,0.088,26.068,0.0,0.0,-25.490469005724247,-2.4766727051817723,176.08788150394844,During Launch
3914,2025-05-03 22:54:12,199.638,0.17388452,-1.259,26.065,0.0,0.0,-25.481076745220903,-2.499275320433673,176.02028351118676,During Launch
3915,2025-05-03 22:54:12,199.695,1.58464572,1.298,26.04,0.0,0.0,-25.524645418705205,-2.4662781843433104,176.00469867632222,During Launch
3916,2025-05-03 22:54:12,199.74,-0.19356956,-2.521,26.07,0.0,0.0,-25.502317479258554,-2.4885629384994923,176.04629816394979,During Launch
3917,2025-05-03 22:54:12,199.79,0.036089239999999995,-0.117,26.045,0.0,0.0,-25.520781548356492,-2.443593692059048,176.07304862059885,During Launch
3918,2025-05-03 22:54:12,199.845,1.63057748,1.141,26.063,0.0,0.0,-25.53663835930253,-2.447866138856903,176.0703591968927,During Launch
3919,2025-05-03 22:54:13,199.894,0.64632548,-0.798,26.06,0.0,0.0,-25.49717553188781,-2.43408735208262,176.07619147631286,During Launch
3920,2025-05-03 22:54:13,199.939,-0.21325460000000002,-1.091,26.06,0.0,0.0,-25.475448081701064,-2.4340506849060075,176.03948808881134,During Launch
3921,2025-05-03 22:54:13,199.993,0.65288716,-0.698,26.01,0.0,0.0,-25.431339287547956,-2.448062479062161,175.98934120251033,During Launch
3922,2025-05-03 22:54:13,200.047,1.24343836,0.652,26.055,0.0,0.0,-25.45544487573408,-2.5230039807032485,175.89352904592673,During Launch
3923,2025-05-03 22:54:13,200.094,1.1154856,-0.037,26.05,0.0,0.0,-25.44366861689522,-2.4230167324402383,175.844034763223,During Launch
3924,2025-05-03 22:54:13,200.144,2.22112868,1.338,26.045,0.0,0.0,-25.45783356596056,-2.4496048202969387,175.83500756111818,During Launch
3925,2025-05-03 22:54:13,200.199,1.50262472,0.95,26.043,0.0,0.0,-25.451404804168682,-2.4499167155538,175.82642801524142,During Launch
3926,2025-05-03 22:54:13,200.247,1.48293968,0.546,26.05,0.0,0.0,-25.437677054300583,-2.4266518030884527,175.88321910660366,During Launch
3927,2025-05-03 22:54:13,200.295,1.73228352,0.565,26.018,0.0,0.0,-25.481364423380068,-2.4250994590547306,175.85741092195406,During Launch
3928,2025-05-03 22:54:13,200.351,1.8536745999999997,0.644,26.05,0.0,0.0,-25.490263508643256,-2.3966370665714534,175.88771928979224,During Launch
3929,2025-05-03 22:54:13,200.397,1.1154856,-1.314,26.023,0.0,0.0,-25.479377385024122,-2.4180947582705725,175.9010954524754,During Launch
3930,2025-05-03 22:54:13,200.446,0.97769032,-1.352,26.045,0.0,0.0,-25.480248143802033,-2.360187431913886,175.90888462943968,During Launch
3931,2025-05-03 22:54:13,200.499,1.1154856,-0.41,26.05,0.0,0.0,-25.484965617380208,-2.3462721444309174,175.91471462502986,During Launch
3932,2025-05-03 22:54:13,200.555,0.25918636,0.258,26.055,0.0,0.0,-25.48399573334742,-2.347889347932836,175.90548827146887,During Launch
3933,2025-05-03 22:54:13,200.605,0.12795276,-0.33,26.04,0.0,0.0,-25.485258713406736,-2.3611028816687614,175.87773097640343,During Launch
3934,2025-05-03 22:54:13,200.652,0.86614176,0.057,26.048,0.0,0.0,-25.50588231682264,-2.4115430199734247,175.86680149414525,During Launch
3935,2025-05-03 22:54:13,200.701,1.1154856,0.857,26.05,0.0,0.0,-25.52407112837201,-2.4192079682019196,175.79279449810133,During Launch
3936,2025-05-03 22:54:13,200.756,1.8536745999999997,-0.741,26.05,0.0,0.0,-25.496791137208934,-2.4281764086944007,175.72050536904501,During Launch
3937,2025-05-03 22:54:13,200.806,2.0833334,0.549,26.018,0.0,0.0,-25.471154637809775,-2.4452278291829073,175.69364688267487,During Launch
3938,2025-05-03 22:54:13,200.862,1.1318898,-0.204,26.04,0.0,0.0,-25.491556762356836,-2.4764996589103965,175.6402135901963,During Launch
3939,2025-05-03 22:54:14,200.909,3.3366142799999996,2.488,25.995,0.0,0.0,-25.42508164987583,-2.4709493660246076,175.61137808994604,During Launch
3940,2025-05-03 22:54:14,200.955,1.97178484,0.307,26.048,0.0,0.0,-25.429532898035834,-2.4745190340693264,175.5980241899206,During Launch
3941,2025-05-03 22:54:14,201.012,1.48293968,1.318,26.05,0.0,0.0,-25.406102528571598,-2.4479114224425396,175.58729019640725,During Launch
3942,2025-05-03 22:54:14,201.061,1.73228352,1.335,26.053,0.0,0.0,-25.39179829120982,-2.456176212474614,175.6108371708787,During Launch
3943,2025-05-03 22:54:14,201.107,0.97769032,-0.517,26.04,0.0,0.0,-25.370527377353824,-2.4152345745877057,175.6325065315783,During Launch
3944,2025-05-03 22:54:14,201.161,1.3451444,0.552,26.045,0.0,0.0,-25.37496892194316,-2.4056234236019263,175.6176551033679,During Launch
3945,2025-05-03 22:54:14,201.209,1.1154856,1.046,26.05,0.0,0.0,-25.302734949670814,-2.4015678068030257,175.6334743680495,During Launch
3946,2025-05-03 22:54:14,201.254,0.74475068,0.073,26.045,0.0,0.0,-25.35428461307838,-2.38416619711112,175.65958039187745,During Launch
3947,2025-05-03 22:54:14,201.311,0.64632548,-0.472,26.06,0.0,0.0,-25.37057767884953,-2.4090983205214425,175.637910060999,During Launch
3948,2025-05-03 22:54:14,201.356,0.6069554,-0.403,26.045,0.0,0.0,-25.414893191321653,-2.366671756850619,175.6355902187524,During Launch
3949,2025-05-03 22:54:14,201.409,2.20144364,-0.016,26.043,0.0,0.0,-25.42502613784191,-2.3716822500151293,175.60492356636215,During Launch
3950,2025-05-03 22:54:14,201.459,1.23359584,-0.214,26.048,0.0,0.0,-25.449265931171247,-2.3708663134788064,175.6045713598806,During Launch
3951,2025-05-03 22:54:14,201.515,1.23359584,-0.197,26.048,0.0,0.0,-25.459192069712895,-2.3929209959615654,175.60402888077604,During Launch
3952,2025-05-03 22:54:14,201.564,0.62664044,-0.871,26.053,0.0,0.0,-25.45533535397969,-2.3813809997602213,175.59656521379085,During Launch
3953,2025-05-03 22:54:14,201.615,3.18897648,1.056,26.045,0.0,0.0,-25.42474675576461,-2.379235926364699,175.58145851812924,During Launch
3954,2025-05-03 22:54:14,201.669,1.3648294399999998,0.196,26.048,0.0,0.0,-25.469679988358077,-2.4007752409339793,175.5903108125432,During Launch
3955,2025-05-03 22:54:14,201.717,1.3451444,0.289,26.048,0.0,0.0,-25.489153771287608,-2.368625898229991,175.58360264975568,During Launch
3956,2025-05-03 22:54:14,201.766,0.59711288,-0.409,26.038,0.0,0.0,-25.47721634533557,-2.3750750487812704,175.58193601796552,During Launch
3957,2025-05-03 22:54:14,201.822,2.20144364,1.533,26.043,0.0,0.0,-25.505838788329008,-2.3534488621908616,175.6387799090405,During Launch
3958,2025-05-03 22:54:14,201.872,1.8339895600000002,1.347,26.043,0.0,0.0,-25.492672488903683,-2.380620073818611,175.59397442577657,During Launch
3959,2025-05-03 22:54:15,201.918,2.22112868,1.07,26.04,0.0,0.0,-25.516153641795313,-2.3945074432325373,175.58940157706147,During Launch
3960,2025-05-03 22:54:15,201.973,2.81167988,1.333,26.038,0.0,0.0,-25.496953362539184,-2.393050211429973,175.53792924956778,During Launch
3961,2025-05-03 22:54:15,202.031,1.21719164,-0.499,26.04,0.0,0.0,-25.48317512660467,-2.393856383317234,175.55688092456919,During Launch
3962,2025-05-03 22:54:15,202.079,1.71259848,-0.291,26.045,0.0,0.0,-25.477217297958678,-2.3704765225139366,175.52740346465308,During Launch
3963,2025-05-03 22:54:15,202.129,2.7263780399999997,1.258,26.0,0.0,0.0,-25.445221523122207,-2.4115624567972285,175.50568901834964,During Launch
3964,2025-05-03 22:54:15,202.174,1.9520997999999998,-1.094,26.045,0.0,0.0,-25.445967740768644,-2.3851414199282184,175.48187699677618,During Launch
3965,2025-05-03 22:54:15,202.222,2.378609,0.321,26.008,0.0,0.0,-25.393222648026693,-2.4011652157233723,175.50698053194915,During Launch
3966,2025-05-03 22:54:15,202.274,1.09580056,-0.307,26.043,0.0,0.0,-25.372509540330775,-2.3854722080088,175.51474669714986,During Launch
3967,2025-05-03 22:54:15,202.33,1.07939636,-0.514,26.04,0.0,0.0,-25.432094618779413,-2.3282354945914876,175.46616837943517,During Launch
3968,2025-05-03 22:54:15,202.377,0.70866144,-0.212,26.025,0.0,0.0,-25.434390672044774,-2.3607461240473175,175.51419855396475,During Launch
3969,2025-05-03 22:54:15,202.433,1.3353018799999998,-0.008,26.038,0.0,0.0,-25.45125529414793,-2.3457398586058527,175.48246592044754,During Launch
3970,2025-05-03 22:54:15,202.49,1.81430452,0.546,26.043,0.0,0.0,-25.46641720673505,-2.362710179740301,175.47107546424323,During Launch
3971,2025-05-03 22:54:15,202.54,2.3031496799999998,1.212,26.02,0.0,0.0,-25.4742985043129,-2.4118075120615123,175.4879807893307,During Launch
3972,2025-05-03 22:54:15,202.585,0.70866144,0.049,26.045,0.0,0.0,-25.476918544673566,-2.367367563378909,175.46469471510702,During Launch
3973,2025-05-03 22:54:15,202.645,1.31889768,0.552,26.03,0.0,0.0,-25.470493604910104,-2.3594596918641537,175.49154156772002,During Launch
3974,2025-05-03 22:54:15,202.692,2.3031496799999998,0.079,26.033,0.0,0.0,-25.45519025372138,-2.3647211553936627,175.4576161426787,During Launch
3975,2025-05-03 22:54:15,202.736,0.83005252,-0.316,26.033,0.0,0.0,-25.478025921272565,-2.3478834855792567,175.42027076147525,During Launch
3976,2025-05-03 22:54:15,202.794,1.81430452,0.454,26.03,0.0,0.0,-25.474385044625855,-2.3214733117476336,175.40846154438717,During Launch
3977,2025-05-03 22:54:15,202.85,1.8044620000000002,0.916,26.028,0.0,0.0,-25.44618702021079,-2.3402334763025707,175.39663335155166,During Launch
3978,2025-05-03 22:54:16,202.898,3.5104988,0.251,26.023,0.0,0.0,-25.421861125917125,-2.3830749750364872,175.40373991601393,During Launch
3979,2025-05-03 22:54:16,202.944,1.8044620000000002,0.345,26.033,0.0,0.0,-25.421916120810426,-2.348798918100025,175.44045003315907,During Launch
3980,2025-05-03 22:54:16,202.999,1.1975065999999999,-0.115,26.033,0.0,0.0,-25.412105946350906,-2.3288795418920776,175.45074412697167,During Launch
3981,2025-05-03 22:54:16,203.047,1.31889768,0.563,26.03,0.0,0.0,-25.39590109802762,-2.310499562214894,175.48692910804203,During Launch
3982,2025-05-03 22:54:16,203.093,1.4370079199999999,-0.601,26.02,0.0,0.0,-25.358579669500234,-2.316689427839918,175.51464284493818,During Launch
3983,2025-05-03 22:54:16,203.149,2.542651,0.555,26.025,0.0,0.0,-25.38449822385667,-2.3032894371527504,175.52309141925875,During Launch
3984,2025-05-03 22:54:16,203.198,1.5583989999999999,-0.518,26.025,0.0,0.0,-25.377707688253594,-2.280294324424448,175.54444539474528,During Launch
3985,2025-05-03 22:54:16,203.245,1.66666672,-0.9,26.015,0.0,0.0,-25.421800523670328,-2.2659835851448733,175.54621598673106,During Launch
3986,2025-05-03 22:54:16,203.3,1.8897638399999999,0.53,26.01,0.0,0.0,-25.44062339834769,-2.272364014001718,175.5608241457264,During Launch
3987,2025-05-03 22:54:16,203.348,1.9258530799999998,0.168,26.025,0.0,0.0,-25.450879613321277,-2.268092553170814,175.5216396141994,During Launch
3988,2025-05-03 22:54:16,203.397,1.53871396,-0.937,26.023,0.0,0.0,-25.454309619117755,-2.298678992193299,175.49677707374678,During Launch
3989,2025-05-03 22:54:16,203.452,-0.18372704,-1.671,26.015,0.0,0.0,-25.43251912669886,-2.32237132977892,175.45347133616426,During Launch
3990,2025-05-03 22:54:16,203.499,1.53871396,-0.658,26.018,0.0,0.0,-25.417431573682883,-2.358945529152816,175.4064513915633,During Launch
3991,2025-05-03 22:54:16,203.546,0.41338584,-0.536,26.013,0.0,0.0,-25.439511377806294,-2.3371835683660627,175.36712840219468,During Launch
3992,2025-05-03 22:54:16,203.6,0.80052496,-0.22,26.018,0.0,0.0,-25.43673519268962,-2.333148314556487,175.3751854315668,During Launch
3993,2025-05-03 22:54:16,203.646,1.8897638399999999,0.931,26.01,0.0,0.0,-25.452326127833505,-2.294938110173197,175.37068278405175,During Launch
3994,2025-05-03 22:54:16,203.695,2.50656176,0.928,26.018,0.0,0.0,-25.41505513800035,-2.306532294337935,175.38771233240843,During Launch
3995,2025-05-03 22:54:16,203.751,0.78412076,-0.817,26.01,0.0,0.0,-25.418647284838492,-2.3014031717697643,175.3888957498698,During Launch
3996,2025-05-03 22:54:16,203.804,0.18372704,-1.677,26.015,0.0,0.0,-25.392639593754915,-2.303292030589405,175.35118960248758,During Launch
3997,2025-05-03 22:54:16,203.854,1.2696850800000001,0.442,26.008,0.0,0.0,-25.38336214851805,-2.2718087144765993,175.38472791283354,During Launch
3998,2025-05-03 22:54:17,203.899,2.00787408,0.549,26.008,0.0,0.0,-25.38102909750045,-2.277640611121274,175.41303329863223,During Launch
3999,2025-05-03 22:54:17,203.955,2.74606308,0.351,26.008,0.0,0.0,-25.372086268541118,-2.2656697918324054,175.40045024757165,During Launch
4000,2025-05-03 22:54:17,204.002,1.39107616,0.443,26.005,0.0,0.0,-25.366519469885592,-2.287395821209986,175.39889242445992,During Launch
4001,2025-05-03 22:54:17,204.057,1.1515748399999999,-0.525,26.01,0.0,0.0,-25.38172715235057,-2.3060140094551436,175.37458387817867,During Launch
4002,2025-05-03 22:54:17,204.107,2.7001313199999997,0.713,26.015,0.0,0.0,-25.400936225722283,-2.3304086823646566,175.3900494577316,During Launch
4003,2025-05-03 22:54:17,204.164,2.25721792,-0.99,26.008,0.0,0.0,-25.449430425543426,-2.299376537799841,175.38879155244786,During Launch
4004,2025-05-03 22:54:17,204.209,1.99146988,0.148,26.0,0.0,0.0,-25.996175490616324,-2.246715874590123,175.5873124459872,During Launch
4005,2025-05-03 22:54:17,204.255,-0.07545932,-1.014,26.01,0.0,0.0,-26.593305326441307,-2.183753070059075,175.8005881909013,During Launch
4006,2025-05-03 22:54:17,204.309,1.28937012,-0.023,26.015,0.0,0.0,-26.76674140597258,-2.183905367389142,175.85171426651746,During Launch
4007,2025-05-03 22:54:17,204.356,1.2696850800000001,-0.132,26.008,0.0,0.0,-26.568329448017515,-2.202270132426787,175.74614986943666,During Launch
