n,Datetime (UTC),Timestamp (s),Altitude (ft),Velocity (ft/s),Temperature (C),Longitude,Latitude,Roll (°),Pitch (°),Yaw (°),Flag
0,2025-05-03 22:58:29,0.189,-0.72506564,,25.294,-1,-1,11.258073328171077,-9.176763110107512,9.87874383622636,Before Launch
1,2025-05-03 22:58:29,1.579,-0.59711288,,25.299,-1,-1,20.938268588868098,-19.24570832427273,19.5514883248121,Before Launch
2,2025-05-03 22:58:29,1.629,1.24343836,,25.297,-1,-1,32.77334397290596,-31.92430684924408,32.02200916727998,Before Launch
3,2025-05-03 22:58:29,1.678,-0.4757218,,25.297,0.0,0.0,17.3212805915894,-23.35853334107504,73.20443258409979,Before Launch
4,2025-05-03 22:58:29,1.732,0.3608924,,25.287,0.0,0.0,-3.8486212834026627,-12.676833460091443,125.29288147980982,Before Launch
5,2025-05-03 22:58:29,1.78,0.61023624,,25.289,0.0,0.0,-14.721643532974316,-7.344800586742231,151.12366577899095,Before Launch
6,2025-05-03 22:58:29,1.843,1.6896326,,25.274,0.0,0.0,-18.028905339486528,-5.779607062924588,158.7838317014035,Before Launch
7,2025-05-03 22:58:29,1.89,-1.94225728,,25.294,0.0,0.0,-21.65396672395325,-4.008784578297253,167.45888580149267,Before Launch
8,2025-05-03 22:58:29,1.952,-0.10826772,,25.304,0.0,0.0,-23.35516159616323,-3.200684714241844,171.4536718166327,Before Launch
9,2025-05-03 22:58:29,2.098,0.38713912,,25.302,0.0,0.0,-24.10434944117944,-2.8623646029803496,173.27452090737077,Before Launch
10,2025-05-03 22:58:30,2.154,-0.09842519999999999,,25.299,0.0,0.0,-24.688602857049442,-2.5915434117880443,174.3968630014771,Before Launch
11,2025-05-03 22:58:30,2.223,-0.09842519999999999,,25.304,0.0,0.0,-24.902446306606592,-2.5308919354300063,174.78055846041872,Before Launch
12,2025-05-03 22:58:30,2.292,0.26902888,,25.304,0.0,0.0,-24.961812978592146,-2.5182412644333185,174.9204494503018,Before Launch
13,2025-05-03 22:58:30,2.338,-0.09842519999999999,,25.304,0.0,0.0,-25.021304140971292,-2.495151987975913,175.04907359957667,Before Launch
14,2025-05-03 22:58:30,2.384,0.38713912,,25.302,0.0,0.0,-25.044105371115556,-2.432866187172161,175.10814478095037,Before Launch
15,2025-05-03 22:58:30,2.427,0.38713912,,25.302,0.0,0.0,-25.080311317221685,-2.4136370663363085,175.25381804810854,Before Launch
16,2025-05-03 22:58:30,2.47,0.71194228,,25.279,0.0,0.0,-25.093907097375613,-2.3904010836575584,175.29019942493778,Before Launch
17,2025-05-03 22:58:30,2.521,0.8759842800000001,,25.302,0.0,0.0,-25.099231574119187,-2.3749451241808743,175.31835115048787,Before Launch
18,2025-05-03 22:58:30,2.564,0.00984252,,25.294,0.0,0.0,-25.145765359630627,-2.3851273617291175,175.3485896831853,Before Launch
19,2025-05-03 22:58:30,2.61,-0.34776904,,25.299,0.0,0.0,-25.176780550659746,-2.394481458282542,175.3165424829659,Before Launch
20,2025-05-03 22:58:30,2.653,1.8930446799999998,,25.254,0.0,0.0,-25.234686486415544,-2.495019519332943,175.30397989162532,Before Launch
21,2025-05-03 22:58:30,2.696,0.00984252,,25.294,0.0,0.0,-25.260829360932583,-2.4603745144235316,175.27909115019253,Before Launch
22,2025-05-03 22:58:30,2.739,0.5085302,,25.299,0.0,0.0,-25.290178087367966,-2.445008901964754,175.23396386467573,Before Launch
23,2025-05-03 22:58:30,2.783,-0.35761156,,25.294,0.0,0.0,-25.29753034736812,-2.428101549995659,175.2261024254009,Before Launch
24,2025-05-03 22:58:30,2.826,0.01968504,,25.302,0.0,0.0,-25.3259107567387,-2.4122228192844943,175.22507060528145,Before Launch
25,2025-05-03 22:58:30,2.868,0.8595800800000001,0.592,25.292,0.0,0.0,-25.32509155259283,-2.4156929993107106,175.2583666544471,Before Launch
26,2025-05-03 22:58:30,2.912,1.00393704,1.201,25.304,0.0,0.0,-25.302347556522836,-2.389530661761517,175.30599161497355,Before Launch
27,2025-05-03 22:58:30,2.955,-0.22965880000000002,-1.111,25.299,0.0,0.0,-25.294625361766943,-2.3966447021209514,175.3019884312948,Before Launch
28,2025-05-03 22:58:30,3.004,1.00393704,1.116,25.302,0.0,0.0,-25.222128749241303,-2.3580630048609974,175.33098633935114,Before Launch
29,2025-05-03 22:58:30,3.053,1.12532812,0.579,25.302,0.0,0.0,-25.160167679259864,-2.3734182443514475,175.32575273582944,Before Launch
30,2025-05-03 22:58:30,3.099,0.61023624,0.0,25.289,0.0,0.0,-25.190545960746892,-2.3087139095513005,175.34202804846737,Before Launch
31,2025-05-03 22:58:31,3.143,0.12139108,-1.206,25.307,0.0,0.0,-25.149068393020475,-2.329736614568376,175.3591552333119,Before Launch
32,2025-05-03 22:58:31,3.186,0.62664044,1.982,25.297,0.0,0.0,-25.12928304414129,-2.3266307820909495,175.37685255756637,Before Launch
33,2025-05-03 22:58:31,3.231,-0.59711288,-0.382,25.299,0.0,0.0,-25.050632924458323,-2.3528645930886483,175.34723161576534,Before Launch
34,2025-05-03 22:58:31,3.274,0.01968504,-0.312,25.302,0.0,0.0,-25.018660240377567,-2.3640205072752045,175.32592372632217,Before Launch
35,2025-05-03 22:58:31,3.319,-0.09842519999999999,0.0,25.304,0.0,0.0,-24.992283570988697,-2.3981185983563975,175.28146887334174,Before Launch
36,2025-05-03 22:58:31,3.363,0.81364832,0.8,25.27,0.0,0.0,-25.00199334728395,-2.3669952779418484,175.27625028985938,Before Launch
37,2025-05-03 22:58:31,3.411,-1.45341212,-1.539,25.302,0.0,0.0,-25.02048321126335,-2.386497957976934,175.26519213831696,Before Launch
38,2025-05-03 22:58:31,3.465,1.7716536,1.659,25.262,0.0,0.0,-25.02546465698448,-2.40432113060623,175.22741178249913,Before Launch
39,2025-05-03 22:58:31,3.514,-1.33202104,-1.521,25.297,0.0,0.0,-25.02998223121393,-2.398534841252261,175.18393461753644,Before Launch
40,2025-05-03 22:58:31,3.566,-0.24606299999999998,-0.556,25.292,0.0,0.0,-25.094553621241854,-2.4400986005118726,175.15425384852077,Before Launch
41,2025-05-03 22:58:31,3.614,-0.4757218,-1.038,25.297,0.0,0.0,-25.16278028748201,-2.438570360943928,175.16760688475088,Before Launch
42,2025-05-03 22:58:31,3.667,-0.49540683999999996,-1.197,25.289,0.0,0.0,-25.1705970436054,-2.461450896577193,175.17771803760309,Before Launch
43,2025-05-03 22:58:31,3.721,-0.71522312,-0.627,25.294,0.0,0.0,-25.18159471155092,-2.4380766997840646,175.17741653719094,Before Launch
44,2025-05-03 22:58:31,3.778,0.61023624,0.82,25.289,0.0,0.0,-25.215014396985833,-2.4283527571729993,175.19725045153805,Before Launch
45,2025-05-03 22:58:31,3.833,0.24278216,-1.399,25.289,0.0,0.0,-25.22565366377735,-2.4416382882668546,175.21207705799762,Before Launch
46,2025-05-03 22:58:31,3.884,-0.51181104,-0.439,25.292,0.0,0.0,-25.20724021471007,-2.418509171240255,175.20846398874417,Before Launch
47,2025-05-03 22:58:31,3.937,0.00984252,-0.416,25.289,0.0,0.0,-25.22583768929067,-2.3922805154412963,175.2086261239431,Before Launch
48,2025-05-03 22:58:31,3.996,-1.46325464,-0.911,25.294,0.0,0.0,-25.233407118944704,-2.3939169637695263,175.19772304677034,Before Launch
49,2025-05-03 22:58:31,4.042,-0.10826772,-0.105,25.297,0.0,0.0,-25.224917318284994,-2.3713493360061104,175.1686044399008,Before Launch
50,2025-05-03 22:58:31,4.097,-0.59711288,-1.185,25.279,0.0,0.0,-25.18070478035097,-2.3663857213945327,175.1522937392752,Before Launch
51,2025-05-03 22:58:32,4.147,-1.2139108,-1.796,25.267,0.0,0.0,-25.127242540661147,-2.4144220862586225,175.10928526278866,Before Launch
52,2025-05-03 22:58:32,4.203,0.48228348,0.57,25.284,0.0,0.0,-25.100386386763876,-2.4107880671601114,175.08859037616793,Before Launch
53,2025-05-03 22:58:32,4.263,-0.35761156,-1.081,25.294,0.0,0.0,-25.11613716991053,-2.4641733974070332,175.03487502332857,Before Launch
54,2025-05-03 22:58:32,4.314,1.05314964,-0.057,25.289,0.0,0.0,-25.102543780375058,-2.5084846209620215,175.01110228049856,Before Launch
55,2025-05-03 22:58:32,4.366,-0.35761156,-0.764,25.287,0.0,0.0,-25.15005730175847,-2.514773655748408,175.01012301037423,Before Launch
56,2025-05-03 22:58:32,4.422,0.00984252,-0.087,25.294,0.0,0.0,-25.14067084824053,-2.4869968890245717,175.03334061822008,Before Launch
57,2025-05-03 22:58:32,4.476,-0.59711288,-0.949,25.299,0.0,0.0,-25.134636997762207,-2.4620230083021983,174.99421336673916,Before Launch
58,2025-05-03 22:58:32,4.524,0.25918636,0.662,25.297,0.0,0.0,-25.111072429414847,-2.4952971198039813,174.9838141729433,Before Launch
59,2025-05-03 22:58:32,4.575,0.25918636,0.184,25.284,0.0,0.0,-25.100355163389494,-2.5265512197557527,174.88110056921607,Before Launch
60,2025-05-03 22:58:32,4.631,0.5085302,0.463,25.297,0.0,0.0,-25.178936058644965,-2.5234368812128314,174.83426408614525,Before Launch
61,2025-05-03 22:58:32,4.681,-0.10826772,-0.699,25.294,0.0,0.0,-25.172274941757802,-2.5408209693219233,174.83046227694928,Before Launch
62,2025-05-03 22:58:32,4.727,-0.59711288,0.651,25.292,0.0,0.0,-25.195985223079774,-2.498892327272859,174.87608524942286,Before Launch
63,2025-05-03 22:58:32,4.788,-0.84645672,-1.979,25.297,0.0,0.0,-25.208551743331743,-2.5338353542096477,174.90684908833296,Before Launch
64,2025-05-03 22:58:32,4.844,-0.84645672,0.365,25.292,0.0,0.0,-25.244287120508545,-2.4505302958936768,174.97294737538923,Before Launch
65,2025-05-03 22:58:32,4.901,-0.72506564,-0.359,25.294,0.0,0.0,-25.239668640698678,-2.461244948525958,174.9767797572904,Before Launch
66,2025-05-03 22:58:32,4.955,1.07939636,1.16,25.279,0.0,0.0,-25.255326667442095,-2.4413744013099032,174.99332698744897,Before Launch
67,2025-05-03 22:58:32,5.003,-0.84645672,-0.263,25.289,0.0,0.0,-25.242571648647033,-2.4585459198976967,174.99246071899415,Before Launch
68,2025-05-03 22:58:32,5.052,-0.61351708,0.076,25.292,0.0,0.0,-25.254879725776465,-2.481362212867134,174.99202558120334,Before Launch
69,2025-05-03 22:58:32,5.099,-1.2139108,-1.381,25.297,0.0,0.0,-25.221491520739214,-2.458459959060174,174.9601846677245,Before Launch
70,2025-05-03 22:58:33,5.146,2.01115492,1.347,25.257,0.0,0.0,-25.16192042159423,-2.5735878788163165,174.93075615443246,Before Launch
71,2025-05-03 22:58:33,5.202,-0.59711288,-0.065,25.297,0.0,0.0,-25.1847771064326,-2.5564952522232276,174.89380976465728,Before Launch
72,2025-05-03 22:58:33,5.247,0.38057744,0.283,25.294,0.0,0.0,-23.428779623066816,-2.6091281842167415,174.63662713230758,Before Launch
73,2025-05-03 22:58:33,5.292,-1.25000004,0.165,25.299,0.0,0.0,-21.80957459348729,-2.6397737510776116,174.43002087585225,Before Launch
74,2025-05-03 22:58:33,5.348,-1.46325464,-1.038,25.294,0.0,0.0,-20.462636292083,-2.687952624638465,174.23399725421953,Before Launch
75,2025-05-03 22:58:33,5.395,-0.34776904,0.192,25.302,0.0,0.0,-21.336662867651302,-2.648263605938734,174.4211627826409,Before Launch
76,2025-05-03 22:58:33,5.442,2.15879272,2.604,25.294,0.0,0.0,-21.486664578498054,-2.384928597060791,174.4937634049409,Before Launch
77,2025-05-03 22:58:33,5.496,0.38713912,-0.074,25.302,0.0,0.0,-20.04783174309405,-2.290054838859933,173.6296577008423,Before Launch
78,2025-05-03 22:58:33,5.546,-0.46916011999999996,-0.087,25.304,0.0,0.0,-17.398628309047496,-2.157375354829699,169.52277204572292,Before Launch
79,2025-05-03 22:58:33,5.592,0.56430448,-0.383,25.267,0.0,0.0,-16.13566205027544,-2.2386651332860876,165.2683885132575,Before Launch
80,2025-05-03 22:58:33,5.645,1.05314964,1.103,25.264,0.0,0.0,-15.426440125452068,-2.437688974816453,163.99097986368338,Before Launch
81,2025-05-03 22:58:33,5.691,1.74540688,1.368,25.242,0.0,0.0,-15.557147867338035,-2.3817180804703164,164.23621024056962,Before Launch
82,2025-05-03 22:58:33,5.739,0.38057744,0.774,25.294,0.0,0.0,-18.95049880898207,-2.071850688632513,169.53679738699654,Before Launch
83,2025-05-03 22:58:33,5.795,0.5085302,0.196,25.294,0.0,0.0,-21.11347019759584,-1.9099465423902604,171.79045808993408,Before Launch
84,2025-05-03 22:58:33,5.844,-1.46325464,-1.357,25.284,0.0,0.0,-25.44820052816729,-1.7188838241516944,174.71536577572581,Before Launch
85,2025-05-03 22:58:33,5.889,0.01968504,-0.389,25.297,0.0,0.0,-30.35034993721253,-1.7515824749030933,176.2128881833177,Before Launch
86,2025-05-03 22:58:33,5.945,-0.61351708,-0.4,25.292,0.0,0.0,-31.640391738117067,-1.817265389085243,176.6183597460406,Before Launch
87,2025-05-03 22:58:33,6.0,-0.10826772,0.384,25.297,0.0,0.0,-33.16270778146787,-2.1362477542244847,176.7193536473963,Before Launch
88,2025-05-03 22:58:33,6.048,-0.20997376,0.505,25.307,0.0,0.0,-33.025860525902594,-3.1872753301720653,175.76568853278945,Before Launch
89,2025-05-03 22:58:33,6.1,0.01968504,0.69,25.299,0.0,0.0,-30.44598604718138,-3.7907589257854535,174.35421894588384,Before Launch
90,2025-05-03 22:58:34,6.156,1.20078744,1.535,25.277,0.0,0.0,-29.143288682995443,-3.914015149567903,173.66513976366136,Before Launch
91,2025-05-03 22:58:34,6.203,-0.09842519999999999,-0.944,25.304,0.0,0.0,-23.76263262296881,-3.897574486810042,170.58762645193733,Before Launch
92,2025-05-03 22:58:34,6.251,1.3484252399999999,1.759,25.297,0.0,0.0,-17.12896810111055,-3.4689046004485715,161.42446069455676,Before Launch
93,2025-05-03 22:58:34,6.305,-0.22965880000000002,0.306,25.299,0.0,0.0,-15.121844971449974,-3.2748233358574255,157.33595000169996,Before Launch
94,2025-05-03 22:58:34,6.363,2.6574804000000003,3.063,25.27,0.0,0.0,-13.524666315032611,-2.9731671137304123,153.0803489633072,Before Launch
95,2025-05-03 22:58:34,6.416,0.01968504,-1.568,25.304,0.0,0.0,-12.976615192834458,-2.8159405244150593,153.2686597930955,Before Launch
96,2025-05-03 22:58:34,6.461,1.56824152,1.72,25.277,0.0,0.0,-13.011328297876025,-2.839324724768359,156.27891535228778,Before Launch
97,2025-05-03 22:58:34,6.516,0.8759842800000001,0.39,25.299,0.0,0.0,-14.308597063077553,-2.608644021464126,163.66286035781786,Before Launch
98,2025-05-03 22:58:34,6.569,1.9816273599999998,2.531,25.299,0.0,0.0,-19.072011533599433,-2.50770467514652,169.3610984184595,Before Launch
99,2025-05-03 22:58:34,6.619,-0.20997376,0.986,25.289,0.0,0.0,-24.779428250221567,-2.4088608801251,172.90991467024284,Before Launch
100,2025-05-03 22:58:34,6.667,-0.72506564,-0.297,25.294,0.0,0.0,-26.362556137465884,-2.4702767441524505,173.8758648429876,Before Launch
101,2025-05-03 22:58:34,6.713,-0.22965880000000002,-1.879,25.297,0.0,0.0,-28.27321588172269,-2.6495062111174574,174.99690615991003,Before Launch
102,2025-05-03 22:58:34,6.768,1.07939636,0.544,25.279,0.0,0.0,-28.604018792462085,-3.0781902352370194,174.84187477813182,Before Launch
103,2025-05-03 22:58:34,6.813,0.8759842800000001,1.062,25.302,0.0,0.0,-25.783330873121564,-3.434699540762979,173.36694307599768,Before Launch
104,2025-05-03 22:58:34,6.868,0.15748032,-0.319,25.304,0.0,0.0,-23.05847336181907,-3.4549747630905703,171.7132340706071,Before Launch
105,2025-05-03 22:58:34,6.917,-0.34776904,-1.101,25.302,0.0,0.0,-16.39854841657179,-3.2829110217299005,161.01931093967679,Before Launch
106,2025-05-03 22:58:34,6.962,-0.34776904,-1.647,25.302,0.0,0.0,-13.505584523019323,-3.171975892952917,144.98263796496252,Before Launch
107,2025-05-03 22:58:34,7.015,0.03937008,-0.267,25.309,0.0,0.0,-11.179391742937831,-2.9788041251601705,125.4396209349521,Before Launch
108,2025-05-03 22:58:34,7.064,1.14173232,0.499,25.309,0.0,0.0,-10.173848649776383,-2.952932159700985,115.72300236953349,Before Launch
109,2025-05-03 22:58:35,7.112,-0.20997376,0.988,25.307,0.0,0.0,-9.473177298139653,-2.969946860487296,131.02511614870477,Before Launch
110,2025-05-03 22:58:35,7.168,-0.10826772,-0.1,25.302,0.0,0.0,-9.60868260364127,-2.875390188016253,141.23615418806378,Before Launch
111,2025-05-03 22:58:35,7.222,0.40682416,0.799,25.309,0.0,0.0,-12.513335663186055,-2.683311577470267,156.90804432162145,Before Launch
112,2025-05-03 22:58:35,7.268,0.75787404,0.683,25.277,0.0,0.0,-17.7537313772662,-2.666407464309676,166.23289779051882,Before Launch
113,2025-05-03 22:58:35,7.319,-0.9481627599999999,-0.581,25.307,0.0,0.0,-19.339185056496525,-2.4757561077977708,169.26612819611498,Before Launch
114,2025-05-03 22:58:35,7.364,0.03937008,0.016,25.304,0.0,0.0,-21.934009858480977,-2.1223555495826427,173.12553548631232,Before Launch
115,2025-05-03 22:58:35,7.41,0.8956693200000001,-0.243,25.307,0.0,0.0,-23.2070614340384,-2.135294882733729,174.1849386333248,Before Launch
116,2025-05-03 22:58:35,7.463,1.73228352,1.453,25.309,0.0,0.0,-20.32755330168016,-1.956710610184189,174.79101482841935,Before Launch
117,2025-05-03 22:58:35,7.513,0.15748032,-0.944,25.307,0.0,0.0,-13.521424531420767,-1.8998918811969507,171.59382999672292,Before Launch
118,2025-05-03 22:58:35,7.564,-0.9481627599999999,-0.571,25.307,0.0,0.0,-10.378130830599192,-2.0253070045137433,165.46154125534215,Before Launch
119,2025-05-03 22:58:35,7.619,-0.69881892,-2.672,25.309,0.0,0.0,-6.22593060213569,-2.223435024602404,128.54548021457438,Before Launch
120,2025-05-03 22:58:35,7.67,-1.55511816,-1.256,25.312,0.0,0.0,-2.857726484573199,-2.377662166039887,77.22091951143912,Before Launch
121,2025-05-03 22:58:35,7.722,0.5085302,-0.84,25.299,0.0,0.0,0.26416923401264203,-2.4597518709883204,47.75189517169001,Before Launch
122,2025-05-03 22:58:35,7.77,1.1811023999999999,0.243,25.294,0.0,0.0,1.560964711741974,-2.318727293095572,32.66237059731371,Before Launch
123,2025-05-03 22:58:35,7.826,0.15748032,-1.451,25.304,0.0,0.0,-0.515106263020177,-1.790970410440028,56.420471856637775,Before Launch
124,2025-05-03 22:58:35,7.872,1.21719164,1.139,25.264,0.0,0.0,-2.4802493224236675,-0.22334586865334316,89.65440967611927,Before Launch
125,2025-05-03 22:58:35,7.923,0.48884516,0.966,25.297,0.0,0.0,-3.5310717554057005,0.6835532948075067,105.54548149479024,Before Launch
126,2025-05-03 22:58:35,7.974,0.15748032,0.307,25.314,0.0,0.0,-6.19671721455823,2.4050706076545083,135.02007727185952,Before Launch
127,2025-05-03 22:58:35,8.026,-0.20997376,-1.025,25.307,0.0,0.0,-9.212005670105157,3.659989064423739,152.9145010879184,Before Launch
128,2025-05-03 22:58:35,8.077,-0.34776904,-0.968,25.297,0.0,0.0,-10.24038534262052,4.270800475390819,160.84890885580623,Before Launch
129,2025-05-03 22:58:36,8.132,-0.33136484,-0.387,25.309,0.0,0.0,-11.779886485445603,6.734071510886614,-2.417964588548756,Before Launch
130,2025-05-03 22:58:36,8.18,-0.69881892,-0.278,25.309,0.0,0.0,-13.017726195640758,9.653285820732624,-77.7222788895074,Before Launch
131,2025-05-03 22:58:36,8.225,-0.34776904,0.0,25.304,0.0,0.0,-13.764330426757125,14.48489266213719,-107.36328175729894,Before Launch
132,2025-05-03 22:58:36,8.284,3.1003938,2.412,25.245,0.0,0.0,-14.324049546950905,17.293723848110822,-113.52147753794303,Before Launch
133,2025-05-03 22:58:36,8.333,-0.59711288,-1.37,25.299,0.0,0.0,-15.96129800697125,23.2006523432621,-118.14383252403165,Before Launch
134,2025-05-03 22:58:36,8.379,1.00393704,0.958,25.294,0.0,0.0,-16.678233784951857,25.416989365377756,-118.66507710581956,Before Launch
135,2025-05-03 22:58:36,8.433,0.48884516,0.472,25.292,0.0,0.0,-17.57454813210606,27.729607701044856,-118.70801176646235,Before Launch
136,2025-05-03 22:58:36,8.48,0.8759842800000001,0.373,25.299,0.0,0.0,-17.831824706519686,29.288126698385895,-118.37057148824839,Before Launch
137,2025-05-03 22:58:36,8.531,-0.71522312,-1.166,25.302,0.0,0.0,-17.271436347287136,28.014527896799258,-119.4607262132679,Before Launch
138,2025-05-03 22:58:36,8.584,1.9783465199999999,2.313,25.237,0.0,0.0,-15.331252214010583,22.847884964113604,-125.46280432098068,Before Launch
139,2025-05-03 22:58:36,8.632,0.14107612,0.08,25.294,0.0,0.0,-16.10978682566283,15.455221055401289,-144.01310535755192,Before Launch
140,2025-05-03 22:58:36,8.683,0.38713912,-0.399,25.307,0.0,0.0,-17.95541441089713,6.713892384135953,-58.20887475709701,Before Launch
141,2025-05-03 22:58:36,8.738,-0.34776904,-1.631,25.282,0.0,0.0,-18.754701379229473,2.1774843252859526,56.89745968532203,Before Launch
142,2025-05-03 22:58:36,8.796,0.75787404,0.468,25.302,0.0,0.0,-19.03211505997327,0.8958222768634452,91.05013586975869,Before Launch
143,2025-05-03 22:58:36,8.843,-0.4757218,0.369,25.297,0.0,0.0,-18.347776673238194,-0.8778711080499009,133.71144666872547,Before Launch
144,2025-05-03 22:58:36,8.895,-1.09251972,-0.309,25.294,0.0,0.0,-17.564293083866733,-1.7135815366442555,154.29691045314541,Before Launch
145,2025-05-03 22:58:36,8.948,-0.9842519999999999,0.447,25.292,0.0,0.0,-17.49924685678816,-1.9671647256306681,160.42971873455727,Before Launch
146,2025-05-03 22:58:36,8.996,-1.83070872,-1.836,25.294,0.0,0.0,-17.584946780324774,-2.155860964638416,167.93019162791157,Before Launch
147,2025-05-03 22:58:36,9.042,-0.96456696,-1.687,25.292,0.0,0.0,-16.67688464070523,-2.176385780218547,170.19929263717867,Before Launch
148,2025-05-03 22:58:36,9.099,-0.5774278399999999,-0.577,25.302,0.0,0.0,-15.668068749431628,-2.1944339433121423,168.76814386301575,Before Launch
149,2025-05-03 22:58:37,9.146,-0.46916011999999996,-1.324,25.304,0.0,0.0,-13.774222465918395,-2.1564579846116394,154.11148143121446,Before Launch
150,2025-05-03 22:58:37,9.193,-1.08595804,-1.24,25.297,0.0,0.0,-12.841670935582982,-2.420626867185715,145.81500870547927,Before Launch
151,2025-05-03 22:58:37,9.25,-0.09842519999999999,-0.201,25.297,0.0,0.0,-11.360496799885242,-2.4812486470959567,143.35820291704627,Before Launch
152,2025-05-03 22:58:37,9.303,-0.8366142,-0.491,25.304,0.0,0.0,-10.456421576961752,-2.3326753599972476,152.85338955681067,Before Launch
153,2025-05-03 22:58:37,9.352,-0.10826772,0.188,25.297,0.0,0.0,-18.226373375080765,-2.3662775554864974,165.25353809147728,Before Launch
154,2025-05-03 22:58:37,9.401,0.01968504,0.277,25.302,0.0,0.0,-21.4016975332848,-2.277015883892001,169.1019797816763,Before Launch
155,2025-05-03 22:58:37,9.448,1.0990814,1.418,25.287,0.0,0.0,-25.36224075335108,-2.284383838304773,173.54205596436844,Before Launch
156,2025-05-03 22:58:37,9.493,0.38713912,0.58,25.302,0.0,0.0,-28.151577043313694,-2.680997372676715,175.5235025215258,Before Launch
157,2025-05-03 22:58:37,9.549,1.4665354800000001,-1.292,25.264,0.0,0.0,-25.52153824821329,-2.881987808905477,175.45255720626466,Before Launch
158,2025-05-03 22:58:37,9.607,0.5085302,0.868,25.299,0.0,0.0,-23.27238047932616,-2.954212560538639,174.37707502281887,Before Launch
159,2025-05-03 22:58:37,9.653,0.8956693200000001,-0.085,25.307,0.0,0.0,-17.279872011181087,-3.0359680026884464,166.22862938987103,Before Launch
160,2025-05-03 22:58:37,9.699,0.38713912,-0.08,25.302,0.0,0.0,-13.578400065559581,-3.0352614421507482,139.5398490444931,Before Launch
161,2025-05-03 22:58:37,9.754,1.61417328,0.579,25.299,0.0,0.0,-10.112744652842817,-3.033757335217853,107.33254312018201,Before Launch
162,2025-05-03 22:58:37,9.803,0.3608924,0.846,25.287,0.0,0.0,-9.296348219134803,-3.0305311582109535,90.825756728375,Before Launch
163,2025-05-03 22:58:37,9.849,2.15879272,0.143,25.302,0.0,0.0,-9.289674843530893,-3.329907776340873,92.41220071665006,Before Launch
164,2025-05-03 22:58:37,9.904,3.2644357999999998,2.455,25.264,0.0,0.0,-10.506185595303638,-3.1267074532712,121.56260460510825,Before Launch
165,2025-05-03 22:58:37,9.951,0.62664044,0.189,25.302,0.0,0.0,-15.56511102945685,-2.739129725581302,147.64058589789062,Before Launch
166,2025-05-03 22:58:37,10.004,1.59448824,1.534,25.299,0.0,0.0,-21.98682583512081,-2.362117091569142,163.06010685710444,Before Launch
167,2025-05-03 22:58:37,10.062,-0.09842519999999999,-0.676,25.304,0.0,0.0,-24.198484333951402,-2.1759801494297566,167.66884580076427,Before Launch
168,2025-05-03 22:58:38,10.115,0.8956693200000001,1.078,25.309,0.0,0.0,-27.205600389161326,-2.2885199378572683,173.16457957933946,Before Launch
169,2025-05-03 22:58:38,10.164,0.8956693200000001,1.567,25.302,0.0,0.0,-28.317990315203396,-1.9183111886356325,176.09977623271274,Before Launch
170,2025-05-03 22:58:38,10.211,1.2631234,1.779,25.302,0.0,0.0,-29.25756616142493,-1.7847521026810198,177.04960029817616,Before Launch
171,2025-05-03 22:58:38,10.267,1.2631234,2.434,25.307,0.0,0.0,-28.379643644333655,-2.344616587112871,177.0172441434698,Before Launch
172,2025-05-03 22:58:38,10.316,0.8759842800000001,1.445,25.299,0.0,0.0,-21.542571105219547,-2.975587803299318,172.25569304970134,Before Launch
173,2025-05-03 22:58:38,10.361,-0.08202100000000001,0.393,25.304,0.0,0.0,-12.85157372875404,-3.0065667099765805,128.20891803332734,Before Launch
174,2025-05-03 22:58:38,10.417,1.55183732,1.59,25.27,0.0,0.0,-9.133915736410167,-2.986791511305922,97.29309068568516,Before Launch
175,2025-05-03 22:58:38,10.467,1.3287402000000001,1.895,25.282,0.0,0.0,-5.576371898498259,-3.014849613901565,60.50909107972011,Before Launch
176,2025-05-03 22:58:38,10.515,0.5249344,0.493,25.294,0.0,0.0,-4.821943194889287,-3.042152857707989,41.8744745784084,Before Launch
177,2025-05-03 22:58:38,10.569,0.77427824,1.272,25.312,0.0,0.0,-5.470155075916592,-3.0365591840339565,40.350838313016105,Before Launch
178,2025-05-03 22:58:38,10.616,0.53477692,0.509,25.307,0.0,0.0,-6.940227401539585,-3.094295226964728,74.41388227658373,Before Launch
179,2025-05-03 22:58:38,10.664,0.63648296,0.488,25.307,0.0,0.0,-10.19486118371336,-3.4143141098408525,118.4365091803038,Before Launch
180,2025-05-03 22:58:38,10.722,-0.09842519999999999,-0.94,25.304,0.0,0.0,-15.961048919541767,-4.330308745420774,133.8374375990045,Before Launch
181,2025-05-03 22:58:38,10.775,1.63057748,0.97,25.307,0.0,0.0,-25.28795653566018,-5.795699336676653,153.38757048539406,Before Launch
182,2025-05-03 22:58:38,10.824,-0.81692916,-1.791,25.307,0.0,0.0,-30.04745440315981,-7.27932733696253,162.6260775163926,Before Launch
183,2025-05-03 22:58:38,10.875,1.14173232,0.499,25.302,0.0,0.0,-31.72938278866659,-7.84645220312882,167.49426127204023,Before Launch
184,2025-05-03 22:58:38,10.93,0.28543308,-0.478,25.312,0.0,0.0,-31.64463580616788,-7.648196327839847,168.91619309738363,Before Launch
185,2025-05-03 22:58:38,10.977,-0.0656168,-0.354,25.319,0.0,0.0,-27.028767788937177,-7.217334508088492,169.4389249474455,Before Launch
186,2025-05-03 22:58:38,11.03,-1.0498688,-2.088,25.312,0.0,0.0,-20.194029871101858,-6.356217811420122,165.98320898295245,Before Launch
187,2025-05-03 22:58:38,11.081,-1.28937012,-1.291,25.309,0.0,0.0,-13.287622853158245,-5.025737165867895,156.8385527295826,Before Launch
188,2025-05-03 22:58:39,11.138,0.97769032,-0.916,25.289,0.0,0.0,-8.972067888160197,-4.615933245476955,127.58074298752848,Before Launch
189,2025-05-03 22:58:39,11.185,0.15748032,-2.425,25.307,0.0,0.0,-1.8424807915820756,-4.009600875882658,76.99176970168271,Before Launch
190,2025-05-03 22:58:39,11.235,0.03937008,-0.457,25.302,0.0,0.0,1.0082980620669064,-3.1768905011644906,47.71099220725495,Before Launch
191,2025-05-03 22:58:39,11.287,-0.69881892,-1.787,25.309,0.0,0.0,1.5404018423011603,-2.8823814729301223,39.02817236685732,Before Launch
192,2025-05-03 22:58:39,11.345,0.15748032,0.199,25.307,0.0,0.0,1.2177864186161214,-2.5749006893306334,28.526234781664087,Before Launch
193,2025-05-03 22:58:39,11.392,-0.57086616,-1.148,25.314,0.0,0.0,0.21401851156556462,-2.339212651040325,24.427391618491654,Before Launch
194,2025-05-03 22:58:39,11.442,1.3484252399999999,0.354,25.304,0.0,0.0,0.3864416592201514,-2.307618563126612,26.556392959339824,Before Launch
195,2025-05-03 22:58:39,11.496,-0.8366142,-1.634,25.309,0.0,0.0,0.020587993864016454,-2.219388849268894,42.775986438806044,Before Launch
196,2025-05-03 22:58:39,11.543,-0.09842519999999999,-1.067,25.304,0.0,0.0,-4.454146243635108,-2.1851199088209747,103.3420934820019,Before Launch
197,2025-05-03 22:58:39,11.59,0.5249344,-0.276,25.307,0.0,0.0,-9.75214365576839,-2.1703761333407288,138.15006864213657,Before Launch
198,2025-05-03 22:58:39,11.643,0.40682416,0.381,25.304,0.0,0.0,-11.404117515074134,-2.251346222701407,148.18619569265184,Before Launch
199,2025-05-03 22:58:39,11.695,-0.44947508,-1.566,25.307,0.0,0.0,-13.533604359255097,-2.325574395043118,160.4492060444688,Before Launch
200,2025-05-03 22:58:39,11.741,-0.08202100000000001,-1.107,25.307,0.0,0.0,-14.570535919213809,-2.400783248119187,166.45859022945365,Before Launch
201,2025-05-03 22:58:39,11.788,0.48884516,-0.028,25.304,0.0,0.0,-14.31626793444808,-2.460708825165852,168.85438825346563,Before Launch
202,2025-05-03 22:58:39,11.844,-0.08202100000000001,-0.672,25.312,0.0,0.0,-14.069073332648397,-2.4657294985258718,169.45988946802362,Before Launch
203,2025-05-03 22:58:39,11.892,0.03937008,-0.388,25.309,0.0,0.0,-13.651999647040952,-2.4570877003203186,170.16440429623285,Before Launch
204,2025-05-03 22:58:39,11.938,0.01968504,-0.484,25.302,0.0,0.0,-13.472240334107674,-2.483683586492782,170.34731188251737,Before Launch
205,2025-05-03 22:58:39,11.992,0.15748032,0.202,25.307,0.0,0.0,-13.339800364565502,-2.4755048736571417,170.66839771133817,Before Launch
206,2025-05-03 22:58:39,12.042,0.5249344,-0.873,25.307,0.0,0.0,-13.492845088789855,-2.437076452850826,170.91620734439974,Before Launch
207,2025-05-03 22:58:39,12.087,-0.71522312,0.081,25.309,0.0,0.0,-13.622379279316476,-2.4532926480922375,171.03972807265603,Before Launch
208,2025-05-03 22:58:40,12.147,-0.69881892,-1.447,25.314,0.0,0.0,-13.672187308303059,-2.4642664859184507,171.07738626886848,Before Launch
209,2025-05-03 22:58:40,12.203,-0.81692916,-0.866,25.312,0.0,0.0,-13.661619652910314,-2.477951955108965,171.00704479385385,Before Launch
210,2025-05-03 22:58:40,12.257,0.01968504,0.067,25.309,0.0,0.0,-13.647272285119858,-2.510992857501717,170.939398674951,Before Launch
211,2025-05-03 22:58:40,12.304,-0.96456696,0.067,25.299,0.0,0.0,-13.684531625779327,-2.5628952409115695,170.83592887264027,Before Launch
212,2025-05-03 22:58:40,12.351,-0.5774278399999999,0.561,25.307,0.0,0.0,-13.699052483774935,-2.5492605944927993,170.75585795158344,Before Launch
213,2025-05-03 22:58:40,12.404,-1.18766408,-1.71,25.312,0.0,0.0,-13.729303268651556,-2.5406320137179828,170.7434044805697,Before Launch
214,2025-05-03 22:58:40,12.459,-0.5774278399999999,-0.577,25.307,0.0,0.0,-13.711751668305652,-2.5750351260370916,170.6971378099223,Before Launch
215,2025-05-03 22:58:40,12.504,-0.09842519999999999,-0.109,25.304,0.0,0.0,-13.710141174402503,-2.5660073231102354,170.67261721047234,Before Launch
216,2025-05-03 22:58:40,12.561,-0.09842519999999999,0.471,25.307,0.0,0.0,-13.689298612438506,-2.5880488116205207,170.5692118889488,Before Launch
217,2025-05-03 22:58:40,12.609,0.59383204,0.345,25.309,0.0,0.0,-13.7088618559071,-2.576436939597011,170.58573835725184,Before Launch
218,2025-05-03 22:58:40,12.656,-1.6765092400000001,-0.875,25.297,0.0,0.0,-13.747701912420942,-2.589085513743993,170.5400265778665,Before Launch
219,2025-05-03 22:58:40,12.71,0.14107612,-0.952,25.307,0.0,0.0,-13.699905069831813,-2.5823894031108776,170.53247604528994,Before Launch
220,2025-05-03 22:58:40,12.758,-0.20997376,0.497,25.309,0.0,0.0,-13.709603070288217,-2.5419725849728283,170.5189880212736,Before Launch
221,2025-05-03 22:58:40,12.805,-1.70275596,-1.271,25.302,0.0,0.0,-13.714224389708685,-2.5573157246441913,170.50628108030517,Before Launch
222,2025-05-03 22:58:40,12.863,-1.57152236,-1.647,25.294,0.0,0.0,-13.66183365860541,-2.554752792787902,170.54983292383866,Before Launch
223,2025-05-03 22:58:40,12.918,-1.9225722399999998,-1.827,25.312,0.0,0.0,-13.651279785837525,-2.5455963648536635,170.58146022764072,Before Launch
224,2025-05-03 22:58:40,12.965,-0.71522312,-0.209,25.297,0.0,0.0,-13.646193671828796,-2.5461354921180903,170.6139482316059,Before Launch
225,2025-05-03 22:58:40,13.011,0.5085302,0.465,25.299,0.0,0.0,-13.645660361810284,-2.5630676137559094,170.63365916683392,Before Launch
226,2025-05-03 22:58:40,13.062,-1.57152236,-1.617,25.304,0.0,0.0,-13.68568676658592,-2.5823593358790293,170.68404485424364,Before Launch
227,2025-05-03 22:58:41,13.123,-1.08595804,-0.785,25.297,0.0,0.0,-13.761018735544258,-2.5445745354781284,170.6067008337838,Before Launch
228,2025-05-03 22:58:41,13.185,0.46259843999999994,0.327,25.309,0.0,0.0,-13.751142937453704,-2.5486561093858184,170.5959751415858,Before Launch
229,2025-05-03 22:58:41,13.248,-1.46325464,-1.132,25.299,0.0,0.0,-13.762745967860257,-2.5254559149990694,170.62060520609293,Before Launch
230,2025-05-03 22:58:41,13.301,-0.96456696,-0.857,25.304,0.0,0.0,-13.7048690479509,-2.5260483262894726,170.54641254810394,Before Launch
231,2025-05-03 22:58:41,13.353,0.00984252,-0.393,25.297,0.0,0.0,-13.690219579274995,-2.5846223779331803,170.4333949950106,Before Launch
232,2025-05-03 22:58:41,13.412,-0.49540683999999996,0.166,25.289,0.0,0.0,-13.70358952208428,-2.571220660570561,170.37135206238818,Before Launch
233,2025-05-03 22:58:41,13.471,-1.3517060799999998,-0.493,25.292,0.0,0.0,-13.694874200447222,-2.5448676095387044,170.28395661123594,Before Launch
234,2025-05-03 22:58:41,13.528,0.11482940000000001,0.703,25.289,0.0,0.0,-13.722112242947338,-2.6333106965771673,170.20272351162436,Before Launch
235,2025-05-03 22:58:41,13.575,0.83333336,0.617,25.297,0.0,0.0,-13.738695338593711,-2.712142995579407,169.87728710620357,Before Launch
236,2025-05-03 22:58:41,13.624,-0.84645672,0.089,25.282,0.0,0.0,-13.768070687197584,-2.7125693152237673,169.83920004517924,Before Launch
237,2025-05-03 22:58:41,13.683,-1.08595804,-0.382,25.302,0.0,0.0,-13.803735378900422,-2.705470723314954,169.94448597056717,Before Launch
238,2025-05-03 22:58:41,13.735,0.09514436,0.964,25.274,0.0,0.0,-13.877444693107519,-2.6564453978285534,170.12291264772958,Before Launch
239,2025-05-03 22:58:41,13.781,-1.33202104,-0.571,25.299,0.0,0.0,-13.880532531769465,-2.610804993770554,170.1922201280361,Before Launch
240,2025-05-03 22:58:41,13.836,-0.46916011999999996,-0.278,25.299,0.0,0.0,-13.90259500691217,-2.5470112062152213,170.295083692458,Before Launch
241,2025-05-03 22:58:41,13.891,-1.33202104,-0.928,25.299,0.0,0.0,-13.895186185796936,-2.536219722698198,170.4700721561106,Before Launch
242,2025-05-03 22:58:41,13.941,0.5839895199999999,-0.007,25.299,0.0,0.0,-13.876384230407115,-2.491374343519454,170.6293079878288,Before Launch
243,2025-05-03 22:58:41,13.99,-0.9842519999999999,0.519,25.279,0.0,0.0,-13.870458797818683,-2.515812244100654,170.5985640460331,Before Launch
244,2025-05-03 22:58:41,14.052,-0.35761156,-0.372,25.294,0.0,0.0,-13.843357287446404,-2.5374580391505117,170.61882940958432,Before Launch
245,2025-05-03 22:58:41,14.099,-0.22965880000000002,-0.015,25.299,0.0,0.0,-13.779623976997218,-2.463039855990218,170.648619314389,Before Launch
246,2025-05-03 22:58:42,14.144,-0.35761156,1.005,25.294,0.0,0.0,-13.770425345746967,-2.4435068465186345,170.67242338215505,Before Launch
247,2025-05-03 22:58:42,14.199,0.48884516,1.542,25.292,0.0,0.0,-13.785573728399328,-2.483703831186359,170.70222097098346,Before Launch
248,2025-05-03 22:58:42,14.248,2.04068248,2.98,25.294,0.0,0.0,-13.770994539633058,-2.48413601709657,170.66957142247463,Before Launch
249,2025-05-03 22:58:42,14.298,0.22309712,0.704,25.264,0.0,0.0,-13.830664845795809,-2.452033444559969,170.6997587568866,Before Launch
250,2025-05-03 22:58:42,14.357,-0.22965880000000002,-0.548,25.297,0.0,0.0,-13.80142349217792,-2.385459776600134,170.68945249331802,Before Launch
251,2025-05-03 22:58:42,14.404,1.07939636,1.975,25.289,0.0,0.0,-13.801195457214263,-2.422865882198378,170.70021208786625,Before Launch
252,2025-05-03 22:58:42,14.453,0.83333336,1.443,25.277,0.0,0.0,-13.805023140221872,-2.4004182431206473,170.65205934590108,Before Launch
253,2025-05-03 22:58:42,14.505,0.38713912,-0.057,25.297,0.0,0.0,-13.853361810881692,-2.448992021531702,170.66480063854428,Before Launch
254,2025-05-03 22:58:42,14.558,1.07283468,1.936,25.289,0.0,0.0,-13.8964897183754,-2.360959641774413,171.05868988271865,Before Launch
255,2025-05-03 22:58:42,14.61,0.9612861199999999,1.471,25.282,0.0,0.0,-14.758971314638531,-2.2300540496056453,172.11244761704893,Before Launch
256,2025-05-03 22:58:42,14.666,-1.83070872,-1.402,25.294,0.0,0.0,-15.010009088294469,-2.2180642391608583,172.43853113526504,Before Launch
257,2025-05-03 22:58:42,14.72,1.1154856,1.232,25.294,0.0,0.0,-15.288739811280507,-2.107777283976855,172.8145026374639,Before Launch
258,2025-05-03 22:58:42,14.767,0.81364832,1.671,25.277,0.0,0.0,-15.161826599624876,-2.1758026270447233,172.4958458005847,Before Launch
259,2025-05-03 22:58:42,14.818,0.7480315200000001,0.491,25.294,0.0,0.0,-14.6923905455591,-2.3006574987676345,171.83865725304003,Before Launch
260,2025-05-03 22:58:42,14.873,-0.84645672,-1.294,25.297,0.0,0.0,-14.471812187950787,-2.3120761752496266,171.53301872961876,Before Launch
261,2025-05-03 22:58:42,14.921,-0.9842519999999999,-0.106,25.292,0.0,0.0,-14.22494998379014,-2.4130043178623453,171.0264309820606,Before Launch
262,2025-05-03 22:58:42,14.968,0.12139108,0.94,25.292,0.0,0.0,-14.07312250074647,-2.4881885672025073,170.69760843604394,Before Launch
263,2025-05-03 22:58:42,15.021,0.12139108,0.02,25.292,0.0,0.0,-14.033332062334887,-2.507216179871551,170.60715130981427,Before Launch
264,2025-05-03 22:58:42,15.07,-0.4757218,0.664,25.297,0.0,0.0,-13.97284901476797,-2.491780149909929,170.45113868233827,Before Launch
265,2025-05-03 22:58:43,15.116,0.12139108,0.461,25.289,0.0,0.0,-13.964715344619623,-2.4977662482676184,170.33087547604285,Before Launch
266,2025-05-03 22:58:43,15.17,1.2860892800000001,2.047,25.26,0.0,0.0,-13.926364717350294,-2.5098294371631433,170.33614765097553,Before Launch
267,2025-05-03 22:58:43,15.22,0.48884516,-0.074,25.292,0.0,0.0,-13.878075578226706,-2.509608980585945,170.2835458318448,Before Launch
268,2025-05-03 22:58:43,15.268,1.07283468,1.61,25.272,0.0,0.0,-13.867948271265064,-2.53108673704447,170.27939322412232,Before Launch
269,2025-05-03 22:58:43,15.318,-0.84645672,-0.386,25.297,0.0,0.0,-13.897194178218157,-2.532577055231887,170.22646059960758,Before Launch
270,2025-05-03 22:58:43,15.367,-0.14435695999999998,0.067,25.282,0.0,0.0,-13.892751441823812,-2.542633188379809,170.1466511079584,Before Launch
271,2025-05-03 22:58:43,15.413,0.9514436,1.032,25.274,0.0,0.0,-13.859126876723975,-2.5676883827618022,170.07337111581623,Before Launch
272,2025-05-03 22:58:43,15.469,0.12139108,-0.289,25.292,0.0,0.0,-13.861321098102232,-2.615100479421956,170.0050232989699,Before Launch
273,2025-05-03 22:58:43,15.514,-0.10826772,-1.697,25.297,0.0,0.0,-13.884866350430013,-2.618822782462302,169.9386196546819,Before Launch
274,2025-05-03 22:58:43,15.566,1.05314964,0.655,25.264,0.0,0.0,-13.923525874029853,-2.6112094505463457,169.90428532362594,Before Launch
275,2025-05-03 22:58:43,15.62,-0.12795276,0.081,25.289,0.0,0.0,-13.902595586164768,-2.6232242788960405,169.90164305695373,Before Launch
276,2025-05-03 22:58:43,15.675,0.00984252,-0.842,25.294,0.0,0.0,-13.945545015821532,-2.6222757429907646,169.93891503878527,Before Launch
277,2025-05-03 22:58:43,15.725,-1.7191601600000002,-2.007,25.292,0.0,0.0,-13.965415897373823,-2.5950055750461503,169.953968843915,Before Launch
278,2025-05-03 22:58:43,15.772,-0.61351708,-0.79,25.279,0.0,0.0,-13.896254112299651,-2.572267610531191,170.01696145536351,Before Launch
279,2025-05-03 22:58:43,15.828,-0.74146984,-1.429,25.287,0.0,0.0,-13.879078648130378,-2.5581222403710626,170.03646611885438,Before Launch
280,2025-05-03 22:58:43,15.878,0.61023624,-0.277,25.289,0.0,0.0,-13.914722417465384,-2.551872216891281,170.0630642542414,Before Launch
281,2025-05-03 22:58:43,15.924,-0.84645672,0.782,25.292,0.0,0.0,-13.941905969762686,-2.614954924663473,170.09383889017718,Before Launch
282,2025-05-03 22:58:43,15.979,-0.84645672,-1.558,25.297,0.0,0.0,-13.919541010714264,-2.5854328483226943,170.09488800767852,Before Launch
283,2025-05-03 22:58:43,16.027,0.8759842800000001,0.049,25.299,0.0,0.0,-13.973531691841059,-2.5823006934140285,170.1549709236401,Before Launch
284,2025-05-03 22:58:43,16.072,-0.4757218,-0.976,25.292,0.0,0.0,-13.988477363305888,-2.589955708202538,170.1403853242773,Before Launch
285,2025-05-03 22:58:44,16.126,1.3484252399999999,1.752,25.289,0.0,0.0,-13.994652923958355,-2.605673297869001,170.1289521593923,Before Launch
286,2025-05-03 22:58:44,16.174,0.3608924,1.074,25.287,0.0,0.0,-13.976644285963268,-2.589105702266916,170.10967134149664,Before Launch
287,2025-05-03 22:58:44,16.224,-0.24606299999999998,-0.293,25.262,0.0,0.0,-14.014276937202562,-2.588830173187711,170.12629535497078,Before Launch
288,2025-05-03 22:58:44,16.286,-0.35761156,-0.379,25.292,0.0,0.0,-13.99748524137288,-2.566408828239896,170.1312719361377,Before Launch
289,2025-05-03 22:58:44,16.342,0.68569556,0.913,25.282,0.0,0.0,-13.942955554369957,-2.5207095157968324,170.19700514355353,Before Launch
290,2025-05-03 22:58:44,16.4,1.21719164,0.853,25.284,0.0,0.0,-13.927133372127656,-2.516793147233093,170.21205998069897,Before Launch
291,2025-05-03 22:58:44,16.454,0.24278216,-0.813,25.289,0.0,0.0,-13.913456189816086,-2.493956864604922,170.22919722628535,Before Launch
292,2025-05-03 22:58:44,16.506,-0.12795276,-0.48,25.252,0.0,0.0,-13.955062726218939,-2.574036733399975,170.19577268288924,Before Launch
293,2025-05-03 22:58:44,16.555,1.1154856,0.033,25.294,0.0,0.0,-13.964822676441372,-2.52858570439103,170.1867680689109,Before Launch
294,2025-05-03 22:58:44,16.61,0.12139108,0.749,25.292,0.0,0.0,-13.977160260964116,-2.496011370578208,170.15119523487098,Before Launch
295,2025-05-03 22:58:44,16.657,0.3608924,0.392,25.289,0.0,0.0,-13.995706249162057,-2.4613300237064446,170.20032491731027,Before Launch
296,2025-05-03 22:58:44,16.702,0.90879268,-0.033,25.27,0.0,0.0,-14.008715738875592,-2.4729400052410604,170.20147868345992,Before Launch
297,2025-05-03 22:58:44,16.759,-0.9842519999999999,-0.857,25.292,0.0,0.0,-14.005965375906637,-2.4619582339241948,170.2354919681932,Before Launch
298,2025-05-03 22:58:44,16.808,-0.00656168,0.079,25.287,0.0,0.0,-14.04580218927554,-2.4592925630959264,170.2585743531203,Before Launch
299,2025-05-03 22:58:44,16.854,-0.49540683999999996,-1.202,25.289,0.0,0.0,-14.03692166688199,-2.465737138412254,170.2604887349011,Before Launch
300,2025-05-03 22:58:44,16.909,-0.86286092,-0.57,25.289,0.0,0.0,-14.025855616252814,-2.5021566418212373,170.2717641441233,Before Launch
301,2025-05-03 22:58:44,16.957,-0.61351708,-0.486,25.292,0.0,0.0,-13.993388644692834,-2.513166247504812,170.19340883562458,Before Launch
302,2025-05-03 22:58:44,17.003,0.11482940000000001,1.435,25.274,0.0,0.0,-13.965585701162638,-2.48790588145731,170.17106252504848,Before Launch
303,2025-05-03 22:58:44,17.061,-0.00656168,0.471,25.289,0.0,0.0,-13.976907977216682,-2.50174152969135,170.13123384475927,Before Launch
304,2025-05-03 22:58:44,17.114,0.09514436,0.651,25.277,0.0,0.0,-13.984096425188895,-2.521076728631694,170.13232252538512,Before Launch
305,2025-05-03 22:58:45,17.165,0.73162732,0.094,25.287,0.0,0.0,-13.964168800518328,-2.5054514984509137,170.16489354346362,Before Launch
306,2025-05-03 22:58:45,17.21,-0.9908136799999999,-0.112,25.262,0.0,0.0,-13.979300275629814,-2.49018720453278,170.16542414857923,Before Launch
307,2025-05-03 22:58:45,17.264,-0.87926512,-0.026,25.282,0.0,0.0,-14.012306472702921,-2.4783328115395196,170.16418284100632,Before Launch
308,2025-05-03 22:58:45,17.314,-1.8471129199999998,-2.116,25.287,0.0,0.0,-14.030113570804641,-2.497160465312525,170.16559685862094,Before Launch
309,2025-05-03 22:58:45,17.361,0.48884516,0.748,25.292,0.0,0.0,-14.021003899575398,-2.4970186800128653,170.16998332686052,Before Launch
310,2025-05-03 22:58:45,17.415,0.22309712,-0.873,25.279,0.0,0.0,-14.033779487200661,-2.52788220788801,170.17132093380687,Before Launch
311,2025-05-03 22:58:45,17.464,-0.37401576000000003,-0.57,25.289,0.0,0.0,-14.012519088626718,-2.517997775199841,170.16554035265804,Before Launch
312,2025-05-03 22:58:45,17.509,0.48884516,0.572,25.292,0.0,0.0,-14.008662441763382,-2.531210256788933,170.13361921662505,Before Launch
313,2025-05-03 22:58:45,17.558,0.46259843999999994,0.645,25.277,0.0,0.0,-13.98569430328548,-2.5278043202414837,170.07721851249417,Before Launch
314,2025-05-03 22:58:45,17.604,0.73162732,0.036,25.262,0.0,0.0,-14.000970596447795,-2.545510305695811,170.06988515695556,Before Launch
315,2025-05-03 22:58:45,17.659,0.09514436,-0.891,25.277,0.0,0.0,-13.996074062459217,-2.5482043775559498,170.08083528149277,Before Launch
316,2025-05-03 22:58:45,17.705,0.48228348,0.191,25.284,0.0,0.0,-14.003617897569738,-2.5456759771035045,170.06265798383396,Before Launch
317,2025-05-03 22:58:45,17.754,-0.24606299999999998,-0.095,25.274,0.0,0.0,-14.017788928354344,-2.5122931079544393,170.07434237209503,Before Launch
318,2025-05-03 22:58:45,17.81,-0.12795276,-0.991,25.282,0.0,0.0,-14.01761370114931,-2.543481983348978,170.0666574350682,Before Launch
319,2025-05-03 22:58:45,17.867,-1.230315,-1.075,25.292,0.0,0.0,-14.03492917762474,-2.544859029919856,170.03560406885876,Before Launch
320,2025-05-03 22:58:45,17.916,-1.3517060799999998,-1.36,25.267,0.0,0.0,-14.031249015132065,-2.55965772094049,169.98446246799,Before Launch
321,2025-05-03 22:58:45,17.962,0.48228348,-0.338,25.284,0.0,0.0,-14.03457770505322,-2.55220954718727,169.97252974616123,Before Launch
322,2025-05-03 22:58:45,18.014,-0.49540683999999996,0.39,25.294,0.0,0.0,-13.985753784225903,-2.575964505484105,169.93564718550465,Before Launch
323,2025-05-03 22:58:45,18.066,-0.86286092,-0.681,25.282,0.0,0.0,-13.968053191507662,-2.556786637991262,169.97508709187258,Before Launch
324,2025-05-03 22:58:46,18.113,-1.35826776,-0.685,25.284,0.0,0.0,-14.00742708585142,-2.5506464854610367,169.99428544601332,Before Launch
325,2025-05-03 22:58:46,18.166,-0.37401576000000003,0.389,25.287,0.0,0.0,-14.007559455827417,-2.5445622132741694,170.0851803268701,Before Launch
326,2025-05-03 22:58:46,18.216,-1.01049872,-0.315,25.277,0.0,0.0,-14.040036863881022,-2.5191524902208946,170.12716503146166,Before Launch
327,2025-05-03 22:58:46,18.262,-0.51181104,-0.498,25.287,0.0,0.0,-14.044538311414284,-2.5215070314866606,170.11918385241614,Before Launch
328,2025-05-03 22:58:46,18.318,-1.230315,-0.974,25.289,0.0,0.0,-14.04703605120372,-2.544736596582312,170.10306502914347,Before Launch
329,2025-05-03 22:58:46,18.368,-0.6233596,-0.573,25.284,0.0,0.0,-14.068011503415528,-2.5425403651750127,170.02806647108116,Before Launch
330,2025-05-03 22:58:46,18.413,0.22309712,-0.407,25.277,0.0,0.0,-14.071286409197356,-2.5653759427126603,169.94942414186156,Before Launch
331,2025-05-03 22:58:46,18.468,-1.01049872,-0.016,25.277,0.0,0.0,-14.041059254333017,-2.5786744951957545,169.90961554929072,Before Launch
332,2025-05-03 22:58:46,18.514,-0.25590552,0.499,25.284,0.0,0.0,-14.058634697080253,-2.546044829415189,169.963497784539,Before Launch
333,2025-05-03 22:58:46,18.56,0.33464568,1.751,25.279,0.0,0.0,-14.067774817241517,-2.5219085331688955,169.99179436220842,Before Launch
334,2025-05-03 22:58:46,18.618,0.46259843999999994,-0.021,25.277,0.0,0.0,-14.069506408456089,-2.5317870957717825,170.02027320132396,Before Launch
335,2025-05-03 22:58:46,18.667,-0.9908136799999999,-0.97,25.284,0.0,0.0,-14.095527299079292,-2.5294523574133922,170.04340816511257,Before Launch
336,2025-05-03 22:58:46,18.714,0.59383204,0.774,25.242,0.0,0.0,-14.085828218559394,-2.532796014389821,170.0670821978065,Before Launch
337,2025-05-03 22:58:46,18.77,-1.4960630400000001,-1.574,25.279,0.0,0.0,-14.043083320247034,-2.572566363758554,170.05796673556898,Before Launch
338,2025-05-03 22:58:46,18.816,0.11482940000000001,-0.276,25.284,0.0,0.0,-14.036424652205751,-2.5429686122510144,170.00053900272889,Before Launch
339,2025-05-03 22:58:46,18.863,-0.25590552,-0.784,25.274,0.0,0.0,-14.043356532554727,-2.537329374764998,169.97225342574893,Before Launch
340,2025-05-03 22:58:46,18.921,-0.14435695999999998,-0.19,25.282,0.0,0.0,-14.052712380397814,-2.561850756080625,169.98791837358155,Before Launch
341,2025-05-03 22:58:46,18.976,0.46259843999999994,-0.015,25.277,0.0,0.0,-14.057770599543868,-2.555536127434249,170.03063928206788,Before Launch
342,2025-05-03 22:58:46,19.025,-1.9849082,-1.368,25.282,0.0,0.0,-14.046090828674277,-2.569922513684699,170.05856144356812,Before Launch
343,2025-05-03 22:58:46,19.077,-0.29199475999999996,-0.129,25.27,0.0,0.0,-14.049316106364403,-2.533038495567203,170.1056663903824,Before Launch
344,2025-05-03 22:58:47,19.124,-0.39370079999999996,0.666,25.279,0.0,0.0,-14.096018768741024,-2.491263064499281,170.1444923703784,Before Launch
345,2025-05-03 22:58:47,19.17,-1.230315,0.097,25.282,0.0,0.0,-14.112399865603823,-2.518339638482357,170.15416415112708,Before Launch
346,2025-05-03 22:58:47,19.226,-1.4960630400000001,-1.565,25.279,0.0,0.0,-14.120616508935509,-2.5059789264093517,170.15523587194897,Before Launch
347,2025-05-03 22:58:47,19.286,-0.14435695999999998,0.276,25.282,0.0,0.0,-14.075679734782486,-2.5080855977598997,170.14650652221843,Before Launch
348,2025-05-03 22:58:47,19.332,-0.43635172,0.337,25.257,0.0,0.0,-14.133208142201562,-2.5404409832163797,170.09484115883794,Before Launch
349,2025-05-03 22:58:47,19.378,-0.6397638,0.568,25.279,0.0,0.0,-14.130181056227299,-2.5831747805319947,170.0760647070904,Before Launch
350,2025-05-03 22:58:47,19.432,-0.6397638,-0.21,25.277,0.0,0.0,-14.09954888330744,-2.5896138442669683,170.06049948077126,Before Launch
351,2025-05-03 22:58:47,19.481,-1.12860896,-0.093,25.279,0.0,0.0,-14.062837665695936,-2.572045207140218,170.03779021597606,Before Launch
352,2025-05-03 22:58:47,19.526,-0.87926512,-0.291,25.279,0.0,0.0,-14.131684281074499,-2.5208217641779123,170.0495520808751,Before Launch
353,2025-05-03 22:58:47,19.582,0.44619424,1.326,25.27,0.0,0.0,-14.048685408398047,-2.5467557455469327,170.07328159731404,Before Launch
354,2025-05-03 22:58:47,19.628,-0.52165356,0.081,25.274,0.0,0.0,-14.05279291289802,-2.5384574302367513,170.11038239039638,Before Launch
355,2025-05-03 22:58:47,19.675,1.9783465199999999,1.391,25.277,0.0,0.0,-14.05810018377923,-2.5005975286789393,170.10858802707318,Before Launch
356,2025-05-03 22:58:47,19.731,-0.02296588,0.782,25.279,0.0,0.0,-14.055490489649799,-2.5261402287305974,170.0989278216501,Before Launch
357,2025-05-03 22:58:47,19.777,-1.4960630400000001,-0.982,25.279,0.0,0.0,-13.979718289411363,-2.485735399331592,170.19100894696993,Before Launch
358,2025-05-03 22:58:47,19.832,0.46259843999999994,0.101,25.277,0.0,0.0,-13.928500271094135,-2.4176630289287977,170.24592399147315,Before Launch
359,2025-05-03 22:58:47,19.882,0.7874015999999999,0.257,25.267,0.0,0.0,-13.904869063490306,-2.4377499993755243,170.2461819608417,Before Launch
360,2025-05-03 22:58:47,19.939,-2.24409456,-0.985,25.274,0.0,0.0,-13.884222630971689,-2.4065061767943536,170.31799966518034,Before Launch
361,2025-05-03 22:58:47,19.995,-0.27230972000000003,-0.676,25.277,0.0,0.0,-13.924670372828441,-2.43033624457855,170.32376553527584,Before Launch
362,2025-05-03 22:58:47,20.043,0.70209976,1.727,25.272,0.0,0.0,-14.016555716548538,-2.4712383496104526,170.36890464022588,Before Launch
363,2025-05-03 22:58:47,20.093,-0.52165356,-0.498,25.27,0.0,0.0,-14.083869656590123,-2.4575962750013165,170.3939992235508,Before Launch
364,2025-05-03 22:58:48,20.152,-1.01049872,-0.585,25.267,0.0,0.0,-14.13556459041611,-2.452330134414446,170.3879814943631,Before Launch
365,2025-05-03 22:58:48,20.211,-0.65944884,-0.399,25.27,0.0,0.0,-14.156780631757853,-2.4513132165164526,170.3552348863839,Before Launch
366,2025-05-03 22:58:48,20.257,-1.8667979599999998,-1.818,25.267,0.0,0.0,-14.215532549107412,-2.4664300295918875,170.42243799943432,Before Launch
367,2025-05-03 22:58:48,20.305,-1.62729664,0.279,25.274,0.0,0.0,-14.18690011883909,-2.491164637572612,170.43889088050017,Before Launch
368,2025-05-03 22:58:48,20.36,-0.7709973999999999,-0.373,25.272,0.0,0.0,-14.18026997951825,-2.4508757649762862,170.4581052572122,Before Launch
369,2025-05-03 22:58:48,20.408,-0.53805776,-0.112,25.267,0.0,0.0,-14.169668879223222,-2.4081162595640238,170.4367370305081,Before Launch
370,2025-05-03 22:58:48,20.458,-1.02690292,0.158,25.27,0.0,0.0,-14.224216511540577,-2.457364944345422,170.41799042872427,Before Launch
371,2025-05-03 22:58:48,20.512,1.9488189599999999,2.679,25.242,0.0,0.0,-14.180151415238482,-2.5078305582189775,170.38071730139552,Before Launch
372,2025-05-03 22:58:48,20.567,0.56430448,0.553,25.267,0.0,0.0,-14.182911175873945,-2.4950199672898314,170.33331080624973,Before Launch
373,2025-05-03 22:58:48,20.622,-0.90879268,-0.366,25.262,0.0,0.0,-14.154056676297477,-2.508600610603822,170.23938768397386,Before Launch
374,2025-05-03 22:58:48,20.671,-1.50590556,-0.67,25.272,0.0,0.0,-14.15732204708145,-2.52965516976585,170.1501638101515,Before Launch
375,2025-05-03 22:58:48,20.721,-0.53805776,0.079,25.264,0.0,0.0,-14.115493589638511,-2.53542927051003,170.15365153748027,Before Launch
376,2025-05-03 22:58:48,20.774,0.70209976,1.416,25.272,0.0,0.0,-14.139204435417001,-2.5077449491433774,170.18150067199772,Before Launch
377,2025-05-03 22:58:48,20.824,0.19685039999999998,0.829,25.267,0.0,0.0,-14.108533567760949,-2.4740204115594113,170.25566205960456,Before Launch
378,2025-05-03 22:58:48,20.872,0.19685039999999998,-0.193,25.267,0.0,0.0,-14.16159327514068,-2.4595503092867013,170.29393057392895,Before Launch
379,2025-05-03 22:58:48,20.927,-0.41994752,0.078,25.272,0.0,0.0,-14.21402808426485,-2.4537411786910774,170.33048517872206,Before Launch
380,2025-05-03 22:58:48,20.985,-1.1384514799999998,-2.379,25.272,0.0,0.0,-14.39530499775473,-2.4607131103274855,170.30287752935993,Before Launch
381,2025-05-03 22:58:48,21.032,0.44619424,0.361,25.264,0.0,0.0,-14.409403317862727,-2.5552917699862663,169.99952933141273,Before Launch
382,2025-05-03 22:58:48,21.082,0.43635172,1.481,25.262,0.0,0.0,-14.386571395863484,-2.5856305697372073,169.89254268817874,Before Launch
383,2025-05-03 22:58:49,21.136,-0.65944884,-0.86,25.272,0.0,0.0,-14.351399767821723,-2.5971278215883005,169.8729539740189,Before Launch
384,2025-05-03 22:58:49,21.182,-0.40026248,-0.914,25.272,0.0,0.0,-14.27589779379199,-2.6033290234375595,169.83932385117436,Before Launch
385,2025-05-03 22:58:49,21.231,-0.0328084,1.712,25.272,0.0,0.0,-14.216642133956448,-2.6199576751906295,169.86463721446788,Before Launch
386,2025-05-03 22:58:49,21.291,0.44619424,0.554,25.267,0.0,0.0,-14.246886883533035,-2.6127543188623323,169.9154849045827,Before Launch
387,2025-05-03 22:58:49,21.347,-1.27624676,-1.517,25.27,0.0,0.0,-14.219341720102639,-2.5835684240178036,170.0229654300059,Before Launch
388,2025-05-03 22:58:49,21.406,-1.02690292,-0.385,25.27,0.0,0.0,-14.229978594265479,-2.5491473199639128,170.1707974419767,Before Launch
389,2025-05-03 22:58:49,21.454,-0.29199475999999996,0.552,25.264,0.0,0.0,-14.187192059821928,-2.462294591963565,170.28141606582977,Before Launch
390,2025-05-03 22:58:49,21.505,-0.17060367999999998,0.378,25.242,0.0,0.0,-14.158390735850583,-2.5278929498753353,170.22126419440522,Before Launch
391,2025-05-03 22:58:49,21.561,0.19685039999999998,1.583,25.267,0.0,0.0,-14.142652869138683,-2.5176070418168712,170.18949128155992,Before Launch
392,2025-05-03 22:58:49,21.608,-0.049212599999999995,1.211,25.264,0.0,0.0,-14.094921575152112,-2.5148443909948535,170.12677625067002,Before Launch
393,2025-05-03 22:58:49,21.666,-0.29199475999999996,0.367,25.27,0.0,0.0,-14.053275715209075,-2.508601008214941,170.06951327480797,Before Launch
394,2025-05-03 22:58:49,21.718,0.28215224,0.626,25.272,0.0,0.0,-14.023620184819977,-2.5143576042635756,170.04632037047008,Before Launch
395,2025-05-03 22:58:49,21.772,-0.90879268,0.09,25.267,0.0,0.0,-14.029372397095702,-2.5017727913129524,170.0374156382662,Before Launch
396,2025-05-03 22:58:49,21.817,-0.29855644,-1.722,25.262,0.0,0.0,-14.058003787506417,-2.505656991653003,170.08148910862613,Before Launch
397,2025-05-03 22:58:49,21.863,-0.17060367999999998,-0.567,25.27,0.0,0.0,-14.085190603291842,-2.499661451973035,170.1741315627995,Before Launch
398,2025-05-03 22:58:49,21.921,0.68569556,1.227,25.264,0.0,0.0,-14.082371568724954,-2.5023804242483214,170.16398310224415,Before Launch
399,2025-05-03 22:58:49,21.969,0.54790028,1.582,25.26,0.0,0.0,-14.084635330970695,-2.469167809332449,170.22468557019764,Before Launch
400,2025-05-03 22:58:49,22.016,-0.66601052,-0.099,25.262,0.0,0.0,-14.100351020958508,-2.4814113454260975,170.20376182259875,Before Launch
401,2025-05-03 22:58:49,22.061,0.29855644,-0.314,25.264,0.0,0.0,-14.118110731465132,-2.5097910551313363,170.12620189987777,Before Launch
402,2025-05-03 22:58:49,22.106,-0.18700788000000002,-0.299,25.26,0.0,0.0,-14.133633610980365,-2.5280811750275403,170.04685643232142,Before Launch
403,2025-05-03 22:58:50,22.162,0.31824148,0.094,25.264,0.0,0.0,-14.10991752326761,-2.536332840697108,169.9925078295776,Before Launch
404,2025-05-03 22:58:50,22.213,-1.5255906000000001,-0.86,25.257,0.0,0.0,-14.083892383187765,-2.5393016302022775,169.9857244197584,Before Launch
405,2025-05-03 22:58:50,22.263,-0.65944884,0.375,25.26,0.0,0.0,-14.077466819071093,-2.560636502956117,169.97520390654705,Before Launch
406,2025-05-03 22:58:50,22.321,0.43635172,-0.008,25.262,0.0,0.0,-14.081233405313734,-2.5745591780514725,169.9879621998328,Before Launch
407,2025-05-03 22:58:50,22.379,0.54790028,0.086,25.26,0.0,0.0,-14.124726792120107,-2.5790762151055113,170.0462787461033,Before Launch
408,2025-05-03 22:58:50,22.426,0.06889764000000001,0.565,25.262,0.0,0.0,-14.191999448813279,-2.5454379945866075,170.16567876441064,Before Launch
409,2025-05-03 22:58:50,22.472,-1.5255906000000001,-0.872,25.264,0.0,0.0,-14.203261402687296,-2.5168676922034563,170.23462064490124,Before Launch
410,2025-05-03 22:58:50,22.518,0.91535436,0.737,25.26,0.0,0.0,-14.169618937509043,-2.4951841850504946,170.26547291131916,Before Launch
411,2025-05-03 22:58:50,22.564,0.54790028,0.08,25.254,0.0,0.0,-14.169692936901294,-2.4854227043828474,170.26041329042877,Before Launch
412,2025-05-03 22:58:50,22.609,0.28215224,1.235,25.25,0.0,0.0,-14.182380501124367,-2.478208150868045,170.2786235158188,Before Launch
413,2025-05-03 22:58:50,22.657,-1.29265096,-0.212,25.25,0.0,0.0,-14.180170490493632,-2.4146826225767106,170.29716488432024,Before Launch
414,2025-05-03 22:58:50,22.716,-0.17060367999999998,0.096,25.267,0.0,0.0,-14.187316453981845,-2.4240522450096744,170.2889559266405,Before Launch
415,2025-05-03 22:58:50,22.763,-0.41994752,-0.198,25.264,0.0,0.0,-14.186307808846463,-2.486712564593282,170.30364361028182,Before Launch
416,2025-05-03 22:58:50,22.81,1.40419952,0.967,25.257,0.0,0.0,-14.20895088349678,-2.482029223874524,170.34859982001618,Before Launch
417,2025-05-03 22:58:50,22.864,-1.1548556799999998,-0.88,25.264,0.0,0.0,-14.243287182392184,-2.4670029878821262,170.355471146748,Before Launch
418,2025-05-03 22:58:50,22.911,0.1804462,0.379,25.26,0.0,0.0,-14.20818893892303,-2.4981463674824216,170.3853221525362,Before Launch
419,2025-05-03 22:58:50,22.959,-0.5577428,-0.677,25.267,0.0,0.0,-14.22759191090127,-2.462673872200175,170.3416017102276,Before Launch
420,2025-05-03 22:58:50,23.014,0.06889764000000001,0.787,25.262,0.0,0.0,-14.234428712411402,-2.483927706137342,170.335343842647,Before Launch
421,2025-05-03 22:58:50,23.063,0.54790028,0.679,25.247,0.0,0.0,-14.24403364054368,-2.4936619232543835,170.28579889297083,Before Launch
422,2025-05-03 22:58:51,23.111,-0.9251968799999999,-0.605,25.257,0.0,0.0,-14.184147413427167,-2.504122357707395,170.24978623939356,Before Launch
423,2025-05-03 22:58:51,23.165,0.80708664,0.098,25.262,0.0,0.0,-14.18339939599454,-2.507171894688201,170.2102746138933,Before Launch
424,2025-05-03 22:58:51,23.211,-0.18700788000000002,-0.592,25.26,0.0,0.0,-14.184619964152773,-2.534028868858432,170.18724843862103,Before Launch
425,2025-05-03 22:58:51,23.258,-1.1548556799999998,-0.394,25.264,0.0,0.0,-14.19936114909471,-2.5268399762822367,170.1771120617001,Before Launch
426,2025-05-03 22:58:51,23.312,1.05314964,0.603,25.264,0.0,0.0,-14.207610502797941,-2.51173125648096,170.13113089590556,Before Launch
427,2025-05-03 22:58:51,23.364,0.37401576000000003,0.446,25.26,0.0,0.0,-14.190113134099102,-2.4796529976015473,170.11348897387865,Before Launch
428,2025-05-03 22:58:51,23.409,-0.41994752,-0.592,25.25,0.0,0.0,-14.193497139102835,-2.494492956025789,170.15509188632143,Before Launch
429,2025-05-03 22:58:51,23.465,-0.18700788000000002,1.069,25.26,0.0,0.0,-14.187963533096578,-2.499588904310789,170.16294108170808,Before Launch
430,2025-05-03 22:58:51,23.511,-0.41994752,0.192,25.254,0.0,0.0,-14.177671808035727,-2.4889207527525956,170.20187039733824,Before Launch
431,2025-05-03 22:58:51,23.557,-0.53805776,-0.788,25.245,0.0,0.0,-14.131170579830354,-2.4935823564217556,170.1978580852976,Before Launch
432,2025-05-03 22:58:51,23.617,-1.03674544,-1.28,25.257,0.0,0.0,-14.120725419190162,-2.476345822826561,170.2429968447191,Before Launch
433,2025-05-03 22:58:51,23.673,-1.03674544,-0.887,25.262,0.0,0.0,-14.092818675488568,-2.46401546630883,170.27937089553367,Before Launch
434,2025-05-03 22:58:51,23.722,-0.66601052,0.688,25.262,0.0,0.0,-14.048021870746952,-2.481094103430962,170.36340107569887,Before Launch
435,2025-05-03 22:58:51,23.769,0.9350394,0.016,25.272,0.0,0.0,-14.103223794155491,-2.4643538858569607,170.40816994214228,Before Launch
436,2025-05-03 22:58:51,23.827,0.44619424,-0.081,25.225,0.0,0.0,-14.107449790236137,-2.4465388076933103,170.45415240509496,Before Launch
437,2025-05-03 22:58:51,23.884,-0.049212599999999995,-0.26,25.262,0.0,0.0,-14.110888349898815,-2.4633618836396183,170.36166924314563,Before Launch
438,2025-05-03 22:58:51,23.939,0.54790028,1.436,25.26,0.0,0.0,-14.1182470724428,-2.465939562514459,170.30973658974605,Before Launch
439,2025-05-03 22:58:51,23.985,1.05314964,0.964,25.264,0.0,0.0,-14.11490489758847,-2.5053752513131258,170.1433448575098,Before Launch
440,2025-05-03 22:58:51,24.033,-1.29265096,-0.687,25.25,0.0,0.0,-14.11621829428008,-2.5153111486308686,170.08872158226544,Before Launch
441,2025-05-03 22:58:51,24.08,-0.41994752,-1.436,25.264,0.0,0.0,-14.127696940745752,-2.5133782027656553,170.02820792312974,Before Launch
442,2025-05-03 22:58:52,24.138,-0.52165356,0.497,25.274,0.0,0.0,-14.118583465281398,-2.4989047403026468,169.95954416597348,Before Launch
443,2025-05-03 22:58:52,24.184,-1.1548556799999998,-1.049,25.262,0.0,0.0,-14.090547431631448,-2.5167596011767537,169.99003163826987,Before Launch
444,2025-05-03 22:58:52,24.239,-0.06889764000000001,0.382,25.26,0.0,0.0,-14.09348171403982,-2.5134924320108523,170.02802210519937,Before Launch
445,2025-05-03 22:58:52,24.296,-1.62729664,-1.323,25.252,0.0,0.0,-14.114068849457,-2.497539627980261,170.05639894430385,Before Launch
446,2025-05-03 22:58:52,24.345,-1.3943569999999998,-1.515,25.27,0.0,0.0,-14.127858244471549,-2.537671324664041,170.07048561275536,Before Launch
447,2025-05-03 22:58:52,24.39,-0.5577428,0.287,25.264,0.0,0.0,-14.134913607981634,-2.525745811653862,170.07833476801216,Before Launch
448,2025-05-03 22:58:52,24.443,-0.53805776,-1.053,25.267,0.0,0.0,-14.11750621144219,-2.507502074995456,170.09063752591342,Before Launch
449,2025-05-03 22:58:52,24.494,-1.66010504,-1.148,25.267,0.0,0.0,-14.072653246633488,-2.5938696761519258,170.09461478067064,Before Launch
450,2025-05-03 22:58:52,24.542,-1.5255906000000001,-0.289,25.254,0.0,0.0,-14.075550159145203,-2.5151083802173404,170.14621378979436,Before Launch
451,2025-05-03 22:58:52,24.597,0.06889764000000001,-0.766,25.26,0.0,0.0,-14.05503739548152,-2.5429090302918755,170.2005819984504,Before Launch
452,2025-05-03 22:58:52,24.644,0.0328084,-0.267,25.247,0.0,0.0,-14.148961130354209,-2.5009178740046614,170.2967349792547,Before Launch
453,2025-05-03 22:58:52,24.696,1.24015752,1.29,25.257,0.0,0.0,-14.198114892345654,-2.514273435794709,170.29710926997566,Before Launch
454,2025-05-03 22:58:52,24.755,-1.27624676,-0.844,25.229,0.0,0.0,-14.174692573958778,-2.506359553399217,170.28130183587496,Before Launch
455,2025-05-03 22:58:52,24.81,1.3615485999999999,1.371,25.264,0.0,0.0,-14.23891061652696,-2.4923907115310686,170.32142252445277,Before Launch
456,2025-05-03 22:58:52,24.867,0.7874015999999999,1.012,25.254,0.0,0.0,-14.267283001843339,-2.467300137080275,170.32185798208656,Before Launch
457,2025-05-03 22:58:52,24.924,0.05249344,0.833,25.254,0.0,0.0,-14.268292260927817,-2.4881283658743873,170.2586747455032,Before Launch
458,2025-05-03 22:58:52,24.97,0.06889764000000001,0.852,25.252,0.0,0.0,-14.243242118440905,-2.4829946183838234,170.20408394537375,Before Launch
459,2025-05-03 22:58:52,25.017,-0.9251968799999999,-0.2,25.26,0.0,0.0,-14.222697830634566,-2.474386388212555,170.19828603559608,Before Launch
460,2025-05-03 22:58:52,25.072,-1.27624676,-1.697,25.267,0.0,0.0,-14.186479444137774,-2.5352236849097656,170.09830061118745,Before Launch
461,2025-05-03 22:58:53,25.121,-0.68569556,-0.875,25.254,0.0,0.0,-14.191519775245682,-2.590035038445588,170.0457063313094,Before Launch
462,2025-05-03 22:58:53,25.169,-0.41994752,-0.289,25.264,0.0,0.0,-14.136096463538085,-2.5477739015322918,170.02960865834146,Before Launch
463,2025-05-03 22:58:53,25.222,0.31824148,-0.179,25.264,0.0,0.0,-14.136471402544158,-2.55835202894491,169.98565118558818,Before Launch
464,2025-05-03 22:58:53,25.267,-0.7874015999999999,-1.436,25.262,0.0,0.0,-14.214172474397168,-2.5596073236593413,170.09171807251298,Before Launch
465,2025-05-03 22:58:53,25.314,-1.40419952,-0.087,25.262,0.0,0.0,-14.242507632041283,-2.5464886727074907,170.12622751380974,Before Launch
466,2025-05-03 22:58:53,25.373,-0.5577428,-0.107,25.26,0.0,0.0,-14.252934999154437,-2.5195037887484992,170.13099621987814,Before Launch
467,2025-05-03 22:58:53,25.429,-0.29855644,0.173,25.262,0.0,0.0,-14.241014248083266,-2.5511650490700575,170.14863562989325,Before Launch
468,2025-05-03 22:58:53,25.479,0.19685039999999998,1.044,25.267,0.0,0.0,-14.270806471769387,-2.5334964602092858,170.160451456588,Before Launch
469,2025-05-03 22:58:53,25.53,-0.5577428,-0.379,25.235,0.0,0.0,-14.231885898757936,-2.4885497565448307,170.13110609555068,Before Launch
470,2025-05-03 22:58:53,25.585,-2.01115492,-0.298,25.267,0.0,0.0,-14.224782593284015,-2.5078748037050027,170.1399759552844,Before Launch
471,2025-05-03 22:58:53,25.633,-0.66601052,0.565,25.262,0.0,0.0,-14.194025187994068,-2.5008973247356643,170.1316190480101,Before Launch
472,2025-05-03 22:58:53,25.681,-2.74934392,-1.698,25.26,0.0,0.0,-14.164732344818386,-2.4912588251062506,170.16374842318478,Before Launch
473,2025-05-03 22:58:53,25.737,-1.27624676,-0.57,25.262,0.0,0.0,-14.120339444232505,-2.463634129538934,170.156701478314,Before Launch
474,2025-05-03 22:58:53,25.793,-0.31824148,1.033,25.254,0.0,0.0,-14.141748870812,-2.4821887073942137,170.13246450145994,Before Launch
475,2025-05-03 22:58:53,25.839,0.31824148,1.422,25.264,0.0,0.0,-14.16318781295426,-2.534883533161628,170.04452264513398,Before Launch
476,2025-05-03 22:58:53,25.893,1.58136488,1.167,25.264,0.0,0.0,-14.238335487290865,-2.511394803719174,169.9658003335574,Before Launch
477,2025-05-03 22:58:53,25.943,0.54790028,0.397,25.26,0.0,0.0,-14.236898982014567,-2.554056942243115,169.9621445183166,Before Launch
478,2025-05-03 22:58:53,25.991,-0.5577428,-1.388,25.26,0.0,0.0,-14.287604890053217,-2.567388750629395,170.07101385295258,Before Launch
479,2025-05-03 22:58:53,26.037,0.9908136799999999,1.768,25.267,0.0,0.0,-14.302229314741046,-2.571482868706268,170.14765201735938,Before Launch
480,2025-05-03 22:58:53,26.093,-0.41994752,-1.389,25.264,0.0,0.0,-14.290405243793531,-2.468747782615669,170.34948802484246,Before Launch
481,2025-05-03 22:58:54,26.139,-1.5255906000000001,-1.818,25.264,0.0,0.0,-14.44587318108794,-2.4456090244499213,170.3932237032935,Before Launch
482,2025-05-03 22:58:54,26.187,-1.03674544,-0.862,25.257,0.0,0.0,-14.780131105476984,-2.5130509205896354,170.33887444139344,Before Launch
483,2025-05-03 22:58:54,26.242,-1.5255906000000001,-1.254,25.264,0.0,0.0,-15.019142088582015,-2.485623607032093,170.30354056157665,Before Launch
484,2025-05-03 22:58:54,26.291,-0.06889764000000001,0.672,25.257,0.0,0.0,-15.970827081257532,-2.414325658620415,170.70949064877104,Before Launch
485,2025-05-03 22:58:54,26.336,-1.66010504,-0.304,25.254,0.0,0.0,-17.13784278097421,-2.6760526526909127,170.8715205200884,Before Launch
486,2025-05-03 22:58:54,26.392,-1.29265096,-0.478,25.262,0.0,0.0,-17.18134258981626,-2.90084505619053,171.0654833373295,Before Launch
487,2025-05-03 22:58:54,26.438,-0.18700788000000002,0.184,25.26,0.0,0.0,-16.166100435382944,-3.370407709137733,171.86961057448673,Before Launch
488,2025-05-03 22:58:54,26.489,-0.9251968799999999,-0.981,25.26,0.0,0.0,-15.723935611490223,-3.584158538708822,172.6759294589728,Before Launch
489,2025-05-03 22:58:54,26.545,-0.18700788000000002,0.47,25.26,0.0,0.0,-18.495661007576192,-3.549738628329595,173.92731921322365,Before Launch
490,2025-05-03 22:58:54,26.593,0.40026248,1.411,25.247,0.0,0.0,-23.145644506048384,-2.446099950415274,173.46345555169717,Before Launch
491,2025-05-03 22:58:54,26.639,0.74475068,1.029,25.262,0.0,0.0,-28.390549191577147,-1.3664940037985067,172.81018886522443,Before Launch
492,2025-05-03 22:58:54,26.697,-0.18700788000000002,0.088,25.264,0.0,0.0,-29.144896205814902,-0.5016534004525396,172.90740908630343,Before Launch
493,2025-05-03 22:58:54,26.753,-0.5577428,-0.592,25.245,0.0,0.0,-29.66583802829406,0.9425857293522836,174.97478514279143,Before Launch
494,2025-05-03 22:58:54,26.811,-0.7874015999999999,-0.179,25.264,0.0,0.0,-30.768946168196308,1.9606310328227137,176.72418832355586,Before Launch
495,2025-05-03 22:58:54,26.861,0.44619424,1.926,25.27,0.0,0.0,-31.914805929444896,2.1794032810304924,177.4041940047005,Before Launch
496,2025-05-03 22:58:54,26.906,2.1981628,2.25,25.254,0.0,0.0,-34.292800536059836,3.5057095474550772,-2.2783914183330722,Before Launch
497,2025-05-03 22:58:54,26.959,-0.41994752,1.823,25.264,0.0,0.0,-34.89261035001705,3.9534803660925033,-55.665139003329365,Before Launch
498,2025-05-03 22:58:54,27.006,-1.02690292,0.196,25.27,0.0,0.0,-34.90228855631522,5.938160602765043,-117.90173263913937,Before Launch
499,2025-05-03 22:58:54,27.053,0.19685039999999998,0.409,25.264,0.0,0.0,-36.24312565454445,9.58658594427843,-144.9123657982501,Before Launch
500,2025-05-03 22:58:54,27.109,0.1804462,-0.109,25.26,0.0,0.0,-38.24785696898657,10.6063810094289,-152.7415778773004,Before Launch
501,2025-05-03 22:58:55,27.157,0.1804462,-1.108,25.26,0.0,0.0,-42.47875002552078,11.342643651592876,-161.70507838223452,Before Launch
502,2025-05-03 22:58:55,27.203,1.03674544,0.388,25.247,0.0,0.0,-44.93936082524495,10.875512374432155,-164.5562840114545,Before Launch
503,2025-05-03 22:58:55,27.262,0.68569556,0.978,25.264,0.0,0.0,-46.93475471413987,10.3126896175908,-164.73061019180142,Before Launch
504,2025-05-03 22:58:55,27.318,0.06889764000000001,-0.72,25.26,0.0,0.0,-48.645848177560694,9.305916778093351,-164.01197759818098,Before Launch
505,2025-05-03 22:58:55,27.365,0.53805776,0.753,25.252,0.0,0.0,-48.89793474321513,9.280965603857224,-161.90437122066962,Before Launch
506,2025-05-03 22:58:55,27.415,1.03674544,2.008,25.257,0.0,0.0,-49.26526419901868,9.52444148276057,-160.92099837494084,Before Launch
507,2025-05-03 22:58:55,27.468,0.54790028,1.237,25.257,0.0,0.0,-51.149450065791584,9.988201602780833,-160.05947750830316,Before Launch
508,2025-05-03 22:58:55,27.517,1.8930446799999998,2.681,25.254,0.0,0.0,-54.689280099411164,13.320720742587945,-159.19786966539152,Before Launch
509,2025-05-03 22:58:55,27.566,1.72900268,1.41,25.26,0.0,0.0,-57.423634323370706,15.563267453558277,-158.4245242714424,Before Launch
510,2025-05-03 22:58:55,27.621,0.17060367999999998,1.425,25.252,0.0,0.0,-60.02041091350567,20.097474334300042,-156.98033341993798,Before Launch
511,2025-05-03 22:58:55,27.669,0.40026248,1.326,25.247,0.0,0.0,-60.49317898031345,26.044265232520917,-156.02111031540508,Before Launch
512,2025-05-03 22:58:55,27.718,1.8733596399999999,1.61,25.247,0.0,0.0,-59.180602169546184,28.59020690373281,-155.52765912815786,Before Launch
513,2025-05-03 22:58:55,27.761,1.0170604,1.527,25.247,0.0,0.0,-56.541208539119545,37.00231035479527,-149.15422790919212,Before Launch
514,2025-05-03 22:58:55,27.81,0.7709973999999999,0.757,25.247,0.0,0.0,-56.70875669131977,47.20519349871987,-140.89775039219995,Before Launch
515,2025-05-03 22:58:55,27.865,3.50065628,2.437,25.242,0.0,0.0,-53.65343679605987,51.90732329585396,-135.32648348036483,Before Launch
516,2025-05-03 22:58:55,27.92,0.8891076400000001,0.113,25.247,0.0,0.0,-51.01426623778991,52.867743565780636,-132.8806911360831,Before Launch
517,2025-05-03 22:58:55,27.969,2.1817586,1.862,25.252,0.0,0.0,-46.26644792993303,55.138283132014884,-129.24851249509138,Before Launch
518,2025-05-03 22:58:55,28.017,4.1174542,3.699,25.2,0.0,0.0,-42.68269311293898,56.24058462720826,-126.63537443892515,Before Launch
519,2025-05-03 22:58:55,28.075,2.3359580799999997,2.471,25.242,0.0,0.0,-39.0711089392488,56.89006875742805,-123.37300603890681,Before Launch
520,2025-05-03 22:58:56,28.13,2.58530192,1.686,25.232,0.0,0.0,-36.72305873319734,56.7293250287963,-121.93197003615145,Before Launch
521,2025-05-03 22:58:56,28.176,2.1161418,-0.065,25.242,0.0,0.0,-33.31577209067337,53.19298389095355,-121.56763571036775,Before Launch
522,2025-05-03 22:58:56,28.226,1.0170604,1.134,25.247,0.0,0.0,-30.414799532955666,51.48844920125872,-120.82765928688735,Before Launch
523,2025-05-03 22:58:56,28.279,1.50590556,1.99,25.247,0.0,0.0,-30.2398268120821,50.81960589549735,-119.70792384310116,Before Launch
524,2025-05-03 22:58:56,28.333,1.64370084,1.13,25.25,0.0,0.0,-29.855737795962575,51.72935436172764,-118.15467935129625,Before Launch
525,2025-05-03 22:58:56,28.381,2.02099744,1.447,25.26,0.0,0.0,-29.089888848483163,54.95810035365154,-117.82598929361038,Before Launch
526,2025-05-03 22:58:56,28.439,3.99606312,2.976,25.202,0.0,0.0,-33.223715658717566,57.90587333152407,-118.47587337959389,Before Launch
527,2025-05-03 22:58:56,28.485,0.90879268,-0.1,25.252,0.0,0.0,-45.60079779534339,65.50774469072996,-121.53860169724447,Before Launch
528,2025-05-03 22:58:56,28.531,1.64370084,0.755,25.25,0.0,0.0,-53.47280806919533,72.82375120470729,-121.85904465595722,Before Launch
529,2025-05-03 22:58:56,28.587,3.45144368,2.666,25.237,0.0,0.0,-56.871907323203914,75.63423493719993,-121.25908415819593,Before Launch
530,2025-05-03 22:58:56,28.637,3.9632547199999997,2.693,25.25,0.0,0.0,-60.38502649705306,79.30269128270554,-118.96736126665179,Before Launch
531,2025-05-03 22:58:56,28.684,4.553805919999999,2.772,25.254,0.0,0.0,-63.39820633653459,83.04238109359835,-115.15599738646924,Before Launch
532,2025-05-03 22:58:56,28.739,3.9632547199999997,2.687,25.247,0.0,0.0,-66.42637766172767,85.20211905012142,-113.11294450061456,Before Launch
533,2025-05-03 22:58:56,28.794,3.59580064,1.333,25.25,0.0,0.0,-67.50836593977955,85.09658981626166,-113.15435017633688,Before Launch
534,2025-05-03 22:58:56,28.841,3.22834656,1.176,25.25,0.0,0.0,-75.62599925305095,87.02460168570319,-113.5447458641016,Before Launch
535,2025-05-03 22:58:56,28.887,4.18635184,3.172,25.237,0.0,0.0,-92.7427604267373,91.40378035896907,-113.75010538747846,Before Launch
536,2025-05-03 22:58:56,28.941,3.34973764,2.319,25.247,0.0,0.0,-104.23627672098777,94.40240130810449,-113.22006354817569,Before Launch
537,2025-05-03 22:58:56,28.991,6.961942479999999,3.997,25.21,0.0,0.0,-126.41461220440348,98.46650702004516,-111.56847426754995,Before Launch
538,2025-05-03 22:58:56,29.038,3.59580064,2.019,25.245,0.0,0.0,-139.79950921477055,101.62524099231287,-111.41936320230886,During Launch
539,2025-05-03 22:58:56,29.096,5.24606316,3.48,25.215,0.0,0.0,-144.69581794850063,103.63087598028008,-111.70039676975799,During Launch
540,2025-05-03 22:58:57,29.143,5.48556448,1.553,25.242,0.0,0.0,-140.01438962698487,104.95769301903697,-113.91365957241213,During Launch
541,2025-05-03 22:58:57,29.194,4.0846458000000005,2.508,25.247,0.0,0.0,-128.60726490207682,103.62925507835783,-113.55320903666528,During Launch
542,2025-05-03 22:58:57,29.243,4.3339896399999995,1.689,25.242,0.0,0.0,-120.41479571941323,102.64176835805442,-112.84918293485569,During Launch
543,2025-05-03 22:58:57,29.297,6.59120756,1.933,25.21,0.0,0.0,-119.79804189476269,101.34484598501882,-111.16682321194254,During Launch
544,2025-05-03 22:58:57,29.344,5.1804463599999995,2.242,25.239,0.0,0.0,-124.4710807683298,99.32674506317262,-108.76322645986724,During Launch
545,2025-05-03 22:58:57,29.39,5.67913404,2.455,25.215,0.0,0.0,-137.91077383989156,100.19803926605604,-105.52938405019987,During Launch
546,2025-05-03 22:58:57,29.436,5.61679808,2.778,25.215,0.0,0.0,12.248552123417205,101.65883384881799,-97.01288193254209,During Launch
547,2025-05-03 22:58:57,29.485,4.8228348,3.023,25.247,0.0,0.0,85.42749883245482,103.69445140633184,-92.10849849624701,During Launch
548,2025-05-03 22:58:57,29.54,3.48425208,1.569,25.252,0.0,0.0,104.41750476470486,103.87584716964571,-91.17110156532293,During Launch
549,2025-05-03 22:58:57,29.591,5.4297902,3.01,25.242,0.0,0.0,124.25174994794165,103.19442993203276,-90.23236479300628,During Launch
550,2025-05-03 22:58:57,29.638,5.068897799999999,2.425,25.247,0.0,0.0,135.07697099226127,102.15102565417975,-89.70481580456219,During Launch
551,2025-05-03 22:58:57,29.695,4.58989516,0.473,25.252,0.0,0.0,139.0168882093723,101.5919127153416,-89.397743661196,During Launch
552,2025-05-03 22:58:57,29.75,4.222441079999999,2.619,25.252,0.0,0.0,52.70794569028713,100.09945472982007,-91.23335663101574,During Launch
553,2025-05-03 22:58:57,29.798,5.55774296,3.089,25.247,0.0,0.0,-48.946249110771156,99.0274425986341,-94.18649858195909,During Launch
554,2025-05-03 22:58:57,29.844,6.53543328,2.453,25.245,0.0,0.0,-96.92867969555866,99.18215020361485,-96.19403077769616,During Launch
555,2025-05-03 22:58:57,29.903,4.8228348,0.679,25.25,0.0,0.0,-111.3034395068393,99.45231639509093,-96.92036438267715,During Launch
556,2025-05-03 22:58:57,29.958,4.58989516,0.028,25.252,0.0,0.0,-130.2518972376553,99.63361346795422,-98.04341730128967,During Launch
557,2025-05-03 22:58:57,30.007,5.2657482,1.027,25.222,0.0,0.0,-145.96194197079592,99.1571845242508,-97.59760951343516,During Launch
558,2025-05-03 22:58:57,30.057,5.4297902,1.452,25.242,0.0,0.0,-152.60241808281023,98.8360788965147,-96.84589090025945,During Launch
559,2025-05-03 22:58:58,30.111,4.58989516,1.072,25.225,0.0,0.0,-154.46628369641616,98.66202499094028,-96.50529480956396,During Launch
560,2025-05-03 22:58:58,30.169,5.577427999999999,1.085,25.254,0.0,0.0,-153.39126431701578,98.18287673816593,-96.25890692801413,During Launch
561,2025-05-03 22:58:58,30.229,4.839239,1.156,25.257,0.0,0.0,-146.61484556752072,97.57428252100313,-96.9174682294188,During Launch
562,2025-05-03 22:58:58,30.277,4.3339896399999995,-2.044,25.25,0.0,0.0,-143.40806134682725,97.78732291045227,-97.42305134270723,During Launch
563,2025-05-03 22:58:58,30.329,4.10105,0.391,25.25,0.0,0.0,-144.87913966340642,99.05821365003551,-98.07707017740806,During Launch
564,2025-05-03 22:58:58,30.381,6.026903079999999,0.608,25.237,0.0,0.0,-146.50932239903975,99.71608541204719,-98.4554540091623,During Launch
565,2025-05-03 22:58:58,30.428,3.6154856800000004,-1.455,25.257,0.0,0.0,-150.3198351284118,101.06219080256913,-98.59521206771345,During Launch
566,2025-05-03 22:58:58,30.479,4.12073504,0.028,25.247,0.0,0.0,-152.2219579521113,101.40033204748057,-97.95555885691901,During Launch
567,2025-05-03 22:58:58,30.537,3.36614184,-0.748,25.254,0.0,0.0,-152.44140720298765,101.10942490616723,-97.44945239022871,During Launch
568,2025-05-03 22:58:58,30.583,4.47178492,-1.648,25.254,0.0,0.0,-150.03610346180957,100.58070500620002,-96.6766537765489,During Launch
569,2025-05-03 22:58:58,30.629,5.08858284,-0.071,25.252,0.0,0.0,-144.8736376251627,100.38176228440419,-96.11433932652929,During Launch
570,2025-05-03 22:58:58,30.687,4.57349096,-0.852,25.245,0.0,0.0,-138.75079085247336,99.59859581700071,-96.11516700005465,During Launch
571,2025-05-03 22:58:58,30.741,6.13188996,0.395,25.215,0.0,0.0,-128.76810236812534,98.19331276041959,-96.13908037083657,During Launch
572,2025-05-03 22:58:58,30.789,4.96063008,0.106,25.254,0.0,0.0,-52.67824076199331,97.60417420648899,-94.04292542296646,During Launch
573,2025-05-03 22:58:58,30.85,4.10105,0.471,25.26,0.0,0.0,43.725905445365754,96.92755852388646,-91.74424616615232,During Launch
574,2025-05-03 22:58:58,30.897,4.45209988,-0.749,25.247,0.0,0.0,76.05675844630787,96.55055539897857,-90.86474057638351,During Launch
575,2025-05-03 22:58:58,30.951,3.48425208,-1.207,25.252,0.0,0.0,127.55188270372528,98.38225527013783,-88.81536747179919,During Launch
576,2025-05-03 22:58:58,31.0,4.10105,-0.375,25.254,0.0,0.0,160.7618166961796,102.10564458010889,-88.2850603883288,During Launch
577,2025-05-03 22:58:58,31.048,3.7532809599999997,-0.361,25.242,0.0,0.0,-2.262407115910136,105.3333005473395,-89.91129598403808,During Launch
578,2025-05-03 22:58:58,31.103,3.9632547199999997,-1.222,25.25,0.0,0.0,-50.55357999915099,107.09068265754617,-90.95909143906813,During Launch
579,2025-05-03 22:58:59,31.15,4.45209988,-1.595,25.247,0.0,0.0,-109.64493579629968,111.48493420445007,-92.74670299621661,During Launch
580,2025-05-03 22:58:59,31.204,3.36614184,-1.12,25.254,0.0,0.0,-139.1756215735714,114.64501764115474,-93.91769290735574,During Launch
581,2025-05-03 22:58:59,31.255,4.42585316,-0.126,25.252,0.0,0.0,-149.89907546900164,115.88118264480326,-96.11325235171387,During Launch
582,2025-05-03 22:58:59,31.311,6.07611568,0.621,25.217,0.0,0.0,-150.54712082335828,115.42662692290153,-97.65484079379064,During Launch
583,2025-05-03 22:58:59,31.36,3.22834656,-1.69,25.25,0.0,0.0,-147.37569925519148,114.66616131188803,-100.62708475392063,During Launch
584,2025-05-03 22:58:59,31.408,2.5098426,-1.604,25.257,0.0,0.0,-142.4832971562333,112.13665391070134,-103.08023922913357,During Launch
585,2025-05-03 22:58:59,31.468,4.17650932,-1.078,25.252,0.0,0.0,-135.3810935061917,108.47059155647959,-105.30759173411646,During Launch
586,2025-05-03 22:58:59,31.527,3.32021008,-1.17,25.232,0.0,0.0,-132.0655106711799,107.13124473940827,-106.2370947506735,During Launch
587,2025-05-03 22:58:59,31.581,2.74934392,-1.215,25.257,0.0,0.0,-127.42058976380017,104.59690980367392,-107.76419837386251,During Launch
588,2025-05-03 22:58:59,31.63,3.6154856800000004,-0.373,25.257,0.0,0.0,-121.97647020710939,102.25108516559378,-109.0421448422515,During Launch
589,2025-05-03 22:58:59,31.69,2.46391084,-2.722,25.235,0.0,0.0,-111.18863642075291,99.08504566459249,-110.0005001575302,During Launch
590,2025-05-03 22:58:59,31.738,3.1167979999999997,-0.381,25.245,0.0,0.0,-98.45652396614415,94.6889280469694,-111.14865405377755,During Launch
591,2025-05-03 22:58:59,31.796,3.59580064,-0.399,25.25,0.0,0.0,-94.36850239729647,93.00251821318523,-111.42392358336413,During Launch
592,2025-05-03 22:58:59,31.845,2.74934392,-0.472,25.239,0.0,0.0,-88.86577832119043,90.63005219508551,-111.75649007189581,During Launch
593,2025-05-03 22:58:59,31.892,2.12270348,-1.795,25.242,0.0,0.0,-87.50201331892845,89.84247991090506,-111.11860196156086,During Launch
594,2025-05-03 22:58:59,31.948,4.17650932,-0.691,25.229,0.0,0.0,-89.4949041538412,90.23782540016437,-110.76458806294954,During Launch
595,2025-05-03 22:58:59,31.994,2.49015756,-1.594,25.245,0.0,0.0,-96.60996122297357,92.05733656911859,-109.98412173070078,During Launch
596,2025-05-03 22:58:59,32.045,3.21850404,-2.234,25.235,0.0,0.0,-102.07035213176515,93.17423442523743,-109.35082691272511,During Launch
597,2025-05-03 22:58:59,32.099,2.73293972,-1.701,25.242,0.0,0.0,-105.07611839442238,93.7366110745261,-108.68502352903607,During Launch
598,2025-05-03 22:59:00,32.157,6.32545952,1.702,25.2,0.0,0.0,-106.69148240267197,93.92501332361739,-108.12542930059652,During Launch
599,2025-05-03 22:59:00,32.206,2.6017061200000002,-1.414,25.239,0.0,0.0,-105.14363831930322,93.12221722736878,-107.40907661638138,During Launch
600,2025-05-03 22:59:00,32.254,2.12270348,-1.045,25.222,0.0,0.0,-98.78337946881446,91.85328047473654,-107.0491449595564,During Launch
601,2025-05-03 22:59:00,32.309,2.97244104,-0.862,25.239,0.0,0.0,-94.12175651260532,90.81017885417216,-106.94678685024101,During Launch
602,2025-05-03 22:59:00,32.356,1.9947507199999999,-1.344,25.245,0.0,0.0,-84.97170309571278,88.34415385812295,-107.52143401953417,During Launch
603,2025-05-03 22:59:00,32.402,3.3038058799999996,-0.508,25.239,0.0,0.0,-78.50175794650255,86.32197271339292,-109.11681356866629,During Launch
604,2025-05-03 22:59:00,32.458,3.1003938,-1.033,25.222,0.0,0.0,-76.37895401927213,85.2222208677254,-111.37136346717105,During Launch
605,2025-05-03 22:59:00,32.512,2.48359588,-0.675,25.242,0.0,0.0,-75.98592950441436,84.74963423330409,-112.89282292987103,During Launch
606,2025-05-03 22:59:00,32.566,3.34973764,-0.821,25.237,0.0,0.0,-74.74378671681268,84.07314221652273,-115.25801536918898,During Launch
607,2025-05-03 22:59:00,32.615,3.9370079999999996,-1.64,25.247,0.0,0.0,-72.633106460586,82.44981799774858,-117.18380521696268,During Launch
608,2025-05-03 22:59:00,32.666,3.21850404,-0.008,25.245,0.0,0.0,-71.04508086564088,81.3046690596748,-118.74227805845426,During Launch
609,2025-05-03 22:59:00,32.723,2.24409456,-0.202,25.242,0.0,0.0,-70.25665555886607,80.70647118350574,-120.19284684080556,During Launch
610,2025-05-03 22:59:00,32.778,4.02230984,-0.118,25.217,0.0,0.0,-70.30305502836542,80.53532972323113,-120.94323873340133,During Launch
611,2025-05-03 22:59:00,32.835,2.2342520400000003,-0.83,25.239,0.0,0.0,-69.73093915691062,79.76095507794196,-122.20170087105318,During Launch
612,2025-05-03 22:59:00,32.882,2.24409456,-0.388,25.247,0.0,0.0,-67.53101051617546,78.34282402253265,-122.95489490413888,During Launch
613,2025-05-03 22:59:00,32.928,2.49015756,-0.867,25.245,0.0,0.0,-65.6261564422249,77.1686840277618,-123.64324655195819,During Launch
614,2025-05-03 22:59:00,32.986,2.07021004,-0.304,25.22,0.0,0.0,-65.00343281755721,76.71455422367823,-124.14178571423464,During Launch
615,2025-05-03 22:59:00,33.045,1.8930446799999998,-0.936,25.254,0.0,0.0,-64.09227902462756,76.34915101988769,-125.0634463093306,During Launch
616,2025-05-03 22:59:00,33.094,0.17060367999999998,-2.639,25.252,0.0,0.0,-63.11551346200866,76.0065486985778,-125.98290265049336,During Launch
617,2025-05-03 22:59:01,33.144,1.7552494,-0.765,25.229,0.0,0.0,-62.51954459762276,75.70983708718516,-126.49593530188947,During Launch
618,2025-05-03 22:59:01,33.2,0.8891076400000001,-0.943,25.245,0.0,0.0,-61.74011116224684,75.25119884161623,-127.86023773524704,During Launch
619,2025-05-03 22:59:01,33.246,0.41994752,-2.894,25.252,0.0,0.0,-62.58356360429661,75.77863189998386,-128.91348278986698,During Launch
620,2025-05-03 22:59:01,33.295,1.47965884,-0.777,25.26,0.0,0.0,-63.24002923683018,76.75918838812721,-129.47837037556636,During Launch
621,2025-05-03 22:59:01,33.349,3.22834656,0.008,25.25,0.0,0.0,-66.03200458456472,79.52713159413936,-130.2335052806215,During Launch
622,2025-05-03 22:59:01,33.399,0.7874015999999999,-1.497,25.254,0.0,0.0,-68.67379686823014,81.9773734178639,-131.49736184364218,During Launch
623,2025-05-03 22:59:01,33.445,1.40419952,-3.821,25.26,0.0,0.0,-69.76616196993567,82.80831524261266,-132.04404829614558,During Launch
624,2025-05-03 22:59:01,33.499,2.12270348,-0.37,25.25,0.0,0.0,-71.71668406730977,84.56462206238359,-133.3234861800309,During Launch
625,2025-05-03 22:59:01,33.551,1.9685039999999998,-0.119,25.229,0.0,0.0,-72.87221923784142,83.195688103528,-135.45252669055287,During Launch
626,2025-05-03 22:59:01,33.596,2.7887139999999997,-0.143,25.212,0.0,0.0,-72.87109561884364,81.16369278916383,-137.94050309857604,During Launch
627,2025-05-03 22:59:01,33.644,1.1548556799999998,-0.652,25.254,0.0,0.0,-71.99776662364816,75.65724972945644,-144.1618264857985,During Launch
628,2025-05-03 22:59:01,33.69,1.7716536,-1.19,25.26,0.0,0.0,-72.00324174537097,71.77607001385992,-148.4161088318714,During Launch
629,2025-05-03 22:59:01,33.746,1.7716536,-1.032,25.257,0.0,0.0,-73.35379649193992,65.15616228418189,-155.09748927421643,During Launch
630,2025-05-03 22:59:01,33.793,0.54790028,-1.511,25.237,0.0,0.0,-72.05885586002353,57.57826823697718,-159.54300799340493,During Launch
631,2025-05-03 22:59:01,33.844,-0.29855644,-2.855,25.262,0.0,0.0,-71.147180511189,54.24233684119627,-161.06159183435588,During Launch
632,2025-05-03 22:59:01,33.898,1.64370084,-1.787,25.252,0.0,0.0,-68.72454168169554,44.67879828309326,-165.0984506044528,During Launch
633,2025-05-03 22:59:01,33.949,1.0170604,-1.716,25.254,0.0,0.0,-64.82625342366566,34.205698020186695,-168.3897186392366,During Launch
634,2025-05-03 22:59:01,33.992,0.54790028,-1.337,25.26,0.0,0.0,-62.196027248484704,28.676945201668048,-169.9289251357994,During Launch
635,2025-05-03 22:59:01,34.042,0.68569556,-2.64,25.264,0.0,0.0,-58.44083219560895,21.518981241899475,-171.65537515779823,During Launch
636,2025-05-03 22:59:01,34.09,0.41994752,-1.446,25.247,0.0,0.0,-55.63556936719805,16.04472736550956,-173.1822720013204,During Launch
637,2025-05-03 22:59:02,34.147,1.65354336,-0.467,25.254,0.0,0.0,-52.975934286306014,11.387382473398327,-174.56363857870772,During Launch
638,2025-05-03 22:59:02,34.202,1.12860896,-1.069,25.239,0.0,0.0,-50.888518925755584,9.241771715439798,-175.1003650735816,During Launch
639,2025-05-03 22:59:02,34.25,2.40157488,0.262,25.205,0.0,0.0,-47.646023852312084,5.890521519543673,-175.65906983381726,During Launch
640,2025-05-03 22:59:02,34.296,1.03674544,-0.684,25.257,0.0,0.0,-46.07338283042808,4.154871126940835,-176.38742666135167,During Launch
641,2025-05-03 22:59:02,34.35,1.2860892800000001,0.888,25.26,0.0,0.0,-42.86152771964491,0.6587555151260995,-71.90571271300254,During Launch
642,2025-05-03 22:59:02,34.403,-0.08530183999999999,-1.462,25.25,0.0,0.0,-40.3389695450099,-3.4555658444095685,56.6714532150638,During Launch
643,2025-05-03 22:59:02,34.453,-1.05314964,-1.55,25.26,0.0,0.0,-37.76046853700883,-6.628241479661571,118.7522677278734,During Launch
644,2025-05-03 22:59:02,34.507,-2.13910768,-2.029,25.262,0.0,0.0,-36.39613731479039,-7.66642928937711,136.75764985985168,During Launch
645,2025-05-03 22:59:02,34.552,-0.06889764000000001,-1.232,25.257,0.0,0.0,-37.01617446651478,-5.100312088015868,158.48044065193437,During Launch
646,2025-05-03 22:59:02,34.598,-0.45603676000000004,-2.95,25.257,0.0,0.0,-34.977270221723586,-6.909983118760705,169.08151020992926,During Launch
647,2025-05-03 22:59:02,34.654,-0.29855644,-0.865,25.252,0.0,0.0,-33.44465991083184,-5.29060391473563,177.24679105772898,During Launch
648,2025-05-03 22:59:02,34.71,0.6496063200000001,-0.597,25.25,0.0,0.0,-32.063027221936494,-5.292637077050834,179.74204248501616,During Launch
649,2025-05-03 22:59:02,34.759,-0.5577428,-2.127,25.26,0.0,0.0,-31.125556544119195,-4.478632609520553,183.28851695303638,During Launch
650,2025-05-03 22:59:02,34.805,-0.18700788000000002,-1.719,25.26,0.0,0.0,-28.022918053574443,-4.143215582314664,184.38404128953874,During Launch
651,2025-05-03 22:59:02,34.86,-0.43635172,-2.551,25.257,0.0,0.0,-26.494188877626286,-4.1361439952605314,184.41371644666202,During Launch
652,2025-05-03 22:59:02,34.911,1.11220476,-0.034,25.232,0.0,0.0,-24.808569480800735,-3.99110014788596,184.28453292388386,During Launch
653,2025-05-03 22:59:02,34.956,-0.43635172,-1.744,25.257,0.0,0.0,-24.383723776378478,-3.9850870835036654,184.21989908698143,During Launch
654,2025-05-03 22:59:02,35.012,-0.8038058,-2.034,25.26,0.0,0.0,-23.831199895493157,-4.1164542019807095,183.2751824750976,During Launch
655,2025-05-03 22:59:02,35.071,-0.66601052,-0.95,25.262,0.0,0.0,-24.028461013916832,-4.50339190852098,181.82846936831237,During Launch
656,2025-05-03 22:59:03,35.117,-0.18700788000000002,0.088,25.26,0.0,0.0,-22.89713159282815,-4.798510573920556,181.2771904628776,During Launch
657,2025-05-03 22:59:03,35.165,0.1804462,-1.155,25.26,0.0,0.0,-22.368371837529654,-5.049854419426003,181.37483107707249,During Launch
658,2025-05-03 22:59:03,35.212,0.43635172,-0.46,25.262,0.0,0.0,-25.52659306968914,-5.382327710252275,183.08494212596185,During Launch
659,2025-05-03 22:59:03,35.259,0.29855644,-0.197,25.257,0.0,0.0,-28.295149755944575,-4.990362334339146,183.6224668799325,During Launch
660,2025-05-03 22:59:03,35.313,0.6430446400000001,-0.034,25.242,0.0,0.0,-29.322009495881364,-4.596470463299768,183.85212333844115,During Launch
661,2025-05-03 22:59:03,35.362,-0.18700788000000002,-0.477,25.257,0.0,0.0,-31.370149280113974,-4.18274685277505,184.00618678182465,During Launch
662,2025-05-03 22:59:03,35.413,-0.18700788000000002,-1.454,25.257,0.0,0.0,-31.16727151462446,-3.8761487940588597,183.63923199682037,During Launch
663,2025-05-03 22:59:03,35.468,0.17060367999999998,-0.757,25.25,0.0,0.0,-30.804452669958987,-3.872832179931383,183.14203051628095,During Launch
664,2025-05-03 22:59:03,35.525,-0.5577428,-2.321,25.26,0.0,0.0,-30.554135990400017,-4.09683667196663,182.57466584319113,During Launch
665,2025-05-03 22:59:03,35.572,0.29855644,-0.579,25.257,0.0,0.0,-30.86465766539557,-4.485730852589415,181.6960051846818,During Launch
666,2025-05-03 22:59:03,35.627,0.90879268,-0.295,25.252,0.0,0.0,-31.65363787252631,-4.710904120247002,181.29974110167186,During Launch
667,2025-05-03 22:59:03,35.675,0.66929136,0.593,25.257,0.0,0.0,-31.862824304416932,-4.763908220903659,181.1615614772828,During Launch
668,2025-05-03 22:59:03,35.726,0.66929136,1.353,25.257,0.0,0.0,-32.01557707350925,-4.674639946343643,181.07069316814062,During Launch
669,2025-05-03 22:59:03,35.776,1.2860892800000001,2.699,25.26,0.0,0.0,-31.982599262375953,-4.678403552262088,181.0747303641795,During Launch
670,2025-05-03 22:59:03,35.827,-0.43635172,-0.288,25.254,0.0,0.0,-31.99959849670598,-4.498424579274372,180.9714921699646,During Launch
671,2025-05-03 22:59:03,35.884,-0.06889764000000001,0.301,25.222,0.0,0.0,-31.719732083198164,-4.457092789357954,180.82228533515345,During Launch
672,2025-05-03 22:59:03,35.94,0.06889764000000001,0.286,25.237,0.0,0.0,-31.378060554879028,-4.432309629877995,180.7012008813124,During Launch
673,2025-05-03 22:59:03,35.988,0.31824148,-0.259,25.264,0.0,0.0,-30.81925013356823,-4.426704274325631,180.4518967055504,During Launch
674,2025-05-03 22:59:03,36.039,0.7874015999999999,1.051,25.215,0.0,0.0,-30.501368263025938,-4.343698844441261,180.14801932356315,During Launch
675,2025-05-03 22:59:03,36.095,-0.29855644,-0.086,25.257,0.0,0.0,-30.334329837219173,-4.299772089010844,179.9973300797721,During Launch
676,2025-05-03 22:59:04,36.15,0.66929136,0.857,25.257,0.0,0.0,-30.2805844123797,-4.259617638635588,179.87675899914245,During Launch
677,2025-05-03 22:59:04,36.208,0.29855644,-0.627,25.254,0.0,0.0,-30.17449037130042,-4.281423717093698,179.79077746413023,During Launch
678,2025-05-03 22:59:04,36.254,0.29855644,0.566,25.257,0.0,0.0,-30.120584430037315,-4.242735705540281,179.66569270658812,During Launch
679,2025-05-03 22:59:04,36.301,0.1804462,0.764,25.26,0.0,0.0,-30.288238880217175,-4.240963748821943,179.68379447688142,During Launch
680,2025-05-03 22:59:04,36.356,0.68569556,1.052,25.227,0.0,0.0,-30.51378154972524,-4.290950891851707,179.6791222443075,During Launch
681,2025-05-03 22:59:04,36.409,1.03674544,0.947,25.257,0.0,0.0,-30.702122581579673,-4.243743980603058,179.6638183346373,During Launch
682,2025-05-03 22:59:04,36.454,1.5255906000000001,1.044,25.254,0.0,0.0,-30.738131444341523,-4.157207786207422,179.49049054896219,During Launch
683,2025-05-03 22:59:04,36.509,0.91535436,0.369,25.26,0.0,0.0,-30.734232735013407,-4.143331944468009,179.43156262269048,During Launch
684,2025-05-03 22:59:04,36.555,0.54790028,0.192,25.26,0.0,0.0,-30.686011109154787,-4.074466854426356,179.30587557933384,During Launch
685,2025-05-03 22:59:04,36.608,0.1804462,-0.357,25.257,0.0,0.0,-30.597392822146798,-4.040175949282974,179.21743173958143,During Launch
686,2025-05-03 22:59:04,36.659,1.01049872,0.923,25.254,0.0,0.0,-30.568783274153407,-4.08067757676261,179.20030720365725,During Launch
687,2025-05-03 22:59:04,36.715,0.7874015999999999,0.748,25.254,0.0,0.0,-30.617624760995298,-4.07598301043427,179.18392943858322,During Launch
688,2025-05-03 22:59:04,36.767,0.91535436,0.573,25.242,0.0,0.0,-30.59964998026705,-3.965701589846433,178.98018552210146,During Launch
689,2025-05-03 22:59:04,36.822,0.43635172,0.766,25.262,0.0,0.0,-30.548865232799823,-3.9689015984545093,178.87997625852975,During Launch
690,2025-05-03 22:59:04,36.868,0.43635172,0.106,25.247,0.0,0.0,-30.50019240769546,-3.972107579308524,178.88253196697804,During Launch
691,2025-05-03 22:59:04,36.921,1.66994756,0.588,25.267,0.0,0.0,-30.46470244623185,-3.9840122506626674,178.82545259649575,During Launch
692,2025-05-03 22:59:04,36.979,0.44619424,-0.171,25.27,0.0,0.0,-30.52944689240985,-3.9294115788549475,178.76293343328558,During Launch
693,2025-05-03 22:59:04,37.026,1.5419947999999999,0.671,25.262,0.0,0.0,-30.60699322650349,-3.878168087690492,178.60858754929654,During Launch
694,2025-05-03 22:59:04,37.082,1.62729664,0.261,25.245,0.0,0.0,-30.602593045171123,-3.8569296980522383,178.555571276321,During Launch
695,2025-05-03 22:59:05,37.139,1.05314964,1.135,25.264,0.0,0.0,-30.588365694719574,-3.838427407340488,178.496035830086,During Launch
696,2025-05-03 22:59:05,37.187,0.91535436,0.755,25.26,0.0,0.0,-30.55760188443324,-3.7995743632248233,178.40305522536957,During Launch
697,2025-05-03 22:59:05,37.236,0.07874016,0.008,25.27,0.0,0.0,-30.567843669218526,-3.845596687354255,178.45685425561675,During Launch
698,2025-05-03 22:59:05,37.294,0.43635172,0.09,25.262,0.0,0.0,-30.563528336745485,-3.804293053357185,178.31926512346126,During Launch
699,2025-05-03 22:59:05,37.343,0.9908136799999999,0.156,25.235,0.0,0.0,-30.559659410696185,-3.791643017332917,178.2583175133843,During Launch
700,2025-05-03 22:59:05,37.391,1.01049872,1.01,25.262,0.0,0.0,-30.553304120763762,-3.7926470849069482,178.25816294633518,During Launch
701,2025-05-03 22:59:05,37.449,-0.41994752,-0.839,25.237,0.0,0.0,-30.542778413675336,-3.7647719908862203,178.18430335345386,During Launch
702,2025-05-03 22:59:05,37.496,0.29855644,0.0,25.254,0.0,0.0,-30.523356596822328,-3.7010784124928318,178.01599642791558,During Launch
703,2025-05-03 22:59:05,37.544,0.1804462,-0.092,25.26,0.0,0.0,-30.500190590755587,-3.6924482569999864,177.97946898908936,During Launch
704,2025-05-03 22:59:05,37.601,-1.03674544,-0.936,25.262,0.0,0.0,-30.531139586699787,-3.6961133937654007,177.93249393453203,During Launch
705,2025-05-03 22:59:05,37.649,0.1804462,-0.391,25.26,0.0,0.0,-30.48221779959329,-3.6817694627927855,177.86561947209833,During Launch
706,2025-05-03 22:59:05,37.694,1.17454072,0.107,25.26,0.0,0.0,-30.458741194591045,-3.6238943470129206,177.8068790288397,During Launch
707,2025-05-03 22:59:05,37.754,0.54790028,-0.752,25.26,0.0,0.0,-30.463091253226402,-3.6184323127009637,177.8177743371787,During Launch
708,2025-05-03 22:59:05,37.808,0.43635172,-0.369,25.262,0.0,0.0,-30.438478176991442,-3.5803441711010535,177.78275641594692,During Launch
709,2025-05-03 22:59:05,37.856,1.12860896,0.446,25.239,0.0,0.0,-30.433280365159888,-3.5446274850980073,177.69455349044986,During Launch
710,2025-05-03 22:59:05,37.905,-2.5098426,-2.074,25.262,0.0,0.0,-30.38812713656143,-3.4876823058565876,177.67582311700573,During Launch
711,2025-05-03 22:59:05,37.961,-0.17060367999999998,-0.907,25.264,0.0,0.0,-30.352703067054268,-3.471162019916697,177.65719904373086,During Launch
712,2025-05-03 22:59:05,38.01,-0.29855644,-0.839,25.262,0.0,0.0,-30.317200399633037,-3.4895708846575,177.63905297068231,During Launch
713,2025-05-03 22:59:05,38.056,1.2860892800000001,0.288,25.26,0.0,0.0,-30.30372428143884,-3.4556536738715575,177.6036356419578,During Launch
714,2025-05-03 22:59:05,38.109,-0.21653544,-0.507,25.26,0.0,0.0,-30.38269991602137,-3.439778787775186,177.59482561510345,During Launch
715,2025-05-03 22:59:06,38.156,0.06889764000000001,-0.285,25.254,0.0,0.0,-30.429151580507046,-3.3792836839203155,177.5432826797483,During Launch
716,2025-05-03 22:59:06,38.207,0.54790028,-0.873,25.229,0.0,0.0,-30.450108156224722,-3.3474620895698486,177.48255130707375,During Launch
717,2025-05-03 22:59:06,38.262,0.1804462,-0.207,25.235,0.0,0.0,-30.450002878777145,-3.388625772205496,177.40814056159857,During Launch
718,2025-05-03 22:59:06,38.318,0.91535436,-0.485,25.26,0.0,0.0,-30.444010780535503,-3.381405116058649,177.3749291343086,During Launch
719,2025-05-03 22:59:06,38.371,0.06889764000000001,-1.209,25.262,0.0,0.0,-30.432401386819336,-3.466923170097135,177.29938374858295,During Launch
720,2025-05-03 22:59:06,38.418,2.02099744,0.757,25.257,0.0,0.0,-30.42747740397632,-3.4693781573896,177.12431426981294,During Launch
721,2025-05-03 22:59:06,38.473,0.43635172,-0.372,25.257,0.0,0.0,-30.448411766758973,-3.4460327109020805,177.10598045626259,During Launch
722,2025-05-03 22:59:06,38.52,2.07021004,1.551,25.22,0.0,0.0,-30.486025573408014,-3.454611393272057,177.14124416229055,During Launch
723,2025-05-03 22:59:06,38.568,0.31824148,-0.093,25.245,0.0,0.0,-30.420190047442308,-3.4043494806755206,177.1330669989582,During Launch
724,2025-05-03 22:59:06,38.622,0.8891076400000001,-0.08,25.26,0.0,0.0,-30.37568106214605,-3.396676433028272,177.11690296980194,During Launch
725,2025-05-03 22:59:06,38.673,0.53805776,-0.369,25.239,0.0,0.0,-30.288235593428173,-3.3384748277841414,177.05575544976722,During Launch
726,2025-05-03 22:59:06,38.721,0.05249344,0.371,25.254,0.0,0.0,-30.238863155070213,-3.2812309229898657,177.0332320517516,During Launch
727,2025-05-03 22:59:06,38.775,0.53805776,0.187,25.252,0.0,0.0,-30.24611134676595,-3.29520320814573,176.97466733108544,During Launch
728,2025-05-03 22:59:06,38.83,-0.83333336,-0.788,25.257,0.0,0.0,-30.221500443197915,-3.298339763388379,176.9091467722918,During Launch
729,2025-05-03 22:59:06,38.875,0.39370079999999996,1.123,25.239,0.0,0.0,-30.21747735706772,-3.288211943037824,176.83577214564744,During Launch
730,2025-05-03 22:59:06,38.92,0.72506564,0.428,25.247,0.0,0.0,-30.252680260158186,-3.3086270149074344,176.811314687875,During Launch
731,2025-05-03 22:59:06,38.967,0.6496063200000001,-0.412,25.25,0.0,0.0,-30.334499035818382,-3.3471772493077343,176.73281705696732,During Launch
732,2025-05-03 22:59:06,39.014,1.3615485999999999,0.646,25.235,0.0,0.0,-30.35602738418087,-3.3353363673851772,176.71446302015875,During Launch
733,2025-05-03 22:59:06,39.069,-0.31824148,-0.598,25.254,0.0,0.0,-30.35105530781302,-3.3050050636675428,176.72715068353173,During Launch
734,2025-05-03 22:59:07,39.114,-0.31824148,-1.15,25.262,0.0,0.0,-30.392969346950682,-3.2889483705665215,176.77231668404707,During Launch
735,2025-05-03 22:59:07,39.163,0.53805776,2.423,25.252,0.0,0.0,-30.40015516494166,-3.2217290363301907,176.75611107409438,During Launch
736,2025-05-03 22:59:07,39.209,0.17060367999999998,0.273,25.252,0.0,0.0,-30.40948756731806,-3.201701501270982,176.75892432814814,During Launch
737,2025-05-03 22:59:07,39.256,-0.31824148,-0.016,25.254,0.0,0.0,-30.401962890764647,-3.2121271684954253,176.8042454939455,During Launch
738,2025-05-03 22:59:07,39.318,2.21784784,0.738,25.232,0.0,0.0,-30.308081529314496,-3.1849153480443166,176.65215598622186,During Launch
739,2025-05-03 22:59:07,39.369,0.90879268,0.893,25.235,0.0,0.0,-30.282799784732244,-3.184148603145276,176.59899980569827,During Launch
740,2025-05-03 22:59:07,39.421,2.12270348,1.624,25.222,0.0,0.0,-30.25920205803276,-3.1835294180332334,176.57662444451373,During Launch
741,2025-05-03 22:59:07,39.474,0.74475068,0.155,25.232,0.0,0.0,-30.229090354885273,-3.189228155333476,176.5496365305838,During Launch
742,2025-05-03 22:59:07,39.524,0.29855644,0.094,25.237,0.0,0.0,-30.250634406447762,-3.224187627141515,176.55003275026354,During Launch
743,2025-05-03 22:59:07,39.576,-0.18700788000000002,-0.876,25.26,0.0,0.0,-30.21450594828501,-3.186463303586599,176.4516895325179,During Launch
744,2025-05-03 22:59:07,39.637,0.1804462,0.088,25.26,0.0,0.0,-30.19376670872709,-3.1808472185904604,176.45068675627599,During Launch
745,2025-05-03 22:59:07,39.687,0.90879268,-0.876,25.252,0.0,0.0,-30.16897020008598,-3.1564663766537917,176.44233650369685,During Launch
746,2025-05-03 22:59:07,39.741,1.27624676,0.662,25.25,0.0,0.0,-30.152511794524784,-3.0882199717060344,176.49125469973006,During Launch
747,2025-05-03 22:59:07,39.809,1.27624676,-0.616,25.254,0.0,0.0,-30.170885468816532,-3.0373294956130756,176.52613922100375,During Launch
748,2025-05-03 22:59:07,39.861,0.05249344,-0.206,25.254,0.0,0.0,-30.184184187204945,-2.974459597070887,176.54563429969676,During Launch
749,2025-05-03 22:59:07,39.92,-0.33464568,-0.943,25.239,0.0,0.0,-30.186444259758026,-2.9831724408569,176.53923668707301,During Launch
750,2025-05-03 22:59:07,39.988,-0.9350394,-1.12,25.252,0.0,0.0,-30.220363064869282,-3.050457922215104,176.50580696683306,During Launch
751,2025-05-03 22:59:07,40.037,-0.43635172,-0.371,25.229,0.0,0.0,-30.238474012577555,-3.0561980594253537,176.4021801217897,During Launch
752,2025-05-03 22:59:07,40.091,0.29855644,-0.182,25.254,0.0,0.0,-30.330130648020347,-3.002596129106994,176.40683247307385,During Launch
753,2025-05-03 22:59:08,40.149,-1.29265096,-0.348,25.247,0.0,0.0,-30.337011285823113,-3.0034184171855602,176.43163251552065,During Launch
754,2025-05-03 22:59:08,40.204,0.6496063200000001,0.193,25.25,0.0,0.0,-30.36041063313911,-3.04566906785526,176.35509941984043,During Launch
755,2025-05-03 22:59:08,40.261,1.60104992,0.653,25.229,0.0,0.0,-30.324107909482887,-3.01060193384524,176.25153792426508,During Launch
756,2025-05-03 22:59:08,40.313,0.7709973999999999,0.09,25.247,0.0,0.0,-30.05755247348221,-3.2742414238962727,175.76145540263187,During Launch
757,2025-05-03 22:59:08,40.361,0.0328084,-0.986,25.25,0.0,0.0,-29.89038744151779,-3.425816045950711,175.49268947411028,During Launch
758,2025-05-03 22:59:08,40.421,3.13976388,2.558,25.205,0.0,0.0,-29.840249847322543,-3.437508431989933,175.40897901601934,During Launch
759,2025-05-03 22:59:08,40.483,0.90879268,0.896,25.247,0.0,0.0,-30.023004073025295,-3.3355027774663175,175.53438062711092,During Launch
760,2025-05-03 22:59:08,40.541,2.71325468,1.579,25.237,0.0,0.0,-30.058386309239385,-3.301226167633378,175.66461320486778,During Launch
761,2025-05-03 22:59:08,40.589,0.28215224,0.081,25.25,0.0,0.0,-30.106047678512564,-3.243032881479125,175.81614410611917,During Launch
762,2025-05-03 22:59:08,40.639,0.7709973999999999,0.788,25.237,0.0,0.0,-30.15348801753282,-3.198152380269612,175.85056450204206,During Launch
763,2025-05-03 22:59:08,40.696,0.40026248,-1.319,25.215,0.0,0.0,-30.198456423231313,-3.2027403839988415,175.87911725699183,During Launch
764,2025-05-03 22:59:08,40.742,1.4370079199999999,0.385,25.252,0.0,0.0,-30.298940538920235,-3.108488615928074,175.90546217719807,During Launch
765,2025-05-03 22:59:08,40.799,2.5393701600000003,0.302,25.21,0.0,0.0,-30.3033768137353,-3.1212301734983345,175.90683022088038,During Launch
766,2025-05-03 22:59:08,40.85,-0.45603676000000004,-0.873,25.227,0.0,0.0,-30.335152065807794,-3.085248439705822,175.92999556238541,During Launch
767,2025-05-03 22:59:08,40.907,0.41994752,0.088,25.254,0.0,0.0,-30.311499662428307,-3.0468077230008843,175.9694592440645,During Launch
768,2025-05-03 22:59:08,40.964,1.7552494,1.399,25.25,0.0,0.0,-30.285322669522138,-2.9852345353565233,176.04317432079654,During Launch
769,2025-05-03 22:59:08,41.018,-0.9350394,-0.808,25.247,0.0,0.0,-30.256670564210527,-2.9696940873603435,176.02523794656682,During Launch
770,2025-05-03 22:59:08,41.069,0.27230972000000003,-0.461,25.225,0.0,0.0,-30.241827829571864,-2.948367459960104,176.03991312445996,During Launch
771,2025-05-03 22:59:09,41.121,0.7709973999999999,-0.366,25.247,0.0,0.0,-30.16783216230872,-2.920026533314643,176.07693749975863,During Launch
772,2025-05-03 22:59:09,41.167,0.39370079999999996,-0.65,25.247,0.0,0.0,-30.186221403209448,-2.90594291352146,176.0641031566567,During Launch
773,2025-05-03 22:59:09,41.224,-0.09514436,-0.108,25.242,0.0,0.0,-30.17251452468336,-2.866312846450371,176.03621363922448,During Launch
774,2025-05-03 22:59:09,41.28,-0.33464568,0.0,25.222,0.0,0.0,-30.140154348344584,-2.8921433438968736,175.99651824911624,During Launch
775,2025-05-03 22:59:09,41.337,-0.21653544,0.533,25.245,0.0,0.0,-30.152659091504344,-2.8958625038635586,175.96947660729825,During Launch
776,2025-05-03 22:59:09,41.385,0.52165356,0.711,25.245,0.0,0.0,-30.198303442374232,-2.8889136541183484,175.97736474439222,During Launch
777,2025-05-03 22:59:09,41.457,1.64370084,0.985,25.252,0.0,0.0,-30.20466929198666,-2.9134418092139023,175.87453880514295,During Launch
778,2025-05-03 22:59:09,41.507,1.9488189599999999,2.387,25.21,0.0,0.0,-30.21259852568635,-2.972594191909867,175.77171292362823,During Launch
779,2025-05-03 22:59:09,41.564,0.6233596,-0.019,25.235,0.0,0.0,-30.21216211546523,-3.0058340742887237,175.7077708087841,During Launch
780,2025-05-03 22:59:09,41.621,2.1817586,0.427,25.217,0.0,0.0,-30.181020023045985,-3.027744854197343,175.66716169156794,During Launch
781,2025-05-03 22:59:09,41.669,2.8149607199999997,1.507,25.207,0.0,0.0,-30.18815634408824,-3.027035249851608,175.61071742402282,During Launch
782,2025-05-03 22:59:09,41.729,1.11220476,0.789,25.245,0.0,0.0,-30.138875076684517,-3.0894767288751868,175.54269120474004,During Launch
783,2025-05-03 22:59:09,41.795,2.68700796,-0.33,25.245,0.0,0.0,-30.139901233322345,-3.0254409189572633,175.66882355073497,During Launch
784,2025-05-03 22:59:09,41.855,2.5393701600000003,1.188,25.21,0.0,0.0,-30.158257715793784,-3.0119760170567402,175.70336007534968,During Launch
785,2025-05-03 22:59:09,41.918,3.62860904,0.665,25.239,0.0,0.0,-30.200549098252072,-2.9815445802891802,175.74901301672375,During Launch
786,2025-05-03 22:59:09,41.967,0.37401576000000003,0.067,25.207,0.0,0.0,-30.269240582102036,-2.9597939097885226,175.74915670310438,During Launch
787,2025-05-03 22:59:09,42.013,-1.07283468,-1.342,25.245,0.0,0.0,-30.253832541154928,-2.9395892915241197,175.7324238160381,During Launch
788,2025-05-03 22:59:09,42.074,1.24015752,0.61,25.212,0.0,0.0,-30.276617032064284,-2.9714405790364857,175.74244652951316,During Launch
789,2025-05-03 22:59:10,42.134,0.15419948,-0.922,25.242,0.0,0.0,-30.27109241034557,-2.9480625860903054,175.70327926865062,During Launch
790,2025-05-03 22:59:10,42.19,0.15419948,-1.715,25.245,0.0,0.0,-30.26470960573978,-2.907754364632797,175.72135959424614,During Launch
791,2025-05-03 22:59:10,42.238,1.74540688,1.586,25.225,0.0,0.0,-30.221999557812214,-2.8325330917872513,175.70538421833652,During Launch
792,2025-05-03 22:59:10,42.294,0.96456696,0.393,25.22,0.0,0.0,-30.22942964172813,-2.8344807960593434,175.70822293257623,During Launch
793,2025-05-03 22:59:10,42.345,1.58136488,-0.126,25.222,0.0,0.0,-30.18741614121735,-2.854255366157729,175.69702497919803,During Launch
794,2025-05-03 22:59:10,42.392,1.3779527999999999,1.683,25.225,0.0,0.0,-30.15882599427166,-2.8871325418599367,175.6481813294839,During Launch
795,2025-05-03 22:59:10,42.446,0.25590552,-0.012,25.235,0.0,0.0,-30.15144684907326,-2.8617374816121273,175.64563691908447,During Launch
796,2025-05-03 22:59:10,42.501,0.9908136799999999,0.159,25.235,0.0,0.0,-30.130275648242698,-2.891036522420104,175.57652363169635,During Launch
797,2025-05-03 22:59:10,42.55,2.29986884,1.378,25.247,0.0,0.0,-30.141657518249502,-2.8882095931341802,175.5476017520033,During Launch
798,2025-05-03 22:59:10,42.596,2.31955388,1.76,25.232,0.0,0.0,-30.09726026252549,-2.8745410764759978,175.5199000869685,During Launch
799,2025-05-03 22:59:10,42.655,-0.21653544,0.086,25.245,0.0,0.0,-30.112601527588843,-2.9134610137908896,175.50740436383896,During Launch
800,2025-05-03 22:59:10,42.709,2.31955388,1.848,25.239,0.0,0.0,-30.06533849251545,-2.928572427059869,175.48441675148553,During Launch
801,2025-05-03 22:59:10,42.769,2.0341208,1.093,25.205,0.0,0.0,-30.108227665748924,-2.923078859624789,175.5098916200967,During Launch
802,2025-05-03 22:59:10,42.818,1.83070872,0.137,25.225,0.0,0.0,-30.143610563336022,-2.9468228184344847,175.48909926596284,During Launch
803,2025-05-03 22:59:10,42.872,0.13451444,-1.329,25.239,0.0,0.0,-30.155784060989568,-2.942322697063859,175.51661934278494,During Launch
804,2025-05-03 22:59:10,42.923,1.07611552,0.333,25.22,0.0,0.0,-30.159554396330808,-2.9321583515886487,175.52381986947367,During Launch
805,2025-05-03 22:59:10,42.977,1.9488189599999999,-0.172,25.222,0.0,0.0,-30.164085555162586,-2.880495496212502,175.54057558966474,During Launch
Apogee,Temp of Landing Site,Landing Time,Max velocity,Roll,Pitch,Yaw
6.59120756,25.242,22:59:10,3.997,-30.185690540473555,-2.855421889149279,175.5497755752946
