n,Datetime (UTC),Timestamp (s),Altitude (ft),Velocity (ft/s),Temperature (C),Longitude,Latitude,Roll (°),Pitch (°),Yaw (°),Flag
0,2025-05-03 23:07:09,0.164,-1.3648294399999998,,26.125,-1,-1,20.568446376572613,101.35750393571529,20.331521704155413,Before Launch
1,2025-05-03 23:07:09,1.459,-0.85629924,,26.125,-1,-1,29.65942341444454,147.0632770426201,29.471166447939012,Before Launch
2,2025-05-03 23:07:09,1.511,-0.37729660000000004,,26.123,-1,-1,38.114369787625066,189.53598931902187,37.949355133754345,Before Launch
3,2025-05-03 23:07:09,1.588,0.062335959999999996,,26.108,0.0,0.0,1.078483898139753,241.15220353300842,126.7289276265304,Before Launch
4,2025-05-03 23:07:09,1.661,0.98753284,,26.128,0.0,0.0,-7.55688412286943,254.6527445306186,148.8771718211033,Before Launch
5,2025-05-03 23:07:09,1.811,-0.6069554,,26.128,0.0,0.0,-11.02680705957697,260.25363963434967,158.05156455987648,Before Launch
6,2025-05-03 23:07:09,1.882,1.51246724,,26.125,0.0,0.0,-13.445921178028508,264.15328854221383,164.16261083776027,Before Launch
7,2025-05-03 23:07:10,1.967,0.00984252,,26.13,0.0,0.0,-14.269974154924089,265.6032268393343,166.3570927756345,Before Launch
8,2025-05-03 23:07:10,2.044,0.12795276,,26.13,0.0,0.0,-14.569187258778948,266.1695139527449,167.24161635223467,Before Launch
9,2025-05-03 23:07:10,2.102,0.00984252,,26.13,0.0,0.0,-14.749357464776763,266.4460883680675,167.53652626508773,Before Launch
10,2025-05-03 23:07:10,2.156,-0.72834648,,26.13,0.0,0.0,-14.77017544589937,266.50090667709657,167.57982971139242,Before Launch
11,2025-05-03 23:07:10,2.2,-0.84973756,,26.115,0.0,0.0,-14.746294570261698,266.60102847951276,167.6769524364095,Before Launch
12,2025-05-03 23:07:10,2.243,0.14763779999999999,,26.135,0.0,0.0,-14.775231697845458,266.6094913774548,167.69728936688747,Before Launch
13,2025-05-03 23:07:10,2.288,-0.72834648,,26.135,0.0,0.0,-14.738955598876863,266.6968767369099,167.80303968887367,Before Launch
14,2025-05-03 23:07:10,2.334,0.37729660000000004,,26.13,0.0,0.0,-14.750056429172714,266.7190855107176,167.87356262813955,Before Launch
15,2025-05-03 23:07:10,2.378,0.37729660000000004,,26.13,0.0,0.0,-14.773555969760116,266.75626716385176,167.93900470320247,Before Launch
16,2025-05-03 23:07:10,2.422,0.49868767999999997,,26.128,0.0,0.0,-14.760566591248214,266.7590202651781,167.92651004064967,Before Launch
17,2025-05-03 23:07:10,2.476,1.8339895600000002,,26.128,0.0,0.0,-14.749385895868848,266.76768865360987,167.92757366523577,Before Launch
18,2025-05-03 23:07:10,2.536,0.83989504,,26.135,0.0,0.0,-14.750341128756752,266.7692047057156,167.95251059480296,Before Launch
19,2025-05-03 23:07:10,2.581,0.37729660000000004,,26.13,0.0,0.0,-14.774279993880624,266.74860033559486,167.96634062623457,Before Launch
20,2025-05-03 23:07:10,2.634,0.029527559999999998,,26.137,0.0,0.0,-14.861135965044618,266.7301061782775,167.9358016921178,Before Launch
21,2025-05-03 23:07:10,2.688,-0.11154856,,26.133,0.0,0.0,-14.866624873727563,266.69913282628505,167.92851730940603,Before Launch
22,2025-05-03 23:07:10,2.743,0.84973756,,26.133,0.0,0.0,-14.820168721747454,266.6983797514628,167.84268090470144,Before Launch
23,2025-05-03 23:07:10,2.797,-0.95800528,,26.135,0.0,0.0,-14.796154365313889,266.70911900755675,167.79579451482263,Before Launch
24,2025-05-03 23:07:10,2.847,1.42060372,,26.1,0.0,0.0,-14.757205010066606,266.7306632791468,167.7492874261766,Before Launch
25,2025-05-03 23:07:10,2.893,-0.5905511999999999,0.284,26.135,0.0,0.0,-14.74737092448125,266.72714820869066,167.73316092056248,Before Launch
26,2025-05-03 23:07:10,2.94,1.06955384,1.3,26.1,0.0,0.0,-14.598440318283599,266.7502756649877,167.7964365854213,Before Launch
27,2025-05-03 23:07:11,2.987,-0.11154856,0.18,26.105,0.0,0.0,-14.70601218709457,266.7438599377407,167.72682116209668,Before Launch
28,2025-05-03 23:07:11,3.042,0.72834648,0.458,26.123,0.0,0.0,-14.70380137393988,266.7417653556702,167.7178416952733,Before Launch
29,2025-05-03 23:07:11,3.09,0.39698163999999997,-0.413,26.128,0.0,0.0,-14.713180669245462,266.72955341485005,167.70417322459775,Before Launch
30,2025-05-03 23:07:11,3.144,-0.12139108,0.364,26.128,0.0,0.0,-14.697162890331931,266.6920601038328,167.66556158355297,Before Launch
31,2025-05-03 23:07:11,3.199,-0.34120735999999996,-1.407,26.105,0.0,0.0,-14.70631658937155,266.682187531152,167.68986517246816,Before Launch
32,2025-05-03 23:07:11,3.257,-0.12139108,-0.102,26.125,0.0,0.0,-14.74596963995144,266.6978747845518,167.72458991503552,Before Launch
33,2025-05-03 23:07:11,3.306,0.25918636,0.104,26.135,0.0,0.0,-14.796151202976915,266.7368728612244,167.82115424315714,Before Launch
34,2025-05-03 23:07:11,3.352,2.61811032,2.087,26.083,0.0,0.0,-14.81000144223888,266.7326788334302,167.85956696071213,Before Launch
35,2025-05-03 23:07:11,3.4,1.64042,1.904,26.088,0.0,0.0,-14.887233738105602,266.7847594178788,167.94375918942498,Before Launch
36,2025-05-03 23:07:11,3.444,-0.83005252,0.016,26.123,0.0,0.0,-14.93813631781421,266.8177540585066,168.01360907533208,Before Launch
37,2025-05-03 23:07:11,3.503,-0.34120735999999996,-0.388,26.123,0.0,0.0,-14.847771828319791,266.7713906283619,168.02921704750142,Before Launch
38,2025-05-03 23:07:11,3.56,-0.34120735999999996,0.304,26.137,0.0,0.0,-14.774466215339778,266.77293179878626,168.0426003147733,Before Launch
39,2025-05-03 23:07:11,3.618,-0.21981628,-0.465,26.135,0.0,0.0,-14.754240423536402,266.75023935700335,167.99087699192165,Before Launch
40,2025-05-03 23:07:11,3.669,0.029527559999999998,-0.269,26.137,0.0,0.0,-14.809605132070704,266.7361787008231,167.90450788758795,Before Launch
41,2025-05-03 23:07:11,3.72,-0.95800528,-1.122,26.135,0.0,0.0,-14.768777553980229,266.7693359730178,167.90637047197345,Before Launch
42,2025-05-03 23:07:11,3.769,0.029527559999999998,-1.396,26.137,0.0,0.0,-14.741019792674974,266.7792238732538,167.90900786731098,Before Launch
43,2025-05-03 23:07:11,3.826,0.5249344,-0.244,26.135,0.0,0.0,-14.665231516862127,266.819444313973,167.89047942321017,Before Launch
44,2025-05-03 23:07:11,3.876,-0.70866144,-0.839,26.123,0.0,0.0,-14.724033722136957,266.8243529398065,168.1009531802278,Before Launch
45,2025-05-03 23:07:11,3.922,-1.69619428,-1.34,26.135,0.0,0.0,-14.871398570920826,266.83706229525717,168.328788615466,Before Launch
46,2025-05-03 23:07:12,3.98,2.25721792,1.833,26.09,0.0,0.0,-14.921036471348451,266.866955122377,168.3989835144673,Before Launch
47,2025-05-03 23:07:12,4.036,-0.83005252,-1.299,26.135,0.0,0.0,-14.988746991113068,266.8982534265552,168.4886931615111,Before Launch
48,2025-05-03 23:07:12,4.084,1.48622052,1.899,26.13,0.0,0.0,-14.960924435589131,266.86320459414696,168.39094533815856,Before Launch
49,2025-05-03 23:07:12,4.135,2.45078748,0.8,26.083,0.0,0.0,-14.87653526636361,266.7735779454196,168.17952153208847,Before Launch
50,2025-05-03 23:07:12,4.191,-1.31889768,-0.561,26.108,0.0,0.0,-14.914061563417183,266.7432509875681,168.18124609517676,Before Launch
51,2025-05-03 23:07:12,4.242,-0.11154856,-0.907,26.128,0.0,0.0,-15.150737063902913,266.7287455240971,168.2555817887473,Before Launch
52,2025-05-03 23:07:12,4.286,1.23687668,1.038,26.128,0.0,0.0,-15.287916310223213,266.6868060426197,168.18696324039254,Before Launch
53,2025-05-03 23:07:12,4.332,1.01377956,0.221,26.14,0.0,0.0,-15.50362008232381,266.64754095245104,167.70187284831277,Before Launch
54,2025-05-03 23:07:12,4.377,-0.21981628,-0.479,26.137,0.0,0.0,-15.523112036477,266.55401722401155,167.52168966859077,Before Launch
55,2025-05-03 23:07:12,4.433,-1.31889768,-0.929,26.143,0.0,0.0,-15.514538252299674,266.4457629226402,167.20471941449358,Before Launch
56,2025-05-03 23:07:12,4.486,-0.70866144,-0.286,26.137,0.0,0.0,-15.462530137517208,266.37297728190305,167.10409793440516,Before Launch
57,2025-05-03 23:07:12,4.533,0.76443572,0.694,26.13,0.0,0.0,-15.27421136194154,266.3965745620851,167.1484286093715,Before Launch
58,2025-05-03 23:07:12,4.588,-1.56824152,-1.425,26.125,0.0,0.0,-15.214589778724848,266.50051056743695,167.37553068741474,Before Launch
59,2025-05-03 23:07:12,4.646,-0.45931760000000005,-2.378,26.14,0.0,0.0,-15.273293986758823,266.5244211921327,167.58681992528324,Before Launch
60,2025-05-03 23:07:12,4.692,0.15748032,-1.148,26.143,0.0,0.0,-15.240357612987003,266.5729294016324,167.89606394113272,Before Launch
61,2025-05-03 23:07:12,4.742,-0.09186352,0.569,26.14,0.0,0.0,-15.00029449124735,266.57791712555866,168.05256926097363,Before Launch
62,2025-05-03 23:07:12,4.798,-0.07217847999999999,0.208,26.133,0.0,0.0,-14.9766167560797,266.67354565965013,168.45652626210816,Before Launch
63,2025-05-03 23:07:12,4.854,3.8713911999999997,3.255,26.145,0.0,0.0,-14.998415070284052,266.72492196292274,168.58386682165778,Before Launch
64,2025-05-03 23:07:12,4.899,0.41666668,0.497,26.145,0.0,0.0,-14.641320232954461,266.78668166243745,168.5031645047475,Before Launch
65,2025-05-03 23:07:12,4.949,0.8956693200000001,0.677,26.143,0.0,0.0,-14.235283937242418,266.83207661697776,168.46519503095251,Before Launch
66,2025-05-03 23:07:13,4.997,0.8956693200000001,1.452,26.143,0.0,0.0,-13.912528020152926,266.8629457353397,168.10787783816167,Before Launch
67,2025-05-03 23:07:13,5.044,1.13517064,0.867,26.14,0.0,0.0,-13.56815945043405,266.8952374411414,167.68519892837435,Before Launch
68,2025-05-03 23:07:13,5.099,0.78412076,0.204,26.1,0.0,0.0,-13.406754155861673,266.8287614180767,167.2633821827176,Before Launch
69,2025-05-03 23:07:13,5.147,0.04593176,0.594,26.145,0.0,0.0,-12.788778374242892,266.757091134147,166.45033458395284,Before Launch
70,2025-05-03 23:07:13,5.192,1.06955384,2.178,26.108,0.0,0.0,-12.644775455733745,266.74443140449614,166.15920929965563,Before Launch
71,2025-05-03 23:07:13,5.237,0.04593176,-1.759,26.145,0.0,0.0,-12.403648996492702,266.7196008749222,165.6483887246128,Before Launch
72,2025-05-03 23:07:13,5.287,0.29527559999999997,0.9,26.143,0.0,0.0,-12.159814889210988,266.74277964870396,165.19220560433772,Before Launch
73,2025-05-03 23:07:13,5.344,0.14763779999999999,-1.062,26.14,0.0,0.0,-12.121861221469654,266.71197281274976,164.9445505324749,Before Launch
74,2025-05-03 23:07:13,5.391,-1.54855648,-3.184,26.147,0.0,0.0,-11.861781853591863,266.69305117745307,164.50366073145938,Before Launch
75,2025-05-03 23:07:13,5.437,1.01377956,1.872,26.133,0.0,0.0,-11.593556972148992,266.64015689426367,163.85593983154402,Before Launch
76,2025-05-03 23:07:13,5.49,0.8858268,0.799,26.135,0.0,0.0,-11.472819689207071,266.5702167229909,163.46351069552986,Before Launch
77,2025-05-03 23:07:13,5.54,-0.58070868,-1.449,26.143,0.0,0.0,-11.476232003131082,266.52694482940154,163.1193828176437,Before Launch
78,2025-05-03 23:07:13,5.585,0.41666668,-0.477,26.135,0.0,0.0,-11.564082650642504,266.5122091617605,163.17339982158458,Before Launch
79,2025-05-03 23:07:13,5.63,0.29527559999999997,0.411,26.147,0.0,0.0,-11.935040031750052,266.550219099886,163.23980682235265,Before Launch
80,2025-05-03 23:07:13,5.676,0.29527559999999997,1.299,26.147,0.0,0.0,-12.117495438294124,266.6508107090081,163.48256037722874,Before Launch
81,2025-05-03 23:07:13,5.732,0.41666668,0.903,26.14,0.0,0.0,-12.327075161701414,266.81683097329284,163.67190257737005,Before Launch
82,2025-05-03 23:07:13,5.79,1.13517064,0.295,26.14,0.0,0.0,-12.480687316378754,266.86631605743526,163.65178982400067,Before Launch
83,2025-05-03 23:07:13,5.836,-0.09186352,1.183,26.14,0.0,0.0,-12.778841577957134,266.95360078745614,163.73787802660556,Before Launch
84,2025-05-03 23:07:13,5.882,1.7060368000000001,1.752,26.105,0.0,0.0,-12.500285456545667,266.80136734972626,164.21042175533233,Before Launch
85,2025-05-03 23:07:13,5.939,1.23687668,0.866,26.145,0.0,0.0,-12.385763159367368,266.8005018166225,164.56097978265805,Before Launch
86,2025-05-03 23:07:14,5.993,-0.07217847999999999,0.016,26.147,0.0,0.0,-12.440641305556644,266.81690561840657,165.03847226655512,Before Launch
87,2025-05-03 23:07:14,6.041,0.47900264,0.443,26.12,0.0,0.0,-12.791978159220703,266.795133888492,165.53520383458292,Before Launch
88,2025-05-03 23:07:14,6.094,0.62664044,-2.617,26.133,0.0,0.0,-13.27864939194649,266.86187705363966,166.0054799098836,Before Launch
89,2025-05-03 23:07:14,6.148,0.64632548,0.184,26.137,0.0,0.0,-13.667690723093434,266.9087269627064,166.04760565666336,Before Launch
90,2025-05-03 23:07:14,6.205,-1.2992126400000001,-1.748,26.147,0.0,0.0,-13.652769580859392,266.9105446383085,165.9970331013053,Before Launch
91,2025-05-03 23:07:14,6.252,0.04593176,-0.677,26.147,0.0,0.0,-13.022573624767508,266.9606131725982,166.1418018160646,Before Launch
92,2025-05-03 23:07:14,6.298,-0.32152232000000003,-1.162,26.133,0.0,0.0,-13.210221290304805,266.9581366333006,166.85496825451978,Before Launch
93,2025-05-03 23:07:14,6.354,0.15748032,-0.499,26.1,0.0,0.0,-13.482430453950107,266.91943939468695,166.95094145165137,Before Launch
94,2025-05-03 23:07:14,6.409,1.20734912,0.92,26.113,0.0,0.0,-14.238192129385974,266.8449398296854,167.09226374258841,Before Launch
95,2025-05-03 23:07:14,6.457,-0.21325460000000002,-1.014,26.143,0.0,0.0,-14.288590112351564,266.93333809824986,165.4453338709964,Before Launch
96,2025-05-03 23:07:14,6.505,1.52230976,1.164,26.143,0.0,0.0,-13.069142169643213,266.7623646843225,162.86410945608714,Before Launch
97,2025-05-03 23:07:14,6.561,1.4370079199999999,0.896,26.145,0.0,0.0,-12.2776628920839,266.6367226076651,161.33033051088827,Before Launch
98,2025-05-03 23:07:14,6.616,-0.9481627599999999,-0.861,26.143,0.0,0.0,-10.738006483196347,266.32301982800567,158.85512854515386,Before Launch
99,2025-05-03 23:07:14,6.662,0.8956693200000001,1.923,26.143,0.0,0.0,-11.08056254392428,266.0398647172394,159.60857291448917,Before Launch
100,2025-05-03 23:07:14,6.711,0.29527559999999997,-0.564,26.135,0.0,0.0,-11.544901052309779,265.8072963052527,160.45254660512632,Before Launch
101,2025-05-03 23:07:14,6.765,0.64632548,-0.188,26.147,0.0,0.0,-11.534859115435097,266.06913341245627,161.9142792663726,Before Launch
102,2025-05-03 23:07:14,6.816,0.66601052,0.977,26.143,0.0,0.0,-11.48434502601588,266.5125882553186,163.93398976399627,Before Launch
103,2025-05-03 23:07:14,6.863,1.6043307599999999,0.929,26.128,0.0,0.0,-11.32636428477774,266.67682909734685,164.32528375439992,Before Launch
104,2025-05-03 23:07:14,6.918,1.23687668,0.731,26.128,0.0,0.0,-10.814635833454286,266.80923150394665,164.2284201211748,Before Launch
105,2025-05-03 23:07:14,6.968,0.64632548,0.272,26.14,0.0,0.0,-10.295793125648746,266.84977491746383,163.93518121405594,Before Launch
106,2025-05-03 23:07:15,7.015,0.49868767999999997,0.064,26.147,0.0,0.0,-10.032560794782206,266.9006756814296,163.7207173609062,Before Launch
107,2025-05-03 23:07:15,7.07,0.05577428,-0.843,26.153,0.0,0.0,-10.098992212040141,266.9541921464763,163.8876848320668,Before Launch
108,2025-05-03 23:07:15,7.118,0.29527559999999997,0.302,26.147,0.0,0.0,-10.324302215218943,266.9643238467906,164.3080072300728,Before Launch
109,2025-05-03 23:07:15,7.165,0.5249344,-0.921,26.137,0.0,0.0,-10.476719709558692,266.98817719711644,164.60387895382914,Before Launch
110,2025-05-03 23:07:15,7.219,0.66601052,-0.446,26.15,0.0,0.0,-10.522644938355386,266.97276717476524,164.68208741287634,Before Launch
111,2025-05-03 23:07:15,7.266,1.6043307599999999,1.317,26.128,0.0,0.0,-10.535363246614994,266.9919080854088,164.73558088977524,Before Launch
112,2025-05-03 23:07:15,7.312,0.41666668,-0.049,26.147,0.0,0.0,-10.524211423738713,266.95350539641146,164.70459473941887,Before Launch
113,2025-05-03 23:07:15,7.369,3.2644357999999998,2.069,26.108,0.0,0.0,-10.432511791741291,266.96454448395434,164.6671788305503,Before Launch
114,2025-05-03 23:07:15,7.416,-0.21325460000000002,-0.678,26.143,0.0,0.0,-10.392778048728372,266.9877521761716,164.5029385485576,Before Launch
115,2025-05-03 23:07:15,7.462,0.14763779999999999,1.151,26.133,0.0,0.0,-10.386949131864549,267.0297212918923,164.44038016351794,Before Launch
116,2025-05-03 23:07:15,7.517,0.17716536,0.104,26.147,0.0,0.0,-10.373613334410134,267.0005186547246,164.35966213459136,Before Launch
117,2025-05-03 23:07:15,7.572,0.05577428,0.296,26.153,0.0,0.0,-10.683083982200236,266.9876277921991,164.28154385685934,Before Launch
118,2025-05-03 23:07:15,7.619,-0.09186352,-0.197,26.14,0.0,0.0,-11.265008571459472,266.9677581534923,164.04463980481944,Before Launch
119,2025-05-03 23:07:15,7.668,0.17716536,-0.818,26.137,0.0,0.0,-11.78685289306568,266.94082107977243,163.71391146294866,Before Launch
120,2025-05-03 23:07:15,7.726,0.15748032,0.292,26.14,0.0,0.0,-11.99378607535902,266.94078826787324,163.60172157478513,Before Launch
121,2025-05-03 23:07:15,7.772,0.04593176,-1.165,26.145,0.0,0.0,-12.157930063865365,266.92695928445596,163.4180396038315,Before Launch
122,2025-05-03 23:07:15,7.818,0.41666668,-0.812,26.137,0.0,0.0,-12.930083718425436,266.92106338715115,164.6590011757131,Before Launch
123,2025-05-03 23:07:15,7.877,-0.4429134,0.401,26.147,0.0,0.0,-14.786625536989078,266.8936836995846,166.78397415063966,Before Launch
124,2025-05-03 23:07:15,7.93,-0.80052496,-1.338,26.155,0.0,0.0,-16.022187497336084,266.8714506578638,167.88087291631487,Before Launch
125,2025-05-03 23:07:16,7.979,-1.2992126400000001,-1.257,26.15,0.0,0.0,-18.21788213911879,266.853899669648,169.61576460650716,Before Launch
126,2025-05-03 23:07:16,8.025,0.64632548,0.0,26.14,0.0,0.0,-19.25168803895477,266.8340655797464,170.3164409850354,Before Launch
127,2025-05-03 23:07:16,8.079,1.68635176,0.808,26.147,0.0,0.0,-20.902270115712398,266.8221269682294,171.3037576486573,Before Launch
128,2025-05-03 23:07:16,8.132,-0.062335959999999996,-1.313,26.155,0.0,0.0,-21.902272476554177,266.8340483971066,171.9825527692527,Before Launch
129,2025-05-03 23:07:16,8.183,-0.19356956,-1.131,26.14,0.0,0.0,-23.445241088329478,266.8292473023263,172.84000723130714,Before Launch
130,2025-05-03 23:07:16,8.237,-0.062335959999999996,-0.558,26.153,0.0,0.0,-24.504885450465135,266.85210137252244,173.26448632560752,Before Launch
131,2025-05-03 23:07:16,8.286,-1.42060372,-1.51,26.147,0.0,0.0,-25.73891657489926,266.8717398472888,173.8276011292375,Before Launch
132,2025-05-03 23:07:16,8.334,-0.80052496,-0.677,26.135,0.0,0.0,-26.41593233341973,266.843242680994,174.05084305199375,Before Launch
133,2025-05-03 23:07:16,8.389,0.4429134,0.116,26.16,0.0,0.0,-26.645106414444317,266.8318877648189,174.11012091948635,Before Launch
134,2025-05-03 23:07:16,8.438,0.9317585599999999,0.32,26.157,0.0,0.0,-26.93303535482291,266.81889489900607,174.15465810245283,Before Launch
135,2025-05-03 23:07:16,8.485,0.05577428,-0.482,26.153,0.0,0.0,-26.607652265526134,266.83683982460315,174.118522581141,Before Launch
136,2025-05-03 23:07:16,8.539,-0.29527559999999997,-1.492,26.145,0.0,0.0,-26.187630751076522,266.89546985668125,174.07531963603142,Before Launch
137,2025-05-03 23:07:16,8.597,0.19356956,-0.174,26.157,0.0,0.0,-26.020589695492085,266.9101679638026,174.0420855035921,Before Launch
138,2025-05-03 23:07:16,8.649,0.39698163999999997,-2.24,26.137,0.0,0.0,-25.618395810507092,266.9316201165839,174.00926606313544,Before Launch
139,2025-05-03 23:07:16,8.699,0.9317585599999999,0.892,26.15,0.0,0.0,-25.238959362597758,266.9761143591113,173.99973925841516,Before Launch
140,2025-05-03 23:07:16,8.749,0.04593176,-0.079,26.145,0.0,0.0,-24.860937889543717,266.974031512632,173.97231054017425,Before Launch
141,2025-05-03 23:07:16,8.795,2.2047244800000003,1.587,26.123,0.0,0.0,-24.058901319295686,266.94384612784665,173.88434625053603,Before Launch
142,2025-05-03 23:07:16,8.842,-0.5446194400000001,-0.473,26.153,0.0,0.0,-23.5416473225147,266.9334105661545,173.8758834718419,Before Launch
143,2025-05-03 23:07:16,8.897,1.65026252,1.363,26.15,0.0,0.0,-23.115912757848925,266.92819432553273,173.8496064437009,Before Launch
144,2025-05-03 23:07:16,8.942,0.4429134,0.209,26.16,0.0,0.0,-21.471264297496525,266.95836627679375,173.48515124770373,Before Launch
145,2025-05-03 23:07:17,8.989,-0.43307088,-0.468,26.16,0.0,0.0,-19.326362620952466,267.0041745673609,172.88256411140424,Before Launch
146,2025-05-03 23:07:17,9.049,0.7939632799999999,0.586,26.153,0.0,0.0,-18.10566707602456,266.9813639022266,172.389235218173,Before Launch
147,2025-05-03 23:07:17,9.095,0.8956693200000001,0.375,26.15,0.0,0.0,-15.635406813839056,267.01952619825244,170.95408607827002,Before Launch
148,2025-05-03 23:07:17,9.141,0.19356956,0.504,26.157,0.0,0.0,-12.887926446465206,267.03654226345674,168.82356595699287,Before Launch
149,2025-05-03 23:07:17,9.198,-0.5446194400000001,0.202,26.157,0.0,0.0,-11.432598645372499,267.0490163284046,167.12507687693332,Before Launch
150,2025-05-03 23:07:17,9.254,0.4429134,1.366,26.157,0.0,0.0,-8.68219555217799,267.0879200442143,162.61555254028713,Before Launch
151,2025-05-03 23:07:17,9.304,-0.062335959999999996,-0.554,26.153,0.0,0.0,-6.13173116066404,267.10808468228714,155.41579406090872,Before Launch
152,2025-05-03 23:07:17,9.352,-0.19356956,-1.477,26.15,0.0,0.0,-5.215005401456689,267.0931820834537,151.74173339106352,Before Launch
153,2025-05-03 23:07:17,9.409,0.69225724,0.591,26.153,0.0,0.0,-3.6761834899822827,267.077253794118,143.03147620970543,Before Launch
154,2025-05-03 23:07:17,9.468,0.9317585599999999,0.876,26.157,0.0,0.0,-2.5274876202297265,267.055940001548,133.37291104951385,Before Launch
155,2025-05-03 23:07:17,9.522,-0.062335959999999996,0.0,26.155,0.0,0.0,-1.8196945975168402,267.045008119982,123.51161594737884,Before Launch
156,2025-05-03 23:07:17,9.571,-0.062335959999999996,1.057,26.155,0.0,0.0,-1.1909766086628621,267.0471252288171,111.3858805756087,Before Launch
157,2025-05-03 23:07:17,9.622,-0.062335959999999996,0.573,26.155,0.0,0.0,-0.9169105547392638,267.03041553411134,104.43364470326345,Before Launch
158,2025-05-03 23:07:17,9.676,0.17716536,-0.206,26.153,0.0,0.0,-0.5720351283276266,267.01631497030576,92.5648305999946,Before Launch
159,2025-05-03 23:07:17,9.734,-0.80052496,-1.337,26.155,0.0,0.0,-0.5171954091726884,266.9821840681917,86.42495200883573,Before Launch
160,2025-05-03 23:07:17,9.784,2.7395014,2.066,26.147,0.0,0.0,-0.6134188828698344,266.9514602610071,83.28060318877516,Before Launch
161,2025-05-03 23:07:17,9.834,-0.5446194400000001,-0.193,26.115,0.0,0.0,-0.8335696936694987,267.01031814537873,83.91962404001647,Before Launch
162,2025-05-03 23:07:17,9.893,1.66994756,1.139,26.15,0.0,0.0,-1.1018223383163324,267.02936817837644,87.36868240404097,Before Launch
163,2025-05-03 23:07:17,9.949,-0.04593176,-0.341,26.163,0.0,0.0,-1.8956781401718128,267.0020346799759,99.42683172177374,Before Launch
164,2025-05-03 23:07:18,9.996,1.04330712,0.086,26.155,0.0,0.0,-2.8837060327749815,266.99678141080614,113.0042068255729,Before Launch
165,2025-05-03 23:07:18,10.043,1.04330712,0.771,26.157,0.0,0.0,-3.4895266914101737,267.04071123280914,119.58255767321589,Before Launch
166,2025-05-03 23:07:18,10.097,-0.04593176,-1.729,26.163,0.0,0.0,-4.836310490598413,267.0770300328722,132.81610113859324,Before Launch
167,2025-05-03 23:07:18,10.145,-0.29527559999999997,0.191,26.16,0.0,0.0,-6.155247074457909,267.09289621821733,143.19331493440558,Before Launch
168,2025-05-03 23:07:18,10.196,0.19356956,-1.121,26.157,0.0,0.0,-7.716753509787794,267.14178954050453,151.03044864882307,Before Launch
169,2025-05-03 23:07:18,10.253,0.07545932,-0.28,26.16,0.0,0.0,-8.54363542136996,267.12953983260593,154.3299248662115,Before Launch
170,2025-05-03 23:07:18,10.297,0.05577428,0.374,26.163,0.0,0.0,-9.973875675091715,267.06696599484934,159.13738699484142,Before Launch
171,2025-05-03 23:07:18,10.346,0.19356956,-0.463,26.157,0.0,0.0,-11.467876802533425,267.0295917505748,162.69605916732056,Before Launch
172,2025-05-03 23:07:18,10.404,-1.01377956,-1.459,26.123,0.0,0.0,-12.983644555756017,266.97656582177933,165.28676489607474,Before Launch
173,2025-05-03 23:07:18,10.461,1.5748031999999998,1.046,26.113,0.0,0.0,-13.823837748795214,266.9754215201251,166.359607359654,Before Launch
174,2025-05-03 23:07:18,10.51,2.19488196,2.088,26.115,0.0,0.0,-15.406938780094862,266.9398370561441,168.13374094503305,Before Launch
175,2025-05-03 23:07:18,10.558,0.32480316000000004,-0.091,26.17,0.0,0.0,-16.613017339171655,266.9323200473097,169.2600433385921,Before Launch
176,2025-05-03 23:07:18,10.613,2.22112868,1.744,26.123,0.0,0.0,-17.08948024490528,266.8685399935643,169.68256813125302,Before Launch
177,2025-05-03 23:07:18,10.661,-0.02624672,0.128,26.17,0.0,0.0,-18.009404951988092,266.90097084357785,170.52023048818967,Before Launch
178,2025-05-03 23:07:18,10.714,1.89960636,0.925,26.153,0.0,0.0,-19.07517315527799,266.8872819670168,171.1566734533055,Before Launch
179,2025-05-03 23:07:18,10.772,0.5905511999999999,-0.262,26.172,0.0,0.0,-19.998780783532833,266.90066920139225,171.69674962204513,Before Launch
180,2025-05-03 23:07:18,10.821,1.53215228,1.227,26.167,0.0,0.0,-20.314463216649465,266.9022356815201,171.90900222997834,Before Launch
181,2025-05-03 23:07:18,10.871,1.21719164,0.984,26.165,0.0,0.0,-20.957034122033523,266.9207221650433,172.33297910235552,Before Launch
182,2025-05-03 23:07:18,10.918,2.47047252,1.954,26.133,0.0,0.0,-21.39467756382116,266.959134817762,172.55621489087594,Before Launch
183,2025-05-03 23:07:18,10.969,-0.76443572,-0.728,26.17,0.0,0.0,-22.067654349536348,266.89945556242276,172.92352981988157,Before Launch
184,2025-05-03 23:07:19,11.017,0.66601052,1.143,26.157,0.0,0.0,-22.512739887700988,266.9114096637135,173.10423561372951,Before Launch
185,2025-05-03 23:07:19,11.072,-0.02624672,-2.147,26.165,0.0,0.0,-22.598217553969032,266.9045700001851,173.16375307739662,Before Launch
186,2025-05-03 23:07:19,11.128,0.09514436,0.494,26.167,0.0,0.0,-22.351417223190673,266.9161224787071,173.2360324215967,Before Launch
187,2025-05-03 23:07:19,11.173,-0.51509188,-1.707,26.172,0.0,0.0,-21.97067920709397,266.9368817654029,173.21990985743304,Before Launch
188,2025-05-03 23:07:19,11.223,0.46259843999999994,0.399,26.167,0.0,0.0,-21.763322861281555,266.9005872778549,173.2345337923353,Before Launch
189,2025-05-03 23:07:19,11.278,1.63385832,0.461,26.15,0.0,0.0,-21.29795070069524,266.8900427961014,173.22070282551573,Before Launch
190,2025-05-03 23:07:19,11.326,1.06299216,0.015,26.163,0.0,0.0,-20.345751168493507,266.9089271121209,173.02314091215297,Before Launch
191,2025-05-03 23:07:19,11.377,-0.14763779999999999,-0.079,26.163,0.0,0.0,-18.592331665719925,266.94883633423933,172.40165082852187,Before Launch
192,2025-05-03 23:07:19,11.431,0.09514436,0.304,26.167,0.0,0.0,-17.463832585412536,266.9929546660197,171.90514418999385,Before Launch
193,2025-05-03 23:07:19,11.48,0.20341208,0.008,26.165,0.0,0.0,-15.313186838300519,267.02235207879124,170.57273670365979,Before Launch
194,2025-05-03 23:07:19,11.528,-0.6430446400000001,-0.564,26.137,0.0,0.0,-13.030154013189268,266.95150584530074,168.78876925512404,Before Launch
195,2025-05-03 23:07:19,11.585,0.574147,0.402,26.165,0.0,0.0,-11.84929012640802,266.9569174262877,167.55365013171794,Before Launch
196,2025-05-03 23:07:19,11.634,1.45013128,0.976,26.17,0.0,0.0,-9.620980966477449,266.95398276256043,164.66185657594264,Before Launch
197,2025-05-03 23:07:19,11.685,0.46259843999999994,1.153,26.167,0.0,0.0,-8.089697170082088,266.98026357663616,162.0456703210571,Before Launch
198,2025-05-03 23:07:19,11.735,0.83005252,-0.585,26.135,0.0,0.0,-6.530383917020461,267.07624211716285,158.07122415513166,Before Launch
199,2025-05-03 23:07:19,11.792,0.69225724,-1.172,26.172,0.0,0.0,-5.729884702990361,267.0660407204106,155.2385098272676,Before Launch
200,2025-05-03 23:07:19,11.853,2.46063,1.649,26.125,0.0,0.0,-4.233287163771465,267.10702496355856,148.3054808063312,Before Launch
201,2025-05-03 23:07:19,11.901,0.71194228,-1.172,26.17,0.0,0.0,-3.13849347298728,267.07654019126363,141.04234642447742,Before Launch
202,2025-05-03 23:07:19,11.952,1.16141736,0.92,26.153,0.0,0.0,-2.6493208873491443,267.04658465027126,136.73224453733076,Before Launch
203,2025-05-03 23:07:20,12.007,0.09514436,-1.396,26.165,0.0,0.0,-1.7277746585157006,267.0071574638441,126.83996187192437,Before Launch
204,2025-05-03 23:07:20,12.056,-0.02624672,-0.48,26.17,0.0,0.0,-0.8251639585642654,266.9768004225646,115.92849752782442,Before Launch
205,2025-05-03 23:07:20,12.106,1.06299216,-0.365,26.167,0.0,0.0,-0.4976164331767512,266.9849155436051,110.66369303787893,Before Launch
206,2025-05-03 23:07:20,12.16,-0.53477692,-1.359,26.165,0.0,0.0,0.09909771877514013,267.0065927240277,100.16605728487431,Before Launch
207,2025-05-03 23:07:20,12.209,-0.66272968,-2.427,26.16,0.0,0.0,0.8407141052151239,266.98803820090404,84.70619729984777,Before Launch
208,2025-05-03 23:07:20,12.256,1.63385832,1.863,26.143,0.0,0.0,1.2162819282439277,266.9939116334981,77.18554986845989,Before Launch
209,2025-05-03 23:07:20,12.302,0.9612861199999999,0.23,26.17,0.0,0.0,1.8998867669227197,267.0124738888041,63.078910862320846,Before Launch
210,2025-05-03 23:07:20,12.349,0.32480316000000004,0.275,26.137,0.0,0.0,2.5858102404842374,266.9952940449748,51.64266569560003,Before Launch
211,2025-05-03 23:07:20,12.408,-1.01377956,-0.866,26.165,0.0,0.0,3.0819914239964814,267.00823277365026,43.55539263467757,Before Launch
212,2025-05-03 23:07:20,12.464,0.46259843999999994,0.757,26.167,0.0,0.0,3.2110956183563175,267.03877568478543,41.13958373558675,Before Launch
213,2025-05-03 23:07:20,12.512,0.20341208,-0.201,26.163,0.0,0.0,3.3980354797688452,267.0611782165976,38.17231688096063,Before Launch
214,2025-05-03 23:07:20,12.558,1.43044624,-0.159,26.137,0.0,0.0,3.492316803742032,267.0636701778914,36.91809859972686,Before Launch
215,2025-05-03 23:07:20,12.615,2.16863524,0.858,26.163,0.0,0.0,3.4190370004100914,267.0919266081037,37.428997517668535,Before Launch
216,2025-05-03 23:07:20,12.661,1.07939636,0.956,26.17,0.0,0.0,3.2990707284870893,267.10789798717127,38.7123880103903,Before Launch
217,2025-05-03 23:07:20,12.716,1.67979008,1.233,26.165,0.0,0.0,3.1857054172767083,267.0452310140108,40.0073334523219,Before Launch
218,2025-05-03 23:07:20,12.763,2.16863524,1.532,26.163,0.0,0.0,3.12174350936652,267.0366337221784,40.448666734130214,Before Launch
219,2025-05-03 23:07:20,12.81,2.67716544,2.59,26.167,0.0,0.0,3.0520542933339265,267.0285449399468,41.35163663028125,Before Launch
220,2025-05-03 23:07:20,12.855,0.5905511999999999,0.013,26.167,0.0,0.0,3.0039676528081416,266.9930172786682,42.04770148982104,Before Launch
221,2025-05-03 23:07:20,12.913,-0.14763779999999999,-1.249,26.172,0.0,0.0,2.986568067801564,267.0151468462561,42.18364689626146,Before Launch
222,2025-05-03 23:07:20,12.958,1.20078744,0.58,26.167,0.0,0.0,2.929326630040441,267.03458669236386,42.42564521884974,Before Launch
223,2025-05-03 23:07:21,13.005,0.9612861199999999,0.103,26.16,0.0,0.0,2.974722268443417,267.02843893373444,42.52265978348011,Before Launch
224,2025-05-03 23:07:21,13.06,2.16863524,1.164,26.167,0.0,0.0,2.952127943274607,267.0420411973598,42.622671363538096,Before Launch
225,2025-05-03 23:07:21,13.116,0.9612861199999999,-1.187,26.172,0.0,0.0,2.9184259800915693,267.0476507810339,42.798957505776066,Before Launch
226,2025-05-03 23:07:21,13.164,-0.51509188,-0.972,26.172,0.0,0.0,2.827987917711017,267.0178793777509,42.87860600422113,Before Launch
227,2025-05-03 23:07:21,13.214,0.34120735999999996,-0.65,26.17,0.0,0.0,2.7463722967458497,267.0310239812789,42.66016220070845,Before Launch
228,2025-05-03 23:07:21,13.266,-0.6430446400000001,-0.586,26.172,0.0,0.0,2.51403191857546,267.0075652742759,42.95948709582259,Before Launch
229,2025-05-03 23:07:21,13.316,2.37204732,1.903,26.143,0.0,0.0,2.230924201451734,267.0131952839861,43.12373684579441,Before Launch
230,2025-05-03 23:07:21,13.363,0.47244095999999997,-0.47,26.147,0.0,0.0,2.0113973561704928,267.0112995603379,43.93405533083876,Before Launch
231,2025-05-03 23:07:21,13.418,-0.86614176,-0.263,26.175,0.0,0.0,1.8618116840219088,266.9966302503802,44.60291461717884,Before Launch
232,2025-05-03 23:07:21,13.476,-0.14763779999999999,0.407,26.15,0.0,0.0,1.305887646708516,267.027223027403,49.57007012321427,Before Launch
233,2025-05-03 23:07:21,13.526,2.0013123999999998,0.289,26.15,0.0,0.0,0.5446094989600103,266.98942043992486,59.44992266172955,Before Launch
234,2025-05-03 23:07:21,13.572,1.20078744,0.189,26.16,0.0,0.0,-0.3291572777461796,267.01809500969193,73.20528946938475,Before Launch
235,2025-05-03 23:07:21,13.63,1.21062996,0.692,26.175,0.0,0.0,-0.7857143959881701,267.0310281503978,82.04516865397355,Before Launch
236,2025-05-03 23:07:21,13.675,1.20078744,1.748,26.172,0.0,0.0,-1.8419506953070617,266.9833066708845,100.38023954136125,Before Launch
237,2025-05-03 23:07:21,13.721,2.37204732,1.519,26.143,0.0,0.0,-2.483072106337565,266.9655434517465,109.81871482812906,Before Launch
238,2025-05-03 23:07:21,13.778,-0.12795276,-0.262,26.18,0.0,0.0,-3.6177891222415948,266.9316079290005,124.56377834211196,Before Launch
239,2025-05-03 23:07:21,13.826,1.3484252399999999,-0.065,26.18,0.0,0.0,-4.678547279788118,266.89690784828264,135.79706799807383,Before Launch
240,2025-05-03 23:07:21,13.875,0.10170604,-1.64,26.17,0.0,0.0,-5.543355242531529,266.8736141248974,143.77259283056202,Before Launch
241,2025-05-03 23:07:21,13.929,0.35104988,-0.574,26.178,0.0,0.0,-6.101458074892281,266.8866317236264,147.38476772142315,Before Launch
242,2025-05-03 23:07:22,13.975,-0.0164042,-1.347,26.178,0.0,0.0,-7.168337498063145,266.9444705205292,153.6562151381395,Before Launch
243,2025-05-03 23:07:22,14.024,0.35104988,-1.441,26.178,0.0,0.0,-7.618044961242044,266.9644218223147,156.01911419908475,Before Launch
244,2025-05-03 23:07:22,14.082,0.10170604,-2.025,26.175,0.0,0.0,-8.263663492572467,266.9621390840722,159.50952295749954,Before Launch
245,2025-05-03 23:07:22,14.13,0.7217848,0.103,26.167,0.0,0.0,-8.934208094028646,266.9641357200838,162.09344549435923,Before Launch
246,2025-05-03 23:07:22,14.175,0.10170604,0.198,26.175,0.0,0.0,-9.255603575349436,266.9600210488541,163.55572145148093,Before Launch
247,2025-05-03 23:07:22,14.234,2.5098426,1.026,26.147,0.0,0.0,-9.260268611533423,266.97637693338993,164.00971370771123,Before Launch
248,2025-05-03 23:07:22,14.279,1.57808404,0.484,26.175,0.0,0.0,-9.121930820866192,266.96352694751613,164.44075695052697,Before Launch
249,2025-05-03 23:07:22,14.326,0.22309712,-1.537,26.167,0.0,0.0,-8.768741475817674,266.9481429126759,164.4780192081701,Before Launch
250,2025-05-03 23:07:22,14.383,1.9488189599999999,0.779,26.175,0.0,0.0,-8.539563989153304,266.9452022605657,164.36009803223044,Before Launch
251,2025-05-03 23:07:22,14.438,1.56824152,1.635,26.167,0.0,0.0,-8.026886205013879,266.9891882828529,163.7045750435427,Before Launch
252,2025-05-03 23:07:22,14.49,0.574147,0.183,26.165,0.0,0.0,-7.215909507913474,266.98911013555215,161.821327806693,Before Launch
253,2025-05-03 23:07:22,14.535,0.7939632799999999,1.132,26.153,0.0,0.0,-6.871027247806319,266.97934324565625,160.75191461281756,Before Launch
254,2025-05-03 23:07:22,14.586,-1.62073496,-3.144,26.172,0.0,0.0,-5.650049498400714,266.9519903463882,155.42646805912872,Before Launch
255,2025-05-03 23:07:22,14.641,-0.14763779999999999,-0.485,26.175,0.0,0.0,-3.546193879817769,266.818602074804,139.62299666376757,Before Launch
256,2025-05-03 23:07:22,14.691,0.34120735999999996,0.948,26.178,0.0,0.0,-1.5366201788026241,266.7636785687136,114.24203346343003,Before Launch
257,2025-05-03 23:07:22,14.749,0.83989504,0.776,26.17,0.0,0.0,-0.37593289562635485,266.7379279505746,97.31434830307789,Before Launch
258,2025-05-03 23:07:22,14.804,0.07545932,-1.507,26.16,0.0,0.0,-0.04114885869659568,266.7180478094809,91.96407961796089,Before Launch
259,2025-05-03 23:07:22,14.852,-0.38713912,-1.241,26.178,0.0,0.0,0.28685639894277176,266.8175336979213,85.10989925527247,Before Launch
260,2025-05-03 23:07:22,14.899,0.5905511999999999,-0.489,26.172,0.0,0.0,0.367279899387836,266.8555815615171,82.95378388221914,Before Launch
261,2025-05-03 23:07:22,14.957,1.06299216,-0.107,26.175,0.0,0.0,0.46157232129919684,266.9018941878958,79.56057683543946,Before Launch
262,2025-05-03 23:07:23,15.004,-0.0164042,-1.862,26.155,0.0,0.0,0.5275106555602732,266.95435137911306,77.53142218627951,Before Launch
263,2025-05-03 23:07:23,15.053,0.7217848,0.666,26.178,0.0,0.0,0.5799287712637208,266.97297056421974,76.95046800027926,Before Launch
264,2025-05-03 23:07:23,15.108,0.12139108,-0.957,26.182,0.0,0.0,0.5829757323656578,266.99218984250535,77.52180977308886,Before Launch
265,2025-05-03 23:07:23,15.158,0.35104988,0.194,26.178,0.0,0.0,0.38517261935945635,267.0337775516172,80.43287486157733,Before Launch
266,2025-05-03 23:07:23,15.205,1.63385832,1.005,26.175,0.0,0.0,0.32175481109489096,267.0298827563046,81.34692820067885,Before Launch
267,2025-05-03 23:07:23,15.253,1.9389764399999998,1.53,26.18,0.0,0.0,0.15565907951675204,267.0504327110065,83.26570009264708,Before Launch
268,2025-05-03 23:07:23,15.298,0.47244095999999997,0.095,26.175,0.0,0.0,0.11167655354482425,267.03966556780875,84.13055720171147,Before Launch
269,2025-05-03 23:07:23,15.354,0.49212599999999995,0.307,26.182,0.0,0.0,-0.04374589033570503,267.0420491715496,84.87858397630477,Before Launch
270,2025-05-03 23:07:23,15.404,1.21062996,0.384,26.175,0.0,0.0,-0.32266036177622953,267.0294268668025,84.61294173069186,Before Launch
271,2025-05-03 23:07:23,15.456,0.34120735999999996,0.187,26.172,0.0,0.0,-0.6836065856540765,267.00389147490205,85.14340629087987,Before Launch
272,2025-05-03 23:07:23,15.513,0.7217848,-1.398,26.178,0.0,0.0,-0.8609078605311942,267.00903163114714,85.61314918103028,Before Launch
273,2025-05-03 23:07:23,15.559,3.22834656,1.289,26.17,0.0,0.0,-1.1551822645389342,266.98370601826264,87.01425664799439,Before Launch
274,2025-05-03 23:07:23,15.606,1.57808404,1.059,26.178,0.0,0.0,-1.664730698748693,267.0170683553485,96.75639731464608,Before Launch
275,2025-05-03 23:07:23,15.661,1.1811023999999999,-0.601,26.16,0.0,0.0,-1.997624717127844,266.9944148736299,103.79193985777113,Before Launch
276,2025-05-03 23:07:23,15.708,1.3287402000000001,-0.189,26.18,0.0,0.0,-3.1694672113601476,266.99774548539614,121.16335008268508,Before Launch
277,2025-05-03 23:07:23,15.758,1.0892388800000001,0.406,26.17,0.0,0.0,-4.617563568397938,266.99571434383637,135.77968444605995,Before Launch
278,2025-05-03 23:07:23,15.815,1.67979008,0.692,26.175,0.0,0.0,-5.5115737386967725,266.9496108845414,144.5071796724327,Before Launch
279,2025-05-03 23:07:23,15.87,1.81758536,2.678,26.17,0.0,0.0,-5.8051652377207486,266.9630576386922,147.78693794609507,Before Launch
280,2025-05-03 23:07:23,15.92,0.83005252,0.764,26.167,0.0,0.0,-6.569486309182237,266.98870792673114,153.41235020996257,Before Launch
281,2025-05-03 23:07:23,15.968,0.61023624,0.211,26.17,0.0,0.0,-7.658692810560661,267.07688968064616,158.04712990937642,Before Launch
282,2025-05-03 23:07:24,16.023,2.16863524,1.043,26.14,0.0,0.0,-8.348390324782418,267.03648825897824,160.50759856873722,Before Launch
283,2025-05-03 23:07:24,16.081,3.00853028,2.297,26.18,0.0,0.0,-8.537763133917654,267.03908393012836,161.23730361341748,Before Launch
284,2025-05-03 23:07:24,16.136,1.4599738,1.439,26.165,0.0,0.0,-8.655684133050928,267.0174133461864,162.0431539032244,Before Launch
285,2025-05-03 23:07:24,16.185,0.8595800800000001,0.209,26.182,0.0,0.0,-8.372357546658069,267.0408731610987,162.35564688570364,Before Launch
286,2025-05-03 23:07:24,16.23,1.79790032,0.577,26.178,0.0,0.0,-8.123549643722573,267.05814596626004,162.4469140335135,Before Launch
287,2025-05-03 23:07:24,16.276,1.69947512,1.349,26.172,0.0,0.0,-7.607319887951187,266.99923927163024,162.48945565033475,Before Launch
288,2025-05-03 23:07:24,16.321,0.83989504,0.093,26.18,0.0,0.0,-7.063537128255075,267.0009999398677,162.42997447554478,Before Launch
289,2025-05-03 23:07:24,16.378,2.49015756,1.865,26.145,0.0,0.0,-6.934773690441663,266.97379072441936,162.39349546659255,Before Launch
290,2025-05-03 23:07:24,16.436,0.5905511999999999,0.187,26.172,0.0,0.0,-6.2821643238233635,266.9345853930532,161.1576945623498,Before Launch
291,2025-05-03 23:07:24,16.484,2.27034128,0.498,26.153,0.0,0.0,-5.079478973766002,267.0108665518541,157.12213339335287,Before Launch
292,2025-05-03 23:07:24,16.53,1.22703416,-0.558,26.15,0.0,0.0,-3.1619220145907994,267.0341485977844,146.37921049257352,Before Launch
293,2025-05-03 23:07:24,16.584,0.97769032,0.393,26.182,0.0,0.0,-2.1668340308400826,267.0295804970262,137.94152415747405,Before Launch
294,2025-05-03 23:07:24,16.632,1.8274278800000001,1.045,26.178,0.0,0.0,-0.18847011555512527,267.0177636237807,112.17705417464495,Before Launch
295,2025-05-03 23:07:24,16.679,2.08661424,0.687,26.17,0.0,0.0,1.562868398383048,266.9866227454475,83.9040190900105,Before Launch
296,2025-05-03 23:07:24,16.734,1.22703416,0.693,26.182,0.0,0.0,2.224830513318666,266.9542107127035,72.22110106932621,Before Launch
297,2025-05-03 23:07:24,16.791,1.21062996,0.383,26.172,0.0,0.0,3.491125402476613,266.9596250156867,52.855549480781605,Before Launch
298,2025-05-03 23:07:24,16.84,1.10892392,-1.655,26.178,0.0,0.0,4.45852678507835,266.9428072978446,39.08153567786841,Before Launch
299,2025-05-03 23:07:24,16.887,1.22703416,-0.274,26.17,0.0,0.0,5.978104300443164,266.9219063813825,29.19407200901509,Before Launch
300,2025-05-03 23:07:24,16.944,1.9389764399999998,0.591,26.167,0.0,0.0,6.895804442708917,266.87649842198533,25.377462675262073,Before Launch
301,2025-05-03 23:07:25,16.991,0.97769032,-0.274,26.178,0.0,0.0,8.271524521733985,266.78061883689406,20.618307762108493,Before Launch
302,2025-05-03 23:07:25,17.036,0.61023624,-0.375,26.157,0.0,0.0,8.621473102121874,266.7578942744631,19.131967477401727,Before Launch
303,2025-05-03 23:07:25,17.094,0.61023624,-0.836,26.18,0.0,0.0,8.744037851625846,266.7556422025304,17.65759469642516,Before Launch
304,2025-05-03 23:07:25,17.145,2.04724416,0.18,26.165,0.0,0.0,8.942262029373502,266.89217448519395,17.050488225853886,Before Launch
305,2025-05-03 23:07:25,17.19,1.0892388800000001,0.204,26.178,0.0,0.0,9.210749294447877,266.93192175694486,16.71391498882367,Before Launch
306,2025-05-03 23:07:25,17.243,0.71194228,0.08,26.17,0.0,0.0,9.861959806320806,267.0805528055506,15.93862478329595,Before Launch
307,2025-05-03 23:07:25,17.295,0.49212599999999995,-1.318,26.182,0.0,0.0,10.226813834176136,267.1719628212089,15.602570452146079,Before Launch
308,2025-05-03 23:07:25,17.346,0.9120735200000001,-1.657,26.175,0.0,0.0,10.284260332966266,267.20975875175793,15.345324661253198,Before Launch
309,2025-05-03 23:07:25,17.401,0.49212599999999995,-0.765,26.182,0.0,0.0,10.648653145301855,267.2268722062969,14.61386949676308,Before Launch
310,2025-05-03 23:07:25,17.447,1.59776908,0.585,26.182,0.0,0.0,12.209225576190782,267.2195387466598,12.549395380554976,Before Launch
311,2025-05-03 23:07:25,17.493,0.24278216,-1.231,26.18,0.0,0.0,13.833476212921973,267.23615312365763,10.655640436118615,Before Launch
312,2025-05-03 23:07:25,17.55,0.24278216,-1.143,26.163,0.0,0.0,14.56615391525527,267.26335493769767,9.865398784677792,Before Launch
313,2025-05-03 23:07:25,17.609,1.57808404,0.573,26.175,0.0,0.0,15.812850595725635,267.28055075858305,8.596080436011787,Before Launch
314,2025-05-03 23:07:25,17.657,0.61023624,-1.47,26.18,0.0,0.0,16.967774517322738,267.23123724676174,7.687649983671384,Before Launch
315,2025-05-03 23:07:25,17.704,0.738189,0.116,26.172,0.0,0.0,18.30404770870249,267.25537046881,6.7463540302646585,Before Launch
316,2025-05-03 23:07:25,17.76,0.35104988,-1.504,26.163,0.0,0.0,18.970579086480935,267.2725697627075,6.371973591770244,Before Launch
317,2025-05-03 23:07:25,17.81,1.3287402000000001,0.079,26.178,0.0,0.0,20.154966460816016,267.24207008952135,5.804193382222066,Before Launch
318,2025-05-03 23:07:25,17.863,1.7814961200000001,0.628,26.155,0.0,0.0,21.0767260460699,267.2168702863554,5.411324538120214,Before Launch
319,2025-05-03 23:07:25,17.915,0.8595800800000001,-0.754,26.15,0.0,0.0,21.79442551164762,267.2398454798216,5.138699448090564,Before Launch
320,2025-05-03 23:07:25,17.969,0.574147,-1.172,26.182,0.0,0.0,22.065671357893347,267.2392920483876,5.0362675797393575,Before Launch
321,2025-05-03 23:07:26,18.017,1.8274278800000001,0.468,26.19,0.0,0.0,22.600891278525904,267.26621639025194,4.817610785419614,Before Launch
322,2025-05-03 23:07:26,18.064,0.24278216,-0.76,26.165,0.0,0.0,23.097651384429465,267.22655652116663,4.733676986802449,Before Launch
323,2025-05-03 23:07:26,18.121,1.0892388800000001,-0.015,26.172,0.0,0.0,23.43957661726571,267.25679050761886,4.6623379783923635,Before Launch
324,2025-05-03 23:07:26,18.178,0.35104988,-0.679,26.178,0.0,0.0,23.67658289863308,267.2764475687595,4.574586989041164,Before Launch
325,2025-05-03 23:07:26,18.225,0.35104988,-1.24,26.163,0.0,0.0,24.22391960391505,267.27128829201683,4.421850691479431,Before Launch
326,2025-05-03 23:07:26,18.271,0.9612861199999999,-0.013,26.175,0.0,0.0,24.610474662761977,267.2395755866034,4.3357290987785975,Before Launch
327,2025-05-03 23:07:26,18.325,-0.14763779999999999,-0.588,26.172,0.0,0.0,25.259573174859312,267.2147503176515,4.2197278097078765,Before Launch
328,2025-05-03 23:07:26,18.384,-0.38713912,-0.773,26.178,0.0,0.0,25.421807043627652,267.2156365859805,4.179978380231541,Before Launch
329,2025-05-03 23:07:26,18.43,0.10170604,-1.514,26.172,0.0,0.0,25.757252515439667,267.2178065786989,4.08716065586459,Before Launch
330,2025-05-03 23:07:26,18.477,0.9612861199999999,-0.099,26.163,0.0,0.0,26.041798373197967,267.21092222185314,4.0393586333520375,Before Launch
331,2025-05-03 23:07:26,18.532,0.22309712,-0.379,26.157,0.0,0.0,25.98258971255604,267.18544227266403,3.9860411755404312,Before Launch
332,2025-05-03 23:07:26,18.588,0.69225724,0.155,26.167,0.0,0.0,25.90151811335353,267.18121759814505,4.001319392188944,Before Launch
333,2025-05-03 23:07:26,18.641,1.16141736,0.193,26.153,0.0,0.0,25.57704958991465,267.15492315980026,4.0261382297013535,Before Launch
334,2025-05-03 23:07:26,18.688,0.34120735999999996,-0.117,26.17,0.0,0.0,24.654039393200353,267.1376767895949,4.148508472322114,Before Launch
335,2025-05-03 23:07:26,18.738,2.3064305199999997,0.549,26.17,0.0,0.0,23.758351374655362,267.16063053322495,4.354871318704753,Before Launch
336,2025-05-03 23:07:26,18.796,0.34120735999999996,0.076,26.175,0.0,0.0,23.372344355750805,267.15111911118265,4.459211130218863,Before Launch
337,2025-05-03 23:07:26,18.847,0.9612861199999999,0.554,26.172,0.0,0.0,21.7008487643123,267.1431429463698,4.932398183083397,Before Launch
338,2025-05-03 23:07:26,18.895,1.07939636,-0.388,26.17,0.0,0.0,19.568227059402695,267.1324405622455,5.571610517113155,Before Launch
339,2025-05-03 23:07:26,18.944,-0.39370079999999996,-0.78,26.17,0.0,0.0,18.307306061654145,267.1507870934105,6.0298921586431895,Before Launch
340,2025-05-03 23:07:27,18.997,1.3123360000000002,0.444,26.165,0.0,0.0,15.43910456372711,267.2715861322606,7.393519570063265,Before Launch
341,2025-05-03 23:07:27,19.049,2.16863524,1.41,26.178,0.0,0.0,13.282521640537553,267.3071254952251,8.909690234728197,Before Launch
342,2025-05-03 23:07:27,19.099,1.45013128,0.094,26.167,0.0,0.0,10.797764416850406,267.2750256241272,11.793469884204898,Before Launch
343,2025-05-03 23:07:27,19.155,0.9416010799999999,-0.65,26.153,0.0,0.0,8.52533574791425,267.2182361528419,15.444215004660496,Before Launch
344,2025-05-03 23:07:27,19.209,1.06299216,0.157,26.172,0.0,0.0,7.315991847861189,267.24266239748965,18.015169709485836,Before Launch
345,2025-05-03 23:07:27,19.257,1.07939636,0.392,26.17,0.0,0.0,5.337262697425664,267.19981797583085,23.70772450367429,Before Launch
346,2025-05-03 23:07:27,19.303,1.20078744,-0.487,26.167,0.0,0.0,4.557758844113299,267.17388811222673,26.221661379757812,Before Launch
347,2025-05-03 23:07:27,19.358,0.09514436,-0.114,26.17,0.0,0.0,3.0574207788564154,267.12387807176964,33.8197566046042,Before Launch
348,2025-05-03 23:07:27,19.408,2.53608932,1.124,26.163,0.0,0.0,1.6026037306017749,267.1309209227118,45.0521026940058,Before Launch
349,2025-05-03 23:07:27,19.456,1.07939636,0.57,26.137,0.0,0.0,0.15429749911457083,267.0910577127295,63.99847344615376,Before Launch
350,2025-05-03 23:07:27,19.513,0.83005252,0.372,26.167,0.0,0.0,-0.4633280821705387,267.1034070842919,74.2955930565316,Before Launch
351,2025-05-03 23:07:27,19.56,0.22309712,-0.573,26.172,0.0,0.0,-1.7576831179601067,267.06698225386094,97.85041507116317,Before Launch
352,2025-05-03 23:07:27,19.607,1.07939636,0.957,26.165,0.0,0.0,-3.346332150267214,267.0807270262994,120.03145206904426,Before Launch
353,2025-05-03 23:07:27,19.664,0.9612861199999999,1.053,26.17,0.0,0.0,-4.236527440339544,267.07530224583314,129.0628276962475,Before Launch
354,2025-05-03 23:07:27,19.711,2.63779536,1.98,26.153,0.0,0.0,-5.681427857133097,267.07844392087037,141.77919820387592,Before Launch
355,2025-05-03 23:07:27,19.759,0.46259843999999994,-0.389,26.17,0.0,0.0,-6.7103513844750315,267.04756664122186,149.46529114819145,Before Launch
356,2025-05-03 23:07:27,19.813,1.3123360000000002,0.85,26.16,0.0,0.0,-7.359347486126552,267.047416499983,152.65831150958525,Before Launch
357,2025-05-03 23:07:27,19.868,1.07939636,0.302,26.17,0.0,0.0,-8.768562154338971,267.0718473999831,158.2591036463157,Before Launch
358,2025-05-03 23:07:27,19.918,0.69225724,-0.367,26.163,0.0,0.0,-9.997615707005414,267.04515778587756,162.09622531018843,Before Launch
359,2025-05-03 23:07:27,19.967,1.43044624,0.852,26.16,0.0,0.0,-11.436663077187607,267.03952047350083,165.19313718037066,Before Launch
360,2025-05-03 23:07:28,20.023,1.20078744,-0.86,26.167,0.0,0.0,-12.187374436251023,267.03462537386184,166.46041865658253,Before Launch
361,2025-05-03 23:07:28,20.072,1.20078744,0.674,26.167,0.0,0.0,-13.623472818472587,267.06677745836544,168.5353279840224,Before Launch
362,2025-05-03 23:07:28,20.12,0.83005252,-0.103,26.175,0.0,0.0,-15.16511899455578,267.0911435445251,170.32098109708113,Before Launch
363,2025-05-03 23:07:28,20.177,0.71194228,-0.287,26.165,0.0,0.0,-16.79986290346923,267.122703350888,171.8680711255034,Before Launch
364,2025-05-03 23:07:28,20.233,0.5905511999999999,0.764,26.172,0.0,0.0,-17.53207365198004,267.1769986464221,172.52200898876762,Before Launch
365,2025-05-03 23:07:28,20.281,1.3123360000000002,0.0,26.165,0.0,0.0,-18.873324815019384,267.2056258915606,173.56056504783515,Before Launch
366,2025-05-03 23:07:28,20.326,1.3287402000000001,-0.658,26.165,0.0,0.0,-20.413038212253028,267.1835804379379,174.50777070082293,Before Launch
367,2025-05-03 23:07:28,20.384,2.3622047999999998,0.71,26.155,0.0,0.0,-21.135925834243416,267.18326852089797,174.82532519224367,Before Launch
368,2025-05-03 23:07:28,20.43,1.56824152,0.491,26.163,0.0,0.0,-22.23108889701568,267.1263254582319,175.24916796585003,Before Launch
369,2025-05-03 23:07:28,20.478,1.56824152,0.398,26.157,0.0,0.0,-23.416873832525653,267.0182878442728,175.65730539657488,Before Launch
370,2025-05-03 23:07:28,20.532,1.43044624,0.275,26.163,0.0,0.0,-24.104700127969373,266.997654100111,175.82546055483616,Before Launch
371,2025-05-03 23:07:28,20.582,1.07939636,-0.095,26.163,0.0,0.0,-25.50374659002358,266.91110608345105,176.00278285935408,Before Launch
372,2025-05-03 23:07:28,20.63,1.67979008,1.246,26.163,0.0,0.0,-26.272373056110037,267.0868721228816,176.3060209129128,Before Launch
373,2025-05-03 23:07:28,20.685,2.03740164,-0.391,26.157,0.0,0.0,-26.211254080936946,267.11307643515914,176.33526949202934,Before Launch
374,2025-05-03 23:07:28,20.745,3.10695548,1.573,26.143,0.0,0.0,-25.48051002145122,266.900001833165,176.94246088967185,Before Launch
375,2025-05-03 23:07:28,20.794,1.8536745999999997,0.799,26.13,0.0,0.0,-28.666120506315444,266.86224202256125,177.1601626803785,Before Launch
376,2025-05-03 23:07:28,20.841,0.9416010799999999,0.561,26.163,0.0,0.0,-31.049364411462722,266.66202543726655,176.9723435136529,Before Launch
377,2025-05-03 23:07:28,20.894,1.6240158,0.423,26.135,0.0,0.0,-31.945456929374565,266.5364807514567,176.72910508398988,Before Launch
378,2025-05-03 23:07:28,20.94,0.20341208,-0.594,26.165,0.0,0.0,-35.415861858043336,266.29561232492466,176.9684643326521,Before Launch
379,2025-05-03 23:07:29,20.986,0.69225724,-1.526,26.167,0.0,0.0,-36.94874498577119,265.9494500299464,176.71648761659878,Before Launch
380,2025-05-03 23:07:29,21.04,1.30249348,0.656,26.157,0.0,0.0,-39.292450803138436,265.78284340439876,176.7337923410504,Before Launch
381,2025-05-03 23:07:29,21.091,2.94291348,1.276,26.123,0.0,0.0,-43.498451923396836,266.02459046311424,177.51055108976067,Before Launch
382,2025-05-03 23:07:29,21.137,0.83989504,-0.189,26.165,0.0,0.0,-48.36123575409691,266.0955950553165,178.0221153522266,Before Launch
383,2025-05-03 23:07:29,21.194,1.06299216,0.291,26.175,0.0,0.0,-50.77114038142384,266.00973360784064,178.07899756503505,Before Launch
384,2025-05-03 23:07:29,21.252,0.34120735999999996,-0.848,26.157,0.0,0.0,-55.14830153345858,266.0493580545152,178.57357778234783,Before Launch
385,2025-05-03 23:07:29,21.299,2.40813656,0.946,26.165,0.0,0.0,-59.54340511051444,266.7201205229387,179.43184870395703,Before Launch
386,2025-05-03 23:07:29,21.35,2.55577436,1.06,26.167,0.0,0.0,-64.86712536168945,267.49668474258635,180.47382249513103,Before Launch
387,2025-05-03 23:07:29,21.408,1.9389764399999998,0.861,26.167,0.0,0.0,-67.29279937697697,267.65059784094507,180.84023986478084,Before Launch
388,2025-05-03 23:07:29,21.462,0.47244095999999997,-0.186,26.175,0.0,0.0,-71.27673405825927,267.6099934222953,181.17297579810867,Before Launch
389,2025-05-03 23:07:29,21.513,0.9612861199999999,0.29,26.172,0.0,0.0,-76.04826351584256,268.64521348941827,74.1181851684121,Before Launch
390,2025-05-03 23:07:29,21.562,2.26049876,0.74,26.157,0.0,0.0,-79.94400058177689,270.35746853062784,-57.51627218494384,Before Launch
391,2025-05-03 23:07:29,21.619,0.09514436,-0.954,26.11,0.0,0.0,-81.19532010540377,271.5863419515937,-95.26400711043361,Before Launch
392,2025-05-03 23:07:29,21.665,2.79199484,0.336,26.16,0.0,0.0,-84.39486802495692,274.78646813837867,-140.13269351489632,Before Launch
393,2025-05-03 23:07:29,21.711,1.07939636,-0.382,26.16,0.0,0.0,-88.36494315107079,292.85424063912967,-163.05321736846037,Before Launch
394,2025-05-03 23:07:29,21.767,-0.02624672,-1.237,26.17,0.0,0.0,-90.22853090000312,220.27465489131538,-169.64850235521303,Before Launch
395,2025-05-03 23:07:29,21.815,-0.0164042,-1.128,26.18,0.0,0.0,-93.36190336642711,145.61892731191563,-177.77705273259076,Before Launch
396,2025-05-03 23:07:29,21.862,1.59776908,0.405,26.182,0.0,0.0,-96.4090295421744,111.2525100278507,-181.8731136262622,Before Launch
397,2025-05-03 23:07:29,21.918,2.10301844,0.329,26.133,0.0,0.0,-98.40574626659192,100.02197317146802,-182.69831014415752,Before Launch
398,2025-05-03 23:07:29,21.965,1.07939636,-0.748,26.185,0.0,0.0,-101.5941545632532,85.97417256054466,-183.230846396027,Before Launch
399,2025-05-03 23:07:30,22.011,0.37073492,-2.161,26.188,0.0,0.0,-103.15390868446616,78.94408192972914,-183.55097141514864,Before Launch
400,2025-05-03 23:07:30,22.066,1.9488189599999999,0.075,26.175,0.0,0.0,-103.98230220769172,77.37442048109067,-183.53424256747212,Before Launch
401,2025-05-03 23:07:30,22.112,0.00328084,-0.738,26.18,0.0,0.0,-105.98594363824908,76.17647194912436,-183.47490610562272,Before Launch
402,2025-05-03 23:07:30,22.158,2.38845152,0.605,26.182,0.0,0.0,-108.53420961625902,76.15739125594357,-183.21000322877683,Before Launch
403,2025-05-03 23:07:30,22.216,0.25262468,0.039,26.188,0.0,0.0,-109.12948332600605,75.75536245001528,-183.0282719559602,Before Launch
404,2025-05-03 23:07:30,22.266,-0.11811023999999999,-0.633,26.188,0.0,0.0,-109.41934928548929,75.12357626460332,-182.6089896878275,Before Launch
405,2025-05-03 23:07:30,22.318,1.476378,0.136,26.185,0.0,0.0,-109.55412704230757,74.84125075243463,-182.3435506593742,Before Launch
406,2025-05-03 23:07:30,22.367,0.49212599999999995,-1.921,26.188,0.0,0.0,-108.174276694367,74.01927490293923,-182.2628653819515,Before Launch
407,2025-05-03 23:07:30,22.426,0.25262468,-0.456,26.185,0.0,0.0,-106.8394279733078,73.49281353823388,-182.19733224562094,Before Launch
408,2025-05-03 23:07:30,22.471,0.14107612,-0.722,26.19,0.0,0.0,-104.30485599466431,72.91384402481715,-182.30217215801912,Before Launch
409,2025-05-03 23:07:30,22.517,0.87926512,0.425,26.185,0.0,0.0,-101.80776141672348,72.20531015537823,-182.46956701488128,Before Launch
410,2025-05-03 23:07:30,22.572,0.5085302,-1.492,26.185,0.0,0.0,-100.20862708783376,72.12713214177344,-182.80226518485742,Before Launch
411,2025-05-03 23:07:30,22.626,1.10892392,-1.134,26.185,0.0,0.0,-96.95242731590703,71.77745257354653,-183.6642088155914,Before Launch
412,2025-05-03 23:07:30,22.672,2.41797908,0.379,26.165,0.0,0.0,-94.9306572779394,70.47657097175008,-184.1121280254896,Before Launch
413,2025-05-03 23:07:30,22.721,-0.95800528,-1.136,26.185,0.0,0.0,-90.57932486565817,51.24037610557519,-184.32078816359478,Before Launch
414,2025-05-03 23:07:30,22.769,0.37073492,-0.47,26.185,0.0,0.0,-85.47514017015733,171.27024889843355,-184.571252899257,Before Launch
415,2025-05-03 23:07:30,22.827,1.21062996,-0.83,26.182,0.0,0.0,-80.27957522093159,223.88788888134673,-184.6593317162721,Before Launch
416,2025-05-03 23:07:30,22.882,-0.22965880000000002,-0.257,26.19,0.0,0.0,-77.46052052267837,237.77984713348346,-76.84989248191857,Before Launch
417,2025-05-03 23:07:30,22.93,0.87926512,-1.512,26.192,0.0,0.0,-72.14780698760327,254.47035840886304,54.593071110974606,Before Launch
418,2025-05-03 23:07:31,22.981,0.97769032,-0.08,26.18,0.0,0.0,-66.55693256074348,262.2623134821293,119.11320654883679,Before Launch
419,2025-05-03 23:07:31,23.042,1.56824152,1.251,26.185,0.0,0.0,-62.08794823549886,266.1417525364604,151.03066259025454,Before Launch
420,2025-05-03 23:07:31,23.095,0.25262468,0.21,26.188,0.0,0.0,-60.47939628126115,267.27694270338543,160.52226990950055,Before Launch
421,2025-05-03 23:07:31,23.147,0.87926512,-0.559,26.19,0.0,0.0,-56.7691940153641,268.522362473226,172.0290912214831,Before Launch
422,2025-05-03 23:07:31,23.198,1.9849082,-0.092,26.19,0.0,0.0,-51.649171997934225,269.1062479647503,177.6699883823009,Before Launch
423,2025-05-03 23:07:31,23.248,1.22703416,0.115,26.18,0.0,0.0,-47.74068502263894,269.2018930855161,180.0627523042565,Before Launch
424,2025-05-03 23:07:31,23.302,1.9389764399999998,1.215,26.188,0.0,0.0,-45.59364680644795,269.2461517659496,180.67785070439186,Before Launch
425,2025-05-03 23:07:31,23.352,1.3484252399999999,-0.467,26.18,0.0,0.0,-40.56132730227846,268.90489963082786,180.7819192029147,Before Launch
426,2025-05-03 23:07:31,23.4,1.0892388800000001,0.843,26.178,0.0,0.0,-36.31900543102453,268.30697061841545,180.2099081135891,Before Launch
427,2025-05-03 23:07:31,23.457,1.4599738,-0.715,26.178,0.0,0.0,-34.85094500212957,268.11065484253044,179.9360160247119,Before Launch
428,2025-05-03 23:07:31,23.504,0.5085302,0.199,26.188,0.0,0.0,-32.59626980491451,267.77518480750336,179.23388017151737,Before Launch
429,2025-05-03 23:07:31,23.549,0.61023624,0.568,26.18,0.0,0.0,-31.57429996769426,267.6644034952685,178.87645899398657,Before Launch
430,2025-05-03 23:07:31,23.605,0.738189,-0.574,26.185,0.0,0.0,-29.20675034048844,267.21439209845227,177.41812926725285,Before Launch
431,2025-05-03 23:07:31,23.653,1.9652231599999999,1.145,26.182,0.0,0.0,-26.965008360443267,266.8422547531363,175.3719183425638,Before Launch
432,2025-05-03 23:07:31,23.699,-0.11811023999999999,-0.291,26.185,0.0,0.0,-26.10607486916026,266.6267349976486,174.2203293042483,Before Launch
433,2025-05-03 23:07:31,23.745,0.25262468,0.088,26.188,0.0,0.0,-24.592485135979484,266.2037939857177,172.31193455252705,Before Launch
434,2025-05-03 23:07:31,23.794,1.10892392,0.18,26.165,0.0,0.0,-23.692349347116693,265.91095383665845,171.1740421520845,Before Launch
435,2025-05-03 23:07:31,23.846,0.5085302,0.0,26.185,0.0,0.0,-23.4152224076781,265.8400491079359,170.84649173138138,Before Launch
436,2025-05-03 23:07:31,23.902,0.87926512,-0.18,26.19,0.0,0.0,-22.94446047385817,265.78245602405,170.85923093871702,Before Launch
437,2025-05-03 23:07:31,23.953,0.9612861199999999,-1.137,26.172,0.0,0.0,-22.709608977534668,265.82919748663545,171.1583133204834,Before Launch
438,2025-05-03 23:07:32,23.999,-0.34776904,0.477,26.182,0.0,0.0,-23.11195991295194,265.91030401025176,171.24675422305293,Before Launch
439,2025-05-03 23:07:32,24.053,2.7395014,1.845,26.188,0.0,0.0,-23.47211322091147,265.97785860638635,171.26701365826008,Before Launch
440,2025-05-03 23:07:32,24.108,0.01968504,-0.93,26.192,0.0,0.0,-23.06050869543225,265.8972892829208,170.57377999737488,Before Launch
441,2025-05-03 23:07:32,24.154,1.4960630400000001,1.357,26.192,0.0,0.0,-22.53041295628896,265.8230683331695,170.2258733632739,Before Launch
442,2025-05-03 23:07:32,24.207,1.6240158,0.583,26.197,0.0,0.0,-21.415966476960797,265.72493481016215,169.7766500010777,Before Launch
443,2025-05-03 23:07:32,24.256,1.3779527999999999,0.314,26.195,0.0,0.0,-20.508749272234766,265.7088458974984,170.62469621380632,Before Launch
444,2025-05-03 23:07:32,24.307,1.00721788,-0.443,26.195,0.0,0.0,-20.38292916237277,265.60833827920607,170.92976460606516,Before Launch
445,2025-05-03 23:07:32,24.364,1.9849082,1.365,26.19,0.0,0.0,-21.259068809483367,265.5458595316209,171.2332098633325,Before Launch
446,2025-05-03 23:07:32,24.412,0.75787404,-0.096,26.185,0.0,0.0,-21.514212680961855,265.9279786125742,169.55176562001293,Before Launch
447,2025-05-03 23:07:32,24.457,0.98753284,-0.792,26.188,0.0,0.0,-20.319530388215256,266.07570444533724,167.4268062433421,Before Launch
448,2025-05-03 23:07:32,24.512,1.8471129199999998,0.491,26.185,0.0,0.0,-17.87723458667053,265.6453430628679,163.9526280852723,Before Launch
449,2025-05-03 23:07:32,24.56,0.75787404,-0.939,26.192,0.0,0.0,-13.03065499323159,265.8474441508942,158.39759793846193,Before Launch
450,2025-05-03 23:07:32,24.611,2.18832028,0.667,26.182,0.0,0.0,-10.29449326823583,265.7206647884664,154.30783343302892,Before Launch
451,2025-05-03 23:07:32,24.67,0.97769032,-0.088,26.18,0.0,0.0,-9.39116018878618,265.5244944166739,151.1238151063174,Before Launch
452,2025-05-03 23:07:32,24.724,1.72572184,0.21,26.192,0.0,0.0,-8.89446039644919,265.4219235123935,149.3083870610566,Before Launch
453,2025-05-03 23:07:32,24.773,0.75787404,0.196,26.192,0.0,0.0,-8.258380945709472,265.62606763872566,149.10869564276624,Before Launch
454,2025-05-03 23:07:32,24.822,0.39041995999999995,-0.173,26.178,0.0,0.0,-7.32807020525092,266.446025749445,151.05728574683727,Before Launch
455,2025-05-03 23:07:32,24.877,0.49212599999999995,-0.193,26.182,0.0,0.0,-6.890999923380909,266.79557178086435,152.06086858200104,Before Launch
456,2025-05-03 23:07:32,24.932,2.7854331599999997,0.641,26.188,0.0,0.0,-6.283760375621496,267.430726654305,156.07731202370405,Before Launch
457,2025-05-03 23:07:33,24.982,1.10892392,0.956,26.182,0.0,0.0,-6.44120137628216,267.75055029314535,159.61533109529546,Before Launch
458,2025-05-03 23:07:33,25.029,0.25262468,0.0,26.145,0.0,0.0,-7.3136448550832,267.7846202777317,160.36716002346833,Before Launch
459,2025-05-03 23:07:33,25.083,0.7217848,-0.3,26.192,0.0,0.0,-7.528963304261919,267.83763575621964,160.9093459146393,Before Launch
460,2025-05-03 23:07:33,25.129,-0.22965880000000002,-0.575,26.185,0.0,0.0,-6.580608679362506,267.8684668771793,157.3675635624318,Before Launch
461,2025-05-03 23:07:33,25.175,0.738189,-0.111,26.172,0.0,0.0,-6.135238857051127,267.84623556239177,153.8911587578727,Before Launch
462,2025-05-03 23:07:33,25.231,0.24278216,-0.562,26.18,0.0,0.0,-6.14766441714602,267.8941586366414,152.9170748264542,Before Launch
463,2025-05-03 23:07:33,25.292,0.62007876,0.749,26.188,0.0,0.0,-6.402683892322827,267.94414287124147,152.07680681692202,Before Launch
464,2025-05-03 23:07:33,25.348,-0.9842519999999999,-2.875,26.182,0.0,0.0,-6.799345707155082,267.96911670181663,152.716166914761,Before Launch
465,2025-05-03 23:07:33,25.398,0.12139108,0.079,26.165,0.0,0.0,-8.099437302301371,268.02257992281903,155.40698254172625,Before Launch
466,2025-05-03 23:07:33,25.444,0.97769032,-0.402,26.182,0.0,0.0,-10.195772028298935,268.0007864073604,159.5116039154191,Before Launch
467,2025-05-03 23:07:33,25.502,0.12139108,-1.16,26.18,0.0,0.0,-11.880336827671085,267.8939715083257,162.10720097564254,Before Launch
468,2025-05-03 23:07:33,25.555,3.59580064,1.707,26.14,0.0,0.0,-12.487004705518775,267.871223544582,163.7710676870868,Before Launch
469,2025-05-03 23:07:33,25.605,0.61023624,-0.306,26.18,0.0,0.0,-13.614527296388989,267.84834851866367,167.34706481083657,Before Launch
470,2025-05-03 23:07:33,25.654,0.8595800800000001,-0.872,26.167,0.0,0.0,-18.09527103401477,267.84056611938337,171.2063661661649,Before Launch
471,2025-05-03 23:07:33,25.71,0.738189,-0.015,26.185,0.0,0.0,-22.09407564175239,267.9458754554411,174.04063840677625,Before Launch
472,2025-05-03 23:07:33,25.767,0.00328084,-0.751,26.185,0.0,0.0,-23.324591645932344,267.95921700655884,174.87345732020324,Before Launch
473,2025-05-03 23:07:33,25.816,1.35826776,-0.375,26.188,0.0,0.0,-24.803111654375652,267.986954630002,175.89337072196935,Before Launch
474,2025-05-03 23:07:33,25.864,0.738189,-0.015,26.163,0.0,0.0,-25.354708358277406,267.97520559147415,176.39771710908317,Before Launch
475,2025-05-03 23:07:33,25.918,-0.49540683999999996,-2.053,26.182,0.0,0.0,-26.17616357824663,267.934429995342,176.6512525457897,Before Launch
476,2025-05-03 23:07:33,25.977,1.21062996,0.178,26.175,0.0,0.0,-26.66036398026454,267.95949625009064,176.70220416729163,Before Launch
477,2025-05-03 23:07:34,26.024,0.49212599999999995,-0.949,26.182,0.0,0.0,-26.23342826310491,267.97155784853345,176.60700939487378,Before Launch
478,2025-05-03 23:07:34,26.071,0.62007876,-0.106,26.155,0.0,0.0,-25.341162207460588,267.9123334572005,176.32526989625072,Before Launch
479,2025-05-03 23:07:34,26.127,1.10892392,0.551,26.185,0.0,0.0,-24.85979519039706,267.90680535026644,176.2197746071048,Before Launch
480,2025-05-03 23:07:34,26.176,1.22703416,0.566,26.182,0.0,0.0,-24.278632840455458,267.9306652431091,176.1394396578958,Before Launch
481,2025-05-03 23:07:34,26.226,1.476378,-1.012,26.185,0.0,0.0,-24.60312229272458,267.81863412764505,175.90960364498915,Before Launch
482,2025-05-03 23:07:34,26.281,0.738189,-0.285,26.165,0.0,0.0,-25.137486277188945,267.69919417392555,175.777870753761,Before Launch
483,2025-05-03 23:07:34,26.335,1.8274278800000001,1.206,26.18,0.0,0.0,-25.201217297526313,267.6723537028315,175.7665019084518,Before Launch
484,2025-05-03 23:07:34,26.382,2.08661424,1.051,26.18,0.0,0.0,-24.944555673013546,267.57498800021284,175.60513405262574,Before Launch
485,2025-05-03 23:07:34,26.429,1.3484252399999999,1.214,26.18,0.0,0.0,-24.882750069884526,267.5322905637871,175.53618137755907,Before Launch
486,2025-05-03 23:07:34,26.486,-0.0164042,-0.576,26.178,0.0,0.0,-25.075413899445795,267.51389355068125,175.4073993847493,Before Launch
487,2025-05-03 23:07:34,26.532,1.8274278800000001,1.218,26.167,0.0,0.0,-25.199662719790744,267.5631249565599,175.50228144236297,Before Launch
488,2025-05-03 23:07:34,26.587,0.9612861199999999,0.263,26.172,0.0,0.0,-25.0457581543517,267.5782558518861,175.45557798459,Before Launch
489,2025-05-03 23:07:34,26.636,1.22703416,1.717,26.182,0.0,0.0,-25.130492820418645,267.6425226141927,175.58736509370075,Before Launch
490,2025-05-03 23:07:34,26.684,1.1811023999999999,0.824,26.16,0.0,0.0,-25.019857144897777,267.6311688788861,175.53211015153082,Before Launch
491,2025-05-03 23:07:34,26.74,-0.12795276,-0.853,26.17,0.0,0.0,-24.95674013248353,267.6004263484046,175.53031012375706,Before Launch
492,2025-05-03 23:07:34,26.792,1.476378,1.05,26.185,0.0,0.0,-25.17051778967015,267.59982572223475,175.47407648441614,Before Launch
493,2025-05-03 23:07:34,26.84,-0.7545932000000001,-3.386,26.15,0.0,0.0,-25.150069612984346,267.55068277613395,175.37357161633096,Before Launch
494,2025-05-03 23:07:34,26.897,2.5098426,1.47,26.147,0.0,0.0,-25.141367901055492,267.53967539285094,175.3448926859409,Before Launch
495,2025-05-03 23:07:34,26.945,0.32480316000000004,-0.414,26.18,0.0,0.0,-25.23183288804048,267.55307345664403,175.33842789465515,Before Launch
496,2025-05-03 23:07:35,27.005,-0.0164042,-0.583,26.18,0.0,0.0,-25.142035931774416,267.58673249274676,175.33431244314087,Before Launch
497,2025-05-03 23:07:35,27.057,0.5905511999999999,0.455,26.172,0.0,0.0,-25.117066356708733,267.55737782325707,175.3947636896839,Before Launch
498,2025-05-03 23:07:35,27.103,2.28674548,0.721,26.15,0.0,0.0,-25.060398782702826,267.5751269390703,175.40407659310787,Before Launch
499,2025-05-03 23:07:35,27.164,0.97769032,0.184,26.175,0.0,0.0,-25.044122693324343,267.65811150650364,175.4596407585107,Before Launch
500,2025-05-03 23:07:35,27.223,1.8897638399999999,1.828,26.18,0.0,0.0,-25.11868511905019,267.6585454625029,175.53668995573548,Before Launch
501,2025-05-03 23:07:35,27.294,1.7716536,0.426,26.155,0.0,0.0,-25.07935313832862,267.6596505008585,175.53142764354112,Before Launch
502,2025-05-03 23:07:35,27.349,3.6253282,2.365,26.175,0.0,0.0,-25.195613580704947,267.6555688839699,175.62091190922283,Before Launch
503,2025-05-03 23:07:35,27.412,2.04724416,1.064,26.165,0.0,0.0,-25.64627129600741,267.75923205343173,175.8296296117431,Before Launch
504,2025-05-03 23:07:35,27.474,2.214567,0.821,26.147,0.0,0.0,-26.07768976975838,267.79446146472196,175.8694391910562,Before Launch
505,2025-05-03 23:07:35,27.533,-0.24606299999999998,-1.086,26.182,0.0,0.0,-26.129178843738995,267.72718510348545,175.81328204065787,Before Launch
506,2025-05-03 23:07:35,27.586,2.7591864399999997,0.943,26.178,0.0,0.0,-26.311223058607066,267.6813889443367,175.68741012220576,Before Launch
507,2025-05-03 23:07:35,27.632,0.69225724,-0.034,26.188,0.0,0.0,-26.2217549482531,267.65527728247616,175.66110368194876,Before Launch
508,2025-05-03 23:07:35,27.711,1.43044624,-0.289,26.163,0.0,0.0,-25.73146595822012,267.6572872154708,175.6996224383649,Before Launch
509,2025-05-03 23:07:35,27.772,1.22703416,-0.618,26.182,0.0,0.0,-25.39011434879276,267.53522572320975,175.36916809636492,Before Launch
510,2025-05-03 23:07:35,27.836,1.3484252399999999,0.0,26.185,0.0,0.0,-25.187016489217427,267.53095872347774,175.25609972851248,Before Launch
511,2025-05-03 23:07:35,27.907,1.10892392,0.792,26.188,0.0,0.0,-25.083386299608183,267.44611671758827,175.06333830706777,Before Launch
512,2025-05-03 23:07:36,27.97,0.97769032,-0.591,26.17,0.0,0.0,-25.061675716615785,267.4782923507639,174.96387182794484,Before Launch
513,2025-05-03 23:07:36,28.027,-0.04593176,-0.699,26.163,0.0,0.0,-25.034010817270467,267.47400136315673,174.91774467597324,Before Launch
514,2025-05-03 23:07:36,28.074,0.12139108,-0.769,26.182,0.0,0.0,-24.99780766376477,267.43859481872255,174.87990743578268,Before Launch
515,2025-05-03 23:07:36,28.124,0.98753284,-0.134,26.178,0.0,0.0,-25.086190616942883,267.43495228695343,174.8833728738354,Before Launch
516,2025-05-03 23:07:36,28.178,1.2467192,0.956,26.19,0.0,0.0,-25.119643476568122,267.4455146045079,174.89952805741297,Before Launch
517,2025-05-03 23:07:36,28.237,2.04724416,0.395,26.182,0.0,0.0,-25.209763656380318,267.4861706178638,174.92643430304136,Before Launch
518,2025-05-03 23:07:36,28.284,1.07939636,1.27,26.185,0.0,0.0,-25.234115159414696,267.3579664172579,174.73340976610376,Before Launch
519,2025-05-03 23:07:36,28.335,1.0892388800000001,-0.988,26.18,0.0,0.0,-25.247579832297017,267.2752535731166,174.53229029762934,Before Launch
520,2025-05-03 23:07:36,28.39,1.9652231599999999,1.135,26.182,0.0,0.0,-25.241405618920155,267.20519466879006,174.46422353402656,Before Launch
521,2025-05-03 23:07:36,28.438,1.57808404,1.113,26.175,0.0,0.0,-25.190152817785453,267.2021292357942,174.4132825915838,Before Launch
522,2025-05-03 23:07:36,28.491,0.35104988,-0.167,26.178,0.0,0.0,-25.11690838833929,267.2253919394556,174.42254398123845,Before Launch
523,2025-05-03 23:07:36,28.542,1.9192913999999999,-0.255,26.16,0.0,0.0,-25.08886372652831,267.23168915631794,174.4236077656545,Before Launch
524,2025-05-03 23:07:36,28.594,1.69947512,0.505,26.172,0.0,0.0,-25.051921460999928,267.2837403147113,174.43765002093468,Before Launch
525,2025-05-03 23:07:36,28.645,0.25262468,-1.151,26.188,0.0,0.0,-24.92117756176455,267.29547088562197,174.49658903683513,Before Launch
526,2025-05-03 23:07:36,28.691,1.56824152,-0.146,26.192,0.0,0.0,-24.911056543926303,267.3230305252367,174.49684652093867,Before Launch
527,2025-05-03 23:07:36,28.746,0.98753284,-1.888,26.188,0.0,0.0,-24.896159458059326,267.3342835833349,174.5176313997155,Before Launch
528,2025-05-03 23:07:36,28.794,0.49212599999999995,-1.125,26.182,0.0,0.0,-24.91191077124461,267.37790765684326,174.57480387338532,Before Launch
529,2025-05-03 23:07:36,28.84,0.14107612,-1.518,26.19,0.0,0.0,-24.898523097053353,267.38053790665674,174.57373000936937,Before Launch
530,2025-05-03 23:07:36,28.893,0.37073492,0.454,26.185,0.0,0.0,-24.952697285338722,267.38527559473766,174.63464853716152,Before Launch
531,2025-05-03 23:07:36,28.939,2.27034128,-0.361,26.153,0.0,0.0,-24.99611773123875,267.4083384804627,174.75722502224295,Before Launch
532,2025-05-03 23:07:37,28.99,0.37073492,-0.237,26.182,0.0,0.0,-24.98590086386606,267.42366258055824,174.78058356946755,Before Launch
533,2025-05-03 23:07:37,29.045,0.00328084,-1.07,26.185,0.0,0.0,-25.01180816837146,267.48395601236086,174.82398069867517,Before Launch
534,2025-05-03 23:07:37,29.094,0.5085302,-0.543,26.19,0.0,0.0,-25.013169364272876,267.475088232488,174.8533719569785,Before Launch
535,2025-05-03 23:07:37,29.139,0.62007876,-0.559,26.178,0.0,0.0,-25.000024858416303,267.49151214810456,174.9349564741208,Before Launch
536,2025-05-03 23:07:37,29.195,0.25262468,-0.665,26.188,0.0,0.0,-24.986236624499508,267.52086853128844,174.97313628436856,Before Launch
537,2025-05-03 23:07:37,29.241,0.14107612,-0.658,26.19,0.0,0.0,-25.026970657453955,267.5655742138104,175.04672798635755,Before Launch
538,2025-05-03 23:07:37,29.288,-0.73490816,-0.546,26.18,0.0,0.0,-25.04483582354455,267.57924279593254,175.0808261816701,Before Launch
539,2025-05-03 23:07:37,29.347,-0.09842519999999999,-0.173,26.163,0.0,0.0,-24.99576562438227,267.5249117958226,175.04702640215976,Before Launch
540,2025-05-03 23:07:37,29.402,-0.11811023999999999,-0.865,26.178,0.0,0.0,-25.022597732470203,267.5153000067747,175.02672231728928,Before Launch
541,2025-05-03 23:07:37,29.449,1.10892392,-0.108,26.185,0.0,0.0,-25.02767640628964,267.55731125543525,175.01335792251461,Before Launch
542,2025-05-03 23:07:37,29.495,-0.48556432,-2.013,26.18,0.0,0.0,-25.075796465450747,267.52923904016177,175.00349784277228,Before Launch
543,2025-05-03 23:07:37,29.552,0.738189,-0.269,26.188,0.0,0.0,-24.990567038011747,267.63938213959796,175.17234295737325,Before Launch
544,2025-05-03 23:07:37,29.607,0.62007876,-0.369,26.188,0.0,0.0,-24.967004349979852,267.7487316062084,175.4186799710205,Before Launch
545,2025-05-03 23:07:37,29.654,1.22703416,-0.584,26.182,0.0,0.0,-25.041651387919,267.8817809020204,175.5921468078921,Before Launch
546,2025-05-03 23:07:37,29.706,0.6397638,-0.74,26.195,0.0,0.0,-24.974351865354663,267.8691964923154,175.50648266310003,Before Launch
547,2025-05-03 23:07:37,29.759,0.8595800800000001,0.401,26.19,0.0,0.0,-25.042918651843387,267.8153870903828,175.38612376108745,Before Launch
548,2025-05-03 23:07:37,29.808,2.13910768,0.174,26.17,0.0,0.0,-24.944284442961074,267.5672024957603,174.90564994478467,Before Launch
549,2025-05-03 23:07:37,29.854,0.37073492,-1.055,26.185,0.0,0.0,-25.078448006850216,267.4172174852746,174.64320753103686,Before Launch
550,2025-05-03 23:07:37,29.901,1.8471129199999998,1.269,26.185,0.0,0.0,-24.996970630791367,267.16105650897094,174.2063765576368,Before Launch
551,2025-05-03 23:07:37,29.955,0.25262468,-1.041,26.188,0.0,0.0,-24.806198506096862,267.0974332589895,174.02068832740144,Before Launch
552,2025-05-03 23:07:38,30.004,2.68372712,1.348,26.185,0.0,0.0,-24.790668738254812,267.02264047971295,173.97078626024415,Before Launch
553,2025-05-03 23:07:38,30.06,2.49015756,1.578,26.14,0.0,0.0,-24.012778086100763,267.00412413586184,173.92585238901447,Before Launch
554,2025-05-03 23:07:38,30.107,-0.46916011999999996,-0.482,26.195,0.0,0.0,-23.494353625192744,267.0004197806245,173.84640002771576,Before Launch
555,2025-05-03 23:07:38,30.155,0.87926512,0.403,26.19,0.0,0.0,-22.949550164330105,267.0161960182133,173.79922569381526,Before Launch
556,2025-05-03 23:07:38,30.201,3.64501324,1.089,26.18,0.0,0.0,-22.129611878012977,267.0531572365032,173.7227865105844,Before Launch
557,2025-05-03 23:07:38,30.248,2.5098426,1.7,26.147,0.0,0.0,-21.312776534505396,267.07543776365463,173.58484062172067,Before Launch
558,2025-05-03 23:07:38,30.299,2.51968512,2.007,26.155,0.0,0.0,-19.493197567103778,267.09952132071584,173.04984358254646,Before Launch
559,2025-05-03 23:07:38,30.344,1.59776908,0.871,26.17,0.0,0.0,-16.779886678533206,267.20550521507363,172.09614015204156,Before Launch
560,2025-05-03 23:07:38,30.404,1.8471129199999998,0.97,26.185,0.0,0.0,-14.986313297083894,267.21978461079857,171.1243345571193,Before Launch
561,2025-05-03 23:07:38,30.458,1.3287402000000001,0.852,26.153,0.0,0.0,-11.465180823930424,267.2818076789416,168.68354222508768,Before Launch
562,2025-05-03 23:07:38,30.513,2.214567,1.63,26.185,0.0,0.0,-8.46226353454268,267.3143483950608,165.3706938760985,Before Launch
563,2025-05-03 23:07:38,30.563,1.2467192,1.554,26.19,0.0,0.0,-5.494009068046366,267.3474633401987,159.45147976186908,Before Launch
564,2025-05-03 23:07:38,30.609,2.8871392,2.366,26.185,0.0,0.0,-2.669343165138225,267.381610226379,148.30486655065866,Before Launch
565,2025-05-03 23:07:38,30.664,1.22703416,1.066,26.197,0.0,0.0,-1.315056564656604,267.3661611331139,137.85053577400075,Before Launch
566,2025-05-03 23:07:38,30.713,0.87926512,-0.182,26.19,0.0,0.0,0.9861765053833367,267.3429490582495,104.87976105902123,Before Launch
567,2025-05-03 23:07:38,30.757,1.74540688,1.768,26.195,0.0,0.0,2.1463821690021114,267.35300334144364,86.91325870095028,Before Launch
568,2025-05-03 23:07:38,30.803,2.09645676,1.086,26.185,0.0,0.0,4.807321554217891,267.3160144968863,55.18735839222226,Before Launch
569,2025-05-03 23:07:38,30.848,1.12860896,0.41,26.192,0.0,0.0,6.0420693071894185,267.31927254373585,43.60733251444025,Before Launch
570,2025-05-03 23:07:38,30.901,1.8471129199999998,0.497,26.185,0.0,0.0,7.741402272948888,267.2914108654356,27.761622361978628,Before Launch
571,2025-05-03 23:07:38,30.946,1.7814961200000001,0.921,26.182,0.0,0.0,9.085152110382264,267.36305444712644,17.88912283871969,Before Launch
572,2025-05-03 23:07:39,30.999,2.7854331599999997,1.553,26.165,0.0,0.0,9.532642770520578,267.38119031212545,14.817107151992566,Before Launch
573,2025-05-03 23:07:39,31.046,1.35826776,-0.631,26.188,0.0,0.0,10.238238279743685,267.3849290121752,11.0097281767524,Before Launch
574,2025-05-03 23:07:39,31.095,-0.02624672,-0.32,26.182,0.0,0.0,11.11330000728125,267.3990783435057,9.148983203978696,Before Launch
575,2025-05-03 23:07:39,31.151,1.12860896,-0.575,26.192,0.0,0.0,10.67230261248344,267.45395042787396,9.29199368056111,Before Launch
576,2025-05-03 23:07:39,31.198,0.61023624,0.288,26.178,0.0,0.0,8.060358170152792,267.48253265428616,11.823401530110338,Before Launch
577,2025-05-03 23:07:39,31.244,0.5085302,-1.754,26.19,0.0,0.0,6.708438810365827,267.518534526763,12.94942277913124,Before Launch
578,2025-05-03 23:07:39,31.299,1.00721788,-1.197,26.18,0.0,0.0,4.514724360546536,267.51408011936957,15.556409058476646,Before Launch
579,2025-05-03 23:07:39,31.346,0.8891076400000001,1.096,26.197,0.0,0.0,2.7553542004169977,267.4774102565819,17.88347644939712,Before Launch
580,2025-05-03 23:07:39,31.395,1.25656172,0.304,26.2,0.0,0.0,2.0741314981043604,267.5230451149472,20.11309801494249,Before Launch
581,2025-05-03 23:07:39,31.442,1.21062996,-1.962,26.175,0.0,0.0,0.23695236848314255,267.50368419740306,35.43091567344836,Before Launch
582,2025-05-03 23:07:39,31.493,4.11417336,1.289,26.19,0.0,0.0,-3.7979627546049537,267.5049841552018,92.7110078086182,Before Launch
583,2025-05-03 23:07:39,31.541,2.08661424,-0.349,26.202,0.0,0.0,-7.299966493960482,267.44746247797707,127.74329600686353,Before Launch
584,2025-05-03 23:07:39,31.597,0.77755908,-0.655,26.2,0.0,0.0,-9.329370029196523,267.4018958865739,139.51656905035202,Before Launch
585,2025-05-03 23:07:39,31.651,2.46391084,0.495,26.2,0.0,0.0,-13.499777195853229,267.449327395872,155.3324359177409,Before Launch
586,2025-05-03 23:07:39,31.701,0.5085302,-0.66,26.19,0.0,0.0,-15.902646037296416,267.4512457713363,163.78463353954314,Before Launch
587,2025-05-03 23:07:39,31.751,0.6397638,-1.272,26.195,0.0,0.0,-17.90495452644813,267.4015243601912,168.419812258732,Before Launch
588,2025-05-03 23:07:39,31.808,1.02690292,-0.177,26.202,0.0,0.0,-18.826115599530596,267.40076381605286,169.93794055981041,Before Launch
589,2025-05-03 23:07:39,31.865,1.8471129199999998,-0.828,26.185,0.0,0.0,-20.73087675189299,267.3598222166059,172.229663384821,Before Launch
590,2025-05-03 23:07:39,31.911,1.00721788,-0.176,26.195,0.0,0.0,-22.13417455725711,267.36464109706856,173.61673830422134,Before Launch
591,2025-05-03 23:07:39,31.959,1.59776908,0.577,26.202,0.0,0.0,-22.912484084620413,267.36521260755416,174.14685083197892,Before Launch
592,2025-05-03 23:07:40,32.011,2.11286096,0.293,26.195,0.0,0.0,-24.228353347854366,267.3885274341423,174.84423375687192,Before Launch
593,2025-05-03 23:07:40,32.058,0.26902888,-1.456,26.2,0.0,0.0,-25.10654431320031,267.35957831955994,175.24582310888186,Before Launch
594,2025-05-03 23:07:40,32.115,1.9947507199999999,0.684,26.205,0.0,0.0,-25.252909142918202,267.3103260093379,175.44014561746175,Before Launch
595,2025-05-03 23:07:40,32.172,0.8891076400000001,-0.754,26.2,0.0,0.0,-25.206080729306716,267.24292523293116,175.60862985943646,Before Launch
596,2025-05-03 23:07:40,32.23,0.77755908,-0.782,26.2,0.0,0.0,-25.091734724617837,267.25600963095997,175.63252698430682,Before Launch
597,2025-05-03 23:07:40,32.277,0.6561680000000001,-1.666,26.202,0.0,0.0,-24.85169603245671,267.35727282334676,175.97611821941467,Before Launch
598,2025-05-03 23:07:40,32.324,3.05446204,1.327,26.195,0.0,0.0,-22.95019314749202,267.62146979157575,176.17347885671956,Before Launch
599,2025-05-03 23:07:40,32.38,2.08661424,1.644,26.18,0.0,0.0,-21.47188033630338,267.740277300373,176.0249047633631,Before Launch
600,2025-05-03 23:07:40,32.426,1.27624676,0.116,26.205,0.0,0.0,-17.88457006414872,267.88167491648585,175.13507182802744,Before Launch
601,2025-05-03 23:07:40,32.471,1.3943569999999998,0.616,26.205,0.0,0.0,-16.079782753822233,267.87809322048554,174.48173587546913,Before Launch
602,2025-05-03 23:07:40,32.525,2.50328092,1.557,26.202,0.0,0.0,-12.187440780875404,267.8482942968121,172.0098786274219,Before Launch
603,2025-05-03 23:07:40,32.576,2.04724416,0.814,26.19,0.0,0.0,-8.332558780386435,267.71380618730086,166.6359153280832,Before Launch
604,2025-05-03 23:07:40,32.628,2.38188984,1.164,26.18,0.0,0.0,-5.18336017464578,267.6364220449191,156.35209659322229,Before Launch
605,2025-05-03 23:07:40,32.683,1.02690292,-0.178,26.202,0.0,0.0,-3.5156734928748525,267.6082597264879,145.75716460638995,Before Launch
606,2025-05-03 23:07:40,32.73,0.77755908,-0.336,26.2,0.0,0.0,-0.6026423451085378,267.5389661821036,111.03143778018774,Before Launch
607,2025-05-03 23:07:40,32.775,0.15091864,-3.091,26.2,0.0,0.0,0.5396318550517502,267.51794049977366,94.15674237961451,Before Launch
608,2025-05-03 23:07:40,32.822,-0.0164042,-1.642,26.178,0.0,0.0,2.0950830973352708,267.4677440536007,68.15079915461367,Before Launch
609,2025-05-03 23:07:40,32.867,1.45013128,0.53,26.195,0.0,0.0,2.846375521760524,267.4550014553836,57.06356278330641,Before Launch
610,2025-05-03 23:07:40,32.922,-0.58727036,-2.401,26.2,0.0,0.0,4.399074670288983,267.4662753151542,39.904903724755236,Before Launch
611,2025-05-03 23:07:40,32.972,1.02690292,0.408,26.197,0.0,0.0,5.56771881161855,267.4950813389619,28.951003979947394,Before Launch
612,2025-05-03 23:07:41,33.02,0.51837272,-0.096,26.197,0.0,0.0,5.96667717568418,267.476478073692,25.45359679659179,Before Launch
613,2025-05-03 23:07:41,33.066,1.02690292,0.0,26.202,0.0,0.0,6.740478287729622,267.4197327429181,20.82565024576449,Before Launch
614,2025-05-03 23:07:41,33.111,1.8635171199999998,0.013,26.195,0.0,0.0,7.001910196004772,267.3921365169168,19.49138870008017,Before Launch
615,2025-05-03 23:07:41,33.165,1.0892388800000001,0.065,26.178,0.0,0.0,7.384054926474832,267.341319486151,17.93335925829417,Before Launch
616,2025-05-03 23:07:41,33.212,-0.08202100000000001,-1.341,26.202,0.0,0.0,7.365791428569771,267.32635740803573,17.75722538524205,Before Launch
617,2025-05-03 23:07:41,33.263,-0.32808400000000004,-1.95,26.2,0.0,0.0,7.36086975787891,267.3350503358181,17.74632842502013,Before Launch
618,2025-05-03 23:07:41,33.309,0.6561680000000001,0.309,26.205,0.0,0.0,7.229331945081233,267.34471051512617,17.874940717676537,Before Launch
619,2025-05-03 23:07:41,33.356,-0.32152232000000003,-1.866,26.207,0.0,0.0,7.04120824140689,267.28525881331586,17.869636211588116,Before Launch
620,2025-05-03 23:07:41,33.413,0.6561680000000001,-0.188,26.202,0.0,0.0,7.0396122285275124,267.2701216071196,17.687874015759093,Before Launch
621,2025-05-03 23:07:41,33.457,0.6397638,-0.112,26.163,0.0,0.0,6.87068352039326,267.28225606980675,17.502965894069728,Before Launch
622,2025-05-03 23:07:41,33.503,1.8274278800000001,0.955,26.197,0.0,0.0,6.798786580119836,267.28445567317635,17.452976511933375,Before Launch
623,2025-05-03 23:07:41,33.557,0.62007876,-1.974,26.178,0.0,0.0,6.8115690528437645,267.31184709192485,17.46328155483346,Before Launch
624,2025-05-03 23:07:41,33.604,-0.20013124,-1.868,26.205,0.0,0.0,6.287892486708993,267.26855589729973,18.50929208373586,Before Launch
625,2025-05-03 23:07:41,33.651,0.8891076400000001,-0.316,26.197,0.0,0.0,5.83799485244175,267.2714910719034,19.57462131389684,Before Launch
626,2025-05-03 23:07:41,33.704,0.53805776,-0.694,26.21,0.0,0.0,5.143179727220202,267.30936205030736,21.25342181343911,Before Launch
627,2025-05-03 23:07:41,33.751,0.6397638,-1.52,26.178,0.0,0.0,4.410256723590495,267.3392792880467,22.94906095949556,Before Launch
628,2025-05-03 23:07:41,33.799,-0.56758532,-2.138,26.205,0.0,0.0,4.179194990243581,267.39176349083453,23.817105045307134,Before Launch
629,2025-05-03 23:07:41,33.855,1.51574808,-0.706,26.2,0.0,0.0,3.6582155183366734,267.35495871641433,27.82227147476616,Before Launch
630,2025-05-03 23:07:41,33.904,0.03937008,-0.809,26.2,0.0,0.0,1.020456555945562,267.3312857278728,65.97745509240278,Before Launch
631,2025-05-03 23:07:41,33.95,-0.08202100000000001,-0.705,26.18,0.0,0.0,-0.7488172262871928,267.3079739544804,94.16706210093663,Before Launch
632,2025-05-03 23:07:42,34.004,0.39041995999999995,0.195,26.192,0.0,0.0,-1.2956914290257553,267.304949447571,103.17118634010511,Before Launch
633,2025-05-03 23:07:42,34.052,0.53805776,0.451,26.205,0.0,0.0,-1.8740821151371974,267.2975246919269,114.10126978301979,Before Launch
634,2025-05-03 23:07:42,34.099,-0.32808400000000004,-1.443,26.2,0.0,0.0,-2.1631469333793905,267.3082094917853,119.82750714852668,Before Launch
635,2025-05-03 23:07:42,34.159,-0.32808400000000004,0.21,26.192,0.0,0.0,-2.4227651528461607,267.3162416769509,125.53828343115809,Before Launch
636,2025-05-03 23:07:42,34.215,1.25656172,0.185,26.197,0.0,0.0,-2.6300765965884123,267.2780688307762,128.29895436162957,Before Launch
637,2025-05-03 23:07:42,34.269,1.35826776,0.672,26.188,0.0,0.0,-3.0427409064593065,267.36735947151044,133.97990020231,Before Launch
638,2025-05-03 23:07:42,34.318,0.98753284,-0.031,26.205,0.0,0.0,-3.455214801272471,267.3326885865552,137.9391286289811,Before Launch
639,2025-05-03 23:07:42,34.364,0.8891076400000001,-0.778,26.195,0.0,0.0,-3.604441259194272,267.2677163666692,141.00659237986872,Before Launch
640,2025-05-03 23:07:42,34.423,-0.44947508,-1.223,26.197,0.0,0.0,-3.5432407267225674,267.2811572257604,141.98988236657146,Before Launch
641,2025-05-03 23:07:42,34.479,1.59776908,1.326,26.182,0.0,0.0,-3.682355384791554,267.2935794578617,146.1775003992807,Before Launch
642,2025-05-03 23:07:42,34.526,-0.8366142,-0.403,26.195,0.0,0.0,-4.000395643052682,267.32854489159223,150.82011226805992,Before Launch
643,2025-05-03 23:07:42,34.576,0.40682416,-0.197,26.2,0.0,0.0,-4.027420004042087,267.3139850945651,152.10979728073158,Before Launch
644,2025-05-03 23:07:42,34.63,1.25656172,1.239,26.195,0.0,0.0,-4.008189279484845,267.3245347253431,153.58501672204974,Before Launch
645,2025-05-03 23:07:42,34.68,0.16732284,-0.386,26.202,0.0,0.0,-3.632526673804098,267.36092954666947,153.01661547762083,Before Launch
646,2025-05-03 23:07:42,34.73,1.74540688,0.869,26.197,0.0,0.0,-2.7446053960736516,267.33265632273503,148.3514824049895,Before Launch
647,2025-05-03 23:07:42,34.786,1.9389764399999998,0.087,26.19,0.0,0.0,-1.6849513843693409,267.31329997932187,138.46680892125573,Before Launch
648,2025-05-03 23:07:42,34.842,2.18832028,1.22,26.17,0.0,0.0,-0.9888514047558545,267.3137078044723,127.89249860011263,Before Launch
649,2025-05-03 23:07:42,34.889,1.51574808,1.335,26.195,0.0,0.0,0.3817108732086574,267.29664596912295,99.92936598342979,Before Launch
650,2025-05-03 23:07:42,34.937,-0.20013124,-0.847,26.195,0.0,0.0,1.6373197302858906,267.35093427824194,72.89553881871504,Before Launch
651,2025-05-03 23:07:43,34.991,1.3484252399999999,0.63,26.18,0.0,0.0,2.2236246102351185,267.3734062842804,61.42973627208319,Before Launch
652,2025-05-03 23:07:43,35.042,1.14501316,0.391,26.2,0.0,0.0,3.4382358653518734,267.33620701295024,43.94080805764246,Before Launch
653,2025-05-03 23:07:43,35.087,-0.44947508,0.092,26.2,0.0,0.0,4.2084203061694065,267.3551376632207,34.64342554517859,Before Launch
654,2025-05-03 23:07:43,35.143,0.03937008,-1.146,26.197,0.0,0.0,4.431686231902799,267.41808684127807,31.99456450530908,Before Launch
655,2025-05-03 23:07:43,35.2,0.738189,0.539,26.185,0.0,0.0,4.162882174155615,267.35686237199576,28.238281876258366,Before Launch
656,2025-05-03 23:07:43,35.249,1.12860896,0.932,26.192,0.0,0.0,4.5828914055804315,267.3554565838128,26.808322778492297,Before Launch
657,2025-05-03 23:07:43,35.295,2.11286096,1.334,26.15,0.0,0.0,4.725351090581801,267.3549270732333,26.823286564105484,Before Launch
658,2025-05-03 23:07:43,35.348,1.10892392,0.44,26.185,0.0,0.0,4.692710383381849,267.3100220837029,28.08779678386615,Before Launch
659,2025-05-03 23:07:43,35.395,0.62007876,0.732,26.188,0.0,0.0,4.133619599408369,267.53684719149106,31.624985012845695,Before Launch
660,2025-05-03 23:07:43,35.442,-0.11811023999999999,0.164,26.188,0.0,0.0,4.008472010755548,267.88065734362357,32.999843618111356,Before Launch
661,2025-05-03 23:07:43,35.493,0.62007876,-0.498,26.188,0.0,0.0,3.7739034014274737,268.6705394776541,34.625723170174986,Before Launch
662,2025-05-03 23:07:43,35.543,2.77559064,1.112,26.157,0.0,0.0,3.8023555996262144,269.44940335849117,35.1385955325952,Before Launch
663,2025-05-03 23:07:43,35.592,2.94291348,1.535,26.13,0.0,0.0,3.856168018670808,269.80845438839077,35.4222943007988,Before Launch
664,2025-05-03 23:07:43,35.648,1.8471129199999998,0.746,26.19,0.0,0.0,3.870678550965628,269.87156509084485,35.52809294712338,Before Launch
665,2025-05-03 23:07:43,35.704,-0.34776904,0.079,26.192,0.0,0.0,3.57465963005655,270.9659586929153,22.36114470193803,Before Launch
666,2025-05-03 23:07:43,35.759,0.25262468,-1.051,26.188,0.0,0.0,3.3279469284267735,273.0925669552337,-8.706422728623902,Before Launch
667,2025-05-03 23:07:43,35.806,2.3064305199999997,2.456,26.167,0.0,0.0,3.2456592204440695,275.6434868233749,-36.303009600177674,Before Launch
668,2025-05-03 23:07:43,35.854,0.25262468,-0.121,26.188,0.0,0.0,3.157984561598587,276.95089205589073,-46.83837159552684,Before Launch
669,2025-05-03 23:07:43,35.904,2.37204732,0.876,26.17,0.0,0.0,3.086937646062312,279.56931951675875,-62.122083820309015,Before Launch
670,2025-05-03 23:07:43,35.955,-0.7185039599999999,-0.695,26.192,0.0,0.0,3.0424946923681144,281.84106233055627,-71.5062925127864,Before Launch
671,2025-05-03 23:07:44,36.003,-0.11811023999999999,-1.464,26.188,0.0,0.0,2.932323704021927,282.7976354701389,-74.739625622836,Before Launch
672,2025-05-03 23:07:44,36.05,0.87926512,-0.838,26.19,0.0,0.0,2.7289404046676715,284.6427500283984,-79.53187688915294,Before Launch
673,2025-05-03 23:07:44,36.101,0.738189,-1.152,26.188,0.0,0.0,2.749776851779763,286.34238880055926,-82.66922271585688,Before Launch
674,2025-05-03 23:07:44,36.149,0.5085302,-0.799,26.19,0.0,0.0,2.6288855553493318,287.06704150730866,-84.05718049842318,Before Launch
675,2025-05-03 23:07:44,36.205,0.5085302,0.559,26.19,0.0,0.0,2.5083074207703753,288.45221327188466,-85.89921991377444,Before Launch
676,2025-05-03 23:07:44,36.253,-0.11811023999999999,-1.162,26.188,0.0,0.0,2.4468779339497053,288.90938531795933,-86.84690569901657,Before Launch
677,2025-05-03 23:07:44,36.302,0.8595800800000001,-0.227,26.175,0.0,0.0,2.3779050661889776,288.8451770857946,-87.40639837283788,Before Launch
678,2025-05-03 23:07:44,36.358,0.83989504,1.014,26.14,0.0,0.0,2.3364682095322378,288.52103753105223,-87.42105127880615,Before Launch
679,2025-05-03 23:07:44,36.405,0.574147,0.424,26.165,0.0,0.0,2.2664799947723533,287.62862821251207,-87.14843609587162,Before Launch
680,2025-05-03 23:07:44,36.452,2.08661424,1.077,26.14,0.0,0.0,2.154489204920123,286.3268768836096,-86.53995991600743,Before Launch
681,2025-05-03 23:07:44,36.506,2.02099744,0.71,26.188,0.0,0.0,2.0770130416697152,285.5183576449699,-86.29434880774741,Before Launch
682,2025-05-03 23:07:44,36.553,2.46063,0.276,26.172,0.0,0.0,2.0394632062057934,283.7839749925782,-85.27280910015516,Before Launch
683,2025-05-03 23:07:44,36.604,1.72572184,0.491,26.185,0.0,0.0,2.1805442014122614,281.7257165392341,-82.83224571628651,Before Launch
684,2025-05-03 23:07:44,36.659,1.2467192,0.496,26.19,0.0,0.0,2.21603326776052,280.6256191132087,-81.3952541130368,Before Launch
685,2025-05-03 23:07:44,36.708,1.10892392,0.969,26.185,0.0,0.0,2.214096559422542,278.1723238356838,-77.59101861057749,Before Launch
686,2025-05-03 23:07:44,36.756,-0.36745408,-0.782,26.153,0.0,0.0,2.2253366273727613,276.1236249847846,-72.58873772174604,Before Launch
687,2025-05-03 23:07:44,36.81,0.87926512,-1.497,26.19,0.0,0.0,2.1785653513332295,275.18773147946905,-70.01956398699764,Before Launch
688,2025-05-03 23:07:44,36.856,1.35826776,-1.254,26.188,0.0,0.0,1.9180606972186183,273.2669160724093,-63.00313070735626,Before Launch
689,2025-05-03 23:07:44,36.901,0.00328084,-1.472,26.165,0.0,0.0,1.71724888433884,272.4317252756552,-58.892632024967526,Before Launch
690,2025-05-03 23:07:44,36.958,0.25262468,0.479,26.188,0.0,0.0,1.352600924736084,271.20195076147513,-49.84482162269151,Before Launch
691,2025-05-03 23:07:45,37.012,-0.11811023999999999,-0.296,26.188,0.0,0.0,1.157511436666957,270.1549704932523,-23.12511314270276,Before Launch
692,2025-05-03 23:07:45,37.06,2.26049876,-0.037,26.145,0.0,0.0,1.0233054570027422,269.3629526428845,13.915681397741377,Before Launch
693,2025-05-03 23:07:45,37.11,3.71719172,2.758,26.137,0.0,0.0,1.0789531340691403,268.8780487390084,29.755630851367137,Before Launch
694,2025-05-03 23:07:45,37.156,1.45013128,-0.736,26.18,0.0,0.0,1.0411469347141287,268.24766585484247,51.331729986079054,Before Launch
695,2025-05-03 23:07:45,37.205,-1.08595804,-0.294,26.157,0.0,0.0,0.8611807620976079,267.8122060936375,63.77558882268023,Before Launch
696,2025-05-03 23:07:45,37.261,-0.09842519999999999,0.016,26.195,0.0,0.0,0.7865129060679583,267.72503133260716,67.45989349907155,Before Launch
697,2025-05-03 23:07:45,37.313,0.25262468,-0.496,26.188,0.0,0.0,0.7165127883806555,267.6321916213533,72.01282191145809,Before Launch
698,2025-05-03 23:07:45,37.362,2.1489502000000003,1.119,26.147,0.0,0.0,0.6306779951887385,267.5397605845867,75.35960981410709,Before Launch
699,2025-05-03 23:07:45,37.411,0.14107612,-0.291,26.19,0.0,0.0,0.6405422693765843,267.5216765368905,76.38371209459561,Before Launch
700,2025-05-03 23:07:45,37.458,-0.12795276,-0.508,26.18,0.0,0.0,0.5859585840256218,267.48350490025115,78.12941448575417,Before Launch
701,2025-05-03 23:07:45,37.505,0.37073492,0.39,26.185,0.0,0.0,0.5633652606147187,267.4485891293186,78.88456510659287,Before Launch
702,2025-05-03 23:07:45,37.56,-0.85629924,-1.364,26.155,0.0,0.0,0.4996892399068951,267.49275508014784,80.69118183000543,Before Launch
703,2025-05-03 23:07:45,37.611,0.98753284,0.118,26.178,0.0,0.0,0.4885181184587345,267.44501974645055,81.6835883162258,Before Launch
704,2025-05-03 23:07:45,37.658,-0.7545932000000001,-1.06,26.18,0.0,0.0,0.539660402105735,267.40189143501146,81.22423318704017,Before Launch
705,2025-05-03 23:07:45,37.717,0.00328084,-1.647,26.182,0.0,0.0,0.4574178276737169,267.38034197634664,80.16455062157905,Before Launch
706,2025-05-03 23:07:45,37.774,0.35104988,-1.317,26.178,0.0,0.0,0.48939163319278417,267.3935874077194,79.56445886508888,Before Launch
707,2025-05-03 23:07:45,37.82,0.00328084,-1.94,26.188,0.0,0.0,0.5400891771648489,267.3526098126402,78.3005746213133,Before Launch
708,2025-05-03 23:07:45,37.868,0.738189,-0.781,26.18,0.0,0.0,0.6118599155271526,267.49852121838694,76.66526297851824,Before Launch
709,2025-05-03 23:07:45,37.925,0.12139108,-0.889,26.182,0.0,0.0,0.6090073733708918,267.64910377549836,75.95327091398781,Before Launch
710,2025-05-03 23:07:45,37.975,0.12139108,-0.779,26.182,0.0,0.0,0.6580620299661225,267.97290532810365,75.65682779622668,Before Launch
711,2025-05-03 23:07:46,38.021,-0.36745408,0.0,26.18,0.0,0.0,0.6289724773529637,268.35413611712085,77.29273663728101,Before Launch
712,2025-05-03 23:07:46,38.078,-0.11811023999999999,-0.787,26.182,0.0,0.0,0.4502738974562362,268.83454270135024,80.91530757424593,Before Launch
713,2025-05-03 23:07:46,38.133,-0.59711288,-1.531,26.155,0.0,0.0,0.2701354600628228,269.0450720881908,83.90901046339874,Before Launch
714,2025-05-03 23:07:46,38.179,-0.9842519999999999,-0.773,26.182,0.0,0.0,-0.05721969737623683,269.6499866131347,90.05854365763672,Before Launch
715,2025-05-03 23:07:46,38.227,-0.58727036,-0.662,26.197,0.0,0.0,-0.17770436371929976,270.230325375847,95.00264043116208,Before Launch
716,2025-05-03 23:07:46,38.281,-0.96456696,-0.667,26.19,0.0,0.0,-0.35100198811281763,271.65144818943537,-8.981017122359617,Before Launch
717,2025-05-03 23:07:46,38.327,0.83989504,-1.121,26.175,0.0,0.0,-0.3759610422616497,273.51696237002255,-52.90289384692483,Before Launch
718,2025-05-03 23:07:46,38.372,0.49212599999999995,-2.556,26.188,0.0,0.0,-0.35624131656132907,274.5745741474299,-65.39217159542618,Before Launch
719,2025-05-03 23:07:46,38.429,-0.9842519999999999,-1.912,26.192,0.0,0.0,-0.4791232078738666,276.6565228508788,-81.35204501237004,Before Launch
720,2025-05-03 23:07:46,38.476,2.1489502000000003,2.545,26.155,0.0,0.0,-0.5762886610306712,278.58542508697656,-89.43739417494412,Before Launch
721,2025-05-03 23:07:46,38.52,-0.26574804,-0.133,26.18,0.0,0.0,-0.621863525168816,279.4551113772368,-91.84270024159227,Before Launch
722,2025-05-03 23:07:46,38.577,1.40091868,0.908,26.182,0.0,0.0,-0.660786401251414,280.9393251802319,-94.5038345347786,Before Launch
723,2025-05-03 23:07:46,38.626,1.07939636,-0.846,26.178,0.0,0.0,-0.6970000683891899,282.0317162292625,-95.77235486147337,Before Launch
724,2025-05-03 23:07:46,38.676,2.13910768,1.579,26.185,0.0,0.0,-0.6954187781830581,282.60467904057646,-96.17042849459084,Before Launch
725,2025-05-03 23:07:46,38.731,1.79790032,1.513,26.163,0.0,0.0,-0.656645090598872,282.7184799853702,-96.16812138546767,Before Launch
726,2025-05-03 23:07:46,38.778,1.1811023999999999,0.637,26.16,0.0,0.0,-0.3644756652919481,282.776412913574,-95.6748516663237,Before Launch
727,2025-05-03 23:07:46,38.825,1.22703416,1.647,26.182,0.0,0.0,-0.2110611411284987,282.7289828024334,-95.4808260080803,Before Launch
728,2025-05-03 23:07:46,38.873,1.476378,0.387,26.165,0.0,0.0,-0.16764338844570487,282.54056998551283,-94.75008459001371,Before Launch
729,2025-05-03 23:07:46,38.921,-0.24606299999999998,0.403,26.182,0.0,0.0,-0.25127209951072715,282.3093579493392,-94.4220263544243,Before Launch
730,2025-05-03 23:07:46,38.974,1.63385832,1.297,26.188,0.0,0.0,-0.31432653228828245,281.84828659914024,-93.66682194477748,Before Launch
731,2025-05-03 23:07:47,39.023,1.2631234,0.73,26.143,0.0,0.0,-0.3253909121959828,281.4957640843094,-93.15958006021984,Before Launch
732,2025-05-03 23:07:47,39.075,0.9973753599999999,0.792,26.133,0.0,0.0,-0.3015582040864885,280.7843115736169,-92.6973678114511,Before Launch
733,2025-05-03 23:07:47,39.13,0.8595800800000001,0.096,26.182,0.0,0.0,-0.6072047614980564,280.3244673674597,-92.70505800365511,Before Launch
734,2025-05-03 23:07:47,39.176,-1.23359584,-1.083,26.178,0.0,0.0,-0.7016900033716822,279.18625832159927,-93.06208256210573,Before Launch
735,2025-05-03 23:07:47,39.227,0.49212599999999995,0.296,26.178,0.0,0.0,-0.6475033975822249,277.4027312560444,-95.71164746577406,Before Launch
736,2025-05-03 23:07:47,39.282,0.12139108,0.388,26.182,0.0,0.0,-0.7020845419247922,276.63231252003044,-97.54188275725892,Before Launch
737,2025-05-03 23:07:47,39.328,0.49212599999999995,0.488,26.182,0.0,0.0,-0.9194274052663335,275.2858471065231,-100.4600973337765,Before Launch
738,2025-05-03 23:07:47,39.372,0.22309712,0.662,26.172,0.0,0.0,-1.0483367243127586,274.65416761301924,-102.67291230862632,Before Launch
739,2025-05-03 23:07:47,39.428,1.71587932,2.162,26.18,0.0,0.0,-1.232353348002646,273.9476334594866,-106.26718113120678,Before Launch
740,2025-05-03 23:07:47,39.477,-0.17388452,0.331,26.157,0.0,0.0,-1.230330381897042,273.47935478747246,-110.25376286937811,Before Launch
741,2025-05-03 23:07:47,39.525,0.12139108,0.873,26.143,0.0,0.0,-1.3379486514120205,273.1575927948772,-114.28692414529381,Before Launch
742,2025-05-03 23:07:47,39.57,0.61023624,-0.185,26.18,0.0,0.0,-1.542472786387503,272.153072909553,-128.4147829691009,Before Launch
743,2025-05-03 23:07:47,39.619,-0.61679792,-0.889,26.17,0.0,0.0,-1.7927055973845882,271.2236106035385,-143.59423788656733,Before Launch
744,2025-05-03 23:07:47,39.675,-0.24606299999999998,0.592,26.18,0.0,0.0,-1.8031794325551254,270.92709843349115,-149.7185665910638,Before Launch
745,2025-05-03 23:07:47,39.721,1.69947512,-0.361,26.172,0.0,0.0,-1.8272349575822606,270.512013128763,-159.4983519581388,Before Launch
746,2025-05-03 23:07:47,39.773,0.738189,0.801,26.172,0.0,0.0,-1.8908845553866755,269.95609636052006,-66.01188400746335,Before Launch
747,2025-05-03 23:07:47,39.827,-0.0164042,-1.134,26.178,0.0,0.0,-1.8590801996246311,269.6712526435929,3.6124708085571626,Before Launch
748,2025-05-03 23:07:47,39.873,0.7217848,-0.287,26.175,0.0,0.0,-1.776669609190611,269.27241631631864,82.35967778444709,Before Launch
749,2025-05-03 23:07:47,39.919,-0.14763779999999999,-1.84,26.172,0.0,0.0,-1.7383003139431548,269.1763971442982,104.80381597902009,Before Launch
750,2025-05-03 23:07:47,39.976,0.69225724,-0.888,26.163,0.0,0.0,-1.6407305325313286,268.88917495063794,126.61287226076811,Before Launch
751,2025-05-03 23:07:48,40.022,-1.00393704,-1.756,26.175,0.0,0.0,-1.6793138087079038,268.53145090054943,135.04918256898696,Before Launch
752,2025-05-03 23:07:48,40.069,-0.61679792,-1.482,26.18,0.0,0.0,-1.8299528743363571,268.3776071076501,139.51375499073868,Before Launch
753,2025-05-03 23:07:48,40.124,-0.26574804,-1.393,26.175,0.0,0.0,-1.944709352050909,268.26849663616974,139.41234098884865,Before Launch
754,2025-05-03 23:07:48,40.174,1.55183732,1.435,26.175,0.0,0.0,-3.043276507402912,267.98400127984524,146.8873867134976,Before Launch
755,2025-05-03 23:07:48,40.223,-0.86614176,-2.002,26.175,0.0,0.0,-3.644878248151527,267.8009135781647,150.68802217555563,Before Launch
756,2025-05-03 23:07:48,40.277,1.71587932,0.361,26.167,0.0,0.0,-3.7498687235052537,267.7066379613347,151.23424128693057,Before Launch
757,2025-05-03 23:07:48,40.324,0.12139108,-0.701,26.182,0.0,0.0,-3.528680221191299,267.5461736607614,148.5814859984022,Before Launch
758,2025-05-03 23:07:48,40.371,1.21062996,0.283,26.178,0.0,0.0,-2.9287558487469103,267.56240651141763,144.49206532725856,Before Launch
759,2025-05-03 23:07:48,40.428,-1.35498692,-0.097,26.182,0.0,0.0,-2.5023437007195253,267.6350837324778,140.36878128710026,Before Launch
760,2025-05-03 23:07:48,40.485,-0.6430446400000001,-0.902,26.167,0.0,0.0,-1.996871845186853,267.9250429614458,132.1600981126233,Before Launch
761,2025-05-03 23:07:48,40.535,0.83005252,0.566,26.167,0.0,0.0,-1.8702909060386976,267.97691813559885,122.83685262547863,Before Launch
762,2025-05-03 23:07:48,40.581,1.4599738,0.772,26.175,0.0,0.0,-1.9309082926379493,268.0200906657619,116.14176274907489,Before Launch
763,2025-05-03 23:07:48,40.635,-0.12795276,-0.278,26.18,0.0,0.0,-2.2456894112817314,268.05999734846785,114.09460929397878,Before Launch
764,2025-05-03 23:07:48,40.682,-0.86614176,-2.059,26.185,0.0,0.0,-2.5149956476901387,268.104762829368,112.2699448956449,Before Launch
765,2025-05-03 23:07:48,40.728,2.13910768,1.849,26.178,0.0,0.0,-2.855865438773599,268.1945680325184,114.833687141866,Before Launch
766,2025-05-03 23:07:48,40.784,-0.63320212,-0.599,26.175,0.0,0.0,-3.728516306306159,268.6214543806128,123.61917629605188,Before Launch
767,2025-05-03 23:07:48,40.832,-0.38713912,-0.79,26.178,0.0,0.0,-6.133429732351657,269.13212104356245,142.7335720355176,Before Launch
768,2025-05-03 23:07:48,40.88,0.37073492,0.783,26.18,0.0,0.0,-9.821259857976536,269.70745838990325,157.04365951900752,Before Launch
769,2025-05-03 23:07:48,40.933,2.7296588799999997,2.365,26.135,0.0,0.0,-10.36350604418561,270.0139268135538,162.60104124541522,Before Launch
770,2025-05-03 23:07:49,40.982,-1.37139112,-2.435,26.175,0.0,0.0,-10.820952789468517,270.7404736645213,67.49520795654414,Before Launch
771,2025-05-03 23:07:49,41.029,2.1489502000000003,1.123,26.167,0.0,0.0,-14.336179469320188,271.43021372604403,-55.32445021898241,Before Launch
772,2025-05-03 23:07:49,41.088,0.12139108,0.109,26.182,0.0,0.0,-16.874379601796964,271.8494383999185,-91.83420856186797,Before Launch
773,2025-05-03 23:07:49,41.133,-0.0164042,-0.586,26.178,0.0,0.0,-21.622872630720114,273.74747645800863,-133.19856766934166,Before Launch
774,2025-05-03 23:07:49,41.18,-0.24606299999999998,-0.078,26.167,0.0,0.0,-25.884402329750685,275.7952720957211,-152.9025117918416,Before Launch
775,2025-05-03 23:07:49,41.236,0.66601052,-0.021,26.147,0.0,0.0,-27.367618201098264,276.664830094955,-158.34273607122782,Before Launch
776,2025-05-03 23:07:49,41.282,-0.0164042,0.784,26.17,0.0,0.0,-29.551989547680016,278.3545096618726,-163.94784535795665,Before Launch
777,2025-05-03 23:07:49,41.328,0.25918636,0.696,26.133,0.0,0.0,-30.793539674852852,279.2094031698126,-166.5050941607692,Before Launch
778,2025-05-03 23:07:49,41.383,1.3287402000000001,1.266,26.172,0.0,0.0,-31.21865527178361,279.46377046739184,-167.27773335518967,Before Launch
779,2025-05-03 23:07:49,41.432,-0.02624672,-1.254,26.18,0.0,0.0,-31.659346113903453,279.7466965359159,-168.00677641580484,Before Launch
780,2025-05-03 23:07:49,41.478,-0.27559056000000004,0.471,26.167,0.0,0.0,-31.791240069651828,279.8636322945171,-168.22221391249752,Before Launch
781,2025-05-03 23:07:49,41.532,1.07939636,-0.507,26.17,0.0,0.0,-32.08128696781824,280.09584787962183,-168.5314168251024,Before Launch
782,2025-05-03 23:07:49,41.58,0.34120735999999996,0.175,26.178,0.0,0.0,-32.769865141141075,280.68360324443904,-168.45766203278063,Before Launch
783,2025-05-03 23:07:49,41.629,1.0892388800000001,-0.096,26.17,0.0,0.0,-33.9637463336835,281.530195596651,-168.02116928885368,Before Launch
784,2025-05-03 23:07:49,41.683,2.40813656,2.999,26.157,0.0,0.0,-34.55987307444833,281.8631609417971,-167.75275826482013,Before Launch
785,2025-05-03 23:07:49,41.738,0.71194228,1.081,26.17,0.0,0.0,-34.77639429732661,282.37931360879276,-167.0991389874769,Before Launch
786,2025-05-03 23:07:49,41.785,2.97900272,1.719,26.137,0.0,0.0,-34.187306570956956,282.7258036125362,-166.28875234237748,Before Launch
787,2025-05-03 23:07:49,41.835,1.7716536,0.249,26.163,0.0,0.0,-34.289960077850246,282.8602740742094,-165.9393980386655,Before Launch
788,2025-05-03 23:07:49,41.893,0.83989504,0.769,26.175,0.0,0.0,-34.71851448025874,282.7910960135896,-165.54124687674482,Before Launch
789,2025-05-03 23:07:49,41.94,4.18635184,4.016,26.128,0.0,0.0,-34.99312672581898,282.50563746365805,-165.29600324077703,Before Launch
790,2025-05-03 23:07:50,41.987,1.8733596399999999,-0.211,26.137,0.0,0.0,-34.92056031025097,282.3266723675539,-165.1929359808281,Before Launch
791,2025-05-03 23:07:50,42.037,1.3287402000000001,1.566,26.172,0.0,0.0,-34.624323351912196,282.11969774165993,-164.92998485774268,Before Launch
792,2025-05-03 23:07:50,42.081,0.5905511999999999,0.783,26.175,0.0,0.0,-34.37158873895583,281.7998602704415,-165.09486916463777,Before Launch
793,2025-05-03 23:07:50,42.136,0.83989504,0.374,26.175,0.0,0.0,-32.945736090468834,280.7345383145226,-165.8230361626069,Before Launch
794,2025-05-03 23:07:50,42.183,1.0892388800000001,-1.312,26.178,0.0,0.0,-30.618898505751066,279.04372619364625,-167.45688756281865,Before Launch
795,2025-05-03 23:07:50,42.231,0.97769032,1.881,26.17,0.0,0.0,-28.304174892896384,276.8648304514007,-170.25516192383904,Before Launch
796,2025-05-03 23:07:50,42.284,1.21062996,-0.748,26.175,0.0,0.0,-27.387368838117165,275.7440368193534,-171.8877822755267,Before Launch
797,2025-05-03 23:07:50,42.331,-0.0164042,-0.111,26.178,0.0,0.0,-25.80029805967409,273.4819866056618,-175.6447089173322,Before Launch
798,2025-05-03 23:07:50,42.383,0.35104988,0.294,26.157,0.0,0.0,-23.894448107270453,271.58700941277135,-179.37990432135825,Before Launch
799,2025-05-03 23:07:50,42.436,0.97769032,0.974,26.178,0.0,0.0,-22.874065733271596,270.8281736155655,-72.92215324627557,Before Launch
800,2025-05-03 23:07:50,42.485,0.49212599999999995,-0.139,26.18,0.0,0.0,-21.308886971292754,269.21255996479925,53.339648802469284,Before Launch
801,2025-05-03 23:07:50,42.532,-0.14763779999999999,-0.105,26.163,0.0,0.0,-19.64004359671665,267.7862625020047,114.18715005333206,Before Launch
802,2025-05-03 23:07:50,42.586,-0.26574804,-0.417,26.178,0.0,0.0,-18.779997094649676,267.14592512824606,131.172511110624,Before Launch
803,2025-05-03 23:07:50,42.631,0.35104988,-0.783,26.175,0.0,0.0,-16.6242456773572,266.26952703999217,149.50569169840008,Before Launch
804,2025-05-03 23:07:50,42.68,0.32480316000000004,0.281,26.167,0.0,0.0,-14.329749985937346,265.99702818018085,157.3811702651613,Before Launch
805,2025-05-03 23:07:50,42.738,0.46259843999999994,0.586,26.167,0.0,0.0,-13.139349027362043,266.0755098484623,158.89534961747466,Before Launch
806,2025-05-03 23:07:50,42.784,2.99868776,1.533,26.167,0.0,0.0,-10.998593359435247,266.1973175466069,159.0035289336822,Before Launch
807,2025-05-03 23:07:50,42.839,0.9612861199999999,0.493,26.172,0.0,0.0,-9.446064857680764,266.2642296318586,156.99241573834195,Before Launch
808,2025-05-03 23:07:50,42.89,-0.63320212,-1.366,26.155,0.0,0.0,-8.792829486337132,266.3794334740381,155.63162786062392,Before Launch
809,2025-05-03 23:07:50,42.948,0.22309712,-1.727,26.172,0.0,0.0,-6.589091832742558,266.83063523474397,150.8591836456659,Before Launch
810,2025-05-03 23:07:51,42.998,0.47244095999999997,-0.19,26.17,0.0,0.0,-4.18154565504146,268.00751925789467,149.71655891004184,Before Launch
811,2025-05-03 23:07:51,43.044,1.21062996,-1.405,26.175,0.0,0.0,-3.163330768761425,268.5303683824268,151.19540471598907,Before Launch
812,2025-05-03 23:07:51,43.102,1.3484252399999999,-0.334,26.18,0.0,0.0,-1.7605788525596011,269.6433358300281,162.2979647490336,Before Launch
813,2025-05-03 23:07:51,43.147,2.04724416,0.963,26.18,0.0,0.0,-0.8161776172063885,271.0482625849946,13.964970405104872,Before Launch
814,2025-05-03 23:07:51,43.194,0.10170604,-3.257,26.16,0.0,0.0,0.254198526774433,272.35154009058124,-33.828588376695784,Before Launch
815,2025-05-03 23:07:51,43.249,3.46784788,1.263,26.135,0.0,0.0,0.964640441520586,273.0991401628658,-42.194986484799344,Before Launch
816,2025-05-03 23:07:51,43.302,1.21062996,-0.093,26.175,0.0,0.0,2.4784753941091076,274.555468314752,-47.85477444748483,Before Launch
817,2025-05-03 23:07:51,43.347,0.83005252,0.189,26.157,0.0,0.0,3.681450829611216,275.77633727623845,-50.17693797974653,Before Launch
818,2025-05-03 23:07:51,43.402,2.5918636,1.384,26.13,0.0,0.0,4.104310736102848,276.27220462183647,-50.77665569141961,Before Launch
819,2025-05-03 23:07:51,43.455,-0.6430446400000001,-1.362,26.167,0.0,0.0,4.574308625003301,277.2975959171266,-52.88943526655399,Before Launch
820,2025-05-03 23:07:51,43.507,1.07939636,0.08,26.17,0.0,0.0,5.117022875056908,278.1719763583978,-55.832303533823485,Before Launch
821,2025-05-03 23:07:51,43.551,0.5905511999999999,-0.489,26.165,0.0,0.0,5.34063141166734,278.58898490103013,-57.519725352650376,Before Launch
822,2025-05-03 23:07:51,43.606,0.22309712,0.188,26.172,0.0,0.0,5.659407061702695,279.3391648854676,-60.69867040157275,Before Launch
823,2025-05-03 23:07:51,43.652,1.06299216,0.561,26.163,0.0,0.0,5.598482049319777,279.90044388417664,-63.585629381571486,Before Launch
824,2025-05-03 23:07:51,43.701,0.69225724,-0.226,26.163,0.0,0.0,5.570657028496594,280.0476205777008,-64.43593715513774,Before Launch
825,2025-05-03 23:07:51,43.76,2.22112868,1.356,26.167,0.0,0.0,5.672736984649205,280.22512120649077,-65.42614743374125,Before Launch
826,2025-05-03 23:07:51,43.809,1.55183732,1.331,26.157,0.0,0.0,6.053078877790893,279.9009261256925,-64.0243076387969,Before Launch
827,2025-05-03 23:07:51,43.856,-0.41338584,-0.116,26.163,0.0,0.0,6.27408544692184,279.0529265768969,-61.49980879648657,Before Launch
828,2025-05-03 23:07:51,43.911,0.9120735200000001,0.438,26.15,0.0,0.0,6.344544608005845,278.5158632318573,-60.078731550863246,Before Launch
829,2025-05-03 23:07:51,43.965,0.07545932,-0.194,26.16,0.0,0.0,6.60009247324655,277.5521422726718,-56.38046793519539,Before Launch
830,2025-05-03 23:07:52,44.011,0.05577428,-0.32,26.157,0.0,0.0,6.6729945355856275,276.396965346489,-51.20967499336514,Before Launch
831,2025-05-03 23:07:52,44.061,0.61679792,-1.865,26.155,0.0,0.0,6.803619712270628,274.74863755112,-42.8945316933015,Before Launch
832,2025-05-03 23:07:52,44.115,0.15748032,-0.63,26.155,0.0,0.0,7.041103791739537,274.0964204338838,-38.36854167176859,Before Launch
833,2025-05-03 23:07:52,44.163,2.07349088,2.126,26.118,0.0,0.0,7.435041896137635,272.8339210279056,-28.691307786002604,Before Launch
834,2025-05-03 23:07:52,44.209,0.9973753599999999,0.614,26.145,0.0,0.0,7.733302849550315,271.8111946758054,-19.921798278013696,Before Launch
835,2025-05-03 23:07:52,44.265,0.19356956,-0.22,26.157,0.0,0.0,8.02183213444933,271.40049760825684,-15.710725058669938,Before Launch
836,2025-05-03 23:07:52,44.315,1.16141736,-0.039,26.153,0.0,0.0,8.747593772422574,270.4699245770012,-7.3393107802013695,Before Launch
837,2025-05-03 23:07:52,44.36,0.7939632799999999,-0.441,26.143,0.0,0.0,9.007883646456504,270.01463395669106,-3.1991321962184065,Before Launch
838,2025-05-03 23:07:52,44.409,0.42650920000000003,-1.284,26.153,0.0,0.0,9.76725331337174,269.2348822876139,3.811038415375581,Before Launch
839,2025-05-03 23:07:52,44.455,0.66601052,0.448,26.145,0.0,0.0,10.805430195695072,268.7167441441179,8.541470208087977,Before Launch
840,2025-05-03 23:07:52,44.51,1.23687668,-1.769,26.133,0.0,0.0,11.178333106713838,268.4641195415178,10.601527022382477,Before Launch
841,2025-05-03 23:07:52,44.557,-0.29527559999999997,-1.2,26.157,0.0,0.0,11.767161335753402,268.13304065493935,12.439683738223097,Before Launch
842,2025-05-03 23:07:52,44.605,-0.19356956,-0.814,26.15,0.0,0.0,12.94860439734051,268.11113494522573,12.283662063022161,Before Launch
843,2025-05-03 23:07:52,44.66,0.6725722,-1.526,26.15,0.0,0.0,14.431081155003337,268.4530824564109,10.468301102580831,Before Launch
844,2025-05-03 23:07:52,44.716,0.19356956,0.663,26.15,0.0,0.0,15.281864697965684,268.7057632487868,9.295667773040607,Before Launch
845,2025-05-03 23:07:52,44.766,-0.43307088,-1.201,26.155,0.0,0.0,16.530705329977,269.083274457152,6.744885621922008,Before Launch
846,2025-05-03 23:07:52,44.817,1.4665354800000001,0.692,26.123,0.0,0.0,17.678081976892557,269.4880904042451,4.1169236940528,Before Launch
847,2025-05-03 23:07:52,44.865,0.9120735200000001,0.547,26.155,0.0,0.0,18.34076249160772,269.88757750201705,2.3712123987789226,Before Launch
848,2025-05-03 23:07:52,44.913,1.04330712,-0.016,26.157,0.0,0.0,19.630540177844303,270.4913577100035,-0.1117643418256975,Before Launch
849,2025-05-03 23:07:52,44.959,2.89370088,1.75,26.1,0.0,0.0,20.216545236349187,270.7658084725589,-0.9610940311991443,Before Launch
850,2025-05-03 23:07:53,45.014,0.17716536,-1.63,26.153,0.0,0.0,21.407241108505588,271.19769105351526,-2.087396708620411,Before Launch
851,2025-05-03 23:07:53,45.063,0.30511812,-0.994,26.155,0.0,0.0,22.556844394593142,271.5764689856026,-2.7090077107941126,Before Launch
852,2025-05-03 23:07:53,45.112,2.13910768,2.032,26.14,0.0,0.0,23.405854180624907,271.85709722036495,-3.147098436181567,Before Launch
853,2025-05-03 23:07:53,45.172,0.6725722,-0.19,26.153,0.0,0.0,24.255228681658114,271.9230909497094,-3.2139541664321905,Before Launch
854,2025-05-03 23:07:53,45.228,0.81364832,0.584,26.16,0.0,0.0,24.949045929464003,272.0731353529497,-3.47917950238155,Before Launch
855,2025-05-03 23:07:53,45.277,0.81364832,0.599,26.155,0.0,0.0,26.60893262468498,272.4622706673942,-3.90851616422597,Before Launch
856,2025-05-03 23:07:53,45.323,0.6725722,0.044,26.155,0.0,0.0,27.398120941387493,272.6652829328385,-4.05366762482201,Before Launch
857,2025-05-03 23:07:53,45.37,1.63385832,1.176,26.143,0.0,0.0,28.091510954174943,272.96667936682724,-4.574962307154081,Before Launch
858,2025-05-03 23:07:53,45.419,1.89960636,-0.138,26.153,0.0,0.0,27.954770433124384,273.21136546160966,-5.56353707718063,Before Launch
859,2025-05-03 23:07:53,45.474,1.16141736,0.13,26.15,0.0,0.0,27.88204402058049,273.3857206953169,-6.103992669452118,Before Launch
860,2025-05-03 23:07:53,45.522,2.07349088,1.496,26.118,0.0,0.0,27.720861945000745,273.83908916195554,-6.9591729595798,Before Launch
861,2025-05-03 23:07:53,45.57,0.81364832,-0.277,26.157,0.0,0.0,27.42681256937857,274.2257586911276,-7.81459240760844,Before Launch
862,2025-05-03 23:07:53,45.621,3.67782164,2.287,26.123,0.0,0.0,27.196833628627772,274.33527235911765,-8.062680499773004,Before Launch
863,2025-05-03 23:07:53,45.671,2.37204732,1.542,26.143,0.0,0.0,26.920348444271518,274.608381232142,-8.379386886758343,Before Launch
864,2025-05-03 23:07:53,45.716,-0.43307088,-0.872,26.155,0.0,0.0,26.247358699847513,274.6467144936772,-8.586060067239329,Before Launch
865,2025-05-03 23:07:53,45.764,-0.5446194400000001,-1.421,26.157,0.0,0.0,24.507234505380527,274.6851791909061,-9.060539125444231,Before Launch
866,2025-05-03 23:07:53,45.81,0.76443572,0.846,26.137,0.0,0.0,21.84674866645801,274.7004332513335,-9.938267630058958,Before Launch
867,2025-05-03 23:07:53,45.867,1.30249348,1.185,26.157,0.0,0.0,20.574559168413963,274.63995891360605,-10.462729025246096,Before Launch
868,2025-05-03 23:07:53,45.916,1.55183732,0.7,26.16,0.0,0.0,17.89391797105085,274.4398528732815,-12.050821457895488,Before Launch
869,2025-05-03 23:07:53,45.963,0.30511812,0.089,26.108,0.0,0.0,14.964645483087333,274.03200905371784,-14.117947804990846,Before Launch
870,2025-05-03 23:07:54,46.017,0.7939632799999999,0.981,26.14,0.0,0.0,13.196219025959433,273.9315483738206,-15.45062808407813,Before Launch
871,2025-05-03 23:07:54,46.076,-0.17388452,-1.303,26.157,0.0,0.0,10.276075206558787,273.7460937539937,-18.377885967406378,Before Launch
872,2025-05-03 23:07:54,46.123,0.9317585599999999,0.016,26.147,0.0,0.0,7.856069436906572,273.25714973653436,-19.73838700197926,Before Launch
873,2025-05-03 23:07:54,46.172,2.3622047999999998,1.048,26.135,0.0,0.0,6.278878124510053,272.95300885345426,-21.330621684151662,Before Launch
874,2025-05-03 23:07:54,46.226,1.65026252,-0.981,26.16,0.0,0.0,3.682225203860195,272.2959478433235,-25.81034817645562,Before Launch
875,2025-05-03 23:07:54,46.278,1.66994756,1.181,26.157,0.0,0.0,1.2394592359733863,271.8593786052324,-47.34332055622385,Before Launch
876,2025-05-03 23:07:54,46.324,1.4107612,0.877,26.163,0.0,0.0,-1.3137105417378305,271.6238357877003,-92.5105038092672,Before Launch
877,2025-05-03 23:07:54,46.38,1.79790032,-0.269,26.163,0.0,0.0,-2.618563611838297,271.40846514432377,-112.74646055187668,Before Launch
878,2025-05-03 23:07:54,46.434,1.66994756,0.79,26.155,0.0,0.0,-3.9150743165800517,270.9091261765429,-142.2590092468244,Before Launch
879,2025-05-03 23:07:54,46.485,0.4429134,-0.295,26.16,0.0,0.0,-4.586618436325079,270.1032570947154,-55.06142497128366,Before Launch
880,2025-05-03 23:07:54,46.531,1.28280844,0.374,26.16,0.0,0.0,-4.986484502612409,269.4932994478492,13.232324609844504,Before Launch
881,2025-05-03 23:07:54,46.577,2.40813656,1.384,26.157,0.0,0.0,-5.479039814809496,268.493679072314,93.65121921110523,Before Launch
882,2025-05-03 23:07:54,46.624,0.6725722,-0.767,26.145,0.0,0.0,-6.162567295284217,267.57535313384284,132.3155864866,Before Launch
883,2025-05-03 23:07:54,46.682,1.04330712,-0.678,26.155,0.0,0.0,-6.485157696566663,267.19975735534956,143.14524300229667,Before Launch
884,2025-05-03 23:07:54,46.737,0.4429134,-0.569,26.16,0.0,0.0,-5.288566707322462,266.6872051284415,149.68860330382338,Before Launch
885,2025-05-03 23:07:54,46.787,1.16141736,-0.721,26.153,0.0,0.0,-3.9967352924494186,266.1746212405436,144.74693771848013,Before Launch
886,2025-05-03 23:07:54,46.832,1.30249348,0.387,26.145,0.0,0.0,-2.8155974094145635,265.23335507730997,132.23947304690475,Before Launch
887,2025-05-03 23:07:54,46.888,1.4107612,-1.789,26.16,0.0,0.0,-2.358586097193449,264.7143779346374,126.78919627160498,Before Launch
888,2025-05-03 23:07:54,46.934,0.5249344,-1.462,26.143,0.0,0.0,-1.5608352263874843,263.78858647860864,117.36803671431554,Before Launch
889,2025-05-03 23:07:55,46.979,1.8897638399999999,1.839,26.103,0.0,0.0,-1.1296673417041168,262.9561292413072,110.21502646161441,Before Launch
890,2025-05-03 23:07:55,47.034,3.2086615199999997,2.955,26.14,0.0,0.0,-0.9553772014442532,262.5019624292062,106.81362626602403,Before Launch
891,2025-05-03 23:07:55,47.08,-0.04593176,-0.638,26.163,0.0,0.0,-0.3130074790436368,261.57532618882755,99.83396683354604,Before Launch
892,2025-05-03 23:07:55,47.127,0.42650920000000003,-0.695,26.15,0.0,0.0,0.26978534008744315,260.85247752542284,94.06188658643948,Before Launch
893,2025-05-03 23:07:55,47.181,0.98753284,-0.446,26.155,0.0,0.0,0.48627709032582855,260.6554132923057,92.11559545123752,Before Launch
894,2025-05-03 23:07:55,47.233,1.16141736,0.674,26.153,0.0,0.0,0.6955415356818951,260.5278967005492,88.8467630234573,Before Launch
895,2025-05-03 23:07:55,47.278,1.48622052,0.549,26.13,0.0,0.0,0.9258607076414722,260.2684073298555,86.33961842962316,Before Launch
896,2025-05-03 23:07:55,47.331,2.3622047999999998,2.021,26.153,0.0,0.0,0.9746751264832836,260.2309692234734,85.62324220007936,Before Launch
897,2025-05-03 23:07:55,47.378,0.9317585599999999,0.0,26.157,0.0,0.0,1.0122238030325972,260.2608700096197,84.61009708954586,Before Launch
898,2025-05-03 23:07:55,47.426,1.63385832,-0.581,26.143,0.0,0.0,0.9974459454044493,260.3980024044374,84.34944983278285,Before Launch
899,2025-05-03 23:07:55,47.482,1.73228352,0.065,26.133,0.0,0.0,0.8272529784353102,260.5637621065244,84.23990052939945,Before Launch
900,2025-05-03 23:07:55,47.531,0.6725722,-0.796,26.155,0.0,0.0,0.5918086404544443,261.0794830110307,84.36109197302383,Before Launch
901,2025-05-03 23:07:55,47.579,2.12270348,0.567,26.153,0.0,0.0,0.5667230549173068,262.16765655467503,84.18347110380269,Before Launch
902,2025-05-03 23:07:55,47.637,0.5446194400000001,-0.997,26.133,0.0,0.0,0.00539859147848297,263.72351764425747,85.83682610272933,Before Launch
903,2025-05-03 23:07:55,47.694,0.78412076,-0.703,26.145,0.0,0.0,-0.3273649404490331,264.4914586865979,87.55994162957774,Before Launch
904,2025-05-03 23:07:55,47.74,0.29527559999999997,-0.118,26.147,0.0,0.0,-0.8221388093343005,266.0474910306525,91.36528754697287,Before Launch
905,2025-05-03 23:07:55,47.786,1.50262472,0.175,26.118,0.0,0.0,-1.0919065513817066,266.8394549108878,95.21505886389947,Before Launch
906,2025-05-03 23:07:55,47.839,0.78412076,-1.287,26.145,0.0,0.0,-1.7644556966908038,268.38958322229945,111.82764367900852,Before Launch
907,2025-05-03 23:07:55,47.886,1.38451448,0.564,26.14,0.0,0.0,-2.4687565287478823,269.8130307537736,142.41202643050292,Before Launch
908,2025-05-03 23:07:55,47.938,0.8956693200000001,-0.118,26.13,0.0,0.0,-3.40732496633653,271.31023854170434,-12.460507774967525,Before Launch
909,2025-05-03 23:07:56,47.992,2.2408137200000002,1.433,26.128,0.0,0.0,-3.8385087671203846,272.0623757700404,-54.197931641671374,Before Launch
910,2025-05-03 23:07:56,48.04,3.09711296,1.545,26.135,0.0,0.0,-4.739987993728328,273.48376736592485,-101.19506602409697,Before Launch
911,2025-05-03 23:07:56,48.084,1.8733596399999999,0.456,26.13,0.0,0.0,-5.3460018647007725,274.8337584386171,-121.55728763471737,Before Launch
912,2025-05-03 23:07:56,48.141,2.7854331599999997,1.097,26.095,0.0,0.0,-5.568972338761414,275.3550131923415,-126.65690062607095,Before Launch
913,2025-05-03 23:07:56,48.197,1.38451448,0.681,26.14,0.0,0.0,-6.224668077116222,276.3049657137808,-132.05193464449533,Before Launch
914,2025-05-03 23:07:56,48.245,1.8536745999999997,-0.029,26.13,0.0,0.0,-6.854733854028758,277.50679907075676,-132.6416566832397,Before Launch
915,2025-05-03 23:07:56,48.292,0.76443572,-1.943,26.137,0.0,0.0,-6.959569622188588,278.09081635336725,-132.29440005902651,Before Launch
916,2025-05-03 23:07:56,48.339,0.51509188,0.446,26.135,0.0,0.0,-6.9607606406990135,278.99309871074274,-131.1449797113092,Before Launch
917,2025-05-03 23:07:56,48.385,1.3353018799999998,0.722,26.093,0.0,0.0,-7.131032337058652,279.4994965312479,-130.68846065183382,Before Launch
918,2025-05-03 23:07:56,48.438,1.25328088,0.211,26.135,0.0,0.0,-7.1734861113163415,279.65937326829777,-130.58263654314698,Before Launch
919,2025-05-03 23:07:56,48.489,0.76443572,-0.316,26.137,0.0,0.0,-7.225299100655271,279.6688723602962,-130.52367393406078,Before Launch
920,2025-05-03 23:07:56,48.535,1.23687668,-0.198,26.133,0.0,0.0,-7.198641937029562,279.61072306055667,-130.5708510415742,Before Launch
921,2025-05-03 23:07:56,48.588,1.8733596399999999,-0.389,26.137,0.0,0.0,-6.858668213724876,279.15049642755963,-130.6616684413437,Before Launch
922,2025-05-03 23:07:56,48.64,2.91338592,1.57,26.108,0.0,0.0,-6.535369371059648,278.2936359123271,-130.90329785876114,Before Launch
923,2025-05-03 23:07:56,48.686,1.09580056,-0.427,26.125,0.0,0.0,-6.7113407238785925,277.3853030833676,-132.24702938864698,Before Launch
924,2025-05-03 23:07:56,48.741,0.39698163999999997,-1.061,26.137,0.0,0.0,-7.2100646087156495,276.5179592833729,-135.54534608568457,Before Launch
925,2025-05-03 23:07:56,48.8,1.01377956,0.269,26.13,0.0,0.0,-7.966572280082656,275.032089720759,-142.05002786390767,Before Launch
926,2025-05-03 23:07:56,48.857,1.99146988,-0.103,26.135,0.0,0.0,-7.543486735958913,274.46872609617213,-144.58463798364187,Before Launch
927,2025-05-03 23:07:56,48.904,1.95538064,1.113,26.12,0.0,0.0,-6.001456827788749,273.5740241205636,-151.9757946455708,Before Launch
928,2025-05-03 23:07:56,48.952,0.7480315200000001,-0.029,26.13,0.0,0.0,-5.017418983300956,272.50985245360545,-60.18455546829176,Before Launch
929,2025-05-03 23:07:57,49.008,1.25328088,0.756,26.135,0.0,0.0,-4.479331947420234,271.73841562439816,58.65652708770018,Before Launch
930,2025-05-03 23:07:57,49.062,0.7480315200000001,-0.591,26.13,0.0,0.0,-4.4274291872089355,271.441874904093,94.14684869851504,Before Launch
931,2025-05-03 23:07:57,49.109,1.8077428400000002,0.806,26.108,0.0,0.0,-3.395532238476146,270.6333983917495,136.04179011822555,Before Launch
932,2025-05-03 23:07:57,49.157,0.9973753599999999,-0.305,26.13,0.0,0.0,-2.986671272449539,270.2386353756226,58.81387726154634,Before Launch
933,2025-05-03 23:07:57,49.214,0.62664044,-0.211,26.133,0.0,0.0,-3.0305692782477793,270.109313389208,-1.6960804534354565,Before Launch
934,2025-05-03 23:07:57,49.26,1.20734912,-0.815,26.113,0.0,0.0,-3.3777497478089167,270.0719211979852,-73.95440348121653,Before Launch
935,2025-05-03 23:07:57,49.305,-0.21981628,-2.622,26.13,0.0,0.0,-3.3674648862401417,270.67727265801784,-116.96982126437914,Before Launch
936,2025-05-03 23:07:57,49.363,2.3622047999999998,0.382,26.137,0.0,0.0,-4.277288358228081,270.92589731386414,-143.7576410430217,Before Launch
937,2025-05-03 23:07:57,49.417,0.8956693200000001,-1.481,26.143,0.0,0.0,-4.808995522691764,270.4431670098629,-52.68860112510258,Before Launch
938,2025-05-03 23:07:57,49.463,1.13517064,-0.197,26.137,0.0,0.0,-5.682584007151324,269.1873904058289,59.068269815755855,Before Launch
939,2025-05-03 23:07:57,49.512,1.38451448,-0.37,26.135,0.0,0.0,-6.195849741364254,268.52203152441894,116.80349419022177,Before Launch
940,2025-05-03 23:07:57,49.569,3.25459328,1.95,26.085,0.0,0.0,-6.624368758520068,268.32824176588827,133.82666431619663,Before Launch
941,2025-05-03 23:07:57,49.624,1.48622052,0.756,26.13,0.0,0.0,-7.342202379948854,268.96572492699033,156.52186586590227,Before Launch
942,2025-05-03 23:07:57,49.675,1.01377956,-0.249,26.14,0.0,0.0,-7.284639749284104,269.1749820096936,168.7434454368098,Before Launch
943,2025-05-03 23:07:57,49.723,0.37729660000000004,-0.682,26.125,0.0,0.0,-7.810801507673577,269.04523310816217,172.6760634818403,Before Launch
944,2025-05-03 23:07:57,49.779,2.3622047999999998,1.239,26.128,0.0,0.0,-8.354605341594473,268.8266552692443,172.93906574726236,Before Launch
945,2025-05-03 23:07:57,49.836,0.76443572,-0.363,26.128,0.0,0.0,-9.69539082249748,268.15035772008235,171.83144900558167,Before Launch
946,2025-05-03 23:07:57,49.893,-0.21981628,-1.604,26.135,0.0,0.0,-11.31200038081746,267.65165286399815,171.422125753594,Before Launch
947,2025-05-03 23:07:57,49.941,3.034777,0.093,26.105,0.0,0.0,-13.26991946024178,267.3642269397839,171.92869805852408,Before Launch
948,2025-05-03 23:07:58,49.993,0.25918636,-0.64,26.133,0.0,0.0,-13.868807687828246,267.24955242273074,172.02972430060245,Before Launch
949,2025-05-03 23:07:58,50.046,1.50262472,0.847,26.135,0.0,0.0,-15.070667859680327,267.07466821833987,172.59161358088116,Before Launch
950,2025-05-03 23:07:58,50.092,0.51509188,-0.386,26.135,0.0,0.0,-16.66599405386685,266.96230645862147,173.51207447334926,Before Launch
951,2025-05-03 23:07:58,50.141,1.8733596399999999,-0.092,26.137,0.0,0.0,-17.296210504095214,266.9471364126132,173.9519663988844,Before Launch
952,2025-05-03 23:07:58,50.193,1.6240158,-0.257,26.143,0.0,0.0,-18.729316104749582,267.05399578334556,175.0820095368515,Before Launch
953,2025-05-03 23:07:58,50.241,1.09580056,0.27,26.123,0.0,0.0,-19.886968345447848,267.0992986201098,175.8571999190492,Before Launch
954,2025-05-03 23:07:58,50.291,1.2631234,0.008,26.135,0.0,0.0,-20.34195779922703,267.1345015878098,176.0723593413057,Before Launch
955,2025-05-03 23:07:58,50.343,1.25328088,0.394,26.135,0.0,0.0,-20.91503604746091,267.13857101664644,176.32110723681,Before Launch
956,2025-05-03 23:07:58,50.393,2.3129922,0.393,26.113,0.0,0.0,-21.310537684993253,267.0841137613223,176.4032472502028,Before Launch
957,2025-05-03 23:07:58,50.44,2.19488196,0.933,26.135,0.0,0.0,-21.343629555265892,267.10630384736487,176.43387045724143,Before Launch
958,2025-05-03 23:07:58,50.495,1.8077428400000002,0.922,26.108,0.0,0.0,-21.40896005793381,267.05204497394436,176.31572500790583,Before Launch
959,2025-05-03 23:07:58,50.55,3.36614184,1.673,26.09,0.0,0.0,-21.4977315408742,267.0365047133677,176.3277321088821,Before Launch
960,2025-05-03 23:07:58,50.602,2.56233604,2.145,26.115,0.0,0.0,-21.557474776293834,267.0278605823721,176.2259770346448,Before Launch
961,2025-05-03 23:07:58,50.652,2.3622047999999998,0.0,26.123,0.0,0.0,-21.602469323549045,267.0089239441349,176.0979592153611,Before Launch
962,2025-05-03 23:07:58,50.709,1.09580056,0.155,26.123,0.0,0.0,-21.60813377351441,267.02189500659375,176.07522479569784,Before Launch
963,2025-05-03 23:07:58,50.767,1.6240158,0.375,26.135,0.0,0.0,-21.63154999903011,267.07258051998105,176.04271752117333,Before Launch
964,2025-05-03 23:07:58,50.816,1.1154856,-0.206,26.13,0.0,0.0,-21.8242031014485,267.04074206069265,175.98617418748285,Before Launch
965,2025-05-03 23:07:58,50.862,0.8858268,-1.832,26.098,0.0,0.0,-21.941933052168213,267.0409017576016,175.9588311274187,Before Launch
966,2025-05-03 23:07:58,50.92,0.8858268,-0.463,26.135,0.0,0.0,-22.09361442172802,267.0248054209525,175.85665678817563,Before Launch
967,2025-05-03 23:07:58,50.968,2.32283472,1.012,26.13,0.0,0.0,-22.25115205138915,266.9110936753625,175.49606532104232,Before Launch
968,2025-05-03 23:07:59,51.016,1.25328088,0.677,26.135,0.0,0.0,-22.39587778767497,266.8727306896396,175.34548878381642,Before Launch
969,2025-05-03 23:07:59,51.064,2.70997384,0.271,26.128,0.0,0.0,-22.982826437681105,266.8182527482637,175.31142687156307,Before Launch
970,2025-05-03 23:07:59,51.117,1.8733596399999999,0.866,26.133,0.0,0.0,-22.93685344199205,266.9080408698905,175.54889721414105,Before Launch
971,2025-05-03 23:07:59,51.166,0.9973753599999999,0.956,26.133,0.0,0.0,-22.798291758932496,267.01289233926406,175.84543476123682,Before Launch
972,2025-05-03 23:07:59,51.217,2.7854331599999997,-0.195,26.103,0.0,0.0,-23.652354954860034,267.1053749138571,176.31085373309065,Before Launch
973,2025-05-03 23:07:59,51.268,2.1751969200000003,1.503,26.108,0.0,0.0,-24.46525356863239,267.18925954320963,176.62011740925433,Before Launch
974,2025-05-03 23:07:59,51.317,1.6240158,0.096,26.135,0.0,0.0,-24.829803901728898,267.1825913460603,176.66452171201556,Before Launch
975,2025-05-03 23:07:59,51.377,1.7519685600000001,0.963,26.143,0.0,0.0,-24.871160984769297,267.11321741856653,176.60177019627574,Before Launch
976,2025-05-03 23:07:59,51.423,0.64632548,-0.957,26.14,0.0,0.0,-24.82269362199424,267.03980024775535,176.23368128590107,Before Launch
977,2025-05-03 23:07:59,51.47,0.04593176,-1.236,26.128,0.0,0.0,-24.83818102162128,266.95465450588483,176.06175575734144,Before Launch
978,2025-05-03 23:07:59,51.526,0.5249344,-0.444,26.143,0.0,0.0,-24.97330202960719,266.94679257808104,176.077779776259,Before Launch
979,2025-05-03 23:07:59,51.574,1.5748031999999998,0.243,26.113,0.0,0.0,-24.997430329926434,266.9257082719763,176.06774010303462,Before Launch
980,2025-05-03 23:07:59,51.623,1.8077428400000002,0.433,26.123,0.0,0.0,-25.087058376120165,266.98162220912633,176.05725740320264,Before Launch
981,2025-05-03 23:07:59,51.678,2.13910768,-0.135,26.147,0.0,0.0,-25.095157909663286,266.97423900640314,176.00684309633382,Before Launch
982,2025-05-03 23:07:59,51.727,1.5748031999999998,-0.482,26.113,0.0,0.0,-25.103171696213252,267.04210490474304,176.10480522038006,Before Launch
983,2025-05-03 23:07:59,51.773,0.15748032,-1.291,26.143,0.0,0.0,-25.120838557838425,267.06426017438946,176.10876291685196,Before Launch
984,2025-05-03 23:07:59,51.83,1.3353018799999998,-1.587,26.115,0.0,0.0,-25.099468141881573,267.06627563925315,176.09824094975923,Before Launch
985,2025-05-03 23:07:59,51.876,0.8858268,-1.316,26.135,0.0,0.0,-25.068868873814132,267.10607509643523,176.12777845556602,Before Launch
986,2025-05-03 23:07:59,51.929,0.9973753599999999,-1.069,26.133,0.0,0.0,-25.087878728345117,267.1401600823711,176.08741234651237,Before Launch
987,2025-05-03 23:08:00,51.981,1.7519685600000001,0.516,26.14,0.0,0.0,-25.083346774955007,267.15829743392146,176.0529930304783,Before Launch
988,2025-05-03 23:08:00,52.026,2.6935696399999998,0.85,26.12,0.0,0.0,-25.119421605142097,267.0736750507287,175.901693866511,Before Launch
989,2025-05-03 23:08:00,52.072,1.13517064,0.016,26.137,0.0,0.0,-25.131946222444167,267.0605998284168,175.8484068998851,Before Launch
990,2025-05-03 23:08:00,52.124,1.7519685600000001,0.686,26.14,0.0,0.0,-25.124609658683287,266.99850045379,175.58700012650516,Before Launch
991,2025-05-03 23:08:00,52.172,1.2631234,0.301,26.143,0.0,0.0,-25.1456079363343,266.9216105240394,175.47821811211514,Before Launch
992,2025-05-03 23:08:00,52.222,1.09580056,-0.978,26.123,0.0,0.0,-25.14922927843265,266.9243005717864,175.42608164306571,Before Launch
993,2025-05-03 23:08:00,52.266,0.39698163999999997,-0.685,26.147,0.0,0.0,-25.157026093509497,266.89848229672646,175.30936045077127,Before Launch
994,2025-05-03 23:08:00,52.312,0.15748032,-2.045,26.143,0.0,0.0,-25.12576186920163,266.8277512551463,175.2115746604098,Before Launch
995,2025-05-03 23:08:00,52.365,0.76443572,-0.889,26.137,0.0,0.0,-25.112358170570765,266.8186387673935,175.16851858843742,Before Launch
996,2025-05-03 23:08:00,52.411,3.76968516,2.227,26.135,0.0,0.0,-25.090769162351375,266.8942726966913,175.10173489391974,Before Launch
997,2025-05-03 23:08:00,52.458,2.6279528400000003,-0.127,26.145,0.0,0.0,-25.083413857170004,266.92936808640934,175.1049910815936,Before Launch
998,2025-05-03 23:08:00,52.514,0.14763779999999999,-1.627,26.135,0.0,0.0,-25.006041272426792,266.88384849021554,175.03230659149636,Before Launch
999,2025-05-03 23:08:00,52.559,-0.34120735999999996,-1.582,26.137,0.0,0.0,-24.977241191778088,266.87129383189273,174.9937468767059,Before Launch
1000,2025-05-03 23:08:00,52.608,0.49868767999999997,-1.018,26.135,0.0,0.0,-25.017044369774073,266.9483667069501,174.9348401341646,Before Launch
1001,2025-05-03 23:08:00,52.662,2.19488196,1.25,26.115,0.0,0.0,-25.04367433284625,266.9048484752713,174.84798669721593,Before Launch
1002,2025-05-03 23:08:00,52.708,1.50262472,1.177,26.137,0.0,0.0,-25.125022481754748,266.802388630326,174.72344007467544,Before Launch
1003,2025-05-03 23:08:00,52.756,0.64632548,0.099,26.137,0.0,0.0,-25.275776592888324,266.82270752196797,174.89033075792324,Before Launch
1004,2025-05-03 23:08:00,52.81,3.2644357999999998,1.367,26.1,0.0,0.0,-25.288878344299555,267.04013697061936,175.41285026101707,Before Launch
1005,2025-05-03 23:08:00,52.86,1.6240158,-0.149,26.135,0.0,0.0,-25.520147445489535,267.4371814820666,176.12876834289176,Before Launch
1006,2025-05-03 23:08:00,52.905,1.50262472,-0.519,26.128,0.0,0.0,-25.40983867719169,267.5450570072526,176.35351417180976,Before Launch
1007,2025-05-03 23:08:00,52.956,2.54593184,0.79,26.137,0.0,0.0,-25.131119149472934,267.6994616293053,176.61677532506758,Before Launch
1008,2025-05-03 23:08:01,53.002,0.76443572,0.494,26.137,0.0,0.0,-24.945324221835037,267.7171935961857,176.6423195733279,Before Launch
1009,2025-05-03 23:08:01,53.053,0.51509188,-0.671,26.135,0.0,0.0,-24.724408114499834,267.6871396022583,176.55581533015032,Before Launch
1010,2025-05-03 23:08:01,53.105,2.09317592,0.982,26.14,0.0,0.0,-24.16381549850007,267.52736913184555,176.15440600350414,Before Launch
1011,2025-05-03 23:08:01,53.15,1.63385832,0.521,26.135,0.0,0.0,-22.92722529914123,267.33687817189474,175.27898329217064,Before Launch
1012,2025-05-03 23:08:01,53.204,1.3648294399999998,-0.317,26.105,0.0,0.0,-21.704238072464257,267.1894765813155,174.64114765957345,Before Launch
1013,2025-05-03 23:08:01,53.262,2.2047244800000003,-0.396,26.123,0.0,0.0,-21.263123620188516,267.15782608634686,174.45072029939985,Before Launch
1014,2025-05-03 23:08:01,53.31,0.9973753599999999,-0.111,26.137,0.0,0.0,-20.372322790169125,267.1410736819681,174.13186293935667,Before Launch
1015,2025-05-03 23:08:01,53.355,3.7335959199999995,1.61,26.09,0.0,0.0,-19.89535325372967,267.15373444938245,173.97063199771372,Before Launch
1016,2025-05-03 23:08:01,53.41,2.12270348,0.694,26.123,0.0,0.0,-18.71913058866049,267.1573263562696,173.45086392506263,Before Launch
1017,2025-05-03 23:08:01,53.456,1.48622052,0.316,26.13,0.0,0.0,-17.18705489178689,267.1669977096983,172.7056805006289,Before Launch
1018,2025-05-03 23:08:01,53.506,3.0511812000000003,2.14,26.133,0.0,0.0,-16.311343524466977,267.1877503504613,172.21732942428545,Before Launch
1019,2025-05-03 23:08:01,53.562,1.3648294399999998,0.966,26.133,0.0,0.0,-14.849788963742386,267.1726455262542,171.14228172408693,Before Launch
1020,2025-05-03 23:08:01,53.611,1.45669296,0.556,26.115,0.0,0.0,-13.219498316844033,267.0923878872461,169.78944118370484,Before Launch
1021,2025-05-03 23:08:01,53.659,0.8858268,-2.311,26.133,0.0,0.0,-12.144330846933867,267.03010855056027,168.6031857875803,Before Launch
1022,2025-05-03 23:08:01,53.72,-0.21325460000000002,-2.251,26.108,0.0,0.0,-11.34849049851736,267.015854964385,167.59901305810584,Before Launch
1023,2025-05-03 23:08:01,53.775,0.76443572,0.489,26.128,0.0,0.0,-10.560791368912174,266.99628451784355,166.62985681383506,Before Launch
1024,2025-05-03 23:08:01,53.831,1.25328088,1.254,26.135,0.0,0.0,-9.516461208916732,266.9880079093907,164.89676093410606,Before Launch
1025,2025-05-03 23:08:01,53.883,1.73228352,0.968,26.137,0.0,0.0,-8.344425697849513,267.00155518709147,162.85738360101968,Before Launch
1026,2025-05-03 23:08:01,53.929,0.62664044,-1.238,26.11,0.0,0.0,-6.812911097169263,267.0029030373313,159.29362375436563,Before Launch
1027,2025-05-03 23:08:02,53.985,0.14763779999999999,-1.061,26.135,0.0,0.0,-6.249269338158889,267.02176118427536,157.8589550896261,Before Launch
1028,2025-05-03 23:08:02,54.035,1.8077428400000002,0.908,26.108,0.0,0.0,-5.2284304740409855,267.0679525983764,155.41236445849017,Before Launch
1029,2025-05-03 23:08:02,54.08,1.1154856,-1.692,26.133,0.0,0.0,-4.785150833954923,267.1051618009371,154.44625605005066,Before Launch
1030,2025-05-03 23:08:02,54.136,0.029527559999999998,-1.25,26.137,0.0,0.0,-3.6210465978448174,267.1490424963339,151.7003473081521,Before Launch
1031,2025-05-03 23:08:02,54.186,0.51509188,-0.771,26.135,0.0,0.0,-2.7513258288204456,267.1121510164633,148.47040952264706,Before Launch
1032,2025-05-03 23:08:02,54.239,1.50262472,-0.813,26.1,0.0,0.0,-2.4984645888996506,267.0926520265423,147.2284145943114,Before Launch
1033,2025-05-03 23:08:02,54.29,0.51509188,-0.194,26.135,0.0,0.0,-1.776921664487091,267.03411608878,139.83323234667805,Before Launch
1034,2025-05-03 23:08:02,54.342,1.73228352,0.944,26.137,0.0,0.0,0.025264723718744497,266.9920837276024,109.26470897317918,Before Launch
1035,2025-05-03 23:08:02,54.392,1.73228352,-0.28,26.133,0.0,0.0,0.9324921428023453,267.00114578997733,92.38963938953623,Before Launch
1036,2025-05-03 23:08:02,54.445,1.21719164,-0.322,26.125,0.0,0.0,2.8920721988003404,266.9398610922437,64.80581641400742,Before Launch
1037,2025-05-03 23:08:02,54.494,-1.07939636,-1.895,26.12,0.0,0.0,4.431158657440394,266.9407750966266,46.47081886222003,Before Launch
1038,2025-05-03 23:08:02,54.54,1.72572184,-0.375,26.078,0.0,0.0,5.579786423786001,266.906232048358,35.23347632242788,Before Launch
1039,2025-05-03 23:08:02,54.595,1.3648294399999998,0.286,26.133,0.0,0.0,6.109565696322608,266.8962491773252,31.411605116082452,Before Launch
1040,2025-05-03 23:08:02,54.647,0.7480315200000001,-2.311,26.13,0.0,0.0,6.958360088922382,266.9222141551222,25.32897824384698,Before Launch
1041,2025-05-03 23:08:02,54.695,1.42060372,-0.546,26.083,0.0,0.0,7.492259791205192,266.9180518769626,21.661449257638264,Before Launch
1042,2025-05-03 23:08:02,54.749,0.37729660000000004,-0.858,26.093,0.0,0.0,7.783819626665701,266.89087300555656,20.37425169061008,Before Launch
1043,2025-05-03 23:08:02,54.796,-0.95800528,-3.108,26.123,0.0,0.0,8.154571949574771,266.85027555823683,18.787686913475007,Before Launch
1044,2025-05-03 23:08:02,54.845,0.9481627599999999,-0.325,26.115,0.0,0.0,8.453328172716342,266.91523642619376,17.53139256740411,Before Launch
1045,2025-05-03 23:08:02,54.904,0.37729660000000004,-0.835,26.123,0.0,0.0,8.553888705959922,266.9601539333408,16.37817528163391,Before Launch
1046,2025-05-03 23:08:02,54.963,1.1154856,0.176,26.13,0.0,0.0,8.458140860736139,266.9866571403287,16.071197509960925,Before Launch
1047,2025-05-03 23:08:03,55.017,0.12795276,0.263,26.128,0.0,0.0,8.24187540656889,266.9471698477806,15.718171117391378,Before Launch
1048,2025-05-03 23:08:03,55.063,3.2644357999999998,1.941,26.1,0.0,0.0,8.004536883820759,266.9312938218885,15.52941728600382,Before Launch
1049,2025-05-03 23:08:03,55.108,3.1528872399999996,1.488,26.103,0.0,0.0,7.849064798284917,266.95201170183043,15.5586535208986,Before Launch
1050,2025-05-03 23:08:03,55.154,0.64632548,-0.854,26.09,0.0,0.0,7.337949147933004,266.93877297386206,16.3767987823468,Before Launch
1051,2025-05-03 23:08:03,55.2,2.378609,1.378,26.088,0.0,0.0,6.898359434145059,266.90603911771836,17.044923035226763,Before Launch
1052,2025-05-03 23:08:03,55.255,1.6043307599999999,1.147,26.13,0.0,0.0,5.617368666900459,266.8212573237526,21.23754634049714,Before Launch
1053,2025-05-03 23:08:03,55.305,1.1154856,-0.545,26.13,0.0,0.0,4.249021502900931,266.84127210168606,26.156389759061028,Before Launch
1054,2025-05-03 23:08:03,55.355,2.95931768,1.446,26.13,0.0,0.0,3.4885914995333507,266.84302206190574,30.03814332067158,Before Launch
1055,2025-05-03 23:08:03,55.404,0.7480315200000001,0.567,26.13,0.0,0.0,1.854788303721745,266.89493394211104,43.895597330729856,Before Launch
1056,2025-05-03 23:08:03,55.449,1.25328088,0.584,26.135,0.0,0.0,1.0381856209597848,266.92179466619456,54.07427719825379,Before Launch
1057,2025-05-03 23:08:03,55.494,-0.47900264,-1.579,26.125,0.0,0.0,-0.5800373946226683,266.9572675327728,79.63367793740898,Before Launch
1058,2025-05-03 23:08:03,55.546,0.7480315200000001,0.185,26.13,0.0,0.0,-1.916018381014744,267.02301458864696,102.88454475330354,Before Launch
1059,2025-05-03 23:08:03,55.6,0.84973756,-0.702,26.125,0.0,0.0,-2.5888734232098645,267.039294151447,113.2432476659735,Before Launch
1060,2025-05-03 23:08:03,55.654,1.13517064,-0.473,26.137,0.0,0.0,-3.7038424025461967,267.0987459426371,130.17974042214362,Before Launch
1061,2025-05-03 23:08:03,55.7,1.23687668,0.016,26.128,0.0,0.0,-4.925800980552676,267.1576492568871,142.90225972463355,Before Launch
1062,2025-05-03 23:08:03,55.75,1.35498692,1.938,26.125,0.0,0.0,-6.065417049538659,267.0891560850645,151.6457945987245,Before Launch
1063,2025-05-03 23:08:03,55.807,3.8057744,1.642,26.135,0.0,0.0,-6.723141901214639,267.09767582808075,156.44658280770875,Before Launch
1064,2025-05-03 23:08:03,55.863,3.25459328,1.49,26.133,0.0,0.0,-6.833638012819123,267.1185208266853,157.87489370209508,Before Launch
1065,2025-05-03 23:08:03,55.911,0.62664044,-0.096,26.133,0.0,0.0,-6.963012926864073,267.17221789955556,159.42533144837333,Before Launch
1066,2025-05-03 23:08:03,55.958,0.9481627599999999,-0.374,26.11,0.0,0.0,-6.63628448095512,267.12113994920026,159.79373807683615,Before Launch
1067,2025-05-03 23:08:04,56.012,1.6043307599999999,0.972,26.105,0.0,0.0,-6.331591079397317,267.0870664462175,159.42328335792945,Before Launch
1068,2025-05-03 23:08:04,56.06,-0.11154856,0.67,26.133,0.0,0.0,-5.658072490132057,267.01505999430225,158.67597087345186,Before Launch
1069,2025-05-03 23:08:04,56.105,0.62664044,-0.255,26.133,0.0,0.0,-5.224505508767688,267.0726778264241,157.90388695904005,Before Launch
1070,2025-05-03 23:08:04,56.157,0.9973753599999999,0.495,26.13,0.0,0.0,-4.305622191608419,267.01890615298896,156.00966527768068,Before Launch
1071,2025-05-03 23:08:04,56.212,0.7480315200000001,-0.294,26.133,0.0,0.0,-3.4549551281769344,267.0708404245539,152.17824251688057,Before Launch
1072,2025-05-03 23:08:04,56.259,0.37729660000000004,0.201,26.125,0.0,0.0,-2.014550022955026,267.0558561707816,138.64473264622515,Before Launch
1073,2025-05-03 23:08:04,56.313,1.3648294399999998,-1.52,26.133,0.0,0.0,-1.0390141604165835,267.0785018605441,124.82767981203455,Before Launch
1074,2025-05-03 23:08:04,56.359,1.8897638399999999,-1.01,26.145,0.0,0.0,0.9266082898583814,267.05553210927775,91.67983750416934,Before Launch
1075,2025-05-03 23:08:04,56.408,1.25328088,0.484,26.135,0.0,0.0,2.3401130932344274,267.04767528915636,67.31075073835353,Before Launch
1076,2025-05-03 23:08:04,56.462,0.14763779999999999,-1.768,26.135,0.0,0.0,3.1167943712764017,267.08745132255274,56.40639993197396,Before Launch
1077,2025-05-03 23:08:04,56.511,1.09580056,-0.405,26.123,0.0,0.0,4.564019537046166,267.0522923442692,40.74629929092004,Before Launch
1078,2025-05-03 23:08:04,56.559,0.51509188,-0.479,26.135,0.0,0.0,5.057654661159198,267.0538900697576,35.5342703450062,Before Launch
1079,2025-05-03 23:08:04,56.606,0.39698163999999997,-2.048,26.133,0.0,0.0,5.8264237109979105,267.0474847074496,28.68503425803535,Before Launch
1080,2025-05-03 23:08:04,56.653,0.39698163999999997,-0.281,26.137,0.0,0.0,6.042262861818172,267.04626786603086,26.446773968813396,Before Launch
1081,2025-05-03 23:08:04,56.704,2.2769029599999997,0.816,26.13,0.0,0.0,6.316341222968881,267.0390724274713,23.76454431924016,Before Launch
1082,2025-05-03 23:08:04,56.755,2.73622056,2.55,26.08,0.0,0.0,6.365294071405601,267.05485578311215,22.441939070663462,Before Launch
1083,2025-05-03 23:08:04,56.801,2.2769029599999997,1.218,26.13,0.0,0.0,6.1572709990981735,267.086118036916,22.04224341230615,Before Launch
1084,2025-05-03 23:08:04,56.857,2.4245407599999997,1.253,26.11,0.0,0.0,5.913212019113604,267.09322734763055,22.03391178932983,Before Launch
1085,2025-05-03 23:08:04,56.902,0.69881892,-0.35,26.108,0.0,0.0,5.384477792943765,267.05986634708376,22.166301524436772,Before Launch
1086,2025-05-03 23:08:04,56.952,-0.72834648,-1.57,26.13,0.0,0.0,5.06993522555543,267.02577798875717,22.267184084501157,Before Launch
1087,2025-05-03 23:08:05,56.997,0.39698163999999997,-0.768,26.137,0.0,0.0,4.761727787740188,267.0635302670668,22.50761207412044,Before Launch
1088,2025-05-03 23:08:05,57.045,0.84973756,-2.388,26.128,0.0,0.0,4.41607799169877,267.04266478641716,23.9741978931684,Before Launch
1089,2025-05-03 23:08:05,57.103,-0.47900264,-3.011,26.12,0.0,0.0,2.970080798000156,267.0668551290473,33.12187780390679,Before Launch
1090,2025-05-03 23:08:05,57.159,1.53871396,0.731,26.098,0.0,0.0,2.186859408062111,267.0908022970594,40.442690900275124,Before Launch
1091,2025-05-03 23:08:05,57.218,1.42060372,0.375,26.128,0.0,0.0,0.47366920040966237,267.1158983653809,62.9068545908206,Before Launch
1092,2025-05-03 23:08:05,57.264,3.30052504,1.355,26.137,0.0,0.0,-0.9869567440634239,267.1104092355911,88.86194322750072,Before Launch
1093,2025-05-03 23:08:05,57.311,1.23687668,1.078,26.12,0.0,0.0,-2.2021818196194816,267.1343145338801,111.66808654569398,Before Launch
1094,2025-05-03 23:08:05,57.365,1.99146988,1.083,26.137,0.0,0.0,-2.971499398412218,267.09939207015145,122.07486590764562,Before Launch
1095,2025-05-03 23:08:05,57.411,2.10301844,0.882,26.133,0.0,0.0,-4.3335809767819455,267.1192083726135,137.90882276603912,Before Launch
1096,2025-05-03 23:08:05,57.458,1.25328088,0.405,26.125,0.0,0.0,-5.08286107123446,267.10984961055703,147.18398683935783,Before Launch
1097,2025-05-03 23:08:05,57.514,1.09580056,0.573,26.103,0.0,0.0,-5.390440482714901,267.09788683689214,150.38155492168877,Before Launch
1098,2025-05-03 23:08:05,57.56,-0.47900264,-1.479,26.13,0.0,0.0,-5.8743608286688636,267.1789045367364,154.237173252523,Before Launch
1099,2025-05-03 23:08:05,57.608,0.25918636,-1.306,26.133,0.0,0.0,-6.161617155808218,267.11452209549486,156.1176013947301,Before Launch
1100,2025-05-03 23:08:05,57.662,1.25328088,0.0,26.135,0.0,0.0,-6.12589910407222,267.1649524393996,156.2057187021437,Before Launch
1101,2025-05-03 23:08:05,57.716,1.25328088,0.882,26.135,0.0,0.0,-5.778817025032963,267.12083765220876,155.25826177445336,Before Launch
1102,2025-05-03 23:08:05,57.763,1.25328088,0.126,26.135,0.0,0.0,-5.453184261551222,267.06184733676133,154.6161329924635,Before Launch
1103,2025-05-03 23:08:05,57.818,0.62664044,0.089,26.13,0.0,0.0,-5.048446380374252,267.1078974326116,154.25235388005015,Before Launch
1104,2025-05-03 23:08:05,57.875,1.35498692,0.755,26.125,0.0,0.0,-4.745807372686472,267.09253633775467,154.1555234736338,Before Launch
1105,2025-05-03 23:08:05,57.923,1.35498692,0.754,26.125,0.0,0.0,-4.18915259101947,267.13103619121983,154.00607739402568,Before Launch
1106,2025-05-03 23:08:06,57.97,1.73228352,-0.43,26.123,0.0,0.0,-3.7332687127691253,267.08317727935577,153.66341978677892,Before Launch
1107,2025-05-03 23:08:06,58.028,1.4370079199999999,-1.021,26.108,0.0,0.0,-3.480519772485694,267.05080136038197,152.90495657389775,Before Launch
1108,2025-05-03 23:08:06,58.075,1.23687668,-0.816,26.135,0.0,0.0,-2.5996082593757373,267.02925515753543,147.15708371255596,Before Launch
1109,2025-05-03 23:08:06,58.119,1.23687668,-0.941,26.128,0.0,0.0,-2.0213271855201986,267.06567763148655,141.20813967590695,Before Launch
1110,2025-05-03 23:08:06,58.165,1.94553812,0.987,26.14,0.0,0.0,-0.3348766436630177,267.0687991869966,116.99318196972094,Before Launch
1111,2025-05-03 23:08:06,58.212,0.7480315200000001,1.172,26.135,0.0,0.0,1.33401600840627,267.09439730207293,84.54864059175591,Before Launch
1112,2025-05-03 23:08:06,58.268,1.5748031999999998,0.927,26.113,0.0,0.0,2.048312217045843,267.08660502021996,71.6727026847644,Before Launch
1113,2025-05-03 23:08:06,58.316,0.62664044,-0.176,26.133,0.0,0.0,3.6783272692549565,267.1199098961432,49.54073704849935,Before Launch
1114,2025-05-03 23:08:06,58.362,1.42060372,1.509,26.115,0.0,0.0,5.161070400304691,267.1331680493912,35.031072503868565,Before Launch
1115,2025-05-03 23:08:06,58.416,0.25918636,-1.018,26.133,0.0,0.0,5.656406819907568,267.1188380206241,30.81104425207151,Before Launch
1116,2025-05-03 23:08:06,58.463,0.9383202399999999,-0.387,26.103,0.0,0.0,6.279712711690965,267.0709800168026,25.655476095323326,Before Launch
1117,2025-05-03 23:08:06,58.51,0.24934383999999998,-2.449,26.13,0.0,0.0,6.5565973147684335,266.94690851451713,23.327672181401113,Before Launch
1118,2025-05-03 23:08:06,58.565,0.6824147199999999,-0.442,26.1,0.0,0.0,6.531896742795366,266.91979039914764,22.892989738471048,Before Launch
1119,2025-05-03 23:08:06,58.612,2.49671924,0.405,26.085,0.0,0.0,6.50388297541394,266.9608209995051,22.605465292785624,Before Launch
1120,2025-05-03 23:08:06,58.658,1.3353018799999998,-0.616,26.118,0.0,0.0,6.459473247870082,266.81075414547263,24.1592737475049,Before Launch
1121,2025-05-03 23:08:06,58.713,0.25918636,-0.792,26.133,0.0,0.0,6.432085243479826,266.7633377215998,24.69275878125667,Before Launch
1122,2025-05-03 23:08:06,58.76,1.8536745999999997,0.608,26.13,0.0,0.0,6.399879779010862,266.7221825185873,25.20577877261191,Before Launch
1123,2025-05-03 23:08:06,58.806,1.73228352,1.775,26.128,0.0,0.0,6.397828822830775,266.81737022586503,24.51475087104478,Before Launch
1124,2025-05-03 23:08:06,58.86,1.23687668,0.781,26.128,0.0,0.0,6.392858408566413,266.84012323420643,24.19776743556576,Before Launch
1125,2025-05-03 23:08:06,58.907,1.25328088,0.0,26.135,0.0,0.0,6.370619821718883,266.9854011665025,23.661579871487884,Before Launch
1126,2025-05-03 23:08:06,58.953,0.12795276,-0.91,26.13,0.0,0.0,6.327442376643797,267.04366665480046,23.39554838228709,Before Launch
1127,2025-05-03 23:08:07,58.998,2.99540692,1.411,26.09,0.0,0.0,6.518760339361207,267.00443344668247,23.220683291177995,Before Launch
1128,2025-05-03 23:08:07,59.045,1.23687668,0.497,26.128,0.0,0.0,6.569881529402705,267.0549902686866,23.203387273898947,Before Launch
1129,2025-05-03 23:08:07,59.095,0.7480315200000001,-0.498,26.13,0.0,0.0,6.480539365586239,267.1185526757166,24.764589912469514,Before Launch
1130,2025-05-03 23:08:07,59.141,0.62664044,-0.598,26.11,0.0,0.0,6.238031576537398,267.28073265868204,24.488164844475236,Before Launch
1131,2025-05-03 23:08:07,59.198,0.62664044,-0.9,26.128,0.0,0.0,6.073849273666887,267.5114981316646,22.81107392345578,Before Launch
1132,2025-05-03 23:08:07,59.254,1.6043307599999999,0.136,26.128,0.0,0.0,6.106756994551959,267.55960979509035,21.845458138880684,Before Launch
1133,2025-05-03 23:08:07,59.299,-0.11154856,-1.102,26.118,0.0,0.0,6.9079962508091315,267.55723013080734,18.94746872992339,Before Launch
1134,2025-05-03 23:08:07,59.347,1.23687668,0.0,26.123,0.0,0.0,7.438270285968914,267.5205333929948,17.665202174337317,Before Launch
1135,2025-05-03 23:08:07,59.392,1.48622052,-0.374,26.13,0.0,0.0,8.222222207623558,267.3649260453076,16.4605530948935,Before Launch
1136,2025-05-03 23:08:07,59.44,1.8077428400000002,0.863,26.108,0.0,0.0,8.410126974424765,267.31216542504023,16.052793101616963,Before Launch
1137,2025-05-03 23:08:07,59.498,0.11154856,-1.19,26.12,0.0,0.0,8.606305779569105,267.2726382029569,15.645379448622663,Before Launch
1138,2025-05-03 23:08:07,59.549,0.00984252,-0.5,26.13,0.0,0.0,8.434954018362749,267.22445548712057,15.356641218226644,Before Launch
1139,2025-05-03 23:08:07,59.594,1.21719164,-0.165,26.123,0.0,0.0,8.390647101151199,267.15199387540315,15.546712446498713,Before Launch
1140,2025-05-03 23:08:07,59.649,1.4665354800000001,0.979,26.123,0.0,0.0,8.431371914578124,267.1124430996378,15.640309198084765,Before Launch
1141,2025-05-03 23:08:07,59.696,0.47900264,-0.373,26.12,0.0,0.0,8.235457078950171,267.11275020678045,16.503944730985438,Before Launch
1142,2025-05-03 23:08:07,59.742,0.3608924,0.091,26.135,0.0,0.0,7.975289010528684,267.0608442688495,17.48676012530381,Before Launch
1143,2025-05-03 23:08:07,59.788,0.25918636,-0.346,26.133,0.0,0.0,7.016887573546213,267.07898283132727,20.895143216212734,Before Launch
1144,2025-05-03 23:08:07,59.833,0.3608924,-1.749,26.123,0.0,0.0,6.472170041121526,267.0543616361755,22.63885930712349,Before Launch
1145,2025-05-03 23:08:07,59.888,0.25918636,-0.875,26.133,0.0,0.0,5.711030019693122,267.0491467381735,24.714147951784565,Before Launch
1146,2025-05-03 23:08:07,59.938,1.7060368000000001,1.181,26.118,0.0,0.0,5.289952980011496,267.0204966016972,26.351258844407933,Before Launch
1147,2025-05-03 23:08:08,59.984,1.3648294399999998,-0.399,26.128,0.0,0.0,5.142195023985417,266.97176659877056,27.947179223610604,Before Launch
1148,2025-05-03 23:08:08,60.039,2.51640428,0.636,26.115,0.0,0.0,5.166686948538568,266.94978809554175,28.48163074184844,Before Launch
1149,2025-05-03 23:08:08,60.086,1.23687668,0.0,26.133,0.0,0.0,4.9472257030860884,266.97053408637413,31.167325190550837,Before Launch
1150,2025-05-03 23:08:08,60.133,1.3648294399999998,0.091,26.123,0.0,0.0,4.7125489131834986,267.0077705854142,32.93203389632857,Before Launch
1151,2025-05-03 23:08:08,60.188,-0.6069554,-0.595,26.128,0.0,0.0,4.498998773787493,267.0205724948899,33.45397857176374,Before Launch
1152,2025-05-03 23:08:08,60.237,1.1154856,-1.517,26.13,0.0,0.0,3.993788187858846,267.0321911997908,34.046539937888475,Before Launch
1153,2025-05-03 23:08:08,60.286,-0.12139108,-1.094,26.12,0.0,0.0,4.053869289918392,267.05692319907536,32.163843305785306,Before Launch
1154,2025-05-03 23:08:08,60.341,0.49868767999999997,-0.2,26.128,0.0,0.0,4.0423455767134095,267.06492289557934,31.616819214682163,Before Launch
1155,2025-05-03 23:08:08,60.387,2.19488196,1.259,26.115,0.0,0.0,4.116326334592576,267.0348070916519,31.044455693084316,Before Launch
1156,2025-05-03 23:08:08,60.437,1.48622052,0.694,26.13,0.0,0.0,4.020778080693452,267.0167264637214,31.662890977436163,Before Launch
1157,2025-05-03 23:08:08,60.483,1.48622052,-0.096,26.108,0.0,0.0,3.5430720296129548,267.04067413337,35.63898263459791,Before Launch
1158,2025-05-03 23:08:08,60.528,-0.11154856,0.0,26.118,0.0,0.0,3.1971080858842105,267.0058246629616,39.550224846532004,Before Launch
1159,2025-05-03 23:08:08,60.586,0.12795276,-0.895,26.128,0.0,0.0,2.7416398872624894,267.01296383742175,45.911047610194174,Before Launch
1160,2025-05-03 23:08:08,60.635,-0.11154856,-1.285,26.133,0.0,0.0,2.0738367317263133,267.038510486879,55.10373440900628,Before Launch
1161,2025-05-03 23:08:08,60.679,0.24934383999999998,-1.258,26.123,0.0,0.0,1.8176228119676046,267.04264499542336,58.613963058908205,Before Launch
1162,2025-05-03 23:08:08,60.733,1.8077428400000002,1.373,26.108,0.0,0.0,1.4392406456669298,267.0876103876052,62.91141343207931,Before Launch
1163,2025-05-03 23:08:08,60.782,0.86614176,0.694,26.128,0.0,0.0,1.3581302107482645,267.0671005074252,65.51767994288656,Before Launch
1164,2025-05-03 23:08:08,60.827,1.95538064,0.599,26.103,0.0,0.0,1.329508899898111,267.1696868046841,66.27717321124291,Before Launch
1165,2025-05-03 23:08:08,60.881,0.80052496,-0.541,26.098,0.0,0.0,1.2816114130078968,267.2025624426489,67.17256588517978,Before Launch
1166,2025-05-03 23:08:08,60.929,0.20997376,-0.218,26.11,0.0,0.0,1.3023937291343914,267.0588911677089,67.55036239940151,Before Launch
1167,2025-05-03 23:08:09,60.978,1.3353018799999998,0.788,26.118,0.0,0.0,1.2442631411385703,266.9962493186609,67.6308578163223,Before Launch
1168,2025-05-03 23:08:09,61.033,0.72834648,0.377,26.123,0.0,0.0,1.1712934037608262,267.01291466346413,67.36771848352852,Before Launch
1169,2025-05-03 23:08:09,61.08,0.9383202399999999,0.463,26.103,0.0,0.0,1.1405659773380132,267.02397646522917,66.26389220738923,Before Launch
1170,2025-05-03 23:08:09,61.125,2.2047244800000003,1.573,26.123,0.0,0.0,1.1142438026864092,267.0131958420611,65.92828085023112,Before Launch
1171,2025-05-03 23:08:09,61.18,-0.00984252,-1.382,26.123,0.0,0.0,1.1078559182693264,267.05979909228097,65.40925995099799,Before Launch
1172,2025-05-03 23:08:09,61.226,1.21719164,-0.119,26.12,0.0,0.0,1.087951706492066,267.0840590731485,65.97750657993042,Before Launch
1173,2025-05-03 23:08:09,61.282,1.31889768,-0.963,26.115,0.0,0.0,1.0802668859476208,267.02175489358024,67.04176756484894,Before Launch
1174,2025-05-03 23:08:09,61.327,1.35498692,0.095,26.125,0.0,0.0,0.8669789356482953,267.03602154258203,71.20911401708639,Before Launch
1175,2025-05-03 23:08:09,61.373,0.35104988,-0.818,26.115,0.0,0.0,0.8309641445359798,267.0402523207434,73.21721554010306,Before Launch
1176,2025-05-03 23:08:09,61.424,0.72834648,1.08,26.123,0.0,0.0,0.7046362630149934,267.06509464264514,77.3269656783461,Before Launch
1177,2025-05-03 23:08:09,61.471,0.46916011999999996,-0.524,26.113,0.0,0.0,0.6345875849278192,267.08708566495744,79.59545048270589,Before Launch
1178,2025-05-03 23:08:09,61.525,1.3353018799999998,1.176,26.103,0.0,0.0,0.5084070036812011,267.10259388609103,80.6338967151247,Before Launch
1179,2025-05-03 23:08:09,61.577,2.86745416,1.916,26.123,0.0,0.0,0.4837746095852933,267.0932588299653,80.81667916929267,Before Launch
1180,2025-05-03 23:08:09,61.631,-0.00984252,-1.772,26.123,0.0,0.0,0.6026598538568151,267.1065762329433,78.63361853118906,Before Launch
1181,2025-05-03 23:08:09,61.681,0.9678477999999999,-0.417,26.118,0.0,0.0,0.6862706809592104,267.11182034301675,77.56959604104613,Before Launch
1182,2025-05-03 23:08:09,61.729,0.47900264,-0.808,26.105,0.0,0.0,0.7035465798714873,267.09677257444514,77.06558094077512,Before Launch
1183,2025-05-03 23:08:09,61.782,1.5748031999999998,1.345,26.113,0.0,0.0,0.6653501899290477,267.0954387806408,76.93748645480763,Before Launch
1184,2025-05-03 23:08:09,61.827,2.8379266,2.184,26.07,0.0,0.0,0.609492915643822,267.01650728436584,76.81402109445415,Before Launch
1185,2025-05-03 23:08:09,61.876,2.2309712,1.888,26.075,0.0,0.0,0.5903075757976219,267.00925708880084,76.90438289724682,Before Launch
1186,2025-05-03 23:08:09,61.93,0.6824147199999999,0.346,26.12,0.0,0.0,0.6066535601098741,267.03906093654797,76.97948381285742,Before Launch
1187,2025-05-03 23:08:10,61.979,4.17650932,1.901,26.065,0.0,0.0,0.6339356973189433,267.0464320663827,77.55031631350876,Before Launch
1188,2025-05-03 23:08:10,62.024,1.74212604,0.705,26.078,0.0,0.0,0.5625382433665996,267.05986407185344,79.52382651971602,Before Launch
1189,2025-05-03 23:08:10,62.077,2.02755912,0.058,26.095,0.0,0.0,0.35154195729630067,267.14223531979604,82.12778296374428,Before Launch
1190,2025-05-03 23:08:10,62.124,0.82021,0.016,26.105,0.0,0.0,0.254823831099773,267.1262639219647,84.01129896992869,Before Launch
1191,2025-05-03 23:08:10,62.169,1.58464572,1.109,26.113,0.0,0.0,0.27356492828994683,267.11739349175406,84.72680440882016,Before Launch
1192,2025-05-03 23:08:10,62.222,0.60039372,-0.591,26.118,0.0,0.0,0.3389667852671084,267.07536445088283,84.78699176790968,Before Launch
1193,2025-05-03 23:08:10,62.272,0.22965880000000002,-0.402,26.118,0.0,0.0,0.3748027337754704,267.0726589944219,84.58842064864629,Before Launch
1194,2025-05-03 23:08:10,62.318,0.35104988,-0.474,26.075,0.0,0.0,0.45306377768519995,267.03937361921527,83.11925161654331,Before Launch
1195,2025-05-03 23:08:10,62.375,0.22965880000000002,-1.58,26.115,0.0,0.0,0.5090775281558784,267.0648468404807,82.02981634404709,Before Launch
1196,2025-05-03 23:08:10,62.422,1.0892388800000001,0.885,26.115,0.0,0.0,0.5768149705365561,267.0613618021387,80.01397375362092,Before Launch
1197,2025-05-03 23:08:10,62.475,0.60039372,-0.494,26.103,0.0,0.0,0.6139617654338058,267.0222200310115,78.5072661089725,Before Launch
1198,2025-05-03 23:08:10,62.53,0.69881892,-0.497,26.108,0.0,0.0,0.6615748679938261,267.02422759777147,77.4910652815649,Before Launch
1199,2025-05-03 23:08:10,62.588,-0.13779528000000002,-1.184,26.108,0.0,0.0,0.6389722462094942,267.0496644877933,77.19033434275207,Before Launch
1200,2025-05-03 23:08:10,62.643,1.51246724,0.915,26.098,0.0,0.0,0.6320274112781471,267.0515325450621,77.11881754534483,Before Launch
1201,2025-05-03 23:08:10,62.687,0.20997376,-0.41,26.11,0.0,0.0,0.5430548221946521,267.08108288968276,78.23404738807862,Before Launch
1202,2025-05-03 23:08:10,62.733,0.83989504,0.294,26.108,0.0,0.0,0.43277485478238575,267.06616340999517,78.9193017664162,Before Launch
1203,2025-05-03 23:08:10,62.788,2.74606308,1.117,26.088,0.0,0.0,0.3884074059666995,267.0727149203099,79.04326803297504,Before Launch
1204,2025-05-03 23:08:10,62.836,2.1489502000000003,-0.571,26.093,0.0,0.0,0.24409894842161184,267.03594550066913,80.32462147407831,Before Launch
1205,2025-05-03 23:08:10,62.882,-1.2467192,-0.989,26.118,0.0,0.0,0.24489774348981747,267.012040550034,80.79704838438845,Before Launch
1206,2025-05-03 23:08:10,62.937,2.8379266,1.489,26.108,0.0,0.0,0.3102066713762121,267.0519522530903,81.75639960123513,Before Launch
1207,2025-05-03 23:08:11,62.986,0.35104988,-0.102,26.11,0.0,0.0,0.1543056550275545,267.01749933369604,86.45065982965752,Before Launch
1208,2025-05-03 23:08:11,63.034,-0.8759842800000001,-1.957,26.12,0.0,0.0,-0.11626071627920882,266.9935200166208,89.88518368140683,Before Launch
1209,2025-05-03 23:08:11,63.093,2.04724416,-0.625,26.11,0.0,0.0,-0.252127077455115,267.02886872703215,92.05217700581727,Before Launch
1210,2025-05-03 23:08:11,63.15,2.61811032,0.304,26.083,0.0,0.0,-0.34824890464504554,267.03070105031065,92.87887174476279,Before Launch
1211,2025-05-03 23:08:11,63.201,1.94553812,0.994,26.113,0.0,0.0,-0.49167448303405725,267.0281052345169,93.87343213920721,Before Launch
1212,2025-05-03 23:08:11,63.252,0.82021,-2.637,26.105,0.0,0.0,-0.6097978077065227,267.0702401367251,97.096543653262,Before Launch
1213,2025-05-03 23:08:11,63.3,0.10170604,-1.286,26.11,0.0,0.0,-0.8258033591799621,267.04641882066244,102.01149546938785,Before Launch
1214,2025-05-03 23:08:11,63.354,0.69881892,-1.041,26.108,0.0,0.0,-0.8986000093013632,267.02164134119386,104.46788003314664,Before Launch
1215,2025-05-03 23:08:11,63.403,0.9383202399999999,0.092,26.078,0.0,0.0,-1.0602131349128328,266.9885216605072,110.52457199999228,Before Launch
1216,2025-05-03 23:08:11,63.449,0.7185039599999999,-0.677,26.09,0.0,0.0,-1.2746793487316268,267.0127974271631,116.01245257096514,Before Launch
1217,2025-05-03 23:08:11,63.505,3.18897648,2.018,26.063,0.0,0.0,-1.404082882223568,266.9658553882448,117.62175239768162,Before Launch
1218,2025-05-03 23:08:11,63.563,1.4370079199999999,0.935,26.108,0.0,0.0,-1.688070718405404,267.0077465506828,119.42854993933081,Before Launch
1219,2025-05-03 23:08:11,63.61,1.95538064,1.242,26.105,0.0,0.0,-1.600046326527341,266.98509868301016,118.17257674363267,Before Launch
1220,2025-05-03 23:08:11,63.657,0.58070868,0.274,26.075,0.0,0.0,-1.3424329990115837,266.98343041154567,117.5505744338696,Before Launch
1221,2025-05-03 23:08:11,63.713,1.06955384,-0.015,26.108,0.0,0.0,-1.1915819257543412,266.9921169628478,117.51527063291732,Before Launch
1222,2025-05-03 23:08:11,63.758,-0.5085302,-0.864,26.105,0.0,0.0,-1.0010080711275522,267.0177157089169,117.4836414621891,Before Launch
1223,2025-05-03 23:08:11,63.805,0.10170604,-0.468,26.113,0.0,0.0,-0.8574691938153836,267.0602970787788,117.48525042289323,Before Launch
1224,2025-05-03 23:08:11,63.861,0.9678477999999999,0.869,26.068,0.0,0.0,-0.7433292005645342,267.06026050436816,116.03120078357854,Before Launch
1225,2025-05-03 23:08:11,63.918,-0.26902888,-1.397,26.113,0.0,0.0,-0.5914572901517511,267.08181710237426,112.93754233660883,Before Launch
1226,2025-05-03 23:08:11,63.966,0.10170604,-0.085,26.093,0.0,0.0,-0.08980488882799205,267.09735736451404,102.12522972679218,Before Launch
1227,2025-05-03 23:08:12,64.012,-0.5249344,-1.067,26.108,0.0,0.0,0.420903245926059,267.0882986585562,89.8937396991419,Before Launch
1228,2025-05-03 23:08:12,64.067,0.35104988,-1.873,26.115,0.0,0.0,0.7315252397397831,267.09084258313635,83.93337735423555,Before Launch
1229,2025-05-03 23:08:12,64.113,0.82021,-1.041,26.105,0.0,0.0,1.319636233553599,267.0713436473125,73.55446734510778,Before Launch
1230,2025-05-03 23:08:12,64.164,0.35104988,1.246,26.115,0.0,0.0,1.5724903259021143,267.0672427925324,69.86848026841751,Before Launch
1231,2025-05-03 23:08:12,64.218,0.33136484,-1.957,26.108,0.0,0.0,1.9710686578593866,267.0611709409689,64.24531886530293,Before Launch
1232,2025-05-03 23:08:12,64.264,1.06955384,0.562,26.108,0.0,0.0,2.38967688632216,267.05940818938944,59.068404381076526,Before Launch
1233,2025-05-03 23:08:12,64.313,0.45275592000000003,1.039,26.105,0.0,0.0,2.618651827747898,267.08260060538504,56.7248360375043,Before Launch
1234,2025-05-03 23:08:12,64.357,0.41338584,-1.293,26.09,0.0,0.0,2.887177762254851,267.0847422164931,53.111120921542984,Before Launch
1235,2025-05-03 23:08:12,64.404,-1.14501316,-3.001,26.093,0.0,0.0,3.2811136608635945,267.05587743090115,47.5751762272359,Before Launch
1236,2025-05-03 23:08:12,64.461,0.46916011999999996,-1.172,26.113,0.0,0.0,3.493020072188276,267.0583523760387,44.307587443781415,Before Launch
1237,2025-05-03 23:08:12,64.508,-0.5249344,-1.071,26.105,0.0,0.0,4.001279845938909,267.0768745018142,37.974136640750544,Before Launch
1238,2025-05-03 23:08:12,64.553,0.45275592000000003,0.28,26.065,0.0,0.0,4.62636774938126,267.0946636828584,33.19655207742338,Before Launch
1239,2025-05-03 23:08:12,64.611,-0.53477692,-0.981,26.103,0.0,0.0,4.841915928562739,267.0996611741639,31.832730509599184,Before Launch
1240,2025-05-03 23:08:12,64.658,1.04002628,0.081,26.093,0.0,0.0,5.222791971063361,267.05756250367716,30.2012749751812,Before Launch
1241,2025-05-03 23:08:12,64.705,1.53871396,0.653,26.048,0.0,0.0,5.355287132710532,267.02506313263365,29.595298231791475,Before Launch
1242,2025-05-03 23:08:12,64.761,0.57086616,-2.084,26.103,0.0,0.0,5.286618144403829,267.01549309165665,29.491856040147574,Before Launch
1243,2025-05-03 23:08:12,64.807,0.57086616,-0.696,26.103,0.0,0.0,5.152542146703023,266.99930013326565,28.522968601210387,Before Launch
1244,2025-05-03 23:08:12,64.856,2.04724416,0.074,26.103,0.0,0.0,5.278402529522564,267.00030406008204,27.248906206536187,Before Launch
1245,2025-05-03 23:08:12,64.901,1.17125988,0.475,26.098,0.0,0.0,5.4430507840369255,266.993418672014,25.54651834007956,Before Launch
1246,2025-05-03 23:08:12,64.947,2.10958012,0.843,26.053,0.0,0.0,5.494810156187351,266.9460486598734,24.664911381626805,Before Launch
1247,2025-05-03 23:08:13,65.001,1.99803156,2.017,26.098,0.0,0.0,5.53329121509872,266.95974553606254,24.41291251503019,Before Launch
1248,2025-05-03 23:08:13,65.058,1.0498688,0.757,26.1,0.0,0.0,5.115212277806333,267.0186599855601,25.234475956560534,Before Launch
1249,2025-05-03 23:08:13,65.11,0.82021,-0.118,26.098,0.0,0.0,4.385353417186866,267.0350824657589,27.666599504564054,Before Launch
1250,2025-05-03 23:08:13,65.167,0.45275592000000003,0.578,26.088,0.0,0.0,3.7039331806900333,267.01356822616077,30.390349814739753,Before Launch
1251,2025-05-03 23:08:13,65.213,2.99540692,2.321,26.09,0.0,0.0,3.429538886363159,266.97345069003245,31.93650180750045,Before Launch
1252,2025-05-03 23:08:13,65.258,1.20734912,1.39,26.118,0.0,0.0,2.757227900375374,266.98672020026544,35.67447237794158,Before Launch
1253,2025-05-03 23:08:13,65.303,3.47440956,2.527,26.08,0.0,0.0,2.264935987204476,267.02282113482016,39.06592795257463,Before Launch
1254,2025-05-03 23:08:13,65.348,2.00787408,0.962,26.11,0.0,0.0,1.4910777287298977,266.99264073468566,46.40949751243641,Before Launch
1255,2025-05-03 23:08:13,65.392,0.69881892,0.283,26.1,0.0,0.0,-0.08930355001742118,266.9424174961033,70.01828904042407,Before Launch
1256,2025-05-03 23:08:13,65.449,3.27099748,2.388,26.045,0.0,0.0,-1.1559473727810192,266.92190878115974,87.2145866631341,Before Launch
1257,2025-05-03 23:08:13,65.498,0.6824147199999999,-0.314,26.1,0.0,0.0,-2.647052345191281,266.96339415078046,111.48444623749114,Before Launch
1258,2025-05-03 23:08:13,65.549,1.42060372,0.783,26.108,0.0,0.0,-3.6893123622218815,266.9643700394168,127.48062227242234,Before Launch
1259,2025-05-03 23:08:13,65.6,0.80052496,0.311,26.073,0.0,0.0,-4.753577436598498,267.01834897515175,139.8359926866936,Before Launch
1260,2025-05-03 23:08:13,65.653,1.75853024,2.325,26.1,0.0,0.0,-5.300481767421424,267.0427369380643,144.81193542170027,Before Launch
1261,2025-05-03 23:08:13,65.704,0.30183728,-0.135,26.093,0.0,0.0,-6.223770337082557,267.08722571022867,152.08455516655016,Before Launch
1262,2025-05-03 23:08:13,65.753,0.3116798,0.672,26.103,0.0,0.0,-6.760749696035352,267.09428039758524,156.86443513717055,Before Launch
1263,2025-05-03 23:08:13,65.808,0.45275592000000003,0.0,26.075,0.0,0.0,-7.00049208439313,267.1282318831318,158.5919732894542,Before Launch
1264,2025-05-03 23:08:13,65.863,1.28937012,1.457,26.095,0.0,0.0,-7.310519259544277,267.074658693751,160.57274412609607,Before Launch
1265,2025-05-03 23:08:13,65.91,1.30905516,0.215,26.098,0.0,0.0,-7.558762645634086,267.05025062473544,161.36679457751066,Before Launch
1266,2025-05-03 23:08:13,65.956,2.41469824,0.7,26.103,0.0,0.0,-7.5630943335668634,267.08231307355715,161.56063925649676,Before Launch
1267,2025-05-03 23:08:14,66.012,0.43307088,-0.11,26.098,0.0,0.0,-7.248370053230355,267.09107039177076,161.2829242510854,Before Launch
1268,2025-05-03 23:08:14,66.058,0.99409452,0.338,26.07,0.0,0.0,-6.830256219148909,267.08278855529034,161.0066315510295,Before Launch
1269,2025-05-03 23:08:14,66.109,0.062335959999999996,-1.584,26.093,0.0,0.0,-6.387427145267185,267.0628552803286,160.56011963847507,Before Launch
1270,2025-05-03 23:08:14,66.165,1.7782152800000002,0.48,26.09,0.0,0.0,-6.1519189089426805,267.08973677373774,160.18454675634595,Before Launch
1271,2025-05-03 23:08:14,66.22,1.53871396,-0.448,26.098,0.0,0.0,-5.913855148484856,267.1153325853371,159.7663861086741,Before Launch
1272,2025-05-03 23:08:14,66.269,1.17125988,-0.652,26.103,0.0,0.0,-5.277714394591695,267.09064545865346,157.3392471261693,Before Launch
1273,2025-05-03 23:08:14,66.319,1.9094488799999998,0.682,26.098,0.0,0.0,-4.792357645812349,267.06208167910034,154.93553010624584,Before Launch
1274,2025-05-03 23:08:14,66.376,0.9383202399999999,0.093,26.103,0.0,0.0,-3.729116020203657,267.0024754510693,148.21909582470366,Before Launch
1275,2025-05-03 23:08:14,66.422,0.80052496,0.277,26.065,0.0,0.0,-2.4923836606629544,267.0231706043514,137.779837500113,Before Launch
1276,2025-05-03 23:08:14,66.467,0.78412076,-1.763,26.09,0.0,0.0,-1.9511107333975761,267.03189127218434,131.6848520285575,Before Launch
1277,2025-05-03 23:08:14,66.516,1.4107612,0.162,26.098,0.0,0.0,-1.0322378606844906,267.0276522329028,120.16031047305016,Before Launch
1278,2025-05-03 23:08:14,66.564,3.29068252,-0.146,26.088,0.0,0.0,-0.010656950622171701,267.0480058214489,103.47880864017357,Before Launch
1279,2025-05-03 23:08:14,66.619,0.92191604,-0.854,26.098,0.0,0.0,0.3366058166656166,267.0586427128861,96.72372249068353,Before Launch
1280,2025-05-03 23:08:14,66.667,0.78412076,0.067,26.09,0.0,0.0,1.0259604518693992,267.06966855859673,82.50544310226562,Before Launch
1281,2025-05-03 23:08:14,66.713,1.51902892,-1.386,26.103,0.0,0.0,1.6946381922172002,267.0336728611164,68.02929651409195,Before Launch
1282,2025-05-03 23:08:14,66.77,-0.45275592000000003,-0.892,26.085,0.0,0.0,2.066952018655062,267.0645580654206,61.30180973420102,Before Launch
1283,2025-05-03 23:08:14,66.82,1.4107612,-0.008,26.093,0.0,0.0,2.8920401820723236,267.1039677494119,49.533599358855916,Before Launch
1284,2025-05-03 23:08:14,66.87,1.04002628,0.189,26.093,0.0,0.0,3.4156574652659546,267.15611616599176,42.7681913856885,Before Launch
1285,2025-05-03 23:08:14,66.918,0.78412076,-0.77,26.09,0.0,0.0,3.548550014433907,267.1207313622557,40.82554900629672,Before Launch
1286,2025-05-03 23:08:14,66.973,1.8799213199999998,1.244,26.083,0.0,0.0,3.7258264569813035,267.1018703671437,38.07772372831084,Before Launch
1287,2025-05-03 23:08:15,67.023,2.20144364,1.488,26.088,0.0,0.0,3.7896212451780857,267.1201273993474,36.39929253380797,Before Launch
1288,2025-05-03 23:08:15,67.068,1.1515748399999999,0.555,26.08,0.0,0.0,3.85900015093309,267.112548170584,35.13769943518111,Before Launch
1289,2025-05-03 23:08:15,67.123,2.1817586,0.708,26.088,0.0,0.0,3.784806468340397,267.04830308283226,34.56445099524036,Before Launch
1290,2025-05-03 23:08:15,67.171,-0.55446196,-1.478,26.095,0.0,0.0,3.7552141078454784,267.05351766141536,33.839774446118774,Before Launch
1291,2025-05-03 23:08:15,67.216,1.8799213199999998,-0.424,26.05,0.0,0.0,3.569570234138565,267.07248881195306,33.595605177534765,Before Launch
1292,2025-05-03 23:08:15,67.271,0.16404200000000002,-0.214,26.078,0.0,0.0,3.4575947922065495,267.0752271243878,33.60433468284718,Before Launch
1293,2025-05-03 23:08:15,67.32,4.229002759999999,2.563,26.03,0.0,0.0,3.1697019591940276,267.0561943872028,34.079510164981954,Before Launch
1294,2025-05-03 23:08:15,67.367,1.63057748,1.247,26.09,0.0,0.0,3.0068231595414683,267.00607045341656,35.68639688726003,Before Launch
1295,2025-05-03 23:08:15,67.424,0.89238848,-0.704,26.08,0.0,0.0,2.955772369396126,267.00363256374914,37.40092126989302,Before Launch
1296,2025-05-03 23:08:15,67.48,0.53477692,-0.797,26.088,0.0,0.0,2.6020803175972658,267.0400546268407,46.54332446865552,Before Launch
1297,2025-05-03 23:08:15,67.527,1.14173232,-0.023,26.083,0.0,0.0,1.4830689442548723,267.03007455760684,70.27133418093011,Before Launch
1298,2025-05-03 23:08:15,67.575,1.2631234,-0.515,26.083,0.0,0.0,1.1444120300327216,267.03743291707866,79.14806800715503,Before Launch
1299,2025-05-03 23:08:15,67.621,1.8339895600000002,0.719,26.06,0.0,0.0,0.46799637295355495,267.02450244535135,89.79974991513934,Before Launch
1300,2025-05-03 23:08:15,67.665,2.80183736,1.61,26.09,0.0,0.0,0.18671542565851879,267.00882115080657,92.92222893301235,Before Launch
1301,2025-05-03 23:08:15,67.718,2.43110244,1.317,26.055,0.0,0.0,0.340176338135449,267.0238537912448,87.11263628045732,Before Launch
1302,2025-05-03 23:08:15,67.769,2.05380584,0.513,26.048,0.0,0.0,0.8533185035437993,267.02607046468654,76.62146186241507,Before Launch
1303,2025-05-03 23:08:15,67.815,0.38713912,-2.321,26.075,0.0,0.0,1.0727282781723089,267.032977633005,72.68058467143179,Before Launch
1304,2025-05-03 23:08:15,67.87,0.26574804,-0.525,26.085,0.0,0.0,1.3619672826050098,267.00635665435664,66.97706365810919,Before Launch
1305,2025-05-03 23:08:15,67.92,-0.574147,-1.084,26.083,0.0,0.0,1.477987722141024,267.02332725031346,64.35886270697642,Before Launch
1306,2025-05-03 23:08:15,67.966,0.10826772,-1.126,26.058,0.0,0.0,1.4898759921996887,267.02171117320785,63.73302494213489,Before Launch
1307,2025-05-03 23:08:16,68.023,0.89238848,1.074,26.08,0.0,0.0,1.5770343641471243,267.05916144249716,62.14036778584876,Before Launch
1308,2025-05-03 23:08:16,68.073,0.38713912,-0.817,26.075,0.0,0.0,1.5766201247588312,267.0890302609735,61.1277211357035,Before Launch
1309,2025-05-03 23:08:16,68.118,1.37139112,0.266,26.058,0.0,0.0,1.5828721926245013,267.07342510870615,61.09430136415273,Before Launch
1310,2025-05-03 23:08:16,68.174,3.14304472,1.878,26.08,0.0,0.0,1.5697445184911811,267.02666019093664,60.51323186373934,Before Launch
1311,2025-05-03 23:08:16,68.224,-0.08530183999999999,-1.571,26.085,0.0,0.0,1.599716556300446,266.98385113763123,60.217949665741905,Before Launch
1312,2025-05-03 23:08:16,68.269,3.0216536400000003,0.658,26.07,0.0,0.0,1.7080876636925422,266.9843651857959,60.42559103542416,Before Launch
1313,2025-05-03 23:08:16,68.326,1.00393704,-0.117,26.08,0.0,0.0,1.7617517479050024,266.99169497324704,60.71324524297689,Before Launch
1314,2025-05-03 23:08:16,68.372,-0.0,-1.747,26.068,0.0,0.0,1.6777542826847751,267.02932018281376,62.556573498413854,Before Launch
1315,2025-05-03 23:08:16,68.419,0.40354332,0.768,26.055,0.0,0.0,1.6230471352990756,267.0516227519285,63.53140361593622,Before Launch
1316,2025-05-03 23:08:16,68.474,0.036089239999999995,-1.466,26.053,0.0,0.0,1.6219104213162352,267.05254419633746,63.81932019329166,Before Launch
1317,2025-05-03 23:08:16,68.521,0.5249344,0.289,26.08,0.0,0.0,1.7316610903261838,267.05929124841936,61.28895696509783,Before Launch
1318,2025-05-03 23:08:16,68.567,1.74212604,-1.994,26.078,0.0,0.0,1.86359240665559,267.06825734880755,60.134141001540605,Before Launch
1319,2025-05-03 23:08:16,68.621,1.8602362799999999,0.183,26.083,0.0,0.0,2.067829393930632,267.0615434702069,57.76345976718498,Before Launch
1320,2025-05-03 23:08:16,68.669,1.46325464,0.459,26.06,0.0,0.0,2.315608071890547,267.0459561015458,56.43283207642408,Before Launch
1321,2025-05-03 23:08:16,68.718,0.15419948,-0.307,26.073,0.0,0.0,2.4379217479268727,267.05040786574915,55.98668816844573,Before Launch
1322,2025-05-03 23:08:16,68.774,2.9035434,1.413,26.045,0.0,0.0,2.744277231678437,267.07549218419894,55.08035371543304,Before Launch
1323,2025-05-03 23:08:16,68.826,1.3615485999999999,0.079,26.07,0.0,0.0,3.0281763601686627,267.04460560498984,53.80413209848126,Before Launch
1324,2025-05-03 23:08:16,68.873,2.34908144,0.411,26.05,0.0,0.0,3.2872632574591627,266.97808235095965,50.629189139492794,Before Launch
1325,2025-05-03 23:08:16,68.929,1.37139112,-1.132,26.078,0.0,0.0,3.5897046972782265,266.97277972809644,47.35540442331375,Before Launch
1326,2025-05-03 23:08:17,68.979,-0.47244095999999997,-2.303,26.078,0.0,0.0,4.52258321501964,267.00316176786475,39.29659217281669,Before Launch
1327,2025-05-03 23:08:17,69.024,0.8759842800000001,-0.939,26.078,0.0,0.0,5.2718422370961715,266.9851345584859,33.342746266080674,Before Launch
1328,2025-05-03 23:08:17,69.084,0.15419948,-0.184,26.038,0.0,0.0,5.7597103551440245,266.97577475305104,30.751041150239274,Before Launch
1329,2025-05-03 23:08:17,69.13,0.9744094799999999,0.562,26.063,0.0,0.0,6.7062035499324555,267.013482802419,26.208242227689304,Before Launch
1330,2025-05-03 23:08:17,69.176,2.48687672,2.437,26.023,0.0,0.0,7.280522656613177,267.0403345526229,23.43075527968488,Before Launch
1331,2025-05-03 23:08:17,69.235,0.77427824,0.525,26.078,0.0,0.0,7.550710853671258,267.0202630628447,22.303655060123404,Before Launch
1332,2025-05-03 23:08:17,69.283,0.63648296,-0.203,26.063,0.0,0.0,8.08859046361502,267.06914946151824,20.228592732471856,Before Launch
1333,2025-05-03 23:08:17,69.331,-0.58070868,-0.769,26.08,0.0,0.0,8.426110001662177,267.09088467318077,19.252537767027558,Before Launch
1334,2025-05-03 23:08:17,69.385,1.71259848,0.269,26.063,0.0,0.0,9.036064713815469,267.10604095782406,17.5570895696552,Before Launch
1335,2025-05-03 23:08:17,69.433,1.02362208,-1.683,26.085,0.0,0.0,9.514652594888735,267.094598198648,16.43008690256376,Before Launch
1336,2025-05-03 23:08:17,69.491,0.89238848,0.772,26.08,0.0,0.0,10.03751977698329,267.11191101007284,15.50093160098367,Before Launch
1337,2025-05-03 23:08:17,69.541,0.89238848,-1.674,26.08,0.0,0.0,10.185890702900247,267.1240441536725,15.189209458899285,Before Launch
1338,2025-05-03 23:08:17,69.596,2.63451452,1.284,26.048,0.0,0.0,10.481703940184024,267.08436998044175,14.70480757611855,Before Launch
1339,2025-05-03 23:08:17,69.648,1.2631234,0.99,26.078,0.0,0.0,10.671958020150239,267.0751600399109,14.285349970542775,Before Launch
1340,2025-05-03 23:08:17,69.695,2.0833334,1.316,26.073,0.0,0.0,10.771299386871059,267.0523230036975,13.864337300367884,Before Launch
1341,2025-05-03 23:08:17,69.749,0.89238848,0.672,26.053,0.0,0.0,11.024888544562964,267.0703158149288,13.186967825319039,Before Launch
1342,2025-05-03 23:08:17,69.805,1.14173232,0.48,26.083,0.0,0.0,11.00103884809328,267.0461275781809,12.969076515775956,Before Launch
1343,2025-05-03 23:08:17,69.854,-0.10170604,-1.433,26.078,0.0,0.0,10.90626431313333,267.07913277428423,12.725504729484793,Before Launch
1344,2025-05-03 23:08:17,69.902,1.24343836,-0.481,26.073,0.0,0.0,10.776284136234596,267.0868625254255,12.630779505908775,Before Launch
1345,2025-05-03 23:08:17,69.957,0.15419948,-1.016,26.08,0.0,0.0,10.428371364896543,267.09382638847677,12.763437824624027,Before Launch
1346,2025-05-03 23:08:18,70.006,1.24343836,0.846,26.073,0.0,0.0,9.801181835412851,267.09303969845473,13.280846545581431,Before Launch
1347,2025-05-03 23:08:18,70.051,1.61089244,-1.012,26.05,0.0,0.0,9.028915591957992,267.0993079620054,14.551625146893267,Before Launch
1348,2025-05-03 23:08:18,70.106,1.8602362799999999,0.39,26.075,0.0,0.0,8.445003334218887,267.1400942120959,15.499862610405911,Before Launch
1349,2025-05-03 23:08:18,70.156,2.7723098,0.33,26.04,0.0,0.0,6.784404994838345,267.14997690418716,18.733905029331204,Before Launch
1350,2025-05-03 23:08:18,70.203,1.61089244,0.188,26.055,0.0,0.0,5.4212938600335745,267.1722590201092,21.827157466548737,Before Launch
1351,2025-05-03 23:08:18,70.258,1.73228352,1.724,26.075,0.0,0.0,4.0973755819405095,267.1922388681726,25.91525517315761,Before Launch
1352,2025-05-03 23:08:18,70.32,1.2631234,0.299,26.08,0.0,0.0,3.373948672310104,267.17531251224784,29.164588596364233,Before Launch
1353,2025-05-03 23:08:18,70.367,2.34908144,1.711,26.07,0.0,0.0,1.954060244427937,267.15280950216373,39.70321056239369,Before Launch
1354,2025-05-03 23:08:18,70.414,1.4927822,0.404,26.035,0.0,0.0,0.2638025924872264,267.13940657924405,60.42777732552566,Before Launch
1355,2025-05-03 23:08:18,70.469,0.38713912,-1.624,26.075,0.0,0.0,-0.6843403506611251,267.1400884744606,75.60455189069712,Before Launch
1356,2025-05-03 23:08:18,70.516,0.38713912,-0.302,26.07,0.0,0.0,-2.49207910471018,267.1195636522274,103.22273443232531,Before Launch
1357,2025-05-03 23:08:18,70.563,2.8740158399999998,1.748,26.063,0.0,0.0,-3.4245250842042183,267.0890256088808,115.24228288095408,Before Launch
1358,2025-05-03 23:08:18,70.61,1.61089244,1.714,26.073,0.0,0.0,-4.9451986969646615,267.0937655656994,133.1876111692234,Before Launch
1359,2025-05-03 23:08:18,70.657,1.61089244,-0.08,26.065,0.0,0.0,-6.612706776541938,267.07272554817524,146.20076390636672,Before Launch
1360,2025-05-03 23:08:18,70.714,3.40879276,1.862,26.073,0.0,0.0,-7.44133102044427,267.05672735982154,151.23404580944214,Before Launch
1361,2025-05-03 23:08:18,70.764,0.50524936,-0.304,26.073,0.0,0.0,-8.930706075799627,266.9956693247584,158.2296754107367,Before Launch
1362,2025-05-03 23:08:18,70.819,1.24343836,0.275,26.07,0.0,0.0,-10.537134748459946,266.9826996433786,162.8830445482832,Before Launch
1363,2025-05-03 23:08:18,70.877,0.89238848,-1.36,26.063,0.0,0.0,-11.772456433722512,266.9328716685759,165.88082025287943,Before Launch
1364,2025-05-03 23:08:18,70.932,2.99540692,1.349,26.028,0.0,0.0,-12.352450511334094,266.9161362404806,166.96107092927474,Before Launch
1365,2025-05-03 23:08:19,70.979,1.3451444,-0.575,26.07,0.0,0.0,-13.501900917586417,266.9556305582639,168.9022403430827,Before Launch
1366,2025-05-03 23:08:19,71.026,0.58727036,-0.239,26.055,0.0,0.0,-13.964274419832336,266.96615928872774,169.6750215721732,Before Launch
1367,2025-05-03 23:08:19,71.082,2.43110244,1.01,26.055,0.0,0.0,-14.377841686578483,266.97936305340977,170.66148932267825,Before Launch
1368,2025-05-03 23:08:19,71.129,2.45078748,2.002,26.07,0.0,0.0,-14.604334616816974,266.9996902980593,171.41972761927366,Before Launch
1369,2025-05-03 23:08:19,71.18,3.39238856,1.681,26.063,0.0,0.0,-14.944273776790412,266.99630211124185,171.9911568327771,Before Launch
1370,2025-05-03 23:08:19,71.234,0.50524936,0.275,26.073,0.0,0.0,-15.017905681384294,266.98043558890294,172.16357867389507,Before Launch
1371,2025-05-03 23:08:19,71.283,-0.58070868,-1.428,26.08,0.0,0.0,-15.000957806794993,266.990906363016,172.34863421019497,Before Launch
1372,2025-05-03 23:08:19,71.332,1.58464572,-0.02,26.05,0.0,0.0,-14.330431523575534,267.00402707387735,172.05652782415993,Before Launch
1373,2025-05-03 23:08:19,71.385,0.9744094799999999,-0.693,26.063,0.0,0.0,-13.85106099557454,267.01725603859524,171.76525328552898,Before Launch
1374,2025-05-03 23:08:19,71.441,0.0164042,-2.145,26.075,0.0,0.0,-12.878335931128166,267.05418896489846,171.22456218813102,Before Launch
1375,2025-05-03 23:08:19,71.49,0.9744094799999999,-0.495,26.068,0.0,0.0,-11.755468689006396,267.0968182521594,170.4540119433341,Before Launch
1376,2025-05-03 23:08:19,71.537,1.1056430800000001,-0.49,26.055,0.0,0.0,-10.486257817218421,267.0879557804886,169.026079883785,Before Launch
1377,2025-05-03 23:08:19,71.592,0.9744094799999999,-0.227,26.068,0.0,0.0,-9.744018403187754,267.0505523613562,167.82287650525583,Before Launch
1378,2025-05-03 23:08:19,71.65,1.0498688,-1.013,26.065,0.0,0.0,-7.602801089734233,267.10872361511304,164.14256370273034,Before Launch
1379,2025-05-03 23:08:19,71.699,1.46325464,-0.023,26.06,0.0,0.0,-5.947787087749613,267.0844879266763,159.97777319998946,Before Launch
1380,2025-05-03 23:08:19,71.746,2.06364836,1.313,26.055,0.0,0.0,-5.244922409440934,267.0855700424875,157.44148362495417,Before Launch
1381,2025-05-03 23:08:19,71.792,0.6069554,0.172,26.063,0.0,0.0,-3.5349864718152126,267.09496737690904,148.86089786380535,Before Launch
1382,2025-05-03 23:08:19,71.841,0.84645672,-1.587,26.058,0.0,0.0,-2.6734543204842534,267.1249255580056,143.0520619967867,Before Launch
1383,2025-05-03 23:08:19,71.888,1.56496068,-0.036,26.05,0.0,0.0,-1.3162909712039754,267.13580742743665,130.22358414837535,Before Launch
1384,2025-05-03 23:08:19,71.935,2.35892396,0.585,26.033,0.0,0.0,0.2350602105988403,267.1788189565871,108.02903451943286,Before Launch
1385,2025-05-03 23:08:20,71.99,1.1975065999999999,-1.733,26.05,0.0,0.0,0.9146594582357812,267.1399457732696,96.09665929331084,Before Launch
1386,2025-05-03 23:08:20,72.038,1.68635176,0.927,26.048,0.0,0.0,2.22370924364677,267.0423766199981,72.28602800771101,Before Launch
1387,2025-05-03 23:08:20,72.086,2.8543308,1.271,26.023,0.0,0.0,2.9042907562019007,267.0503199088915,61.94725058776229,Before Launch
1388,2025-05-03 23:08:20,72.144,2.43110244,1.214,26.023,0.0,0.0,4.4320414796381336,267.0413637051533,44.28747692659838,Before Launch
1389,2025-05-03 23:08:20,72.19,0.9744094799999999,-1.607,26.043,0.0,0.0,5.655512433283462,267.108786373552,33.20204942453879,Before Launch
1390,2025-05-03 23:08:20,72.239,-0.62007876,-1.56,26.035,0.0,0.0,6.6455672541655755,267.13730332843755,26.266301899542775,Before Launch
1391,2025-05-03 23:08:20,72.292,1.3451444,0.599,26.063,0.0,0.0,7.023841797908191,267.0946942015188,23.954962391221365,Before Launch
1392,2025-05-03 23:08:20,72.341,-0.0,-1.931,26.068,0.0,0.0,7.601595615274303,267.07065434851603,20.868660805982206,Before Launch
1393,2025-05-03 23:08:20,72.392,3.26115496,0.642,26.038,0.0,0.0,7.768334649136701,267.076906832307,19.929527060151454,Before Launch
1394,2025-05-03 23:08:20,72.45,0.6069554,-2.193,26.063,0.0,0.0,8.028194396335584,267.11527898774006,18.7239563995376,Before Launch
1395,2025-05-03 23:08:20,72.498,-0.0,-0.4,26.068,0.0,0.0,8.115792786546617,267.12314143236864,18.13479434109547,Before Launch
1396,2025-05-03 23:08:20,72.548,1.59448824,1.72,26.02,0.0,0.0,8.140068185514771,267.1000717887709,17.931560839319268,Before Launch
1397,2025-05-03 23:08:20,72.593,2.05380584,0.372,26.048,0.0,0.0,8.217178573397595,267.06533680284525,17.548880248695525,Before Launch
1398,2025-05-03 23:08:20,72.64,2.40485572,1.14,26.053,0.0,0.0,8.204219985173026,267.12701619037284,17.25006399056824,Before Launch
1399,2025-05-03 23:08:20,72.695,2.50656176,1.986,26.068,0.0,0.0,8.050962677488972,267.1305208070757,17.17168229142385,Before Launch
1400,2025-05-03 23:08:20,72.75,1.66666672,0.549,26.04,0.0,0.0,7.878833575416667,267.13361382455406,17.134611521732385,Before Launch
1401,2025-05-03 23:08:20,72.795,1.2139108,0.086,26.058,0.0,0.0,7.49591264921219,267.13544906132034,17.233477639788866,Before Launch
1402,2025-05-03 23:08:20,72.844,-0.1312336,-0.883,26.063,0.0,0.0,7.315516311674231,267.1197923099957,17.298852365784047,Before Launch
1403,2025-05-03 23:08:20,72.89,1.22375332,0.14,26.065,0.0,0.0,7.011458255781136,267.05651236547,17.74817361244518,Before Launch
1404,2025-05-03 23:08:20,72.937,0.6069554,-0.692,26.063,0.0,0.0,6.714886322195084,267.0557112782999,18.15151093696508,Before Launch
1405,2025-05-03 23:08:21,72.985,2.6082678,0.44,26.02,0.0,0.0,5.465912362329752,267.0294650906067,21.266560543272934,Before Launch
1406,2025-05-03 23:08:21,73.031,1.7946194800000002,0.959,26.045,0.0,0.0,4.677103423713913,266.95678206310606,24.178358366429535,Before Launch
1407,2025-05-03 23:08:21,73.076,0.73490816,-0.09,26.068,0.0,0.0,3.3108440072836687,266.91291052465556,29.978464153544543,Before Launch
1408,2025-05-03 23:08:21,73.135,1.61089244,0.037,26.073,0.0,0.0,1.755262779639254,266.94174689860097,40.63157454350241,Before Launch
1409,2025-05-03 23:08:21,73.181,0.25590552,-1.688,26.053,0.0,0.0,0.2569383534102498,266.95897567012486,57.1365369296353,Before Launch
1410,2025-05-03 23:08:21,73.234,0.50524936,-0.556,26.073,0.0,0.0,-0.6798252862287935,266.95537862101236,71.55163597355475,Before Launch
1411,2025-05-03 23:08:21,73.281,0.99409452,-0.557,26.07,0.0,0.0,-2.3755714262130487,266.91636604647323,99.31137472871812,Before Launch
1412,2025-05-03 23:08:21,73.327,0.62664044,-1.795,26.055,0.0,0.0,-4.427242599867089,266.9557482869662,124.29089777371345,Before Launch
1413,2025-05-03 23:08:21,73.384,1.96194232,-0.378,26.065,0.0,0.0,-5.320892631763219,266.9942243749426,133.36793361994518,Before Launch
1414,2025-05-03 23:08:21,73.432,1.3615485999999999,0.312,26.07,0.0,0.0,-7.374426316214532,267.051711090646,147.1657859306667,Before Launch
1415,2025-05-03 23:08:21,73.48,0.13779528000000002,0.611,26.073,0.0,0.0,-9.152916940098867,267.0625927037869,155.9031833653852,Before Launch
1416,2025-05-03 23:08:21,73.534,0.62664044,-0.579,26.045,0.0,0.0,-9.930193958290827,267.08631101301165,158.8717410842373,Before Launch
1417,2025-05-03 23:08:21,73.589,2.20144364,1.764,26.06,0.0,0.0,-11.437206789312615,267.0867194491333,163.45480816593528,Before Launch
1418,2025-05-03 23:08:21,73.643,0.25590552,-2.402,26.058,0.0,0.0,-12.858309015902426,267.1161116108104,166.5573845702442,Before Launch
1419,2025-05-03 23:08:21,73.692,-0.23293963999999998,-0.676,26.033,0.0,0.0,-14.703035383611045,267.06038009417045,168.9682684703041,Before Launch
1420,2025-05-03 23:08:21,73.746,-0.0,0.0,26.068,0.0,0.0,-15.54195195106498,267.0042902718165,169.8889706461226,Before Launch
1421,2025-05-03 23:08:21,73.797,0.48556432,-0.888,26.068,0.0,0.0,-16.75581519078208,267.0701440861083,171.10499640580417,Before Launch
1422,2025-05-03 23:08:21,73.847,2.1653544,0.089,26.045,0.0,0.0,-17.511441995297503,267.0285466306359,171.72995019334053,Before Launch
1423,2025-05-03 23:08:21,73.895,0.72506564,-1.338,26.06,0.0,0.0,-18.997232486122744,267.0205377350626,172.72973301064246,Before Launch
1424,2025-05-03 23:08:21,73.941,2.0833334,-0.34,26.063,0.0,0.0,-19.932229732503075,266.98206760277424,173.25879500187423,Before Launch
1425,2025-05-03 23:08:22,73.988,1.0498688,-0.498,26.065,0.0,0.0,-21.869268935522587,266.9387875950559,174.01789199205768,Before Launch
1426,2025-05-03 23:08:22,74.034,0.99409452,-0.177,26.023,0.0,0.0,-23.435169766009547,266.8988787478395,174.5554986070025,Before Launch
1427,2025-05-03 23:08:22,74.093,0.58727036,0.575,26.063,0.0,0.0,-24.482422816479048,266.89680831819936,174.97260337068641,Before Launch
1428,2025-05-03 23:08:22,74.15,0.81036748,-0.328,26.043,0.0,0.0,-25.129299265599364,266.88206407803574,175.20144058884605,Before Launch
1429,2025-05-03 23:08:22,74.207,1.51902892,0.718,26.028,0.0,0.0,-26.818864023963055,266.92485544841384,175.72508151391838,Before Launch
1430,2025-05-03 23:08:22,74.256,0.73490816,-1.474,26.055,0.0,0.0,-28.178766467865387,266.9713496257227,176.12282199043605,Before Launch
1431,2025-05-03 23:08:22,74.303,0.95800528,-0.658,26.068,0.0,0.0,-29.156964691343767,266.9649664035507,176.3777768989499,Before Launch
1432,2025-05-03 23:08:22,74.361,1.46325464,0.567,26.05,0.0,0.0,-29.958444782446545,266.8948706405394,176.33438705679373,Before Launch
1433,2025-05-03 23:08:22,74.417,0.23950132,-1.07,26.063,0.0,0.0,-30.429105157982367,266.84165044765666,176.35912032718562,Before Launch
1434,2025-05-03 23:08:22,74.465,-0.0,-0.199,26.068,0.0,0.0,-31.270047718827605,266.7555758973617,176.3545230628042,Before Launch
1435,2025-05-03 23:08:22,74.513,1.66666672,0.908,26.065,0.0,0.0,-32.439252365096735,266.6637878748839,176.47062614254637,Before Launch
1436,2025-05-03 23:08:22,74.57,1.59448824,0.466,26.063,0.0,0.0,-33.75187639334977,266.66502332757983,176.71692774137418,Before Launch
1437,2025-05-03 23:08:22,74.629,-0.738189,-1.048,26.068,0.0,0.0,-34.208508767612685,266.66300444029923,176.80592005106982,Before Launch
1438,2025-05-03 23:08:22,74.687,2.1653544,0.156,26.068,0.0,0.0,-35.13179959673896,266.6220918910345,176.98836993320137,Before Launch
1439,2025-05-03 23:08:22,74.739,0.10826772,-0.959,26.058,0.0,0.0,-35.089637524341455,266.64784228858645,177.03487469739292,Before Launch
1440,2025-05-03 23:08:22,74.79,-0.0,-0.105,26.068,0.0,0.0,-34.967773180519295,266.67363178319454,177.1164128712985,Before Launch
1441,2025-05-03 23:08:22,74.837,0.72506564,0.076,26.058,0.0,0.0,-34.76855375846853,266.6421916291786,177.14453664834815,Before Launch
1442,2025-05-03 23:08:22,74.898,-0.0,-1.682,26.07,0.0,0.0,-34.31723137799087,266.65406180580453,177.11194003712333,Before Launch
1443,2025-05-03 23:08:22,74.944,-0.0,-0.197,26.068,0.0,0.0,-33.84105827662145,266.77767930033525,177.15005416859321,Before Launch
1444,2025-05-03 23:08:23,74.991,0.6069554,0.647,26.008,0.0,0.0,-32.83653260000486,266.7378066023513,176.902642632803,Before Launch
1445,2025-05-03 23:08:23,75.047,1.5452756399999998,1.188,26.043,0.0,0.0,-31.63336915730461,266.7908887790295,176.70757235267803,Before Launch
1446,2025-05-03 23:08:23,75.101,0.6069554,0.093,26.05,0.0,0.0,-28.141987551450246,267.0109233168834,176.21388645386293,Before Launch
1447,2025-05-03 23:08:23,75.151,1.32545936,-0.644,26.053,0.0,0.0,-24.967992600014515,267.12384772244116,175.6381769525415,Before Launch
1448,2025-05-03 23:08:23,75.202,1.7946194800000002,0.818,26.058,0.0,0.0,-23.364510026843366,267.1285002633827,175.09076878602247,Before Launch
1449,2025-05-03 23:08:23,75.258,1.0597113200000001,-0.777,26.045,0.0,0.0,-20.867301392170535,267.14042087420694,174.29271895562164,Before Launch
1450,2025-05-03 23:08:23,75.306,3.05774288,1.523,26.058,0.0,0.0,-19.246984710531407,267.1020797211139,173.56163890167576,Before Launch
1451,2025-05-03 23:08:23,75.356,0.62664044,-0.278,26.07,0.0,0.0,-18.706686540109644,267.05136586297436,173.20848387024586,Before Launch
1452,2025-05-03 23:08:23,75.412,0.82677168,0.182,26.05,0.0,0.0,-17.687668719260408,267.05569153762383,172.44317953384862,Before Launch
1453,2025-05-03 23:08:23,75.46,1.56496068,0.576,26.023,0.0,0.0,-16.214593482258586,267.0534117298713,171.6233709325513,Before Launch
1454,2025-05-03 23:08:23,75.506,3.2152232,1.306,26.03,0.0,0.0,-14.818920669072613,267.0415948661875,170.66654758388273,Before Launch
1455,2025-05-03 23:08:23,75.562,1.09580056,0.276,26.06,0.0,0.0,-14.288322977697884,267.0637582677443,170.26787843843522,Before Launch
1456,2025-05-03 23:08:23,75.61,1.1056430800000001,0.113,26.068,0.0,0.0,-13.423573727040576,267.0766754920288,169.63754863247536,Before Launch
1457,2025-05-03 23:08:23,75.658,0.72506564,-0.569,26.055,0.0,0.0,-12.245835173102055,267.04762028268124,168.6157426048321,Before Launch
1458,2025-05-03 23:08:23,75.715,1.81430452,1.213,26.058,0.0,0.0,-11.663554860929448,267.0405274068614,168.00786182410783,Before Launch
1459,2025-05-03 23:08:23,75.761,0.25590552,0.197,26.07,0.0,0.0,-10.914091879074842,267.0868913836871,167.14322390830714,Before Launch
1460,2025-05-03 23:08:23,75.807,-0.48228348,-1.661,26.068,0.0,0.0,-10.02925327387814,267.0979668321635,166.1714094110732,Before Launch
1461,2025-05-03 23:08:23,75.869,1.07611552,-0.399,26.053,0.0,0.0,-9.624097772437318,267.090665280838,165.483994664114,Before Launch
1462,2025-05-03 23:08:23,75.917,2.0833334,2.191,26.063,0.0,0.0,-8.720551318385272,267.074938155283,164.11622315413805,Before Launch
1463,2025-05-03 23:08:23,75.968,-0.00984252,-1.698,26.063,0.0,0.0,-7.884731718118157,267.041392255627,162.62840599667777,Before Launch
1464,2025-05-03 23:08:24,76.017,0.3116798,0.159,26.058,0.0,0.0,-7.060674209702562,267.0350728753214,160.69667308531766,Before Launch
1465,2025-05-03 23:08:24,76.075,1.3156168400000001,1.024,26.048,0.0,0.0,-6.674419279245631,267.0150897053454,159.4953916675527,Before Launch
1466,2025-05-03 23:08:24,76.122,0.43963256,-0.222,26.043,0.0,0.0,-5.605651644703588,267.0210207147266,156.2557332133427,Before Launch
1467,2025-05-03 23:08:24,76.174,2.82808408,2.216,26.02,0.0,0.0,-4.5238844703759105,266.9837879454918,151.78556802195115,Before Launch
1468,2025-05-03 23:08:24,76.229,1.46325464,1.139,26.055,0.0,0.0,-4.087614958549456,266.9860894913193,149.97366271384612,Before Launch
1469,2025-05-03 23:08:24,76.275,0.84645672,0.187,26.048,0.0,0.0,-2.9230782042065653,266.997330172065,143.46626395086437,Before Launch
1470,2025-05-03 23:08:24,76.323,0.33792651999999995,-0.946,26.053,0.0,0.0,-2.080472193709685,266.98299628613114,136.6188355731785,Before Launch
1471,2025-05-03 23:08:24,76.379,3.71391088,2.431,26.02,0.0,0.0,-1.622875397509966,266.98931269615923,131.98316954059123,Before Launch
1472,2025-05-03 23:08:24,76.426,1.58464572,0.203,26.053,0.0,0.0,-0.5753988010302813,266.9675144720596,117.22595882686859,Before Launch
1473,2025-05-03 23:08:24,76.475,3.3628609999999997,1.232,26.045,0.0,0.0,0.7202614482520275,266.96537400990474,94.44222335748289,Before Launch
1474,2025-05-03 23:08:24,76.533,1.2139108,0.121,26.055,0.0,0.0,1.3726373682742967,266.98393958672585,83.01672607757851,Before Launch
1475,2025-05-03 23:08:24,76.587,1.91601056,-0.891,26.043,0.0,0.0,2.6077513485145767,267.0046516828746,63.925303065384654,Before Launch
1476,2025-05-03 23:08:24,76.638,1.09580056,0.366,26.043,0.0,0.0,3.696127261573896,267.03139801036014,49.88370471189856,Before Launch
1477,2025-05-03 23:08:24,76.686,2.6541995600000003,1.434,26.043,0.0,0.0,4.780462102359452,267.0533080370443,39.7027360043988,Before Launch
1478,2025-05-03 23:08:24,76.745,2.05380584,0.38,26.045,0.0,0.0,5.510597195163942,267.0673843604501,32.60401346921828,Before Launch
1479,2025-05-03 23:08:24,76.801,1.68635176,-1.181,26.053,0.0,0.0,5.765127187195453,267.0702098116906,30.186256863347474,Before Launch
1480,2025-05-03 23:08:24,76.849,0.9481627599999999,-0.115,26.045,0.0,0.0,6.622380889238002,267.093984417541,24.955112902078543,Before Launch
1481,2025-05-03 23:08:24,76.896,0.5774278399999999,-0.411,26.048,0.0,0.0,7.059626945167879,267.08371850114673,22.58911005974564,Before Launch
1482,2025-05-03 23:08:24,76.949,2.05380584,1.029,26.05,0.0,0.0,7.427471357038764,267.04480013926343,19.522226350444,Before Launch
1483,2025-05-03 23:08:25,76.996,2.05380584,0.187,26.048,0.0,0.0,7.84659464033698,267.027800543692,16.658816361912177,Before Launch
1484,2025-05-03 23:08:25,77.047,0.33792651999999995,0.064,26.033,0.0,0.0,7.941324099113807,267.07165952271316,15.777537930707414,Before Launch
1485,2025-05-03 23:08:25,77.1,2.92979012,2.639,25.998,0.0,0.0,7.892136530144654,267.09919053526653,14.580959428498236,Before Launch
1486,2025-05-03 23:08:25,77.15,0.45931760000000005,-0.481,26.05,0.0,0.0,7.593882600317373,267.090189333563,14.299965171173865,Before Launch
1487,2025-05-03 23:08:25,77.198,-0.15748032,-1.749,26.048,0.0,0.0,6.220955089896172,267.04371664531675,16.32234227455411,Before Launch
1488,2025-05-03 23:08:25,77.253,3.81561692,2.977,26.028,0.0,0.0,5.387355540569364,266.98252042083703,18.72072694795014,Before Launch
1489,2025-05-03 23:08:25,77.304,0.6889763999999999,0.293,26.043,0.0,0.0,3.6896635393448354,266.93239129255875,25.92138719506045,Before Launch
1490,2025-05-03 23:08:25,77.35,0.20997376,-0.867,26.053,0.0,0.0,0.8518381065391613,266.8061677042487,50.29903634200496,Before Launch
1491,2025-05-03 23:08:25,77.406,1.3156168400000001,0.682,26.045,0.0,0.0,-1.4445206721718051,266.73742696037453,82.45786404108127,Before Launch
1492,2025-05-03 23:08:25,77.465,-0.52821524,-2.6,26.048,0.0,0.0,-2.2165713772772166,266.6683244762904,96.72432595526256,Before Launch
1493,2025-05-03 23:08:25,77.513,0.92847772,-0.416,26.04,0.0,0.0,-3.87917235631109,266.6845248167007,122.43701812984102,Before Launch
1494,2025-05-03 23:08:25,77.563,0.7808399199999999,-0.051,26.035,0.0,0.0,-6.094964839018781,266.8071864826481,142.38370448091587,Before Launch
1495,2025-05-03 23:08:25,77.62,-0.52821524,-0.668,26.048,0.0,0.0,-7.040903060080758,266.85691475236075,149.06370870455177,Before Launch
1496,2025-05-03 23:08:25,77.669,1.3156168400000001,-1.859,26.048,0.0,0.0,-8.189061351890512,266.92835777012385,156.98797204817262,Before Launch
1497,2025-05-03 23:08:25,77.721,0.21981628,-1.054,26.055,0.0,0.0,-8.57945105516563,266.99401768523234,161.04958833078595,Before Launch
1498,2025-05-03 23:08:25,77.77,1.7486877200000002,-1.246,26.023,0.0,0.0,-8.534591774169574,267.0436969096075,162.1972223941113,Before Launch
1499,2025-05-03 23:08:25,77.826,2.0341208,0.634,26.053,0.0,0.0,-7.9643286703163785,267.06898363288605,163.25262316066772,Before Launch
1500,2025-05-03 23:08:25,77.881,1.41732288,-0.385,26.038,0.0,0.0,-7.45138018745457,267.2000105972287,163.5593956125563,Before Launch
1501,2025-05-03 23:08:25,77.927,0.9481627599999999,-0.115,26.048,0.0,0.0,-6.971733866453086,267.2413218276207,163.25824405032697,Before Launch
1502,2025-05-03 23:08:26,77.981,1.39763784,-0.97,26.03,0.0,0.0,-6.158633111759723,267.2778033377065,162.60288631153045,Before Launch
1503,2025-05-03 23:08:26,78.029,1.3156168400000001,-0.575,26.048,0.0,0.0,-5.336691908493267,267.2925724048417,161.02586109134805,Before Launch
1504,2025-05-03 23:08:26,78.074,0.9481627599999999,-0.58,26.04,0.0,0.0,-5.063523303959567,267.31340494952696,160.33442223705012,Before Launch
1505,2025-05-03 23:08:26,78.128,1.1975065999999999,0.195,26.05,0.0,0.0,-4.602611240648726,267.12119507139784,157.1988895239164,Before Launch
1506,2025-05-03 23:08:26,78.172,0.20997376,-0.288,26.033,0.0,0.0,-1.9014466668659884,266.93175035486934,127.50368774379506,Before Launch
1507,2025-05-03 23:08:26,78.229,2.1653544,0.087,26.045,0.0,0.0,1.2368749789513336,266.79746551220666,84.36786854142744,Before Launch
1508,2025-05-03 23:08:26,78.282,1.9356955999999998,-0.092,26.05,0.0,0.0,2.2434268877389667,266.75443533711064,69.79354016534693,Before Launch
1509,2025-05-03 23:08:26,78.33,2.40485572,1.611,26.04,0.0,0.0,4.1174494944712805,266.76447495693134,47.9840888342733,Before Launch
1510,2025-05-03 23:08:26,78.38,0.32152232000000003,-2.038,26.043,0.0,0.0,5.394546479049155,266.9286702524106,34.50474228531557,Before Launch
1511,2025-05-03 23:08:26,78.435,-0.64632548,-0.86,26.05,0.0,0.0,5.822255842006287,266.9546899138862,30.4858914198924,Before Launch
1512,2025-05-03 23:08:26,78.482,1.17782156,1.04,26.043,0.0,0.0,6.412237282401599,267.01123941086644,25.52836566231949,Before Launch
1513,2025-05-03 23:08:26,78.529,0.45931760000000005,-2.63,26.05,0.0,0.0,6.42758059546861,267.0078099698268,23.82845520909839,Before Launch
1514,2025-05-03 23:08:26,78.587,0.41338584,-0.215,26.048,0.0,0.0,6.340534941365176,267.0224150291594,23.609367384438798,Before Launch
1515,2025-05-03 23:08:26,78.633,1.3156168400000001,0.862,26.048,0.0,0.0,6.194090338386547,267.08546259269684,23.395902236686677,Before Launch
1516,2025-05-03 23:08:26,78.68,1.4271654,0.088,26.043,0.0,0.0,6.022841166807845,267.0969148868541,23.330280213190385,Before Launch
1517,2025-05-03 23:08:26,78.736,0.20997376,0.581,26.045,0.0,0.0,6.068462769414741,267.07512508126024,23.393014926886774,Before Launch
1518,2025-05-03 23:08:26,78.795,1.7946194800000002,0.676,26.045,0.0,0.0,6.079044136118258,267.0753972487785,23.503421786299754,Before Launch
1519,2025-05-03 23:08:26,78.851,0.84645672,0.051,26.055,0.0,0.0,5.893075836014672,267.06599975173856,24.608655567643677,Before Launch
1520,2025-05-03 23:08:26,78.902,1.07611552,1.251,26.053,0.0,0.0,5.7735362438230435,267.05145894905394,25.406648827472498,Before Launch
1521,2025-05-03 23:08:26,78.951,0.82677168,-0.381,26.055,0.0,0.0,5.541953748404406,267.0365351881941,25.990463201117436,Before Launch
1522,2025-05-03 23:08:27,79.009,1.4271654,0.937,26.018,0.0,0.0,5.349588705298661,267.00980305230564,26.18207809586737,Before Launch
1523,2025-05-03 23:08:27,79.064,0.21981628,-1.182,26.055,0.0,0.0,4.9779047139722294,266.9505377905493,25.878997024514188,Before Launch
1524,2025-05-03 23:08:27,79.113,0.95800528,-0.836,26.055,0.0,0.0,4.497509491554507,266.9552126397036,25.46782316717035,Before Launch
1525,2025-05-03 23:08:27,79.163,0.9481627599999999,-0.366,26.048,0.0,0.0,4.267795635361761,266.91580464119573,25.438163740019434,Before Launch
1526,2025-05-03 23:08:27,79.209,0.70866144,-0.187,26.053,0.0,0.0,3.938141062706842,266.9799293053396,25.28848983970931,Before Launch
1527,2025-05-03 23:08:27,79.267,1.66666672,0.209,26.04,0.0,0.0,3.1329928779158145,267.0060133309802,27.75758095221226,Before Launch
1528,2025-05-03 23:08:27,79.316,1.0597113200000001,-0.199,26.048,0.0,0.0,2.4077870884264563,267.0391069543978,31.922374694750744,Before Launch
1529,2025-05-03 23:08:27,79.373,3.05774288,1.624,26.003,0.0,0.0,0.8998172388145574,267.1024621344901,45.486275332599824,Before Launch
1530,2025-05-03 23:08:27,79.421,1.2795276,0.063,26.033,0.0,0.0,-0.9845076138660809,267.099223348079,73.19121008987572,Before Launch
1531,2025-05-03 23:08:27,79.469,1.3156168400000001,0.852,26.01,0.0,0.0,-3.2399822894413477,267.1083893139316,107.78458462686247,Before Launch
1532,2025-05-03 23:08:27,79.525,0.9481627599999999,-0.939,26.048,0.0,0.0,-4.141823346799635,267.1129841021396,120.65333362925232,Before Launch
1533,2025-05-03 23:08:27,79.578,0.5774278399999999,-1.048,26.048,0.0,0.0,-5.959700528670233,267.1126226365808,140.35696808708576,Before Launch
1534,2025-05-03 23:08:27,79.625,3.16929144,0.59,26.01,0.0,0.0,-7.91188856957145,267.2104097460399,153.35801558310806,Before Launch
1535,2025-05-03 23:08:27,79.682,0.5774278399999999,0.197,26.04,0.0,0.0,-9.637318030142305,267.11800936469126,160.7482831285039,Before Launch
1536,2025-05-03 23:08:27,79.74,2.95603684,2.76,26.01,0.0,0.0,-10.069873883643005,267.0918413630594,162.9065844884912,Before Launch
1537,2025-05-03 23:08:27,79.787,2.44094496,0.968,26.003,0.0,0.0,-10.454508450653847,267.11364031677715,165.46624680728573,Before Launch
1538,2025-05-03 23:08:27,79.834,2.19160112,1.327,25.998,0.0,0.0,-10.445200230635788,267.0713253087677,166.19241843227167,Before Launch
1539,2025-05-03 23:08:27,79.88,-0.15748032,-0.442,26.048,0.0,0.0,-10.332278433388055,267.0674626935739,166.99665701734932,Before Launch
1540,2025-05-03 23:08:27,79.928,0.82677168,-0.377,26.023,0.0,0.0,-9.85132221599349,267.0467555277652,167.19945945767168,Before Launch
1541,2025-05-03 23:08:28,79.985,0.45931760000000005,-0.742,26.045,0.0,0.0,-9.40642216335571,267.034343124229,167.03559207146293,Before Launch
1542,2025-05-03 23:08:28,80.042,1.5452756399999998,1.022,26.043,0.0,0.0,-8.754484418145724,267.00618188733137,166.44007613208063,Before Launch
1543,2025-05-03 23:08:28,80.09,1.68635176,-0.084,26.048,0.0,0.0,-7.4113081848029045,267.03942964069824,164.72270901835148,Before Launch
1544,2025-05-03 23:08:28,80.137,0.9481627599999999,0.079,26.023,0.0,0.0,-5.3453513601468945,267.0764704545913,159.99790165177748,Before Launch
1545,2025-05-03 23:08:28,80.196,0.9120735200000001,-0.127,26.033,0.0,0.0,-4.368773814630572,267.1152641747819,156.50962945743746,Before Launch
1546,2025-05-03 23:08:28,80.244,2.15551188,1.028,26.04,0.0,0.0,-2.702744025047777,267.1129340807796,146.6698876773896,Before Launch
1547,2025-05-03 23:08:28,80.292,1.07611552,-0.274,26.045,0.0,0.0,-0.6644937613422001,267.119502632947,119.74520027518636,Before Launch
1548,2025-05-03 23:08:28,80.345,0.20997376,-0.008,26.048,0.0,0.0,0.16850681476356733,267.12389674423275,102.73429287891456,Before Launch
1549,2025-05-03 23:08:28,80.394,0.32152232000000003,-0.497,26.045,0.0,0.0,1.7131959682277071,267.0989816707042,72.1602633072564,Before Launch
1550,2025-05-03 23:08:28,80.443,1.0597113200000001,0.087,26.025,0.0,0.0,3.8415329254131976,267.1832025559006,47.85193976094211,Before Launch
1551,2025-05-03 23:08:28,80.499,1.5452756399999998,0.649,26.043,0.0,0.0,4.548460907092131,267.1857459182886,39.959741193766874,Before Launch
1552,2025-05-03 23:08:28,80.549,0.5774278399999999,-0.85,26.053,0.0,0.0,5.438014396591411,267.1444422132268,30.771593930081593,Before Launch
1553,2025-05-03 23:08:28,80.597,-0.66601052,-1.347,26.043,0.0,0.0,5.8447813127330495,267.12087382591466,26.32242136041438,Before Launch
1554,2025-05-03 23:08:28,80.651,0.20997376,-2.228,26.048,0.0,0.0,5.9096490843225595,267.1263552436539,25.330779630663574,Before Launch
1555,2025-05-03 23:08:28,80.704,-0.15748032,-1.12,26.04,0.0,0.0,5.808451335052536,267.1522719026768,24.872288813023694,Before Launch
1556,2025-05-03 23:08:28,80.752,-0.39698163999999997,-1.335,26.025,0.0,0.0,5.651772885922739,267.19062925451726,25.17410219454578,Before Launch
1557,2025-05-03 23:08:28,80.806,2.05380584,0.863,26.048,0.0,0.0,5.587214286800678,267.1546618734596,25.360886752351526,Before Launch
1558,2025-05-03 23:08:28,80.862,-0.15748032,-0.572,26.028,0.0,0.0,5.541102234261857,267.11922602386545,25.685723337421486,Before Launch
1559,2025-05-03 23:08:28,80.912,-0.2788714,-2.679,26.045,0.0,0.0,5.462715172946414,267.11792349463514,26.116186573807788,Before Launch
1560,2025-05-03 23:08:28,80.96,-0.52821524,-0.865,26.018,0.0,0.0,5.345119015281057,267.1138890797316,26.206250019245623,Before Launch
1561,2025-05-03 23:08:29,81.015,1.0597113200000001,-1.487,26.045,0.0,0.0,5.237286488998025,267.10737438464804,26.23603612175679,Before Launch
1562,2025-05-03 23:08:29,81.062,2.7263780399999997,0.224,26.043,0.0,0.0,4.901661734234752,267.14733966299866,26.12522056924863,Before Launch
1563,2025-05-03 23:08:29,81.107,2.57874024,0.304,25.998,0.0,0.0,4.682632435301893,267.1317558743274,26.002292402562883,Before Launch
1564,2025-05-03 23:08:29,81.166,1.0597113200000001,0.946,26.045,0.0,0.0,4.143910984631045,267.123638711609,25.51162642014594,Before Launch
1565,2025-05-03 23:08:29,81.218,1.3156168400000001,0.379,26.048,0.0,0.0,3.3671474669366654,267.07233578418044,25.121387996811414,Before Launch
1566,2025-05-03 23:08:29,81.273,-0.29855644,-0.588,26.043,0.0,0.0,2.658516700116915,266.99722204269233,25.0357930550594,Before Launch
1567,2025-05-03 23:08:29,81.32,0.7808399199999999,-0.598,26.048,0.0,0.0,1.5468450543351686,266.9571517287509,30.172276697686986,Before Launch
1568,2025-05-03 23:08:29,81.373,0.5774278399999999,-0.864,26.048,0.0,0.0,0.8893416493676753,266.9560510852876,35.973867800403426,Before Launch
1569,2025-05-03 23:08:29,81.423,-0.76771656,-1.334,26.048,0.0,0.0,-1.493404205516966,266.98637208871475,72.37304782558981,Before Launch
1570,2025-05-03 23:08:29,81.478,1.62073496,0.553,26.018,0.0,0.0,-4.6914034831940885,267.18429539577573,116.87632005913326,Before Launch
1571,2025-05-03 23:08:29,81.528,1.5452756399999998,-0.475,26.043,0.0,0.0,-7.4781366642977325,267.31479601047147,142.47395175941307,Before Launch
1572,2025-05-03 23:08:29,81.582,1.25000004,0.135,26.018,0.0,0.0,-9.067832837975958,267.3095139679518,150.92094588535474,Before Launch
1573,2025-05-03 23:08:29,81.631,1.0597113200000001,0.661,26.045,0.0,0.0,-11.031230274789133,267.3465614459223,160.7359547534475,Before Launch
1574,2025-05-03 23:08:29,81.68,2.0177166,1.319,26.033,0.0,0.0,-12.02044467546322,267.21685469756926,165.22016794716478,Before Launch
1575,2025-05-03 23:08:29,81.736,0.20997376,-0.657,26.045,0.0,0.0,-12.35110446281123,267.17170526888106,167.53268318949222,Before Launch
1576,2025-05-03 23:08:29,81.794,0.43963256,-0.854,26.043,0.0,0.0,-12.371225114776728,267.18904868512453,168.11202939421327,Before Launch
1577,2025-05-03 23:08:29,81.849,3.4284777999999996,2.193,26.015,0.0,0.0,-12.574655398011698,267.21207722124956,168.5109658793299,Before Launch
1578,2025-05-03 23:08:29,81.903,0.20997376,0.671,26.048,0.0,0.0,-12.545774152584785,267.185512791985,168.67038271446603,Before Launch
1579,2025-05-03 23:08:29,81.951,1.1975065999999999,0.76,26.05,0.0,0.0,-12.929599470984588,267.1376141610914,168.6097388817721,Before Launch
1580,2025-05-03 23:08:30,82.004,3.3169292399999994,2.673,26.003,0.0,0.0,-13.149499528058685,266.86795678750985,168.42888463072356,Before Launch
1581,2025-05-03 23:08:30,82.059,2.82808408,2.468,26.028,0.0,0.0,-13.135724881013646,266.81301115516976,168.5616220300316,Before Launch
1582,2025-05-03 23:08:30,82.104,3.03149616,0.753,25.988,0.0,0.0,-12.655230629783834,266.5573528336368,169.86153732729872,Before Launch
1583,2025-05-03 23:08:30,82.151,-0.64632548,-0.379,26.043,0.0,0.0,-12.571865196654187,266.4839321737829,171.89053497110578,Before Launch
1584,2025-05-03 23:08:30,82.206,1.98818904,1.752,26.048,0.0,0.0,-12.74678330328421,266.4834809117387,172.67593324074355,Before Launch
1585,2025-05-03 23:08:30,82.253,0.5774278399999999,0.855,26.048,0.0,0.0,-13.850674818513705,266.6774551377467,173.09717412583615,Before Launch
1586,2025-05-03 23:08:30,82.302,1.37139112,0.242,26.015,0.0,0.0,-15.167357495193881,267.0075850793069,172.4360354463722,Before Launch
1587,2025-05-03 23:08:30,82.359,0.43963256,-1.763,26.043,0.0,0.0,-15.195839755326515,267.0956259282861,172.06251085884304,Before Launch
1588,2025-05-03 23:08:30,82.404,-0.2788714,-2.203,26.053,0.0,0.0,-14.521428827604183,267.0854197222316,171.2253508964722,Before Launch
1589,2025-05-03 23:08:30,82.451,0.5774278399999999,-0.375,26.048,0.0,0.0,-14.76240868006182,267.0674389236007,171.1134892871323,Before Launch
1590,2025-05-03 23:08:30,82.507,2.6082678,1.003,26.053,0.0,0.0,-15.380286466801975,266.98849003943656,170.95541636466913,Before Launch
1591,2025-05-03 23:08:30,82.564,0.82677168,0.872,26.05,0.0,0.0,-16.05739523371421,266.9267011322462,170.82624236007598,Before Launch
1592,2025-05-03 23:08:30,82.617,0.9481627599999999,0.129,26.045,0.0,0.0,-16.452051662682756,266.9240221254194,170.50987429125692,Before Launch
1593,2025-05-03 23:08:30,82.671,0.21981628,-0.276,26.055,0.0,0.0,-16.966036430555192,266.96085245071487,170.31245382366387,Before Launch
1594,2025-05-03 23:08:30,82.722,0.45931760000000005,0.945,26.043,0.0,0.0,-17.745979882883535,266.938497952313,170.24340024621625,Before Launch
1595,2025-05-03 23:08:30,82.78,-0.15748032,-1.366,26.048,0.0,0.0,-17.601899452983186,267.32986028761553,170.24797320322523,Before Launch
1596,2025-05-03 23:08:30,82.826,1.7880578,0.187,26.038,0.0,0.0,-17.702421583617202,267.11066713954796,170.49941511571902,Before Launch
1597,2025-05-03 23:08:30,82.875,0.42322836,-0.639,26.048,0.0,0.0,-18.161372693437247,267.23350020028465,172.25885547187303,Before Launch
1598,2025-05-03 23:08:30,82.93,0.10826772,-0.732,26.058,0.0,0.0,-20.423679340737916,267.3550073488067,173.61250133920421,Before Launch
1599,2025-05-03 23:08:31,82.978,1.44685044,-0.44,26.053,0.0,0.0,-23.4875454809156,268.83037650975854,175.78290442088294,Before Launch
1600,2025-05-03 23:08:31,83.025,1.66666672,1.13,26.058,0.0,0.0,-24.374726349294427,268.66098222035794,176.53559128544822,Before Launch
1601,2025-05-03 23:08:31,83.081,0.82677168,0.301,26.058,0.0,0.0,-25.526680338723327,268.74645130769704,177.62157330394453,Before Launch
1602,2025-05-03 23:08:31,83.13,0.9481627599999999,-1.936,26.048,0.0,0.0,-25.96827152937123,269.2386613891882,179.10026792884128,Before Launch
1603,2025-05-03 23:08:31,83.176,0.08858268,-0.095,26.05,0.0,0.0,-26.191397551815882,269.1752290757237,179.54171135054287,Before Launch
1604,2025-05-03 23:08:31,83.232,0.45931760000000005,-0.576,26.055,0.0,0.0,-26.04715432503699,269.5764573363742,179.8133131109604,Before Launch
1605,2025-05-03 23:08:31,83.28,0.32152232000000003,-2.347,26.045,0.0,0.0,-24.83993344161762,270.25002203990016,178.80508782211353,Before Launch
1606,2025-05-03 23:08:31,83.33,1.886483,-0.741,26.028,0.0,0.0,-25.267579813148867,270.35513214758504,178.14239336762859,Before Launch
1607,2025-05-03 23:08:31,83.381,0.72506564,-1.806,26.048,0.0,0.0,-25.201114502660502,271.46938237323684,177.3629532920766,Before Launch
1608,2025-05-03 23:08:31,83.426,1.4271654,1.626,26.045,0.0,0.0,-25.47412556390511,272.43261337050393,178.68066522294185,Before Launch
1609,2025-05-03 23:08:31,83.482,2.0177166,0.023,26.033,0.0,0.0,-26.18877863515759,272.5544707892441,179.65624313188331,Before Launch
1610,2025-05-03 23:08:31,83.53,1.68635176,0.868,26.048,0.0,0.0,-28.66270322487889,272.6451554967271,74.54081801317966,Before Launch
1611,2025-05-03 23:08:31,83.576,0.72506564,-0.507,26.038,0.0,0.0,-30.72381106142611,276.0383076608145,-46.79841740786882,Before Launch
1612,2025-05-03 23:08:31,83.631,2.1653544,1.357,26.045,0.0,0.0,-31.141927546984675,278.8909535265813,-79.62509475725733,Before Launch
1613,2025-05-03 23:08:31,83.68,1.32545936,1.257,26.055,0.0,0.0,-31.471001940685298,283.953577949679,-113.80728946331226,Before Launch
1614,2025-05-03 23:08:31,83.728,2.10958012,1.2,26.015,0.0,0.0,-31.217268204176765,286.441137178235,-120.52129582858112,Before Launch
1615,2025-05-03 23:08:31,83.782,2.0341208,-0.45,26.005,0.0,0.0,-30.29075624656407,291.24532321608797,-124.4329930881279,Before Launch
1616,2025-05-03 23:08:31,83.832,0.5413386,-0.225,26.033,0.0,0.0,-29.884312008707788,297.17968565708907,-122.96373929498654,Before Launch
1617,2025-05-03 23:08:31,83.879,2.26706044,1.045,26.035,0.0,0.0,-29.10306660815162,299.961164260821,-121.1952199435858,Before Launch
1618,2025-05-03 23:08:31,83.936,1.2992126400000001,0.853,26.04,0.0,0.0,-26.649453050845423,304.194653572456,-118.59522287574714,Before Launch
1619,2025-05-03 23:08:32,83.988,1.3156168400000001,0.676,26.048,0.0,0.0,-20.349732403443237,307.037736643511,-110.98088447445616,Before Launch
1620,2025-05-03 23:08:32,84.034,3.27755916,2.739,25.99,0.0,0.0,-15.693269390157628,307.52327226533936,-105.98842301197905,Before Launch
1621,2025-05-03 23:08:32,84.088,1.4271654,-0.286,26.045,0.0,0.0,-4.621387005577649,305.9187181788575,-93.09308143147905,Before Launch
1622,2025-05-03 23:08:32,84.143,1.722441,1.025,26.008,0.0,0.0,3.4021306165723026,303.23942304862544,-81.68572467340685,Before Launch
1623,2025-05-03 23:08:32,84.194,1.5452756399999998,1.137,26.035,0.0,0.0,7.8184477723896055,300.8719989009885,-73.98415293579052,Before Launch
1624,2025-05-03 23:08:32,84.243,1.0498688,-0.314,26.043,0.0,0.0,11.136142713578394,299.29950371391914,-69.22622795366382,Before Launch
1625,2025-05-03 23:08:32,84.301,-0.41666668,-1.633,26.045,0.0,0.0,12.48457556466926,298.2365715692135,-67.16777795669819,Before Launch
1626,2025-05-03 23:08:32,84.349,1.11220476,0.225,26.013,0.0,0.0,13.699161926205068,295.09340683716033,-63.3409706038048,Before Launch
1627,2025-05-03 23:08:32,84.395,0.20997376,-0.584,26.03,0.0,0.0,12.430755384941127,292.9203494605143,-60.95386182093196,Before Launch
1628,2025-05-03 23:08:32,84.452,2.80839904,2.132,26.0,0.0,0.0,11.42190125906516,291.7582761875913,-59.50079959518501,Before Launch
1629,2025-05-03 23:08:32,84.501,0.19028872,-0.212,26.04,0.0,0.0,10.41797277314581,289.88611784161475,-55.723945989545825,Before Launch
1630,2025-05-03 23:08:32,84.548,0.21981628,-0.08,26.055,0.0,0.0,10.788085875784667,287.39673436560923,-53.05795749949957,Before Launch
1631,2025-05-03 23:08:32,84.602,0.20997376,-1.318,26.028,0.0,0.0,10.97377393056528,286.3698411711231,-51.560110837710354,Before Launch
1632,2025-05-03 23:08:32,84.648,0.19028872,-0.422,26.018,0.0,0.0,12.296210779674965,284.1660753366048,-52.55295061291026,Before Launch
1633,2025-05-03 23:08:32,84.706,0.92847772,-0.39,26.04,0.0,0.0,12.124005169880524,281.89857992294236,-57.039954192468734,Before Launch
1634,2025-05-03 23:08:32,84.755,1.98818904,-0.023,26.018,0.0,0.0,11.969443185137045,280.55391318907607,-57.07507451081692,Before Launch
1635,2025-05-03 23:08:32,84.811,0.08858268,-1.247,26.043,0.0,0.0,10.203174134699513,278.6801294377726,-54.959254421678395,Before Launch
1636,2025-05-03 23:08:32,84.86,-0.15748032,-0.687,26.048,0.0,0.0,7.743520943876315,276.4759682447177,-49.655815106597096,Before Launch
1637,2025-05-03 23:08:32,84.912,0.9481627599999999,-0.95,26.048,0.0,0.0,5.893943824693826,274.3838240399174,-45.54886853825162,Before Launch
1638,2025-05-03 23:08:32,84.968,2.1194226400000002,0.616,26.0,0.0,0.0,5.31659678206458,273.67886836381825,-44.53887223481721,Before Launch
1639,2025-05-03 23:08:33,85.015,0.45931760000000005,-1.282,26.053,0.0,0.0,4.903886242975047,272.7829464643739,-45.85853019401937,Before Launch
1640,2025-05-03 23:08:33,85.064,0.84645672,-0.926,26.033,0.0,0.0,2.982110330029034,272.1613841094056,-49.81997750661686,Before Launch
1641,2025-05-03 23:08:33,85.118,0.5774278399999999,0.028,26.048,0.0,0.0,3.1957971183764076,272.72156646986,-50.500097461476464,Before Launch
1642,2025-05-03 23:08:33,85.164,-0.52821524,-2.175,26.043,0.0,0.0,1.73918815483498,273.71912344372544,-52.064118007312395,Before Launch
1643,2025-05-03 23:08:33,85.211,-0.38057744,-1.317,26.06,0.0,0.0,1.134043901448619,272.264646307443,7.909945483069706,Before Launch
1644,2025-05-03 23:08:33,85.267,1.7880578,0.369,26.048,0.0,0.0,-1.343852329417514,270.58341848451073,82.21355238644834,Before Launch
1645,2025-05-03 23:08:33,85.327,0.21981628,-2.365,26.055,0.0,0.0,-2.292264165506424,269.9057876893322,104.62612030098569,Before Launch
1646,2025-05-03 23:08:33,85.384,0.6069554,-0.633,26.063,0.0,0.0,-3.0634384875251164,269.2570484854581,131.04065687142875,Before Launch
1647,2025-05-03 23:08:33,85.431,0.58727036,-0.881,26.068,0.0,0.0,-4.047409622466944,268.75386182281886,142.91891328132104,Before Launch
1648,2025-05-03 23:08:33,85.478,0.58727036,-0.746,26.055,0.0,0.0,-4.914666568911137,268.54259764349683,150.45819703716688,Before Launch
1649,2025-05-03 23:08:33,85.532,0.58727036,-0.359,26.055,0.0,0.0,-4.897282852294085,268.4511895877653,152.73067417403487,Before Launch
1650,2025-05-03 23:08:33,85.581,-0.62007876,-0.159,26.063,0.0,0.0,-4.444335248591983,268.29101592188226,156.47392998907213,Before Launch
1651,2025-05-03 23:08:33,85.627,-1.23687668,-1.838,26.063,0.0,0.0,-5.100202494981085,268.2421717777565,159.16106156818816,Before Launch
1652,2025-05-03 23:08:33,85.681,-0.1312336,-0.265,26.063,0.0,0.0,-7.453819568149882,268.1161630970708,163.88378913151587,Before Launch
1653,2025-05-03 23:08:33,85.728,-0.00984252,-2.209,26.06,0.0,0.0,-8.916594615497251,267.86845762551854,165.73902003766335,Before Launch
1654,2025-05-03 23:08:33,85.777,-0.25918636,-0.352,26.043,0.0,0.0,-9.520396988475527,267.7972450284409,166.20190079029877,Before Launch
1655,2025-05-03 23:08:33,85.822,0.72506564,0.397,26.06,0.0,0.0,-9.990349800648794,267.5430404097615,166.12720928479897,Before Launch
1656,2025-05-03 23:08:33,85.868,0.25590552,0.036,26.063,0.0,0.0,-9.689773712996299,267.42736701517396,166.04070518263117,Before Launch
1657,2025-05-03 23:08:33,85.921,-0.97112864,-0.912,26.073,0.0,0.0,-9.845690445905545,267.3791861379104,166.33449126648176,Before Launch
1658,2025-05-03 23:08:33,85.97,1.68635176,0.6,26.048,0.0,0.0,-10.65711551971671,267.31969988129424,167.70042572610333,Before Launch
1659,2025-05-03 23:08:34,86.015,0.84645672,-0.906,26.058,0.0,0.0,-10.931102563081648,267.3419393301206,168.14708621325622,Before Launch
1660,2025-05-03 23:08:34,86.072,2.40485572,1.837,26.04,0.0,0.0,-11.299360332683415,267.3649685056479,169.00779136002836,Before Launch
1661,2025-05-03 23:08:34,86.123,0.11811023999999999,0.218,26.065,0.0,0.0,-11.260137054765861,267.3617755898263,169.1696840398016,Before Launch
1662,2025-05-03 23:08:34,86.181,0.33792651999999995,-0.481,26.053,0.0,0.0,-10.841292448239258,267.4316823022228,168.87153717092838,Before Launch
1663,2025-05-03 23:08:34,86.23,0.70866144,-1.118,26.063,0.0,0.0,-10.81484817538759,267.6082489990066,168.58415336796497,Before Launch
1664,2025-05-03 23:08:34,86.279,-0.1312336,-0.467,26.063,0.0,0.0,-10.279224627377268,267.471737706629,167.83714690286106,Before Launch
1665,2025-05-03 23:08:34,86.331,-0.25918636,-0.873,26.058,0.0,0.0,-9.583387337401227,267.47776041800364,165.86402161864928,Before Launch
1666,2025-05-03 23:08:34,86.383,0.73490816,0.124,26.055,0.0,0.0,-9.420033791210015,267.5223438730286,163.945948699965,Before Launch
1667,2025-05-03 23:08:34,86.439,0.25590552,0.615,26.07,0.0,0.0,-9.478142148800696,267.33094648977766,161.93777912386093,Before Launch
1668,2025-05-03 23:08:34,86.496,1.2696850800000001,1.284,26.025,0.0,0.0,-8.690907930552791,267.1620938985777,159.99292624163883,Before Launch
1669,2025-05-03 23:08:34,86.543,1.09580056,-0.543,26.06,0.0,0.0,-8.581589846524883,267.2980139072728,161.57299954613637,Before Launch
1670,2025-05-03 23:08:34,86.59,0.99409452,0.613,26.02,0.0,0.0,-11.111655162747274,267.3993349862474,165.56143417523012,Before Launch
1671,2025-05-03 23:08:34,86.645,-0.738189,-1.067,26.058,0.0,0.0,-11.994541376796658,267.4262540014701,166.88525110667314,Before Launch
1672,2025-05-03 23:08:34,86.694,0.84645672,0.205,26.058,0.0,0.0,-12.827233715529198,267.59240196466,169.1342464748161,Before Launch
1673,2025-05-03 23:08:34,86.74,0.84645672,0.205,26.058,0.0,0.0,-13.500506467918578,267.73890105409396,170.7701029865612,Before Launch
1674,2025-05-03 23:08:34,86.796,0.11811023999999999,-0.371,26.065,0.0,0.0,-14.172876132003042,267.7349324866113,171.44377380021163,Before Launch
1675,2025-05-03 23:08:34,86.841,0.10826772,0.578,26.058,0.0,0.0,-14.58532355705579,267.73309006188504,172.19247585431313,Before Launch
1676,2025-05-03 23:08:34,86.886,-0.49868767999999997,0.586,26.063,0.0,0.0,-14.52253844135352,267.7211836650375,172.38436107944798,Before Launch
1677,2025-05-03 23:08:34,86.933,0.23950132,0.296,26.063,0.0,0.0,-14.135241682891008,267.66958713442835,172.48833230908983,Before Launch
1678,2025-05-03 23:08:35,86.978,0.56102364,0.457,26.04,0.0,0.0,-13.918059950558629,267.6963909184069,172.50586291702302,Before Launch
1679,2025-05-03 23:08:35,87.034,0.58727036,0.673,26.055,0.0,0.0,-13.121938188591749,267.69828803175216,172.3583759763581,Before Launch
1680,2025-05-03 23:08:35,87.079,-1.8274278800000001,-2.031,26.06,0.0,0.0,-11.672432609315168,267.63147635123676,171.43333070496595,Before Launch
1681,2025-05-03 23:08:35,87.134,0.50524936,0.197,26.073,0.0,0.0,-10.783306910376615,267.57050471866813,170.8289821871162,Before Launch
1682,2025-05-03 23:08:35,87.179,0.6069554,1.254,26.063,0.0,0.0,-8.25878492420466,267.6268147108874,167.92307537893834,Before Launch
1683,2025-05-03 23:08:35,87.228,-0.62007876,-1.833,26.048,0.0,0.0,-5.377324384002532,267.6599788904874,160.8944028910816,Before Launch
1684,2025-05-03 23:08:35,87.284,1.2139108,0.29,26.033,0.0,0.0,-3.886726457281624,267.6444639377181,154.4411288219757,Before Launch
1685,2025-05-03 23:08:35,87.338,0.9744094799999999,-1.13,26.063,0.0,0.0,-1.1214722666894208,267.6423144548481,127.25554120029713,Before Launch
1686,2025-05-03 23:08:35,87.391,1.09580056,0.771,26.06,0.0,0.0,0.9740618421829472,267.57725088569913,94.36323254793129,Before Launch
1687,2025-05-03 23:08:35,87.439,1.47309716,0.902,26.068,0.0,0.0,1.8997814959900408,267.5499666548959,78.68558091400453,Before Launch
1688,2025-05-03 23:08:35,87.487,1.3451444,0.506,26.063,0.0,0.0,3.688734167063134,267.55750406783864,53.74440183884598,Before Launch
1689,2025-05-03 23:08:35,87.532,1.4271654,1.244,26.055,0.0,0.0,5.071422753900122,267.54955870370804,37.936724570855525,Before Launch
1690,2025-05-03 23:08:35,87.588,0.85629924,0.887,26.04,0.0,0.0,6.335409200905101,267.5283096287037,27.590066863573366,Before Launch
1691,2025-05-03 23:08:35,87.645,0.62664044,-0.086,26.07,0.0,0.0,6.772017597287751,267.51671134523406,24.077688697625423,Before Launch
1692,2025-05-03 23:08:35,87.69,1.73228352,1.18,26.063,0.0,0.0,7.52955048902922,267.47275048944516,19.17542882963841,Before Launch
1693,2025-05-03 23:08:35,87.738,0.0164042,-1.009,26.068,0.0,0.0,8.002739149051587,267.4866323359057,15.93851078331015,Before Launch
1694,2025-05-03 23:08:35,87.792,1.91601056,0.657,26.043,0.0,0.0,8.126316278203157,267.5028336701947,14.961525960685417,Before Launch
1695,2025-05-03 23:08:35,87.842,0.08858268,-0.723,26.05,0.0,0.0,8.199293541606911,267.53546209656923,13.797996194568661,Before Launch
1696,2025-05-03 23:08:35,87.888,1.22375332,1.578,26.068,0.0,0.0,7.944505441066152,267.53285488153233,13.558756148414465,Before Launch
1697,2025-05-03 23:08:35,87.942,-0.48228348,-1.065,26.07,0.0,0.0,7.5619867650088155,267.50334825722575,13.66123222101299,Before Launch
1698,2025-05-03 23:08:36,87.99,-0.23293963999999998,-0.864,26.073,0.0,0.0,6.79127784330217,267.535052543145,13.965077023992778,Before Launch
1699,2025-05-03 23:08:36,88.041,0.50524936,0.311,26.06,0.0,0.0,6.182250276167742,267.4996347802936,14.350396382529501,Before Launch
1700,2025-05-03 23:08:36,88.098,0.50524936,0.316,26.03,0.0,0.0,5.039135102826639,267.5434024875199,16.181714231766616,Before Launch
1701,2025-05-03 23:08:36,88.155,0.50524936,0.791,26.063,0.0,0.0,4.16550020842334,267.57126826293813,18.241004924293044,Before Launch
1702,2025-05-03 23:08:36,88.202,2.05380584,1.43,26.07,0.0,0.0,2.4289076475052185,267.56978025285713,26.19755212932686,Before Launch
1703,2025-05-03 23:08:36,88.251,1.24343836,0.536,26.075,0.0,0.0,1.3849856031113332,267.58458893443816,34.41584404897351,Before Launch
1704,2025-05-03 23:08:36,88.306,2.2112861600000002,1.277,26.068,0.0,0.0,-0.8383603816765787,267.54648936122663,70.51651729440087,Before Launch
1705,2025-05-03 23:08:36,88.354,0.25590552,1.634,26.07,0.0,0.0,-3.212769861707392,267.53462505442957,108.50991066936514,Before Launch
1706,2025-05-03 23:08:36,88.399,1.3615485999999999,0.677,26.063,0.0,0.0,-6.130804017238926,267.49422787288654,135.49137831697493,Before Launch
1707,2025-05-03 23:08:36,88.455,0.99409452,0.303,26.07,0.0,0.0,-7.571748830305145,267.497620580208,144.76733615744263,Before Launch
1708,2025-05-03 23:08:36,88.505,0.63648296,0.984,26.078,0.0,0.0,-9.975769945694562,267.55831740851653,156.98321803310802,Before Launch
1709,2025-05-03 23:08:36,88.555,0.9744094799999999,-0.188,26.063,0.0,0.0,-11.014538275972898,267.53723509787466,160.95679876864796,Before Launch
1710,2025-05-03 23:08:36,88.6,2.47047252,1.185,26.07,0.0,0.0,-12.414478977800758,267.55947228771026,166.01950977918187,Before Launch
1711,2025-05-03 23:08:36,88.648,1.9816273599999998,0.705,26.068,0.0,0.0,-13.632741425943266,267.6069966252026,169.08271838488048,Before Launch
1712,2025-05-03 23:08:36,88.706,0.99409452,-0.378,26.05,0.0,0.0,-14.317959329510446,267.58562747452044,170.2095679697738,Before Launch
1713,2025-05-03 23:08:36,88.761,1.1056430800000001,-0.188,26.068,0.0,0.0,-15.405624783139208,267.58004721337204,171.81961009463677,Before Launch
1714,2025-05-03 23:08:36,88.809,1.37139112,-0.044,26.078,0.0,0.0,-15.806419029784703,267.56817949531086,172.60128660665865,Before Launch
1715,2025-05-03 23:08:36,88.858,0.38713912,-0.369,26.068,0.0,0.0,-15.790533884187788,267.57205633466634,172.98082762623773,Before Launch
1716,2025-05-03 23:08:36,88.915,0.26574804,-0.284,26.03,0.0,0.0,-15.294316101252285,267.5434426791858,173.18310236989515,Before Launch
1717,2025-05-03 23:08:36,88.97,1.8963255199999998,0.128,26.035,0.0,0.0,-14.844318363615894,267.6041974662918,173.2233248168893,Before Launch
1718,2025-05-03 23:08:37,89.018,1.1056430800000001,0.851,26.068,0.0,0.0,-13.909614728276686,267.6039484635572,173.25998542319007,Before Launch
1719,2025-05-03 23:08:37,89.064,2.2112861600000002,0.232,26.065,0.0,0.0,-13.089836176200212,267.5998921808946,173.16680107929832,Before Launch
1720,2025-05-03 23:08:37,89.121,1.12204728,0.808,26.033,0.0,0.0,-12.444677388965838,267.6226410409277,172.88468504689828,Before Launch
1721,2025-05-03 23:08:37,89.174,0.73490816,-0.38,26.068,0.0,0.0,-10.341820816425994,267.63563221845675,171.5071056494899,Before Launch
1722,2025-05-03 23:08:37,89.224,1.73228352,1.727,26.07,0.0,0.0,-7.49885357239657,267.6062287217848,168.06584712484099,Before Launch
1723,2025-05-03 23:08:37,89.273,1.9816273599999998,1.726,26.073,0.0,0.0,-5.8276310003927,267.5631779539157,164.15801339877865,Before Launch
1724,2025-05-03 23:08:37,89.331,1.71259848,0.936,26.063,0.0,0.0,-2.325863378716293,267.57901133779774,144.75767243412946,Before Launch
1725,2025-05-03 23:08:37,89.382,2.79199484,1.781,26.048,0.0,0.0,1.3956543666051133,267.5519318409854,94.20074906152993,Before Launch
1726,2025-05-03 23:08:37,89.43,0.50524936,0.0,26.058,0.0,0.0,4.578749074489091,267.5887540500944,57.22739449320099,Before Launch
1727,2025-05-03 23:08:37,89.487,-0.48228348,-1.974,26.038,0.0,0.0,5.938621366216341,267.5850051214357,44.70274814812887,Before Launch
1728,2025-05-03 23:08:37,89.531,2.2112861600000002,0.756,26.068,0.0,0.0,8.284423919359462,267.57453877305005,28.034460887781403,Before Launch
1729,2025-05-03 23:08:37,89.579,1.9816273599999998,-0.18,26.07,0.0,0.0,10.058661315075629,267.5250888310985,18.555728198489987,Before Launch
1730,2025-05-03 23:08:37,89.636,1.24343836,0.77,26.073,0.0,0.0,11.463600265027372,267.4748396731074,13.148955865581401,Before Launch
1731,2025-05-03 23:08:37,89.693,-0.23293963999999998,-1.232,26.078,0.0,0.0,12.153391461664247,267.45389290633767,10.364708697776763,Before Launch
1732,2025-05-03 23:08:37,89.747,1.1056430800000001,0.086,26.068,0.0,0.0,12.285434408432321,267.4608487014359,9.50892257122289,Before Launch
1733,2025-05-03 23:08:37,89.796,0.33792651999999995,-0.231,26.053,0.0,0.0,12.075481775926344,267.4950910134386,8.599037104177096,Before Launch
1734,2025-05-03 23:08:37,89.845,1.00393704,0.023,26.078,0.0,0.0,11.119547845357125,267.4966825986502,8.381165124428469,Before Launch
1735,2025-05-03 23:08:37,89.903,0.13779528000000002,-1.79,26.073,0.0,0.0,10.667703740407184,267.4857755970909,8.452285510762051,Before Launch
1736,2025-05-03 23:08:37,89.954,1.0597113200000001,-0.706,26.045,0.0,0.0,9.572942301389242,267.51700461091514,8.847249651119784,Before Launch
1737,2025-05-03 23:08:38,90.01,1.61089244,0.473,26.05,0.0,0.0,7.7975575514511695,267.4967555243731,10.262645998498005,Before Launch
1738,2025-05-03 23:08:38,90.053,-0.58070868,-1.305,26.08,0.0,0.0,6.7754933955650145,267.53731186750156,11.740262034589339,Before Launch
1739,2025-05-03 23:08:38,90.111,2.20144364,0.638,26.06,0.0,0.0,4.1878204541459345,267.5076577611236,17.95991361818175,Before Launch
1740,2025-05-03 23:08:38,90.158,1.74212604,1.042,26.078,0.0,0.0,1.1482194567089792,267.4152526028771,40.73040459334827,Before Launch
1741,2025-05-03 23:08:38,90.212,1.37139112,0.852,26.04,0.0,0.0,-1.8151064555907208,267.3356505901597,85.58708312856773,Before Launch
1742,2025-05-03 23:08:38,90.267,0.73490816,-0.895,26.078,0.0,0.0,-3.555697720658299,267.29309870992415,106.52206439773235,Before Launch
1743,2025-05-03 23:08:38,90.314,0.5249344,-0.448,26.08,0.0,0.0,-6.8137528464555945,267.29304126140187,135.65675338562843,Before Launch
1744,2025-05-03 23:08:38,90.365,1.39107616,-0.63,26.075,0.0,0.0,-9.665522895908005,267.2631008853729,152.11773283058454,Before Launch
1745,2025-05-03 23:08:38,90.419,0.77427824,-0.268,26.083,0.0,0.0,-10.88227430021347,267.29582857922856,157.54902198639948,Before Launch
1746,2025-05-03 23:08:38,90.468,1.37139112,0.492,26.078,0.0,0.0,-12.971886104679202,267.40270608153327,164.91693352966752,Before Launch
1747,2025-05-03 23:08:38,90.515,0.73490816,-0.773,26.068,0.0,0.0,-13.67556157816867,267.4262292820785,167.18837124106054,Before Launch
1748,2025-05-03 23:08:38,90.57,-0.45275592000000003,-1.877,26.085,0.0,0.0,-14.485615380601685,267.5196350213923,170.04103311461455,Before Launch
1749,2025-05-03 23:08:38,90.618,1.37139112,-0.265,26.078,0.0,0.0,-14.966584815937379,267.5867849372348,171.67408102349134,Before Launch
1750,2025-05-03 23:08:38,90.664,0.5249344,-1.768,26.075,0.0,0.0,-15.264630992216993,267.59371305952556,172.60192918535319,Before Launch
1751,2025-05-03 23:08:38,90.726,1.63057748,0.868,26.07,0.0,0.0,-15.550785030315728,267.62437572597423,173.0152599296136,Before Launch
1752,2025-05-03 23:08:38,90.782,1.2631234,1.348,26.08,0.0,0.0,-15.821149786620984,267.65059800322655,173.2207049031526,Before Launch
1753,2025-05-03 23:08:38,90.83,1.63057748,-0.447,26.08,0.0,0.0,-16.221972820203696,267.66691060867123,173.57891235546674,Before Launch
1754,2025-05-03 23:08:38,90.886,0.5249344,-1.115,26.08,0.0,0.0,-16.446717833234043,267.68040217233386,173.84769171911026,Before Launch
1755,2025-05-03 23:08:38,90.936,1.63057748,0.298,26.08,0.0,0.0,-16.53885534604716,267.6603302614167,173.98399315230316,Before Launch
1756,2025-05-03 23:08:39,90.989,0.40354332,0.491,26.083,0.0,0.0,-16.208712851317397,267.6360899580475,174.07843031891144,Before Launch
1757,2025-05-03 23:08:39,91.035,0.5249344,-0.451,26.08,0.0,0.0,-15.60379336790727,267.56438555099726,173.97462124924348,Before Launch
1758,2025-05-03 23:08:39,91.086,0.5249344,0.145,26.07,0.0,0.0,-14.624322007140606,267.54500479427384,173.68681326079908,Before Launch
1759,2025-05-03 23:08:39,91.143,1.63057748,0.483,26.083,0.0,0.0,-12.85825500896213,267.5142861701564,172.70483766779228,Before Launch
1760,2025-05-03 23:08:39,91.2,0.38713912,0.192,26.06,0.0,0.0,-11.736440139351807,267.52665980669843,172.04638026514112,Before Launch
1761,2025-05-03 23:08:39,91.252,0.65288716,-0.313,26.078,0.0,0.0,-9.060191446824536,267.50195319516206,170.08160694102767,Before Launch
1762,2025-05-03 23:08:39,91.298,1.91601056,0.237,26.043,0.0,0.0,-7.778211565385642,267.57850131691276,168.60838167458755,Before Launch
1763,2025-05-03 23:08:39,91.344,0.5249344,0.856,26.08,0.0,0.0,-5.19234772380497,267.5657649768916,163.63722817171882,Before Launch
1764,2025-05-03 23:08:39,91.392,2.6541995600000003,0.353,26.08,0.0,0.0,-2.333522073903894,267.63967067744767,147.69714514867064,Before Launch
1765,2025-05-03 23:08:39,91.449,-0.08530183999999999,-1.416,26.04,0.0,0.0,0.9092077270974235,267.6067685572341,96.12491103026787,Before Launch
1766,2025-05-03 23:08:39,91.507,0.53477692,-0.646,26.08,0.0,0.0,2.5239011921436267,267.61994832673383,74.34542980626998,Before Launch
1767,2025-05-03 23:08:39,91.565,1.39107616,0.506,26.085,0.0,0.0,5.557751640792058,267.57236714229543,44.451786392438564,Before Launch
1768,2025-05-03 23:08:39,91.614,3.0675854,1.956,26.065,0.0,0.0,8.146621189618298,267.5184024546149,27.865301082874407,Before Launch
1769,2025-05-03 23:08:39,91.659,1.2631234,-0.099,26.073,0.0,0.0,9.563741156360717,267.51197654562867,19.179371609572623,Before Launch
1770,2025-05-03 23:08:39,91.715,1.37139112,0.461,26.05,0.0,0.0,9.943836006930626,267.52092745045263,16.547750717906684,Before Launch
1771,2025-05-03 23:08:39,91.763,1.02362208,-0.269,26.08,0.0,0.0,10.330748033589947,267.56308081447224,13.414130063430505,Before Launch
1772,2025-05-03 23:08:39,91.811,0.38713912,-0.268,26.075,0.0,0.0,10.339714205843292,267.53526860521396,12.509446301083226,Before Launch
1773,2025-05-03 23:08:39,91.866,1.74212604,1.694,26.078,0.0,0.0,10.179239815947659,267.5584578182125,11.386539394925334,Before Launch
1774,2025-05-03 23:08:39,91.917,1.51246724,0.109,26.083,0.0,0.0,9.85656277901854,267.49146148917225,10.847037348450327,Before Launch
1775,2025-05-03 23:08:39,91.963,1.81430452,0.993,26.065,0.0,0.0,9.436506729646954,267.56062654749866,10.745337842555378,Before Launch
1776,2025-05-03 23:08:40,92.021,1.27296592,-0.276,26.073,0.0,0.0,9.1116312252992,267.5330424551921,10.801100199521638,Before Launch
1777,2025-05-03 23:08:40,92.074,0.65288716,-0.472,26.085,0.0,0.0,8.176279185114783,267.51833223869727,11.200842680513608,Before Launch
1778,2025-05-03 23:08:40,92.128,0.30183728,-1.024,26.093,0.0,0.0,6.959639164610666,267.5383143106377,12.072653893430743,Before Launch
1779,2025-05-03 23:08:40,92.174,2.5721785600000002,1.589,26.06,0.0,0.0,6.334029476936837,267.5088872806738,12.737657227478481,Before Launch
1780,2025-05-03 23:08:40,92.227,0.9022310000000001,-0.564,26.068,0.0,0.0,4.3670496489155495,267.4625242908805,17.121144836726383,Before Launch
1781,2025-05-03 23:08:40,92.278,0.92191604,0.402,26.088,0.0,0.0,1.6690903187980914,267.4582587494013,32.53982559145865,Before Launch
1782,2025-05-03 23:08:40,92.323,0.30183728,-0.173,26.093,0.0,0.0,0.1771719893030527,267.4612228763104,51.3753619107573,Before Launch
1783,2025-05-03 23:08:40,92.38,1.4107612,0.685,26.093,0.0,0.0,-2.5424720592162875,267.6033341302286,93.59028435029808,Before Launch
1784,2025-05-03 23:08:40,92.43,1.8799213199999998,0.194,26.083,0.0,0.0,-5.309022492464571,267.6106519448437,126.96049882174857,Before Launch
1785,2025-05-03 23:08:40,92.476,1.8897638399999999,1.178,26.09,0.0,0.0,-6.748559828897587,267.61255409272,138.69263946341215,Before Launch
1786,2025-05-03 23:08:40,92.531,2.2769029599999997,1.27,26.098,0.0,0.0,-9.540809049500337,267.6830071829527,154.61174741132024,Before Launch
1787,2025-05-03 23:08:40,92.581,0.80052496,-0.869,26.093,0.0,0.0,-11.830865898877637,267.68693001538026,163.55268564450134,Before Launch
1788,2025-05-03 23:08:40,92.632,0.5511811200000001,0.02,26.095,0.0,0.0,-12.822385619867697,267.6884111116497,166.48414724608654,Before Launch
1789,2025-05-03 23:08:40,92.679,1.04002628,-1.254,26.093,0.0,0.0,-14.40628095921281,267.6559820835714,170.11349630334703,Before Launch
1790,2025-05-03 23:08:40,92.727,0.78412076,0.68,26.08,0.0,0.0,-15.62683199487851,267.6431571831871,172.06893725193515,Before Launch
1791,2025-05-03 23:08:40,92.784,1.4107612,0.686,26.083,0.0,0.0,-16.290377098726303,267.6106055152337,173.01347441247609,Before Launch
1792,2025-05-03 23:08:40,92.841,2.1489502000000003,0.594,26.075,0.0,0.0,-16.50689146799443,267.6260222243868,173.30734198144845,Before Launch
1793,2025-05-03 23:08:40,92.887,0.53477692,-1.99,26.088,0.0,0.0,-16.53111053796329,267.55657433298103,173.44656763622402,Before Launch
1794,2025-05-03 23:08:40,92.939,0.16404200000000002,-0.859,26.075,0.0,0.0,-16.43406088186097,267.5586651432613,173.4471841497601,Before Launch
1795,2025-05-03 23:08:41,92.993,1.8897638399999999,0.406,26.088,0.0,0.0,-16.418141044546385,267.52987346626156,173.43965133639244,Before Launch
1796,2025-05-03 23:08:41,93.05,4.04527572,2.348,26.06,0.0,0.0,-16.4544395704258,267.50580547251275,173.42780511293773,Before Launch
1797,2025-05-03 23:08:41,93.098,0.53477692,0.115,26.09,0.0,0.0,-16.378255659695366,267.517059790011,173.28670744572293,Before Launch
1798,2025-05-03 23:08:41,93.144,0.41338584,-1.04,26.09,0.0,0.0,-16.354505951864915,267.5446250645229,173.25373513003885,Before Launch
1799,2025-05-03 23:08:41,93.2,0.65288716,-0.67,26.085,0.0,0.0,-16.31921922544324,267.5627885089997,173.23216096948784,Before Launch
1800,2025-05-03 23:08:41,93.252,2.0997376,0.221,26.063,0.0,0.0,-16.38233422677682,267.6000480885335,173.3289208023556,Before Launch
1801,2025-05-03 23:08:41,93.302,0.80052496,-0.369,26.098,0.0,0.0,-16.349861205891003,267.4885026176362,173.28982743290453,Before Launch
1802,2025-05-03 23:08:41,93.358,2.0833334,1.114,26.063,0.0,0.0,-16.48494623773348,267.2209768152325,173.2370694187399,Before Launch
1803,2025-05-03 23:08:41,93.414,1.42060372,0.87,26.07,0.0,0.0,-16.702818533733513,266.53206250850457,172.96697839257467,Before Launch
1804,2025-05-03 23:08:41,93.463,0.6824147199999999,-1.466,26.098,0.0,0.0,-16.724135225901005,266.1459785465385,173.1401044264554,Before Launch
1805,2025-05-03 23:08:41,93.511,0.80052496,-0.079,26.1,0.0,0.0,-16.386021236756655,266.3449232917295,173.65525330210696,Before Launch
1806,2025-05-03 23:08:41,93.567,1.75853024,0.649,26.098,0.0,0.0,-15.814258146012937,265.9096484691282,171.09619332939795,Before Launch
1807,2025-05-03 23:08:41,93.626,1.8897638399999999,1.219,26.088,0.0,0.0,-15.759067485286534,264.1760237230905,163.89076880180383,Before Launch
1808,2025-05-03 23:08:41,93.683,1.28937012,-0.093,26.095,0.0,0.0,-15.94082943106368,263.28786285048847,160.36979336298248,Before Launch
1809,2025-05-03 23:08:41,93.729,1.4927822,-0.298,26.075,0.0,0.0,-16.228087959642156,262.23070862530477,155.93063123547438,Before Launch
1810,2025-05-03 23:08:41,93.779,1.28937012,-0.461,26.05,0.0,0.0,-16.36386342791836,261.64829998512204,153.9419701051325,Before Launch
1811,2025-05-03 23:08:41,93.837,1.0498688,-0.94,26.103,0.0,0.0,-16.427785977458935,261.6282034919175,154.0191361695724,Before Launch
1812,2025-05-03 23:08:41,93.892,0.80052496,0.0,26.098,0.0,0.0,-16.363596606689924,261.8825849022501,155.02909307800772,Before Launch
1813,2025-05-03 23:08:41,93.939,0.80052496,0.191,26.098,0.0,0.0,-16.407114818185,262.1380788858772,156.12073182173165,Before Launch
1814,2025-05-03 23:08:42,93.989,0.57086616,-0.358,26.103,0.0,0.0,-16.36342668525571,262.3905260622445,156.60219006222823,Before Launch
1815,2025-05-03 23:08:42,94.046,1.30905516,0.398,26.098,0.0,0.0,-16.24991905834965,262.5521378092791,156.62711752442692,Before Launch
1816,2025-05-03 23:08:42,94.094,1.28937012,-0.093,26.095,0.0,0.0,-16.091165723011944,262.6141193923553,156.08742053943502,Before Launch
1817,2025-05-03 23:08:42,94.143,2.45078748,0.232,26.063,0.0,0.0,-15.998202191800722,262.71075221314396,155.87550775576506,Before Launch
1818,2025-05-03 23:08:42,94.186,0.5511811200000001,0.013,26.095,0.0,0.0,-15.839741499757496,262.9879982953145,155.56682380797716,Before Launch
1819,2025-05-03 23:08:42,94.232,1.4370079199999999,0.985,26.098,0.0,0.0,-15.807189989510512,263.25520120522185,155.34061618535824,Before Launch
1820,2025-05-03 23:08:42,94.291,0.82021,-0.824,26.098,0.0,0.0,-15.807259925820658,263.33314930479594,155.27770603173545,Before Launch
1821,2025-05-03 23:08:42,94.338,2.2473754,-1.396,26.095,0.0,0.0,-15.983154605457694,264.11766264850326,156.57061949602846,Before Launch
1822,2025-05-03 23:08:42,94.385,2.48031504,1.512,26.098,0.0,0.0,-15.65329527745574,264.6454547996554,159.89529233768744,Before Launch
1823,2025-05-03 23:08:42,94.441,2.5262468,1.629,26.1,0.0,0.0,-15.459220346898261,265.1157248621785,162.21001096986487,Before Launch
1824,2025-05-03 23:08:42,94.486,1.9094488799999998,0.977,26.098,0.0,0.0,-13.932282759612363,265.45137238473706,164.0947571483436,Before Launch
1825,2025-05-03 23:08:42,94.533,1.5748031999999998,-0.41,26.09,0.0,0.0,-13.344999795137118,265.39917024945134,166.09154935313595,Before Launch
1826,2025-05-03 23:08:42,94.59,3.5564305600000004,2.14,26.063,0.0,0.0,-13.201027858164151,265.34082306793493,166.74652085808057,Before Launch
1827,2025-05-03 23:08:42,94.639,1.9258530799999998,-0.123,26.105,0.0,0.0,-13.197815113084328,265.59510669886464,167.90526540956623,Before Launch
1828,2025-05-03 23:08:42,94.686,2.5984252800000003,0.926,26.075,0.0,0.0,-13.1395663967059,266.4230185463293,168.77814772041896,Before Launch
1829,2025-05-03 23:08:42,94.743,2.2769029599999997,1.246,26.09,0.0,0.0,-13.259821681415147,265.577769641605,162.39603530290412,Before Launch
1830,2025-05-03 23:08:42,94.801,2.41469824,1.251,26.103,0.0,0.0,-13.453986615102957,264.8757576645462,158.66057392851368,Before Launch
1831,2025-05-03 23:08:42,94.857,1.42060372,-0.262,26.1,0.0,0.0,-13.987290137764662,263.96084661990676,153.69571889120445,Before Launch
1832,2025-05-03 23:08:42,94.91,0.45275592000000003,-1.119,26.105,0.0,0.0,-14.296184822869053,263.2125724681494,151.1732495078988,Before Launch
1833,2025-05-03 23:08:42,94.957,1.7880578,0.391,26.1,0.0,0.0,-14.425686386832345,263.3633892146914,152.38721643064642,Before Launch
1834,2025-05-03 23:08:43,95.012,1.6765092400000001,0.143,26.1,0.0,0.0,-13.964561540825981,264.4262626905643,158.7208474239418,Before Launch
1835,2025-05-03 23:08:43,95.063,1.18766408,-0.079,26.105,0.0,0.0,-13.608322298258194,265.36602521857554,165.69196224627407,Before Launch
1836,2025-05-03 23:08:43,95.116,0.58070868,-0.367,26.1,0.0,0.0,-13.520146853658394,265.9015929319662,170.21116683320395,Before Launch
1837,2025-05-03 23:08:43,95.172,0.20341208,-0.466,26.09,0.0,0.0,-13.211394105520142,266.48457558854415,172.6788364969983,Before Launch
1838,2025-05-03 23:08:43,95.228,-0.40682416,-0.937,26.108,0.0,0.0,-13.054362066974445,266.9517170299763,173.57216937023728,Before Launch
1839,2025-05-03 23:08:43,95.273,0.9383202399999999,0.286,26.093,0.0,0.0,-13.115362117412218,266.4794028223595,168.0890974068114,Before Launch
1840,2025-05-03 23:08:43,95.324,3.4284777999999996,1.658,26.05,0.0,0.0,-13.381627758725594,264.4949975476048,157.9632607125823,Before Launch
1841,2025-05-03 23:08:43,95.38,0.82021,-0.365,26.105,0.0,0.0,-13.46883249599206,263.8221822365269,154.20393323396326,Before Launch
1842,2025-05-03 23:08:43,95.428,2.10958012,-0.266,26.078,0.0,0.0,-13.633363358799604,262.78602603542464,149.46715603448462,Before Launch
1843,2025-05-03 23:08:43,95.475,0.33136484,-0.171,26.098,0.0,0.0,-13.595898189523385,262.4657065681574,148.64691043870388,Before Launch
1844,2025-05-03 23:08:43,95.533,0.82021,-0.474,26.105,0.0,0.0,-13.596770359476045,263.80976362154667,154.23977655615414,Before Launch
1845,2025-05-03 23:08:43,95.589,-0.53477692,-1.044,26.103,0.0,0.0,-13.604000594513407,264.60406806260204,157.62274128312924,Before Launch
1846,2025-05-03 23:08:43,95.637,1.06955384,-0.907,26.098,0.0,0.0,-13.486175115873717,265.79437644974,163.17645308960226,Before Launch
1847,2025-05-03 23:08:43,95.694,0.20341208,-1.739,26.09,0.0,0.0,-13.163541222693235,266.4116469618552,166.32084849727767,Before Launch
1848,2025-05-03 23:08:43,95.741,2.66404208,0.106,26.113,0.0,0.0,-12.848653303327334,266.6582190872347,167.4414195246825,Before Launch
1849,2025-05-03 23:08:43,95.795,1.4370079199999999,-0.361,26.108,0.0,0.0,-12.210260058459866,266.9325954741456,168.8037379652377,Before Launch
1850,2025-05-03 23:08:43,95.842,1.5583989999999999,-0.013,26.1,0.0,0.0,-11.5550575909983,267.10731238716204,169.38546388169726,Before Launch
1851,2025-05-03 23:08:43,95.889,0.3116798,-2.498,26.083,0.0,0.0,-10.953986985337112,267.18156505810174,169.33965593183595,Before Launch
1852,2025-05-03 23:08:43,95.947,0.20341208,-1.317,26.103,0.0,0.0,-10.104019886752333,267.2319724188816,168.63658756319202,Before Launch
1853,2025-05-03 23:08:44,96.002,1.28937012,-0.995,26.095,0.0,0.0,-7.571117259225538,267.3528674674544,165.09378916714408,Before Launch
1854,2025-05-03 23:08:44,96.05,1.7782152800000002,-0.382,26.093,0.0,0.0,-4.927188486940839,267.4020894369864,156.4907813322344,Before Launch
1855,2025-05-03 23:08:44,96.1,1.7782152800000002,-0.49,26.053,0.0,0.0,-2.186425968973163,267.37978516641715,133.7320782111919,Before Launch
1856,2025-05-03 23:08:44,96.156,0.6824147199999999,-0.568,26.103,0.0,0.0,-0.9534758082452802,267.4498461099551,117.17033578809581,Before Launch
1857,2025-05-03 23:08:44,96.204,0.9481627599999999,0.383,26.093,0.0,0.0,0.835620280119717,267.4523156702756,84.27667367025799,Before Launch
1858,2025-05-03 23:08:44,96.252,0.82021,-0.747,26.105,0.0,0.0,1.6746883970622095,267.4351889374626,69.94577670236976,Before Launch
1859,2025-05-03 23:08:44,96.308,2.25721792,0.448,26.09,0.0,0.0,3.2082843851522624,267.4108502263852,47.8276848085124,Before Launch
1860,2025-05-03 23:08:44,96.359,0.33136484,-0.661,26.108,0.0,0.0,4.334202589833513,267.34671470615666,34.63822401464151,Before Launch
1861,2025-05-03 23:08:44,96.406,1.4370079199999999,0.664,26.108,0.0,0.0,4.882210771774127,267.3609288348633,26.90563818841592,Before Launch
1862,2025-05-03 23:08:44,96.464,2.66404208,1.905,26.105,0.0,0.0,4.983357119962358,267.3753012125142,24.5170947413083,Before Launch
1863,2025-05-03 23:08:44,96.52,1.7880578,1.699,26.1,0.0,0.0,4.874185523359499,267.4973403147128,21.5427393762671,Before Launch
1864,2025-05-03 23:08:44,96.568,1.99803156,0.818,26.08,0.0,0.0,4.363345181346706,267.5098517103317,20.112539218403498,Before Launch
1865,2025-05-03 23:08:44,96.613,2.54593184,-0.685,26.108,0.0,0.0,3.924266919427696,267.50380314584726,19.993821293388446,Before Launch
1866,2025-05-03 23:08:44,96.67,1.68635176,0.671,26.108,0.0,0.0,2.8890760446527226,267.55354903336155,20.921811421523227,Before Launch
1867,2025-05-03 23:08:44,96.72,2.15551188,0.036,26.113,0.0,0.0,1.755224919659308,267.5541404464775,24.18162469625865,Before Launch
1868,2025-05-03 23:08:44,96.766,2.04724416,1.329,26.103,0.0,0.0,0.8330588580525595,267.5943539433188,29.619405129959674,Before Launch
1869,2025-05-03 23:08:44,96.814,2.07349088,0.978,26.118,0.0,0.0,-1.06722149081029,267.5268920421417,59.01322072055566,Before Launch
1870,2025-05-03 23:08:44,96.86,1.5748031999999998,1.66,26.105,0.0,0.0,-3.8834271278592247,267.5084078469299,104.25847656834434,Before Launch
1871,2025-05-03 23:08:44,96.915,1.5748031999999998,0.395,26.12,0.0,0.0,-5.291435041538352,267.46054285091594,120.97999951522547,Before Launch
1872,2025-05-03 23:08:44,96.964,3.0511812000000003,2.242,26.115,0.0,0.0,-8.232749490921979,267.3973037357533,143.92187892440793,Before Launch
1873,2025-05-03 23:08:45,97.011,3.0872704399999997,0.333,26.073,0.0,0.0,-9.643327339869044,267.4007341374356,151.46601175810056,Before Launch
1874,2025-05-03 23:08:45,97.066,2.25721792,0.645,26.09,0.0,0.0,-12.085431439973739,267.40830574173293,161.6110569777902,Before Launch
1875,2025-05-03 23:08:45,97.12,2.61811032,0.829,26.083,0.0,0.0,-13.514625916159764,267.46426529942295,166.8729298210343,Before Launch
1876,2025-05-03 23:08:45,97.171,2.07349088,1.374,26.118,0.0,0.0,-14.46930090072415,267.5095707992246,169.57436297233778,Before Launch
1877,2025-05-03 23:08:45,97.223,3.5761156,2.643,26.088,0.0,0.0,-14.756418840568571,267.54411068217854,170.39856148581072,Before Launch
1878,2025-05-03 23:08:45,97.277,2.00787408,0.564,26.088,0.0,0.0,-15.146922408213687,267.499523180001,171.44872960412874,Before Launch
1879,2025-05-03 23:08:45,97.327,2.76574812,0.773,26.095,0.0,0.0,-15.189611470017237,267.40052485486,171.45122272869696,Before Launch
1880,2025-05-03 23:08:45,97.373,0.7185039599999999,-0.832,26.113,0.0,0.0,-15.271804628235621,267.2785133860235,171.24273685084154,Before Launch
1881,2025-05-03 23:08:45,97.43,1.68635176,0.788,26.11,0.0,0.0,-15.208560802110913,267.25213277413866,171.1208160904862,Before Launch
1882,2025-05-03 23:08:45,97.477,2.5262468,1.24,26.118,0.0,0.0,-14.940477017747426,267.24545618787454,171.05953487307545,Before Launch
1883,2025-05-03 23:08:45,97.532,1.68635176,0.677,26.118,0.0,0.0,-14.742478510228462,267.15762783318064,171.1177597684981,Before Launch
1884,2025-05-03 23:08:45,97.581,0.46916011999999996,-1.405,26.085,0.0,0.0,-14.718761080028125,266.77841642280106,171.22150190603986,Before Launch
1885,2025-05-03 23:08:45,97.638,0.6824147199999999,0.274,26.1,0.0,0.0,-14.681263815173086,266.658446021319,171.5544587148886,Before Launch
1886,2025-05-03 23:08:45,97.688,1.45669296,0.015,26.115,0.0,0.0,-14.51356558653041,266.4571089227307,171.92017701132565,Before Launch
1887,2025-05-03 23:08:45,97.735,1.5748031999999998,-0.857,26.118,0.0,0.0,-14.406646676000559,266.50995187048727,172.27960488425396,Before Launch
1888,2025-05-03 23:08:45,97.79,1.7060368000000001,-0.065,26.118,0.0,0.0,-14.264236534608548,266.4114773693422,171.6731612394661,Before Launch
1889,2025-05-03 23:08:45,97.837,0.84973756,-0.905,26.12,0.0,0.0,-13.93335964158892,265.43279725261493,166.93248528639694,Before Launch
1890,2025-05-03 23:08:45,97.887,1.09580056,-1.138,26.123,0.0,0.0,-13.702301361656517,263.95186721199883,159.94673380855738,Before Launch
1891,2025-05-03 23:08:45,97.941,0.86614176,-0.645,26.1,0.0,0.0,-13.653121688066758,262.86480372949757,154.33095777203184,Before Launch
1892,2025-05-03 23:08:46,98.0,1.5748031999999998,-0.454,26.12,0.0,0.0,-13.568190628909754,262.4822101773487,152.18592015534972,Before Launch
1893,2025-05-03 23:08:46,98.054,0.86614176,-0.917,26.128,0.0,0.0,-13.252179968529905,262.10837263828364,148.74027674629204,Before Launch
1894,2025-05-03 23:08:46,98.103,0.84973756,-0.949,26.12,0.0,0.0,-13.030637675963161,261.9502110915906,146.5327997703006,Before Launch
1895,2025-05-03 23:08:46,98.149,0.62664044,-0.736,26.098,0.0,0.0,-13.101472603284513,261.5820597401558,145.11206268276527,Before Launch
1896,2025-05-03 23:08:46,98.203,-0.12139108,-1.317,26.123,0.0,0.0,-13.12150985274677,261.7064083242871,145.72833768873505,Before Launch
1897,2025-05-03 23:08:46,98.254,2.4442258,-0.471,26.118,0.0,0.0,-12.962749823031244,263.0510131675114,151.09464871949456,Before Launch
1898,2025-05-03 23:08:46,98.3,1.09580056,-1.545,26.123,0.0,0.0,-12.984209505590908,264.05882120949786,154.77978986748838,Before Launch
1899,2025-05-03 23:08:46,98.346,0.49868767999999997,-1.374,26.125,0.0,0.0,-13.388982956954619,265.50768778947315,159.59775209692006,Before Launch
1900,2025-05-03 23:08:46,98.393,2.07349088,-0.428,26.123,0.0,0.0,-12.888820722952486,265.89009443263285,163.0310177074523,Before Launch
1901,2025-05-03 23:08:46,98.452,1.48622052,-0.458,26.118,0.0,0.0,-13.302899905741771,266.3295719959954,165.21604976189215,Before Launch
1902,2025-05-03 23:08:46,98.507,1.72572184,-1.441,26.125,0.0,0.0,-13.662762647689775,266.4983746208944,165.62735541028601,Before Launch
1903,2025-05-03 23:08:46,98.558,1.23687668,-0.602,26.128,0.0,0.0,-15.983726868260177,266.7370682508961,166.858571789624,Before Launch
1904,2025-05-03 23:08:46,98.612,2.46063,-0.237,26.125,0.0,0.0,-18.382964066094786,267.0797972643286,168.7551588080195,Before Launch
1905,2025-05-03 23:08:46,98.665,1.1154856,0.307,26.133,0.0,0.0,-17.23428611684498,268.124370552102,171.5204755413971,Before Launch
1906,2025-05-03 23:08:46,98.719,2.09317592,0.316,26.13,0.0,0.0,-15.954274107380918,268.8744833773934,173.55809869010216,Before Launch
1907,2025-05-03 23:08:46,98.778,1.73228352,-0.61,26.133,0.0,0.0,-16.305792662791717,269.01207943229485,174.0721586515796,Before Launch
1908,2025-05-03 23:08:46,98.834,2.07349088,0.297,26.118,0.0,0.0,-17.441828470764694,268.498412671623,174.54429849614792,Before Launch
1909,2025-05-03 23:08:46,98.882,1.6043307599999999,0.873,26.128,0.0,0.0,-17.454458831772655,268.2154402096677,175.89867319546272,Before Launch
1910,2025-05-03 23:08:46,98.933,3.67125996,2.308,26.115,0.0,0.0,-16.595228133690085,268.72734046145024,-6.61379840422596,Before Launch
1911,2025-05-03 23:08:47,98.989,1.97178484,0.396,26.103,0.0,0.0,-16.132082303826806,268.9323347370259,-59.67452691172586,Before Launch
1912,2025-05-03 23:08:47,99.035,1.95538064,0.293,26.12,0.0,0.0,-15.187562584520474,269.4124225116888,-123.4041431538827,Before Launch
1913,2025-05-03 23:08:47,99.081,1.72572184,0.015,26.105,0.0,0.0,-14.30023207391019,269.80804207674174,-155.06815037388526,Before Launch
1914,2025-05-03 23:08:47,99.137,2.09317592,0.956,26.118,0.0,0.0,-13.896199962537699,269.9908795778965,-164.4030447179047,Before Launch
1915,2025-05-03 23:08:47,99.185,1.97178484,0.675,26.13,0.0,0.0,-13.014498729634894,270.0574911172488,-69.69949202656058,Before Launch
1916,2025-05-03 23:08:47,99.23,1.8339895600000002,0.751,26.123,0.0,0.0,-12.427493665260164,269.9516673542734,53.10380590014835,Before Launch
1917,2025-05-03 23:08:47,99.285,1.97178484,0.309,26.093,0.0,0.0,-12.06060288184484,269.91812892894626,115.44927962251336,Before Launch
1918,2025-05-03 23:08:47,99.343,2.04724416,0.916,26.133,0.0,0.0,-11.88567650502084,269.89943583169975,134.13662851757627,Before Launch
1919,2025-05-03 23:08:47,99.39,3.5301838400000003,2.083,26.118,0.0,0.0,-11.69957789055399,269.78724170051015,156.91757434187625,Before Launch
1920,2025-05-03 23:08:47,99.439,2.89370088,1.757,26.12,0.0,0.0,-11.66127681771271,269.73541860371364,163.5058742649904,Before Launch
1921,2025-05-03 23:08:47,99.493,-0.00984252,0.086,26.123,0.0,0.0,-11.577283473062627,269.54145701132927,171.56287725204047,Before Launch
1922,2025-05-03 23:08:47,99.541,0.84973756,-1.239,26.12,0.0,0.0,-11.326551989044908,269.3372332330848,175.20656895016575,Before Launch
1923,2025-05-03 23:08:47,99.593,1.35498692,0.2,26.105,0.0,0.0,-11.378643428302645,269.1476402731058,176.61469848684362,Before Launch
1924,2025-05-03 23:08:47,99.647,2.5721785600000002,1.594,26.125,0.0,0.0,-11.667521957039689,269.1148157410954,177.00616910386026,Before Launch
1925,2025-05-03 23:08:47,99.692,4.93110252,2.2,26.073,0.0,0.0,-12.252521942686368,269.0599479281083,177.30919270270994,Before Launch
1926,2025-05-03 23:08:47,99.74,2.34251976,0.665,26.128,0.0,0.0,-12.644506873903815,269.14321553097875,177.2837310166419,Before Launch
1927,2025-05-03 23:08:47,99.794,1.4665354800000001,-0.201,26.123,0.0,0.0,-12.76088443717523,269.0650714094275,176.93107204273258,Before Launch
1928,2025-05-03 23:08:47,99.846,1.35498692,0.092,26.12,0.0,0.0,-12.781116196576717,268.9090152917823,176.28165628643845,Before Launch
1929,2025-05-03 23:08:47,99.891,2.296588,-0.128,26.105,0.0,0.0,-12.827068705699856,268.8036044372758,176.04332499048385,Before Launch
1930,2025-05-03 23:08:47,99.948,1.6043307599999999,0.381,26.128,0.0,0.0,-12.815316239747423,268.6262172752208,175.78014634513806,Before Launch
1931,2025-05-03 23:08:48,99.996,1.4665354800000001,-0.491,26.123,0.0,0.0,-12.85095378020654,268.2739981105799,175.60621646887913,Before Launch
1932,2025-05-03 23:08:48,100.043,2.5721785600000002,0.664,26.128,0.0,0.0,-12.812467300870184,267.99748757012793,175.5464325444431,Before Launch
1933,2025-05-03 23:08:48,100.097,2.09317592,0.016,26.12,0.0,0.0,-12.815322398941275,267.09633551654383,175.36197764225577,Before Launch
1934,2025-05-03 23:08:48,100.157,1.09580056,-0.399,26.123,0.0,0.0,-12.869949297740265,266.8043444430105,175.32541164486648,Before Launch
1935,2025-05-03 23:08:48,100.206,1.21719164,-1.928,26.12,0.0,0.0,-13.085131133008476,265.9215757494094,173.4326037799585,Before Launch
1936,2025-05-03 23:08:48,100.252,4.93110252,2.343,26.13,0.0,0.0,-13.168541070972065,265.2947906106457,171.80724422103597,Before Launch
1937,2025-05-03 23:08:48,100.308,-0.11154856,-1.624,26.133,0.0,0.0,-13.176772949414419,263.6553506832973,165.70478343466738,Before Launch
1938,2025-05-03 23:08:48,100.355,0.86614176,-0.675,26.125,0.0,0.0,-13.147187955382305,261.60847184707444,158.59840046441815,Before Launch
1939,2025-05-03 23:08:48,100.405,1.72572184,-0.29,26.125,0.0,0.0,-13.17106080296654,260.46552003488796,154.86454215615217,Before Launch
1940,2025-05-03 23:08:48,100.458,2.5918636,0.487,26.133,0.0,0.0,-13.143527122235877,258.46219288567056,148.06961562130246,Before Launch
1941,2025-05-03 23:08:48,100.505,3.28084,1.135,26.13,0.0,0.0,-12.943678270943188,256.1086878418641,140.81495566405977,Before Launch
1942,2025-05-03 23:08:48,100.557,2.81167988,0.66,26.133,0.0,0.0,-12.410709165418954,253.54670540509804,133.26476162603726,Before Launch
1943,2025-05-03 23:08:48,100.615,1.73228352,-0.248,26.098,0.0,0.0,-11.796235003089937,250.97680737732907,126.53315211535121,Before Launch
1944,2025-05-03 23:08:48,100.671,1.35498692,-1.698,26.1,0.0,0.0,-11.421107111620183,248.1796669221212,121.05932990243515,Before Launch
1945,2025-05-03 23:08:48,100.727,1.1154856,-1.381,26.13,0.0,0.0,-11.340691480791241,246.62327456112916,118.60557799125824,Before Launch
1946,2025-05-03 23:08:48,100.777,2.41469824,1.888,26.103,0.0,0.0,-10.738729338780868,243.87576329336892,113.98320447102671,Before Launch
1947,2025-05-03 23:08:48,100.825,1.6043307599999999,0.588,26.128,0.0,0.0,-10.517470045662877,242.53500894474917,111.96104933245894,Before Launch
1948,2025-05-03 23:08:48,100.877,0.8858268,-0.365,26.135,0.0,0.0,-10.287070040872575,239.88707882858094,108.83232241676359,Before Launch
1949,2025-05-03 23:08:48,100.926,1.3648294399999998,-0.944,26.098,0.0,0.0,-10.165310114159833,237.59638220863295,106.80482946070603,Before Launch
1950,2025-05-03 23:08:49,100.978,1.97178484,-2.301,26.128,0.0,0.0,-10.124983221807513,235.41946386498688,105.24340102992603,Before Launch
1951,2025-05-03 23:08:49,101.035,2.47047252,0.099,26.133,0.0,0.0,-9.83473122228696,234.27934594807692,104.2399604827642,Before Launch
1952,2025-05-03 23:08:49,101.089,2.54593184,0.834,26.108,0.0,0.0,-9.260648490974928,231.95254402345367,102.21866203775909,Before Launch
1953,2025-05-03 23:08:49,101.139,2.09317592,0.571,26.083,0.0,0.0,-8.839155509621481,230.12333545597144,100.6596124417352,Before Launch
1954,2025-05-03 23:08:49,101.186,1.95538064,-0.263,26.113,0.0,0.0,-8.035642297985401,228.94268783845615,99.22376294768446,Before Launch
1955,2025-05-03 23:08:49,101.244,1.8536745999999997,0.192,26.133,0.0,0.0,-7.380439180424421,228.6260740923935,98.29857799413048,Before Launch
1956,2025-05-03 23:08:49,101.301,2.84120744,1.053,26.133,0.0,0.0,-7.091224102517982,228.57415048971296,97.9427749119616,Before Launch
1957,2025-05-03 23:08:49,101.348,0.51509188,-1.576,26.135,0.0,0.0,-6.790513278063012,229.18831347791254,97.52059989841783,Before Launch
1958,2025-05-03 23:08:49,101.395,2.7296588799999997,0.49,26.135,0.0,0.0,-6.417831981885705,230.04384465699212,97.11897663111255,Before Launch
1959,2025-05-03 23:08:49,101.45,3.01509196,1.484,26.098,0.0,0.0,-6.385766681609935,230.30894673383432,96.91964228286683,Before Launch
1960,2025-05-03 23:08:49,101.508,2.2408137200000002,0.786,26.137,0.0,0.0,-6.230705551239016,232.39956339723904,96.8889181461766,Before Launch
1961,2025-05-03 23:08:49,101.558,2.3622047999999998,-1.967,26.128,0.0,0.0,-6.28929209609515,236.30502634073676,97.34855666114515,Before Launch
1962,2025-05-03 23:08:49,101.61,2.6279528400000003,2.104,26.08,0.0,0.0,-6.429037035591803,240.66004290625648,98.39065253788576,Before Launch
1963,2025-05-03 23:08:49,101.665,3.0511812000000003,1.668,26.113,0.0,0.0,-6.538053977335439,243.91620556698697,99.53179965284659,Before Launch
1964,2025-05-03 23:08:49,101.713,2.10301844,0.288,26.133,0.0,0.0,-7.534695830537235,250.82991578502978,103.80980497045702,Before Launch
1965,2025-05-03 23:08:49,101.762,0.8858268,-1.308,26.135,0.0,0.0,-8.643151334911996,257.5327841155517,112.16407363994577,Before Launch
1966,2025-05-03 23:08:49,101.816,2.2408137200000002,-0.793,26.135,0.0,0.0,-9.063907502684986,261.2342835442129,119.52728976298194,Before Launch
1967,2025-05-03 23:08:49,101.869,2.0013123999999998,-0.618,26.143,0.0,0.0,-9.335174040633872,268.5641471061898,144.7299012632366,Before Launch
1968,2025-05-03 23:08:49,101.918,1.8733596399999999,0.108,26.137,0.0,0.0,-9.515394209624848,275.9916215797194,-4.632606103984216,Before Launch
1969,2025-05-03 23:08:49,101.967,1.5748031999999998,0.17,26.123,0.0,0.0,-9.831938434296962,279.55168582459817,-44.50622960620695,Before Launch
1970,2025-05-03 23:08:50,102.025,1.7519685600000001,0.49,26.135,0.0,0.0,-10.373567104164508,287.0228478240564,-86.89515143809889,Before Launch
1971,2025-05-03 23:08:50,102.072,3.4219161199999997,0.778,26.113,0.0,0.0,-11.280443114160235,293.89792580912007,-104.1136015575358,Before Launch
1972,2025-05-03 23:08:50,102.118,2.37204732,0.594,26.143,0.0,0.0,-11.653131878186006,297.45751496881354,-107.66175560440158,Before Launch
1973,2025-05-03 23:08:50,102.17,3.0511812000000003,1.675,26.113,0.0,0.0,-11.623414531356847,303.7136135839215,-109.30330019451259,Before Launch
1974,2025-05-03 23:08:50,102.219,2.2408137200000002,0.677,26.133,0.0,0.0,-10.312295443489262,309.9713432596093,-106.35152960683529,Before Launch
1975,2025-05-03 23:08:50,102.271,3.16272976,0.921,26.14,0.0,0.0,-9.736543932954078,312.78174504912397,-104.85214684497018,Before Launch
1976,2025-05-03 23:08:50,102.321,3.198819,0.566,26.135,0.0,0.0,-7.897601954306374,317.9842523688893,-101.88818389534933,Before Launch
1977,2025-05-03 23:08:50,102.371,5.59711304,2.38,26.137,0.0,0.0,-5.864822925939106,322.3798608767187,-99.97676275471923,Before Launch
1978,2025-05-03 23:08:50,102.421,2.7296588799999997,0.496,26.103,0.0,0.0,-2.9468465499210916,325.58404596843627,-97.9610932205873,During Launch
1979,2025-05-03 23:08:50,102.475,3.8713911999999997,1.486,26.095,0.0,0.0,-1.767790340910707,326.5723455055963,-97.28910695254157,During Launch
1980,2025-05-03 23:08:50,102.522,1.13517064,-0.562,26.133,0.0,0.0,1.054494736981117,327.93742148474723,-96.10291839901049,During Launch
1981,2025-05-03 23:08:50,102.585,2.5918636,-0.194,26.13,0.0,0.0,2.641637074041469,328.0860736335675,-95.81490954348693,During Launch
1982,2025-05-03 23:08:50,102.632,1.23687668,0.562,26.12,0.0,0.0,3.448405221801621,327.6900637473101,-95.3759001385333,During Launch
1983,2025-05-03 23:08:50,102.687,3.69750668,0.749,26.103,0.0,0.0,3.3498900768792117,327.1453355023595,-95.21593147761101,During Launch
1984,2025-05-03 23:08:50,102.734,2.81167988,-0.158,26.118,0.0,0.0,2.328672170429545,325.37874584012775,-95.24433794385337,During Launch
1985,2025-05-03 23:08:50,102.784,3.3562993199999998,0.874,26.135,0.0,0.0,1.3093258966118442,323.95850368614435,-95.58007622340385,During Launch
1986,2025-05-03 23:08:50,102.839,1.48622052,-0.684,26.125,0.0,0.0,-0.2042491090255072,319.9552637018937,-96.3445734557868,During Launch
1987,2025-05-03 23:08:50,102.896,1.73228352,-0.696,26.133,0.0,0.0,-1.04983858988877,314.7509406869414,-96.58694046234514,During Launch
1988,2025-05-03 23:08:50,102.942,0.25918636,-2.186,26.125,0.0,0.0,-1.6503269533172877,307.93719672026435,-96.8462837267104,During Launch
1989,2025-05-03 23:08:51,102.999,2.22112868,0.092,26.133,0.0,0.0,-2.0893191748737885,300.6880743843983,-97.36127657541532,During Launch
1990,2025-05-03 23:08:51,103.054,1.7519685600000001,0.67,26.14,0.0,0.0,-2.028297084337225,296.85208394971573,-97.81957821281391,During Launch
1991,2025-05-03 23:08:51,103.102,2.5918636,0.273,26.137,0.0,0.0,-2.226880139370038,289.6134268722734,-99.69320412571128,During Launch
1992,2025-05-03 23:08:51,103.15,2.70997384,0.553,26.105,0.0,0.0,-2.3913617632101736,286.11457369121683,-101.32872628355318,During Launch
1993,2025-05-03 23:08:51,103.208,1.73228352,-0.109,26.13,0.0,0.0,-2.709707592772681,280.2105257059289,-107.29908718556551,During Launch
1994,2025-05-03 23:08:51,103.259,1.8536745999999997,0.216,26.13,0.0,0.0,-3.1838827154253773,275.93994316039095,-119.1388303147055,During Launch
1995,2025-05-03 23:08:51,103.304,1.5748031999999998,-0.139,26.113,0.0,0.0,-3.352656343527286,273.99562752585217,-132.2551640772157,During Launch
1996,2025-05-03 23:08:51,103.352,1.3648294399999998,-1.607,26.133,0.0,0.0,-3.6862446029425944,270.56949671517623,11.203023361936097,During Launch
1997,2025-05-03 23:08:51,103.397,1.13517064,-0.967,26.137,0.0,0.0,-4.121333113462018,267.61530929343763,68.46070460132748,During Launch
1998,2025-05-03 23:08:51,103.456,2.3622047999999998,-0.536,26.137,0.0,0.0,-4.171666833869603,266.3372606578214,82.78587270698993,During Launch
1999,2025-05-03 23:08:51,103.502,1.8897638399999999,-0.274,26.145,0.0,0.0,-4.284093910155037,264.6782944633911,100.46494402375649,During Launch
2000,2025-05-03 23:08:51,103.557,2.79199484,-0.288,26.11,0.0,0.0,-4.880397126393113,263.72300550706024,111.41711204103687,During Launch
2001,2025-05-03 23:08:51,103.605,3.4219161199999997,0.174,26.143,0.0,0.0,-5.0371275669788895,263.3775220743194,114.95657966072618,During Launch
2002,2025-05-03 23:08:51,103.659,2.3622047999999998,-2.512,26.135,0.0,0.0,-5.132945876007421,262.8237381150132,119.2787942539658,During Launch
2003,2025-05-03 23:08:51,103.708,0.39698163999999997,-1.812,26.137,0.0,0.0,-5.4119939559635055,262.7333533461815,122.83810285400723,During Launch
2004,2025-05-03 23:08:51,103.756,4.10105,0.179,26.09,0.0,0.0,-5.519101222499005,262.73318784052486,124.28524211562629,During Launch
2005,2025-05-03 23:08:51,103.81,2.34251976,0.937,26.128,0.0,0.0,-5.843977623818418,262.9571672548215,127.63385233936951,During Launch
2006,2025-05-03 23:08:51,103.865,2.37204732,-0.172,26.143,0.0,0.0,-7.130780579666179,263.65216324676214,135.09376685102592,During Launch
2007,2025-05-03 23:08:51,103.909,1.8077428400000002,0.447,26.14,0.0,0.0,-7.958660561367007,264.1237527639293,140.14575222250974,During Launch
2008,2025-05-03 23:08:51,103.969,1.52230976,-1.697,26.145,0.0,0.0,-9.028373311603364,265.0602394816133,148.09127725894115,During Launch
2009,2025-05-03 23:08:52,104.025,3.38254604,0.442,26.098,0.0,0.0,-9.529978888775224,265.9363054757944,154.5132242071191,During Launch
2010,2025-05-03 23:08:52,104.072,4.03871404,0.53,26.115,0.0,0.0,-9.604999126286852,266.5715850392029,158.08951965324772,During Launch
2011,2025-05-03 23:08:52,104.124,1.16141736,-0.253,26.153,0.0,0.0,-9.54434442959266,266.7671341094867,159.31071848443256,During Launch
2012,2025-05-03 23:08:52,104.178,3.10695548,1.072,26.143,0.0,0.0,-9.538766054286617,267.3275390687018,161.9712256839694,During Launch
2013,2025-05-03 23:08:52,104.229,0.15748032,-0.079,26.15,0.0,0.0,-9.478265812955794,267.9904090407784,165.29552880782558,During Launch
2014,2025-05-03 23:08:52,104.281,0.9120735200000001,-1.021,26.14,0.0,0.0,-9.5129035847276,268.2631872368835,167.6491731037274,During Launch
2015,2025-05-03 23:08:52,104.335,2.37204732,0.484,26.143,0.0,0.0,-9.415003150399759,268.13899492245906,168.15614315986744,During Launch
2016,2025-05-03 23:08:52,104.393,0.9317585599999999,-1.286,26.157,0.0,0.0,-9.302635307361049,267.6151894825804,168.21465507078463,During Launch
2017,2025-05-03 23:08:52,104.44,1.04330712,-1.292,26.155,0.0,0.0,-9.192551046782413,267.072128300572,167.27384050540337,During Launch
2018,2025-05-03 23:08:52,104.487,1.8897638399999999,0.123,26.145,0.0,0.0,-8.790808311600937,266.8909449367789,167.01222417268374,During Launch
2019,2025-05-03 23:08:52,104.539,1.16141736,-0.541,26.153,0.0,0.0,-8.8641273792399,266.79293214117797,166.95846415926152,During Launch
2020,2025-05-03 23:08:52,104.591,0.78412076,-0.614,26.145,0.0,0.0,-9.55514048298898,267.04694081550383,169.19102726279652,During Launch
2021,2025-05-03 23:08:52,104.641,0.05577428,-1.016,26.13,0.0,0.0,-9.939851840400703,268.48523826958404,175.79768944577754,During Launch
2022,2025-05-03 23:08:52,104.696,0.42650920000000003,-0.546,26.153,0.0,0.0,-9.86072841322936,268.1581726962373,177.520809150223,During Launch
2023,2025-05-03 23:08:52,104.746,0.6725722,-1.31,26.155,0.0,0.0,-11.998320961664191,269.3697845375662,-1.2077989271740392,During Launch
2024,2025-05-03 23:08:52,104.794,1.28280844,-0.47,26.15,0.0,0.0,-13.752731910594907,270.0313783714879,-55.02184308645071,During Launch
2025,2025-05-03 23:08:52,104.84,0.7939632799999999,-1.557,26.153,0.0,0.0,-16.522001177715048,270.1318958270237,-13.115087685337826,During Launch
2026,2025-05-03 23:08:52,104.886,1.1548556799999998,-1.77,26.15,0.0,0.0,-17.70694524967803,269.34924117127065,81.6004315149777,During Launch
2027,2025-05-03 23:08:52,104.94,2.1489502000000003,-0.166,26.155,0.0,0.0,-16.581657233285064,269.0758304086434,108.60906540283324,During Launch
2028,2025-05-03 23:08:53,104.991,2.02099744,1.266,26.15,0.0,0.0,-15.034486346804755,268.3855513467142,140.40837256042818,During Launch
2029,2025-05-03 23:08:53,105.041,2.81167988,-1.003,26.147,0.0,0.0,-14.24455515082267,268.0655235016268,156.2295271396781,During Launch
2030,2025-05-03 23:08:53,105.093,0.9120735200000001,-1.115,26.155,0.0,0.0,-14.20456034747059,267.95551826539815,160.80952062628262,During Launch
2031,2025-05-03 23:08:53,105.138,0.17716536,-1.724,26.15,0.0,0.0,-14.471972175798538,267.81240592157553,166.07687442208604,During Launch
2032,2025-05-03 23:08:53,105.187,1.65026252,-0.123,26.153,0.0,0.0,-14.61104037779012,267.851369778923,169.2420289509208,During Launch
2033,2025-05-03 23:08:53,105.238,2.70997384,0.936,26.128,0.0,0.0,-14.506828290585393,267.8849938509668,170.31221376960096,During Launch
2034,2025-05-03 23:08:53,105.284,1.53215228,-1.47,26.153,0.0,0.0,-16.168517264717128,268.019983792758,172.84730489592843,During Launch
2035,2025-05-03 23:08:53,105.333,2.3622047999999998,-1.33,26.135,0.0,0.0,-17.757740271594123,267.99666073507063,174.04961516516707,During Launch
2036,2025-05-03 23:08:53,105.38,2.19488196,0.823,26.115,0.0,0.0,-19.46397105128753,267.94916468156123,175.40883730867054,During Launch
2037,2025-05-03 23:08:53,105.426,1.52230976,-1.27,26.145,0.0,0.0,-20.59211936266517,267.97935142029445,176.1200478694658,During Launch
2038,2025-05-03 23:08:53,105.478,2.02099744,1.492,26.15,0.0,0.0,-23.018973210350197,267.997334853175,177.19461282143092,During Launch
2039,2025-05-03 23:08:53,105.529,3.16272976,1.803,26.11,0.0,0.0,-26.398473012480004,268.0025676557112,178.0779059295322,During Launch
2040,2025-05-03 23:08:53,105.578,0.9120735200000001,-1.175,26.15,0.0,0.0,-27.54948706828604,267.9883915760913,178.40074356083065,During Launch
2041,2025-05-03 23:08:53,105.634,0.8956693200000001,-0.029,26.143,0.0,0.0,-28.922946341072453,268.0278992747891,178.59242173311162,During Launch
2042,2025-05-03 23:08:53,105.68,1.40091868,0.288,26.147,0.0,0.0,-29.57253511350001,267.9782901610932,178.63187552187827,During Launch
2043,2025-05-03 23:08:53,105.732,4.96063008,2.467,26.118,0.0,0.0,-29.68655255611782,267.85155195179817,178.42560305855565,During Launch
2044,2025-05-03 23:08:53,105.788,2.3622047999999998,0.961,26.135,0.0,0.0,-29.610411024533025,267.7967970505516,178.34942695493112,During Launch
2045,2025-05-03 23:08:53,105.835,4.09448832,2.661,26.135,0.0,0.0,-29.445908567468507,267.7509729244626,178.13732059090563,During Launch
2046,2025-05-03 23:08:53,105.889,2.26049876,1.767,26.145,0.0,0.0,-29.2638218016359,267.6717948108607,177.97654353677981,During Launch
2047,2025-05-03 23:08:53,105.94,0.5446194400000001,0.095,26.143,0.0,0.0,-29.089971095308655,267.64127097372176,177.85880514756278,During Launch
2048,2025-05-03 23:08:54,105.999,0.29527559999999997,-0.301,26.147,0.0,0.0,-29.041865798332008,267.63813034544944,177.7691217246513,During Launch
2049,2025-05-03 23:08:54,106.047,0.42650920000000003,-0.683,26.153,0.0,0.0,-28.930276796232917,267.62647015193613,177.62438229659023,During Launch
2050,2025-05-03 23:08:54,106.093,2.37204732,1.259,26.15,0.0,0.0,-28.72563650058109,267.57470660768524,177.52914787474685,During Launch
2051,2025-05-03 23:08:54,106.153,1.04330712,-0.088,26.155,0.0,0.0,-28.612200554360065,267.52745827499314,177.4445629711297,During Launch
2052,2025-05-03 23:08:54,106.207,1.1154856,-0.816,26.153,0.0,0.0,-28.440111382768368,267.5263302953556,177.29358317328436,During Launch
2053,2025-05-03 23:08:54,106.259,1.7716536,-0.197,26.108,0.0,0.0,-28.2910978607461,267.50233298504253,177.29378595877384,During Launch
2054,2025-05-03 23:08:54,106.304,1.7814961200000001,-0.816,26.143,0.0,0.0,-28.20757305354841,267.60304893556116,177.38024878621482,During Launch
2055,2025-05-03 23:08:54,106.358,2.0013123999999998,0.861,26.143,0.0,0.0,-28.199219186166737,267.6621202177473,177.44254943580376,During Launch
2056,2025-05-03 23:08:54,106.407,1.40091868,0.964,26.147,0.0,0.0,-28.20894750202748,267.7457922806641,177.52942973093135,During Launch
2057,2025-05-03 23:08:54,106.459,1.28280844,-0.289,26.145,0.0,0.0,-28.245569429927148,267.7690964228939,177.5514168948188,During Launch
2058,2025-05-03 23:08:54,106.517,1.0334646,-1.311,26.145,0.0,0.0,-28.237319177653315,267.7726519677213,177.43936580592944,During Launch
2059,2025-05-03 23:08:54,106.573,2.79199484,0.977,26.135,0.0,0.0,-28.228615987791088,267.76969885578404,177.40035444806125,During Launch
2060,2025-05-03 23:08:54,106.627,0.42650920000000003,-1.496,26.153,0.0,0.0,-28.2428608091102,267.723947024767,177.31449893059985,During Launch
2061,2025-05-03 23:08:54,106.679,2.02099744,-0.134,26.15,0.0,0.0,-28.241863187384276,267.67433610857825,177.26187076167017,During Launch
2062,2025-05-03 23:08:54,106.724,2.13910768,0.475,26.14,0.0,0.0,-28.236842481780066,267.63699337745726,177.14473830019352,During Launch
2063,2025-05-03 23:08:54,106.782,2.07349088,0.04,26.11,0.0,0.0,-28.32543038531033,267.7017601561379,177.10707240172232,During Launch
2064,2025-05-03 23:08:54,106.829,1.63385832,-1.176,26.143,0.0,0.0,-28.24548945445784,267.65549386785864,176.98208648108235,During Launch
2065,2025-05-03 23:08:54,106.876,2.22112868,1.009,26.13,0.0,0.0,-28.251699392106342,267.6128906023448,176.93315401348323,During Launch
2066,2025-05-03 23:08:54,106.931,1.52230976,0.483,26.145,0.0,0.0,-28.197605268453202,267.5465259228403,176.83495034113608,During Launch
2067,2025-05-03 23:08:55,106.981,0.9120735200000001,-0.376,26.15,0.0,0.0,-28.160507988271707,267.4916722629926,176.73112780182208,During Launch
2068,2025-05-03 23:08:55,107.028,0.66601052,-3.314,26.12,0.0,0.0,-28.133196322187164,267.5028781571669,176.73673186337498,During Launch
2069,2025-05-03 23:08:55,107.083,3.4219161199999997,0.818,26.113,0.0,0.0,-28.100442094408155,267.5505247188605,176.77689783464007,During Launch
2070,2025-05-03 23:08:55,107.134,1.16141736,-2.258,26.153,0.0,0.0,-28.089109479021257,267.5623780717264,176.83720381159173,During Launch
2071,2025-05-03 23:08:55,107.18,1.65026252,-0.473,26.137,0.0,0.0,-28.097734958179704,267.61593789404037,176.88439066763968,During Launch
2072,2025-05-03 23:08:55,107.235,0.30511812,-0.185,26.155,0.0,0.0,-28.139940524059053,267.63055280637616,176.90333508897396,During Launch
2073,2025-05-03 23:08:55,107.284,1.01377956,0.559,26.14,0.0,0.0,-28.12661268015257,267.654416967988,176.91421622726037,During Launch
2074,2025-05-03 23:08:55,107.329,0.29527559999999997,-0.102,26.15,0.0,0.0,-28.17663351239159,267.64836378875714,176.77069929797284,During Launch
2075,2025-05-03 23:08:55,107.385,1.16141736,-0.937,26.153,0.0,0.0,-28.211697707250448,267.63287356634464,176.7372312687034,During Launch
2076,2025-05-03 23:08:55,107.432,1.66994756,0.49,26.157,0.0,0.0,-28.265336204253675,267.60777983631687,176.61527671241276,During Launch
2077,2025-05-03 23:08:55,107.48,0.19356956,-0.724,26.157,0.0,0.0,-28.28482344621033,267.56594054347386,176.54407850138278,During Launch
2078,2025-05-03 23:08:55,107.533,1.66994756,-0.08,26.157,0.0,0.0,-28.292761968136805,267.5450933583469,176.53427199583356,During Launch
2079,2025-05-03 23:08:55,107.584,1.06299216,-0.561,26.163,0.0,0.0,-28.275903579683785,267.5719843138411,176.5124685653427,During Launch
2080,2025-05-03 23:08:55,107.628,1.30249348,-0.55,26.157,0.0,0.0,-28.41681395556602,267.5802233184318,176.57742123761807,During Launch
2081,2025-05-03 23:08:55,107.684,0.9416010799999999,-0.36,26.165,0.0,0.0,-30.1627994129621,267.51114394940856,176.64517802717353,During Launch
2082,2025-05-03 23:08:55,107.734,1.55183732,0.211,26.16,0.0,0.0,-29.642846499069844,267.5822426557605,176.63686377032633,During Launch
2083,2025-05-03 23:08:55,107.781,1.40091868,0.291,26.155,0.0,0.0,-27.371484595556996,267.6570793930302,176.54910211373246,During Launch
2084,2025-05-03 23:08:55,107.838,1.55183732,-0.98,26.16,0.0,0.0,-27.77085685499096,267.59575090191305,176.56384559132437,During Launch
2085,2025-05-03 23:08:55,107.884,-0.062335959999999996,-0.389,26.155,0.0,0.0,-28.444905692450046,267.4980707374428,176.54218690920592,During Launch
2086,2025-05-03 23:08:55,107.936,1.4107612,-0.485,26.167,0.0,0.0,-28.863999636488916,267.39563256332093,176.51890021398236,During Launch
2087,2025-05-03 23:08:56,107.99,2.02099744,-0.093,26.15,0.0,0.0,-27.775585814885755,267.38875162257244,176.3869221739269,During Launch
2088,2025-05-03 23:08:56,108.038,2.6935696399999998,0.494,26.12,0.0,0.0,-25.070409443240155,267.4873427567217,176.162194061673,During Launch
2089,2025-05-03 23:08:56,108.083,1.3123360000000002,-0.256,26.14,0.0,0.0,-23.73690371235541,267.5602741520205,176.01406941271162,During Launch
2090,2025-05-03 23:08:56,108.129,1.1811023999999999,-0.83,26.155,0.0,0.0,-22.549777398545935,267.5259633401186,175.6450732342672,During Launch
2091,2025-05-03 23:08:56,108.18,1.66994756,0.118,26.157,0.0,0.0,-21.957612224071536,267.5058642378724,175.30634658939783,During Launch
2092,2025-05-03 23:08:56,108.232,1.66994756,0.606,26.16,0.0,0.0,-18.535556292009314,267.5384512514388,173.58629657501402,During Launch
2093,2025-05-03 23:08:56,108.282,1.55183732,0.706,26.16,0.0,0.0,-14.120170073531467,267.55263826093795,170.47327485640744,During Launch
2094,2025-05-03 23:08:56,108.331,2.16863524,-1.004,26.163,0.0,0.0,-12.377741936442899,267.5845780775791,169.461593228261,During Launch
2095,2025-05-03 23:08:56,108.389,1.20078744,0.031,26.167,0.0,0.0,-8.976577523410636,267.6692838741072,167.35284490525592,During Launch
2096,2025-05-03 23:08:56,108.447,1.55183732,-0.078,26.143,0.0,0.0,-7.9418482562521175,267.6611346432558,166.81161675268413,During Launch
2097,2025-05-03 23:08:56,108.492,1.55183732,0.992,26.157,0.0,0.0,-6.694854983657623,267.6544054292515,166.10817566523087,During Launch
2098,2025-05-03 23:08:56,108.55,0.9317585599999999,-0.065,26.157,0.0,0.0,-6.063316258357567,267.68752498201184,165.77382086563884,During Launch
2099,2025-05-03 23:08:56,108.609,4.87860908,3.581,26.105,0.0,0.0,-4.81978919949468,267.81366992811627,164.6547528019284,During Launch
2100,2025-05-03 23:08:56,108.67,1.1811023999999999,0.015,26.115,0.0,0.0,-4.104493265492237,268.07479030820525,164.7098832397919,During Launch
2101,2025-05-03 23:08:56,108.721,2.22112868,0.428,26.13,0.0,0.0,-3.090466247753832,268.2086903260982,154.30723860780083,During Launch
2102,2025-05-03 23:08:56,108.77,2.16863524,1.531,26.163,0.0,0.0,-0.49333158661233156,268.1471356898613,89.83999661992515,During Launch
2103,2025-05-03 23:08:56,108.824,2.28674548,0.478,26.165,0.0,0.0,0.7915984978913264,268.0912546888107,66.89352461859056,During Launch
2104,2025-05-03 23:08:56,108.878,2.6574804000000003,1.232,26.16,0.0,0.0,2.049449532603037,267.92320296074973,39.43672786498834,During Launch
2105,2025-05-03 23:08:56,108.925,2.03740164,0.567,26.155,0.0,0.0,1.6606888581585477,267.8284077617914,26.13461336556276,During Launch
2106,2025-05-03 23:08:57,108.984,2.49015756,1.191,26.14,0.0,0.0,1.196063219989525,267.8509931728221,22.42806589338037,During Launch
2107,2025-05-03 23:08:57,109.041,2.87729668,1.014,26.147,0.0,0.0,-0.2781722280563059,267.67688131563165,20.471516026770697,During Launch
2108,2025-05-03 23:08:57,109.09,2.18832028,0.602,26.17,0.0,0.0,-1.805372899450757,267.2359340061991,40.87835714703985,During Launch
2109,2025-05-03 23:08:57,109.14,3.22834656,1.288,26.14,0.0,0.0,-3.6682549759180616,266.9540688454195,71.02406425402617,During Launch
2110,2025-05-03 23:08:57,109.195,1.20078744,0.963,26.167,0.0,0.0,-9.4571780938147,266.5094302988897,117.9657085776943,During Launch
2111,2025-05-03 23:08:57,109.244,2.18832028,0.594,26.17,0.0,0.0,-16.24203394219281,266.2530441104513,144.56754397905578,During Launch
2112,2025-05-03 23:08:57,109.291,2.7854331599999997,0.588,26.163,0.0,0.0,-20.974474953554314,266.517231966679,159.34617859830044,During Launch
2113,2025-05-03 23:08:57,109.348,0.71194228,-1.513,26.172,0.0,0.0,-22.455934029874566,266.6273613351103,163.82783977818758,During Launch
2114,2025-05-03 23:08:57,109.392,1.56824152,0.195,26.167,0.0,0.0,-24.30893607774775,266.8528973406617,169.33545544604377,During Launch
2115,2025-05-03 23:08:57,109.441,1.0892388800000001,-0.07,26.165,0.0,0.0,-24.899898648256737,267.0530927663114,172.24969442021182,During Launch
2116,2025-05-03 23:08:57,109.499,0.22309712,-1.097,26.172,0.0,0.0,-25.028591711088346,267.12414799659143,173.1494251661397,During Launch
2117,2025-05-03 23:08:57,109.558,1.9389764399999998,0.203,26.178,0.0,0.0,-25.669603035079273,267.4325559313945,175.0373944822195,During Launch
2118,2025-05-03 23:08:57,109.632,1.3484252399999999,-0.151,26.155,0.0,0.0,-25.732982719776928,267.45798813694057,175.27488930356677,During Launch
2119,2025-05-03 23:08:57,109.677,2.8051182,0.473,26.172,0.0,0.0,-25.32732914020279,267.5410232515148,175.62687523604524,During Launch
2120,2025-05-03 23:08:57,109.738,1.81758536,0.457,26.17,0.0,0.0,-25.435895928687533,267.59449485027096,175.78434620951782,During Launch
2121,2025-05-03 23:08:57,109.785,1.07939636,-0.353,26.17,0.0,0.0,-26.17435166664442,267.67484843316834,176.11352628928273,During Launch
2122,2025-05-03 23:08:57,109.833,1.07939636,-0.352,26.17,0.0,0.0,-26.530093553615927,267.65250829280694,176.282482773438,During Launch
2123,2025-05-03 23:08:57,109.879,2.3622047999999998,1.076,26.135,0.0,0.0,-27.073105450094175,267.64975101884585,176.4014755997706,During Launch
2124,2025-05-03 23:08:57,109.936,0.9612861199999999,-2.952,26.17,0.0,0.0,-27.381299503688876,267.686996924055,176.43334171233823,During Launch
2125,2025-05-03 23:08:58,109.986,1.45013128,0.204,26.175,0.0,0.0,-27.49797926361663,267.5668389773571,176.24607741286144,During Launch
2126,2025-05-03 23:08:58,110.04,1.7716536,-0.341,26.147,0.0,0.0,-27.53952487111659,267.54435679025386,176.1736335356767,During Launch
2127,2025-05-03 23:08:58,110.088,3.09711296,0.704,26.125,0.0,0.0,-27.521676599475878,267.44895968681965,176.0587445481569,During Launch
2128,2025-05-03 23:08:58,110.131,1.07939636,-0.924,26.17,0.0,0.0,-27.5594369662753,267.42723222146327,176.0522615775442,During Launch
2129,2025-05-03 23:08:58,110.177,0.9612861199999999,-1.306,26.172,0.0,0.0,-27.53943422429411,267.42361008719513,175.9481133489744,During Launch
2130,2025-05-03 23:08:58,110.221,0.24278216,-1.385,26.18,0.0,0.0,-27.49593421731568,267.40966115822954,175.90781308362324,During Launch
2131,2025-05-03 23:08:58,110.264,0.46259843999999994,-1.584,26.167,0.0,0.0,-27.359669966599004,267.5308082732407,176.0531821683868,During Launch
2132,2025-05-03 23:08:58,110.306,-0.26574804,-2.485,26.175,0.0,0.0,-27.301187763372337,267.57354953809414,176.10019451164905,During Launch
2133,2025-05-03 23:08:58,110.351,0.56430448,-1.288,26.157,0.0,0.0,-27.282752876270123,267.56366088124685,176.08926128428806,During Launch
2134,2025-05-03 23:08:58,110.394,0.9612861199999999,-1.808,26.172,0.0,0.0,-27.30529846215596,267.603533376509,176.09130993946198,During Launch
2135,2025-05-03 23:08:58,110.438,0.9416010799999999,-0.209,26.165,0.0,0.0,-27.38030374124662,267.61475440360596,176.07444571629736,During Launch
2136,2025-05-03 23:08:58,110.481,1.45013128,-0.597,26.17,0.0,0.0,-27.411554026458774,267.6089125211236,176.09144412016752,During Launch
2137,2025-05-03 23:08:58,110.527,1.67979008,-0.895,26.165,0.0,0.0,-27.402939309004477,267.59427265097975,176.11202373727892,During Launch
2138,2025-05-03 23:08:58,110.571,3.4481628399999997,2.237,26.175,0.0,0.0,-27.45962985689176,267.6268206767176,176.1247760343559,During Launch
2139,2025-05-03 23:08:58,110.614,0.8595800800000001,-0.58,26.182,0.0,0.0,-27.461900975215443,267.6431175819125,176.14666620704676,During Launch
2140,2025-05-03 23:08:58,110.658,0.61023624,-0.394,26.17,0.0,0.0,-27.441980665677658,267.6073582442246,176.19952191810796,During Launch
2141,2025-05-03 23:08:58,110.703,1.3287402000000001,0.918,26.175,0.0,0.0,-27.518559922951066,267.6252629999428,176.212786597821,During Launch
2142,2025-05-03 23:08:58,110.755,1.45013128,-0.408,26.17,0.0,0.0,-27.558011393986575,267.63279409670935,176.19459746169773,During Launch
2143,2025-05-03 23:08:58,110.806,1.9389764399999998,0.503,26.167,0.0,0.0,-27.61121403757943,267.506750055212,175.98760765190687,During Launch
2144,2025-05-03 23:08:58,110.853,2.5721785600000002,-0.198,26.123,0.0,0.0,-27.64061098035503,267.47994732677444,175.89030024273637,During Launch
2145,2025-05-03 23:08:58,110.911,3.6154856800000004,1.533,26.157,0.0,0.0,-27.643355342322423,267.44807501983377,175.77145761433326,During Launch
2146,2025-05-03 23:08:58,110.96,0.47244095999999997,-0.517,26.175,0.0,0.0,-27.608432705526717,267.465398877853,175.81005602588928,During Launch
2147,2025-05-03 23:08:59,111.005,1.56824152,0.417,26.182,0.0,0.0,-27.584175193068877,267.4795347807006,175.8253327017966,During Launch
2148,2025-05-03 23:08:59,111.051,2.18832028,-0.148,26.17,0.0,0.0,-27.55203251566045,267.5105606665139,175.8090901384463,During Launch
2149,2025-05-03 23:08:59,111.096,1.67979008,0.619,26.165,0.0,0.0,-27.535673457901535,267.50569502054935,175.85355468225345,During Launch
2150,2025-05-03 23:08:59,111.142,1.3123360000000002,-0.119,26.18,0.0,0.0,-27.571887690077347,267.4857068827728,175.83329117884307,During Launch
2151,2025-05-03 23:08:59,111.185,0.12139108,-1.441,26.182,0.0,0.0,-27.55618915672036,267.49025265222656,175.77439359442857,During Launch
2152,2025-05-03 23:08:59,111.228,1.89960636,-1.05,26.153,0.0,0.0,-27.54272239583224,267.48778480140305,175.71141033112167,During Launch
2153,2025-05-03 23:08:59,111.271,1.9488189599999999,0.763,26.17,0.0,0.0,-27.559112251507166,267.48564762325793,175.70239365643627,During Launch
2154,2025-05-03 23:08:59,111.313,0.62007876,-0.3,26.188,0.0,0.0,-27.620292099802064,267.46003859349054,175.65617984311572,During Launch
2155,2025-05-03 23:08:59,111.356,1.3484252399999999,0.974,26.18,0.0,0.0,-27.6264567959085,267.4484909094369,175.63392120273986,During Launch
2156,2025-05-03 23:08:59,111.399,0.8595800800000001,0.35,26.178,0.0,0.0,-27.61718379213284,267.4509964531175,175.5901762437529,During Launch
2157,2025-05-03 23:08:59,111.442,0.35104988,0.543,26.178,0.0,0.0,-27.62575772238125,267.42090165672766,175.57731168043705,During Launch
2158,2025-05-03 23:08:59,111.495,0.5905511999999999,0.023,26.172,0.0,0.0,-27.597316924181385,267.41555799334475,175.57173097918118,During Launch
2159,2025-05-03 23:08:59,111.539,-0.0164042,-0.854,26.178,0.0,0.0,-27.567663282437774,267.44577922005635,175.6378462450812,During Launch
2160,2025-05-03 23:08:59,111.582,0.25262468,-0.602,26.188,0.0,0.0,-27.583011708996402,267.45176788056784,175.65065213369633,During Launch
2161,2025-05-03 23:08:59,111.625,1.9652231599999999,0.45,26.182,0.0,0.0,-27.566022704395678,267.460496412669,175.65549230976367,During Launch
2162,2025-05-03 23:08:59,111.667,1.0892388800000001,-0.518,26.178,0.0,0.0,-27.563476541943754,267.50754833218144,175.6974223725519,During Launch
2163,2025-05-03 23:08:59,111.71,0.25262468,-2.806,26.188,0.0,0.0,-27.586868955884288,267.5061662636242,175.70225289983387,During Launch
2164,2025-05-03 23:08:59,111.752,2.08661424,1.078,26.18,0.0,0.0,-27.580965702860617,267.53067704158786,175.71281981095385,During Launch
2165,2025-05-03 23:08:59,111.795,1.8471129199999998,1.088,26.185,0.0,0.0,-27.53859869063428,267.5499816846352,175.70697396363883,During Launch
2166,2025-05-03 23:08:59,111.838,0.97769032,-0.309,26.18,0.0,0.0,-27.55352135609138,267.54870484881553,175.7144552145738,During Launch
2167,2025-05-03 23:08:59,111.88,1.9652231599999999,0.458,26.182,0.0,0.0,-27.551188948495422,267.5347136135722,175.724844388423,During Launch
2168,2025-05-03 23:08:59,111.922,2.3359580799999997,0.356,26.17,0.0,0.0,-27.558304904429693,267.51551805446326,175.68681145231452,During Launch
2169,2025-05-03 23:08:59,111.965,0.35104988,-1.997,26.178,0.0,0.0,-27.56125736165625,267.5346046571822,175.6508608825083,During Launch
2170,2025-05-03 23:09:00,112.008,1.4599738,-1.965,26.178,0.0,0.0,-27.52296955270392,267.56198909001415,175.6792425712854,During Launch
2171,2025-05-03 23:09:00,112.051,0.47244095999999997,0.0,26.175,0.0,0.0,-27.555778618920648,267.56225924221025,175.67250095107087,During Launch
2172,2025-05-03 23:09:00,112.099,0.8595800800000001,-0.648,26.128,0.0,0.0,-27.57488540961426,267.57675777521354,175.6647722732818,During Launch
2173,2025-05-03 23:09:00,112.157,1.22703416,-0.869,26.165,0.0,0.0,-27.583153397945214,267.5793014557891,175.64740926341557,During Launch
2174,2025-05-03 23:09:00,112.205,3.2480316,1.414,26.17,0.0,0.0,-27.573441946810796,267.5545753884535,175.62050521907827,During Launch
2175,2025-05-03 23:09:00,112.266,0.98753284,-0.289,26.188,0.0,0.0,-27.542216757805456,267.5444014629162,175.59820078382123,During Launch
2176,2025-05-03 23:09:00,112.31,2.40813656,2.033,26.157,0.0,0.0,-27.51969687623235,267.5910626790798,175.6302527755888,During Launch
2177,2025-05-03 23:09:00,112.359,0.738189,-1.027,26.185,0.0,0.0,-27.520284783762644,267.5573962249459,175.64491416519894,During Launch
2178,2025-05-03 23:09:00,112.402,0.738189,-1.07,26.185,0.0,0.0,-27.50824828673027,267.54312472998237,175.641868030725,During Launch
2179,2025-05-03 23:09:00,112.446,1.59776908,0.863,26.185,0.0,0.0,-27.477916642877393,267.5375721070794,175.665332164258,During Launch
2180,2025-05-03 23:09:00,112.489,2.08661424,0.652,26.18,0.0,0.0,-27.498288117169498,267.55056664626125,175.6744172454729,During Launch
2181,2025-05-03 23:09:00,112.532,2.0013123999999998,1.008,26.143,0.0,0.0,-27.539766578766255,267.5522048937245,175.6772398206113,During Launch
2182,2025-05-03 23:09:00,112.584,2.55577436,1.931,26.17,0.0,0.0,-27.554359085443522,267.57863290189715,175.68827503259004,During Launch
2183,2025-05-03 23:09:00,112.632,1.22703416,0.56,26.188,0.0,0.0,-27.58106873024961,267.58061175094406,175.69131561774378,During Launch
2184,2025-05-03 23:09:00,112.677,1.72572184,1.531,26.182,0.0,0.0,-27.58328020519176,267.5599231541216,175.69232463980856,During Launch
2185,2025-05-03 23:09:00,112.733,2.55577436,2.001,26.17,0.0,0.0,-27.576725296811574,267.57849832341884,175.69712843129398,During Launch
2186,2025-05-03 23:09:00,112.781,0.98753284,-0.846,26.188,0.0,0.0,-27.60068773671951,267.52044593335546,175.6427654104197,During Launch
2187,2025-05-03 23:09:00,112.826,-0.11811023999999999,-1.042,26.188,0.0,0.0,-27.60741500007771,267.55095714316974,175.6126725480738,During Launch
2188,2025-05-03 23:09:00,112.872,1.8471129199999998,1.372,26.185,0.0,0.0,-27.593326252533057,267.5576373032686,175.610197143607,During Launch
2189,2025-05-03 23:09:00,112.919,1.8471129199999998,-0.205,26.182,0.0,0.0,-27.596188373557187,267.58027218061585,175.6056416841072,During Launch
2190,2025-05-03 23:09:00,112.963,1.10892392,-0.632,26.185,0.0,0.0,-27.59594498146978,267.5529673454791,175.57374183906495,During Launch
2191,2025-05-03 23:09:01,113.006,0.62007876,-0.306,26.188,0.0,0.0,-27.58294489390929,267.54932268495423,175.57964369263325,During Launch
2192,2025-05-03 23:09:01,113.05,0.25262468,-1.464,26.188,0.0,0.0,-27.568806469490397,267.5217116149392,175.5034069272878,During Launch
2193,2025-05-03 23:09:01,113.093,0.25262468,-1.779,26.188,0.0,0.0,-27.578591869256545,267.50652649022226,175.47824654936295,During Launch
2194,2025-05-03 23:09:01,113.137,3.36614184,2.573,26.145,0.0,0.0,-27.585430223153942,267.49217055351255,175.42403048686464,During Launch
2195,2025-05-03 23:09:01,113.183,1.71587932,0.218,26.18,0.0,0.0,-27.562095548714655,267.483764289615,175.38021985928236,During Launch
2196,2025-05-03 23:09:01,113.226,1.10892392,0.542,26.185,0.0,0.0,-27.55147498766935,267.47141204446274,175.36849687169865,During Launch
2197,2025-05-03 23:09:01,113.269,1.10892392,0.213,26.185,0.0,0.0,-27.56454424841144,267.48281180557626,175.39291199949133,During Launch
2198,2025-05-03 23:09:01,113.313,0.5085302,-0.622,26.19,0.0,0.0,-27.5444324826382,267.4626941060561,175.40555335096985,During Launch
2199,2025-05-03 23:09:01,113.355,0.62007876,-2.285,26.188,0.0,0.0,-27.53971912389719,267.46309051080675,175.42454981314555,During Launch
2200,2025-05-03 23:09:01,113.398,0.39041995999999995,-0.527,26.192,0.0,0.0,-27.480792631065327,267.47984117942474,175.41460916336985,During Launch
2201,2025-05-03 23:09:01,113.441,0.62007876,-1.581,26.188,0.0,0.0,-27.493505770908783,267.4786412697205,175.37155814185368,During Launch
2202,2025-05-03 23:09:01,113.483,0.75787404,0.018,26.192,0.0,0.0,-27.52986504661978,267.5135568061812,175.43229702862203,During Launch
2203,2025-05-03 23:09:01,113.525,1.6174541199999999,0.783,26.19,0.0,0.0,-27.53379325734616,267.5488260891774,175.461959315761,During Launch
2204,2025-05-03 23:09:01,113.57,1.4960630400000001,-0.09,26.153,0.0,0.0,-27.560865138552366,267.5644675158079,175.48823862119514,During Launch
2205,2025-05-03 23:09:01,113.612,0.738189,-1.201,26.185,0.0,0.0,-27.551623530943026,267.5535151692266,175.49810479264457,During Launch
2206,2025-05-03 23:09:01,113.654,2.45406832,0.404,26.18,0.0,0.0,-27.596493398196372,267.5318282099151,175.5276527586057,During Launch
2207,2025-05-03 23:09:01,113.697,1.59776908,-0.861,26.188,0.0,0.0,-27.601072567428,267.52141631838583,175.5203637809101,During Launch
2208,2025-05-03 23:09:01,113.74,2.1981628,0.876,26.178,0.0,0.0,-27.612352326851955,267.51851015190863,175.4616763632788,During Launch
2209,2025-05-03 23:09:01,113.783,2.40813656,0.617,26.157,0.0,0.0,-27.56224122432277,267.5184308001909,175.43618252050854,During Launch
2210,2025-05-03 23:09:01,113.825,1.10892392,-1.325,26.185,0.0,0.0,-27.561263763444714,267.498616861549,175.41201164720647,During Launch
2211,2025-05-03 23:09:01,113.868,2.35236228,1.256,26.19,0.0,0.0,-27.570080445290742,267.46139932865907,175.43035149995143,During Launch
2212,2025-05-03 23:09:01,113.911,1.72572184,1.699,26.188,0.0,0.0,-27.57591269476041,267.4604081405689,175.4338550723638,During Launch
2213,2025-05-03 23:09:01,113.954,2.214567,0.34,26.185,0.0,0.0,-27.58483525672594,267.48370000274855,175.4547016745245,During Launch
2214,2025-05-03 23:09:02,113.996,1.10892392,-0.685,26.185,0.0,0.0,-27.58883933559787,267.54815746377164,175.51378983333893,During Launch
2215,2025-05-03 23:09:02,114.039,1.2467192,0.128,26.19,0.0,0.0,-27.581821021054996,267.59805199619416,175.533006101462,During Launch
2216,2025-05-03 23:09:02,114.086,1.10892392,0.453,26.185,0.0,0.0,-27.572198320373086,267.61491291257016,175.56162617248884,During Launch
2217,2025-05-03 23:09:02,114.132,4.8228348,4.224,26.145,0.0,0.0,-27.571723648905152,267.6263218542526,175.57380525922218,During Launch
2218,2025-05-03 23:09:02,114.183,1.6174541199999999,1.252,26.19,0.0,0.0,-27.563059586251956,267.6003361113769,175.60179253421143,During Launch
2219,2025-05-03 23:09:02,114.227,0.738189,-2.411,26.185,0.0,0.0,-27.584208585210376,267.6079927730985,175.62750474917712,During Launch
2220,2025-05-03 23:09:02,114.27,3.86482952,1.977,26.185,0.0,0.0,-27.608971004270597,267.60646927522265,175.61571626454025,During Launch
2221,2025-05-03 23:09:02,114.313,0.87926512,-0.211,26.19,0.0,0.0,-27.67532837032661,267.60275203097,175.58211546713554,During Launch
2222,2025-05-03 23:09:02,114.355,2.41797908,1.205,26.165,0.0,0.0,-27.71103957897131,267.5619657354011,175.5854161361949,During Launch
2223,2025-05-03 23:09:02,114.4,0.6397638,0.121,26.195,0.0,0.0,-27.715115218000513,267.562713824797,175.51102801154428,During Launch
2224,2025-05-03 23:09:02,114.443,-0.34776904,-0.89,26.192,0.0,0.0,-27.68359314196859,267.5401639790508,175.5059530714114,During Launch
2225,2025-05-03 23:09:02,114.489,3.25787412,2.628,26.155,0.0,0.0,-27.640425262486776,267.4688872098815,175.42610610902642,During Launch
2226,2025-05-03 23:09:02,114.534,1.4960630400000001,0.801,26.192,0.0,0.0,-27.640163451931564,267.4778542553034,175.40863769389134,During Launch
2227,2025-05-03 23:09:02,114.589,4.2158793999999995,3.127,26.143,0.0,0.0,-27.611979825818032,267.49727157365635,175.47000532414773,During Launch
Apogee,Temp of Landing Site,Landing Time,Max velocity,Roll,Pitch,Yaw
4.96063008,26.197,23:09:02,4.224,-27.62902409026192,267.5026152947596,175.4673123468387
4.96063008,26.23,23:09:02,4.224,-27.61858559135184,267.5489251113979,175.42744156515187
