n,Datetime (UTC),Timestamp (s),Altitude (ft),Velocity (ft/s),Temperature (C),Longitude,Latitude,Roll (°),Pitch (°),Yaw (°),Flag
0,2025-03-22 10:57:09,0.004,1.71587932,,32.96,-1,-1,0.0,0.0,0.0,Before Launch
1,2025-03-22 10:57:09,0.046,1.0334646,,32.958,-1,-1,0.0,0.0,0.0,Before Launch
2,2025-03-22 10:57:09,0.089,1.6043307599999999,,32.962,-1,-1,0.0,0.0,0.0,Before Launch
3,2025-03-22 10:57:09,0.132,2.8051182,,32.962,-1,-1,0.0,0.0,0.0,Before Launch
4,2025-03-22 10:57:09,0.174,0.8038058,,32.962,-1,-1,0.0,0.0,0.0,Before Launch
5,2025-03-22 10:57:09,0.217,5.4297902,,32.915,-1,-1,0.0,0.0,0.0,Before Launch
6,2025-03-22 10:57:09,0.26,2.1653544,,32.968,-1,-1,0.0,0.0,0.0,Before Launch
7,2025-03-22 10:57:09,0.302,1.24015752,,32.928,-1,-1,0.0,0.0,0.0,Before Launch
8,2025-03-22 10:57:09,0.345,1.3648294399999998,,32.97,-1,-1,0.0,0.0,0.0,Before Launch
9,2025-03-22 10:57:09,0.388,2.40485572,,32.962,-1,-1,0.0,0.0,0.0,Before Launch
10,2025-03-22 10:57:09,0.431,2.40485572,,32.962,-1,-1,0.0,0.0,0.0,Before Launch
11,2025-03-22 10:57:09,0.474,2.1653544,,32.968,-1,-1,0.0,0.0,0.0,Before Launch
12,2025-03-22 10:57:09,0.517,1.20406828,,32.962,-1,-1,0.0,0.0,0.0,Before Launch
13,2025-03-22 10:57:09,0.561,3.8976379199999998,,32.943,-1,-1,0.0,0.0,0.0,Before Launch
14,2025-03-22 10:57:09,0.607,2.2342520400000003,,32.958,-1,-1,0.0,0.0,0.0,Before Launch
15,2025-03-22 10:57:09,0.65,2.1653544,,32.965,-1,-1,0.0,0.0,0.0,Before Launch
16,2025-03-22 10:57:09,0.703,2.1653544,,32.968,-117.79524866666667,35.105358333333335,0.0,0.0,0.0,Before Launch
17,2025-03-22 10:57:09,0.753,1.41732288,,32.975,-117.79524866666667,35.105358333333335,0.0,0.0,0.0,Before Launch
18,2025-03-22 10:57:09,0.797,1.7650919200000001,,32.968,-117.79524866666667,35.105358333333335,0.0,0.0,0.0,Before Launch
19,2025-03-22 10:57:10,0.841,2.44750664,,32.97,-117.79524866666667,35.105358333333335,0.0,0.0,0.0,Before Launch
20,2025-03-22 10:57:10,0.886,1.71587932,,32.96,-117.79524866666667,35.105358333333335,0.0,0.0,0.0,Before Launch
21,2025-03-22 10:57:10,0.929,2.07349088,,32.953,-117.79524866666667,35.105358333333335,0.0,0.0,0.0,Before Launch
22,2025-03-22 10:57:10,0.972,2.68372712,,32.965,-117.79524866666667,35.105358333333335,0.0,0.0,0.0,Before Launch
23,2025-03-22 10:57:10,1.014,2.96587936,,32.968,-117.79524866666667,35.105358333333335,27.821740918822172,-23.951663965644784,27.152138418994394,Before Launch
24,2025-03-22 10:57:10,1.057,1.2467192,,32.962,-117.79524866666667,35.105358333333335,35.74068619908289,-34.33258846879839,34.63931746073419,Before Launch
25,2025-03-22 10:57:10,1.1,2.1653544,0.41,32.968,-117.79524866666667,35.105358333333335,40.94488500957583,-40.34953416543734,40.355744352865244,Before Launch
26,2025-03-22 10:57:10,1.142,2.96587936,1.763,32.968,-117.79524866666667,35.105358333333335,2.04735408249266,-55.37063032131289,55.65644040611153,Before Launch
27,2025-03-22 10:57:10,1.186,3.6745408000000004,1.887,32.953,-117.79524866666667,35.105358333333335,-36.9896474423662,-72.68997530126572,73.43470260113024,Before Launch
28,2025-03-22 10:57:10,1.228,1.08595804,-1.569,32.965,-117.79524866666667,35.105358333333335,-46.79417078597956,-77.63948126851241,78.56437001364083,Before Launch
29,2025-03-22 10:57:10,1.272,1.886483,0.986,32.965,-117.79524866666667,35.105358333333335,-57.15011812472066,-83.66885939746071,84.80085925524467,Before Launch
30,2025-03-22 10:57:10,1.315,2.47375336,-2.692,32.953,-117.79524866666667,35.105358333333335,-60.00322329024049,-85.42016916432213,86.64324642586851,Before Launch
31,2025-03-22 10:57:10,1.358,2.21784784,0.048,32.975,-117.79524866666667,35.105358333333335,-62.94382169268703,-87.56443667934118,88.86711130924927,Before Launch
32,2025-03-22 10:57:10,1.401,1.9356955999999998,0.633,32.972,-117.79524866666667,35.105358333333335,-62.956207681473934,-88.18773136241691,89.5250168977643,Before Launch
33,2025-03-22 10:57:10,1.444,1.7650919200000001,0.364,32.968,-117.79524866666667,35.105358333333335,-61.73665545212653,-88.92181359049589,90.36298659367459,Before Launch
34,2025-03-22 10:57:10,1.486,1.81758536,-0.535,32.975,-117.79524866666667,35.105358333333335,-61.10416394147494,-89.13629594084722,90.60563061879775,Before Launch
35,2025-03-22 10:57:10,1.528,0.65944884,-1.591,32.983,-117.79524866666667,35.105358333333335,-59.840496089654614,-89.38454551780991,90.88754574829689,Before Launch
36,2025-03-22 10:57:10,1.571,3.5039371200000002,1.22,32.972,-117.79524866666667,35.105358333333335,-59.17704471310718,-89.45858760434182,90.97576716981742,Before Launch
37,2025-03-22 10:57:10,1.613,1.41732288,0.195,32.975,-117.79524866666667,35.105358333333335,-58.25931983645609,-89.51920886098935,91.09625693589425,Before Launch
38,2025-03-22 10:57:10,1.656,2.91338592,-0.899,32.96,-117.79524866666667,35.105358333333335,-57.844664545857505,-89.54050345752972,91.13729870302136,Before Launch
39,2025-03-22 10:57:10,1.698,2.40485572,0.156,32.978,-117.79524833333333,35.105359,-56.8940250473043,-89.5752294438701,91.18042979999976,Before Launch
40,2025-03-22 10:57:10,1.741,1.41732288,-0.686,32.975,-117.79524833333333,35.105359,-56.65589472764322,-89.55835979785778,91.19294386599016,Before Launch
41,2025-03-22 10:57:10,1.783,1.13517064,-0.954,32.972,-117.79524833333333,35.105359,-56.54035021513963,-89.54683097708717,91.2017699281458,Before Launch
42,2025-03-22 10:57:10,1.826,1.27296592,-0.135,32.953,-117.79524833333333,35.105359,-56.549044347776395,-89.54064491027401,91.22225069531179,Before Launch
43,2025-03-22 10:57:11,1.87,1.64698168,-0.11,32.97,-117.79524833333333,35.105359,-56.58732202893944,-89.55743601800008,91.22548509623485,Before Launch
44,2025-03-22 10:57:11,1.912,1.08595804,-1.271,32.965,-117.79524833333333,35.105359,-56.527225189430524,-89.54512052954232,91.2251197612645,Before Launch
45,2025-03-22 10:57:11,1.955,2.47375336,0.709,32.953,-117.79524833333333,35.105359,-56.33487266174476,-89.55363384597781,91.22077194391017,Before Launch
46,2025-03-22 10:57:11,1.997,1.13517064,-0.879,32.972,-117.79524833333333,35.105359,-56.02306069161079,-89.5433759423802,91.23681411757252,Before Launch
47,2025-03-22 10:57:11,2.04,1.64698168,-0.971,32.97,-117.79524833333333,35.105359,-55.314207073136835,-89.53281797537662,91.21345788652043,Before Launch
48,2025-03-22 10:57:11,2.082,2.5918636,-0.35,32.95,-117.79524833333333,35.105359,-54.72780653884058,-89.53212528734875,91.2090823240274,Before Launch
49,2025-03-22 10:57:11,2.125,1.69619428,0.421,32.978,-117.79524833333333,35.105359,-53.476277213623476,-89.49839203116936,91.17554050977232,Before Launch
50,2025-03-22 10:57:11,2.167,2.2342520400000003,0.065,32.958,-117.79524833333333,35.105359,-52.755218463349756,-89.46177425558946,91.1797456935951,Before Launch
51,2025-03-22 10:57:11,2.209,0.8956693200000001,-1.94,32.978,-117.79524833333333,35.105359,-51.886342772680685,-89.44705389857116,91.18640716914679,Before Launch
52,2025-03-22 10:57:11,2.252,3.06102372,-0.576,32.97,-117.79524833333333,35.105359,-51.55777032159629,-89.4620541832356,91.17464004705316,Before Launch
53,2025-03-22 10:57:11,2.294,2.00459324,0.862,32.962,-117.79524833333333,35.105359,-51.06377263551471,-89.42211911384825,91.18128512698718,Before Launch
54,2025-03-22 10:57:11,2.337,0.73490816,-1.081,32.972,-117.79524833333333,35.105359,-50.86549081564195,-89.41143389096293,91.16865665346575,Before Launch
55,2025-03-22 10:57:11,2.379,0.77755908,-1.594,32.98,-117.79524833333333,35.105359,-50.44749277931667,-89.40404815928267,91.17701800697581,Before Launch
56,2025-03-22 10:57:11,2.421,2.8051182,0.552,32.962,-117.79524833333333,35.105359,-50.4047370747007,-89.38824874902035,91.17146910624403,Before Launch
57,2025-03-22 10:57:11,2.464,1.0170604,-0.864,32.975,-117.79524833333333,35.105359,-50.27000355039893,-89.36954315632128,91.14917052054918,Before Launch
58,2025-03-22 10:57:11,2.506,2.49671924,0.689,32.978,-117.79524833333333,35.105359,-50.46787665909634,-89.39121587800533,91.15254074581908,Before Launch
59,2025-03-22 10:57:11,2.549,4.49146996,2.515,32.935,-117.79524833333333,35.105359,-51.19805163699438,-89.39681552726158,91.15557130272323,Before Launch
60,2025-03-22 10:57:11,2.593,2.21784784,1.463,32.975,-117.79524833333333,35.105359,-51.22992726340675,-89.40311631477549,91.14543997830611,Before Launch
61,2025-03-22 10:57:11,2.635,0.77755908,-2.562,32.98,-117.79524833333333,35.105359,-51.44437218079976,-89.42471451487216,91.14392059742913,Before Launch
62,2025-03-22 10:57:11,2.678,1.85695544,0.413,32.948,-117.79524833333333,35.105359,-51.337775766019554,-89.44525410249751,91.15538741519855,Before Launch
63,2025-03-22 10:57:11,2.72,3.3136484,0.376,32.96,-117.79524816666667,35.1053595,-51.16614816826415,-89.47659297718673,91.11126673687953,Before Launch
64,2025-03-22 10:57:11,2.763,1.3648294399999998,-0.977,32.968,-117.79524816666667,35.1053595,-51.08651462548579,-89.47068192590854,91.13299922100003,Before Launch
65,2025-03-22 10:57:11,2.805,2.21784784,0.752,32.975,-117.79524816666667,35.1053595,-50.88030612748702,-89.44528307517733,91.15493033374364,Before Launch
66,2025-03-22 10:57:12,2.847,2.44750664,1.233,32.97,-117.79524816666667,35.1053595,-50.84121647623644,-89.44470151788225,91.1603198922293,Before Launch
67,2025-03-22 10:57:12,2.89,0.8956693200000001,-0.355,32.978,-117.79524816666667,35.1053595,-50.68168565961331,-89.40057979940151,91.15160202342406,Before Launch
68,2025-03-22 10:57:12,2.932,3.99934396,2.215,32.92,-117.79524816666667,35.1053595,-50.68356442664569,-89.38806334464935,91.18032712315113,Before Launch
69,2025-03-22 10:57:12,2.974,3.5990814799999997,2.366,32.923,-117.79524816666667,35.1053595,-50.87159610392945,-89.35669232439474,91.20277372750026,Before Launch
70,2025-03-22 10:57:12,3.017,2.35236228,-0.114,32.955,-117.79524816666667,35.1053595,-50.896743359069504,-89.3410029837986,91.20496978279775,Before Launch
71,2025-03-22 10:57:12,3.059,1.9783465199999999,0.794,32.98,-117.79524816666667,35.1053595,-50.92747884177929,-89.34936413058142,91.20380786279209,Before Launch
72,2025-03-22 10:57:12,3.101,2.9921260800000002,1.268,32.95,-117.79524816666667,35.1053595,-51.07126702087431,-89.33994934856085,91.18317536873126,Before Launch
73,2025-03-22 10:57:12,3.144,1.69619428,-0.843,32.978,-117.79524816666667,35.1053595,-50.88872492666951,-89.35177963638539,91.17518859403313,Before Launch
74,2025-03-22 10:57:12,3.187,1.41732288,-0.263,32.975,-117.79524816666667,35.1053595,-50.73877714168451,-89.35467657248721,91.16773229060345,Before Launch
75,2025-03-22 10:57:12,3.23,2.378609,0.136,32.98,-117.79524816666667,35.1053595,-50.52275546337434,-89.36414967482064,91.1662156616888,Before Launch
76,2025-03-22 10:57:12,3.272,0.5905511999999999,-0.287,32.993,-117.79524816666667,35.1053595,-50.44502620715199,-89.36308532530113,91.14767641723498,Before Launch
77,2025-03-22 10:57:12,3.315,2.21784784,-0.793,32.975,-117.79524816666667,35.1053595,-50.29516121071782,-89.35445130935041,91.14296300929516,Before Launch
78,2025-03-22 10:57:12,3.357,1.3484252399999999,-0.617,32.985,-117.79524816666667,35.1053595,-49.919964431132485,-89.35473388597666,91.14711814579645,Before Launch
79,2025-03-22 10:57:12,3.402,0.82677168,0.086,32.987,-117.79524816666667,35.1053595,-49.4860202339919,-89.32637127275554,91.17648851686862,Before Launch
80,2025-03-22 10:57:12,3.444,2.1653544,1.303,32.968,-117.79524816666667,35.1053595,-49.34779908201856,-89.3312344470959,91.1428554800412,Before Launch
81,2025-03-22 10:57:12,3.486,2.54921268,-0.24,32.985,-117.79524816666667,35.1053595,-49.26226454710202,-89.33356626692519,91.1390550491751,Before Launch
82,2025-03-22 10:57:12,3.529,2.25721792,1.164,32.983,-117.79524816666667,35.1053595,-49.35044725753915,-89.32656645178561,91.13282162630148,Before Launch
83,2025-03-22 10:57:12,3.573,1.7486877200000002,-0.701,32.985,-117.79524816666667,35.1053595,-49.58084952435781,-89.34630271462704,91.1410547499989,Before Launch
84,2025-03-22 10:57:12,3.617,2.378609,-1.978,32.987,-117.79524816666667,35.1053595,-49.66953823283426,-89.33471616699445,91.14837878310243,Before Launch
85,2025-03-22 10:57:12,3.66,2.61482948,0.372,32.975,-117.79524816666667,35.1053595,-49.75470897606128,-89.31902460906865,91.13642512695952,Before Launch
86,2025-03-22 10:57:12,3.704,1.45669296,0.635,32.983,-117.79524766666667,35.10535933333333,-49.79711320691842,-89.31198299957525,91.12579627104577,Before Launch
87,2025-03-22 10:57:12,3.746,1.62729664,-0.215,32.987,-117.79524766666667,35.10535933333333,-49.86044896937495,-89.33443412469549,91.114734064806,Before Launch
88,2025-03-22 10:57:12,3.789,1.85695544,-1.363,32.983,-117.79524766666667,35.10535933333333,-49.792400901196224,-89.31273508514444,91.1383302974208,Before Launch
89,2025-03-22 10:57:12,3.831,2.1489502000000003,0.734,32.985,-117.79524766666667,35.10535933333333,-49.52785906852947,-89.3281009087688,91.13368003101183,Before Launch
90,2025-03-22 10:57:13,3.874,1.9783465199999999,-0.224,32.928,-117.79524766666667,35.10535933333333,-49.482706357419964,-89.30786407855597,91.14056561584405,Before Launch
91,2025-03-22 10:57:13,3.916,2.1653544,-0.264,32.968,-117.79524766666667,35.10535933333333,-49.26813647239279,-89.29208248400082,91.11234886758965,Before Launch
92,2025-03-22 10:57:13,3.959,2.1489502000000003,1.172,32.985,-117.79524766666667,35.10535933333333,-49.16175755355066,-89.30529458214329,91.12005573400367,Before Launch
93,2025-03-22 10:57:13,4.001,1.85695544,-2.004,32.983,-117.79524766666667,35.10535933333333,-49.02722969310392,-89.30169951214474,91.10032434706001,Before Launch
94,2025-03-22 10:57:13,4.044,1.10892392,-2.327,32.99,-117.79524766666667,35.10535933333333,-49.003781689055494,-89.28537890462555,91.10125692009625,Before Launch
95,2025-03-22 10:57:13,4.086,1.38779532,-0.902,32.993,-117.79524766666667,35.10535933333333,-49.302605715732334,-89.283620360051,91.08752442644496,Before Launch
96,2025-03-22 10:57:13,4.129,1.17782156,-0.748,32.98,-117.79524766666667,35.10535933333333,-49.62675851552669,-89.27861721269387,91.09266028699284,Before Launch
97,2025-03-22 10:57:13,4.171,1.53543312,-1.361,32.972,-117.79524766666667,35.10535933333333,-50.16642894972996,-89.32962373353186,91.1187719994256,Before Launch
98,2025-03-22 10:57:13,4.214,1.3484252399999999,-0.325,32.985,-117.79524766666667,35.10535933333333,-50.2734451905028,-89.33887773775349,91.12419967202656,Before Launch
99,2025-03-22 10:57:13,4.257,1.17782156,-0.224,32.98,-117.79524766666667,35.10535933333333,-50.25490949083302,-89.32346581915813,91.11800239441331,Before Launch
100,2025-03-22 10:57:13,4.299,3.24475076,0.81,32.99,-117.79524766666667,35.10535933333333,-50.216440318596106,-89.32595962178526,91.12125209148167,Before Launch
101,2025-03-22 10:57:13,4.342,2.02755912,1.343,32.987,-117.79524766666667,35.10535933333333,-50.21078208020631,-89.28484570165178,91.13869119575783,Before Launch
102,2025-03-22 10:57:13,4.384,2.9888452400000003,0.721,32.993,-117.79524766666667,35.10535933333333,-50.12180317963904,-89.29892602338677,91.12537931953841,Before Launch
103,2025-03-22 10:57:13,4.427,2.58858276,1.159,32.987,-117.79524766666667,35.10535933333333,-49.86771928998208,-89.31054267712295,91.11602853388786,Before Launch
104,2025-03-22 10:57:13,4.469,1.9094488799999998,1.015,32.99,-117.79524766666667,35.10535933333333,-49.750594167984715,-89.2895431056556,91.10540067269933,Before Launch
105,2025-03-22 10:57:13,4.514,3.43503948,1.187,32.958,-117.79524766666667,35.10535933333333,-49.59938911038056,-89.28619736818388,91.10570390102214,Before Launch
106,2025-03-22 10:57:13,4.563,2.4278216,-0.113,32.98,-117.79524766666667,35.10535933333333,-49.53737478480839,-89.27921664084043,91.09326986907575,Before Launch
107,2025-03-22 10:57:13,4.61,2.7591864399999997,0.464,32.997,-117.79524766666667,35.10535933333333,-49.52089875436163,-89.28845181313854,91.07249989433843,Before Launch
108,2025-03-22 10:57:13,4.658,0.70866144,-0.959,32.987,-117.79524766666667,35.10535933333333,-49.51542851896191,-89.32076159657069,91.06408820455592,Before Launch
109,2025-03-22 10:57:13,4.712,2.56561688,0.171,32.968,-117.79524633333334,35.10536033333333,-49.57895144882415,-89.28349528051824,91.07443034172995,Before Launch
110,2025-03-22 10:57:13,4.755,0.5905511999999999,-1.849,32.993,-117.79524633333334,35.10536033333333,-49.714018453366705,-89.2868989490949,91.08545886245226,Before Launch
111,2025-03-22 10:57:13,4.801,1.7880578,0.302,32.993,-117.79524633333334,35.10536033333333,-49.854492752755945,-89.29096055812346,91.08773851757448,Before Launch
112,2025-03-22 10:57:14,4.846,2.3097113599999997,0.62,32.99,-117.79524633333334,35.10536033333333,-50.52149938927345,-89.24233254023214,91.10535001705524,Before Launch
113,2025-03-22 10:57:14,4.889,1.9094488799999998,0.048,32.99,-117.79524633333334,35.10536033333333,-50.712373143575576,-89.24951347456955,91.10028127856243,Before Launch
114,2025-03-22 10:57:14,4.931,1.9094488799999998,-0.218,32.985,-117.79524633333334,35.10536033333333,-50.969167605646184,-89.26599803195828,91.1015280267501,Before Launch
115,2025-03-22 10:57:14,4.974,1.67979008,-0.271,32.995,-117.79524633333334,35.10536033333333,-50.804522806536156,-89.27448570949367,91.10422738989432,Before Launch
116,2025-03-22 10:57:14,5.016,0.70866144,-1.324,32.99,-117.79524633333334,35.10536033333333,-50.4778752711413,-89.27071183758025,91.08528907908268,Before Launch
117,2025-03-22 10:57:14,5.059,2.70997384,0.51,32.983,-117.79524633333334,35.10536033333333,-50.08339216806129,-89.26346604695203,91.08533515848222,Before Launch
118,2025-03-22 10:57:14,5.101,3.3891077199999997,1.393,32.993,-117.79524633333334,35.10536033333333,-49.47698810571877,-89.23085103024546,91.11065850002416,Before Launch
119,2025-03-22 10:57:14,5.144,0.9908136799999999,-0.107,32.993,-117.79524633333334,35.10536033333333,-49.27337076164746,-89.22243196088095,91.10691358360434,Before Launch
120,2025-03-22 10:57:14,5.186,2.35892396,0.883,32.997,-117.79524633333334,35.10536033333333,-48.86787029322884,-89.23145501239334,91.11130422741063,Before Launch
121,2025-03-22 10:57:14,5.229,2.08005256,0.82,32.995,-117.79524633333334,35.10536033333333,-48.774383439195645,-89.23275142137132,91.09913451979912,Before Launch
122,2025-03-22 10:57:14,5.272,2.88057752,1.222,32.995,-117.79524633333334,35.10536033333333,-48.2607148835434,-89.21696402645469,91.08949492641014,Before Launch
123,2025-03-22 10:57:14,5.314,2.9888452400000003,1.491,32.993,-117.79524633333334,35.10536033333333,-48.131940999170226,-89.19838409901426,91.0710240111116,Before Launch
124,2025-03-22 10:57:14,5.357,2.02755912,0.772,32.993,-117.79524633333334,35.10536033333333,-47.780390230682414,-89.17905204849487,91.06961444721166,Before Launch
125,2025-03-22 10:57:14,5.4,2.08005256,-1.058,32.995,-117.79524633333334,35.10536033333333,-47.66008964087384,-89.17196097153447,91.08751509524014,Before Launch
126,2025-03-22 10:57:14,5.45,1.9094488799999998,-0.107,32.99,-117.79524633333334,35.10536033333333,-47.771569069019016,-89.18498797004837,91.07304382936965,Before Launch
127,2025-03-22 10:57:14,5.496,1.67979008,-1.177,32.995,-117.79524633333334,35.10536033333333,-47.93277252388678,-89.20543534735485,91.07147297409688,Before Launch
128,2025-03-22 10:57:14,5.538,2.4278216,-0.145,32.987,-117.79524633333334,35.10536033333333,-46.76569115765205,-89.24109445289481,91.02610879458307,Before Launch
129,2025-03-22 10:57:14,5.581,1.9094488799999998,0.0,32.99,-117.79524633333334,35.10536033333333,-45.54471512207359,-89.24418246552986,90.96032540621285,Before Launch
130,2025-03-22 10:57:14,5.624,3.13648304,-0.269,32.972,-117.79524633333334,35.10536033333333,-45.46788018633049,-89.27636681430664,90.94402850735315,Before Launch
131,2025-03-22 10:57:14,5.666,1.5091864000000002,-0.833,32.99,-117.79524633333334,35.10536033333333,-47.661304667863476,-89.26821341151353,91.00286377145625,Before Launch
132,2025-03-22 10:57:14,5.709,1.5091864000000002,-1.137,32.99,-117.79524616666667,35.10536116666667,-49.21909158450016,-89.26879279020304,91.05267724171776,Before Launch
133,2025-03-22 10:57:14,5.751,1.44028876,0.669,32.993,-117.79524616666667,35.10536116666667,-50.71042871997282,-89.28862776278406,91.1470083326204,Before Launch
134,2025-03-22 10:57:14,5.794,1.7880578,-0.719,32.993,-117.79524616666667,35.10536116666667,-51.026388636911584,-89.2956131546563,91.13773687505476,Before Launch
135,2025-03-22 10:57:15,5.836,2.48031504,1.748,32.995,-117.79524616666667,35.10536116666667,-51.08365644604765,-89.25339660688736,91.14466310502304,Before Launch
136,2025-03-22 10:57:15,5.878,3.3891077199999997,1.487,32.993,-117.79524616666667,35.10536116666667,-50.782834822548935,-89.24803444199335,91.14158560006067,Before Launch
137,2025-03-22 10:57:15,5.921,1.67979008,-0.586,32.995,-117.79524616666667,35.10536116666667,-50.127511997565755,-89.23043680134323,91.1572574553727,Before Launch
138,2025-03-22 10:57:15,5.963,2.18832028,0.26,32.993,-117.79524616666667,35.10536116666667,-49.86905261854629,-89.21507390106149,91.14207579000167,Before Launch
139,2025-03-22 10:57:15,6.006,2.9888452400000003,1.004,32.993,-117.79524616666667,35.10536116666667,-49.52484857977615,-89.24002364438039,91.12996855071447,Before Launch
140,2025-03-22 10:57:15,6.048,2.35892396,0.632,32.997,-117.79524616666667,35.10536116666667,-49.55286086705443,-89.21268243785514,91.10374325142142,Before Launch
141,2025-03-22 10:57:15,6.098,1.95866148,1.155,32.995,-117.79524616666667,35.10536116666667,-49.82533925044456,-89.2012130365187,91.11355261264674,Before Launch
142,2025-03-22 10:57:15,6.142,1.7880578,-0.851,32.993,-117.79524616666667,35.10536116666667,-50.36163355939872,-89.17982167718003,91.11558683077756,Before Launch
143,2025-03-22 10:57:15,6.184,1.04002628,-2.169,33.0,-117.79524616666667,35.10536116666667,-50.35901767845524,-89.18084754630823,91.11208983537986,Before Launch
144,2025-03-22 10:57:15,6.227,2.1194226400000002,1.042,33.003,-117.79524616666667,35.10536116666667,-50.138467413673254,-89.21862779463021,91.09881600103077,Before Launch
145,2025-03-22 10:57:15,6.27,1.67979008,-0.627,32.995,-117.79524616666667,35.10536116666667,-49.94411878579935,-89.22738079108056,91.08932394834422,Before Launch
146,2025-03-22 10:57:15,6.312,2.08005256,0.0,32.995,-117.79524616666667,35.10536116666667,-49.47561701173979,-89.23672781780061,91.05728136794934,Before Launch
147,2025-03-22 10:57:15,6.354,2.35892396,-0.482,33.003,-117.79524616666667,35.10536116666667,-49.31725272257319,-89.23279658640469,91.0564324559403,Before Launch
148,2025-03-22 10:57:15,6.397,1.8405512400000001,-1.06,33.0,-117.79524616666667,35.10536116666667,-49.144263394369325,-89.21968712184227,91.01918806511715,Before Launch
149,2025-03-22 10:57:15,6.439,4.593176,2.371,32.95,-117.79524616666667,35.10536116666667,-49.13217733520119,-89.21730403893966,91.01983924781,Before Launch
150,2025-03-22 10:57:15,6.481,1.5583989999999999,-0.483,32.997,-117.79524616666667,35.10536116666667,-49.27359477487329,-89.2387965474266,91.004754841006,Before Launch
151,2025-03-22 10:57:15,6.524,3.55314972,1.53,32.955,-117.79524616666667,35.10536116666667,-49.423247646943814,-89.24824926067366,90.98530384797205,Before Launch
152,2025-03-22 10:57:15,6.566,1.7880578,0.101,32.993,-117.79524616666667,35.10536116666667,-49.35162685536476,-89.25112887439805,91.00221754270969,Before Launch
153,2025-03-22 10:57:15,6.609,1.2795276,-1.072,32.997,-117.79524616666667,35.10536116666667,-48.99151320106295,-89.23246898117323,91.01841123495299,Before Launch
154,2025-03-22 10:57:15,6.659,3.3136484,1.303,32.96,-117.79524616666667,35.10536116666667,-48.72252969150524,-89.2368250802294,91.01272668836408,Before Launch
155,2025-03-22 10:57:15,6.703,1.7880578,-1.25,32.993,-117.79524616666667,35.10536116666667,-48.2973669566223,-89.22177823892912,91.00651634969032,Before Launch
156,2025-03-22 10:57:15,6.745,2.3359580799999997,0.766,32.972,-117.79524616666667,35.10536116666667,-48.218484995268426,-89.20611051635429,91.00195893943163,Before Launch
157,2025-03-22 10:57:15,6.788,1.44028876,-0.064,33.0,-117.79524583333334,35.1053615,-48.16356823500548,-89.19308088233838,91.00596894939505,Before Launch
158,2025-03-22 10:57:15,6.83,1.31889768,-0.113,33.003,-117.79524583333334,35.1053615,-47.942969665248036,-89.16772923104695,91.00899213382328,Before Launch
159,2025-03-22 10:57:16,6.873,1.5583989999999999,-0.213,32.997,-117.79524583333334,35.1053615,-47.42976341460331,-89.1846505769801,91.00514851864344,Before Launch
160,2025-03-22 10:57:16,6.916,0.81036748,-1.546,33.005,-117.79524583333334,35.1053615,-47.27176864919272,-89.16466195061285,91.00950466559958,Before Launch
161,2025-03-22 10:57:16,6.958,1.5091864000000002,-1.741,33.003,-117.79524583333334,35.1053615,-47.24546825611817,-89.16520192468921,91.01859615059692,Before Launch
162,2025-03-22 10:57:16,7.001,0.9908136799999999,-0.638,32.993,-117.79524583333334,35.1053615,-47.24011921131544,-89.17803749694663,91.01713804619351,Before Launch
163,2025-03-22 10:57:16,7.043,1.5583989999999999,-0.583,32.997,-117.79524583333334,35.1053615,-47.55142996971704,-89.16698701902845,91.02957944678624,Before Launch
164,2025-03-22 10:57:16,7.086,0.07874016,-2.695,33.003,-117.79524583333334,35.1053615,-47.8232801862892,-89.1744468199757,91.04568124530034,Before Launch
165,2025-03-22 10:57:16,7.134,1.44028876,-0.846,33.0,-117.79524583333334,35.1053615,-48.46847330959173,-89.19667257998339,91.04783395875522,Before Launch
166,2025-03-22 10:57:16,7.179,1.8405512400000001,-0.109,33.0,-117.79524583333334,35.1053615,-48.84299250292128,-89.1954807787269,91.07788719994312,Before Launch
167,2025-03-22 10:57:16,7.224,2.08005256,0.27,33.003,-117.79524583333334,35.1053615,-48.97121208299997,-89.18922149539311,91.07611353069959,Before Launch
168,2025-03-22 10:57:16,7.267,1.04002628,0.0,33.0,-117.79524583333334,35.1053615,-49.35863793936964,-89.22269851604106,91.04962508790851,Before Launch
169,2025-03-22 10:57:16,7.31,0.92191604,-1.106,33.003,-117.79524583333334,35.1053615,-49.500687109157646,-89.19739985095259,91.04151316351708,Before Launch
170,2025-03-22 10:57:16,7.352,1.61089244,-0.064,33.003,-117.79524583333334,35.1053615,-49.694895087560425,-89.1786043006508,91.03777897336053,Before Launch
171,2025-03-22 10:57:16,7.395,2.35892396,0.257,32.997,-117.79524583333334,35.1053615,-49.70456994953353,-89.16886413024996,91.03937689774195,Before Launch
172,2025-03-22 10:57:16,7.437,1.31889768,-0.96,33.003,-117.79524583333334,35.1053615,-50.05842115485383,-89.19703136589708,91.0278928841344,Before Launch
173,2025-03-22 10:57:16,7.48,1.31889768,-0.482,33.003,-117.79524583333334,35.1053615,-50.17938893865619,-89.1855517618217,91.02432676511167,Before Launch
174,2025-03-22 10:57:16,7.523,2.6410762,-1.801,33.0,-117.79524583333334,35.1053615,-50.149752226693984,-89.20696561129087,91.0234705172624,Before Launch
175,2025-03-22 10:57:16,7.565,1.61089244,0.048,33.005,-117.79524583333334,35.1053615,-50.13123889440822,-89.20254103155409,91.0284293950751,Before Launch
176,2025-03-22 10:57:16,7.608,0.81036748,-2.53,33.005,-117.79524583333334,35.1053615,-49.90670238132302,-89.19172649195072,91.03069522117642,Before Launch
177,2025-03-22 10:57:16,7.651,0.69225724,-1.01,33.007,-117.79524583333334,35.1053615,-49.804546636889306,-89.21287643167055,91.02166767992448,Before Launch
178,2025-03-22 10:57:16,7.694,1.5583989999999999,0.257,32.997,-117.79524566666667,35.10536183333333,-49.433096596875224,-89.1765853294079,91.02312185247254,Before Launch
179,2025-03-22 10:57:16,7.737,0.57086616,-2.544,33.01,-117.79524566666667,35.10536183333333,-49.280747720229215,-89.21104156131959,91.05303866997603,Before Launch
180,2025-03-22 10:57:16,7.779,1.15813652,-0.585,32.997,-117.79524566666667,35.10536183333333,-48.76956239298322,-89.17954639075066,91.04730113549354,Before Launch
181,2025-03-22 10:57:16,7.822,2.6410762,0.283,33.0,-117.79524566666667,35.10536183333333,-48.45534189224924,-89.15523859062445,91.030454272585,Before Launch
182,2025-03-22 10:57:17,7.865,1.5583989999999999,0.11,32.997,-117.79524566666667,35.10536183333333,-48.18688303358425,-89.16794471052565,91.01193892930534,Before Launch
183,2025-03-22 10:57:17,7.907,2.4114174,1.014,33.0,-117.79524566666667,35.10536183333333,-48.191886308388845,-89.16706648095015,91.00072201274506,Before Launch
184,2025-03-22 10:57:17,7.949,1.44028876,-0.11,33.0,-117.79524566666667,35.10536183333333,-48.050288853710406,-89.13488061563315,91.01916113023074,Before Launch
185,2025-03-22 10:57:17,7.992,2.51968512,1.589,33.003,-117.79524566666667,35.10536183333333,-48.06906997067332,-89.10201049270691,91.03078513997539,Before Launch
186,2025-03-22 10:57:17,8.034,2.1194226400000002,0.567,33.003,-117.79524566666667,35.10536183333333,-48.097066234717126,-89.13175535302148,91.02343037911533,Before Launch
187,2025-03-22 10:57:17,8.077,2.9199476,1.793,33.003,-117.79524566666667,35.10536183333333,-48.22116712606291,-89.11013409786936,91.00598115118756,Before Launch
188,2025-03-22 10:57:17,8.129,1.21062996,-0.32,33.005,-117.79524566666667,35.10536183333333,-48.45363013336793,-89.15353670825392,91.01003390377132,Before Launch
189,2025-03-22 10:57:17,8.174,1.65026252,1.444,33.013,-117.79524566666667,35.10536183333333,-48.58974387143317,-89.17190310929132,91.02568975845914,Before Launch
190,2025-03-22 10:57:17,8.218,1.7191601600000002,0.257,33.003,-117.79524566666667,35.10536183333333,-48.59702058990436,-89.16487358319407,91.01047745654355,Before Launch
191,2025-03-22 10:57:17,8.26,0.29199475999999996,-1.433,33.007,-117.79524566666667,35.10536183333333,-48.519956412952865,-89.17142301660616,91.01091466881314,Before Launch
192,2025-03-22 10:57:17,8.303,1.7716536,-0.286,33.005,-117.79524566666667,35.10536183333333,-48.41095880673261,-89.18437176903512,91.00610561211295,Before Launch
193,2025-03-22 10:57:17,8.348,2.9199476,1.739,33.003,-117.79524566666667,35.10536183333333,-47.89868079644993,-89.16983829458577,90.98847994670227,Before Launch
194,2025-03-22 10:57:17,8.39,1.7191601600000002,0.738,33.003,-117.79524566666667,35.10536183333333,-47.72647702875546,-89.16504858235093,90.97532381269683,Before Launch
195,2025-03-22 10:57:17,8.433,1.37139112,-0.222,33.01,-117.79524566666667,35.10536183333333,-47.50731417181066,-89.1798131872845,90.98696361734282,Before Launch
196,2025-03-22 10:57:17,8.475,0.8530184000000001,-1.394,33.013,-117.79524566666667,35.10536183333333,-47.34815401457575,-89.17570921427998,90.97021122287035,Before Launch
197,2025-03-22 10:57:17,8.517,1.48950136,0.158,33.007,-117.79524566666667,35.10536183333333,-47.63427911739728,-89.1442183791074,90.97342138710317,Before Launch
198,2025-03-22 10:57:17,8.559,0.97112864,-0.322,33.007,-117.79524566666667,35.10536183333333,-47.95190282615235,-89.16485220402741,90.9846708133743,Before Launch
199,2025-03-22 10:57:17,8.602,1.48950136,-1.067,33.007,-117.79524566666667,35.10536183333333,-48.68313537773869,-89.15413760213029,91.0070526028974,Before Launch
200,2025-03-22 10:57:17,8.644,0.69225724,-0.851,33.007,-117.79524566666667,35.10536183333333,-48.96152835065046,-89.17482580920112,91.02934026076164,Before Launch
201,2025-03-22 10:57:17,8.688,1.0892388800000001,0.258,33.007,-117.79524566666667,35.10536183333333,-49.403468221557674,-89.16700463083707,91.02064375783222,Before Launch
202,2025-03-22 10:57:17,8.73,2.6902888,1.852,33.007,-117.79524566666667,35.10536183333333,-49.57565396499019,-89.17249655833044,91.01700436594824,Before Launch
203,2025-03-22 10:57:17,8.772,2.050525,0.457,33.013,-117.79524566666667,35.10536183333333,-49.90184893998987,-89.1616163005,91.02684529874931,Before Launch
204,2025-03-22 10:57:17,8.815,3.37270352,2.599,33.01,-117.79524566666667,35.10536183333333,-49.414559176196505,-89.12596939409235,91.02471934234617,Before Launch
205,2025-03-22 10:57:18,8.857,1.48950136,0.307,33.007,-117.79524566666667,35.10536183333333,-48.1177195915844,-89.11803104982643,91.03480489916986,Before Launch
206,2025-03-22 10:57:18,8.899,0.97112864,-1.551,33.01,-117.79524566666667,35.10536183333333,-47.7036327619809,-89.12682928744917,91.02420727862098,Before Launch
207,2025-03-22 10:57:18,8.942,2.4114174,0.792,33.005,-117.79524566666667,35.10536183333333,-47.35861937006679,-89.09885354678009,91.02237175457329,Before Launch
208,2025-03-22 10:57:18,8.986,2.01115492,-0.371,32.997,-117.79524566666667,35.10536183333333,-47.60712695397372,-89.11000863182696,91.02684663888543,Before Launch
209,2025-03-22 10:57:18,9.038,2.4114174,0.892,33.005,-117.79524566666667,35.10536183333333,-47.74652081594493,-89.09557692714574,91.02129263208633,Before Launch
210,2025-03-22 10:57:18,9.082,1.31889768,-1.102,33.003,-117.79524566666667,35.10536183333333,-47.949539361319296,-89.09282023483273,91.03906960539179,Before Launch
211,2025-03-22 10:57:18,9.124,0.17060367999999998,-1.788,33.01,-117.79524566666667,35.10536183333333,-48.188664595267745,-89.09202538783899,91.02354763271872,Before Launch
212,2025-03-22 10:57:18,9.167,0.69225724,-2.044,33.007,-117.79524566666667,35.10536183333333,-49.06820730114852,-89.11585213929294,91.02989991996097,Before Launch
213,2025-03-22 10:57:18,9.209,1.7191601600000002,0.471,33.003,-117.79524566666667,35.10536183333333,-49.37070807785821,-89.13588871904,91.04082393902898,Before Launch
214,2025-03-22 10:57:18,9.252,2.9199476,1.178,33.003,-117.79524566666667,35.10536183333333,-49.752829246790284,-89.17284431511851,91.06212106030058,Before Launch
215,2025-03-22 10:57:18,9.295,0.69225724,-0.953,33.007,-117.79524566666667,35.10536183333333,-49.857039280251335,-89.15793404272891,91.04690058221742,Before Launch
216,2025-03-22 10:57:18,9.338,2.1194226400000002,1.695,33.003,-117.79524566666667,35.10536183333333,-49.94980163266567,-89.15462848245191,91.05170466628604,Before Launch
217,2025-03-22 10:57:18,9.381,2.6902888,0.852,33.007,-117.79524566666667,35.10536183333333,-49.80707918878988,-89.15221272461055,91.06187897692136,Before Launch
218,2025-03-22 10:57:18,9.428,2.1194226400000002,-0.741,33.01,-117.79524566666667,35.10536183333333,-49.31566434470239,-89.20087131677863,91.03439479779075,Before Launch
219,2025-03-22 10:57:18,9.476,2.050525,0.305,33.007,-117.79524566666667,35.10536183333333,-48.608094881326025,-89.1684754643065,91.01657230230191,Before Launch
220,2025-03-22 10:57:18,9.521,1.48950136,0.109,33.007,-117.79524566666667,35.10536183333333,-48.3009377022505,-89.17250241515762,91.00668785339968,Before Launch
221,2025-03-22 10:57:18,9.566,1.8897638399999999,0.95,33.007,-117.79524566666667,35.10536183333333,-47.68757525870304,-89.14078407405488,91.0053179888525,Before Launch
222,2025-03-22 10:57:18,9.608,1.48950136,0.0,33.007,-117.79524566666667,35.10536183333333,-47.457424913064,-89.16449280237424,91.012571132684,Before Launch
223,2025-03-22 10:57:18,9.651,2.01115492,0.952,33.005,-117.79524566666667,35.10536183333333,-47.25983920944062,-89.14625215894023,91.0206916705894,Before Launch
224,2025-03-22 10:57:18,9.693,2.050525,0.514,33.013,-117.79524566666667,35.1053625,-47.20423901452962,-89.12996747888788,91.02736827980658,Before Launch
225,2025-03-22 10:57:18,9.735,2.4114174,1.576,33.01,-117.79524566666667,35.1053625,-47.259315619594666,-89.11785080019602,90.99073076295836,Before Launch
226,2025-03-22 10:57:18,9.778,2.45078748,1.249,33.013,-117.79524566666667,35.1053625,-47.35696833889667,-89.10008125205115,90.99915649100335,Before Launch
227,2025-03-22 10:57:18,9.821,3.1332022,0.406,33.015,-117.79524566666667,35.1053625,-47.7564776002104,-89.11472072761461,90.9967873776114,Before Launch
228,2025-03-22 10:57:19,9.863,2.85104996,0.734,33.007,-117.79524566666667,35.1053625,-47.837262300217304,-89.07382042762839,90.99880893129449,Before Launch
229,2025-03-22 10:57:19,9.906,2.050525,-1.212,33.013,-117.79524566666667,35.1053625,-47.79067858572841,-89.10355483630045,90.99460362583274,Before Launch
230,2025-03-22 10:57:19,9.95,2.17191608,0.624,33.01,-117.79524566666667,35.1053625,-47.70353137472984,-89.10048878634802,90.99205980491095,Before Launch
231,2025-03-22 10:57:19,9.993,1.8897638399999999,0.84,33.007,-117.79524566666667,35.1053625,-48.07345375107219,-89.08015732519016,91.01449576273285,Before Launch
232,2025-03-22 10:57:19,10.036,1.65026252,-0.696,33.013,-117.79524566666667,35.1053625,-48.24691223015237,-89.08805980585973,91.03329790517321,Before Launch
233,2025-03-22 10:57:19,10.078,2.45078748,0.403,33.013,-117.79524566666667,35.1053625,-48.302952133483664,-89.10932556508102,91.03202940533285,Before Launch
234,2025-03-22 10:57:19,10.121,2.050525,-0.333,33.015,-117.79524566666667,35.1053625,-48.26433880031831,-89.09242972374062,91.03856386904832,Before Launch
235,2025-03-22 10:57:19,10.164,3.0216536400000003,1.574,33.017,-117.79524566666667,35.1053625,-47.23881670458018,-89.08426649491285,91.03264609069646,Before Launch
236,2025-03-22 10:57:19,10.206,2.73293972,2.368,33.015,-117.79524566666667,35.1053625,-46.80115646395634,-89.07044741262554,91.01123053173822,Before Launch
237,2025-03-22 10:57:19,10.25,3.4219161199999997,2.52,33.015,-117.79524566666667,35.1053625,-46.25889797680827,-89.06926197635526,90.98190188618958,Before Launch
238,2025-03-22 10:57:19,10.292,1.93241476,0.197,33.015,-117.79524566666667,35.1053625,-46.21583783075101,-89.06407681827837,90.97323333475615,Before Launch
239,2025-03-22 10:57:19,10.335,2.3326772399999998,-0.542,33.015,-117.79524566666667,35.1053625,-46.31259791024183,-89.08200286461062,90.94161050137892,Before Launch
240,2025-03-22 10:57:19,10.378,2.45078748,1.624,33.02,-117.79524566666667,35.1053625,-46.4744349765008,-89.11382101709216,90.94932315863,Before Launch
241,2025-03-22 10:57:19,10.42,2.78215232,0.613,33.022,-117.79524566666667,35.1053625,-47.25621148151899,-89.14246668379572,90.98285804550778,Before Launch
242,2025-03-22 10:57:19,10.463,2.85104996,0.149,33.013,-117.79524566666667,35.1053625,-47.54699255880582,-89.14193234408876,91.00201697831329,Before Launch
243,2025-03-22 10:57:19,10.507,2.50328092,0.356,33.022,-117.79524566666667,35.1053625,-47.83084482715499,-89.14150791837426,91.00328520672893,Before Launch
244,2025-03-22 10:57:19,10.549,2.62139116,0.532,33.017,-117.79524566666667,35.1053625,-47.87130699692597,-89.13294607936825,91.0082557567453,Before Launch
245,2025-03-22 10:57:19,10.593,0.73162732,-0.707,33.013,-117.79524566666667,35.1053625,-47.14135434533396,-89.14323534666806,91.00299421955866,Before Launch
246,2025-03-22 10:57:19,10.638,2.85104996,0.897,33.013,-117.79524566666667,35.1053625,-46.92912752791773,-89.14970007086684,91.00470674163833,Before Launch
247,2025-03-22 10:57:19,10.681,2.22112868,0.682,33.017,-117.79524566666667,35.1053625,-46.61944561681091,-89.15025479273773,90.97445300343028,Before Launch
248,2025-03-22 10:57:19,10.723,2.38188984,0.346,33.013,-117.79524783333333,35.105361,-46.533587642619985,-89.13468499950687,90.96758882793381,Before Launch
249,2025-03-22 10:57:19,10.768,1.9816273599999998,-0.064,33.022,-117.79524783333333,35.105361,-46.84866019853779,-89.17108223508636,90.95909111076355,Before Launch
250,2025-03-22 10:57:19,10.811,1.58464572,-0.768,33.022,-117.79524783333333,35.105361,-46.979616396795926,-89.17065048913314,90.97100687856405,Before Launch
251,2025-03-22 10:57:20,10.856,2.22112868,-0.213,33.017,-117.79524783333333,35.105361,-47.40678550379815,-89.18675947072678,90.97070532907209,Before Launch
252,2025-03-22 10:57:20,10.898,1.30249348,-1.7,33.02,-117.79524783333333,35.105361,-47.79364442879364,-89.18687519627302,90.97700132492788,Before Launch
253,2025-03-22 10:57:20,10.941,3.0216536400000003,0.158,33.02,-117.79524783333333,35.105361,-50.12397908866306,-89.22141796769728,90.98683619697637,Before Launch
254,2025-03-22 10:57:20,10.984,3.1332022,1.004,33.015,-117.79524783333333,35.105361,-51.43140641256356,-89.26409164226652,90.97701628551114,Before Launch
255,2025-03-22 10:57:20,11.027,2.45078748,0.259,33.013,-117.79524783333333,35.105361,-50.05573015046244,-89.30639144760924,90.84505189748208,Before Launch
256,2025-03-22 10:57:20,11.069,2.3326772399999998,0.412,33.015,-117.79524783333333,35.105361,-49.56493441020356,-89.31458854805942,90.79134693589866,Before Launch
257,2025-03-22 10:57:20,11.115,3.0216536400000003,1.271,33.017,-117.79524783333333,35.105361,-50.06979130822614,-89.31168246590873,90.78190546022154,Before Launch
258,2025-03-22 10:57:20,11.157,3.44160116,0.918,33.0,-117.79524783333333,35.105361,-50.77376910293962,-89.34888030700091,90.79504561649065,Before Launch
259,2025-03-22 10:57:20,11.205,4.63582692,2.385,32.958,-117.79524783333333,35.105361,-50.141366217130326,-89.29196627032456,90.84584755134007,Before Launch
260,2025-03-22 10:57:20,11.248,2.22112868,-0.738,33.022,-117.79524783333333,35.105361,-50.320066781452795,-89.2582159196473,90.8861893085236,Before Launch
261,2025-03-22 10:57:20,11.291,1.8208662000000002,-0.841,33.017,-117.79524783333333,35.105361,-50.2621737975268,-89.23766385164589,90.92429634787081,Before Launch
262,2025-03-22 10:57:20,11.338,1.53215228,-1.737,33.015,-117.79524783333333,35.105361,-50.25490977986281,-89.21734155124298,90.94918511786041,Before Launch
263,2025-03-22 10:57:20,11.392,2.10301844,0.155,33.02,-117.79524783333333,35.105361,-50.19753611346521,-89.22638607024317,91.0184937484415,Before Launch
264,2025-03-22 10:57:20,11.439,2.22112868,-0.101,33.017,-117.79524783333333,35.105361,-50.08933149726397,-89.2005465618424,91.00903732157164,Before Launch
265,2025-03-22 10:57:20,11.499,1.8897638399999999,-0.5,33.007,-117.79524783333333,35.105361,-49.990050094260816,-89.2112340508953,91.05974947469403,Before Launch
266,2025-03-22 10:57:20,11.551,1.70275596,-0.954,33.02,-117.79524783333333,35.105361,-50.09943633626501,-89.15252286785297,91.04396683763268,Before Launch
267,2025-03-22 10:57:20,11.604,2.62139116,-0.201,33.025,-117.79524783333333,35.105361,-50.17793326965832,-89.1630703982874,91.07232007136716,Before Launch
268,2025-03-22 10:57:20,11.654,2.38188984,-0.106,33.022,-117.79524783333333,35.105361,-50.312861919029835,-89.1341155102008,91.05447513094471,Before Launch
269,2025-03-22 10:57:20,11.702,2.9199476,0.259,33.003,-117.7952475,35.1053605,-50.10667439380706,-89.1452363817886,91.05237245143364,Before Launch
270,2025-03-22 10:57:20,11.771,1.70275596,0.824,33.017,-117.7952475,35.1053605,-49.25182690316773,-89.14644532840478,90.9963059036934,Before Launch
271,2025-03-22 10:57:20,11.826,3.22834656,0.318,32.987,-117.7952475,35.1053605,-49.003435707874914,-89.17562988049082,90.9824158166251,Before Launch
272,2025-03-22 10:57:21,11.876,1.58464572,-0.533,33.022,-117.7952475,35.1053605,-48.428258182915904,-89.15708416339338,90.9693986165707,Before Launch
273,2025-03-22 10:57:21,11.921,2.38188984,0.0,33.022,-117.7952475,35.1053605,-48.15799951202981,-89.13735601016327,90.96586228227513,Before Launch
274,2025-03-22 10:57:21,11.964,1.9816273599999998,0.0,33.022,-117.7952475,35.1053605,-47.92234874233662,-89.11933300739996,90.95458764092466,Before Launch
275,2025-03-22 10:57:21,12.009,2.9035434,1.101,33.017,-117.7952475,35.1053605,-47.95826939923586,-89.11602194315417,90.95469489911598,Before Launch
276,2025-03-22 10:57:21,12.052,1.06299216,-0.968,33.025,-117.7952475,35.1053605,-48.27841247503694,-89.14187957125239,90.97385745623292,Before Launch
277,2025-03-22 10:57:21,12.094,2.78215232,1.237,33.022,-117.7952475,35.1053605,-48.269186485754354,-89.10864823246096,90.98278823061995,Before Launch
278,2025-03-22 10:57:21,12.137,3.3038058799999996,0.236,33.02,-117.7952475,35.1053605,-48.38352915526053,-89.08304066697134,91.00679332458652,Before Launch
279,2025-03-22 10:57:21,12.179,2.4114174,-0.604,33.005,-117.7952475,35.1053605,-48.36999710931123,-89.10889625358904,90.9942992375467,Before Launch
280,2025-03-22 10:57:21,12.222,0.9022310000000001,-1.296,33.02,-117.7952475,35.1053605,-48.61119408613401,-89.14015322780554,90.97738586427374,Before Launch
281,2025-03-22 10:57:21,12.264,0.50196852,-1.532,33.022,-117.7952475,35.1053605,-48.61594559794537,-89.15269558443019,90.98174271514603,Before Launch
282,2025-03-22 10:57:21,12.314,2.73293972,-0.241,33.015,-117.7952475,35.1053605,-48.615358114600774,-89.15172580680894,90.99502343108736,Before Launch
283,2025-03-22 10:57:21,12.358,4.25853032,0.68,32.983,-117.7952475,35.1053605,-48.84536457191833,-89.16879446957552,90.98805472440043,Before Launch
284,2025-03-22 10:57:21,12.4,1.46325464,-2.655,33.025,-117.7952475,35.1053605,-49.00580583911962,-89.18930540172926,90.99005663669472,Before Launch
285,2025-03-22 10:57:21,12.443,1.93241476,-0.242,33.015,-117.7952475,35.1053605,-49.12099023044353,-89.17460232074251,90.97875048855047,Before Launch
286,2025-03-22 10:57:21,12.485,3.22834656,1.179,32.987,-117.7952475,35.1053605,-49.34639802111479,-89.16828116060539,90.96657872440097,Before Launch
287,2025-03-22 10:57:21,12.528,1.58464572,0.044,33.022,-117.7952475,35.1053605,-49.88148863990493,-89.16863832073247,90.97467758512373,Before Launch
288,2025-03-22 10:57:21,12.57,3.1824148,0.916,33.022,-117.7952475,35.1053605,-50.08546749416805,-89.20725160332712,90.97132160797108,Before Launch
289,2025-03-22 10:57:21,12.613,2.66404208,0.377,33.03,-117.7952475,35.1053605,-50.12873557462834,-89.18075026587134,90.98730246085616,Before Launch
290,2025-03-22 10:57:21,12.655,2.952756,0.92,33.027,-117.7952475,35.1053605,-49.771425688657125,-89.16591123423608,90.98594624500647,Before Launch
291,2025-03-22 10:57:21,12.698,3.06430456,1.187,33.025,-117.79524816666667,35.10536,-49.27677806606229,-89.13478739341947,90.98898509094637,Before Launch
292,2025-03-22 10:57:21,12.741,1.58464572,-0.912,33.022,-117.79524816666667,35.10536,-48.608120476689656,-89.09477133890047,90.99444507342014,Before Launch
293,2025-03-22 10:57:21,12.791,2.7591864399999997,0.332,32.997,-117.79524816666667,35.10536,-48.18585849570778,-89.0768053872643,90.99209417064905,Before Launch
294,2025-03-22 10:57:22,12.834,1.8635171199999998,-0.933,33.025,-117.79524816666667,35.10536,-47.596822722851364,-89.07348358887597,90.96344056106022,Before Launch
295,2025-03-22 10:57:22,12.879,1.93241476,0.207,32.99,-117.79524816666667,35.10536,-47.4384998683523,-89.06188219264608,90.97407988001149,Before Launch
296,2025-03-22 10:57:22,12.922,4.84580068,1.476,32.97,-117.79524816666667,35.10536,-47.248529697210394,-89.0950447969197,90.97221429903956,Before Launch
297,2025-03-22 10:57:22,12.964,3.62860904,1.879,32.987,-117.79524816666667,35.10536,-47.22663871704366,-89.11739931673137,90.98312434938727,Before Launch
298,2025-03-22 10:57:22,13.006,1.70275596,-0.626,33.02,-117.79524816666667,35.10536,-47.36375130544083,-89.1109894976265,90.9841407268307,Before Launch
299,2025-03-22 10:57:22,13.049,0.9547244399999999,-0.946,33.027,-117.79524816666667,35.10536,-47.53570794658983,-89.1127922535112,90.99501132121433,Before Launch
300,2025-03-22 10:57:22,13.091,0.9022310000000001,-1.85,33.02,-117.79524816666667,35.10536,-48.31350826171592,-89.11392055618086,90.99852077531753,Before Launch
301,2025-03-22 10:57:22,13.133,1.58464572,0.483,33.022,-117.79524816666667,35.10536,-48.698853026335584,-89.1310765107035,91.01161672182135,Before Launch
302,2025-03-22 10:57:22,13.176,1.8635171199999998,-0.849,33.027,-117.79524816666667,35.10536,-49.238504705182656,-89.13581445225185,91.00165725062743,Before Launch
303,2025-03-22 10:57:22,13.218,0.66272968,-2.443,33.025,-117.79524816666667,35.10536,-49.42072846399158,-89.1196819600751,91.01901215701976,Before Launch
304,2025-03-22 10:57:22,13.261,2.3129922,-0.091,33.032,-117.79524816666667,35.10536,-49.72555461529786,-89.15070506758344,91.00303529052918,Before Launch
305,2025-03-22 10:57:22,13.303,1.46325464,0.519,33.025,-117.79524816666667,35.10536,-49.773509767568164,-89.12881800532794,91.02507664519077,Before Launch
306,2025-03-22 10:57:22,13.346,1.9816273599999998,1.368,33.022,-117.79524816666667,35.10536,-49.254168983914894,-89.1071904716741,91.01876446859511,Before Launch
307,2025-03-22 10:57:22,13.388,3.3530184800000002,0.577,33.027,-117.79524816666667,35.10536,-48.94401243854858,-89.1295472465016,91.01095305090337,Before Launch
308,2025-03-22 10:57:22,13.439,2.55249352,-1.578,33.027,-117.79524816666667,35.10536,-48.533522211492304,-89.0800779870126,91.00835883115138,Before Launch
309,2025-03-22 10:57:22,13.483,3.2349082399999998,1.636,33.027,-117.79524816666667,35.10536,-48.49491225978681,-89.0972244636628,90.99333974143796,Before Launch
310,2025-03-22 10:57:22,13.525,2.3129922,0.352,33.032,-117.79524816666667,35.10536,-48.532262554125886,-89.11089772200977,90.99538710603828,Before Launch
311,2025-03-22 10:57:22,13.567,2.55249352,-0.625,33.027,-117.79524816666667,35.10536,-48.85433459532335,-89.1305116064449,90.99348638375967,Before Launch
312,2025-03-22 10:57:22,13.61,4.82939648,2.999,32.987,-117.79524816666667,35.10536,-49.19884448894287,-89.13051892204207,90.99517545028111,Before Launch
313,2025-03-22 10:57:22,13.652,2.3129922,-0.804,33.032,-117.79524816666667,35.10536,-49.298529410064006,-89.14549298061583,91.00547815930652,Before Launch
314,2025-03-22 10:57:22,13.694,2.3129922,-0.325,33.032,-117.79524833333333,35.105359666666665,-49.3085621465566,-89.14392816647579,91.00781552412639,Before Launch
315,2025-03-22 10:57:22,13.737,3.1824148,0.212,33.022,-117.79524833333333,35.105359666666665,-49.438542094684344,-89.13137672124041,91.0114317916285,Before Launch
316,2025-03-22 10:57:22,13.779,2.0341208,-0.953,33.032,-117.79524833333333,35.105359666666665,-49.61049537011475,-89.1413945129181,91.0390504130545,Before Launch
317,2025-03-22 10:57:22,13.821,0.71522312,-0.805,33.032,-117.79524833333333,35.105359666666665,-49.4840461731776,-89.15614123024429,91.03149319587644,Before Launch
318,2025-03-22 10:57:23,13.864,0.71522312,-1.905,33.032,-117.79524833333333,35.105359666666665,-49.210062992219505,-89.15502687986252,91.02712757235665,Before Launch
319,2025-03-22 10:57:23,13.906,1.63385832,-0.214,33.03,-117.79524833333333,35.105359666666665,-49.09497038977239,-89.15635586331598,91.01688930622647,Before Launch
320,2025-03-22 10:57:23,13.948,2.2637796,0.31,33.017,-117.79524833333333,35.105359666666665,-48.992692245341146,-89.13045281583145,91.0010157490246,Before Launch
321,2025-03-22 10:57:23,13.999,2.0341208,-2.611,33.03,-117.79524833333333,35.105359666666665,-49.01377133219026,-89.12808477415052,91.01063108736227,Before Launch
322,2025-03-22 10:57:23,14.041,2.15223104,-1.371,33.027,-117.79524833333333,35.105359666666665,-48.94469207406871,-89.11646943693435,91.02035619371712,Before Launch
323,2025-03-22 10:57:23,14.084,2.43438328,0.679,33.03,-117.79524833333333,35.105359666666665,-48.9473858162518,-89.12524609369308,90.99997383637289,Before Launch
324,2025-03-22 10:57:23,14.126,2.22112868,1.176,33.017,-117.79524833333333,35.105359666666665,-48.96628213392259,-89.14288755750077,90.97584198051842,Before Launch
325,2025-03-22 10:57:23,14.168,2.43438328,1.423,33.03,-117.79524833333333,35.105359666666665,-48.95382999441962,-89.16539592168941,90.96245280937515,Before Launch
326,2025-03-22 10:57:23,14.211,1.51574808,-0.064,33.032,-117.79524833333333,35.105359666666665,-48.707329794507004,-89.15529162659776,90.96970195761757,Before Launch
327,2025-03-22 10:57:23,14.253,4.0354332,2.017,33.03,-117.79524833333333,35.105359666666665,-48.66749432624715,-89.1587551945512,90.95564064727652,Before Launch
328,2025-03-22 10:57:23,14.296,1.1154856,0.42,33.032,-117.79524833333333,35.105359666666665,-48.33358460489766,-89.12834091820292,90.96430368946298,Before Launch
329,2025-03-22 10:57:23,14.338,1.63385832,-0.631,33.03,-117.79524833333333,35.105359666666665,-48.15403183709036,-89.1308740128595,90.95032115325475,Before Launch
330,2025-03-22 10:57:23,14.381,2.43438328,0.901,33.03,-117.79524833333333,35.105359666666665,-48.11322666644497,-89.11576503454654,90.97301992566983,Before Launch
331,2025-03-22 10:57:23,14.423,2.19488196,0.198,33.035,-117.79524833333333,35.105359666666665,-48.29216945961821,-89.13742694307342,90.96130784205855,Before Launch
332,2025-03-22 10:57:23,14.473,1.3943569999999998,-1.805,33.035,-117.79524833333333,35.105359666666665,-48.62502028744789,-89.14222180000081,90.97991546629085,Before Launch
333,2025-03-22 10:57:23,14.518,1.63385832,-0.851,33.03,-117.79524833333333,35.105359666666665,-48.95932996829928,-89.14088680053992,90.98441767893817,Before Launch
334,2025-03-22 10:57:23,14.561,2.71325468,-0.484,33.032,-117.79524833333333,35.105359666666665,-49.21873807060538,-89.12579693593042,90.9879336266586,Before Launch
335,2025-03-22 10:57:23,14.604,3.2349082399999998,0.854,33.03,-117.79524833333333,35.105359666666665,-49.547343039795685,-89.1103473119391,91.00595966696316,Before Launch
336,2025-03-22 10:57:23,14.646,2.3129922,-0.222,33.032,-117.79524833333333,35.105359666666665,-49.70237120816002,-89.1312160023682,91.01738541111723,Before Launch
337,2025-03-22 10:57:23,14.688,2.3129922,-2.334,33.032,-117.79524983333333,35.105358,-49.74410247701571,-89.13637386045241,91.03090149643576,Before Launch
338,2025-03-22 10:57:23,14.731,2.3129922,0.0,33.032,-117.79524983333333,35.105358,-49.720515668773636,-89.12786370098533,91.046455083178,Before Launch
339,2025-03-22 10:57:23,14.773,3.49081376,1.092,33.007,-117.79524983333333,35.105358,-49.544259863493714,-89.15473379179404,91.0505865726289,Before Launch
340,2025-03-22 10:57:23,14.816,0.8759842800000001,-2.138,33.017,-117.79524983333333,35.105358,-48.86478905661058,-89.11572479205246,91.0286924153551,Before Launch
341,2025-03-22 10:57:24,14.869,5.24606316,2.947,32.97,-117.79524983333333,35.105358,-48.48104354475469,-89.11125329723774,91.00684822257321,Before Launch
342,2025-03-22 10:57:24,14.916,0.76443572,0.045,33.038,-117.79524983333333,35.105358,-46.99894724645608,-89.07775037274878,90.99478541248787,Before Launch
343,2025-03-22 10:57:24,14.958,4.25853032,3.239,32.983,-117.79524983333333,35.105358,-46.42672949958936,-89.07201056865209,90.96459607029381,Before Launch
344,2025-03-22 10:57:24,15.0,2.07677172,0.405,33.038,-117.79524983333333,35.105358,-45.77767798453566,-89.06876852223766,90.96964979856551,Before Launch
345,2025-03-22 10:57:24,15.043,1.56496068,-0.638,33.04,-117.79524983333333,35.105358,-45.650056310080075,-89.09219193776534,90.9480936633839,Before Launch
346,2025-03-22 10:57:24,15.085,2.3129922,0.257,33.032,-117.79524983333333,35.105358,-45.47814898182176,-89.08334708767346,90.96668586632474,Before Launch
347,2025-03-22 10:57:24,15.127,0.64632548,-1.387,33.042,-117.79524983333333,35.105358,-45.49994431813259,-89.07997979035072,90.94825736647152,Before Launch
348,2025-03-22 10:57:24,15.17,2.3129922,-0.112,33.032,-117.79524983333333,35.105358,-45.93996871454344,-89.11051617489045,90.94159689890132,Before Launch
349,2025-03-22 10:57:24,15.212,2.4770342,0.236,33.042,-117.79524983333333,35.105358,-46.150094425173165,-89.11318813257235,90.9519750806501,Before Launch
350,2025-03-22 10:57:24,15.254,2.3129922,-0.112,33.032,-117.79524983333333,35.105358,-46.83082519752531,-89.09472631536555,90.97049762246745,Before Launch
351,2025-03-22 10:57:24,15.297,2.83464576,1.214,33.03,-117.79524983333333,35.105358,-47.25583676165757,-89.06626737213347,90.9843702060724,Before Launch
352,2025-03-22 10:57:24,15.347,3.04461952,-0.906,33.042,-117.79524983333333,35.105358,-48.19153614058765,-89.08217936089952,91.00968531745842,Before Launch
353,2025-03-22 10:57:24,15.391,2.07677172,0.878,33.038,-117.79524983333333,35.105358,-48.73396488194724,-89.08805938349893,91.02932168611252,Before Launch
354,2025-03-22 10:57:24,15.433,1.44685044,-0.171,33.042,-117.79524983333333,35.105358,-48.84796592116808,-89.10259655914864,91.02761603010866,Before Launch
355,2025-03-22 10:57:24,15.476,2.07677172,-0.327,33.038,-117.79524983333333,35.105358,-49.32125781826328,-89.13323898757227,91.03171240077471,Before Launch
356,2025-03-22 10:57:24,15.518,1.9652231599999999,-0.21,33.042,-117.79524983333333,35.105358,-49.667671099475996,-89.13739049011095,91.03496898325515,Before Launch
357,2025-03-22 10:57:24,15.561,2.15223104,0.697,33.027,-117.79524983333333,35.105358,-49.7514976551908,-89.12709567470554,91.04316248909188,Before Launch
358,2025-03-22 10:57:24,15.603,-0.08530183999999999,-1.584,33.032,-117.79524983333333,35.105358,-49.66592516925836,-89.09822647082318,91.0439611982459,Before Launch
359,2025-03-22 10:57:24,15.646,1.44685044,-1.167,33.042,-117.79524983333333,35.105358,-49.537487114649764,-89.1016355530848,91.02667379158532,Before Launch
360,2025-03-22 10:57:24,15.688,0.64632548,-2.388,33.042,-117.79524983333333,35.105358,-49.41251046269212,-89.12036437794397,91.0097597029134,Before Launch
361,2025-03-22 10:57:24,15.73,0.64632548,-1.538,33.042,-117.79524983333333,35.105358,-49.22849742547618,-89.13282188042261,91.01191280793581,Before Launch
362,2025-03-22 10:57:24,15.773,1.6765092400000001,-0.587,33.038,-117.79525183333334,35.105355833333334,-49.15166180176123,-89.13349744671116,91.008222260991,Before Launch
363,2025-03-22 10:57:24,15.815,1.4960630400000001,-0.754,33.045,-117.79525183333334,35.105355833333334,-48.97148510864035,-89.13702220134572,91.02551232939646,Before Launch
364,2025-03-22 10:57:25,15.857,1.44685044,-1.886,33.042,-117.79525183333334,35.105355833333334,-49.04894307631858,-89.15294903428055,91.01795122763316,Before Launch
365,2025-03-22 10:57:25,15.9,0.64632548,-0.212,33.042,-117.79525183333334,35.105355833333334,-49.15370241818994,-89.17133403513628,90.99469046797422,Before Launch
366,2025-03-22 10:57:25,15.942,1.04658796,-3.914,33.042,-117.79525183333334,35.105355833333334,-49.177863619414,-89.15996049227572,90.99108871893205,Before Launch
367,2025-03-22 10:57:25,15.985,1.7946194800000002,0.964,33.035,-117.79525183333334,35.105355833333334,-49.29264725705609,-89.1479166589577,90.98644525956152,Before Launch
368,2025-03-22 10:57:25,16.027,2.4770342,-1.667,33.035,-117.79525183333334,35.105355833333334,-49.28535647459486,-89.1491174117987,91.02359656169313,Before Launch
369,2025-03-22 10:57:25,16.077,1.44685044,-0.585,33.042,-117.79525183333334,35.105355833333334,-49.27531442712111,-89.15214872649723,91.00302952852053,Before Launch
370,2025-03-22 10:57:25,16.12,1.8471129199999998,0.262,33.042,-117.79525183333334,35.105355833333334,-48.8661308963868,-89.11277885849238,91.01707230103595,Before Launch
371,2025-03-22 10:57:25,16.162,2.76574812,0.42,33.04,-117.79525183333334,35.105355833333334,-48.59450126652095,-89.08796123213091,91.01581014481282,Before Launch
372,2025-03-22 10:57:25,16.205,1.6076116,0.892,33.047,-117.79525183333334,35.105355833333334,-48.257568719908214,-89.08802890058521,91.0197926292606,Before Launch
373,2025-03-22 10:57:25,16.247,2.59514444,0.262,33.035,-117.79525183333334,35.105355833333334,-48.03736705835197,-89.08551408754376,91.01611378026476,Before Launch
374,2025-03-22 10:57:25,16.289,1.8471129199999998,-0.585,33.042,-117.79525183333334,35.105355833333334,-47.8262599588002,-89.08983443492417,91.0149215887043,Before Launch
375,2025-03-22 10:57:25,16.332,1.09580056,-1.129,33.05,-117.79525183333334,35.105355833333334,-48.13660858257384,-89.08906879724373,91.01789351633853,Before Launch
376,2025-03-22 10:57:25,16.374,1.32545936,-1.401,33.045,-117.79525183333334,35.105355833333334,-48.63095706258033,-89.12033644693123,91.00079574240317,Before Launch
377,2025-03-22 10:57:25,16.417,1.32545936,-1.607,33.045,-117.79525183333334,35.105355833333334,-48.79183493689004,-89.10731216853625,91.01055218618897,Before Launch
378,2025-03-22 10:57:25,16.459,-0.10498688,-2.043,33.05,-117.79525183333334,35.105355833333334,-49.02943125651922,-89.12566790466691,91.00032192120756,Before Launch
379,2025-03-22 10:57:25,16.501,1.8471129199999998,0.375,33.042,-117.79525183333334,35.105355833333334,-49.087586546042765,-89.13670740492796,90.99077738112221,Before Launch
380,2025-03-22 10:57:25,16.544,2.00787408,-0.065,33.047,-117.79525183333334,35.105355833333334,-49.46423166283025,-89.14406705815075,90.96347630506358,Before Launch
381,2025-03-22 10:57:25,16.586,1.72572184,-0.224,33.04,-117.79525183333334,35.105355833333334,-50.0410548517622,-89.225422706065,90.9461920269598,Before Launch
382,2025-03-22 10:57:25,16.628,0.29527559999999997,-1.74,33.05,-117.79525183333334,35.105355833333334,-51.81076449671899,-89.25468598436383,90.94578625655467,Before Launch
383,2025-03-22 10:57:25,16.671,1.72572184,1.696,33.045,-117.79525183333334,35.105355833333334,-52.35362849331003,-89.26241314051138,90.96202240754364,Before Launch
384,2025-03-22 10:57:25,16.713,1.8963255199999998,0.421,33.05,-117.7952515,35.1053555,-52.886206466987176,-89.26107402552829,90.97193231291351,Before Launch
385,2025-03-22 10:57:25,16.755,1.20734912,0.526,33.047,-117.7952515,35.1053555,-52.28841289639341,-89.24671937307919,90.97598360875986,Before Launch
386,2025-03-22 10:57:25,16.798,0.97769032,0.31,33.052,-117.7952515,35.1053555,-51.13841572858669,-89.18618947755255,90.98535316515151,Before Launch
387,2025-03-22 10:57:26,16.84,1.7782152800000002,0.095,33.052,-117.7952515,35.1053555,-50.69730869375155,-89.19387009991071,90.99814617837302,Before Launch
388,2025-03-22 10:57:26,16.888,3.32677176,1.706,33.045,-117.7952515,35.1053555,-49.87161282848967,-89.17867196636152,91.00863514069827,Before Launch
389,2025-03-22 10:57:26,16.933,1.32545936,-0.113,33.03,-117.7952515,35.1053555,-49.19395960745744,-89.15629456138339,91.00931438125048,Before Launch
390,2025-03-22 10:57:26,16.984,3.3038058799999996,2.452,33.02,-117.7952515,35.1053555,-48.912933430930444,-89.16118337326188,91.0252408457997,Before Launch
391,2025-03-22 10:57:26,17.034,1.09580056,0.045,33.05,-117.7952515,35.1053555,-48.67185478553027,-89.13551373420039,91.01537506861366,Before Launch
392,2025-03-22 10:57:26,17.078,2.40813656,0.561,33.047,-117.7952515,35.1053555,-48.38457627998063,-89.14022285431788,90.99729997347796,Before Launch
393,2025-03-22 10:57:26,17.121,0.97769032,-1.371,33.052,-117.7952515,35.1053555,-48.203085462391776,-89.1289957492345,90.99031328978548,Before Launch
394,2025-03-22 10:57:26,17.164,2.40813656,0.884,33.047,-117.7952515,35.1053555,-48.14643603680233,-89.11101049828433,91.00215660617208,Before Launch
395,2025-03-22 10:57:26,17.206,2.296588,0.414,33.05,-117.7952515,35.1053555,-48.19558905792148,-89.08142915694103,91.01653647840718,Before Launch
396,2025-03-22 10:57:26,17.248,1.72572184,-0.958,33.045,-117.7952515,35.1053555,-48.74144538335422,-89.08085630036325,91.00779507128959,Before Launch
397,2025-03-22 10:57:26,17.291,2.40813656,0.737,33.047,-117.7952515,35.1053555,-48.973127667444615,-89.08841100314176,91.02188796950826,Before Launch
398,2025-03-22 10:57:26,17.335,2.05708668,-0.495,33.055,-117.7952515,35.1053555,-49.264743126000276,-89.09827367723454,91.0221731379284,Before Launch
399,2025-03-22 10:57:26,17.377,1.6076116,-0.22,33.047,-117.7952515,35.1053555,-49.343537415194916,-89.10237404121422,91.02976252816882,Before Launch
400,2025-03-22 10:57:26,17.419,0.45603676000000004,-0.589,33.055,-117.7952515,35.1053555,-49.16587725532782,-89.08444129857035,91.02346851349245,Before Launch
401,2025-03-22 10:57:26,17.462,0.80708664,-0.476,33.047,-117.7952515,35.1053555,-48.94660497237259,-89.09238769600604,91.02546347247721,Before Launch
402,2025-03-22 10:57:26,17.504,2.1784777600000003,0.785,33.052,-117.7952515,35.1053555,-48.591201617158795,-89.07403127299817,91.03870321879621,Before Launch
403,2025-03-22 10:57:26,17.547,4.87860908,4.581,32.995,-117.7952515,35.1053555,-48.373183300042406,-89.09631533072873,91.04154323422797,Before Launch
404,2025-03-22 10:57:26,17.589,2.85761164,0.929,33.055,-117.7952515,35.1053555,-48.25467214910951,-89.12189168644842,90.99608424572405,Before Launch
405,2025-03-22 10:57:26,17.633,3.09711296,1.0,33.025,-117.7952515,35.1053555,-48.10936296995425,-89.107784114876,90.99415884027196,Before Launch
406,2025-03-22 10:57:26,17.676,2.1784777600000003,0.415,33.052,-117.7952515,35.1053555,-48.265262144812915,-89.12898278982,91.00199750367112,Before Launch
407,2025-03-22 10:57:26,17.718,2.296588,1.836,33.05,-117.7952515,35.1053555,-48.325303274502026,-89.11835846024599,91.01218550070752,Before Launch
408,2025-03-22 10:57:26,17.768,2.6968504799999997,0.885,33.05,-117.79525066666666,35.10535516666667,-48.13974515060947,-89.10657773953736,91.01534739502428,Before Launch
409,2025-03-22 10:57:26,17.811,2.80839904,0.831,33.047,-117.79525066666666,35.10535516666667,-47.977894273077226,-89.1007072788057,90.98590701225548,Before Launch
410,2025-03-22 10:57:27,17.855,2.57874024,1.247,33.052,-117.79525066666666,35.10535516666667,-47.629580020257976,-89.08240238482229,90.9804512409094,Before Launch
411,2025-03-22 10:57:27,17.898,1.6076116,0.573,33.047,-117.79525066666666,35.10535516666667,-47.1761339293893,-89.08374731971419,90.96925950820481,Before Launch
412,2025-03-22 10:57:27,17.94,4.6653544799999995,2.625,33.052,-117.79525066666666,35.10535516666667,-47.05998405409871,-89.07437726475128,90.96587679863968,Before Launch
413,2025-03-22 10:57:27,17.982,2.97900272,-0.318,33.052,-117.79525066666666,35.10535516666667,-46.82189082310937,-89.09071460268464,90.96293873381478,Before Launch
414,2025-03-22 10:57:27,18.025,1.6568242,0.303,33.055,-117.79525066666666,35.10535516666667,-46.952358259356195,-89.09705063262263,90.94649096400293,Before Launch
415,2025-03-22 10:57:27,18.067,2.1784777600000003,-1.039,33.052,-117.79525066666666,35.10535516666667,-47.0949211902112,-89.08679254656538,90.94944838992451,Before Launch
416,2025-03-22 10:57:27,18.11,1.6568242,0.521,33.055,-117.79525066666666,35.10535516666667,-47.21343024412416,-89.08749706965236,90.95622080816969,Before Launch
417,2025-03-22 10:57:27,18.152,2.45734916,0.046,33.055,-117.79525066666666,35.10535516666667,-47.478002486862714,-89.10550155500943,90.99542851162988,Before Launch
418,2025-03-22 10:57:27,18.195,1.8274278800000001,0.791,33.06,-117.79525066666666,35.10535516666667,-47.52614285683099,-89.09578310775743,91.00676223519315,Before Launch
419,2025-03-22 10:57:27,18.237,2.97900272,0.532,33.052,-117.79525066666666,35.10535516666667,-47.737812785196475,-89.10717607145718,90.98428051210442,Before Launch
420,2025-03-22 10:57:27,18.279,1.7782152800000002,-0.483,33.052,-117.79525066666666,35.10535516666667,-47.85284199573653,-89.10242644969608,90.96307664617865,Before Launch
421,2025-03-22 10:57:27,18.322,1.3779527999999999,-0.324,33.052,-117.79525066666666,35.10535516666667,-48.522746625656424,-89.10330058218399,90.99948421164768,Before Launch
422,2025-03-22 10:57:27,18.365,2.87729668,0.437,33.05,-117.79525066666666,35.10535516666667,-48.84190366632626,-89.10357079512599,91.00657995201362,Before Launch
423,2025-03-22 10:57:27,18.407,2.9035434,0.79,33.02,-117.79525066666666,35.10535516666667,-49.1624687537585,-89.11498840168764,91.01214573127601,Before Launch
424,2025-03-22 10:57:27,18.449,0.90879268,-0.652,33.062,-117.79525066666666,35.10535516666667,-49.41988170899972,-89.10551426824597,91.03377484694312,Before Launch
425,2025-03-22 10:57:27,18.492,2.57874024,1.978,33.052,-117.79525066666666,35.10535516666667,-50.282910111744364,-89.13232876728641,91.041269185929,Before Launch
426,2025-03-22 10:57:27,18.535,1.70931764,0.841,33.062,-117.79525066666666,35.10535516666667,-50.588010751512925,-89.17410014532733,91.04825520112355,Before Launch
427,2025-03-22 10:57:27,18.577,1.1384514799999998,-0.969,33.057,-117.79525066666666,35.10535516666667,-51.578380018757315,-89.18580692092779,91.04304917635308,Before Launch
428,2025-03-22 10:57:27,18.619,2.3392389199999997,-2.369,33.057,-117.79525066666666,35.10535516666667,-51.81709752757189,-89.18632958671994,91.03341558118181,Before Launch
429,2025-03-22 10:57:27,18.662,1.8274278800000001,-0.96,33.057,-117.79525066666666,35.10535516666667,-52.11145227880141,-89.17570632775869,91.03753454668384,Before Launch
430,2025-03-22 10:57:27,18.704,1.8274278800000001,-1.186,33.06,-117.795251,35.105354,-52.005732592815846,-89.1835603483992,91.04028181241657,Before Launch
431,2025-03-22 10:57:27,18.746,1.3779527999999999,-0.748,33.052,-117.795251,35.105354,-51.828861054057974,-89.18851992162628,91.04145106259902,Before Launch
432,2025-03-22 10:57:27,18.789,2.05708668,-0.224,33.052,-117.795251,35.105354,-51.77708329319713,-89.19824443247377,91.04169471410222,Before Launch
433,2025-03-22 10:57:28,18.832,3.04461952,0.327,33.042,-117.795251,35.105354,-51.6088612115965,-89.1729906408304,91.04577060725691,Before Launch
434,2025-03-22 10:57:28,18.876,2.05708668,-0.705,33.055,-117.795251,35.105354,-51.54954398131352,-89.18849493178955,91.04005049151597,Before Launch
435,2025-03-22 10:57:28,18.918,2.05708668,-0.491,33.055,-117.795251,35.105354,-51.207605288328914,-89.17844042191716,91.04000924740568,Before Launch
436,2025-03-22 10:57:28,18.97,1.53871396,-0.064,33.057,-117.795251,35.105354,-50.99615107381606,-89.18075872604574,91.0196410563176,Before Launch
437,2025-03-22 10:57:28,19.014,1.1384514799999998,-3.284,33.057,-117.795251,35.105354,-50.11642208126964,-89.17403373997166,91.00129436145333,Before Launch
438,2025-03-22 10:57:28,19.068,3.4219161199999997,0.408,33.022,-117.795251,35.105354,-49.15060747984259,-89.18052716573143,90.99643206017471,Before Launch
439,2025-03-22 10:57:28,19.123,2.5721785600000002,0.834,33.01,-117.795251,35.105354,-48.83130720675042,-89.18991689682612,90.9902665521407,Before Launch
440,2025-03-22 10:57:28,19.168,2.99540692,0.742,33.035,-117.795251,35.105354,-48.511532173779145,-89.1435449866003,90.97658412992395,Before Launch
441,2025-03-22 10:57:28,19.216,4.36023636,2.444,32.997,-117.795251,35.105354,-48.732123822568646,-89.1381506702221,90.98197193928357,Before Launch
442,2025-03-22 10:57:28,19.259,3.89107624,1.295,33.007,-117.795251,35.105354,-49.028874708299185,-89.15922880106186,91.00835778234791,Before Launch
443,2025-03-22 10:57:28,19.303,2.07677172,0.225,33.052,-117.795251,35.105354,-49.21048451951979,-89.13998611645752,90.9891861404237,Before Launch
444,2025-03-22 10:57:28,19.363,1.70931764,-1.128,33.06,-117.795251,35.105354,-49.240377015702585,-89.12616103223529,90.9928943442404,Before Launch
445,2025-03-22 10:57:28,19.407,3.70406836,1.707,33.02,-117.795251,35.105354,-49.10147646717087,-89.12762837142853,90.9898657629813,Before Launch
446,2025-03-22 10:57:28,19.45,2.73293972,1.201,33.015,-117.795251,35.105354,-48.78639078620834,-89.13397772368431,90.9877981709706,Before Launch
447,2025-03-22 10:57:28,19.493,1.7782152800000002,-0.974,33.052,-117.795251,35.105354,-47.556909797813056,-89.12977551760405,90.99265325079108,Before Launch
448,2025-03-22 10:57:28,19.535,0.5085302,-2.123,33.062,-117.795251,35.105354,-47.12546563199966,-89.1066143643886,90.98352080530022,Before Launch
449,2025-03-22 10:57:28,19.577,1.4271654,0.46,33.06,-117.795251,35.105354,-47.29375321992418,-89.08123201962682,90.98248010446952,Before Launch
450,2025-03-22 10:57:28,19.62,1.30905516,-1.126,33.07,-117.795251,35.105354,-47.3448846712866,-89.05842323811883,90.99527709828457,Before Launch
451,2025-03-22 10:57:28,19.662,2.3392389199999997,0.559,33.057,-117.795251,35.105354,-47.730997160570425,-89.09222782668881,90.99772214881935,Before Launch
452,2025-03-22 10:57:28,19.705,1.25656172,0.105,33.055,-117.79525066666666,35.10535633333333,-47.92367143726002,-89.09811636549354,91.01546326351614,Before Launch
453,2025-03-22 10:57:28,19.747,3.7893702,1.286,32.993,-117.79525066666666,35.10535633333333,-48.6063234136221,-89.14141553271017,91.00441733493368,Before Launch
454,2025-03-22 10:57:28,19.789,3.6089240000000005,1.581,33.005,-117.79525066666666,35.10535633333333,-48.97172154365672,-89.14973244773807,91.00068688368131,Before Launch
455,2025-03-22 10:57:28,19.832,3.65157492,1.617,33.013,-117.79525066666666,35.10535633333333,-49.736418527667205,-89.12785840193534,90.99938503976018,Before Launch
456,2025-03-22 10:57:29,19.875,3.1332022,1.555,33.015,-117.79525066666666,35.10535633333333,-50.15459275244201,-89.12963053560433,90.99684266077205,Before Launch
457,2025-03-22 10:57:29,19.926,1.8274278800000001,-0.202,33.06,-117.79525066666666,35.10535633333333,-50.821241550327066,-89.14084630345772,91.00421927400409,Before Launch
458,2025-03-22 10:57:29,19.969,1.5879265599999999,-1.281,33.065,-117.79525066666666,35.10535633333333,-50.694619802958435,-89.12715249585818,91.01976015633257,Before Launch
459,2025-03-22 10:57:29,20.012,1.02690292,-0.907,33.06,-117.79525066666666,35.10535633333333,-50.41959999660436,-89.11915752377186,91.0158881811383,Before Launch
460,2025-03-22 10:57:29,20.054,1.1384514799999998,-0.809,33.065,-117.79525066666666,35.10535633333333,-49.63581984,-89.15390346770022,90.99938226075203,Before Launch
461,2025-03-22 10:57:29,20.097,2.22769036,0.611,33.06,-117.79525066666666,35.10535633333333,-49.24463086579993,-89.15220315013975,90.96895872090812,Before Launch
462,2025-03-22 10:57:29,20.139,0.62664044,-0.455,33.06,-117.79525066666666,35.10535633333333,-48.65829956375019,-89.145798992531,90.95710703325132,Before Launch
463,2025-03-22 10:57:29,20.182,2.6279528400000003,-0.713,33.06,-117.79525066666666,35.10535633333333,-48.45970162420887,-89.14608087543547,90.97042408491714,Before Launch
464,2025-03-22 10:57:29,20.224,1.18766408,-1.258,33.065,-117.79525066666666,35.10535633333333,-47.974584109435895,-89.11188291522987,90.94216982791251,Before Launch
465,2025-03-22 10:57:29,20.267,2.40813656,-0.534,33.047,-117.79525066666666,35.10535633333333,-48.34640110091459,-89.10890609964883,90.94931869700436,Before Launch
466,2025-03-22 10:57:29,20.31,0.5085302,-3.521,33.062,-117.79525066666666,35.10535633333333,-48.76036925441879,-89.09537649931693,90.9709692896213,Before Launch
467,2025-03-22 10:57:29,20.353,1.30905516,-2.36,33.062,-117.79525066666666,35.10535633333333,-48.972697357306636,-89.12156945762912,91.00324347181738,Before Launch
468,2025-03-22 10:57:29,20.396,1.98818904,-0.081,33.065,-117.79525066666666,35.10535633333333,-49.05097472218287,-89.1187086796578,91.01743294508884,Before Launch
469,2025-03-22 10:57:29,20.439,1.70931764,0.0,33.062,-117.79525066666666,35.10535633333333,-49.05315236140159,-89.12614471493787,91.02300060048049,Before Launch
470,2025-03-22 10:57:29,20.481,1.5879265599999999,-1.97,33.065,-117.79525066666666,35.10535633333333,-48.85639581712029,-89.14580003047259,91.00102021894023,Before Launch
471,2025-03-22 10:57:29,20.524,0.90879268,-1.698,33.062,-117.79525066666666,35.10535633333333,-48.67340077523796,-89.14259237749664,90.98240601722392,Before Launch
472,2025-03-22 10:57:29,20.567,1.7486877200000002,-0.027,33.07,-117.79525066666666,35.10535633333333,-48.445616859284286,-89.17321823453678,90.96560601360403,Before Launch
473,2025-03-22 10:57:29,20.609,2.71325468,2.053,33.013,-117.79525066666666,35.10535633333333,-48.43480447954465,-89.16760047428934,90.9727461074353,Before Launch
474,2025-03-22 10:57:29,20.652,0.5085302,-0.855,33.062,-117.79525066666666,35.10535633333333,-48.276133400630144,-89.1423131861483,90.95475980522767,Before Launch
475,2025-03-22 10:57:29,20.694,1.18766408,-0.113,33.065,-117.79525066666666,35.10535633333333,-48.29996770053813,-89.15845212048183,90.95274501204557,Before Launch
476,2025-03-22 10:57:29,20.742,0.9514436,-1.285,33.07,-117.79525283333334,35.10535516666667,-48.394080625234736,-89.14602174100284,90.95960700754621,Before Launch
477,2025-03-22 10:57:29,20.785,3.04461952,1.656,33.042,-117.79525283333334,35.10535516666667,-48.329624763093086,-89.17605499639153,90.95103690116568,Before Launch
478,2025-03-22 10:57:30,20.836,0.39041995999999995,-3.121,33.042,-117.79525283333334,35.10535516666667,-48.147259189820716,-89.1806710086264,90.9558160612391,Before Launch
479,2025-03-22 10:57:30,20.88,2.38845152,-1.119,33.065,-117.79525283333334,35.10535516666667,-48.216910589656166,-89.15082559324452,90.96670652654798,Before Launch
480,2025-03-22 10:57:30,20.923,1.46981632,-2.0,33.067,-117.79525283333334,35.10535516666667,-48.35518455464228,-89.15664410698425,90.97793931524849,Before Launch
481,2025-03-22 10:57:30,20.965,2.10958012,-0.939,33.062,-117.79525283333334,35.10535516666667,-48.83005111756699,-89.16661511220654,90.97909543502628,Before Launch
482,2025-03-22 10:57:30,21.008,1.06955384,-0.7,33.067,-117.79525283333334,35.10535516666667,-49.09977824430098,-89.16936446267826,91.0031418015869,Before Launch
483,2025-03-22 10:57:30,21.05,2.91010508,1.223,33.062,-117.79525283333334,35.10535516666667,-49.868255228243115,-89.18775371612219,91.01733434084815,Before Launch
484,2025-03-22 10:57:30,21.093,4.15354344,2.892,33.067,-117.79525283333334,35.10535516666667,-50.19075789698573,-89.18897558496727,91.00385761667728,Before Launch
485,2025-03-22 10:57:30,21.136,1.98818904,0.785,33.065,-117.79525283333334,35.10535516666667,-50.52858337032728,-89.18417137217355,90.99764104682754,Before Launch
486,2025-03-22 10:57:30,21.178,1.7486877200000002,-0.443,33.07,-117.79525283333334,35.10535516666667,-50.54279881597978,-89.1765823679168,91.0047656009393,Before Launch
487,2025-03-22 10:57:30,21.221,1.51902892,0.825,33.075,-117.79525283333334,35.10535516666667,-50.16304182000058,-89.15495577133008,91.00220613452558,Before Launch
488,2025-03-22 10:57:30,21.263,3.13976388,0.473,33.057,-117.79525283333334,35.10535516666667,-49.92698460806419,-89.17241215991616,91.00780557555741,Before Launch
489,2025-03-22 10:57:30,21.305,2.10958012,0.853,33.062,-117.79525283333334,35.10535516666667,-49.18554869710283,-89.14303730548473,91.01617477868126,Before Launch
490,2025-03-22 10:57:30,21.348,2.94947516,0.501,33.07,-117.79525283333334,35.10535516666667,-48.78075642656807,-89.13369070524618,91.01368891202064,Before Launch
491,2025-03-22 10:57:30,21.39,3.60564316,2.868,33.047,-117.79525283333334,35.10535516666667,-48.57197517050499,-89.11622882469185,91.00407812377426,Before Launch
492,2025-03-22 10:57:30,21.433,2.44094496,1.048,33.072,-117.79525283333334,35.10535516666667,-48.48892877566728,-89.10287650239712,91.00492075733833,Before Launch
493,2025-03-22 10:57:30,21.475,1.5879265599999999,-0.371,33.065,-117.79525283333334,35.10535516666667,-48.14643691168183,-89.10184439501181,90.96654085490901,Before Launch
494,2025-03-22 10:57:30,21.517,2.6706037599999997,0.892,33.07,-117.79525283333334,35.10535516666667,-48.00670403894663,-89.10874197792933,90.9644568164656,Before Launch
495,2025-03-22 10:57:30,21.562,2.54921268,0.889,33.07,-117.79525283333334,35.10535516666667,-47.997743653486715,-89.11910188398168,90.95791024475213,Before Launch
496,2025-03-22 10:57:30,21.604,3.98293976,2.846,33.022,-117.79525283333334,35.10535516666667,-48.05004746835796,-89.1476865510974,90.97099056735206,Before Launch
497,2025-03-22 10:57:30,21.646,2.27034128,0.483,33.035,-117.79525283333334,35.10535516666667,-49.36947276500611,-89.1352006065788,91.03042293226828,Before Launch
498,2025-03-22 10:57:30,21.691,0.9514436,-1.628,33.07,-117.79525283333334,35.10535516666667,-50.26556341340608,-89.14140666585675,91.05306370224532,Before Launch
499,2025-03-22 10:57:30,21.735,1.40091868,0.824,33.075,-117.79525283333334,35.10535516666667,-51.4086942455582,-89.11202575541057,91.08305246059142,Before Launch
500,2025-03-22 10:57:30,21.784,3.4711287200000003,2.095,33.06,-117.79525266666667,35.1053555,-51.80335616198154,-89.11214040711205,91.06597813342073,Before Launch
501,2025-03-22 10:57:31,21.84,3.27427832,2.116,33.038,-117.79525266666667,35.1053555,-50.911374395879896,-89.13618091668761,91.0517421769472,Before Launch
502,2025-03-22 10:57:31,21.885,1.5879265599999999,-1.324,33.067,-117.79525266666667,35.1053555,-48.469100025600255,-89.12171489953995,90.99430799183348,Before Launch
503,2025-03-22 10:57:31,21.937,2.44094496,1.862,33.072,-117.79525266666667,35.1053555,-47.48113562271969,-89.09270069563817,90.9613799531838,Before Launch
504,2025-03-22 10:57:31,21.98,2.5098426,0.11,33.067,-117.79525266666667,35.1053555,-46.19420884263216,-89.09352754833938,90.93590325227477,Before Launch
505,2025-03-22 10:57:31,22.027,2.19488196,0.657,33.035,-117.79525266666667,35.1053555,-46.765521012716604,-89.11188077028135,90.97306107317883,Before Launch
506,2025-03-22 10:57:31,22.07,5.02296604,2.637,33.017,-117.79525266666667,35.1053555,-49.02387208263793,-89.1001025007277,91.07364555944683,Before Launch
507,2025-03-22 10:57:31,22.113,2.04068248,0.879,33.072,-117.79525266666667,35.1053555,-49.90330586896542,-89.09641486446785,91.08388756838569,Before Launch
508,2025-03-22 10:57:31,22.156,2.1489502000000003,-0.688,33.07,-117.79525266666667,35.1053555,-50.11435644468645,-89.1143399372383,91.05619473895881,Before Launch
509,2025-03-22 10:57:31,22.199,2.1489502000000003,-1.812,33.07,-117.79525266666667,35.1053555,-49.61213414395356,-89.12160894014782,91.04780317474612,Before Launch
510,2025-03-22 10:57:31,22.241,3.444882,1.318,33.042,-117.79525266666667,35.1053555,-47.38139302695171,-89.1365464708733,90.96427080683932,Before Launch
511,2025-03-22 10:57:31,22.284,2.5098426,0.688,33.062,-117.79525266666667,35.1053555,-46.75715702100472,-89.13707486935887,90.91911530975152,Before Launch
512,2025-03-22 10:57:31,22.326,2.27034128,0.68,33.067,-117.79525266666667,35.1053555,-46.14249135368409,-89.14093131015618,90.88377810023042,Before Launch
513,2025-03-22 10:57:31,22.369,2.31955388,-0.742,33.075,-117.79525266666667,35.1053555,-47.11975070624357,-89.15841372849708,90.91277922919512,Before Launch
514,2025-03-22 10:57:31,22.411,1.8700788,-0.217,33.067,-117.79525266666667,35.1053555,-49.8100031268623,-89.14520999744082,91.00903145236092,Before Launch
515,2025-03-22 10:57:31,22.454,4.15354344,1.089,33.027,-117.79525266666667,35.1053555,-50.71995393273656,-89.15292896591511,91.0361058537605,Before Launch
516,2025-03-22 10:57:31,22.497,2.44094496,-1.052,33.035,-117.79525266666667,35.1053555,-51.7739992935161,-89.1643270525169,91.08037224971864,Before Launch
517,2025-03-22 10:57:31,22.539,3.02821532,0.531,33.06,-117.79525266666667,35.1053555,-51.891059556650916,-89.14401376247508,91.10144836388051,Before Launch
518,2025-03-22 10:57:31,22.587,3.27427832,1.517,33.038,-117.79525266666667,35.1053555,-49.40125094167565,-89.10911851875645,91.04582628686587,Before Launch
519,2025-03-22 10:57:31,22.634,1.9192913999999999,-0.673,33.075,-117.79525266666667,35.1053555,-47.22853278629014,-89.09101877383235,91.0009650613269,Before Launch
520,2025-03-22 10:57:31,22.679,0.83989504,-1.53,33.072,-117.79525266666667,35.1053555,-46.57098986627672,-89.08513027276292,90.97790260699944,Before Launch
521,2025-03-22 10:57:31,22.722,1.0006561999999999,-2.668,33.077,-117.79525416666667,35.10535516666667,-46.000761728499846,-89.06092716904567,90.95217540715525,Before Launch
522,2025-03-22 10:57:31,22.765,2.71981636,0.402,33.075,-117.79525416666667,35.10535516666667,-47.031782893467906,-89.05874624386874,90.96943999587702,Before Launch
523,2025-03-22 10:57:31,22.807,2.27034128,1.182,33.067,-117.79525416666667,35.10535516666667,-49.888125430729865,-89.11097437963373,91.05990403486724,Before Launch
524,2025-03-22 10:57:32,22.849,1.80118116,0.359,33.077,-117.79525416666667,35.10535516666667,-50.76410340987393,-89.11007251101934,91.11250416782141,Before Launch
525,2025-03-22 10:57:32,22.892,3.8451444799999996,0.338,33.07,-117.79525416666667,35.10535516666667,-51.866643811013915,-89.13425242117034,91.13492266255516,Before Launch
526,2025-03-22 10:57:32,22.934,4.50131248,1.122,33.02,-117.79525416666667,35.10535516666667,-49.977975769614794,-89.12852882467595,91.0631663963949,Before Launch
527,2025-03-22 10:57:32,22.985,2.6279528400000003,0.945,33.06,-117.79525416666667,35.10535516666667,-47.68350144218713,-89.1213386646481,90.9912789864892,Before Launch
528,2025-03-22 10:57:32,23.027,4.40616812,1.803,33.047,-117.79525416666667,35.10535516666667,-44.86186219644237,-89.10666425315375,90.91885567754545,Before Launch
529,2025-03-22 10:57:32,23.074,3.5892389600000003,0.987,33.065,-117.79525416666667,35.10535516666667,-44.027014502619835,-89.1026678513189,90.88738868494804,Before Launch
530,2025-03-22 10:57:32,23.117,2.27034128,0.069,33.067,-117.79525416666667,35.10535516666667,-44.46663143753576,-89.0956155279327,90.85410743032065,Before Launch
531,2025-03-22 10:57:32,23.159,2.91010508,-1.94,33.067,-117.79525416666667,35.10535516666667,-46.16224380464439,-89.1248933167219,90.87918405544256,Before Launch
532,2025-03-22 10:57:32,23.201,4.17650932,1.963,33.052,-117.79525416666667,35.10535516666667,-49.701358846605174,-89.15190327050354,91.02072453597462,Before Launch
533,2025-03-22 10:57:32,23.244,3.25787412,1.019,33.055,-117.79525416666667,35.10535516666667,-50.73676261164061,-89.1666534802038,91.05536639263423,Before Launch
534,2025-03-22 10:57:32,23.286,3.60564316,1.34,33.047,-117.79525416666667,35.10535516666667,-52.11432817843241,-89.16630990766365,91.0914794798871,Before Launch
535,2025-03-22 10:57:32,23.329,1.70931764,-1.595,33.062,-117.79525416666667,35.10535516666667,-50.98793499118317,-89.14969274783702,91.05908078095226,Before Launch
536,2025-03-22 10:57:32,23.372,3.1200788399999997,0.561,33.075,-117.79525416666667,35.10535516666667,-47.153773684130556,-89.09083040195091,90.9784645905276,Before Launch
537,2025-03-22 10:57:32,23.414,2.84120744,0.525,33.072,-117.79525416666667,35.10535516666667,-45.70885768607164,-89.07408464986062,90.94507260060193,Before Launch
538,2025-03-22 10:57:32,23.457,2.6017061200000002,0.259,33.077,-117.79525416666667,35.10535516666667,-43.87289207794425,-89.06390632631907,90.89736299170163,Before Launch
539,2025-03-22 10:57:32,23.503,1.57152236,-0.273,33.082,-117.79525416666667,35.10535516666667,-43.32535144462814,-89.04977388938539,90.89440351763066,Before Launch
540,2025-03-22 10:57:32,23.547,3.6581365999999997,-0.453,33.055,-117.79525416666667,35.10535516666667,-45.28081743531793,-89.0772404027122,90.95423956731733,Before Launch
541,2025-03-22 10:57:32,23.59,2.7887139999999997,0.318,33.065,-117.79525416666667,35.10535516666667,-46.97724243759146,-89.10399891199731,90.98886091289677,Before Launch
542,2025-03-22 10:57:32,23.632,2.71981636,-0.282,33.075,-117.79525416666667,35.10535516666667,-49.08986258362308,-89.11960375549775,91.01262646480843,Before Launch
543,2025-03-22 10:57:32,23.675,1.9192913999999999,-1.245,33.075,-117.79525416666667,35.10535516666667,-49.73288000495359,-89.12462516154805,91.02812869980113,Before Launch
544,2025-03-22 10:57:32,23.718,3.96653556,1.889,33.04,-117.79525466666666,35.105355333333335,-49.86948274706292,-89.12657423306915,91.02420110778283,Before Launch
545,2025-03-22 10:57:32,23.76,3.3956693999999996,2.364,33.035,-117.79525466666666,35.105355333333335,-48.56322592497322,-89.11410511689634,90.9850253012913,Before Launch
546,2025-03-22 10:57:32,23.802,2.48031504,1.37,33.08,-117.79525466666666,35.105355333333335,-46.877796468341074,-89.1041199739566,90.93415732614358,Before Launch
547,2025-03-22 10:57:33,23.845,2.9330709600000002,0.197,33.087,-117.79525466666666,35.105355333333335,-46.39111480437325,-89.09769144724251,90.93311184351387,Before Launch
548,2025-03-22 10:57:33,23.887,3.6417324000000004,1.27,33.072,-117.79525466666666,35.105355333333335,-46.08656428786183,-89.10165007758337,90.93453715994636,Before Launch
549,2025-03-22 10:57:33,23.93,1.68307092,-0.109,33.038,-117.79525466666666,35.105355333333335,-47.38037447360149,-89.08718640897455,90.97616110379043,Before Launch
550,2025-03-22 10:57:33,23.972,2.88057752,-0.893,33.08,-117.79525466666666,35.105355333333335,-49.9596023429116,-89.12456694426781,91.09125716004736,Before Launch
551,2025-03-22 10:57:33,24.015,3.52034132,-0.907,33.075,-117.79525466666666,35.105355333333335,-50.73721288566034,-89.1106348404189,91.10849855574254,Before Launch
552,2025-03-22 10:57:33,24.057,3.6417324000000004,0.946,33.072,-117.79525466666666,35.105355333333335,-51.66316470235084,-89.08846939025652,91.14594909046974,Before Launch
553,2025-03-22 10:57:33,24.099,4.8064306000000006,0.373,33.047,-117.79525466666666,35.105355333333335,-50.84949807700072,-89.09612327570788,91.10709031924453,Before Launch
554,2025-03-22 10:57:33,24.142,1.57152236,-1.889,33.082,-117.79525466666666,35.105355333333335,-47.837133534139994,-89.07688106387596,91.0214254148785,Before Launch
555,2025-03-22 10:57:33,24.184,3.5892389600000003,1.236,33.065,-117.79525466666666,35.105355333333335,-46.58566913421873,-89.08820110711834,90.98776495162554,Before Launch
556,2025-03-22 10:57:33,24.227,2.97900272,0.065,33.055,-117.79525466666666,35.105355333333335,-45.08699741180002,-89.08450107903727,90.93167909313297,Before Launch
557,2025-03-22 10:57:33,24.269,3.9370079999999996,-0.224,33.057,-117.79525466666666,35.105355333333335,-44.640083906379374,-89.09286618561737,90.9149776788485,Before Launch
558,2025-03-22 10:57:33,24.311,2.20144364,-0.99,33.077,-117.79525466666666,35.105355333333335,-47.065535064262384,-89.10815293581575,90.97070063454082,Before Launch
559,2025-03-22 10:57:33,24.354,4.475065760000001,0.814,33.038,-117.79525466666666,35.105355333333335,-48.23214237035964,-89.12447474586567,91.00419369020398,Before Launch
560,2025-03-22 10:57:33,24.396,1.17125988,-0.504,33.082,-117.79525466666666,35.105355333333335,-49.73436952594083,-89.11266104021489,91.05241429203194,Before Launch
561,2025-03-22 10:57:33,24.438,2.08005256,-0.976,33.08,-117.79525466666666,35.105355333333335,-50.195675099157704,-89.09317314976346,91.06292590351556,Before Launch
562,2025-03-22 10:57:33,24.482,2.18503944,-0.614,33.095,-117.79525466666666,35.105355333333335,-50.21467230293861,-89.09804589291011,91.0886614928076,Before Launch
563,2025-03-22 10:57:33,24.525,3.0511812000000003,0.421,33.085,-117.79525466666666,35.105355333333335,-48.94692657745949,-89.08690119042859,91.04915860485235,Before Launch
564,2025-03-22 10:57:33,24.571,1.64042,0.065,33.072,-117.79525466666666,35.105355333333335,-47.40472065977018,-89.08593691575865,91.02092406104772,Before Launch
565,2025-03-22 10:57:33,24.614,1.57152236,-1.956,33.082,-117.79525466666666,35.105355333333335,-46.94727661339433,-89.09137592796498,91.00986805636556,Before Launch
566,2025-03-22 10:57:33,24.656,3.21194236,0.397,33.09,-117.79525466666666,35.105355333333335,-46.59189146592677,-89.11593559222902,90.9846159846888,Before Launch
567,2025-03-22 10:57:33,24.699,2.7723098,0.049,33.082,-117.79525616666666,35.10535433333333,-47.08154980405237,-89.11157716320773,91.01190781892969,Before Launch
568,2025-03-22 10:57:33,24.741,2.7723098,0.8,33.085,-117.79525616666666,35.10535433333333,-48.20207215650191,-89.11536540837491,91.04367003316953,Before Launch
569,2025-03-22 10:57:33,24.783,2.65091872,-1.235,33.085,-117.79525616666666,35.10535433333333,-48.555608212257084,-89.10725063962532,91.0278545812119,Before Launch
570,2025-03-22 10:57:33,24.826,2.132546,-1.185,33.087,-117.79525616666666,35.10535433333333,-49.18664237973103,-89.10733957506379,91.04668577002407,Before Launch
571,2025-03-22 10:57:34,24.868,2.88057752,0.375,33.08,-117.79525616666666,35.10535433333333,-49.134230382776614,-89.0986578557055,91.03232010160822,Before Launch
572,2025-03-22 10:57:34,24.911,4.50787416,1.477,33.062,-117.79525616666666,35.10535433333333,-47.09347092693648,-89.09086014424781,90.9770963789207,Before Launch
573,2025-03-22 10:57:34,24.953,3.8976379199999998,0.24,33.05,-117.79525616666666,35.10535433333333,-46.155741032589155,-89.09122583170182,90.93112774087642,Before Launch
574,2025-03-22 10:57:34,24.996,2.65091872,0.908,33.085,-117.79525616666666,35.10535433333333,-45.229334024645695,-89.10960822861753,90.91395287685268,Before Launch
575,2025-03-22 10:57:34,25.038,3.9206038000000003,0.976,33.038,-117.79525616666666,35.10535433333333,-45.05317288325641,-89.11889820826626,90.91696034591232,Before Launch
576,2025-03-22 10:57:34,25.081,4.97703428,1.367,33.052,-117.79525616666666,35.10535433333333,-46.77774246869207,-89.15616731648464,90.97202256958842,Before Launch
577,2025-03-22 10:57:34,25.123,3.21194236,-0.403,33.09,-117.79525616666666,35.10535433333333,-48.21388578650604,-89.1824966289844,91.0151685369909,Before Launch
578,2025-03-22 10:57:34,25.165,2.7723098,-1.908,33.055,-117.79525616666666,35.10535433333333,-50.00095702896046,-89.13727548998519,91.05216013643552,Before Launch
579,2025-03-22 10:57:34,25.208,2.41469824,0.791,33.09,-117.79525616666666,35.10535433333333,-50.69211382796271,-89.12610296778455,91.06881633506205,Before Launch
580,2025-03-22 10:57:34,25.25,2.6935696399999998,-0.84,33.092,-117.79525616666666,35.10535433333333,-51.11432565117281,-89.1456015594581,91.06625775265246,Before Launch
581,2025-03-22 10:57:34,25.293,4.43897652,1.37,33.072,-117.79525616666666,35.10535433333333,-50.49259801480213,-89.14762298195093,91.0497496135703,Before Launch
582,2025-03-22 10:57:34,25.335,3.6811024800000003,-0.24,33.08,-117.79525616666666,35.10535433333333,-47.83360465239649,-89.17414148814258,90.9643338205214,Before Launch
583,2025-03-22 10:57:34,25.378,1.33202104,-0.815,33.047,-117.79525616666666,35.10535433333333,-46.48818042374011,-89.16651187836042,90.88807919879383,Before Launch
584,2025-03-22 10:57:34,25.429,3.28084,-1.111,33.08,-117.79525616666666,35.10535433333333,-46.096760836679884,-89.1541509377309,90.86599175175346,Before Launch
585,2025-03-22 10:57:34,25.472,2.29330716,1.043,33.095,-117.79525616666666,35.10535433333333,-47.43665062032027,-89.12174924160674,90.93242361100526,Before Launch
586,2025-03-22 10:57:34,25.515,3.8451444799999996,1.639,33.042,-117.79525616666666,35.10535433333333,-48.86874604415121,-89.09087976615672,90.96621185559378,Before Launch
587,2025-03-22 10:57:34,25.557,2.25065624,0.061,33.085,-117.79525616666666,35.10535433333333,-50.68396772874044,-89.09887516280455,91.02955818781857,Before Launch
588,2025-03-22 10:57:34,25.599,4.10761168,0.984,33.062,-117.79525616666666,35.10535433333333,-51.273983010863006,-89.10137741972291,91.06882793064281,Before Launch
589,2025-03-22 10:57:34,25.642,3.77624684,1.994,33.052,-117.79525616666666,35.10535433333333,-51.30307605156882,-89.12708984625985,91.0564328939143,Before Launch
590,2025-03-22 10:57:34,25.685,1.2631234,-0.288,33.097,-117.79525666666666,35.105354166666665,-50.197783197614534,-89.14360651169241,91.01055530696459,Before Launch
591,2025-03-22 10:57:34,25.727,2.18503944,-0.959,33.095,-117.79525666666666,35.105354166666665,-48.661610924509844,-89.13384934227318,90.95337001955002,Before Launch
592,2025-03-22 10:57:34,25.77,1.73228352,-0.971,33.075,-117.79525666666666,35.105354166666665,-48.21292532313516,-89.1457412296996,90.91849291088354,Before Launch
593,2025-03-22 10:57:34,25.812,2.7723098,0.0,33.082,-117.79525666666666,35.105354166666665,-48.216103037568736,-89.1580539177346,90.94551707673784,Before Launch
594,2025-03-22 10:57:35,25.854,1.57152236,-1.008,33.082,-117.79525666666666,35.105354166666665,-48.787219792022356,-89.1514829393769,90.9665896721437,Before Launch
595,2025-03-22 10:57:35,25.897,2.01443576,-0.11,33.09,-117.79525666666666,35.105354166666665,-50.50233759664681,-89.15768305718768,91.03032110600512,Before Launch
596,2025-03-22 10:57:35,25.939,2.41469824,-0.435,33.09,-117.79525666666666,35.105354166666665,-51.222064739147896,-89.14884279635731,91.0461759904893,Before Launch
597,2025-03-22 10:57:35,25.982,2.46391084,-1.908,33.097,-117.79525666666666,35.105354166666665,-52.22983313614235,-89.1494669400323,91.05445259837651,Before Launch
598,2025-03-22 10:57:35,26.024,2.9330709600000002,-0.901,33.087,-117.79525666666666,35.105354166666665,-52.551336580968325,-89.16418184283557,91.0496523515488,Before Launch
599,2025-03-22 10:57:35,26.066,4.5767718,1.8,33.052,-117.79525666666666,35.105354166666665,-51.886005683555055,-89.20525994089704,91.0341449375079,Before Launch
600,2025-03-22 10:57:35,26.109,2.6935696399999998,-1.146,33.092,-117.79525666666666,35.105354166666665,-50.34941199064327,-89.17195214435338,91.01745005078365,Before Launch
601,2025-03-22 10:57:35,26.151,3.0938321199999996,-1.76,33.092,-117.79525666666666,35.105354166666665,-48.15846714197394,-89.12139710749857,90.99440517371481,Before Launch
602,2025-03-22 10:57:35,26.194,5.53805792,2.172,33.087,-117.79525666666666,35.105354166666665,-47.47737636051249,-89.13737033643535,90.97625007814723,Before Launch
603,2025-03-22 10:57:35,26.244,-0.14763779999999999,-2.706,33.087,-117.79525666666666,35.105354166666665,-46.93754896625458,-89.10754208463844,90.96428407124894,Before Launch
604,2025-03-22 10:57:35,26.288,3.28084,0.802,33.08,-117.79525666666666,35.105354166666665,-47.15606221547903,-89.09861321714818,90.9716723548802,Before Launch
605,2025-03-22 10:57:35,26.33,2.41469824,-0.258,33.09,-117.79525666666666,35.105354166666665,-47.30815650425141,-89.12390174209571,90.99626257185153,Before Launch
606,2025-03-22 10:57:35,26.373,3.4284777999999996,-0.936,33.06,-117.79525666666666,35.105354166666665,-47.544478233338324,-89.11305299151103,91.01911328241175,Before Launch
607,2025-03-22 10:57:35,26.416,1.17125988,-2.322,33.082,-117.79525666666666,35.105354166666665,-47.636227068975394,-89.12448809516823,91.03009532780571,Before Launch
608,2025-03-22 10:57:35,26.458,1.73228352,0.371,33.087,-117.79525666666666,35.105354166666665,-47.10596352729507,-89.08663922925604,90.98968866812994,Before Launch
609,2025-03-22 10:57:35,26.501,1.2631234,-1.882,33.087,-117.79525666666666,35.105354166666665,-46.947900434679084,-89.10412571506728,90.96996029573916,Before Launch
610,2025-03-22 10:57:35,26.543,1.9947507199999999,-0.279,33.107,-117.79525666666666,35.105354166666665,-47.071165704287814,-89.11170991078413,90.9505218528745,Before Launch
611,2025-03-22 10:57:35,26.585,0.6233596,-3.011,33.102,-117.79525666666666,35.105354166666665,-46.93461104379251,-89.11144311736018,90.94445394062268,Before Launch
612,2025-03-22 10:57:35,26.628,3.3136484,0.993,33.105,-117.79525666666666,35.105354166666665,-47.19856980951844,-89.0873863871003,90.96761959495943,Before Launch
613,2025-03-22 10:57:35,26.671,2.3458006,-1.643,33.1,-117.79525666666666,35.105354166666665,-47.52492902951067,-89.10276285854938,90.97268157113699,Before Launch
614,2025-03-22 10:57:35,26.713,1.09251972,-2.506,33.092,-117.79525666666666,35.105354166666665,-47.909668999045074,-89.10685699542387,90.9888694613528,Before Launch
615,2025-03-22 10:57:35,26.756,1.42388456,0.15,33.102,-117.79525666666666,35.105354166666665,-47.78076831087522,-89.07634195143116,90.99634728437404,Before Launch
616,2025-03-22 10:57:35,26.799,1.14501316,-0.97,33.1,-117.79525666666666,35.105353666666666,-47.341207630131656,-89.0475308377657,90.99373999634827,Before Launch
617,2025-03-22 10:57:36,26.842,2.132546,0.373,33.087,-117.79525666666666,35.105353666666666,-47.16097775017144,-89.04042618915886,90.98337636386243,Before Launch
618,2025-03-22 10:57:36,26.884,2.18503944,-0.548,33.095,-117.79525666666666,35.105353666666666,-47.172489149840935,-89.07583765263261,90.97550430967394,Before Launch
619,2025-03-22 10:57:36,26.927,2.22769036,0.612,33.06,-117.79525666666666,35.105353666666666,-47.596613824171534,-89.09623405621832,90.97709648117595,Before Launch
620,2025-03-22 10:57:36,26.969,2.58202108,0.529,33.095,-117.79525666666666,35.105353666666666,-48.92476365037824,-89.09478443700239,91.00606663704008,Before Launch
621,2025-03-22 10:57:36,27.012,1.78477696,-0.587,33.095,-117.79525666666666,35.105353666666666,-49.25601026195615,-89.0968517120401,91.0291531298305,Before Launch
622,2025-03-22 10:57:36,27.054,2.6017061200000002,0.129,33.102,-117.79525666666666,35.105353666666666,-49.587121599510965,-89.09285187315847,91.05334253782871,Before Launch
623,2025-03-22 10:57:36,27.096,3.18897648,0.239,33.065,-117.79525666666666,35.105353666666666,-49.69637906943197,-89.10940405636791,91.05721233416982,Before Launch
624,2025-03-22 10:57:36,27.139,2.3950131999999997,-2.033,33.107,-117.79525666666666,35.105353666666666,-48.51356067947284,-89.08820560479428,91.02239030411147,Before Launch
625,2025-03-22 10:57:36,27.182,1.59448824,-1.024,33.107,-117.79525666666666,35.105353666666666,-47.817703672089834,-89.07951048151536,90.99753122257843,Before Launch
626,2025-03-22 10:57:36,27.224,2.18503944,-0.847,33.095,-117.79525666666666,35.105353666666666,-47.07486090377771,-89.10643967291438,90.96584733232467,Before Launch
627,2025-03-22 10:57:36,27.266,2.81167988,-2.543,33.09,-117.79525666666666,35.105353666666666,-46.94077307139083,-89.10615106274295,90.958977004898,Before Launch
628,2025-03-22 10:57:36,27.317,2.06364836,2.061,33.097,-117.79525666666666,35.105353666666666,-46.630070751425784,-89.10650937655494,90.96276356943959,Before Launch
629,2025-03-22 10:57:36,27.36,1.78477696,-1.396,33.055,-117.79525666666666,35.105353666666666,-50.5783772539885,-89.09314216575707,91.18069789458404,Before Launch
630,2025-03-22 10:57:36,27.403,3.9370079999999996,1.419,33.057,-117.79525666666666,35.105353666666666,-52.092888831947405,-89.05823112941866,91.27849606938504,Before Launch
631,2025-03-22 10:57:36,27.446,3.09711296,-0.309,33.05,-117.79525666666666,35.105353666666666,-53.89211480395531,-89.05113542262667,91.38155089233086,Before Launch
632,2025-03-22 10:57:36,27.489,2.04068248,0.81,33.102,-117.79525666666666,35.105353666666666,-54.444268170201354,-89.01325889711589,91.4120338411122,Before Launch
633,2025-03-22 10:57:36,27.531,2.58202108,0.792,33.095,-117.79525666666666,35.105353666666666,-54.033031773774056,-89.0401370246254,91.35146023181673,Before Launch
634,2025-03-22 10:57:36,27.573,3.07086624,1.686,33.067,-117.79525666666666,35.105353666666666,-52.73783569605986,-89.06250361581219,91.25408819147076,Before Launch
635,2025-03-22 10:57:36,27.616,3.6417324000000004,1.535,33.072,-117.79525666666666,35.105353666666666,-50.7064274985762,-89.05932872737567,91.15994563843712,Before Launch
636,2025-03-22 10:57:36,27.658,4.40616812,3.525,33.047,-117.79525666666666,35.105353666666666,-49.76503326577385,-89.03834005718653,91.11329592041199,Before Launch
637,2025-03-22 10:57:36,27.701,3.7073491999999995,0.367,33.062,-117.79525666666666,35.105353666666666,-48.57098667409843,-89.05225179758219,91.0496691967922,Before Launch
638,2025-03-22 10:57:36,27.743,1.57152236,-0.722,33.082,-117.79525666666666,35.105353666666666,-48.36695139227016,-89.07470761807629,91.0334585522794,Before Launch
639,2025-03-22 10:57:36,27.785,-0.35433072,-1.35,33.1,-117.79525666666666,35.105353666666666,-47.87096540597422,-89.08952845991627,90.98456542072066,Before Launch
640,2025-03-22 10:57:36,27.828,1.5452756399999998,0.113,33.1,-117.79525666666666,35.105353666666666,-47.80512242934006,-89.09378170341928,90.99619113887258,Before Launch
641,2025-03-22 10:57:37,27.87,2.48031504,1.247,33.08,-117.79525666666666,35.105353666666666,-47.95403230904568,-89.09513428217798,91.01244723797686,Before Launch
642,2025-03-22 10:57:37,27.913,2.2769029599999997,0.135,33.11,-117.79525666666666,35.105353666666666,-48.00868761992872,-89.09430853762325,90.99807918255678,Before Launch
643,2025-03-22 10:57:37,27.956,3.34973764,1.086,33.07,-117.79525666666666,35.105353666666666,-48.15599183781561,-89.08928454979501,90.99177587705078,Before Launch
644,2025-03-22 10:57:37,27.998,2.1161418,-0.104,33.105,-117.79525666666666,35.105353666666666,-48.172873529177856,-89.1141038881195,90.99705459517088,Before Launch
645,2025-03-22 10:57:37,28.041,2.6246720000000003,0.04,33.102,-117.79525666666666,35.105353666666666,-48.18596903639391,-89.14041197176336,90.9934306084758,Before Launch
646,2025-03-22 10:57:37,28.083,3.4284777999999996,1.535,33.06,-117.79525666666666,35.105353666666666,-48.34316532933369,-89.14044727523735,90.9980682573558,Before Launch
647,2025-03-22 10:57:37,28.126,3.4284777999999996,0.771,33.06,-117.79525666666666,35.105353666666666,-48.557468739551766,-89.14369842195902,90.99201752339316,Before Launch
648,2025-03-22 10:57:37,28.169,0.39370079999999996,-2.605,33.107,-117.79525666666666,35.105353666666666,-48.658446070739856,-89.14953647939899,90.9795819796732,Before Launch
649,2025-03-22 10:57:37,28.219,4.45866156,1.911,33.055,-117.79525666666666,35.105353666666666,-48.63112425583182,-89.1330121292863,90.98197358657515,Before Launch
650,2025-03-22 10:57:37,28.265,3.3562993199999998,1.627,33.112,-117.79525666666666,35.105353666666666,-48.78121983717057,-89.11791112644639,90.9802025071894,Before Launch
651,2025-03-22 10:57:37,28.307,2.91338592,0.673,33.105,-117.79525666666666,35.105353666666666,-48.664967524819545,-89.12534240382443,90.97759126423115,Before Launch
652,2025-03-22 10:57:37,28.35,1.8766404799999998,-0.863,33.105,-117.79525666666666,35.105353666666666,-48.6151915004221,-89.09780156414826,91.01030411584281,Before Launch
653,2025-03-22 10:57:37,28.392,2.65091872,0.546,33.085,-117.79525666666666,35.105353666666666,-48.69250595182448,-89.1204079300537,91.0301876673455,Before Launch
654,2025-03-22 10:57:37,28.435,4.1502626,2.2,33.07,-117.79525666666666,35.105353666666666,-48.8039924665368,-89.11020890989002,91.023556498777,Before Launch
655,2025-03-22 10:57:37,28.478,2.04724416,-1.758,33.115,-117.79525666666666,35.105353666666666,-48.85896731498863,-89.09159009204524,91.01240991453388,Before Launch
656,2025-03-22 10:57:37,28.52,2.58202108,-0.48,33.095,-117.79525666666666,35.105353666666666,-49.022248708704346,-89.1002674026799,91.031203807331,Before Launch
657,2025-03-22 10:57:37,28.563,2.2080053200000003,0.156,33.12,-117.79525666666666,35.105353666666666,-48.99156449624726,-89.10598198092202,91.02797006853768,Before Launch
658,2025-03-22 10:57:37,28.605,2.04724416,-0.498,33.112,-117.79525666666666,35.105353666666666,-49.323484877681935,-89.11567428126092,91.00539788184555,Before Launch
659,2025-03-22 10:57:37,28.648,0.6758530399999999,-2.228,33.11,-117.79525666666666,35.105353666666666,-49.3868941484444,-89.11403842941355,91.00131156228828,Before Launch
660,2025-03-22 10:57:37,28.691,1.8766404799999998,-1.642,33.11,-117.79525616666666,35.105353666666666,-49.220605098643276,-89.13246139840733,91.00165566179766,Before Launch
661,2025-03-22 10:57:37,28.733,2.2769029599999997,-1.981,33.11,-117.79525616666666,35.105353666666666,-49.07175686088666,-89.09885985585764,91.01818045075305,Before Launch
662,2025-03-22 10:57:37,28.776,3.21194236,-0.461,33.09,-117.79525616666666,35.105353666666666,-49.35619167918738,-89.10637107609196,91.00365362851,Before Launch
663,2025-03-22 10:57:37,28.818,5.56430464,3.714,33.04,-117.79525616666666,35.105353666666666,-49.38781743381937,-89.13019217645741,91.0106847027416,Before Launch
664,2025-03-22 10:57:38,28.861,1.64698168,1.86,33.115,-117.79525616666666,35.105353666666666,-49.12503356196793,-89.1145226414561,90.99690237474253,Before Launch
665,2025-03-22 10:57:38,28.904,4.50787416,2.753,33.062,-117.79525616666666,35.105353666666666,-49.04738228603866,-89.12505158154885,90.99436487507553,Before Launch
666,2025-03-22 10:57:38,28.954,1.94553812,-0.493,33.1,-117.79525616666666,35.105353666666666,-48.650268852669186,-89.13805008220696,90.98309775321313,Before Launch
667,2025-03-22 10:57:38,28.998,5.4461943999999995,2.921,33.042,-117.79525616666666,35.105353666666666,-47.75929202073849,-89.13402832452043,90.94826684172935,Before Launch
668,2025-03-22 10:57:38,29.041,1.28937012,-1.899,33.122,-117.79525616666666,35.105353666666666,-47.47219604302243,-89.1433549686759,90.93425507622635,Before Launch
669,2025-03-22 10:57:38,29.083,2.31955388,0.187,33.075,-117.79525616666666,35.105353666666666,-47.5417320912557,-89.14760925277463,90.91888927516857,Before Launch
670,2025-03-22 10:57:38,29.126,1.28937012,-1.231,33.122,-117.79525616666666,35.105353666666666,-47.610748920821685,-89.13958854294151,90.91775881830414,Before Launch
671,2025-03-22 10:57:38,29.168,2.6082678,-0.756,33.12,-117.79525616666666,35.105353666666666,-48.53096046362156,-89.19262771655443,90.93819377099211,Before Launch
672,2025-03-22 10:57:38,29.211,3.8517061599999995,0.39,33.085,-117.79525616666666,35.105353666666666,-49.19114398014486,-89.17431979439723,90.97259789000658,Before Launch
673,2025-03-22 10:57:38,29.254,1.14501316,0.692,33.1,-117.79525616666666,35.105353666666666,-49.82366758441771,-89.18264729095935,90.99985964027651,Before Launch
674,2025-03-22 10:57:38,29.296,3.82874028,-0.585,33.06,-117.79525616666666,35.105353666666666,-49.8258342804413,-89.16846729224648,91.02070782252059,Before Launch
675,2025-03-22 10:57:38,29.344,1.35498692,-1.855,33.112,-117.79525616666666,35.105353666666666,-49.07586017826027,-89.16857359540307,91.01927152765256,Before Launch
676,2025-03-22 10:57:38,29.389,3.80905524,0.828,33.12,-117.79525616666666,35.105353666666666,-48.299214668221,-89.11792655281519,91.01054424710158,Before Launch
677,2025-03-22 10:57:38,29.434,2.9330709600000002,0.975,33.087,-117.79525616666666,35.105353666666666,-48.05296547459563,-89.11522416114217,90.99942981197655,Before Launch
678,2025-03-22 10:57:38,29.477,4.2979004000000005,1.518,33.05,-117.79525616666666,35.105353666666666,-47.8456760592037,-89.10447551409568,91.01926735591627,Before Launch
679,2025-03-22 10:57:38,29.525,3.3136484,-0.768,33.105,-117.79525616666666,35.105353666666666,-48.03185016951415,-89.13705372200245,91.0113184590811,Before Launch
680,2025-03-22 10:57:38,29.569,2.44750664,0.367,33.115,-117.79525616666666,35.105353666666666,-48.42893829798607,-89.14850305948644,90.99814165747206,Before Launch
681,2025-03-22 10:57:38,29.611,1.2467192,-1.224,33.115,-117.79525616666666,35.105353666666666,-48.60412716434966,-89.16917115642067,90.99323904158275,Before Launch
682,2025-03-22 10:57:38,29.653,3.28084,0.984,33.08,-117.79525616666666,35.105353666666666,-48.44147383029091,-89.15611251454354,90.98575583354062,Before Launch
683,2025-03-22 10:57:38,29.696,1.12532812,-0.845,33.117,-117.79525583333333,35.10535333333333,-47.994721369857395,-89.14644911760708,90.9598791705096,Before Launch
684,2025-03-22 10:57:38,29.739,1.4074803599999999,0.671,33.12,-117.79525583333333,35.10535333333333,-46.87409711730892,-89.10894220392319,90.93513774858728,Before Launch
685,2025-03-22 10:57:38,29.781,4.229002759999999,2.158,33.06,-117.79525583333333,35.10535333333333,-46.073263849723396,-89.10573118550839,90.91924229213386,Before Launch
686,2025-03-22 10:57:38,29.823,1.7552494,-0.479,33.112,-117.79525583333333,35.10535333333333,-45.08972833985322,-89.03145840981507,90.89873771224451,Before Launch
687,2025-03-22 10:57:39,29.866,2.3950131999999997,-0.749,33.107,-117.79525583333333,35.10535333333333,-44.8019245268793,-89.02975500093,90.91705377415344,Before Launch
688,2025-03-22 10:57:39,29.909,1.3156168400000001,-3.894,33.105,-117.79525583333333,35.10535333333333,-45.19825367239276,-89.0497443359312,90.91901095083371,Before Launch
689,2025-03-22 10:57:39,29.951,0.72506564,-0.846,33.115,-117.79525583333333,35.10535333333333,-46.19531483144474,-89.0525595141068,90.93189629752867,Before Launch
690,2025-03-22 10:57:39,30.002,0.72506564,-3.445,33.117,-117.79525583333333,35.10535333333333,-46.51980988784759,-89.06645816034194,90.93902093032528,Before Launch
691,2025-03-22 10:57:39,30.046,1.00721788,-0.859,33.12,-117.79525583333333,35.10535333333333,-46.91378200990224,-89.06705270353967,90.95997060735698,Before Launch
692,2025-03-22 10:57:39,30.089,1.4074803599999999,-3.702,33.092,-117.79525583333333,35.10535333333333,-46.85124752182502,-89.10425654119022,90.96795826178345,Before Launch
693,2025-03-22 10:57:39,30.131,1.2467192,-0.039,33.115,-117.79525583333333,35.10535333333333,-46.46166230902354,-89.06762417840953,90.97770776896064,Before Launch
694,2025-03-22 10:57:39,30.173,1.8077428400000002,-0.47,33.12,-117.79525583333333,35.10535333333333,-46.127511182149306,-89.06337401281539,90.97540162220128,Before Launch
695,2025-03-22 10:57:39,30.217,0.74475068,-0.499,33.1,-117.79525583333333,35.10535333333333,-45.72652648845927,-89.03142381680749,90.98670564498973,Before Launch
696,2025-03-22 10:57:39,30.259,1.64698168,-0.881,33.115,-117.79525583333333,35.10535333333333,-45.71784480099219,-89.0403619289167,90.96024847552064,Before Launch
697,2025-03-22 10:57:39,30.301,1.35498692,-2.291,33.112,-117.79525583333333,35.10535333333333,-46.252958694396376,-89.05967484081287,90.94899798587147,Before Launch
698,2025-03-22 10:57:39,30.344,2.86417332,1.577,33.097,-117.79525583333333,35.10535333333333,-46.690670283843296,-89.05924337959758,90.94973860538474,Before Launch
699,2025-03-22 10:57:39,30.387,1.28937012,-2.328,33.122,-117.79525583333333,35.10535333333333,-47.46258567767045,-89.08908023960188,90.97549230994164,Before Launch
700,2025-03-22 10:57:39,30.429,3.0938321199999996,1.603,33.092,-117.79525583333333,35.10535333333333,-47.777705257459225,-89.10616447400143,90.980006237181,Before Launch
701,2025-03-22 10:57:39,30.471,1.7552494,-1.898,33.112,-117.79525583333333,35.10535333333333,-47.81313557001813,-89.11068591162555,90.98735870792645,Before Launch
702,2025-03-22 10:57:39,30.514,3.8024935600000003,0.805,33.125,-117.79525583333333,35.10535333333333,-47.78336788839807,-89.10583763402842,90.98081183700893,Before Launch
703,2025-03-22 10:57:39,30.562,4.01246732,-0.263,33.09,-117.79525583333333,35.10535333333333,-47.70411908983343,-89.08699699218512,90.97109615129891,Before Launch
704,2025-03-22 10:57:39,30.61,2.2080053200000003,-1.019,33.12,-117.79525583333333,35.10535333333333,-47.65015129049332,-89.10354025324453,91.00380497180365,Before Launch
705,2025-03-22 10:57:39,30.652,1.9685039999999998,-0.442,33.12,-117.79525583333333,35.10535333333333,-47.606522211629304,-89.10995736111279,91.00386445959218,Before Launch
706,2025-03-22 10:57:39,30.695,0.72506564,-0.481,33.117,-117.79525666666666,35.1053525,-47.4176052786001,-89.1254189675631,90.98640581484267,Before Launch
707,2025-03-22 10:57:39,30.737,1.5255906000000001,-1.619,33.117,-117.79525666666666,35.1053525,-47.651228771502176,-89.12265937132887,90.99321147486539,Before Launch
708,2025-03-22 10:57:39,30.78,5.003280999999999,3.577,33.077,-117.79525666666666,35.1053525,-47.92725501955098,-89.13226778219659,90.98383154153687,Before Launch
709,2025-03-22 10:57:39,30.823,1.07611552,-0.306,33.11,-117.79525666666666,35.1053525,-47.84674508222933,-89.13155499700457,90.97686054271684,Before Launch
710,2025-03-22 10:57:40,30.865,1.7552494,-2.282,33.112,-117.79525666666666,35.1053525,-47.627728293673485,-89.09416257922972,90.96282212190944,Before Launch
711,2025-03-22 10:57:40,30.908,3.0019686,1.149,33.077,-117.79525666666666,35.1053525,-47.571500996677486,-89.11726585795542,90.95065689417322,Before Launch
712,2025-03-22 10:57:40,30.95,3.24146992,0.781,33.072,-117.79525666666666,35.1053525,-47.73354247483659,-89.16522572660568,90.96376492950849,Before Launch
713,2025-03-22 10:57:40,30.993,2.6935696399999998,1.271,33.092,-117.79525666666666,35.1053525,-48.42492402517045,-89.13581211339147,90.96755561889667,Before Launch
714,2025-03-22 10:57:40,31.035,2.2080053200000003,1.368,33.12,-117.79525666666666,35.1053525,-49.055762320087936,-89.06840021944639,90.97526409001244,Before Launch
715,2025-03-22 10:57:40,31.077,1.4074803599999999,0.635,33.115,-117.79525666666666,35.1053525,-49.12744725498166,-89.0849588056127,91.00141048004274,Before Launch
716,2025-03-22 10:57:40,31.12,2.08661424,1.005,33.122,-117.79525666666666,35.1053525,-49.27282687379912,-89.09777298040586,91.03595391011635,Before Launch
717,2025-03-22 10:57:40,31.162,2.32611556,0.856,33.117,-117.79525666666666,35.1053525,-49.52383305065404,-89.10787130042694,91.03819132507236,Before Launch
718,2025-03-22 10:57:40,31.209,2.08661424,0.779,33.122,-117.79525666666666,35.1053525,-49.23779767219283,-89.12455162197215,90.99131979957333,Before Launch
719,2025-03-22 10:57:40,31.256,1.8241470400000002,0.015,33.107,-117.79525666666666,35.1053525,-49.10871758523631,-89.1620059117179,90.99594357295516,Before Launch
720,2025-03-22 10:57:40,31.3,3.40879276,2.46,33.12,-117.79525666666666,35.1053525,-49.084860346305206,-89.16238931673105,90.9759271986901,Before Launch
721,2025-03-22 10:57:40,31.343,2.6246720000000003,0.902,33.102,-117.79525666666666,35.1053525,-49.82426674546198,-89.15093389461293,91.00289644090542,Before Launch
722,2025-03-22 10:57:40,31.385,1.12532812,-0.212,33.117,-117.79525666666666,35.1053525,-50.05237223224484,-89.16177356303959,90.99564618899365,Before Launch
723,2025-03-22 10:57:40,31.428,1.8766404799999998,-0.911,33.11,-117.79525666666666,35.1053525,-50.42667299102168,-89.16265175894176,91.01813599869176,Before Launch
724,2025-03-22 10:57:40,31.471,2.08661424,0.735,33.122,-117.79525666666666,35.1053525,-50.46232489901788,-89.16506385094353,91.02423025462886,Before Launch
725,2025-03-22 10:57:40,31.514,1.45669296,-1.509,33.127,-117.79525666666666,35.1053525,-50.515110496082436,-89.14251317028099,91.02988253035778,Before Launch
726,2025-03-22 10:57:40,31.558,-0.0328084,-1.645,33.125,-117.79525666666666,35.1053525,-50.60014996791552,-89.1443584757224,91.02728052311846,Before Launch
727,2025-03-22 10:57:40,31.601,0.25918636,-3.26,33.12,-117.79525666666666,35.1053525,-49.68366803469315,-89.1342797794262,91.01256376776816,Before Launch
728,2025-03-22 10:57:40,31.643,3.40879276,-0.558,33.12,-117.79525666666666,35.1053525,-49.327767565300235,-89.1518899041059,90.99469182193685,Before Launch
729,2025-03-22 10:57:40,31.687,2.32611556,0.11,33.117,-117.79525683333334,35.105352333333336,-48.677411405835606,-89.1308528863158,90.98737735497295,Before Launch
730,2025-03-22 10:57:40,31.729,1.4074803599999999,-0.521,33.117,-117.79525683333334,35.105352333333336,-48.41955427102919,-89.12237101333388,90.97647950077139,Before Launch
731,2025-03-22 10:57:40,31.772,1.9685039999999998,1.155,33.125,-117.79525683333334,35.105352333333336,-47.82025830463168,-89.12707560121595,90.9710530209342,Before Launch
732,2025-03-22 10:57:40,31.814,1.28937012,-0.219,33.115,-117.79525683333334,35.105352333333336,-47.407352920007845,-89.11974012425395,90.96386357287827,Before Launch
733,2025-03-22 10:57:41,31.865,2.55577436,-2.256,33.112,-117.79525683333334,35.105352333333336,-47.33142848594741,-89.1146648698324,90.971009154998,Before Launch
734,2025-03-22 10:57:41,31.909,1.85695544,0.719,33.127,-117.79525683333334,35.105352333333336,-47.706446584562265,-89.12275493949485,90.95720364166343,Before Launch
735,2025-03-22 10:57:41,31.951,2.74606308,0.912,33.1,-117.79525683333334,35.105352333333336,-47.90156629403866,-89.13318496975904,90.95280623908783,Before Launch
736,2025-03-22 10:57:41,31.994,1.9685039999999998,-0.952,33.125,-117.79525683333334,35.105352333333336,-48.31535115037336,-89.14994449608221,90.95899414327677,Before Launch
737,2025-03-22 10:57:41,32.036,1.4074803599999999,-1.689,33.12,-117.79525683333334,35.105352333333336,-48.334398695373935,-89.1499567268816,90.95938073199106,Before Launch
738,2025-03-22 10:57:41,32.079,3.02493448,0.305,33.102,-117.79525683333334,35.105352333333336,-48.36734159068229,-89.14986366137852,90.95619510641006,Before Launch
739,2025-03-22 10:57:41,32.121,1.68635176,-0.48,33.122,-117.79525683333334,35.105352333333336,-48.33650322806822,-89.13473937754614,90.94894607154292,Before Launch
740,2025-03-22 10:57:41,32.163,4.25853032,2.625,33.127,-117.79525683333334,35.105352333333336,-48.60878504109593,-89.10849481998073,90.9487166223991,Before Launch
741,2025-03-22 10:57:41,32.206,2.7263780399999997,0.589,33.117,-117.79525683333334,35.105352333333336,-49.096302123766975,-89.12852828962752,90.98167136656045,Before Launch
742,2025-03-22 10:57:41,32.249,2.46391084,0.127,33.097,-117.79525683333334,35.105352333333336,-48.86638191251084,-89.1583993739443,90.99596058676948,Before Launch
743,2025-03-22 10:57:41,32.291,1.12532812,-0.888,33.13,-117.79525683333334,35.105352333333336,-49.24652534974923,-89.1408695213579,91.02106605849664,Before Launch
744,2025-03-22 10:57:41,32.342,3.8517061599999995,1.867,33.085,-117.79525683333334,35.105352333333336,-49.60672819469313,-89.15148155476163,91.0189131048257,Before Launch
745,2025-03-22 10:57:41,32.384,2.08661424,-1.22,33.122,-117.79525683333334,35.105352333333336,-50.06886926089932,-89.1251108517416,91.00515323818301,Before Launch
746,2025-03-22 10:57:41,32.432,1.45669296,-1.073,33.085,-117.79525683333334,35.105352333333336,-50.18848122007868,-89.13897059012773,91.01991627567142,Before Launch
747,2025-03-22 10:57:41,32.476,1.4074803599999999,0.259,33.12,-117.79525683333334,35.105352333333336,-50.28778917762974,-89.14148358823,91.02772879584253,Before Launch
748,2025-03-22 10:57:41,32.521,3.16929144,1.183,33.13,-117.79525683333334,35.105352333333336,-50.39103694843317,-89.13466541303971,91.028606582614,Before Launch
749,2025-03-22 10:57:41,32.563,0.9908136799999999,-1.003,33.137,-117.79525683333334,35.105352333333336,-50.377699666489605,-89.14168599870517,91.02468719288082,Before Launch
750,2025-03-22 10:57:41,32.606,2.29986884,0.772,33.135,-117.79525683333334,35.105352333333336,-50.32749680408164,-89.11801137788937,91.04234663208355,Before Launch
751,2025-03-22 10:57:41,32.648,1.9685039999999998,1.836,33.125,-117.79525683333334,35.105352333333336,-50.24653733295693,-89.11309210821919,91.0545496880302,Before Launch
752,2025-03-22 10:57:41,32.691,2.13910768,1.725,33.13,-117.79525683333334,35.105352333333336,-50.22016290486482,-89.10343918423811,91.0697609892713,Before Launch
753,2025-03-22 10:57:41,32.741,3.9730972400000004,0.514,33.082,-117.79525683333334,35.105352333333336,-50.10479164067185,-89.09852186434412,91.06164000714828,Before Launch
754,2025-03-22 10:57:41,32.784,3.6417324000000004,1.199,33.072,-117.7952565,35.105352333333336,-50.50949227842747,-89.10375968272353,91.07542749526296,Before Launch
755,2025-03-22 10:57:41,32.829,6.5518374800000005,4.677,33.07,-117.7952565,35.105352333333336,-49.61410275328155,-89.07158259150032,91.09470827233616,Before Launch
756,2025-03-22 10:57:42,32.872,2.08661424,0.107,33.122,-117.7952565,35.105352333333336,-47.4686326888265,-88.98857621587263,91.11887388287597,Before Launch
757,2025-03-22 10:57:42,32.914,2.32611556,0.942,33.117,-117.7952565,35.105352333333336,-46.827625053810955,-88.9451821768664,91.12059372958177,Before Launch
758,2025-03-22 10:57:42,32.957,5.61351724,2.8,33.09,-117.7952565,35.105352333333336,-45.33865774781003,-88.91352282619165,91.10516938012982,Before Launch
759,2025-03-22 10:57:42,32.999,2.7263780399999997,0.798,33.117,-117.7952565,35.105352333333336,-45.83028577958046,-88.92789785290927,91.08731422901188,Before Launch
760,2025-03-22 10:57:42,33.042,5.09842536,2.156,33.05,-117.7952565,35.105352333333336,-46.661025908386776,-88.99189610510366,91.05889930409045,Before Launch
761,2025-03-22 10:57:42,33.084,5.52165372,3.26,33.13,-117.7952565,35.105352333333336,-47.15777825277361,-89.00840221643442,91.04865240198103,Before Launch
762,2025-03-22 10:57:42,33.128,1.89960636,0.451,33.135,-117.7952565,35.105352333333336,-47.62078018712959,-89.0202132421619,91.05142645500231,Before Launch
763,2025-03-22 10:57:42,33.17,0.25918636,-2.535,33.127,-117.7952565,35.105352333333336,-47.62311487474713,-89.03426382299405,91.03362470151185,Before Launch
764,2025-03-22 10:57:42,33.214,3.6811024800000003,1.825,33.08,-117.7952565,35.105352333333336,-46.99228678998709,-89.08363502955275,91.01926287562894,Before Launch
765,2025-03-22 10:57:42,33.257,0.9383202399999999,-3.035,33.13,-117.7952565,35.105352333333336,-47.08511576164278,-89.09268418820011,91.00285929478754,Before Launch
766,2025-03-22 10:57:42,33.299,2.13910768,-0.537,33.13,-117.7952565,35.105352333333336,-47.28017919492275,-89.10941158444177,90.98152836387379,Before Launch
767,2025-03-22 10:57:42,33.342,4.32086628,1.699,33.075,-117.7952565,35.105352333333336,-47.35063675867813,-89.1264050557174,90.98294477310412,Before Launch
768,2025-03-22 10:57:42,33.385,2.25721792,1.035,33.127,-117.7952565,35.105352333333336,-47.970593413402156,-89.1131995553449,91.00248326837718,Before Launch
769,2025-03-22 10:57:42,33.427,1.22047248,-2.425,33.132,-117.7952565,35.105352333333336,-48.40958439723186,-89.13587633043338,91.01689846333868,Before Launch
770,2025-03-22 10:57:42,33.47,3.8024935600000003,1.58,33.077,-117.7952565,35.105352333333336,-49.15641321033983,-89.12944252625772,91.0503642888059,Before Launch
771,2025-03-22 10:57:42,33.515,2.02099744,0.521,33.132,-117.7952565,35.105352333333336,-49.37307943107204,-89.15817633859328,91.04763354973363,Before Launch
772,2025-03-22 10:57:42,33.558,1.49934388,0.085,33.135,-117.7952565,35.105352333333336,-49.22437139810156,-89.10837169444663,91.03028644906875,Before Launch
773,2025-03-22 10:57:42,33.6,1.7880578,-1.28,33.137,-117.7952565,35.105352333333336,-48.92050298355817,-89.1228376225545,91.02935547664293,Before Launch
774,2025-03-22 10:57:42,33.643,2.81824156,1.692,33.132,-117.7952565,35.105352333333336,-48.51421537066847,-89.15422574821508,91.0182715377584,Before Launch
775,2025-03-22 10:57:42,33.685,3.12664052,0.766,33.117,-117.79525716666667,35.10535133333333,-48.28901996542626,-89.13387959019184,91.02905800054933,Before Launch
776,2025-03-22 10:57:42,33.728,3.1003938,1.048,33.135,-117.79525716666667,35.10535133333333,-47.63711257782066,-89.11632967868621,91.00532608286083,Before Launch
777,2025-03-22 10:57:42,33.77,3.66469828,1.414,33.097,-117.79525716666667,35.10535133333333,-47.34700355730095,-89.1250771325548,90.98227862192698,Before Launch
778,2025-03-22 10:57:42,33.813,6.0203413999999995,1.91,33.132,-117.79525716666667,35.10535133333333,-47.28761039766015,-89.12631686795595,90.97820662364481,Before Launch
779,2025-03-22 10:57:43,33.856,5.4527560799999995,1.689,33.072,-117.79525716666667,35.10535133333333,-47.260526068031815,-89.12801383409487,90.98053665551578,Before Launch
780,2025-03-22 10:57:43,33.898,3.3562993199999998,-2.989,33.112,-117.79525716666667,35.10535133333333,-47.319214090858715,-89.10128240511305,90.99364791547843,Before Launch
781,2025-03-22 10:57:43,33.941,2.02099744,-0.061,33.132,-117.79525716666667,35.10535133333333,-47.36493502333434,-89.11180411908185,90.98657854005147,Before Launch
782,2025-03-22 10:57:43,33.983,4.4127298,1.952,33.127,-117.79525716666667,35.10535133333333,-47.893191792482476,-89.08862476427751,91.00601590308555,Before Launch
783,2025-03-22 10:57:43,34.025,2.41797908,-2.992,33.132,-117.79525716666667,35.10535133333333,-48.127464519740556,-89.08025998799619,91.01650708383048,Before Launch
784,2025-03-22 10:57:43,34.068,1.7388452,-0.924,33.13,-117.79525716666667,35.10535133333333,-48.87778009723684,-89.10231544247242,91.0110141688857,Before Launch
785,2025-03-22 10:57:43,34.11,2.91338592,-2.046,33.105,-117.79525716666667,35.10535133333333,-49.10176959619064,-89.1317467861427,91.00485338441649,Before Launch
786,2025-03-22 10:57:43,34.153,2.41797908,-2.903,33.132,-117.79525716666667,35.10535133333333,-49.42275770404222,-89.13622258302078,91.02790634987548,Before Launch
787,2025-03-22 10:57:43,34.195,6.60105008,4.406,33.077,-117.79525716666667,35.10535133333333,-49.48609682713741,-89.13945742356916,91.03821916927437,Before Launch
788,2025-03-22 10:57:43,34.238,3.61876652,3.146,33.132,-117.79525716666667,35.10535133333333,-48.48736307585968,-89.16537553532649,90.98706613688296,Before Launch
789,2025-03-22 10:57:43,34.28,2.5393701600000003,-1.071,33.13,-117.79525716666667,35.10535133333333,-48.211959544973375,-89.14193707818337,90.97133934594255,Before Launch
790,2025-03-22 10:57:43,34.329,3.59580064,2.479,33.137,-117.79525716666667,35.10535133333333,-47.723240763274156,-89.11260801479196,90.95632164227959,Before Launch
791,2025-03-22 10:57:43,34.377,1.49934388,-0.593,33.135,-117.79525716666667,35.10535133333333,-48.40872924832625,-89.09161834097847,90.9788773629462,Before Launch
792,2025-03-22 10:57:43,34.419,2.2309712,-1.94,33.142,-117.79525716666667,35.10535133333333,-48.636179498970755,-89.11068346752121,90.98924071963508,Before Launch
793,2025-03-22 10:57:43,34.463,2.93963264,0.633,33.13,-117.79525716666667,35.10535133333333,-49.03467822520332,-89.12252858049675,91.01506279579174,Before Launch
794,2025-03-22 10:57:43,34.506,3.38254604,2.004,33.095,-117.79525716666667,35.10535133333333,-49.41558745627989,-89.12046113543434,91.00903822717747,Before Launch
795,2025-03-22 10:57:43,34.548,0.8694226,-2.721,33.14,-117.79525716666667,35.10535133333333,-49.70850080768814,-89.13336308743489,91.01625284509116,Before Launch
796,2025-03-22 10:57:43,34.59,0.9908136799999999,-0.958,33.137,-117.79525716666667,35.10535133333333,-49.79524636181279,-89.14793441106353,91.01642103456822,Before Launch
797,2025-03-22 10:57:43,34.633,1.2696850800000001,-0.214,33.14,-117.79525716666667,35.10535133333333,-49.894673029023124,-89.12425027599052,91.01083450741987,Before Launch
798,2025-03-22 10:57:43,34.676,4.04527572,2.098,33.132,-117.79525716666667,35.10535133333333,-50.06863650153706,-89.15637468448774,91.00999234111875,Before Launch
799,2025-03-22 10:57:43,34.718,1.1515748399999999,-1.55,33.142,-117.7952575,35.105350666666666,-49.762748883550664,-89.10105347844964,91.00715783083565,Before Launch
800,2025-03-22 10:57:43,34.76,2.07021004,-0.983,33.14,-117.7952575,35.105350666666666,-49.41530538174621,-89.11230401982193,90.99436993443616,Before Launch
801,2025-03-22 10:57:43,34.804,2.08661424,-0.942,33.105,-117.7952575,35.105350666666666,-49.192167031251074,-89.17024217767332,90.97423988334549,Before Launch
802,2025-03-22 10:57:44,34.847,1.66994756,-1.852,33.14,-117.7952575,35.105350666666666,-49.15157241542328,-89.16131322463838,90.97894743845731,Before Launch
803,2025-03-22 10:57:44,34.889,1.7880578,-3.933,33.137,-117.7952575,35.105350666666666,-48.65689900017978,-89.15113079026987,90.97638774277516,Before Launch
804,2025-03-22 10:57:44,34.932,3.17257228,-2.119,33.082,-117.7952575,35.105350666666666,-48.44541891180402,-89.14779549366135,90.96908994134999,Before Launch
805,2025-03-22 10:57:44,34.974,1.89960636,-1.354,33.135,-117.7952575,35.105350666666666,-48.088540100893255,-89.10124894487463,90.9758285736247,Before Launch
806,2025-03-22 10:57:44,35.017,3.6811024800000003,1.543,33.08,-117.7952575,35.105350666666666,-47.85719858435186,-89.0948422889604,90.98288879183485,Before Launch
807,2025-03-22 10:57:44,35.059,1.9947507199999999,-2.247,33.107,-117.7952575,35.105350666666666,-46.80127398295771,-89.10202272925467,90.95285790441775,Before Launch
808,2025-03-22 10:57:44,35.101,1.2696850800000001,-1.067,33.14,-117.7952575,35.105350666666666,-46.245142841301664,-89.10091336612037,90.94645049060104,Before Launch
809,2025-03-22 10:57:44,35.144,2.08661424,0.323,33.122,-117.7952575,35.105350666666666,-45.54485768884182,-89.09577233615279,90.92341860678528,Before Launch
810,2025-03-22 10:57:44,35.186,1.22047248,-1.573,33.132,-117.7952575,35.105350666666666,-45.46402291610006,-89.09950841438382,90.9521166530258,Before Launch
811,2025-03-22 10:57:44,35.237,0.9383202399999999,-1.365,33.13,-117.7952575,35.105350666666666,-46.62678837802087,-89.08507744168625,90.97672423332826,Before Launch
812,2025-03-22 10:57:44,35.281,2.48687672,-3.788,33.122,-117.7952575,35.105350666666666,-48.14722903087936,-89.09249443547468,90.9824124841811,Before Launch
813,2025-03-22 10:57:44,35.323,4.8129922800000005,1.101,33.09,-117.7952575,35.105350666666666,-49.01924148853305,-89.12601347835654,90.99247184072411,Before Launch
814,2025-03-22 10:57:44,35.365,1.39107616,-1.058,33.137,-117.7952575,35.105350666666666,-50.39191309404413,-89.16495809792205,90.98700984339635,Before Launch
815,2025-03-22 10:57:44,35.408,2.18503944,-1.307,33.145,-117.7952575,35.105350666666666,-50.8256445985638,-89.15626679862483,90.98978395892576,Before Launch
816,2025-03-22 10:57:44,35.451,0.29855644,-1.118,33.135,-117.7952575,35.105350666666666,-51.532736051457086,-89.1621072577507,90.98454881390953,Before Launch
817,2025-03-22 10:57:44,35.493,-0.10170604,-2.172,33.135,-117.7952575,35.105350666666666,-51.7565055655968,-89.21016372176376,90.98517938740905,Before Launch
818,2025-03-22 10:57:44,35.536,3.66469828,0.676,33.137,-117.7952575,35.105350666666666,-51.869101084254055,-89.21311419573523,91.00723817815275,Before Launch
819,2025-03-22 10:57:44,35.578,2.07021004,-1.224,33.14,-117.7952575,35.105350666666666,-51.46692491898182,-89.17668187192079,91.01441003789184,Before Launch
820,2025-03-22 10:57:44,35.621,2.07021004,1.119,33.14,-117.7952575,35.105350666666666,-50.95330544400919,-89.1602258503603,91.00971680528718,Before Launch
821,2025-03-22 10:57:44,35.664,1.83070872,0.782,33.145,-117.7952575,35.105350666666666,-50.68448253531512,-89.15076149766826,90.99977515534795,Before Launch
822,2025-03-22 10:57:44,35.706,1.66994756,0.373,33.14,-117.7952575,35.105350666666666,-50.491151524665845,-89.13850012863267,91.02483531500464,Before Launch
823,2025-03-22 10:57:44,35.749,1.83070872,-2.064,33.145,-117.7952575,35.105350666666666,-50.375649481133124,-89.11146413715504,91.02298296197438,Before Launch
824,2025-03-22 10:57:44,35.791,3.6417324000000004,2.321,33.072,-117.79525716666667,35.1053505,-49.90493917152674,-89.11278884205846,91.01698504685143,Before Launch
825,2025-03-22 10:57:45,35.833,1.05643048,-0.945,33.127,-117.79525716666667,35.1053505,-49.735157774739456,-89.13786179576648,91.01201203952398,Before Launch
826,2025-03-22 10:57:45,35.876,1.2696850800000001,-0.762,33.14,-117.79525716666667,35.1053505,-49.452129114427095,-89.13558928855726,90.99203035116265,Before Launch
827,2025-03-22 10:57:45,35.918,2.91338592,1.161,33.147,-117.79525716666667,35.1053505,-49.36158980478849,-89.1379182818605,90.98402409069064,Before Launch
828,2025-03-22 10:57:45,35.961,0.51181104,-1.191,33.145,-117.79525716666667,35.1053505,-48.76416085540964,-89.1292277907717,90.98909757862766,Before Launch
829,2025-03-22 10:57:45,36.003,2.5393701600000003,-0.591,33.13,-117.79525716666667,35.1053505,-48.68178484720184,-89.12022218281135,91.0111841154157,Before Launch
830,2025-03-22 10:57:45,36.046,2.75262476,0.796,33.142,-117.79525716666667,35.1053505,-48.606360635148256,-89.10583320345592,91.0132688918139,Before Launch
831,2025-03-22 10:57:45,36.088,1.0826772,-2.426,33.147,-117.79525716666667,35.1053505,-48.759172681738015,-89.09380294359552,90.99088550807915,Before Launch
832,2025-03-22 10:57:45,36.132,0.35104988,-1.532,33.142,-117.79525716666667,35.1053505,-48.74707620442107,-89.13415721007101,90.98785319233319,Before Launch
833,2025-03-22 10:57:45,36.174,2.3950131999999997,1.049,33.107,-117.79525716666667,35.1053505,-48.6737650724875,-89.13338602191396,90.99811253412685,Before Launch
834,2025-03-22 10:57:45,36.216,0.9120735200000001,-1.096,33.147,-117.79525716666667,35.1053505,-48.55374934914502,-89.15764471416442,90.99789802230751,Before Launch
835,2025-03-22 10:57:45,36.259,3.80905524,2.412,33.12,-117.79525716666667,35.1053505,-48.534503617736405,-89.13373025657295,91.01428766969386,Before Launch
836,2025-03-22 10:57:45,36.303,5.19028888,3.989,33.065,-117.79525716666667,35.1053505,-48.530583121430624,-89.1472443152011,90.99383166008154,Before Launch
837,2025-03-22 10:57:45,36.345,0.51181104,-1.856,33.155,-117.79525716666667,35.1053505,-48.57080389245047,-89.13778475269845,91.00981610156562,Before Launch
838,2025-03-22 10:57:45,36.388,2.6246720000000003,-2.055,33.102,-117.79525716666667,35.1053505,-49.14313847082713,-89.1301884505115,91.01701309233648,Before Launch
839,2025-03-22 10:57:45,36.431,0.6824147199999999,-0.665,33.152,-117.79525716666667,35.1053505,-49.39358215262546,-89.12485610761433,91.0048103189218,Before Launch
840,2025-03-22 10:57:45,36.473,0.51181104,-1.571,33.147,-117.79525716666667,35.1053505,-49.740402535759415,-89.13862716225735,90.99766512027531,Before Launch
841,2025-03-22 10:57:45,36.516,3.38254604,2.896,33.095,-117.79525716666667,35.1053505,-49.799022978560984,-89.12335696828956,91.02069044793645,Before Launch
842,2025-03-22 10:57:45,36.559,1.3123360000000002,1.326,33.147,-117.79525716666667,35.1053505,-49.82094167427879,-89.152031960393,91.01324628853669,Before Launch
843,2025-03-22 10:57:45,36.601,0.28215224,-3.176,33.152,-117.79525716666667,35.1053505,-49.82092787207069,-89.12309955568661,91.03106103333923,Before Launch
844,2025-03-22 10:57:45,36.652,1.7552494,-0.293,33.155,-117.79525716666667,35.1053505,-49.675440446450914,-89.13455860324275,91.00063207061359,Before Launch
845,2025-03-22 10:57:45,36.696,2.80183736,0.681,33.15,-117.7952575,35.105350333333334,-49.469777108842244,-89.1201011140065,91.02102796577769,Before Launch
846,2025-03-22 10:57:45,36.738,1.0826772,-0.696,33.152,-117.7952575,35.105350333333334,-49.252797889638266,-89.12127406697043,91.00529538201798,Before Launch
847,2025-03-22 10:57:45,36.781,3.07742792,1.309,33.152,-117.7952575,35.105350333333334,-49.01752518120369,-89.13961650235504,90.99670525490352,Before Launch
848,2025-03-22 10:57:45,36.823,1.60104992,-0.214,33.15,-117.7952575,35.105350333333334,-48.918738129205266,-89.14162578313642,91.0111866285314,Before Launch
849,2025-03-22 10:57:46,36.866,0.9120735200000001,-2.539,33.147,-117.7952575,35.105350333333334,-47.99393956128345,-89.10817215279212,90.98272654026583,Before Launch
850,2025-03-22 10:57:46,36.908,2.74606308,1.572,33.1,-117.7952575,35.105350333333334,-47.73459777794888,-89.13918265956295,90.95992224305914,Before Launch
851,2025-03-22 10:57:46,36.95,1.3123360000000002,0.04,33.147,-117.7952575,35.105350333333334,-47.73434888167625,-89.1157681853351,90.95925861950619,Before Launch
852,2025-03-22 10:57:46,36.993,1.1318898,-1.657,33.16,-117.7952575,35.105350333333334,-47.953416833364386,-89.15921367487489,90.95208272721077,Before Launch
853,2025-03-22 10:57:46,37.035,1.20078744,0.642,33.15,-117.7952575,35.105350333333334,-48.96950256120242,-89.16161127279084,90.98053179276926,Before Launch
854,2025-03-22 10:57:46,37.078,2.56233604,0.021,33.147,-117.7952575,35.105350333333334,-49.382636500706774,-89.1750260811703,90.9753669787033,Before Launch
855,2025-03-22 10:57:46,37.12,1.0990814,-1.54,33.135,-117.7952575,35.105350333333334,-49.93362288077511,-89.167146226912,90.98941860132399,Before Launch
856,2025-03-22 10:57:46,37.163,0.4429134,-0.595,33.157,-117.7952575,35.105350333333334,-50.088209088574686,-89.16499593548434,91.00616687874019,Before Launch
857,2025-03-22 10:57:46,37.205,2.40157488,1.911,33.15,-117.7952575,35.105350333333334,-49.93659011810074,-89.15729863620463,90.9947672331449,Before Launch
858,2025-03-22 10:57:46,37.248,3.4776904,1.008,33.11,-117.7952575,35.105350333333334,-49.80822389434643,-89.1674842242548,90.98896957917046,Before Launch
859,2025-03-22 10:57:46,37.29,1.89960636,0.919,33.135,-117.7952575,35.105350333333334,-49.631317998721826,-89.18083900468115,90.98974805437152,Before Launch
860,2025-03-22 10:57:46,37.333,0.9612861199999999,-2.652,33.155,-117.7952575,35.105350333333334,-49.573872337431155,-89.20751576613209,90.9908603370518,Before Launch
861,2025-03-22 10:57:46,37.376,1.7388452,-3.217,33.13,-117.7952575,35.105350333333334,-49.48255512113552,-89.21255476654213,91.00745751268576,Before Launch
862,2025-03-22 10:57:46,37.418,-0.9186352000000001,-1.333,33.152,-117.7952575,35.105350333333334,-49.679717159556255,-89.18147237185767,90.99737810957947,Before Launch
863,2025-03-22 10:57:46,37.46,0.9120735200000001,-1.598,33.147,-117.7952575,35.105350333333334,-50.06799203252075,-89.1863062806065,91.0015329782675,Before Launch
864,2025-03-22 10:57:46,37.503,1.24343836,0.523,33.11,-117.7952575,35.105350333333334,-50.27841234051706,-89.17303493797533,90.9828223547719,Before Launch
865,2025-03-22 10:57:46,37.554,0.40026248,-0.103,33.15,-117.7952575,35.105350333333334,-50.64654375951588,-89.15979883585038,90.96597522630059,Before Launch
866,2025-03-22 10:57:46,37.599,1.01377956,-2.187,33.162,-117.7952575,35.105350333333334,-50.61585826571176,-89.17740679077761,90.98357108948949,Before Launch
867,2025-03-22 10:57:46,37.641,0.84317588,-0.434,33.152,-117.7952575,35.105350333333334,-50.61537339989967,-89.16156250725281,90.99409449538854,Before Launch
868,2025-03-22 10:57:46,37.684,1.85695544,1.454,33.127,-117.7952575,35.10535083333333,-50.28792004989419,-89.16069842686379,90.99824408527205,Before Launch
869,2025-03-22 10:57:46,37.726,2.0013123999999998,0.229,33.15,-117.7952575,35.10535083333333,-49.72588098357414,-89.15564074572232,90.99352725848614,Before Launch
870,2025-03-22 10:57:46,37.77,3.0839895999999998,0.263,33.157,-117.7952575,35.10535083333333,-48.78200231295589,-89.12402998847521,90.9932755155752,Before Launch
871,2025-03-22 10:57:46,37.813,1.9520997999999998,0.809,33.142,-117.7952575,35.10535083333333,-48.50975195623986,-89.11939204937647,90.99854834988653,Before Launch
872,2025-03-22 10:57:47,37.855,2.61482948,-0.431,33.162,-117.7952575,35.10535083333333,-49.11574176780856,-89.1488002953855,91.01659279235312,Before Launch
873,2025-03-22 10:57:47,37.897,1.48293968,-0.11,33.152,-117.7952575,35.10535083333333,-49.4937720238254,-89.16037824530892,91.01860341210912,Before Launch
874,2025-03-22 10:57:47,37.94,1.24343836,0.309,33.157,-117.7952575,35.10535083333333,-49.90980683741933,-89.16284067544167,91.00056296608112,Before Launch
875,2025-03-22 10:57:47,37.983,1.33858272,-1.309,33.13,-117.7952575,35.10535083333333,-50.231899272004824,-89.16015749075382,91.00848274569826,Before Launch
876,2025-03-22 10:57:47,38.025,1.71259848,0.372,33.147,-117.7952575,35.10535083333333,-50.76817022965524,-89.17628479466082,91.00691750796965,Before Launch
877,2025-03-22 10:57:47,38.068,1.33858272,0.192,33.13,-117.7952575,35.10535083333333,-50.634351179031455,-89.1810442277473,91.00209575080997,Before Launch
878,2025-03-22 10:57:47,38.11,1.0826772,-0.11,33.152,-117.7952575,35.10535083333333,-50.381411940410175,-89.15792141119329,90.97853892614754,Before Launch
879,2025-03-22 10:57:47,38.153,0.4429134,-1.972,33.157,-117.7952575,35.10535083333333,-50.27352270937854,-89.18232421851,90.96890752003519,Before Launch
880,2025-03-22 10:57:47,38.203,3.8943570800000002,2.581,33.092,-117.7952575,35.10535083333333,-47.4950409265597,-89.22401496526237,90.8928523793892,Before Launch
881,2025-03-22 10:57:47,38.248,0.21325460000000002,-0.212,33.162,-117.7952575,35.10535083333333,-46.20243346158907,-89.21099566871612,90.85359271570412,Before Launch
882,2025-03-22 10:57:47,38.29,0.80052496,-1.476,33.15,-117.7952575,35.10535083333333,-46.07296286701763,-89.19263770264492,90.8532251511638,Before Launch
883,2025-03-22 10:57:47,38.333,0.8956693200000001,-2.38,33.157,-117.7952575,35.10535083333333,-47.0297666679056,-89.1943205875954,90.8541347569205,Before Launch
884,2025-03-22 10:57:47,38.376,1.53215228,-0.338,33.16,-117.7952575,35.10535083333333,-47.5539354986114,-89.20788651219883,90.8595232566143,Before Launch
885,2025-03-22 10:57:47,38.418,5.784120919999999,4.445,33.095,-117.7952575,35.10535083333333,-48.50706970893421,-89.22266722273987,90.87218401806444,Before Launch
886,2025-03-22 10:57:47,38.461,2.214567,0.438,33.162,-117.7952575,35.10535083333333,-48.735423487211484,-89.21424939911626,90.89669078603767,Before Launch
887,2025-03-22 10:57:47,38.504,3.16929144,3.764,33.125,-117.7952575,35.10535083333333,-49.21073536575473,-89.18971636482227,90.94225827888637,Before Launch
888,2025-03-22 10:57:47,38.546,1.71259848,0.737,33.147,-117.7952575,35.10535083333333,-49.41229429946371,-89.16981933865245,90.93010520940322,Before Launch
889,2025-03-22 10:57:47,38.589,1.81430452,0.526,33.162,-117.7952575,35.10535083333333,-50.13067127086282,-89.16836347955751,90.96436423158416,Before Launch
890,2025-03-22 10:57:47,38.631,3.61876652,2.988,33.132,-117.7952575,35.10535083333333,-50.33841076041542,-89.16730595861925,90.99792820029076,Before Launch
891,2025-03-22 10:57:47,38.674,3.01509196,1.862,33.162,-117.7952575,35.10535083333333,-50.516477720821605,-89.14853689388654,91.0038348428453,Before Launch
892,2025-03-22 10:57:47,38.716,1.01377956,0.159,33.162,-117.7952575,35.10535083333333,-50.6018784768346,-89.14232191605255,90.99857001467484,Before Launch
893,2025-03-22 10:57:47,38.759,3.85826784,1.862,33.127,-117.7952575,35.10535083333333,-50.511775128562796,-89.18215702110734,90.98809490915966,Before Launch
894,2025-03-22 10:57:47,38.802,3.1003938,1.021,33.135,-117.79525783333334,35.105350666666666,-50.217500078869705,-89.18853904767548,90.98779289709236,Before Launch
895,2025-03-22 10:57:48,38.845,2.4934384,-0.549,33.165,-117.79525783333334,35.105350666666666,-49.259934173451,-89.18560513487866,90.96401466359708,Before Launch
896,2025-03-22 10:57:48,38.887,2.68372712,0.681,33.115,-117.79525783333334,35.105350666666666,-48.63943959259131,-89.169467086265,90.95437884225856,Before Launch
897,2025-03-22 10:57:48,38.937,1.53215228,-1.001,33.16,-117.79525783333334,35.105350666666666,-48.44524191866135,-89.16912039335702,90.96187329786154,Before Launch
898,2025-03-22 10:57:48,38.98,2.16207356,0.627,33.155,-117.79525783333334,35.105350666666666,-48.14843736077123,-89.13241162442002,90.93652519697491,Before Launch
899,2025-03-22 10:57:48,39.023,1.01377956,-0.212,33.162,-117.79525783333334,35.105350666666666,-48.072721993799625,-89.1467508713832,90.94725096119357,Before Launch
900,2025-03-22 10:57:48,39.065,1.53215228,0.179,33.162,-117.79525783333334,35.105350666666666,-48.280948304205715,-89.17264627234367,90.96769400802755,Before Launch
901,2025-03-22 10:57:48,39.108,2.07021004,0.33,33.14,-117.79525783333334,35.105350666666666,-48.42380731489135,-89.1349507275976,90.96392894302808,Before Launch
902,2025-03-22 10:57:48,39.152,1.7880578,0.415,33.137,-117.79525783333334,35.105350666666666,-48.57864017012485,-89.17764160993201,90.9783591352436,Before Launch
903,2025-03-22 10:57:48,39.194,0.8956693200000001,-0.173,33.165,-117.79525783333334,35.105350666666666,-48.66604716913733,-89.17356016559272,90.98613834073512,Before Launch
904,2025-03-22 10:57:48,39.237,3.20209984,2.545,33.15,-117.79525783333334,35.105350666666666,-48.6828410304234,-89.136602317579,90.99854485665206,Before Launch
905,2025-03-22 10:57:48,39.279,3.27099748,-0.579,33.14,-117.79525783333334,35.105350666666666,-48.46695957179419,-89.13509404960386,91.01070493569213,Before Launch
906,2025-03-22 10:57:48,39.322,2.95603684,2.554,33.105,-117.79525783333334,35.105350666666666,-48.133077873930645,-89.12939376023861,91.01143697792945,Before Launch
907,2025-03-22 10:57:48,39.364,2.35236228,1.445,33.142,-117.79525783333334,35.105350666666666,-47.72805257217481,-89.1148621384823,90.99323624724173,Before Launch
908,2025-03-22 10:57:48,39.407,1.1318898,0.22,33.16,-117.79525783333334,35.105350666666666,-47.36710775198486,-89.06831028346339,90.98068141519116,Before Launch
909,2025-03-22 10:57:48,39.449,2.214567,0.636,33.162,-117.79525783333334,35.105350666666666,-47.1845898322654,-89.05792373332292,90.96888310693672,Before Launch
910,2025-03-22 10:57:48,39.492,3.16929144,-2.435,33.125,-117.79525783333334,35.105350666666666,-47.33107609709745,-89.05100874247125,90.97995843495298,Before Launch
911,2025-03-22 10:57:48,39.534,2.51312344,0.278,33.147,-117.79525783333334,35.105350666666666,-47.51539651584811,-89.0762355656276,90.9950449793422,Before Launch
912,2025-03-22 10:57:48,39.576,0.49540683999999996,-2.494,33.165,-117.79525783333334,35.105350666666666,-47.876239991701944,-89.10189229013811,91.00391186354867,Before Launch
913,2025-03-22 10:57:48,39.619,2.6082678,0.835,33.12,-117.79525783333334,35.105350666666666,-48.64658703288547,-89.09282105770544,91.01075490040748,Before Launch
914,2025-03-22 10:57:48,39.67,0.77427824,-0.962,33.167,-117.79525783333334,35.105350666666666,-49.02467600077729,-89.10470836087299,91.02015723128753,Before Launch
915,2025-03-22 10:57:48,39.713,4.91469832,1.198,33.105,-117.79525783333334,35.105350666666666,-49.66330863542525,-89.11170277921985,91.03008514561124,Before Launch
916,2025-03-22 10:57:48,39.755,0.80052496,-2.049,33.15,-117.79525783333334,35.105350666666666,-49.936559957006956,-89.1297331092259,91.03834848092389,Before Launch
917,2025-03-22 10:57:48,39.798,0.4429134,-0.528,33.157,-117.79525783333334,35.105350666666666,-50.14127557490889,-89.11357078240411,91.04918783425722,Before Launch
918,2025-03-22 10:57:49,39.841,2.214567,-1.519,33.162,-117.79525783333334,35.105350666666666,-50.14143861125022,-89.12256385494437,91.05345635990633,Before Launch
919,2025-03-22 10:57:49,39.883,1.43044624,-1.545,33.145,-117.79525783333334,35.105350666666666,-49.85880769260852,-89.12603391291002,91.04264310895275,Before Launch
920,2025-03-22 10:57:49,39.926,2.6574804000000003,0.152,33.127,-117.79525783333334,35.105350666666666,-49.61681444541816,-89.11496950193684,91.02961207515453,Before Launch
921,2025-03-22 10:57:49,39.968,3.1496063999999997,0.431,33.142,-117.79525783333334,35.105350666666666,-49.01892976710872,-89.1109640259032,91.01114245143373,Before Launch
922,2025-03-22 10:57:49,40.011,1.69291344,0.15,33.165,-117.79525783333334,35.105350666666666,-48.849720220018256,-89.12798004904832,90.98189327447217,Before Launch
923,2025-03-22 10:57:49,40.053,1.74540688,-0.388,33.17,-117.79525783333334,35.105350666666666,-48.82747429889346,-89.1137610483871,90.9905595741963,Before Launch
924,2025-03-22 10:57:49,40.096,1.66994756,0.612,33.14,-117.79525783333334,35.105350666666666,-48.87883607729089,-89.11489691086335,90.9931956993181,Before Launch
925,2025-03-22 10:57:49,40.138,5.127952919999999,3.351,33.117,-117.79525783333334,35.105350666666666,-49.01750651536196,-89.13273551493403,91.0081468539517,Before Launch
926,2025-03-22 10:57:49,40.18,1.81430452,-0.239,33.165,-117.79525783333334,35.105350666666666,-49.1427165776923,-89.15556767306187,90.99203327546864,Before Launch
927,2025-03-22 10:57:49,40.232,2.47047252,0.632,33.112,-117.79525783333334,35.105350666666666,-49.21290767786359,-89.14602425740912,90.98950741084046,Before Launch
928,2025-03-22 10:57:49,40.276,3.4153544399999998,2.329,33.162,-117.79525783333334,35.105350666666666,-49.303665952164266,-89.1589186382246,90.98970638500943,Before Launch
929,2025-03-22 10:57:49,40.318,0.33136484,-2.656,33.16,-117.79525783333334,35.105350666666666,-49.28036851218997,-89.14757647602497,91.01056889398032,Before Launch
930,2025-03-22 10:57:49,40.361,3.3136484,0.039,33.147,-117.79525783333334,35.105350666666666,-49.12789163186928,-89.16953590974364,91.01046253700922,Before Launch
931,2025-03-22 10:57:49,40.403,2.37532816,-0.537,33.167,-117.79525783333334,35.105350666666666,-48.93746646847939,-89.16289260733105,90.99651231883114,Before Launch
932,2025-03-22 10:57:49,40.446,4.20931772,1.716,33.12,-117.79525783333334,35.105350666666666,-48.55857480990561,-89.1220348640737,90.9826263588773,Before Launch
933,2025-03-22 10:57:49,40.488,3.80905524,2.477,33.122,-117.79525783333334,35.105350666666666,-48.392888420102814,-89.12772049636791,90.96558614259892,Before Launch
934,2025-03-22 10:57:49,40.531,0.37401576000000003,-1.701,33.167,-117.79525783333334,35.105350666666666,-48.41413379055521,-89.12307410368746,90.97557022432379,Before Launch
935,2025-03-22 10:57:49,40.573,1.41404204,-1.624,33.162,-117.79525783333334,35.105350666666666,-48.37585175008171,-89.105967726887,90.95905779947914,Before Launch
936,2025-03-22 10:57:49,40.616,4.32742796,1.677,33.117,-117.79525783333334,35.105350666666666,-48.268936579216096,-89.12974734116288,90.9486439905582,Before Launch
937,2025-03-22 10:57:49,40.658,1.22703416,0.676,33.175,-117.79525783333334,35.105350666666666,-48.060290770080236,-89.13340708230488,90.96691823413985,Before Launch
938,2025-03-22 10:57:49,40.701,2.214567,-0.364,33.162,-117.79525783333334,35.105350666666666,-47.920318841266564,-89.17258813798875,90.9699447003653,Before Launch
939,2025-03-22 10:57:49,40.744,1.81430452,0.968,33.162,-117.79525783333334,35.105350666666666,-47.782390230940116,-89.1593691394008,90.9550330483199,Before Launch
940,2025-03-22 10:57:49,40.786,1.3451444,-3.327,33.172,-117.79525716666667,35.1053505,-47.77624507248247,-89.13675356068629,90.92760230782396,Before Launch
941,2025-03-22 10:57:49,40.829,1.69291344,0.831,33.165,-117.79525716666667,35.1053505,-47.83357549208171,-89.15052397077284,90.93321337476341,Before Launch
942,2025-03-22 10:57:50,40.871,3.85826784,3.183,33.127,-117.79525716666667,35.1053505,-48.139373440793655,-89.13171805642911,90.95916385039142,Before Launch
943,2025-03-22 10:57:50,40.914,1.93241476,-0.263,33.135,-117.79525716666667,35.1053505,-48.316586484639615,-89.13753422972862,90.9581135369419,Before Launch
944,2025-03-22 10:57:50,40.957,2.14566936,0.666,33.172,-117.79525716666667,35.1053505,-48.614939507268105,-89.16014001398402,90.9742948993978,Before Launch
945,2025-03-22 10:57:50,40.999,3.61876652,0.896,33.132,-117.79525716666667,35.1053505,-48.85339220877571,-89.13124302204864,90.98007176609191,Before Launch
946,2025-03-22 10:57:50,41.041,4.25853032,1.033,33.155,-117.79525716666667,35.1053505,-48.969402614741185,-89.14208115072455,90.9928346505407,Before Launch
947,2025-03-22 10:57:50,41.084,3.7401576,1.908,33.13,-117.79525716666667,35.1053505,-49.21861719893741,-89.14885876495818,90.99726491988048,Before Launch
948,2025-03-22 10:57:50,41.126,1.50590556,-0.223,33.177,-117.79525716666667,35.1053505,-49.50064950750146,-89.13190538691029,90.99195328523386,Before Launch
949,2025-03-22 10:57:50,41.168,1.8832021599999997,0.199,33.11,-117.79525716666667,35.1053505,-49.56833784411684,-89.13300629752057,91.01842636342519,Before Launch
950,2025-03-22 10:57:50,41.219,4.34383216,-0.725,33.1,-117.79525716666667,35.1053505,-49.459488171764995,-89.12901786008997,91.01377675863901,Before Launch
951,2025-03-22 10:57:50,41.261,5.42650936,3.342,33.102,-117.79525716666667,35.1053505,-48.848306291939025,-89.11654709456354,91.00605659461274,Before Launch
952,2025-03-22 10:57:50,41.304,4.4455382,1.842,33.115,-117.79525716666667,35.1053505,-48.73103295016533,-89.12402646929586,91.00396138057553,Before Launch
953,2025-03-22 10:57:50,41.347,0.8694226,-2.377,33.14,-117.79525716666667,35.1053505,-48.85460942022074,-89.14146387161223,90.98063419765383,Before Launch
954,2025-03-22 10:57:50,41.389,2.61482948,2.132,33.162,-117.79525716666667,35.1053505,-49.062963068283096,-89.15252474681252,91.00956416478628,Before Launch
955,2025-03-22 10:57:50,41.431,3.6942258399999996,0.356,33.165,-117.79525716666667,35.1053505,-49.27354578437139,-89.17983741278408,90.99543763146848,Before Launch
956,2025-03-22 10:57:50,41.474,3.56955392,1.115,33.125,-117.79525716666667,35.1053505,-49.64655669680091,-89.1952687482315,91.0000796509881,Before Launch
957,2025-03-22 10:57:50,41.516,4.8720474000000005,0.619,33.17,-117.79525716666667,35.1053505,-49.996382145077355,-89.16537047969486,90.99976343613163,Before Launch
958,2025-03-22 10:57:50,41.559,1.60104992,-2.062,33.15,-117.79525716666667,35.1053505,-50.13001595240845,-89.14704821093059,91.009752183527,Before Launch
959,2025-03-22 10:57:50,41.601,4.30118124,3.67,33.135,-117.79525716666667,35.1053505,-50.20675158861756,-89.18715862368107,91.00807567303217,Before Launch
960,2025-03-22 10:57:50,41.643,1.8635171199999998,0.42,33.17,-117.79525716666667,35.1053505,-50.12652986576796,-89.17428850993264,91.00082204251746,Before Launch
961,2025-03-22 10:57:50,41.686,4.2322836,-0.089,33.145,-117.79525616666666,35.105350666666666,-49.66659715508196,-89.13323834042687,91.03570031161678,Before Launch
962,2025-03-22 10:57:50,41.728,1.69291344,0.435,33.165,-117.79525616666666,35.105350666666666,-49.307918645964435,-89.13350865444787,91.02630133180952,Before Launch
963,2025-03-22 10:57:50,41.771,1.3451444,-0.813,33.172,-117.79525616666666,35.105350666666666,-48.927528665957816,-89.13428713390316,91.01593226007206,Before Launch
964,2025-03-22 10:57:50,41.814,2.09317592,0.261,33.165,-117.79525616666666,35.105350666666666,-48.77538717042117,-89.12688326618967,91.0075453044768,Before Launch
965,2025-03-22 10:57:51,41.856,1.22703416,-0.11,33.175,-117.79525616666666,35.105350666666666,-48.62963117077891,-89.10843226407405,91.00171000195368,Before Launch
966,2025-03-22 10:57:51,41.899,2.02427828,0.31,33.175,-117.79525616666666,35.105350666666666,-48.72790267086917,-89.12474797839576,91.00158098092727,Before Launch
967,2025-03-22 10:57:51,41.942,2.3064305199999997,-1.449,33.165,-117.79525616666666,35.105350666666666,-49.06722864513551,-89.14497524316619,91.00540741534435,Before Launch
968,2025-03-22 10:57:51,41.984,1.22703416,-0.659,33.175,-117.79525616666666,35.105350666666666,-49.188797878450146,-89.13956112327227,90.98696033543408,Before Launch
969,2025-03-22 10:57:51,42.026,1.1056430800000001,-0.973,33.177,-117.79525616666666,35.105350666666666,-49.20896623508084,-89.15582638642829,90.97547094159798,Before Launch
970,2025-03-22 10:57:51,42.069,4.18963268,0.534,33.13,-117.79525616666666,35.105350666666666,-48.974342047244285,-89.15200780183685,90.9489832474035,Before Launch
971,2025-03-22 10:57:51,42.12,1.62729664,-2.439,33.175,-117.79525616666666,35.105350666666666,-48.84114014921691,-89.1592281358795,90.93949201999125,Before Launch
972,2025-03-22 10:57:51,42.163,3.80905524,0.064,33.12,-117.79525616666666,35.105350666666666,-48.56523887346537,-89.16867358313517,90.94618109099147,Before Launch
973,2025-03-22 10:57:51,42.206,5.406824319999999,3.612,33.12,-117.79525616666666,35.105350666666666,-48.675570698056646,-89.14347972620858,90.95673029082724,Before Launch
974,2025-03-22 10:57:51,42.248,3.3891077199999997,1.394,33.177,-117.79525616666666,35.105350666666666,-48.74590908243486,-89.15424842007525,90.9767358921913,Before Launch
975,2025-03-22 10:57:51,42.29,1.1056430800000001,-3.024,33.177,-117.79525616666666,35.105350666666666,-48.848887448918084,-89.15153980356409,90.98597105252148,Before Launch
976,2025-03-22 10:57:51,42.333,0.82677168,-4.291,33.175,-117.79525616666666,35.105350666666666,-49.016205303467196,-89.12360314811094,91.02663778358666,Before Launch
977,2025-03-22 10:57:51,42.375,4.55708676,0.104,33.112,-117.79525616666666,35.105350666666666,-49.06693674669535,-89.14366129589591,91.01870781797773,Before Launch
978,2025-03-22 10:57:51,42.417,2.7001313199999997,1.711,33.135,-117.79525616666666,35.105350666666666,-48.948446966816526,-89.1255428304991,91.00981138686605,Before Launch
979,2025-03-22 10:57:51,42.46,2.09317592,-0.487,33.165,-117.79525616666666,35.105350666666666,-48.74885857352161,-89.12568361417202,91.00280791200592,Before Launch
980,2025-03-22 10:57:51,42.502,2.02427828,-1.559,33.175,-117.79525616666666,35.105350666666666,-48.774317634751405,-89.13600016487959,90.99195466273088,Before Launch
981,2025-03-22 10:57:51,42.545,2.51312344,-0.986,33.165,-117.79525616666666,35.105350666666666,-48.614533503732446,-89.129250180077,90.98243438738686,Before Launch
982,2025-03-22 10:57:51,42.598,4.72769044,-0.133,33.117,-117.79525616666666,35.105350666666666,-48.607118084876305,-89.11265135324182,90.94414262038443,Before Launch
983,2025-03-22 10:57:51,42.641,0.8759842800000001,-0.67,33.182,-117.79525616666666,35.105350666666666,-48.85609261664111,-89.13249206377127,90.94250766286696,Before Launch
984,2025-03-22 10:57:51,42.684,2.14566936,-1.99,33.172,-117.79525633333333,35.105350666666666,-49.18603433198532,-89.1515513442463,90.97073264009914,Before Launch
985,2025-03-22 10:57:51,42.727,2.7001313199999997,0.772,33.135,-117.79525633333333,35.105350666666666,-49.412272498063906,-89.13910540069587,90.96659553849342,Before Launch
986,2025-03-22 10:57:51,42.769,2.7001313199999997,-1.415,33.135,-117.79525633333333,35.105350666666666,-49.52401511437263,-89.13304762197924,90.97037267490904,Before Launch
987,2025-03-22 10:57:51,42.812,2.7591864399999997,0.984,33.185,-117.79525633333333,35.105350666666666,-49.620176611936536,-89.16309749006204,90.97075686278633,Before Launch
988,2025-03-22 10:57:52,42.855,3.88451456,2.343,33.152,-117.79525633333333,35.105350666666666,-49.52733352122768,-89.15227560566349,90.98022559452023,Before Launch
989,2025-03-22 10:57:52,42.897,3.61876652,1.409,33.132,-117.79525633333333,35.105350666666666,-48.42842033384441,-89.12048432178491,90.97777403336144,Before Launch
990,2025-03-22 10:57:52,42.94,2.02427828,0.735,33.18,-117.79525633333333,35.105350666666666,-47.7949691920016,-89.10195070209946,90.96811014864186,Before Launch
991,2025-03-22 10:57:52,42.99,2.706693,0.625,33.177,-117.79525633333333,35.105350666666666,-47.71392629050695,-89.09829637202222,90.98561464456763,Before Launch
992,2025-03-22 10:57:52,43.035,1.7880578,-0.474,33.18,-117.79525633333333,35.105350666666666,-47.61028094082351,-89.14058733106248,91.00231442978085,Before Launch
993,2025-03-22 10:57:52,43.077,0.82677168,-0.366,33.175,-117.79525633333333,35.105350666666666,-47.63540505428957,-89.13180997778703,90.98534465023019,Before Launch
994,2025-03-22 10:57:52,43.121,1.1056430800000001,0.0,33.177,-117.79525633333333,35.105350666666666,-47.76588029462882,-89.12841633348293,91.01671102727168,Before Launch
995,2025-03-22 10:57:52,43.163,1.38779532,-2.561,33.18,-117.79525633333333,35.105350666666666,-47.96740580213492,-89.1422430898173,91.00891733858677,Before Launch
996,2025-03-22 10:57:52,43.206,2.07677172,0.414,33.182,-117.79525633333333,35.105350666666666,-48.175329035359404,-89.16317803505792,90.98861043341157,Before Launch
997,2025-03-22 10:57:52,43.249,2.93963264,-0.801,33.13,-117.79525633333333,35.105350666666666,-48.08229516966036,-89.15556825728612,90.97903667271102,Before Launch
998,2025-03-22 10:57:52,43.291,1.5583989999999999,-3.547,33.185,-117.79525633333333,35.105350666666666,-47.908514751895176,-89.13579478445779,90.97675771687406,Before Launch
999,2025-03-22 10:57:52,43.334,2.18832028,-1.106,33.18,-117.79525633333333,35.105350666666666,-47.84269590271486,-89.14235167772507,90.96411932044563,Before Launch
1000,2025-03-22 10:57:52,43.377,2.82480324,1.582,33.175,-117.79525633333333,35.105350666666666,-47.09976592888192,-89.13264904097694,90.94394167353906,Before Launch
1001,2025-03-22 10:57:52,43.42,-0.32480316000000004,-1.059,33.182,-117.79525633333333,35.105350666666666,-46.90964977124527,-89.1542281087391,90.95203561123931,Before Launch
1002,2025-03-22 10:57:52,43.462,1.4370079199999999,-2.87,33.187,-117.79525633333333,35.105350666666666,-46.620656125058154,-89.13699385107888,90.94880093807264,Before Launch
1003,2025-03-22 10:57:52,43.505,3.40879276,0.651,33.12,-117.79525633333333,35.105350666666666,-46.71905066932871,-89.1483204868857,90.96118416746137,Before Launch
1004,2025-03-22 10:57:52,43.547,2.35892396,0.244,33.185,-117.79525633333333,35.105350666666666,-47.040621130681416,-89.13386460334773,90.95780747005333,Before Launch
1005,2025-03-22 10:57:52,43.59,1.4370079199999999,-0.54,33.187,-117.79525633333333,35.105350666666666,-47.22992902708946,-89.13872499790187,90.95684675411476,Before Launch
1006,2025-03-22 10:57:52,43.632,2.68372712,0.157,33.18,-117.79525633333333,35.105350666666666,-50.21316571830556,-89.09691755004233,91.08228446288433,Before Launch
1007,2025-03-22 10:57:52,43.675,2.4770342,-2.09,33.182,-117.79525633333333,35.105350666666666,-52.100155198910876,-89.09967392490191,91.17035797338815,Before Launch
1008,2025-03-22 10:57:52,43.726,1.95866148,0.998,33.185,-117.7952555,35.105351,-52.65455585695089,-89.10766651877172,91.19705569198263,Before Launch
1009,2025-03-22 10:57:52,43.769,3.27755916,1.043,33.182,-117.7952555,35.105351,-53.261989313278534,-89.10829496345642,91.18506649979295,Before Launch
1010,2025-03-22 10:57:52,43.812,4.511155,1.669,33.147,-117.7952555,35.105351,-52.998886169844894,-89.09650924696334,91.16504679878088,Before Launch
1011,2025-03-22 10:57:53,43.854,1.5583989999999999,-1.052,33.185,-117.7952555,35.105351,-51.94817010412759,-89.09514269574306,91.09639448256966,Before Launch
1012,2025-03-22 10:57:53,43.896,1.15813652,-1.477,33.185,-117.7952555,35.105351,-51.2345360420351,-89.10561168612523,91.07077184283526,Before Launch
1013,2025-03-22 10:57:53,43.939,2.18832028,-1.565,33.145,-117.7952555,35.105351,-50.19072134560212,-89.08344943944185,91.05828577942626,Before Launch
1014,2025-03-22 10:57:53,43.981,2.77559064,-0.778,33.167,-117.7952555,35.105351,-49.49000929889534,-89.09066936505155,91.05780224569185,Before Launch
1015,2025-03-22 10:57:53,44.024,1.4370079199999999,-0.542,33.187,-117.7952555,35.105351,-48.575291234083544,-89.08023249749432,91.01212985955142,Before Launch
1016,2025-03-22 10:57:53,44.066,2.9888452400000003,0.262,33.18,-117.7952555,35.105351,-48.35891692984725,-89.0918324369461,90.99700068530512,Before Launch
1017,2025-03-22 10:57:53,44.108,1.6765092400000001,-0.104,33.182,-117.7952555,35.105351,-48.378072167242514,-89.14741808982494,90.9752861879529,Before Launch
1018,2025-03-22 10:57:53,44.151,3.67782164,2.655,33.182,-117.7952555,35.105351,-48.6325739893806,-89.15440693192177,90.95848833281822,Before Launch
1019,2025-03-22 10:57:53,44.193,5.50196868,4.101,33.135,-117.7952555,35.105351,-49.230471778357106,-89.13959978058651,90.97020714888656,Before Launch
1020,2025-03-22 10:57:53,44.236,5.1017062,3.461,33.187,-117.7952555,35.105351,-49.41878818272414,-89.17192676977498,90.9905569332793,Before Launch
1021,2025-03-22 10:57:53,44.278,2.35892396,0.263,33.185,-117.7952555,35.105351,-49.633526380967204,-89.16796558575876,91.00084699546085,Before Launch
1022,2025-03-22 10:57:53,44.321,3.3891077199999997,0.419,33.18,-117.7952555,35.105351,-49.29189358453551,-89.16200369647258,90.98356404395537,Before Launch
1023,2025-03-22 10:57:53,44.363,2.8444882799999998,1.2,33.192,-117.7952555,35.105351,-48.640239362299376,-89.12318185151443,90.97316375106816,Before Launch
1024,2025-03-22 10:57:53,44.406,3.5564305600000004,1.276,33.185,-117.7952555,35.105351,-48.09461665079823,-89.12772728117257,90.97025318653776,Before Launch
1025,2025-03-22 10:57:53,44.448,1.38779532,-1.342,33.18,-117.7952555,35.105351,-47.26541775512266,-89.09272592436422,90.97486024420849,Before Launch
1026,2025-03-22 10:57:53,44.491,4.63254608,4.629,33.145,-117.7952555,35.105351,-46.94511203536099,-89.08086027989376,90.98478576612659,Before Launch
1027,2025-03-22 10:57:53,44.533,2.54593184,1.035,33.172,-117.7952555,35.105351,-46.40273622068108,-89.08013422752857,90.96998408027885,Before Launch
1028,2025-03-22 10:57:53,44.576,3.10695548,-0.282,33.177,-117.7952555,35.105351,-46.27432037836225,-89.06856535638123,90.95645656566191,Before Launch
1029,2025-03-22 10:57:53,44.618,3.3136484,0.891,33.147,-117.7952555,35.105351,-45.89818129273416,-89.0731226911087,90.94429270348695,Before Launch
1030,2025-03-22 10:57:53,44.66,2.63779536,1.122,33.185,-117.7952555,35.105351,-45.710979242887994,-89.08609705714304,90.93028084934171,Before Launch
1031,2025-03-22 10:57:53,44.704,3.86482952,1.102,33.17,-117.795255,35.105350666666666,-45.86846901054705,-89.10118421241914,90.93732695507956,Before Launch
1032,2025-03-22 10:57:53,44.746,6.1384516399999995,3.419,33.177,-117.795255,35.105350666666666,-46.165956429342295,-89.08723745389621,90.96928635469868,Before Launch
1033,2025-03-22 10:57:53,44.797,2.7591864399999997,0.747,33.185,-117.795255,35.105350666666666,-46.414001706903186,-89.09637021278893,90.96598927421272,Before Launch
1034,2025-03-22 10:57:54,44.84,4.11417336,0.781,33.147,-117.795255,35.105350666666666,-47.67032054770416,-89.09088394793673,90.97985923528628,Before Launch
1035,2025-03-22 10:57:54,44.882,4.350393840000001,-0.15,33.142,-117.795255,35.105350666666666,-48.0123207798455,-89.09778001371967,91.00120062176559,Before Launch
1036,2025-03-22 10:57:54,44.924,1.6765092400000001,0.11,33.182,-117.795255,35.105350666666666,-48.48613265713923,-89.10516949267812,91.01400005890169,Before Launch
1037,2025-03-22 10:57:54,44.967,3.4383203200000003,2.129,33.122,-117.795255,35.105350666666666,-48.61688755871407,-89.10520525839767,91.02613615370963,Before Launch
1038,2025-03-22 10:57:54,45.009,5.27230988,2.882,33.14,-117.795255,35.105350666666666,-47.41678494529933,-89.11605786715056,90.98214395058044,Before Launch
1039,2025-03-22 10:57:54,45.052,5.08202116,2.154,33.152,-117.795255,35.105350666666666,-47.00472142809854,-89.11409949640294,90.96417260066369,Before Launch
1040,2025-03-22 10:57:54,45.095,3.15616808,1.605,33.15,-117.795255,35.105350666666666,-46.48939959425361,-89.12500784680722,90.94355566841797,Before Launch
1041,2025-03-22 10:57:54,45.137,2.63779536,-0.328,33.187,-117.795255,35.105350666666666,-46.41605714780376,-89.10747267684908,90.9349690056903,Before Launch
1042,2025-03-22 10:57:54,45.187,2.1194226400000002,0.41,33.19,-117.795255,35.105350666666666,-47.91850413912686,-89.10989437758676,90.9750556153164,Before Launch
1043,2025-03-22 10:57:54,45.231,2.51968512,-1.072,33.19,-117.795255,35.105350666666666,-50.67062178677838,-89.14247409549597,91.04026252476349,Before Launch
1044,2025-03-22 10:57:54,45.273,2.51968512,-2.761,33.195,-117.795255,35.105350666666666,-51.531944875668046,-89.1767906698613,91.05900371836927,Before Launch
1045,2025-03-22 10:57:54,45.315,2.2375328800000003,-2.654,33.187,-117.795255,35.105350666666666,-52.60003436038291,-89.15630442085566,91.07737401961874,Before Launch
1046,2025-03-22 10:57:54,45.358,4.84580068,2.303,33.157,-117.795255,35.105350666666666,-52.59873058651336,-89.17127032331224,91.06173478196165,Before Launch
1047,2025-03-22 10:57:54,45.4,1.6765092400000001,-1.587,33.182,-117.795255,35.105350666666666,-50.745422084747425,-89.16497878896949,91.01659732495105,Before Launch
1048,2025-03-22 10:57:54,45.442,2.35892396,-0.45,33.185,-117.795255,35.105350666666666,-49.84959680278105,-89.14130299931121,90.98655956467316,Before Launch
1049,2025-03-22 10:57:54,45.485,2.2375328800000003,-1.222,33.187,-117.795255,35.105350666666666,-48.7308472126978,-89.18346170633927,90.93702085241036,Before Launch
1050,2025-03-22 10:57:54,45.527,3.7204725599999997,2.162,33.19,-117.795255,35.105350666666666,-48.35676360220802,-89.16150773271052,90.92129009826894,Before Launch
1051,2025-03-22 10:57:54,45.57,5.43307104,0.742,33.142,-117.795255,35.105350666666666,-49.084362374620774,-89.14481550361151,90.96430846525584,Before Launch
1052,2025-03-22 10:57:54,45.612,1.31889768,-1.137,33.19,-117.795255,35.105350666666666,-49.71384128312693,-89.15993186978525,90.99810469461077,Before Launch
1053,2025-03-22 10:57:54,45.654,5.27230988,2.009,33.14,-117.795255,35.105350666666666,-50.76173188695754,-89.16221469758247,91.05208675790074,Before Launch
1054,2025-03-22 10:57:54,45.697,1.31889768,-1.849,33.19,-117.7952545,35.105350666666666,-51.060242284090684,-89.1628970779264,91.06514684154217,Before Launch
1055,2025-03-22 10:57:54,45.739,3.67782164,0.964,33.182,-117.7952545,35.105350666666666,-51.17893536202632,-89.14998839189016,91.05297777141413,Before Launch
1056,2025-03-22 10:57:54,45.782,3.32021008,-0.505,33.19,-117.7952545,35.105350666666666,-50.64579143032135,-89.16334845962174,91.03327820834775,Before Launch
1057,2025-03-22 10:57:54,45.832,3.32021008,-2.595,33.19,-117.7952545,35.105350666666666,-49.10222943256514,-89.17307356299168,90.9840258829878,Before Launch
1058,2025-03-22 10:57:55,45.875,3.50065628,0.688,33.135,-117.7952545,35.105350666666666,-48.219089487578366,-89.16671832792004,90.96316644097047,Before Launch
1059,2025-03-22 10:57:55,45.919,3.21850404,-0.83,33.132,-117.7952545,35.105350666666666,-47.93894407799398,-89.14304479615326,90.96350004393636,Before Launch
1060,2025-03-22 10:57:55,45.962,3.0905512799999997,-1.167,33.195,-117.7952545,35.105350666666666,-48.22796482362903,-89.14814853574954,90.96686429262877,Before Launch
1061,2025-03-22 10:57:55,46.004,3.03805784,1.261,33.195,-117.7952545,35.105350666666666,-48.68465810209204,-89.13544613768822,90.97926896413904,Before Launch
1062,2025-03-22 10:57:55,46.047,1.4370079199999999,-1.853,33.187,-117.7952545,35.105350666666666,-49.42259110505855,-89.18192649821455,91.00000668342413,Before Launch
1063,2025-03-22 10:57:55,46.089,2.29002632,-2.761,33.195,-117.7952545,35.105350666666666,-49.66092549694186,-89.17360416935337,90.99619542532609,Before Launch
1064,2025-03-22 10:57:55,46.131,4.2322836,-0.788,33.145,-117.7952545,35.105350666666666,-49.67782685493143,-89.15836137105396,91.00487297089838,Before Launch
1065,2025-03-22 10:57:55,46.174,5.03280856,1.739,33.145,-117.7952545,35.105350666666666,-49.14017612522568,-89.17306644051742,91.0013728042104,Before Launch
1066,2025-03-22 10:57:55,46.216,6.5124674,3.591,33.147,-117.7952545,35.105350666666666,-47.89220254310761,-89.13362549449506,90.95773997109306,Before Launch
1067,2025-03-22 10:57:55,46.259,1.20734912,-0.851,33.192,-117.7952545,35.105350666666666,-47.40945539552341,-89.1101839993871,90.9451365570964,Before Launch
1068,2025-03-22 10:57:55,46.301,2.9199476,0.374,33.155,-117.7952545,35.105350666666666,-46.65437856660571,-89.14446503830608,90.90613875046319,Before Launch
1069,2025-03-22 10:57:55,46.344,4.350393840000001,1.709,33.142,-117.7952545,35.105350666666666,-46.28813413248339,-89.12969293132323,90.90546082477688,Before Launch
1070,2025-03-22 10:57:55,46.386,2.2375328800000003,0.0,33.187,-117.7952545,35.105350666666666,-46.84523373265872,-89.13965456754043,90.92086211744679,Before Launch
1071,2025-03-22 10:57:55,46.429,4.70144372,-0.135,33.135,-117.7952545,35.105350666666666,-47.33889352613441,-89.11165169176249,90.94326274961406,Before Launch
1072,2025-03-22 10:57:55,46.471,2.9888452400000003,1.225,33.18,-117.7952545,35.105350666666666,-47.97753166435362,-89.09517933481771,90.97748201980075,Before Launch
1073,2025-03-22 10:57:55,46.514,2.00787408,-0.327,33.192,-117.7952545,35.105350666666666,-48.08575152976433,-89.12818493063833,91.01386181536215,Before Launch
1074,2025-03-22 10:57:55,46.556,5.03280856,2.61,33.145,-117.7952545,35.105350666666666,-47.655635258248,-89.11314828626358,90.99121140848536,Before Launch
1075,2025-03-22 10:57:55,46.599,2.7591864399999997,-0.897,33.185,-117.7952545,35.105350666666666,-47.555551688139175,-89.1211650020704,90.99552072873236,Before Launch
1076,2025-03-22 10:57:55,46.641,0.44947508,-4.653,33.2,-117.7952545,35.105350666666666,-47.475682730863745,-89.08806425678198,90.97255365047957,Before Launch
1077,2025-03-22 10:57:55,46.684,2.9691602,1.539,33.197,-117.7952545,35.105350666666666,-47.57777916938417,-89.08025092897309,90.97520730063256,Before Launch
1078,2025-03-22 10:57:55,46.727,4.3339896399999995,-0.874,33.182,-117.79525483333333,35.1053505,-48.771323449075716,-89.1081288717666,91.0230519944686,Before Launch
1079,2025-03-22 10:57:55,46.769,5.55118128,3.948,33.142,-117.79525483333333,35.1053505,-49.67744375778109,-89.11286596233442,91.04859983287649,Before Launch
1080,2025-03-22 10:57:55,46.811,1.20734912,-2.305,33.192,-117.79525483333333,35.1053505,-50.93724755321217,-89.11585377962967,91.09420150929633,Before Launch
1081,2025-03-22 10:57:56,46.854,2.51968512,-0.747,33.19,-117.79525483333333,35.1053505,-51.31132381600721,-89.15198341349156,91.09236141012923,Before Launch
1082,2025-03-22 10:57:56,46.904,5.83333352,2.344,33.18,-117.79525483333333,35.1053505,-51.39545539723869,-89.17278921612784,91.08580722981912,Before Launch
1083,2025-03-22 10:57:56,46.948,4.47178492,0.905,33.14,-117.79525483333333,35.1053505,-50.35611568146876,-89.16743766028249,91.06048040128455,Before Launch
1084,2025-03-22 10:57:56,46.991,3.22506572,0.006,33.175,-117.79525483333333,35.1053505,-49.36425915893923,-89.14167871439868,91.02588823312757,Before Launch
1085,2025-03-22 10:57:56,47.034,3.22506572,0.125,33.175,-117.79525483333333,35.1053505,-48.15389123451284,-89.12198348330286,90.98125268761737,Before Launch
1086,2025-03-22 10:57:56,47.077,2.1194226400000002,-0.856,33.19,-117.79525483333333,35.1053505,-47.73677639425787,-89.11732152974612,90.97051857773984,Before Launch
1087,2025-03-22 10:57:56,47.119,4.4947508,2.852,33.165,-117.79525483333333,35.1053505,-47.98723398650666,-89.13082652850959,90.94316268450577,Before Launch
1088,2025-03-22 10:57:56,47.161,2.51968512,0.214,33.165,-117.79525483333333,35.1053505,-48.8786341650017,-89.14052374871441,90.98374406307846,Before Launch
1089,2025-03-22 10:57:56,47.204,3.88451456,-0.324,33.152,-117.79525483333333,35.1053505,-50.11749523234587,-89.14297192279908,91.0343040130901,Before Launch
1090,2025-03-22 10:57:56,47.246,4.99015764,-0.04,33.137,-117.79525483333333,35.1053505,-50.48997329173708,-89.138632079159,91.054452142221,Before Launch
1091,2025-03-22 10:57:56,47.288,5.95144376,-0.523,33.142,-117.79525483333333,35.1053505,-50.95896058743956,-89.13130164964039,91.08148020985963,Before Launch
1092,2025-03-22 10:57:56,47.331,2.29002632,1.01,33.195,-117.79525483333333,35.1053505,-50.18738834572402,-89.12695660876379,91.06792008856998,Before Launch
1093,2025-03-22 10:57:56,47.373,3.49081376,0.533,33.195,-117.79525483333333,35.1053505,-48.58369158035611,-89.17694268001,90.9780086888385,Before Launch
1094,2025-03-22 10:57:56,47.415,3.0905512799999997,-1.176,33.195,-117.79525483333333,35.1053505,-47.87627464822799,-89.1804477918912,90.95661843902298,Before Launch
1095,2025-03-22 10:57:56,47.458,4.73425212,2.329,33.195,-117.79525483333333,35.1053505,-47.055660291955796,-89.17275666728035,90.89689806581681,Before Launch
1096,2025-03-22 10:57:56,47.501,2.9199476,-1.662,33.19,-117.79525483333333,35.1053505,-46.80030787022073,-89.1653382145582,90.8875787616822,Before Launch
1097,2025-03-22 10:57:56,47.543,3.97637808,0.921,33.167,-117.79525483333333,35.1053505,-47.97544355263119,-89.13339429144806,90.93918712095494,Before Launch
1098,2025-03-22 10:57:56,47.585,2.29002632,0.263,33.195,-117.79525483333333,35.1053505,-49.108623549503044,-89.13453652581451,90.97283547977663,Before Launch
1099,2025-03-22 10:57:56,47.628,2.9691602,-1.925,33.197,-117.79525483333333,35.1053505,-50.76463543648115,-89.15155978607564,91.05435736113195,Before Launch
1100,2025-03-22 10:57:56,47.67,5.08202116,2.169,33.152,-117.79525483333333,35.1053505,-51.2562938530943,-89.1844625354122,91.07353551619674,Before Launch
1101,2025-03-22 10:57:56,47.713,4.91141748,4.162,33.147,-117.79525516666666,35.105349833333335,-51.11661176479788,-89.14944567642611,91.05560338173147,Before Launch
1102,2025-03-22 10:57:56,47.755,2.85104996,-0.11,33.202,-117.79525516666666,35.105349833333335,-50.105841600331466,-89.1605613684751,91.02730754087025,Before Launch
1103,2025-03-22 10:57:56,47.797,3.81561692,-0.484,33.162,-117.79525516666666,35.105349833333335,-46.83983865024718,-89.1349610465543,90.91973267139238,Before Launch
1104,2025-03-22 10:57:57,47.84,3.15616808,-2.236,33.185,-117.79525516666666,35.105349833333335,-45.68863288993497,-89.11808373179157,90.90663961144355,Before Launch
1105,2025-03-22 10:57:57,47.89,4.757218,3.29,33.185,-117.79525516666666,35.105349833333335,-44.24887682805546,-89.10582592591564,90.88245304750592,Before Launch
1106,2025-03-22 10:57:57,47.933,4.91141748,2.217,33.147,-117.79525516666666,35.105349833333335,-44.21250184659227,-89.09023431328067,90.85992160853384,Before Launch
1107,2025-03-22 10:57:57,47.977,5.83333352,0.0,33.145,-117.79525516666666,35.105349833333335,-45.52747910935599,-89.0917475710301,90.87671442110326,Before Launch
1108,2025-03-22 10:57:57,48.019,1.42060372,-2.849,33.204,-117.79525516666666,35.105349833333335,-48.66291333772592,-89.13165381548076,90.96776352966498,Before Launch
1109,2025-03-22 10:57:57,48.062,4.09448832,0.812,33.15,-117.79525516666666,35.105349833333335,-49.61827977723864,-89.16910692617581,91.00707438888993,Before Launch
1110,2025-03-22 10:57:57,48.104,4.4455382,1.141,33.157,-117.79525516666666,35.105349833333335,-50.81305769645939,-89.1586223171207,91.0222876114942,Before Launch
1111,2025-03-22 10:57:57,48.146,4.11417336,1.866,33.147,-117.79525516666666,35.105349833333335,-50.74528284963886,-89.1312161303312,91.03160198832364,Before Launch
1112,2025-03-22 10:57:57,48.189,2.9888452400000003,-1.407,33.18,-117.79525516666666,35.105349833333335,-48.758490928306465,-89.12110427079836,91.00080677806194,Before Launch
1113,2025-03-22 10:57:57,48.231,2.45078748,-0.064,33.2,-117.79525516666666,35.105349833333335,-47.78822086875608,-89.10916185424853,90.96419790086205,Before Launch
1114,2025-03-22 10:57:57,48.273,2.6902888,-1.117,33.195,-117.79525516666666,35.105349833333335,-46.675151680124976,-89.13788697524389,90.92418236697415,Before Launch
1115,2025-03-22 10:57:57,48.316,2.62139116,-2.214,33.204,-117.79525516666666,35.105349833333335,-46.41083098322078,-89.13214435716546,90.91058898951982,Before Launch
1116,2025-03-22 10:57:57,48.358,2.85104996,-2.898,33.204,-117.79525516666666,35.105349833333335,-46.99597143226602,-89.13578339208503,90.9312375886516,Before Launch
1117,2025-03-22 10:57:57,48.401,4.4947508,2.06,33.165,-117.79525516666666,35.105349833333335,-47.98103964656864,-89.16030590173452,90.97200937432973,Before Launch
1118,2025-03-22 10:57:57,48.443,2.94619432,-0.509,33.172,-117.79525516666666,35.105349833333335,-49.394456281060684,-89.13225440945025,91.03357551883461,Before Launch
1119,2025-03-22 10:57:57,48.486,2.50000008,-0.551,33.207,-117.79525516666666,35.105349833333335,-49.814119029987936,-89.12444981866048,91.03155332219974,Before Launch
1120,2025-03-22 10:57:57,48.528,5.3641734,0.589,33.155,-117.79525516666666,35.105349833333335,-50.36451698982757,-89.15581708063347,91.04415539513188,Before Launch
1121,2025-03-22 10:57:57,48.571,3.93372716,0.947,33.16,-117.79525516666666,35.105349833333335,-50.06696326945172,-89.15173238580068,91.03632614440734,Before Launch
1122,2025-03-22 10:57:57,48.613,3.5826772800000004,-0.368,33.21,-117.79525516666666,35.105349833333335,-49.22932504586148,-89.11852812875733,91.00452989327562,Before Launch
1123,2025-03-22 10:57:57,48.655,2.62139116,0.31,33.204,-117.79525516666666,35.105349833333335,-49.008061740957494,-89.09581570837054,90.98719187846795,Before Launch
1124,2025-03-22 10:57:57,48.698,3.97637808,0.941,33.167,-117.79525533333333,35.10534966666667,-48.70264982825058,-89.12233987798517,90.9905743775372,Before Launch
1125,2025-03-22 10:57:57,48.741,4.09448832,-0.922,33.165,-117.79525533333333,35.10534966666667,-48.770194516330115,-89.1239722115594,90.99571697358712,Before Launch
1126,2025-03-22 10:57:57,48.783,2.7296588799999997,-2.039,33.21,-117.79525533333333,35.10534966666667,-49.46533200525,-89.14288950019734,90.97799499703584,Before Launch
1127,2025-03-22 10:57:57,48.826,4.73425212,1.758,33.16,-117.79525533333333,35.10534966666667,-50.22657492411953,-89.14776149194384,91.01475241956483,Before Launch
1128,2025-03-22 10:57:58,48.868,1.42060372,-2.236,33.204,-117.79525533333333,35.10534966666667,-51.62494806351432,-89.17883052259066,91.02900782851687,Before Launch
1129,2025-03-22 10:57:58,48.911,4.73425212,1.473,33.172,-117.79525533333333,35.10534966666667,-50.746383728088325,-89.19683478911651,90.96200377315003,Before Launch
1130,2025-03-22 10:57:58,48.955,2.45078748,-2.166,33.2,-117.79525533333333,35.10534966666667,-52.08680844056872,-89.32804095173545,90.84015316716174,Before Launch
1131,2025-03-22 10:57:58,48.999,4.56364844,-0.326,33.155,-117.79525533333333,35.10534966666667,-52.465310516969495,-89.36403563870698,90.80775579011755,Before Launch
1132,2025-03-22 10:57:58,49.041,5.55118128,-0.265,33.142,-117.79525533333333,35.10534966666667,-53.419679455030334,-89.38094347148599,90.785442909707,Before Launch
1133,2025-03-22 10:57:58,49.084,4.61614188,3.001,33.162,-117.79525533333333,35.10534966666667,-52.70946531469923,-89.32780826744752,90.80297201909242,Before Launch
1134,2025-03-22 10:57:58,49.126,2.90026256,-1.122,33.207,-117.79525533333333,35.10534966666667,-50.5804808085482,-89.25963025684597,90.85111488140521,Before Launch
1135,2025-03-22 10:57:58,49.169,5.24606316,0.752,33.18,-117.79525533333333,35.10534966666667,-50.568970902905406,-89.2255719532751,90.90302951619283,Before Launch
1136,2025-03-22 10:57:58,49.211,4.4783466,0.342,33.182,-117.79525533333333,35.10534966666667,-50.0053271235618,-89.19699917544894,90.9401687205078,Before Launch
1137,2025-03-22 10:57:58,49.254,4.3307088,1.26,33.202,-117.79525533333333,35.10534966666667,-49.68285680350067,-89.1650858161849,90.95821558463186,Before Launch
1138,2025-03-22 10:57:58,49.302,3.7467192799999998,1.21,33.172,-117.79525533333333,35.10534966666667,-49.65753719325725,-89.18096932259796,91.01169771926232,Before Launch
1139,2025-03-22 10:57:58,49.348,5.01640436,2.164,33.162,-117.79525533333333,35.10534966666667,-48.90832167473717,-89.16684041992882,90.97977001040113,Before Launch
1140,2025-03-22 10:57:58,49.391,2.58858276,-0.031,33.18,-117.79525533333333,35.10534966666667,-47.94371519119119,-89.17443311106942,90.97992353126057,Before Launch
1141,2025-03-22 10:57:58,49.435,4.4947508,1.526,33.202,-117.79525533333333,35.10534966666667,-47.304011217537465,-89.14573546699567,90.95029642336502,Before Launch
1142,2025-03-22 10:57:58,49.477,5.1345146,0.595,33.16,-117.79525533333333,35.10534966666667,-47.261747550295766,-89.15135014226897,90.97183049293528,Before Launch
1143,2025-03-22 10:57:58,49.52,3.1824148,0.219,33.21,-117.79525533333333,35.10534966666667,-47.63407016752175,-89.13608420621328,90.94899932204913,Before Launch
1144,2025-03-22 10:57:58,49.562,2.6902888,0.177,33.195,-117.79525533333333,35.10534966666667,-48.480739154588846,-89.14071575027471,90.94441069170098,Before Launch
1145,2025-03-22 10:57:58,49.604,3.0216536400000003,-2.177,33.204,-117.79525533333333,35.10534966666667,-49.610659116325095,-89.16984561486267,90.98197135515011,Before Launch
1146,2025-03-22 10:57:58,49.647,3.30052504,-0.588,33.207,-117.79525533333333,35.10534966666667,-49.948938371988426,-89.18122907759019,90.99727734142907,Before Launch
1147,2025-03-22 10:57:58,49.689,2.2637796,-1.226,33.212,-117.795256,35.10534916666667,-50.11497084683873,-89.17293524775816,90.98092002147992,Before Launch
1148,2025-03-22 10:57:58,49.733,3.90748044,1.193,33.177,-117.795256,35.10534916666667,-49.99826345902697,-89.17507603126218,90.95251165953006,Before Launch
1149,2025-03-22 10:57:58,49.775,3.03805784,-0.871,33.187,-117.795256,35.10534916666667,-49.66541709516158,-89.12563464287484,90.95427780189848,Before Launch
1150,2025-03-22 10:57:58,49.817,1.92913392,-2.012,33.202,-117.795256,35.10534916666667,-49.10603502622985,-89.12439007822344,90.94127190669602,Before Launch
1151,2025-03-22 10:57:59,49.86,4.222441079999999,1.386,33.152,-117.795256,35.10534916666667,-48.40944092554744,-89.1154147377947,90.94078117539854,Before Launch
1152,2025-03-22 10:57:59,49.902,4.91141748,0.165,33.147,-117.795256,35.10534916666667,-48.05075293025061,-89.08943732428087,90.96508046241411,Before Launch
1153,2025-03-22 10:57:59,49.945,4.6653544799999995,3.013,33.17,-117.795256,35.10534916666667,-47.59844459379307,-89.07552106574039,90.95912707942963,Before Launch
1154,2025-03-22 10:57:59,49.987,1.7191601600000002,-2.802,33.19,-117.795256,35.10534916666667,-47.65380752994227,-89.11038828799335,90.9576024161312,Before Launch
1155,2025-03-22 10:57:59,50.03,2.5688977200000003,0.11,33.197,-117.795256,35.10534916666667,-48.00285393966307,-89.12754230252834,90.97224500114014,Before Launch
1156,2025-03-22 10:57:59,50.072,2.9625985200000002,-1.492,33.155,-117.795256,35.10534916666667,-48.33177373665146,-89.12265638768814,90.96275450602187,Before Launch
1157,2025-03-22 10:57:59,50.114,4.0255906800000005,-1.422,33.175,-117.795256,35.10534916666667,-48.83342743968683,-89.15222582287431,90.96975172260336,Before Launch
1158,2025-03-22 10:57:59,50.157,4.2158793999999995,-0.373,33.197,-117.795256,35.10534916666667,-49.0741499672846,-89.17803811219025,90.9529337890879,Before Launch
1159,2025-03-22 10:57:59,50.199,2.3293964,-0.532,33.202,-117.795256,35.10534916666667,-49.40897712871455,-89.18247565649675,90.96540133434708,Before Launch
1160,2025-03-22 10:57:59,50.242,5.69553824,0.419,33.165,-117.795256,35.10534916666667,-49.68669809665122,-89.1813477977719,90.97250223488003,Before Launch
1161,2025-03-22 10:57:59,50.285,4.82611564,0.324,33.197,-117.795256,35.10534916666667,-50.005696730632316,-89.21594490344735,90.97888412773253,Before Launch
1162,2025-03-22 10:57:59,50.328,5.3641734,0.962,33.155,-117.795256,35.10534916666667,-50.25860588148338,-89.21604995111296,90.98365226011397,Before Launch
1163,2025-03-22 10:57:59,50.37,3.3530184800000002,-0.369,33.214,-117.795256,35.10534916666667,-50.553717361593975,-89.21520370733545,90.9812869330717,Before Launch
1164,2025-03-22 10:57:59,50.413,3.3464568,-1.568,33.172,-117.795256,35.10534916666667,-50.450846589477074,-89.22353134046766,90.96636957972945,Before Launch
1165,2025-03-22 10:57:59,50.455,3.06102372,0.444,33.212,-117.795256,35.10534916666667,-49.91983606940213,-89.19482662532481,90.96004224938238,Before Launch
1166,2025-03-22 10:57:59,50.497,2.2637796,-2.101,33.212,-117.795256,35.10534916666667,-49.6093582205961,-89.17381455426465,90.98287964049354,Before Launch
1167,2025-03-22 10:57:59,50.54,3.3694226799999996,-1.66,33.197,-117.795256,35.10534916666667,-49.02551315925106,-89.15211958414501,90.95536455911038,Before Launch
1168,2025-03-22 10:57:59,50.582,1.7519685600000001,-1.347,33.217,-117.795256,35.10534916666667,-48.73064155083353,-89.15306291219,90.96103456395389,Before Launch
1169,2025-03-22 10:57:59,50.625,1.63385832,-0.994,33.217,-117.795256,35.10534916666667,-49.26373745123826,-89.1527032977444,90.99071006486606,Before Launch
1170,2025-03-22 10:57:59,50.667,3.90748044,0.833,33.177,-117.795256,35.10534916666667,-49.405406513874944,-89.13928660157875,91.01704990147049,Before Launch
1171,2025-03-22 10:57:59,50.709,2.2637796,-0.976,33.212,-117.7952565,35.105348666666664,-49.61959675506071,-89.11810103739816,91.01736405196816,Before Launch
1172,2025-03-22 10:57:59,50.752,4.37664056,1.988,33.167,-117.7952565,35.105348666666664,-49.12661200037114,-89.12453176594327,90.99016853817845,Before Launch
1173,2025-03-22 10:57:59,50.794,1.58136488,-2.192,33.21,-117.7952565,35.105348666666664,-48.227682636116285,-89.11836657762558,90.9535643508482,Before Launch
1174,2025-03-22 10:58:00,50.837,4.14698176,1.044,33.172,-117.7952565,35.105348666666664,-48.05605210723442,-89.12286842630549,90.93454618947118,Before Launch
1175,2025-03-22 10:58:00,50.879,1.8635171199999998,-0.062,33.212,-117.7952565,35.105348666666664,-47.92173510033979,-89.16507034685404,90.92377866664009,Before Launch
1176,2025-03-22 10:58:00,50.922,3.7860893599999996,-0.411,33.18,-117.7952565,35.105348666666664,-47.91485460432079,-89.15672522930038,90.92174008985373,Before Launch
1177,2025-03-22 10:58:00,50.973,4.163385959999999,-0.698,33.155,-117.7952565,35.105348666666664,-49.117556975896186,-89.15284879971854,90.97559786769307,Before Launch
1178,2025-03-22 10:58:00,51.017,3.5072179599999997,-1.08,33.167,-117.7952565,35.105348666666664,-50.228831538224,-89.1565541606173,91.00779283139408,Before Launch
1179,2025-03-22 10:58:00,51.06,3.3464568,1.517,33.172,-117.7952565,35.105348666666664,-50.535754072614736,-89.15393174268203,91.01007208347092,Before Launch
1180,2025-03-22 10:58:00,51.102,1.3943569999999998,-1.096,33.222,-117.7952565,35.105348666666664,-50.91150864956158,-89.15736596265133,91.04230843293374,Before Launch
1181,2025-03-22 10:58:00,51.145,2.9199476,-0.04,33.204,-117.7952565,35.105348666666664,-50.24621065042682,-89.17051061171857,91.01935624229343,Before Launch
1182,2025-03-22 10:58:00,51.187,1.7946194800000002,-2.079,33.222,-117.7952565,35.105348666666664,-48.923278651049024,-89.17700153326366,91.00153535666225,Before Launch
1183,2025-03-22 10:58:00,51.231,4.0255906800000005,-0.177,33.175,-117.7952565,35.105348666666664,-48.41737669207107,-89.1570803071734,90.98635029965807,Before Launch
1184,2025-03-22 10:58:00,51.273,4.82611564,2.325,33.195,-117.7952565,35.105348666666664,-47.740699383015205,-89.14000557722652,90.97668007221012,Before Launch
1185,2025-03-22 10:58:00,51.316,4.37664056,-1.228,33.167,-117.7952565,35.105348666666664,-47.972122629318875,-89.14318822684656,90.97598918177115,Before Launch
1186,2025-03-22 10:58:00,51.358,4.77690304,-0.046,33.167,-117.7952565,35.105348666666664,-48.60923765705971,-89.12538534887507,91.0141002628643,Before Launch
1187,2025-03-22 10:58:00,51.401,2.50000008,-2.669,33.207,-117.7952565,35.105348666666664,-48.83596962059621,-89.12984676429619,91.02680571765276,Before Launch
1188,2025-03-22 10:58:00,51.443,2.38188984,-0.905,33.21,-117.7952565,35.105348666666664,-49.143160102196006,-89.13431008307668,91.03153614865347,Before Launch
1189,2025-03-22 10:58:00,51.486,3.25131244,-0.089,33.2,-117.7952565,35.105348666666664,-49.09899867311315,-89.11712412078691,91.04345761712919,Before Launch
1190,2025-03-22 10:58:00,51.529,5.347769199999999,2.129,33.172,-117.7952565,35.105348666666664,-48.68289288166551,-89.12064897402495,91.02721218140147,Before Launch
1191,2025-03-22 10:58:00,51.571,5.10826788,2.648,33.177,-117.7952565,35.105348666666664,-48.28803456354947,-89.10555826115896,90.98877394984697,Before Launch
1192,2025-03-22 10:58:00,51.622,2.9691602,-0.37,33.197,-117.7952565,35.105348666666664,-48.13880586513873,-89.09707770145793,90.9928091146453,Before Launch
1193,2025-03-22 10:58:00,51.665,4.0255906800000005,2.099,33.175,-117.7952565,35.105348666666664,-47.980663847583564,-89.07485342361508,91.00284415031972,Before Launch
1194,2025-03-22 10:58:00,51.708,0.71194228,-0.851,33.22,-117.79525633333333,35.10534833333333,-47.949075290681655,-89.07543034561034,91.01156137762523,Before Launch
1195,2025-03-22 10:58:00,51.75,4.3569555200000005,0.415,33.185,-117.79525633333333,35.10534833333333,-48.59506485821449,-89.06918772381987,91.0034673750702,Before Launch
1196,2025-03-22 10:58:00,51.792,1.7519685600000001,-0.473,33.214,-117.79525633333333,35.10534833333333,-48.826952768389724,-89.08259849928861,91.01993807258025,Before Launch
1197,2025-03-22 10:58:01,51.836,5.06561696,0.636,33.17,-117.79525633333333,35.10534833333333,-49.4148335508064,-89.1102566293171,91.03052104765112,Before Launch
1198,2025-03-22 10:58:01,51.879,2.7591864399999997,1.086,33.185,-117.79525633333333,35.10534833333333,-49.74866962976606,-89.10670189707146,91.03667479166991,Before Launch
1199,2025-03-22 10:58:01,51.921,2.4245407599999997,-1.589,33.175,-117.79525633333333,35.10534833333333,-50.218162150864046,-89.11039240590493,91.03875445472906,Before Launch
1200,2025-03-22 10:58:01,51.963,4.265092,2.215,33.17,-117.79525633333333,35.10534833333333,-50.01923997351233,-89.12935798241645,91.01309701521744,Before Launch
1201,2025-03-22 10:58:01,52.006,4.00918648,0.206,33.207,-117.79525633333333,35.10534833333333,-49.916117443001895,-89.12361520323874,91.01075227428804,Before Launch
1202,2025-03-22 10:58:01,52.048,3.06102372,-1.025,33.212,-117.79525633333333,35.10534833333333,-49.92928278665604,-89.12498101515351,90.99340919703202,Before Launch
1203,2025-03-22 10:58:01,52.09,3.90748044,0.373,33.177,-117.79525633333333,35.10534833333333,-49.99913945699276,-89.1346367973445,90.98222210603373,Before Launch
1204,2025-03-22 10:58:01,52.133,2.0341208,-1.223,33.224,-117.79525633333333,35.10534833333333,-50.18033916993221,-89.15165311583111,91.00724933444398,Before Launch
1205,2025-03-22 10:58:01,52.184,-0.20669292,-1.48,33.222,-117.79525633333333,35.10534833333333,-50.24233711351674,-89.14549747833914,91.0158676746168,Before Launch
1206,2025-03-22 10:58:01,52.228,1.7946194800000002,-1.039,33.222,-117.79525633333333,35.10534833333333,-50.16705503691318,-89.13772034857026,91.01889021067255,Before Launch
1207,2025-03-22 10:58:01,52.27,2.59514444,0.739,33.222,-117.79525633333333,35.10534833333333,-49.64477809755287,-89.14043977653519,90.99481898128087,Before Launch
1208,2025-03-22 10:58:01,52.313,2.83136492,-1.104,33.217,-117.79525633333333,35.10534833333333,-48.763888298215335,-89.09048855254112,90.96812504286008,Before Launch
1209,2025-03-22 10:58:01,52.355,2.55249352,-2.101,33.214,-117.79525633333333,35.10534833333333,-48.40642808807065,-89.12257254984684,90.9562542710925,Before Launch
1210,2025-03-22 10:58:01,52.398,0.9514436,-3.166,33.214,-117.79525633333333,35.10534833333333,-47.9518793747717,-89.15762120013964,90.93737470290333,Before Launch
1211,2025-03-22 10:58:01,52.44,1.68307092,-2.859,33.212,-117.79525633333333,35.10534833333333,-48.03470126146508,-89.16274500187,90.95877062090436,Before Launch
1212,2025-03-22 10:58:01,52.483,3.3956693999999996,0.828,33.222,-117.79525633333333,35.10534833333333,-48.47741287605664,-89.11302743441813,90.98155563423376,Before Launch
1213,2025-03-22 10:58:01,52.525,3.9566930399999998,1.455,33.185,-117.79525633333333,35.10534833333333,-48.650763787719654,-89.11964456805251,91.0020705774963,Before Launch
1214,2025-03-22 10:58:01,52.576,2.9691602,-0.259,33.197,-117.79525633333333,35.10534833333333,-49.23280838710719,-89.13276740015787,91.0357368885716,Before Launch
1215,2025-03-22 10:58:01,52.619,3.03805784,-2.119,33.187,-117.79525633333333,35.10534833333333,-49.4944171474814,-89.14686331708434,91.02433362035282,Before Launch
1216,2025-03-22 10:58:01,52.663,1.7946194800000002,-3.034,33.222,-117.79525633333333,35.10534833333333,-49.365112344401865,-89.16229395919169,91.0066554504833,Before Launch
1217,2025-03-22 10:58:01,52.706,2.19488196,-0.714,33.21,-117.79525683333334,35.1053475,-48.84189941765572,-89.14116104397817,90.98084060963772,Before Launch
1218,2025-03-22 10:58:01,52.75,2.66404208,-1.255,33.212,-117.79525683333334,35.1053475,-48.57404245751782,-89.15310443466886,90.9722188882031,Before Launch
1219,2025-03-22 10:58:01,52.794,3.46456704,2.535,33.17,-117.79525683333334,35.1053475,-48.18195483985503,-89.1495933208737,90.95152039407367,Before Launch
1220,2025-03-22 10:58:02,52.836,5.46587944,1.021,33.195,-117.79525683333334,35.1053475,-48.07857352051704,-89.13974661877224,90.94482476861035,Before Launch
1221,2025-03-22 10:58:02,52.878,3.2086615199999997,1.341,33.192,-117.79525683333334,35.1053475,-47.81752256955559,-89.14186527332537,90.9525389826935,Before Launch
1222,2025-03-22 10:58:02,52.921,2.4245407599999997,-2.434,33.175,-117.79525683333334,35.1053475,-47.970834472819554,-89.155998507984,90.93301684329931,Before Launch
1223,2025-03-22 10:58:02,52.963,2.0833334,-0.623,33.224,-117.79525683333334,35.1053475,-48.95434512679065,-89.15579437190624,90.96469355583326,Before Launch
1224,2025-03-22 10:58:02,53.005,1.56496068,-0.793,33.227,-117.79525683333334,35.1053475,-49.27619199654357,-89.14411135677776,90.96465055454533,Before Launch
1225,2025-03-22 10:58:02,53.048,2.952756,-1.21,33.214,-117.79525683333334,35.1053475,-49.065974550966665,-89.13832129115191,90.99231072261175,Before Launch
1226,2025-03-22 10:58:02,53.09,3.68438332,-0.3,33.224,-117.79525683333334,35.1053475,-48.893094306757476,-89.1308655511125,90.9808575887813,Before Launch
1227,2025-03-22 10:58:02,53.132,1.56496068,-1.38,33.224,-117.79525683333334,35.1053475,-48.69487708161468,-89.10965368191803,90.99987453664743,Before Launch
1228,2025-03-22 10:58:02,53.175,2.90026256,-0.928,33.207,-117.79525683333334,35.1053475,-48.63998504819397,-89.1357843148207,90.99673676656069,Before Launch
1229,2025-03-22 10:58:02,53.225,1.68307092,-0.321,33.224,-117.79525683333334,35.1053475,-48.683183080042106,-89.15546911565238,91.00015677126197,Before Launch
1230,2025-03-22 10:58:02,53.269,5.17716552,4.962,33.167,-117.79525683333334,35.1053475,-48.82218025212517,-89.14382834750117,90.99470117432034,Before Launch
1231,2025-03-22 10:58:02,53.311,3.9304463199999997,1.972,33.202,-117.79525683333334,35.1053475,-49.09351347989809,-89.13806413412611,91.00737266679596,Before Launch
1232,2025-03-22 10:58:02,53.353,1.28280844,-1.212,33.224,-117.79525683333334,35.1053475,-49.44465007495863,-89.1584010175611,91.01253087700252,Before Launch
1233,2025-03-22 10:58:02,53.395,4.2388452800000005,1.301,33.187,-117.79525683333334,35.1053475,-49.53439640388968,-89.14829014174772,90.99202504669873,Before Launch
1234,2025-03-22 10:58:02,53.438,3.4219161199999997,0.803,33.18,-117.79525683333334,35.1053475,-49.584384861849514,-89.14217458679583,90.98438126425835,Before Launch
1235,2025-03-22 10:58:02,53.48,2.19488196,1.149,33.222,-117.79525683333334,35.1053475,-49.67866639029032,-89.16612813063551,90.9828395541386,Before Launch
1236,2025-03-22 10:58:02,53.522,4.92126,2.993,33.19,-117.79525683333334,35.1053475,-49.710769163886646,-89.15073342270179,91.00311539131731,Before Launch
1237,2025-03-22 10:58:02,53.565,4.409448960000001,0.937,33.192,-117.79525683333334,35.1053475,-49.69291847932371,-89.15707884156306,91.00074071043731,Before Launch
1238,2025-03-22 10:58:02,53.607,1.09580056,-2.644,33.232,-117.79525683333334,35.1053475,-49.55042759681143,-89.14565879052306,91.02956223976601,Before Launch
1239,2025-03-22 10:58:02,53.649,1.53215228,-1.339,33.202,-117.79525683333334,35.1053475,-49.50619308566151,-89.12326614555214,91.02465110539495,Before Launch
1240,2025-03-22 10:58:02,53.692,3.03805784,0.0,33.187,-117.7952575,35.10534666666667,-49.22724200440554,-89.11869356842953,91.00234168801197,Before Launch
1241,2025-03-22 10:58:02,53.734,0.80708664,-0.922,33.235,-117.7952575,35.10534666666667,-49.06463361525591,-89.09829687045308,90.98349493436677,Before Launch
1242,2025-03-22 10:58:02,53.777,3.10695548,0.852,33.177,-117.7952575,35.10534666666667,-48.930269082287,-89.10048963049408,90.99391923069797,Before Launch
1243,2025-03-22 10:58:02,53.819,4.3569555200000005,1.584,33.185,-117.7952575,35.10534666666667,-49.06031929653451,-89.12233666354926,90.98363593755764,Before Launch
1244,2025-03-22 10:58:03,53.861,3.7860893599999996,0.301,33.18,-117.7952575,35.10534666666667,-49.62776291322779,-89.14746170805928,90.97714420773693,Before Launch
1245,2025-03-22 10:58:03,53.904,3.9566930399999998,-1.413,33.185,-117.7952575,35.10534666666667,-50.07226707136786,-89.16649382171413,90.99887755582792,Before Launch
1246,2025-03-22 10:58:03,53.946,2.59514444,-0.574,33.222,-117.7952575,35.10534666666667,-50.594048384260084,-89.16209442975436,91.00329085103924,Before Launch
1247,2025-03-22 10:58:03,53.988,1.8963255199999998,-0.495,33.237,-117.7952575,35.10534666666667,-50.92653041553456,-89.17262634741941,91.02077727665471,Before Launch
1248,2025-03-22 10:58:03,54.031,4.52099752,2.282,33.227,-117.7952575,35.10534666666667,-50.664427740702976,-89.16526524252998,91.02392246211028,Before Launch
1249,2025-03-22 10:58:03,54.073,3.6089240000000005,1.914,33.192,-117.7952575,35.10534666666667,-50.347386517659245,-89.16521101604873,91.03127155008026,Before Launch
1250,2025-03-22 10:58:03,54.116,2.99540692,0.04,33.222,-117.7952575,35.10534666666667,-49.944842577307845,-89.13155578319187,91.02834914465159,Before Launch
1251,2025-03-22 10:58:03,54.158,1.84383208,-1.723,33.192,-117.7952575,35.10534666666667,-49.74788457089747,-89.138002082223,91.04414353898447,Before Launch
1252,2025-03-22 10:58:03,54.208,1.9652231599999999,0.372,33.227,-117.7952575,35.10534666666667,-49.55190012741622,-89.13864666378072,91.04257673463124,Before Launch
1253,2025-03-22 10:58:03,54.252,5.8398952,2.729,33.187,-117.7952575,35.10534666666667,-49.101800002393254,-89.14499512963549,91.04019371251614,Before Launch
1254,2025-03-22 10:58:03,54.294,4.50131248,2.636,33.207,-117.7952575,35.10534666666667,-48.89366953939812,-89.12517678068245,91.02336570704257,Before Launch
1255,2025-03-22 10:58:03,54.336,2.64435704,-2.374,33.229,-117.7952575,35.10534666666667,-48.769259845637336,-89.1479333378082,90.9849574430894,Before Launch
1256,2025-03-22 10:58:03,54.379,3.6089240000000005,-0.301,33.192,-117.7952575,35.10534666666667,-49.45410318367344,-89.19754091077746,90.96420967499832,Before Launch
1257,2025-03-22 10:58:03,54.421,1.9652231599999999,0.639,33.227,-117.7952575,35.10534666666667,-50.27087579710137,-89.18290183515435,90.9817331160035,Before Launch
1258,2025-03-22 10:58:03,54.463,2.12598432,-1.978,33.232,-117.7952575,35.10534666666667,-50.49775061060708,-89.1891812550142,90.9590801967118,Before Launch
1259,2025-03-22 10:58:03,54.506,2.64435704,-0.728,33.204,-117.7952575,35.10534666666667,-51.21680336392639,-89.18431437760653,90.98741407325318,Before Launch
1260,2025-03-22 10:58:03,54.548,2.3654856399999997,0.16,33.227,-117.7952575,35.10534666666667,-51.039457656827246,-89.2046103582457,90.99674782286657,Before Launch
1261,2025-03-22 10:58:03,54.591,0.69553808,-3.953,33.237,-117.7952575,35.10534666666667,-50.77019399871029,-89.18847466440644,90.99187096788684,Before Launch
1262,2025-03-22 10:58:03,54.634,2.3654856399999997,-1.912,33.227,-117.7952575,35.10534666666667,-50.68122753174281,-89.18228053558309,90.99744840638314,Before Launch
1263,2025-03-22 10:58:03,54.676,4.63910776,3.315,33.187,-117.7952575,35.10534666666667,-50.32658966587628,-89.19566253875442,90.99164453859183,Before Launch
1264,2025-03-22 10:58:03,54.718,1.84383208,0.292,33.229,-117.7952575,35.10534666666667,-50.09446609006385,-89.19324660766118,90.98816859555693,Before Launch
1265,2025-03-22 10:58:03,54.769,2.3654856399999997,-0.624,33.227,-117.79525766666667,35.105346,-49.55179020069879,-89.1670738683235,90.96931515234776,Before Launch
1266,2025-03-22 10:58:03,54.814,2.6968504799999997,1.75,33.237,-117.79525766666667,35.105346,-49.01229039844771,-89.14253453064406,90.98008522167132,Before Launch
1267,2025-03-22 10:58:04,54.856,3.9304463199999997,0.763,33.202,-117.79525766666667,35.105346,-48.780448808509426,-89.13703387074857,90.98136393878498,Before Launch
1268,2025-03-22 10:58:04,54.899,2.5262468,-1.695,33.232,-117.79525766666667,35.105346,-48.59894783891872,-89.14133722083734,90.98325613697145,Before Launch
1269,2025-03-22 10:58:04,54.942,4.29133872,0.467,33.195,-117.79525766666667,35.105346,-48.75865522269991,-89.14668635729122,90.98826291934067,Before Launch
1270,2025-03-22 10:58:04,54.984,5.10826788,1.066,33.177,-117.79525766666667,35.105346,-48.66467680956383,-89.12757886647115,91.0018486458247,Before Launch
1271,2025-03-22 10:58:04,55.027,2.64435704,0.046,33.229,-117.79525766666667,35.105346,-48.77274732552415,-89.11321973162978,91.00546653644255,Before Launch
1272,2025-03-22 10:58:04,55.069,2.88385836,0.914,33.204,-117.79525766666667,35.105346,-48.84437235175908,-89.12087840971112,91.02384452572393,Before Launch
1273,2025-03-22 10:58:04,55.112,2.12598432,-2.216,33.232,-117.79525766666667,35.105346,-48.94507148367638,-89.10469993701822,91.04566401151155,Before Launch
1274,2025-03-22 10:58:04,55.155,5.78740176,2.013,33.18,-117.79525766666667,35.105346,-49.06665482062892,-89.07663263077663,91.0667905463772,Before Launch
1275,2025-03-22 10:58:04,55.197,4.169947639999999,1.087,33.197,-117.79525766666667,35.105346,-49.010266496693795,-89.07064739341679,91.06257103587576,Before Launch
1276,2025-03-22 10:58:04,55.24,2.5262468,0.631,33.232,-117.79525766666667,35.105346,-48.91373896712093,-89.07043789793886,91.06362148359489,Before Launch
1277,2025-03-22 10:58:04,55.282,2.5262468,0.522,33.232,-117.79525766666667,35.105346,-48.910905732748965,-89.05344285828458,91.05386417379158,Before Launch
1278,2025-03-22 10:58:04,55.325,2.24409456,-3.351,33.229,-117.79525766666667,35.105346,-48.50667126850497,-89.07407722972403,91.01371701126845,Before Launch
1279,2025-03-22 10:58:04,55.367,3.96653556,-0.498,33.227,-117.79525766666667,35.105346,-48.333547212143934,-89.09194102426757,91.00628524054446,Before Launch
1280,2025-03-22 10:58:04,55.41,3.32677176,0.635,33.232,-117.79525766666667,35.105346,-47.91088431162904,-89.10143238891246,91.01340065474456,Before Launch
1281,2025-03-22 10:58:04,55.452,2.8051182,-0.749,33.235,-117.79525766666667,35.105346,-47.86318020388808,-89.09320708954272,91.0045535791866,Before Launch
1282,2025-03-22 10:58:04,55.495,3.65157492,1.57,33.222,-117.79525766666667,35.105346,-47.96265240644768,-89.12140743112045,90.97499442220195,Before Launch
1283,2025-03-22 10:58:04,55.537,2.8051182,0.632,33.235,-117.79525766666667,35.105346,-48.0830913226048,-89.14208417669575,90.9839815151425,Before Launch
1284,2025-03-22 10:58:04,55.579,3.8976379199999998,1.168,33.237,-117.79525766666667,35.105346,-48.18946830087409,-89.13680887087006,90.99461738986528,Before Launch
1285,2025-03-22 10:58:04,55.622,3.8221786,1.356,33.204,-117.79525766666667,35.105346,-48.238609458770355,-89.1365362126721,90.99624875319316,Before Launch
1286,2025-03-22 10:58:04,55.664,1.6043307599999999,0.847,33.235,-117.79525766666667,35.105346,-48.3334425770116,-89.1218956343968,90.98918226617126,Before Launch
1287,2025-03-22 10:58:04,55.707,2.92650928,0.523,33.232,-117.79525766666667,35.10534533333333,-48.35949015914902,-89.12601763750345,90.98150295021684,Before Launch
1288,2025-03-22 10:58:04,55.749,3.3530184800000002,-1.199,33.214,-117.79525766666667,35.10534533333333,-48.5175026026896,-89.12749273512856,90.97167724151716,Before Launch
1289,2025-03-22 10:58:04,55.792,1.09580056,-0.696,33.237,-117.79525766666667,35.10534533333333,-48.39157123135874,-89.11348563210689,90.97696364411122,Before Launch
1290,2025-03-22 10:58:05,55.834,3.1660106,0.752,33.227,-117.79525766666667,35.10534533333333,-48.17612330646504,-89.1114620921239,90.95247622993843,Before Launch
1291,2025-03-22 10:58:05,55.877,4.43241484,1.633,33.217,-117.79525766666667,35.10534533333333,-48.14687552735656,-89.11627893148565,90.9502466197201,Before Launch
1292,2025-03-22 10:58:05,55.919,2.45734916,-1.386,33.237,-117.79525766666667,35.10534533333333,-48.412828516634534,-89.13569866369573,90.97115772746928,Before Launch
1293,2025-03-22 10:58:05,55.962,3.7532809599999997,1.154,33.214,-117.79525766666667,35.10534533333333,-48.61956816921631,-89.12668282605962,90.975190470746,Before Launch
1294,2025-03-22 10:58:05,56.004,4.26181116,-0.028,33.212,-117.79525766666667,35.10534533333333,-49.37870645084555,-89.10969733539318,90.99400881373465,Before Launch
1295,2025-03-22 10:58:05,56.047,3.2053806799999998,-1.79,33.235,-117.79525766666667,35.10534533333333,-49.70374608824607,-89.13754668358236,91.00330554056163,Before Launch
1296,2025-03-22 10:58:05,56.097,4.3143046,1.561,33.245,-117.79525766666667,35.10534533333333,-50.00995734860486,-89.12634034893571,90.99536045787288,Before Launch
1297,2025-03-22 10:58:05,56.141,2.5754594,-0.288,33.239,-117.79525766666667,35.10534533333333,-49.8741832877305,-89.11520131817667,90.99551953141183,Before Launch
1298,2025-03-22 10:58:05,56.183,3.8976379199999998,1.654,33.237,-117.79525766666667,35.10534533333333,-49.619024559645474,-89.11404542405411,91.0030555481754,Before Launch
1299,2025-03-22 10:58:05,56.227,4.03215236,-1.637,33.21,-117.79525766666667,35.10534533333333,-49.26246059533562,-89.12578528167164,91.0022112545394,Before Launch
1300,2025-03-22 10:58:05,56.27,5.02296604,0.795,33.204,-117.79525766666667,35.10534533333333,-49.16805809382869,-89.15267257533246,91.0087547437025,Before Launch
1301,2025-03-22 10:58:05,56.313,2.8051182,0.26,33.235,-117.79525766666667,35.10534533333333,-49.08694796326425,-89.17670180385413,90.99870033557224,Before Launch
1302,2025-03-22 10:58:05,56.356,2.5754594,0.046,33.239,-117.79525766666667,35.10534533333333,-49.17559678234299,-89.16486707198784,91.00664509555244,Before Launch
1303,2025-03-22 10:58:05,56.398,3.32677176,1.009,33.232,-117.79525766666667,35.10534533333333,-49.30321716220618,-89.14692679195446,91.01544725286435,Before Launch
1304,2025-03-22 10:58:05,56.441,2.296588,-1.555,33.237,-117.79525766666667,35.10534533333333,-49.22852757970267,-89.16133747872212,91.01118018037761,Before Launch
1305,2025-03-22 10:58:05,56.484,2.3392389199999997,-0.919,33.245,-117.79525766666667,35.10534533333333,-48.99688340554032,-89.12743661987699,90.98719336916048,Before Launch
1306,2025-03-22 10:58:05,56.526,3.63188988,0.77,33.217,-117.79525766666667,35.10534533333333,-48.809539391433134,-89.10256214792537,90.98371859078954,Before Launch
1307,2025-03-22 10:58:05,56.57,2.45734916,-1.111,33.242,-117.79525766666667,35.10534533333333,-49.14555088034898,-89.18503651090793,90.96574648524192,Before Launch
1308,2025-03-22 10:58:05,56.612,2.85761164,0.049,33.239,-117.79525766666667,35.10534533333333,-49.36502474117552,-89.17274017675723,90.98219043792562,Before Launch
1309,2025-03-22 10:58:05,56.655,1.72572184,-2.019,33.232,-117.79525766666667,35.10534533333333,-50.204985877995824,-89.20301377404508,90.99156238530506,Before Launch
1310,2025-03-22 10:58:05,56.697,2.3392389199999997,-1.379,33.245,-117.795258,35.10534466666667,-50.71710788685638,-89.21906162542112,90.98372506197255,Before Launch
1311,2025-03-22 10:58:05,56.74,1.37467196,-0.213,33.242,-117.795258,35.10534466666667,-51.42530183998589,-89.21676280805238,91.00321104424539,Before Launch
1312,2025-03-22 10:58:05,56.783,3.25787412,0.308,33.242,-117.795258,35.10534466666667,-51.65046172239672,-89.2033602539697,91.0168549872865,Before Launch
1313,2025-03-22 10:58:05,56.825,3.5662730799999998,0.198,33.227,-117.795258,35.10534466666667,-51.76592888250188,-89.19291855022446,91.04057705268212,Before Launch
1314,2025-03-22 10:58:06,56.868,2.40485572,1.217,33.235,-117.795258,35.10534466666667,-51.667380775136316,-89.196986294081,91.02536893928968,Before Launch
1315,2025-03-22 10:58:06,56.918,2.97572188,-0.176,33.242,-117.795258,35.10534466666667,-51.01968072953054,-89.19300794472134,91.00673081714581,Before Launch
1316,2025-03-22 10:58:06,56.963,2.7395014,-1.559,33.245,-117.795258,35.10534466666667,-50.46271193544226,-89.18286287940477,91.00406892109069,Before Launch
1317,2025-03-22 10:58:06,57.005,3.37598436,0.846,33.239,-117.795258,35.10534466666667,-50.144615080433304,-89.1752653907961,91.01305858398565,Before Launch
1318,2025-03-22 10:58:06,57.048,3.2053806799999998,-0.505,33.235,-117.795258,35.10534466666667,-49.84522870080716,-89.15064223534227,91.01348004488513,Before Launch
1319,2025-03-22 10:58:06,57.09,2.85761164,-1.293,33.242,-117.795258,35.10534466666667,-49.80838153169693,-89.13732118171815,91.00382104481848,Before Launch
1320,2025-03-22 10:58:06,57.133,2.5754594,-0.58,33.239,-117.795258,35.10534466666667,-49.90207107984997,-89.14167681604124,91.02100104336779,Before Launch
1321,2025-03-22 10:58:06,57.175,6.1187666,1.674,33.239,-117.795258,35.10534466666667,-49.94932351618721,-89.15177084675892,91.00452679168703,Before Launch
1322,2025-03-22 10:58:06,57.218,3.8976379199999998,1.228,33.237,-117.795258,35.10534466666667,-49.98021105089829,-89.14989999991488,91.00632061828685,Before Launch
1323,2025-03-22 10:58:06,57.26,2.45734916,-1.337,33.242,-117.795258,35.10534466666667,-49.66949346482613,-89.12514228626469,91.03041764301938,Before Launch
1324,2025-03-22 10:58:06,57.303,2.6279528400000003,-1.305,33.247,-117.795258,35.10534466666667,-49.08175180423796,-89.14091494131227,91.00549093737588,Before Launch
1325,2025-03-22 10:58:06,57.345,2.5754594,-2.277,33.239,-117.795258,35.10534466666667,-49.07694600443663,-89.15460887911027,91.00871512593129,Before Launch
1326,2025-03-22 10:58:06,57.398,2.85761164,0.048,33.242,-117.795258,35.10534466666667,-49.02396148320279,-89.16947073188624,91.00115660241008,Before Launch
1327,2025-03-22 10:58:06,57.444,2.85761164,0.259,33.242,-117.795258,35.10534466666667,-48.64263446737132,-89.14220861614173,90.97142430027672,Before Launch
1328,2025-03-22 10:58:06,57.486,2.5754594,-0.691,33.239,-117.795258,35.10534466666667,-48.54751830206374,-89.15080675410479,90.97950640094308,Before Launch
1329,2025-03-22 10:58:06,57.529,2.05708668,-0.22,33.242,-117.795258,35.10534466666667,-48.32383919474667,-89.16280159082638,90.96764969112375,Before Launch
1330,2025-03-22 10:58:06,57.571,3.6581365999999997,1.213,33.242,-117.795258,35.10534466666667,-48.24501434922674,-89.15614569659391,90.9582631066069,Before Launch
1331,2025-03-22 10:58:06,57.614,4.19619436,0.519,33.222,-117.795258,35.10534466666667,-48.23222427400279,-89.11394741214635,90.9503590002354,Before Launch
1332,2025-03-22 10:58:06,57.656,5.1148295599999996,2.447,33.22,-117.795258,35.10534466666667,-48.229010310837594,-89.11317104711264,90.93454567787705,Before Launch
1333,2025-03-22 10:58:06,57.699,2.97572188,0.109,33.237,-117.79525816666667,35.1053445,-48.25393510076583,-89.15512322040004,90.93771830106685,Before Launch
1334,2025-03-22 10:58:06,57.741,2.5754594,0.782,33.239,-117.79525816666667,35.1053445,-48.25871913293963,-89.15750757369952,90.94671679438179,Before Launch
1335,2025-03-22 10:58:06,57.784,2.85761164,0.477,33.242,-117.79525816666667,35.1053445,-48.301044643857225,-89.13684811847703,90.98422891102923,Before Launch
1336,2025-03-22 10:58:06,57.826,2.85761164,1.366,33.242,-117.79525816666667,35.1053445,-48.230557644408925,-89.14429565806574,90.96434678893638,Before Launch
1337,2025-03-22 10:58:07,57.869,5.93175872,2.462,33.202,-117.79525816666667,35.1053445,-48.001166674228834,-89.12465862916524,90.97833030075469,Before Launch
1338,2025-03-22 10:58:07,57.911,3.25787412,-0.284,33.242,-117.79525816666667,35.1053445,-47.90772727783843,-89.12176450870919,90.9837320687917,Before Launch
1339,2025-03-22 10:58:07,57.962,4.12729672,1.574,33.232,-117.79525816666667,35.1053445,-48.244548241533955,-89.14271405732173,90.94619621792936,Before Launch
1340,2025-03-22 10:58:07,58.005,4.26181116,1.183,33.239,-117.79525816666667,35.1053445,-48.739866636075426,-89.15096119933256,90.93391783442473,Before Launch
1341,2025-03-22 10:58:07,58.048,4.05839908,1.216,33.242,-117.79525816666667,35.1053445,-48.865880260139264,-89.17053547226186,90.94970776030458,Before Launch
1342,2025-03-22 10:58:07,58.09,3.02821532,-0.321,33.247,-117.79525816666667,35.1053445,-49.10129447899844,-89.17424480988554,90.97578353838739,Before Launch
1343,2025-03-22 10:58:07,58.133,2.7395014,-0.429,33.245,-117.79525816666667,35.1053445,-49.253192780714066,-89.17778263787064,90.97381132134684,Before Launch
1344,2025-03-22 10:58:07,58.175,3.2053806799999998,0.321,33.235,-117.79525816666667,35.1053445,-49.7412011324927,-89.18544042009789,90.96689252355429,Before Launch
1345,2025-03-22 10:58:07,58.218,1.53871396,-0.956,33.245,-117.79525816666667,35.1053445,-49.98826919644626,-89.20165115971535,90.97926101272343,Before Launch
1346,2025-03-22 10:58:07,58.263,2.97572188,-2.889,33.242,-117.79525816666667,35.1053445,-50.546871390941,-89.22747957927375,90.9738199757194,Before Launch
1347,2025-03-22 10:58:07,58.305,4.05839908,0.148,33.242,-117.79525816666667,35.1053445,-50.83510006027658,-89.24350568437363,90.9764514741072,Before Launch
1348,2025-03-22 10:58:07,58.347,1.53871396,-0.845,33.245,-117.79525816666667,35.1053445,-50.70733326846961,-89.20859847368352,90.98548085803486,Before Launch
1349,2025-03-22 10:58:07,58.39,4.90157496,2.092,33.207,-117.79525816666667,35.1053445,-50.391558155059826,-89.20140006626556,90.98338683655771,Before Launch
1350,2025-03-22 10:58:07,58.432,4.40616812,1.684,33.235,-117.79525816666667,35.1053445,-49.72898929701381,-89.17365279095523,90.9721010913032,Before Launch
1351,2025-03-22 10:58:07,58.474,5.43963272,2.4,33.187,-117.79525816666667,35.1053445,-49.36373912661571,-89.17231849022946,90.95589443919137,Before Launch
1352,2025-03-22 10:58:07,58.518,3.18897648,0.309,33.252,-117.79525816666667,35.1053445,-48.861645747892496,-89.19607343586246,90.9546065561262,Before Launch
1353,2025-03-22 10:58:07,58.56,1.72572184,-0.791,33.232,-117.79525816666667,35.1053445,-48.69369387928245,-89.18076244694855,90.93518266273837,Before Launch
1354,2025-03-22 10:58:07,58.603,3.02821532,0.904,33.247,-117.79525816666667,35.1053445,-48.4497541268598,-89.15599800900192,90.93637203677322,Before Launch
1355,2025-03-22 10:58:07,58.645,3.8976379199999998,0.223,33.237,-117.79525816666667,35.1053445,-48.44503450879613,-89.15539988941227,90.92565579294295,Before Launch
1356,2025-03-22 10:58:07,58.687,3.02821532,-1.089,33.249,-117.79525816666667,35.1053445,-48.7770516211503,-89.18771781874761,90.9190951822289,Before Launch
1357,2025-03-22 10:58:07,58.73,3.4284777999999996,-1.57,33.247,-117.7952585,35.10534416666667,-49.09663854885501,-89.17884754001778,90.92717054845079,Before Launch
1358,2025-03-22 10:58:07,58.772,2.66404208,-0.29,33.212,-117.7952585,35.10534416666667,-49.379288750137206,-89.16081368442914,90.94778853229963,Before Launch
1359,2025-03-22 10:58:07,58.815,1.98818904,-0.547,33.252,-117.7952585,35.10534416666667,-49.429292014842744,-89.15683097140358,90.95804355439215,Before Launch
1360,2025-03-22 10:58:08,58.857,1.4271654,-1.333,33.247,-117.7952585,35.10534416666667,-49.7373733880337,-89.1590650973439,90.98296867059264,Before Launch
1361,2025-03-22 10:58:08,58.899,4.0846458000000005,1.144,33.224,-117.7952585,35.10534416666667,-49.666873548614085,-89.15994037952545,90.99295617300672,Before Launch
1362,2025-03-22 10:58:08,58.942,6.971785,0.969,33.197,-117.7952585,35.10534416666667,-49.62176964668285,-89.1825848214247,90.9802503303471,Before Launch
1363,2025-03-22 10:58:08,58.984,3.68438332,0.397,33.247,-117.7952585,35.10534416666667,-49.65220167792245,-89.15847397162689,90.97213110855863,Before Launch
1364,2025-03-22 10:58:08,59.034,2.1751969200000003,-1.821,33.239,-117.7952585,35.10534416666667,-49.75133411048033,-89.16823847404783,90.97180303852241,Before Launch
1365,2025-03-22 10:58:08,59.078,4.19619436,-0.061,33.222,-117.7952585,35.10534416666667,-49.94717497693762,-89.14547634443683,91.00011819948863,Before Launch
1366,2025-03-22 10:58:08,59.12,3.8221786,-0.22,33.204,-117.7952585,35.10534416666667,-49.999928879636265,-89.16380611844528,90.99587737870438,Before Launch
1367,2025-03-22 10:58:08,59.163,3.7073491999999995,0.633,33.249,-117.7952585,35.10534416666667,-49.85915427564514,-89.14718370034396,90.9811834991479,Before Launch
1368,2025-03-22 10:58:08,59.205,3.79593188,0.985,33.222,-117.7952585,35.10534416666667,-49.44468702723938,-89.16154798586314,90.96757955892899,Before Launch
1369,2025-03-22 10:58:08,59.248,2.54921268,-0.612,33.257,-117.7952585,35.10534416666667,-49.085531761269856,-89.18357819644345,90.9641478094197,Before Launch
1370,2025-03-22 10:58:08,59.29,4.59645684,2.852,33.222,-117.7952585,35.10534416666667,-48.99534983682193,-89.20562815786116,90.94423943918808,Before Launch
1371,2025-03-22 10:58:08,59.332,3.13648304,0.15,33.245,-117.7952585,35.10534416666667,-49.101715980359636,-89.170416491534,90.94319686613763,Before Launch
1372,2025-03-22 10:58:08,59.375,3.9304463199999997,-0.12,33.202,-117.7952585,35.10534416666667,-49.29035694938694,-89.16679131127415,90.95863837316912,Before Launch
1373,2025-03-22 10:58:08,59.417,4.85236236,3.097,33.2,-117.7952585,35.10534416666667,-49.85980573879211,-89.14507439865505,90.98111856343199,Before Launch
1374,2025-03-22 10:58:08,59.459,3.30708672,-1.492,33.252,-117.7952585,35.10534416666667,-50.13498158812362,-89.15017685416251,90.99564062693418,Before Launch
1375,2025-03-22 10:58:08,59.502,2.6279528400000003,-1.662,33.247,-117.7952585,35.10534416666667,-50.52461095078514,-89.1444750102816,91.01716378464047,Before Launch
1376,2025-03-22 10:58:08,59.544,1.70931764,-3.486,33.249,-117.7952585,35.10534416666667,-50.71123835153925,-89.17355296536651,91.01822170151321,Before Launch
1377,2025-03-22 10:58:08,59.587,3.4219161199999997,0.218,33.207,-117.7952585,35.10534416666667,-51.19415722936655,-89.17572803472969,91.02790170063089,Before Launch
1378,2025-03-22 10:58:08,59.629,3.18897648,1.369,33.252,-117.7952585,35.10534416666667,-51.519634260404096,-89.18619145867257,91.04268005043974,Before Launch
1379,2025-03-22 10:58:08,59.671,2.50656176,-0.488,33.249,-117.7952585,35.10534416666667,-51.30207715621838,-89.15545053889907,91.04959376405944,Before Launch
1380,2025-03-22 10:58:08,59.714,5.20997392,1.228,33.192,-117.79525866666667,35.10534416666667,-51.17705564705329,-89.16301776215536,91.03330298477823,Before Launch
1381,2025-03-22 10:58:08,59.764,4.222441079999999,1.109,33.227,-117.79525866666667,35.10534416666667,-51.885169165968634,-89.21918466962583,90.9919293108327,Before Launch
1382,2025-03-22 10:58:08,59.809,3.3530184800000002,-0.07,33.214,-117.79525866666667,35.10534416666667,-52.67623017774634,-89.29157195334355,90.9440527251328,Before Launch
1383,2025-03-22 10:58:09,59.853,1.98818904,-0.625,33.252,-117.79525866666667,35.10534416666667,-52.88718690798083,-89.29499133011043,90.91917350037066,Before Launch
1384,2025-03-22 10:58:09,59.895,2.99540692,0.933,33.222,-117.79525866666667,35.10534416666667,-53.033657386010056,-89.32092295028546,90.88821063546608,Before Launch
1385,2025-03-22 10:58:09,59.937,3.4711287200000003,1.893,33.254,-117.79525866666667,35.10534416666667,-52.53068684676946,-89.29933632603536,90.87675076441346,Before Launch
1386,2025-03-22 10:58:09,59.982,2.27034128,-1.675,33.254,-117.79525866666667,35.10534416666667,-50.8046861094839,-89.27843904539878,90.85696634462329,Before Launch
1387,2025-03-22 10:58:09,60.024,3.18897648,-3.496,33.252,-117.79525866666667,35.10534416666667,-49.61737640775571,-89.2327785210776,90.87035985285961,Before Launch
1388,2025-03-22 10:58:09,60.066,2.6706037599999997,-0.937,33.254,-117.79525866666667,35.10534416666667,-48.159102854812645,-89.16430852135034,90.91222169809063,Before Launch
1389,2025-03-22 10:58:09,60.109,2.7395014,0.525,33.245,-117.79525866666667,35.10534416666667,-47.80872509345125,-89.16856195511157,90.91961958886219,Before Launch
1390,2025-03-22 10:58:09,60.151,2.90682424,-1.202,33.224,-117.79525866666667,35.10534416666667,-47.54778923510566,-89.14466286934255,90.95355768952453,Before Launch
1391,2025-03-22 10:58:09,60.193,3.1660106,-0.612,33.227,-117.79525866666667,35.10534416666667,-47.5755831050216,-89.14161177786664,90.96933830420737,Before Launch
1392,2025-03-22 10:58:09,60.236,2.7887139999999997,-0.856,33.252,-117.79525866666667,35.10534416666667,-48.046089920841595,-89.14285605290951,90.97987955969,Before Launch
1393,2025-03-22 10:58:09,60.278,3.75000012,-0.043,33.257,-117.79525866666667,35.10534416666667,-48.466034214236046,-89.14691885148528,90.97726934961021,Before Launch
1394,2025-03-22 10:58:09,60.321,2.38845152,-0.15,33.252,-117.79525866666667,35.10534416666667,-49.04569413368857,-89.14532046939033,91.00142778086,Before Launch
1395,2025-03-22 10:58:09,60.363,1.46981632,-2.914,33.254,-117.79525866666667,35.10534416666667,-48.967288744455814,-89.15986686569215,90.98638002112168,Before Launch
1396,2025-03-22 10:58:09,60.405,3.4612862,0.303,33.212,-117.79525866666667,35.10534416666667,-48.35924513185236,-89.15233230836232,90.97507040644173,Before Launch
1397,2025-03-22 10:58:09,60.448,2.6706037599999997,-1.174,33.259,-117.79525866666667,35.10534416666667,-48.12661129412398,-89.13386441067942,90.97312353042635,Before Launch
1398,2025-03-22 10:58:09,60.49,1.1187664400000001,-3.48,33.262,-117.79525866666667,35.10534416666667,-47.81841857750653,-89.13440078340689,90.97218149974455,Before Launch
1399,2025-03-22 10:58:09,60.532,1.7486877200000002,-1.452,33.257,-117.79525866666667,35.10534416666667,-47.7930543673769,-89.14227314624296,90.96251532401959,Before Launch
1400,2025-03-22 10:58:09,60.575,5.25262484,2.446,33.2,-117.79525866666667,35.10534416666667,-47.96653587792656,-89.10508331609378,90.97654220225915,Before Launch
1401,2025-03-22 10:58:09,60.617,3.68438332,1.841,33.224,-117.79525866666667,35.10534416666667,-48.02088478984374,-89.12516217057221,90.9843206017787,Before Launch
1402,2025-03-22 10:58:09,60.659,1.7486877200000002,-1.561,33.257,-117.79525866666667,35.10534416666667,-48.200966803585324,-89.14432001133994,90.9775975175142,Before Launch
1403,2025-03-22 10:58:09,60.702,0.7874015999999999,-2.238,33.252,-117.79525883333334,35.10534366666667,-48.496053564716824,-89.15789922557528,90.96258827430077,Before Launch
1404,2025-03-22 10:58:09,60.744,4.10105,1.486,33.207,-117.79525883333334,35.10534366666667,-48.7544853064495,-89.13764688142238,90.98425396162241,Before Launch
1405,2025-03-22 10:58:09,60.787,2.84120744,-2.208,33.259,-117.79525883333334,35.10534366666667,-48.85995509202903,-89.13426904689773,90.97675060002095,Before Launch
1406,2025-03-22 10:58:09,60.829,2.90682424,-1.235,33.249,-117.79525883333334,35.10534366666667,-49.040881294465954,-89.1245716994436,90.98290058292538,Before Launch
1407,2025-03-22 10:58:10,60.872,1.70931764,-1.546,33.247,-117.79525883333334,35.10534366666667,-49.11632462655303,-89.12166688220766,90.97968926357107,Before Launch
1408,2025-03-22 10:58:10,60.922,1.70931764,-0.261,33.252,-117.79525883333334,35.10534366666667,-49.43689062829409,-89.12134312824743,90.97990106802033,Before Launch
1409,2025-03-22 10:58:10,60.965,2.10958012,-0.828,33.249,-117.79525883333334,35.10534366666667,-49.649036112180966,-89.1339245054044,90.98095882347349,Before Launch
1410,2025-03-22 10:58:10,61.008,3.82874028,0.334,33.247,-117.79525883333334,35.10534366666667,-49.44288513285089,-89.12073718936396,90.97858954921124,Before Launch
1411,2025-03-22 10:58:10,61.05,1.8700788,-0.375,33.259,-117.79525883333334,35.10534366666667,-49.10030145718581,-89.09951734492186,90.99628888982176,Before Launch
1412,2025-03-22 10:58:10,61.093,1.25656172,-1.808,33.242,-117.79525883333334,35.10534366666667,-48.98666292086965,-89.11524747565991,90.99904012690065,Before Launch
1413,2025-03-22 10:58:10,61.135,1.46981632,-1.123,33.254,-117.79525883333334,35.10534366666667,-48.832349961178394,-89.10564150788127,90.98250855399453,Before Launch
1414,2025-03-22 10:58:10,61.178,2.7887139999999997,0.046,33.252,-117.79525883333334,35.10534366666667,-48.79626286024005,-89.10055741063458,90.97938762717814,Before Launch
1415,2025-03-22 10:58:10,61.22,3.8713911999999997,0.902,33.254,-117.79525883333334,35.10534366666667,-49.18664613920855,-89.13158294298557,91.00330251128668,Before Launch
1416,2025-03-22 10:58:10,61.262,2.97572188,-0.178,33.239,-117.79525883333334,35.10534366666667,-49.27516696399418,-89.14838795591665,91.01396915701534,Before Launch
1417,2025-03-22 10:58:10,61.306,3.9206038000000003,1.058,33.254,-117.79525883333334,35.10534366666667,-49.382158133345285,-89.1491940009295,91.02097859240067,Before Launch
1418,2025-03-22 10:58:10,61.349,4.59645684,0.79,33.222,-117.79525883333334,35.10534366666667,-49.38564311486266,-89.14321091680506,91.00972542058673,Before Launch
1419,2025-03-22 10:58:10,61.392,5.93175872,3.308,33.202,-117.79525883333334,35.10534366666667,-48.903706753156435,-89.09798019256843,90.99984349920726,Before Launch
1420,2025-03-22 10:58:10,61.435,2.31955388,0.793,33.262,-117.79525883333334,35.10534366666667,-48.69521718653904,-89.09171162675344,91.00199247692242,Before Launch
1421,2025-03-22 10:58:10,61.477,2.44094496,-0.952,33.259,-117.79525883333334,35.10534366666667,-48.02019135202054,-89.07800087979739,91.0205098430392,Before Launch
1422,2025-03-22 10:58:10,61.52,2.94947516,0.26,33.257,-117.79525883333334,35.10534366666667,-47.77966701510554,-89.07495716766127,91.0057041113329,Before Launch
1423,2025-03-22 10:58:10,61.563,4.7309712799999994,3.366,33.202,-117.79525883333334,35.10534366666667,-47.498672652726164,-89.10809289789592,91.00004117662543,Before Launch
1424,2025-03-22 10:58:10,61.605,3.24146992,1.391,33.259,-117.79525883333334,35.10534366666667,-47.41941505409099,-89.10550050591226,90.99412639008989,Before Launch
1425,2025-03-22 10:58:10,61.648,2.71981636,-2.36,33.262,-117.79525883333334,35.10534366666667,-47.47756299936222,-89.1132746518732,90.98531594405935,Before Launch
1426,2025-03-22 10:58:10,61.69,0.43963256,-3.024,33.259,-117.79525916666667,35.10534283333333,-47.57277361743098,-89.10505617887561,90.95982340094487,Before Launch
1427,2025-03-22 10:58:10,61.733,3.75000012,1.863,33.252,-117.79525916666667,35.10534283333333,-47.56821536989092,-89.1572701307682,90.96433475266302,Before Launch
1428,2025-03-22 10:58:10,61.775,2.94947516,2.015,33.257,-117.79525916666667,35.10534283333333,-47.59230283086672,-89.14884722477936,90.94355476138499,Before Launch
1429,2025-03-22 10:58:10,61.817,1.7486877200000002,-2.192,33.257,-117.79525916666667,35.10534283333333,-47.7824547373767,-89.13383994615234,90.94911374700705,Before Launch
1430,2025-03-22 10:58:11,61.86,2.54921268,-0.272,33.257,-117.79525916666667,35.10534283333333,-47.85340631347472,-89.16724638350281,90.93420006124796,Before Launch
1431,2025-03-22 10:58:11,61.902,2.296588,-0.569,33.237,-117.79525916666667,35.10534283333333,-48.06104334894019,-89.16332964167823,90.92713312930233,Before Launch
1432,2025-03-22 10:58:11,61.945,4.83267732,2.911,33.252,-117.79525916666667,35.10534283333333,-48.98972683729919,-89.16562456874748,90.9847363839797,Before Launch
1433,2025-03-22 10:58:11,61.995,1.51902892,-0.177,33.262,-117.79525916666667,35.10534283333333,-49.50439122672496,-89.19473833177011,91.00807360656421,Before Launch
1434,2025-03-22 10:58:11,62.038,2.6017061200000002,0.459,33.262,-117.79525916666667,35.10534283333333,-50.12227683849304,-89.18337401854174,91.01213896709191,Before Launch
1435,2025-03-22 10:58:11,62.08,2.38845152,-1.344,33.252,-117.79525916666667,35.10534283333333,-50.24647919631087,-89.18156045711656,91.02175928483258,Before Launch
1436,2025-03-22 10:58:11,62.123,3.07086624,1.119,33.254,-117.79525916666667,35.10534283333333,-50.19918339311751,-89.15242381138758,91.03277236787501,Before Launch
1437,2025-03-22 10:58:11,62.165,2.6017061200000002,1.255,33.264,-117.79525916666667,35.10534283333333,-50.130062836842384,-89.16950148655849,91.03561515875717,Before Launch
1438,2025-03-22 10:58:11,62.208,3.444882,1.841,33.229,-117.79525916666667,35.10534283333333,-49.32352890703667,-89.13937213485707,90.98155834731203,Before Launch
1439,2025-03-22 10:58:11,62.25,1.97178484,-0.762,33.269,-117.79525916666667,35.10534283333333,-48.927547169087525,-89.1090120139404,90.99291935196466,Before Launch
1440,2025-03-22 10:58:11,62.293,2.71981636,-1.073,33.262,-117.79525916666667,35.10534283333333,-48.08091242384653,-89.09695948853785,90.99992501678402,Before Launch
1441,2025-03-22 10:58:11,62.335,4.48490828,1.407,33.257,-117.79525916666667,35.10534283333333,-47.79520980393645,-89.08926891630227,90.99195757315633,Before Launch
1442,2025-03-22 10:58:11,62.377,3.0019686,-0.858,33.264,-117.79525916666667,35.10534283333333,-47.44210216006652,-89.1056927909912,90.98642740309923,Before Launch
1443,2025-03-22 10:58:11,62.42,3.0019686,-1.489,33.264,-117.79525916666667,35.10534283333333,-47.43806399852824,-89.1036349847577,90.99289215063388,Before Launch
1444,2025-03-22 10:58:11,62.462,3.7073491999999995,-2.079,33.249,-117.79525916666667,35.10534283333333,-47.69979072815673,-89.10688439230297,90.99002025463328,Before Launch
1445,2025-03-22 10:58:11,62.504,4.04199488,1.611,33.259,-117.79525916666667,35.10534283333333,-47.80146797910613,-89.0924416086015,90.99346643718033,Before Launch
1446,2025-03-22 10:58:11,62.547,1.9192913999999999,-0.488,33.262,-117.79525916666667,35.10534283333333,-48.07071884556028,-89.09130442870479,91.04744059722518,Before Launch
1447,2025-03-22 10:58:11,62.589,4.0846458000000005,1.062,33.224,-117.79525916666667,35.10534283333333,-48.22581242178498,-89.08690804216,91.04684381584288,Before Launch
1448,2025-03-22 10:58:11,62.632,4.69816288,-0.031,33.237,-117.79525916666667,35.10534283333333,-48.67929492698401,-89.1106966571665,91.02441340913313,Before Launch
1449,2025-03-22 10:58:11,62.677,3.8976379199999998,0.612,33.222,-117.79525933333333,35.10534283333333,-49.05088119525769,-89.11723952263553,91.0366936914227,Before Launch
1450,2025-03-22 10:58:11,62.727,4.229002759999999,1.399,33.247,-117.79525933333333,35.10534283333333,-49.17373977103635,-89.1228252208413,91.04020615365914,Before Launch
1451,2025-03-22 10:58:11,62.772,5.02952772,4.242,33.247,-117.79525933333333,35.10534283333333,-49.25527606509087,-89.1290133038043,91.03942571107524,Before Launch
1452,2025-03-22 10:58:11,62.814,5.51509204,1.633,33.22,-117.79525933333333,35.10534283333333,-48.848884630950934,-89.13176242816323,91.04202054503659,Before Launch
1453,2025-03-22 10:58:12,62.857,1.40091868,-1.431,33.264,-117.79525933333333,35.10534283333333,-48.06824758030005,-89.08772044988402,91.00479560634137,Before Launch
1454,2025-03-22 10:58:12,62.9,4.64566944,2.675,33.229,-117.79525933333333,35.10534283333333,-47.81345388453874,-89.10881954493733,90.9872070166824,Before Launch
1455,2025-03-22 10:58:12,62.942,3.13648304,0.543,33.245,-117.79525933333333,35.10534283333333,-47.80137477293909,-89.13306509140878,90.96016276849583,Before Launch
1456,2025-03-22 10:58:12,62.985,2.48031504,0.17,33.267,-117.79525933333333,35.10534283333333,-47.786175363230065,-89.14216930860488,90.97503091670879,Before Launch
1457,2025-03-22 10:58:12,63.028,1.0006561999999999,-3.538,33.222,-117.79525933333333,35.10534283333333,-47.837294175708784,-89.16009896339604,90.98337880059175,Before Launch
1458,2025-03-22 10:58:12,63.07,4.62270356,2.887,33.204,-117.79525933333333,35.10534283333333,-47.75277144995182,-89.14957228348771,90.96460886199563,Before Launch
1459,2025-03-22 10:58:12,63.113,1.80118116,-0.745,33.264,-117.79525933333333,35.10534283333333,-47.48327542324591,-89.13516739220057,90.93470868773876,Before Launch
1460,2025-03-22 10:58:12,63.156,5.04593192,2.47,33.252,-117.79525933333333,35.10534283333333,-47.30308950267905,-89.14585242199567,90.93987203817423,Before Launch
1461,2025-03-22 10:58:12,63.198,2.84120744,-0.214,33.259,-117.79525933333333,35.10534283333333,-46.992933986522694,-89.11460025495374,90.92215864807548,Before Launch
1462,2025-03-22 10:58:12,63.24,3.0019686,0.372,33.269,-117.79525933333333,35.10534283333333,-47.30254855951279,-89.17817617548664,90.91120534156673,Before Launch
1463,2025-03-22 10:58:12,63.291,3.0019686,-0.409,33.264,-117.79525933333333,35.10534283333333,-47.57296976024749,-89.17248440156209,90.92420961161378,Before Launch
1464,2025-03-22 10:58:12,63.335,2.71981636,0.689,33.262,-117.79525933333333,35.10534283333333,-48.4137464823926,-89.15474582756079,90.97580691153003,Before Launch
1465,2025-03-22 10:58:12,63.378,3.60564316,0.816,33.235,-117.79525933333333,35.10534283333333,-48.7287195776753,-89.164895107738,90.97416563556915,Before Launch
1466,2025-03-22 10:58:12,63.421,2.41469824,-1.906,33.277,-117.79525933333333,35.10534283333333,-49.26553088798383,-89.17645448393502,90.97329356142419,Before Launch
1467,2025-03-22 10:58:12,63.464,2.65091872,-0.323,33.272,-117.79525933333333,35.10534283333333,-49.523361574529716,-89.17172183952408,90.99217501672341,Before Launch
1468,2025-03-22 10:58:12,63.507,3.34973764,0.32,33.257,-117.79525933333333,35.10534283333333,-50.02794799024046,-89.17801819592981,90.99410417627608,Before Launch
1469,2025-03-22 10:58:12,63.549,3.0019686,-0.649,33.264,-117.79525933333333,35.10534283333333,-50.04174162176089,-89.17694775314527,91.00326894879686,Before Launch
1470,2025-03-22 10:58:12,63.591,4.36679804,0.299,33.262,-117.79525933333333,35.10534283333333,-50.00886643546746,-89.21198709720824,90.99869314965422,Before Launch
1471,2025-03-22 10:58:12,63.634,3.9206038000000003,1.841,33.262,-117.79525933333333,35.10534283333333,-49.99944156727155,-89.20901837758537,90.9934022267682,Before Launch
1472,2025-03-22 10:58:12,63.676,3.37598436,-0.652,33.239,-117.79525933333333,35.10534283333333,-49.9332071543626,-89.22616561420168,90.96933898312705,Before Launch
1473,2025-03-22 10:58:12,63.719,2.08005256,-2.409,33.264,-117.79525916666667,35.1053425,-50.37135138860725,-89.21828079490031,90.97474127699036,Before Launch
1474,2025-03-22 10:58:12,63.761,5.1148295599999996,1.123,33.22,-117.79525916666667,35.1053425,-50.46725013238288,-89.19251050323545,91.00111367744378,Before Launch
1475,2025-03-22 10:58:12,63.804,3.91404212,-0.292,33.22,-117.79525916666667,35.1053425,-50.23100026844356,-89.17109419272589,91.00589233297009,Before Launch
1476,2025-03-22 10:58:13,63.846,2.65091872,-2.215,33.272,-117.79525916666667,35.1053425,-49.14935962919788,-89.12571653716847,90.99922709692548,Before Launch
1477,2025-03-22 10:58:13,63.888,4.12729672,-1.292,33.232,-117.79525916666667,35.1053425,-48.660078347213826,-89.11384555388716,90.97997748191426,Before Launch
1478,2025-03-22 10:58:13,63.931,2.7723098,1.277,33.269,-117.79525916666667,35.1053425,-47.88510504134223,-89.12235350076654,90.97406349916707,Before Launch
1479,2025-03-22 10:58:13,63.973,1.8503937599999998,-2.605,33.272,-117.79525916666667,35.1053425,-47.78614353873257,-89.1107665479334,90.9808825275418,Before Launch
1480,2025-03-22 10:58:13,64.015,4.3143046,1.098,33.269,-117.79525916666667,35.1053425,-48.10490246445224,-89.13000532276928,90.97737019482554,Before Launch
1481,2025-03-22 10:58:13,64.058,4.553805919999999,1.932,33.214,-117.79525916666667,35.1053425,-48.400848890646806,-89.15280509178633,90.96591196458124,Before Launch
1482,2025-03-22 10:58:13,64.1,4.6292652400000005,3.385,33.247,-117.79525916666667,35.1053425,-48.77723015594908,-89.1682163471296,90.98966017600657,Before Launch
1483,2025-03-22 10:58:13,64.142,4.83267732,0.196,33.217,-117.79525916666667,35.1053425,-49.01847243170745,-89.14795048346168,90.99773076349678,Before Launch
1484,2025-03-22 10:58:13,64.185,2.31955388,0.484,33.262,-117.79525916666667,35.1053425,-49.38722973949135,-89.12270744090453,91.01845855021756,Before Launch
1485,2025-03-22 10:58:13,64.227,4.88517076,-0.15,33.224,-117.79525916666667,35.1053425,-49.313681338198215,-89.09339663004248,90.98672751734155,Before Launch
1486,2025-03-22 10:58:13,64.278,2.7723098,-0.064,33.269,-117.79525916666667,35.1053425,-49.207574429769764,-89.07156454906958,90.97647377423239,Before Launch
1487,2025-03-22 10:58:13,64.321,4.88517076,1.742,33.267,-117.79525916666667,35.1053425,-48.13900257479913,-89.11451391783201,90.97874089928034,Before Launch
1488,2025-03-22 10:58:13,64.364,4.5275592,1.422,33.232,-117.79525916666667,35.1053425,-47.68106428027956,-89.13901033055055,90.97771278013019,Before Launch
1489,2025-03-22 10:58:13,64.408,5.16404216,2.278,33.227,-117.79525916666667,35.1053425,-47.11555593147858,-89.12372888292543,90.96582368430113,Before Launch
1490,2025-03-22 10:58:13,64.45,5.28543324,1.567,33.224,-117.79525916666667,35.1053425,-46.97707334506931,-89.09995509843263,90.97562789695999,Before Launch
1491,2025-03-22 10:58:13,64.492,5.68569572,3.054,33.224,-117.79525916666667,35.1053425,-47.08721856681438,-89.08057509426632,90.97137792186898,Before Launch
1492,2025-03-22 10:58:13,64.535,2.7034121599999996,0.049,33.279,-117.79525916666667,35.1053425,-47.18102882442085,-89.09155693617369,90.98365670674805,Before Launch
1493,2025-03-22 10:58:13,64.577,1.2795276,-1.935,33.267,-117.79525916666667,35.1053425,-47.27598785033397,-89.09981114728211,90.9782179907989,Before Launch
1494,2025-03-22 10:58:13,64.619,1.73228352,-1.187,33.259,-117.79525916666667,35.1053425,-47.322815035315195,-89.12883807630166,90.96675344127756,Before Launch
1495,2025-03-22 10:58:13,64.662,3.8024935600000003,-0.527,33.264,-117.79525916666667,35.1053425,-47.809149139607705,-89.13239769766169,90.9763377808945,Before Launch
1496,2025-03-22 10:58:13,64.704,1.33202104,-2.419,33.274,-117.79525883333334,35.105342666666665,-48.048006870461606,-89.15045270575237,90.98892907796734,Before Launch
1497,2025-03-22 10:58:13,64.747,2.94947516,-0.398,33.257,-117.79525883333334,35.105342666666665,-48.02710201052218,-89.11159788245104,90.9701109184798,Before Launch
1498,2025-03-22 10:58:13,64.789,2.25065624,0.159,33.272,-117.79525883333334,35.105342666666665,-47.90833173282025,-89.11519606134935,90.9710732912186,Before Launch
1499,2025-03-22 10:58:13,64.832,2.25065624,-2.674,33.272,-117.79525883333334,35.105342666666665,-47.852201278028126,-89.11071878312177,90.96175679888181,Before Launch
1500,2025-03-22 10:58:14,64.875,2.25065624,-1.553,33.272,-117.79525883333334,35.105342666666665,-47.92718978922748,-89.10655766581618,90.95355376127736,Before Launch
1501,2025-03-22 10:58:14,64.917,4.40616812,1.639,33.235,-117.79525883333334,35.105342666666665,-48.057122516433445,-89.1319714541049,90.95768240021486,Before Launch
1502,2025-03-22 10:58:14,64.96,0.81364832,-3.091,33.277,-117.79525883333334,35.105342666666665,-48.3397289142992,-89.16145649174547,90.9503071826639,Before Launch
1503,2025-03-22 10:58:14,65.002,1.78477696,-0.922,33.282,-117.79525883333334,35.105342666666665,-49.146960378951576,-89.17072946275596,90.95790850331072,Before Launch
1504,2025-03-22 10:58:14,65.045,2.9330709600000002,1.01,33.274,-117.79525883333334,35.105342666666665,-49.8477963328125,-89.1621592148192,90.97212981185822,Before Launch
1505,2025-03-22 10:58:14,65.087,1.9028872,-2.249,33.279,-117.79525883333334,35.105342666666665,-48.538294709649136,-89.14430829338222,90.95417595734735,Before Launch
1506,2025-03-22 10:58:14,65.13,2.41469824,-1.995,33.277,-117.79525883333334,35.105342666666665,-47.8284784741033,-89.14842292831997,90.92434284532182,Before Launch
1507,2025-03-22 10:58:14,65.172,2.22769036,-2.24,33.277,-117.79525883333334,35.105342666666665,-48.19732762355226,-89.14329364551749,90.9247941293162,Before Launch
1508,2025-03-22 10:58:14,65.215,2.3031496799999998,-2.357,33.267,-117.79525883333334,35.105342666666665,-49.24334298671447,-89.1686119649601,90.9439111716991,Before Launch
1509,2025-03-22 10:58:14,65.265,2.41469824,0.088,33.277,-117.79525883333334,35.105342666666665,-49.635869662980404,-89.16894401098743,90.96678289709719,Before Launch
1510,2025-03-22 10:58:14,65.31,3.0511812000000003,-1.693,33.272,-117.79525883333334,35.105342666666665,-50.25715873873789,-89.19423814041986,90.97830227714459,Before Launch
1511,2025-03-22 10:58:14,65.352,4.12729672,1.262,33.232,-117.79525883333334,35.105342666666665,-50.44617133556371,-89.18568720930396,90.98015127408462,Before Launch
1512,2025-03-22 10:58:14,65.396,1.14501316,-3.479,33.287,-117.79525883333334,35.105342666666665,-50.78949462507225,-89.18340213769436,90.99502323408417,Before Launch
1513,2025-03-22 10:58:14,65.438,2.3458006,-2.031,33.284,-117.79525883333334,35.105342666666665,-50.933105910615275,-89.17956653768023,90.98797492576847,Before Launch
1514,2025-03-22 10:58:14,65.481,3.9370079999999996,-1.144,33.245,-117.79525883333334,35.105342666666665,-50.76590708266152,-89.18708817567155,90.98396356092867,Before Launch
1515,2025-03-22 10:58:14,65.523,4.32086628,-0.899,33.262,-117.79525883333334,35.105342666666665,-50.2449530770473,-89.18314485087251,90.95671598401984,Before Launch
1516,2025-03-22 10:58:14,65.566,3.32677176,-2.196,33.232,-117.79525883333334,35.105342666666665,-48.97979735189473,-89.18305921490186,90.93289244636652,Before Launch
1517,2025-03-22 10:58:14,65.608,1.78477696,-0.856,33.282,-117.79525883333334,35.105342666666665,-48.429935677732345,-89.18373726306969,90.95239026278576,Before Launch
1518,2025-03-22 10:58:14,65.651,2.46391084,1.103,33.284,-117.79525883333334,35.105342666666665,-48.10477167792965,-89.164277871571,90.96036878350104,Before Launch
1519,2025-03-22 10:58:14,65.693,1.38451448,-0.324,33.282,-117.79525833333334,35.10534333333333,-48.181745540492095,-89.18515085884884,90.96118100530661,Before Launch
1520,2025-03-22 10:58:14,65.735,2.25065624,-1.446,33.232,-117.79525833333334,35.10534333333333,-48.58601231921729,-89.18881517169683,90.94334351995074,Before Launch
1521,2025-03-22 10:58:14,65.778,3.6581365999999997,2.166,33.242,-117.79525833333334,35.10534333333333,-48.88723138830945,-89.18066800550308,90.9557661371597,Before Launch
1522,2025-03-22 10:58:14,65.828,2.20144364,-0.692,33.264,-117.79525833333334,35.10534333333333,-49.51046429606555,-89.17518573299756,90.96058022725836,Before Launch
1523,2025-03-22 10:58:15,65.871,2.132546,-0.109,33.274,-117.79525833333334,35.10534333333333,-49.50675508025611,-89.18226481464468,90.93003256810891,Before Launch
1524,2025-03-22 10:58:15,65.916,3.38254604,1.044,33.282,-117.79525833333334,35.10534333333333,-49.0662679187358,-89.14570504277025,90.9181870401285,Before Launch
1525,2025-03-22 10:58:15,65.958,2.41469824,0.151,33.277,-117.79525833333334,35.10534333333333,-48.51362512001228,-89.1039437951742,90.97656642023738,Before Launch
1526,2025-03-22 10:58:15,66.001,2.3031496799999998,-1.94,33.279,-117.79525833333334,35.10534333333333,-48.35145239684711,-89.11124882248312,90.98719117821132,Before Launch
1527,2025-03-22 10:58:15,66.043,3.45144368,2.436,33.279,-117.79525833333334,35.10534333333333,-47.628942699808874,-89.09852088942085,90.98207417964586,Before Launch
1528,2025-03-22 10:58:15,66.085,3.60564316,1.681,33.235,-117.79525833333334,35.10534333333333,-47.34704508785043,-89.09172178844517,90.99590613955601,Before Launch
1529,2025-03-22 10:58:15,66.128,1.02362208,-1.763,33.289,-117.79525833333334,35.10534333333333,-46.96125243329162,-89.11081207189768,90.95969663279575,Before Launch
1530,2025-03-22 10:58:15,66.17,2.3031496799999998,0.37,33.279,-117.79525833333334,35.10534333333333,-46.59216137663953,-89.09309370794621,90.956507937274,Before Launch
1531,2025-03-22 10:58:15,66.212,2.46391084,0.045,33.284,-117.79525833333334,35.10534333333333,-45.54645757466021,-89.06612239258135,90.91924192598574,Before Launch
1532,2025-03-22 10:58:15,66.255,3.38254604,1.066,33.282,-117.79525833333334,35.10534333333333,-45.260283790455865,-89.04810502505859,90.90926654319907,Before Launch
1533,2025-03-22 10:58:15,66.297,3.6581365999999997,1.252,33.242,-117.79525833333334,35.10534333333333,-45.537173107379324,-89.08139962077026,90.91302476030373,Before Launch
1534,2025-03-22 10:58:15,66.339,2.18503944,-0.214,33.282,-117.79525833333334,35.10534333333333,-45.86255847711945,-89.10408385636609,90.90451160764867,Before Launch
1535,2025-03-22 10:58:15,66.382,2.18503944,-0.808,33.282,-117.79525833333334,35.10534333333333,-47.271547212724144,-89.14744931728387,90.92697376603496,Before Launch
1536,2025-03-22 10:58:15,66.424,1.94553812,-2.035,33.287,-117.79525833333334,35.10534333333333,-48.4562521667018,-89.14867239495145,90.94697408857827,Before Launch
1537,2025-03-22 10:58:15,66.466,1.71587932,0.534,33.292,-117.79525833333334,35.10534333333333,-49.81856333462608,-89.16828294693883,90.97227593267213,Before Launch
1538,2025-03-22 10:58:15,66.509,1.42388456,-0.861,33.289,-117.79525833333334,35.10534333333333,-50.18567135746116,-89.1571267868057,91.00339843171811,Before Launch
1539,2025-03-22 10:58:15,66.551,1.59448824,-2.189,33.294,-117.79525833333334,35.10534333333333,-49.643009540244186,-89.14892049821093,90.99620045441338,Before Launch
1540,2025-03-22 10:58:15,66.593,2.1161418,-2.06,33.292,-117.79525833333334,35.10534333333333,-48.04134421908744,-89.13162655363087,90.95607834666792,Before Launch
1541,2025-03-22 10:58:15,66.636,1.66338588,-1.555,33.287,-117.79525833333334,35.10534333333333,-46.220315027742465,-89.12176018843674,90.88695901056961,Before Launch
1542,2025-03-22 10:58:15,66.678,3.24146992,1.361,33.259,-117.79525833333334,35.10534333333333,-45.70662213796635,-89.15350116610111,90.86921000182652,Before Launch
1543,2025-03-22 10:58:15,66.72,5.07217864,2.44,33.254,-117.795258,35.10534333333333,-45.524457862590026,-89.15116846560393,90.86443398489156,Before Launch
1544,2025-03-22 10:58:15,66.763,4.97703428,3.357,33.239,-117.795258,35.10534333333333,-46.74473515915011,-89.17765685445633,90.91039679384406,Before Launch
1545,2025-03-22 10:58:15,66.806,3.77624684,1.424,33.239,-117.795258,35.10534333333333,-50.251871193864325,-89.18571528500657,90.98383499374333,Before Launch
1546,2025-03-22 10:58:16,66.848,1.71587932,-1.815,33.292,-117.795258,35.10534333333333,-52.1543284957987,-89.20871396640878,91.03043754514812,Before Launch
1547,2025-03-22 10:58:16,66.898,1.02362208,-1.101,33.289,-117.795258,35.10534333333333,-52.677153179029354,-89.20528267346577,91.04057243298746,Before Launch
1548,2025-03-22 10:58:16,66.941,3.38254604,1.168,33.242,-117.795258,35.10534333333333,-51.912915261772945,-89.16968704229384,91.0602424194943,Before Launch
1549,2025-03-22 10:58:16,66.984,3.78280852,0.375,33.282,-117.795258,35.10534333333333,-50.383438482638915,-89.17042895036275,91.02323782476509,Before Launch
1550,2025-03-22 10:58:16,67.027,1.8241470400000002,-0.552,33.289,-117.795258,35.10534333333333,-48.44944272324301,-89.12214846892327,90.9764428111753,Before Launch
1551,2025-03-22 10:58:16,67.07,4.2979004000000005,1.866,33.237,-117.795258,35.10534333333333,-47.84742941728651,-89.10372131295492,90.96587788624242,Before Launch
1552,2025-03-22 10:58:16,67.112,2.7034121599999996,-0.7,33.279,-117.795258,35.10534333333333,-47.53260234048424,-89.13383820031663,90.9291641142735,Before Launch
1553,2025-03-22 10:58:16,67.157,3.1463255599999997,-0.428,33.287,-117.795258,35.10534333333333,-48.222598189349256,-89.12993175988778,90.95530437994738,Before Launch
1554,2025-03-22 10:58:16,67.2,5.89895032,4.548,33.237,-117.795258,35.10534333333333,-50.545777589445244,-89.12367021656415,91.02021789054545,Before Launch
1555,2025-03-22 10:58:16,67.242,2.44094496,0.129,33.259,-117.795258,35.10534333333333,-51.20981030535829,-89.13291933831503,91.05546745493686,Before Launch
1556,2025-03-22 10:58:16,67.285,1.14501316,-1.229,33.287,-117.795258,35.10534333333333,-51.67288382623835,-89.13010287966809,91.08762612140373,Before Launch
1557,2025-03-22 10:58:16,67.328,4.7900263999999995,1.312,33.254,-117.795258,35.10534333333333,-51.34280536779197,-89.11918378745301,91.07106121684423,Before Launch
1558,2025-03-22 10:58:16,67.37,3.4284777999999996,-0.214,33.247,-117.795258,35.10534333333333,-49.27368933580391,-89.1098241941749,91.00301560065587,Before Launch
1559,2025-03-22 10:58:16,67.413,1.94553812,-0.223,33.287,-117.795258,35.10534333333333,-48.569800999425766,-89.10259428381397,90.98110705424334,Before Launch
1560,2025-03-22 10:58:16,67.464,2.7034121599999996,0.479,33.279,-117.795258,35.10534333333333,-47.957189460438904,-89.11065710795343,90.95837795991103,Before Launch
1561,2025-03-22 10:58:16,67.509,0.86286092,-0.998,33.284,-117.795258,35.10534333333333,-48.32172479463937,-89.09156672043414,90.95183846557867,Before Launch
1562,2025-03-22 10:58:16,67.551,1.9028872,0.172,33.279,-117.795258,35.10534333333333,-49.21214056233584,-89.12937735910491,90.97148861125225,Before Launch
1563,2025-03-22 10:58:16,67.593,2.46391084,0.959,33.284,-117.795258,35.10534333333333,-50.41951184094398,-89.15938639969583,91.00101462698349,Before Launch
1564,2025-03-22 10:58:16,67.636,4.50787416,2.685,33.249,-117.795258,35.10534333333333,-50.60900127755083,-89.17781873289955,91.02832061192584,Before Launch
1565,2025-03-22 10:58:16,67.678,3.5728347599999997,1.343,33.269,-117.795258,35.10534333333333,-50.322926008511345,-89.15907000132351,91.01437807670213,Before Launch
1566,2025-03-22 10:58:16,67.721,2.6246720000000003,0.886,33.289,-117.795258,35.10534333333333,-49.423422628123156,-89.19170076370982,90.97915374479543,Before Launch
1567,2025-03-22 10:58:16,67.764,2.7034121599999996,-0.495,33.279,-117.79525816666667,35.105343166666664,-47.4546553203022,-89.15163407075744,90.93662502414,Before Launch
1568,2025-03-22 10:58:16,67.806,2.6246720000000003,-2.254,33.289,-117.79525816666667,35.105343166666664,-46.600916129516115,-89.14486698121016,90.92277163095987,Before Launch
1569,2025-03-22 10:58:17,67.85,1.3156168400000001,-3.368,33.292,-117.79525816666667,35.105343166666664,-45.53153243278406,-89.11978263588297,90.9066436427336,Before Launch
1570,2025-03-22 10:58:17,67.892,3.24146992,-0.492,33.259,-117.79525816666667,35.105343166666664,-45.91957567023479,-89.10533779796108,90.92223667342294,Before Launch
1571,2025-03-22 10:58:17,67.935,3.34973764,1.503,33.257,-117.79525816666667,35.105343166666664,-47.993937059309225,-89.08968566816986,90.98550373385736,Before Launch
1572,2025-03-22 10:58:17,67.977,1.94553812,0.854,33.289,-117.79525816666667,35.105343166666664,-49.021195262066165,-89.11812289673813,91.03169239579827,Before Launch
1573,2025-03-22 10:58:17,68.028,3.9370079999999996,0.51,33.245,-117.79525816666667,35.105343166666664,-49.611404580400034,-89.12862946460905,91.05043812917673,Before Launch
1574,2025-03-22 10:58:17,68.072,4.83267732,0.965,33.217,-117.79525816666667,35.105343166666664,-49.97356375291098,-89.1566839244793,91.01728274928576,Before Launch
1575,2025-03-22 10:58:17,68.114,2.3458006,0.48,33.287,-117.79525816666667,35.105343166666664,-48.88014311735383,-89.1474217820734,90.98990674842842,Before Launch
1576,2025-03-22 10:58:17,68.157,5.35105004,0.969,33.257,-117.79525816666667,35.105343166666664,-47.23408717774482,-89.10578825478804,90.95121663736752,Before Launch
1577,2025-03-22 10:58:17,68.199,1.8241470400000002,-0.809,33.289,-117.79525816666667,35.105343166666664,-46.783763338687585,-89.1040631822902,90.94657631418336,Before Launch
1578,2025-03-22 10:58:17,68.242,3.1463255599999997,0.0,33.287,-117.79525816666667,35.105343166666664,-46.39217917137099,-89.13499989863672,90.90603948288718,Before Launch
1579,2025-03-22 10:58:17,68.284,3.28084,-2.415,33.267,-117.79525816666667,35.105343166666664,-47.25476026723478,-89.12203557079354,90.94942216914006,Before Launch
1580,2025-03-22 10:58:17,68.327,2.6246720000000003,0.169,33.289,-117.79525816666667,35.105343166666664,-48.95175258826846,-89.13540384577233,91.02525740452178,Before Launch
1581,2025-03-22 10:58:17,68.37,2.7034121599999996,1.436,33.279,-117.79525816666667,35.105343166666664,-49.44371478763633,-89.09085498010944,91.03506536383685,Before Launch
1582,2025-03-22 10:58:17,68.414,2.06364836,-2.51,33.284,-117.79525816666667,35.105343166666664,-50.048200064762604,-89.124792482626,91.0512032949658,Before Launch
1583,2025-03-22 10:58:17,68.457,3.59580064,0.154,33.294,-117.79525816666667,35.105343166666664,-50.22490746450933,-89.10347829366495,91.0624478440202,Before Launch
1584,2025-03-22 10:58:17,68.5,3.33333344,1.277,33.274,-117.79525816666667,35.105343166666664,-48.688658414607296,-89.13936001356598,91.00875378025025,Before Launch
1585,2025-03-22 10:58:17,68.542,2.91666676,0.198,33.292,-117.79525816666667,35.105343166666664,-47.781905742360614,-89.09632503921216,90.9811732209562,Before Launch
1586,2025-03-22 10:58:17,68.585,3.42519696,2.381,33.289,-117.79525816666667,35.105343166666664,-46.53200831074033,-89.08816118673202,90.93426130360143,Before Launch
1587,2025-03-22 10:58:17,68.628,2.1161418,0.198,33.292,-117.79525816666667,35.105343166666664,-46.280166532105866,-89.1139934275667,90.95046743720243,Before Launch
1588,2025-03-22 10:58:17,68.671,1.02362208,-1.336,33.289,-117.79525816666667,35.105343166666664,-47.73126204611311,-89.10493660678539,90.97421949247398,Before Launch
1589,2025-03-22 10:58:17,68.713,2.79527568,-1.59,33.294,-117.79525866666667,35.10534333333333,-48.75796301232585,-89.11668207955996,91.00052462939996,Before Launch
1590,2025-03-22 10:58:17,68.756,2.79527568,-0.721,33.294,-117.79525866666667,35.10534333333333,-49.832979755811046,-89.12419752212787,91.01916248496487,Before Launch
1591,2025-03-22 10:58:17,68.799,2.74606308,0.113,33.287,-117.79525866666667,35.10534333333333,-50.252670776587244,-89.10979624872473,91.04394571512101,Before Launch
1592,2025-03-22 10:58:18,68.841,2.22440952,-0.445,33.289,-117.79525866666667,35.10534333333333,-50.68258868295935,-89.16842942747496,91.04086499410015,Before Launch
1593,2025-03-22 10:58:18,68.884,0.5839895199999999,-1.893,33.282,-117.79525866666667,35.10534333333333,-50.0013168854467,-89.16909382523176,91.01741566298091,Before Launch
1594,2025-03-22 10:58:18,68.926,3.28084,1.826,33.267,-117.79525866666667,35.10534333333333,-48.79384235823973,-89.13391863741093,90.99822922965254,Before Launch
1595,2025-03-22 10:58:18,68.969,0.91535436,-2.16,33.297,-117.79525866666667,35.10534333333333,-48.26021623105166,-89.12939617527492,90.97421145119921,Before Launch
1596,2025-03-22 10:58:18,69.019,1.3156168400000001,-1.876,33.292,-117.79525866666667,35.10534333333333,-48.15822098948653,-89.13030535239898,90.95519519261741,Before Launch
1597,2025-03-22 10:58:18,69.063,1.476378,-0.432,33.297,-117.79525866666667,35.10534333333333,-48.92464038388197,-89.14820015188543,90.98573907587577,Before Launch
1598,2025-03-22 10:58:18,69.105,1.5452756399999998,-2.221,33.287,-117.79525866666667,35.10534333333333,-49.36553748516804,-89.13815610961154,90.9989100432453,Before Launch
1599,2025-03-22 10:58:18,69.148,1.9947507199999999,-2.637,33.294,-117.79525866666667,35.10534333333333,-49.89893858347536,-89.14805659271111,90.99628840850649,Before Launch
1600,2025-03-22 10:58:18,69.19,1.59448824,-0.698,33.294,-117.79525866666667,35.10534333333333,-50.04937215800301,-89.13520663537682,91.00699781974532,Before Launch
1601,2025-03-22 10:58:18,69.233,2.91666676,-2.262,33.292,-117.79525866666667,35.10534333333333,-49.420793676062594,-89.13035369540317,90.9943883482318,Before Launch
1602,2025-03-22 10:58:18,69.275,2.51640428,0.643,33.292,-117.79525866666667,35.10534333333333,-48.84830688922637,-89.12373926281485,90.96505242771252,Before Launch
1603,2025-03-22 10:58:18,69.318,4.27165368,1.046,33.254,-117.79525866666667,35.10534333333333,-47.90117769188734,-89.0966333834535,90.9624509867082,Before Launch
1604,2025-03-22 10:58:18,69.361,4.01246732,0.679,33.277,-117.79525866666667,35.10534333333333,-47.60281439649194,-89.08300754140754,90.9629701408424,Before Launch
1605,2025-03-22 10:58:18,69.403,3.6417324000000004,0.945,33.292,-117.79525866666667,35.10534333333333,-47.900477503178145,-89.1104805137202,90.9866107797962,Before Launch
1606,2025-03-22 10:58:18,69.446,3.02493448,0.299,33.289,-117.79525866666667,35.10534333333333,-48.93481810268419,-89.1007429623019,91.0157146475748,Before Launch
1607,2025-03-22 10:58:18,69.496,4.7900263999999995,2.52,33.252,-117.79525866666667,35.10534333333333,-49.37586432991295,-89.10068979388218,91.04290774206764,Before Launch
1608,2025-03-22 10:58:18,69.539,1.9947507199999999,-1.48,33.282,-117.79525866666667,35.10534333333333,-50.009373003552305,-89.10709741940097,91.06198888913319,Before Launch
1609,2025-03-22 10:58:18,69.583,4.05839908,0.669,33.242,-117.79525866666667,35.10534333333333,-50.39501369697798,-89.12089844610314,91.07899835389553,Before Launch
1610,2025-03-22 10:58:18,69.626,5.02952772,1.949,33.247,-117.79525866666667,35.10534333333333,-48.84949468686828,-89.0999656855773,91.02166079238594,Before Launch
1611,2025-03-22 10:58:18,69.668,3.0511812000000003,-0.345,33.272,-117.79525866666667,35.10534333333333,-48.05287137241006,-89.09958696680829,90.98920199096268,Before Launch
1612,2025-03-22 10:58:18,69.711,4.671916159999999,2.36,33.254,-117.795259,35.105343166666664,-47.18154673268741,-89.10909096505213,90.9445968545768,Before Launch
1613,2025-03-22 10:58:18,69.753,2.7034121599999996,1.552,33.279,-117.795259,35.105343166666664,-47.071427689320885,-89.10239217642335,90.92915421853687,Before Launch
1614,2025-03-22 10:58:18,69.796,1.476378,-1.218,33.297,-117.795259,35.105343166666664,-47.52749070175929,-89.13987576281971,90.9311238175198,Before Launch
1615,2025-03-22 10:58:19,69.84,1.71587932,-0.996,33.292,-117.795259,35.105343166666664,-48.160998004268016,-89.12809605569495,90.96293506680223,Before Launch
1616,2025-03-22 10:58:19,69.883,2.51640428,-0.212,33.292,-117.795259,35.105343166666664,-49.76978992134026,-89.16312046068998,91.0108776465984,Before Launch
1617,2025-03-22 10:58:19,69.927,2.04724416,-0.163,33.249,-117.795259,35.105343166666664,-50.51874646290317,-89.17777480704154,91.04013741281972,Before Launch
1618,2025-03-22 10:58:19,69.97,1.8766404799999998,1.19,33.297,-117.795259,35.105343166666664,-51.484480274854036,-89.20955282300939,91.05294888061606,Before Launch
1619,2025-03-22 10:58:19,70.012,2.7263780399999997,-0.511,33.304,-117.795259,35.105343166666664,-51.744508904683144,-89.20544516486696,91.05367233360619,Before Launch
1620,2025-03-22 10:58:19,70.055,1.2467192,0.305,33.272,-117.795259,35.105343166666664,-49.980472907064254,-89.2022421456754,90.9973265755343,Before Launch
1621,2025-03-22 10:58:19,70.098,3.10367464,1.657,33.279,-117.795259,35.105343166666664,-49.40294306053866,-89.19446746110066,90.97262316931337,Before Launch
1622,2025-03-22 10:58:19,70.14,3.1200788399999997,1.526,33.262,-117.795259,35.105343166666664,-48.608566176947036,-89.15470366401792,90.94138575054436,Before Launch
1623,2025-03-22 10:58:19,70.182,4.33727048,2.592,33.245,-117.795259,35.105343166666664,-48.30386776799007,-89.19334332186781,90.94774255830143,Before Launch
1624,2025-03-22 10:58:19,70.225,1.8766404799999998,-0.11,33.297,-117.795259,35.105343166666664,-49.07573407989633,-89.19810861177952,90.96460183819043,Before Launch
1625,2025-03-22 10:58:19,70.267,1.19422576,-0.372,33.294,-117.795259,35.105343166666664,-49.322509701083405,-89.19037330085186,90.96846283686854,Before Launch
1626,2025-03-22 10:58:19,70.31,2.04724416,-0.807,33.302,-117.795259,35.105343166666664,-49.51811150724473,-89.1621270089294,90.9731164345459,Before Launch
1627,2025-03-22 10:58:19,70.352,1.9258530799999998,-0.548,33.302,-117.795259,35.105343166666664,-49.58295364734407,-89.17833335845071,90.97625571989646,Before Launch
1628,2025-03-22 10:58:19,70.394,2.04724416,-2.067,33.302,-117.795259,35.105343166666664,-49.80372917222691,-89.18530802803882,90.99436738329393,Before Launch
1629,2025-03-22 10:58:19,70.437,3.28084,-0.68,33.267,-117.795259,35.105343166666664,-49.84806113526028,-89.16413585265843,91.00745429237496,Before Launch
1630,2025-03-22 10:58:19,70.479,0.95800528,-2.494,33.269,-117.795259,35.105343166666664,-51.76721681431591,-89.21862499298724,91.01752146850039,Before Launch
1631,2025-03-22 10:58:19,70.524,2.3458006,-0.63,33.287,-117.795259,35.105343166666664,-53.63857843370394,-89.22197576161957,91.04635233343346,Before Launch
1632,2025-03-22 10:58:19,70.566,2.55577436,-2.088,33.299,-117.795259,35.105343166666664,-55.15830077240924,-89.25607215271279,91.10089759408785,Before Launch
1633,2025-03-22 10:58:19,70.608,1.59448824,-0.374,33.294,-117.795259,35.105343166666664,-54.708479328778694,-89.23923533931544,91.09209137108681,Before Launch
1634,2025-03-22 10:58:19,70.651,4.44225736,0.359,33.259,-117.795259,35.105343166666664,-53.986702893389975,-89.22839940691199,91.11502180242566,Before Launch
1635,2025-03-22 10:58:19,70.693,3.8713911999999997,-1.085,33.254,-117.795259,35.105343166666664,-53.24702448030825,-89.20399563084422,91.10095546109777,Before Launch
1636,2025-03-22 10:58:19,70.735,3.45144368,0.375,33.272,-117.795259,35.105343166666664,-51.14551989267357,-89.17367142506608,91.05201534005776,Before Launch
1637,2025-03-22 10:58:19,70.778,3.34973764,-1.239,33.289,-117.79525933333333,35.10534333333333,-49.94582222880757,-89.17061831877206,91.01567014874894,Before Launch
1638,2025-03-22 10:58:19,70.821,5.4297902,2.553,33.247,-117.79525933333333,35.10534333333333,-48.43564810658091,-89.14597544323966,90.98122597701132,Before Launch
1639,2025-03-22 10:58:20,70.863,4.950787559999999,3.256,33.257,-117.79525933333333,35.10534333333333,-47.968614050525005,-89.1143349002215,90.97584704766255,Before Launch
1640,2025-03-22 10:58:20,70.905,2.95603684,1.164,33.299,-117.79525933333333,35.10534333333333,-47.49469424651165,-89.0995130160624,90.9663177955225,Before Launch
1641,2025-03-22 10:58:20,70.948,2.01443576,-0.471,33.277,-117.79525933333333,35.10534333333333,-47.494602543877534,-89.0871874915707,90.98364613247897,Before Launch
1642,2025-03-22 10:58:20,70.996,2.15551188,0.101,33.299,-117.79525933333333,35.10534333333333,-47.77546185995967,-89.09995941207022,90.98868090913686,Before Launch
1643,2025-03-22 10:58:20,71.043,2.71981636,0.786,33.262,-117.79525933333333,35.10534333333333,-48.50545814802929,-89.15469458219705,90.99097021019844,Before Launch
1644,2025-03-22 10:58:20,71.088,1.2467192,-1.375,33.302,-117.79525933333333,35.10534333333333,-48.848724637161816,-89.17266137647303,91.01074492632812,Before Launch
1645,2025-03-22 10:58:20,71.13,3.8517061599999995,2.423,33.272,-117.79525933333333,35.10534333333333,-49.253551372139924,-89.1479342239081,91.0220199698728,Before Launch
1646,2025-03-22 10:58:20,71.173,3.52034132,0.388,33.267,-117.79525933333333,35.10534333333333,-48.881168870726434,-89.1574151187438,90.99066656431015,Before Launch
1647,2025-03-22 10:58:20,71.215,2.3458006,-0.72,33.287,-117.79525933333333,35.10534333333333,-48.2206837780129,-89.15019464101721,90.978038262445,Before Launch
1648,2025-03-22 10:58:20,71.259,1.7552494,-2.397,33.299,-117.79525933333333,35.10534333333333,-47.957414068175126,-89.12522862633494,90.98444629918781,Before Launch
1649,2025-03-22 10:58:20,71.301,3.5892389600000003,1.592,33.252,-117.79525933333333,35.10534333333333,-47.85385959882664,-89.12325518454958,91.00622784847444,Before Launch
1650,2025-03-22 10:58:20,71.344,4.671916159999999,3.229,33.254,-117.79525933333333,35.10534333333333,-47.9236140311012,-89.14518423206616,91.01447147126278,Before Launch
1651,2025-03-22 10:58:20,71.386,4.50787416,2.287,33.249,-117.79525933333333,35.10534333333333,-48.21223766754927,-89.15022706908867,90.99425693865271,Before Launch
1652,2025-03-22 10:58:20,71.429,4.08136496,2.001,33.267,-117.79525933333333,35.10534333333333,-48.458804300809405,-89.17404351907466,90.99485830860077,Before Launch
1653,2025-03-22 10:58:20,71.471,3.3169292399999994,1.179,33.292,-117.79525933333333,35.10534333333333,-48.31970039638211,-89.1438227299625,90.96528679859388,Before Launch
1654,2025-03-22 10:58:20,71.514,3.8024935600000003,0.484,33.264,-117.79525933333333,35.10534333333333,-47.91386856175685,-89.13150702304995,90.93972901576292,Before Launch
1655,2025-03-22 10:58:20,71.557,3.8713911999999997,2.703,33.254,-117.79525933333333,35.10534333333333,-47.39731675970802,-89.14325023592697,90.92162959574975,Before Launch
1656,2025-03-22 10:58:20,71.6,1.9947507199999999,-0.326,33.269,-117.79525933333333,35.10534333333333,-47.025272114278266,-89.09863183788049,90.89107878819635,Before Launch
1657,2025-03-22 10:58:20,71.651,2.55577436,0.0,33.299,-117.79525933333333,35.10534333333333,-47.32961389401314,-89.10349343233237,90.90371767987938,Before Launch
1658,2025-03-22 10:58:20,71.695,2.7263780399999997,1.041,33.304,-117.79526,35.10534283333333,-48.083522939666196,-89.1355659040758,90.93938100458058,Before Launch
1659,2025-03-22 10:58:20,71.737,1.6896326,-2.535,33.309,-117.79526,35.10534283333333,-48.453635566203644,-89.13003769374032,90.96244161552224,Before Launch
1660,2025-03-22 10:58:20,71.78,4.229002759999999,0.329,33.247,-117.79526,35.10534283333333,-48.92042734609137,-89.14061518154422,90.9822800361612,Before Launch
1661,2025-03-22 10:58:20,71.822,3.29068252,-0.148,33.309,-117.79526,35.10534283333333,-49.23303035218556,-89.16316534664949,90.98760807067768,Before Launch
1662,2025-03-22 10:58:21,71.865,1.8602362799999999,-1.37,33.272,-117.79526,35.10534283333333,-49.80369187585008,-89.19562469436417,90.98336755602176,Before Launch
1663,2025-03-22 10:58:21,71.908,3.29068252,-1.968,33.309,-117.79526,35.10534283333333,-49.727303513926394,-89.20278383597778,90.95939130865689,Before Launch
1664,2025-03-22 10:58:21,71.95,2.88057752,-1.905,33.267,-117.79526,35.10534283333333,-49.570775780576255,-89.22756288840397,90.93702391743167,Before Launch
1665,2025-03-22 10:58:21,71.992,5.80380596,2.62,33.264,-117.79526,35.10534283333333,-49.56296656703078,-89.24209669631132,90.91342290087131,Before Launch
1666,2025-03-22 10:58:21,72.035,5.7086616,3.399,33.249,-117.79526,35.10534283333333,-49.96122709980586,-89.218676305223,90.9302814259234,Before Launch
1667,2025-03-22 10:58:21,72.077,3.3562993199999998,1.111,33.299,-117.79526,35.10534283333333,-50.041369032576796,-89.21241441323305,90.93619758663276,Before Launch
1668,2025-03-22 10:58:21,72.119,4.1502626,1.329,33.257,-117.79526,35.10534283333333,-49.989394709394254,-89.19543714765764,90.93473675259771,Before Launch
1669,2025-03-22 10:58:21,72.162,3.02493448,1.656,33.252,-117.79526,35.10534283333333,-49.9678660078819,-89.16255280183563,90.9598728769496,Before Launch
1670,2025-03-22 10:58:21,72.212,2.2080053200000003,-1.519,33.307,-117.79526,35.10534283333333,-49.885384765732155,-89.16769880621268,90.95746438758425,Before Launch
1671,2025-03-22 10:58:21,72.255,2.6246720000000003,-0.828,33.289,-117.79526,35.10534283333333,-49.7398016647665,-89.14257412481146,90.95960508555075,Before Launch
1672,2025-03-22 10:58:21,72.297,3.9206038000000003,1.455,33.262,-117.79526,35.10534283333333,-49.69894009111117,-89.16296268858846,90.94910573480799,Before Launch
1673,2025-03-22 10:58:21,72.34,1.8077428400000002,0.049,33.307,-117.79526,35.10534283333333,-49.60255078807394,-89.17757963185038,90.94572695990618,Before Launch
1674,2025-03-22 10:58:21,72.383,2.51640428,-0.992,33.292,-117.79526,35.10534283333333,-49.87844200161326,-89.16510149181963,90.95311157174139,Before Launch
1675,2025-03-22 10:58:21,72.426,5.02952772,0.331,33.247,-117.79526,35.10534283333333,-50.33332902289713,-89.18090860794359,90.95763727429394,Before Launch
1676,2025-03-22 10:58:21,72.468,2.6607612400000002,-1.707,33.279,-117.79526,35.10534283333333,-50.464541034192955,-89.16962382970907,90.96669730324082,Before Launch
1677,2025-03-22 10:58:21,72.511,2.86417332,-1.125,33.284,-117.79526,35.10534283333333,-50.65043483683768,-89.18888262624225,90.98703067105875,Before Launch
1678,2025-03-22 10:58:21,72.553,4.4816274400000005,1.076,33.267,-117.79526,35.10534283333333,-50.59579715386133,-89.19211794780118,90.98430654272224,Before Launch
1679,2025-03-22 10:58:21,72.596,2.6246720000000003,-1.089,33.314,-117.79526,35.10534283333333,-50.16092234544221,-89.18884783270285,90.97101389162735,Before Launch
1680,2025-03-22 10:58:21,72.639,2.89042004,-0.907,33.309,-117.79526,35.10534283333333,-49.94149629217388,-89.16940608203993,90.96769143651441,Before Launch
1681,2025-03-22 10:58:21,72.681,2.0898950800000002,0.088,33.309,-117.79526,35.10534283333333,-49.823047058309896,-89.18684148663463,90.97557737081792,Before Launch
1682,2025-03-22 10:58:21,72.723,2.5393701600000003,-0.015,33.317,-117.7952605,35.1053425,-49.75328504614002,-89.17854223839032,90.97619663042258,Before Launch
1683,2025-03-22 10:58:21,72.769,4.4127298,1.57,33.277,-117.7952605,35.1053425,-49.62717740416855,-89.18861410580914,90.95656883931821,Before Launch
1684,2025-03-22 10:58:21,72.811,3.1791339599999997,1.387,33.312,-117.7952605,35.1053425,-49.58062635277931,-89.1833875260115,90.96504789490025,Before Launch
1685,2025-03-22 10:58:22,72.855,4.950787559999999,0.671,33.257,-117.7952605,35.1053425,-49.39258013802437,-89.19998322182113,90.95834205537666,Before Launch
1686,2025-03-22 10:58:22,72.897,2.86417332,-0.397,33.284,-117.7952605,35.1053425,-49.21172305015162,-89.1939158469816,90.96644247446417,Before Launch
1687,2025-03-22 10:58:22,72.94,3.06102372,1.117,33.314,-117.7952605,35.1053425,-48.66003108318589,-89.14941334265215,90.97907194337485,Before Launch
1688,2025-03-22 10:58:22,72.983,2.49015756,-0.745,33.274,-117.7952605,35.1053425,-48.46912116656535,-89.14211703759052,90.98373470079656,Before Launch
1689,2025-03-22 10:58:22,73.027,3.61220484,0.679,33.277,-117.7952605,35.1053425,-48.2475968024624,-89.13427052142248,90.97512830346632,Before Launch
1690,2025-03-22 10:58:22,73.07,1.33858272,-4.142,33.304,-117.7952605,35.1053425,-48.30225789308693,-89.12022673506722,90.98264700539772,Before Launch
1691,2025-03-22 10:58:22,73.113,4.30446208,-1.303,33.279,-117.7952605,35.1053425,-48.577068912036005,-89.13176298071375,91.01041169179713,Before Launch
1692,2025-03-22 10:58:22,73.155,2.0898950800000002,-1.175,33.309,-117.7952605,35.1053425,-48.976493674148365,-89.15862910841369,91.0067661935563,Before Launch
1693,2025-03-22 10:58:22,73.198,0.65944884,-3.235,33.314,-117.7952605,35.1053425,-49.5340695317946,-89.15753078821324,91.00693701104134,Before Launch
1694,2025-03-22 10:58:22,73.24,1.8602362799999999,-1.08,33.314,-117.7952605,35.1053425,-49.660399897287846,-89.17240355267705,90.99690013665516,Before Launch
1695,2025-03-22 10:58:22,73.282,3.8517061599999995,1.536,33.272,-117.7952605,35.1053425,-49.53814042931982,-89.14631771347936,90.97536770584703,Before Launch
1696,2025-03-22 10:58:22,73.325,2.6017061200000002,-0.021,33.264,-117.7952605,35.1053425,-49.336681064669484,-89.1476927447553,90.98100167323769,Before Launch
1697,2025-03-22 10:58:22,73.367,4.72112876,0.748,33.279,-117.7952605,35.1053425,-48.3254454589411,-89.13301845550725,90.95873745972251,Before Launch
1698,2025-03-22 10:58:22,73.409,4.8129922800000005,2.811,33.277,-117.7952605,35.1053425,-47.81491917572804,-89.12977300447865,90.94864091075785,Before Launch
1699,2025-03-22 10:58:22,73.453,3.9468505200000004,1.337,33.287,-117.7952605,35.1053425,-47.10272299235026,-89.13140894066049,90.93418466941823,Before Launch
1700,2025-03-22 10:58:22,73.495,0.53805776,-4.202,33.264,-117.7952605,35.1053425,-47.57559791560168,-89.151923620145,90.94263031400546,Before Launch
1701,2025-03-22 10:58:22,73.545,2.6607612400000002,0.0,33.322,-117.7952605,35.1053425,-48.05684407905426,-89.14500226093018,90.94768930556559,Before Launch
1702,2025-03-22 10:58:22,73.589,3.3562993199999998,0.457,33.299,-117.7952605,35.1053425,-48.79487917270771,-89.14097536634712,90.97197468644335,Before Launch
1703,2025-03-22 10:58:22,73.631,4.93438336,0.42,33.274,-117.7952605,35.1053425,-49.02939398892575,-89.1590408997189,90.98231338996258,Before Launch
1704,2025-03-22 10:58:22,73.674,2.02099744,-0.56,33.319,-117.7952605,35.1053425,-49.480447963216164,-89.15572522249732,91.00696697733085,Before Launch
1705,2025-03-22 10:58:22,73.717,2.6607612400000002,-0.213,33.314,-117.7952605,35.1053425,-49.612943396876425,-89.14540482528983,91.01344148245305,Before Launch
1706,2025-03-22 10:58:22,73.759,1.7388452,-0.326,33.317,-117.7952605,35.1053425,-49.73463054381462,-89.15183695452465,90.9957858524704,Before Launch
1707,2025-03-22 10:58:22,73.802,1.8602362799999999,-0.629,33.314,-117.79526083333333,35.10534233333333,-49.87738036148183,-89.1650467816688,90.99475704028993,Before Launch
1708,2025-03-22 10:58:23,73.844,2.26049876,-2.002,33.314,-117.79526083333333,35.10534233333333,-50.102890136358326,-89.20484162393849,90.97553213081488,Before Launch
1709,2025-03-22 10:58:23,73.886,2.49015756,-0.641,33.309,-117.79526083333333,35.10534233333333,-50.11250202629214,-89.21396635212729,90.97723949116671,Before Launch
1710,2025-03-22 10:58:23,73.929,3.2480316,-1.585,33.302,-117.79526083333333,35.10534233333333,-50.05629154541565,-89.20651217725887,90.97867375379968,Before Launch
1711,2025-03-22 10:58:23,73.972,3.66469828,0.745,33.284,-117.79526083333333,35.10534233333333,-49.99153280496722,-89.21305942676895,90.97086851865218,Before Launch
1712,2025-03-22 10:58:23,74.014,2.19160112,-0.81,33.324,-117.79526083333333,35.10534233333333,-49.522466911559256,-89.21102473188184,90.96118579614338,Before Launch
1713,2025-03-22 10:58:23,74.057,3.22178488,0.681,33.317,-117.79526083333333,35.10534233333333,-48.61098902408366,-89.16640141227089,90.94978385796955,Before Launch
1714,2025-03-22 10:58:23,74.108,1.33858272,-2.103,33.317,-117.79526083333333,35.10534233333333,-48.294331936062726,-89.16383868690018,90.95960658142958,Before Launch
1715,2025-03-22 10:58:23,74.151,2.02099744,0.631,33.319,-117.79526083333333,35.10534233333333,-48.006736647492204,-89.16149048299037,90.95221568084118,Before Launch
1716,2025-03-22 10:58:23,74.194,4.4816274400000005,0.164,33.267,-117.79526083333333,35.10534233333333,-48.0947286497414,-89.14702953303873,90.96246445215631,Before Launch
1717,2025-03-22 10:58:23,74.238,3.19553816,1.021,33.267,-117.79526083333333,35.10534233333333,-48.47958329448885,-89.11207448994993,91.00551130639091,Before Launch
1718,2025-03-22 10:58:23,74.28,1.62073496,0.888,33.319,-117.79526083333333,35.10534233333333,-48.89593617400837,-89.10777831894606,91.01797702347879,Before Launch
1719,2025-03-22 10:58:23,74.323,1.39107616,-0.433,33.324,-117.79526083333333,35.10534233333333,-49.40889472347669,-89.10642262878753,91.03341722981146,Before Launch
1720,2025-03-22 10:58:23,74.365,2.1161418,-1.603,33.317,-117.79526083333333,35.10534233333333,-49.552328227842125,-89.10225947201415,91.02939092148372,Before Launch
1721,2025-03-22 10:58:23,74.408,2.26049876,-0.315,33.314,-117.79526083333333,35.10534233333333,-49.50140103200039,-89.07850600116052,91.02270722931758,Before Launch
1722,2025-03-22 10:58:23,74.45,2.29986884,-2.236,33.322,-117.79526083333333,35.10534233333333,-49.309936000422915,-89.07148142492257,90.99960503049677,Before Launch
1723,2025-03-22 10:58:23,74.493,3.7335959199999995,-0.996,33.284,-117.79526083333333,35.10534233333333,-48.99639597659091,-89.10313548845703,90.97764072596684,Before Launch
1724,2025-03-22 10:58:23,74.537,2.55577436,-1.283,33.299,-117.79526083333333,35.10534233333333,-48.836342007768756,-89.09644722104882,90.96790006779847,Before Launch
1725,2025-03-22 10:58:23,74.583,2.02099744,1.363,33.309,-117.79526083333333,35.10534233333333,-48.84641207876892,-89.18252151467013,90.94969168148374,Before Launch
1726,2025-03-22 10:58:23,74.626,2.42125992,-0.222,33.319,-117.79526083333333,35.10534233333333,-48.8499157450857,-89.18591828819326,90.95941309829652,Before Launch
1727,2025-03-22 10:58:23,74.668,1.62073496,-1.608,33.319,-117.79526083333333,35.10534233333333,-49.19600488992798,-89.16331505207414,90.94368625688685,Before Launch
1728,2025-03-22 10:58:23,74.71,2.07021004,-2.654,33.327,-117.79526116666666,35.10534233333333,-49.39252316851642,-89.16001751950684,90.95351024526705,Before Launch
1729,2025-03-22 10:58:23,74.755,1.49934388,-0.483,33.322,-117.79526116666666,35.10534233333333,-49.3079813507589,-89.1350058120701,90.97581702854576,Before Launch
1730,2025-03-22 10:58:23,74.797,3.33989512,0.629,33.317,-117.79526116666666,35.10534233333333,-49.36621247516145,-89.14779560049394,90.98162770790907,Before Launch
1731,2025-03-22 10:58:24,74.848,2.7001313199999997,0.883,33.322,-117.79526116666666,35.10534233333333,-49.53342289329251,-89.15536857455999,90.98130001351657,Before Launch
1732,2025-03-22 10:58:24,74.891,2.13910768,0.256,33.317,-117.79526116666666,35.10534233333333,-50.13404651460095,-89.16046093027722,91.02000251244874,Before Launch
1733,2025-03-22 10:58:24,74.934,5.47244112,2.947,33.254,-117.79526116666666,35.10534233333333,-50.3723805876349,-89.15576165640329,91.02695516195467,Before Launch
1734,2025-03-22 10:58:24,74.977,2.95603684,0.427,33.299,-117.79526116666666,35.10534233333333,-50.637305399988385,-89.14215239781522,91.01629553855248,Before Launch
1735,2025-03-22 10:58:24,75.019,2.13910768,-1.017,33.317,-117.79526116666666,35.10534233333333,-50.77500354931,-89.14005143320372,91.03476835586758,Before Launch
1736,2025-03-22 10:58:24,75.062,3.22178488,-0.406,33.319,-117.79526116666666,35.10534233333333,-50.485070745706885,-89.1155785317894,91.01362068107542,Before Launch
1737,2025-03-22 10:58:24,75.107,2.7001313199999997,0.465,33.312,-117.79526116666666,35.10534233333333,-50.142719808958084,-89.10270028897462,91.00729409076477,Before Launch
1738,2025-03-22 10:58:24,75.149,2.07021004,-1.055,33.327,-117.79526116666666,35.10534233333333,-49.60802028766973,-89.13810005543388,90.99476582600519,Before Launch
1739,2025-03-22 10:58:24,75.191,1.0990814,-0.221,33.322,-117.79526116666666,35.10534233333333,-49.4309262382595,-89.13043569997541,90.99890172254958,Before Launch
1740,2025-03-22 10:58:24,75.234,4.1338584,1.951,33.274,-117.79526116666666,35.10534233333333,-49.20653887768031,-89.14112743607913,91.00242836295386,Before Launch
1741,2025-03-22 10:58:24,75.277,1.89960636,-2.384,33.322,-117.79526116666666,35.10534233333333,-48.96403318709247,-89.13634584103791,90.99657133566274,Before Launch
1742,2025-03-22 10:58:24,75.319,4.25196864,0.977,33.272,-117.79526116666666,35.10534233333333,-48.63135097845513,-89.12455120885959,90.97008887480963,Before Launch
1743,2025-03-22 10:58:24,75.362,5.009842679999999,3.132,33.307,-117.79526116666666,35.10534233333333,-48.684928862468844,-89.11047609906923,90.96820401103136,Before Launch
1744,2025-03-22 10:58:24,75.404,2.29986884,0.841,33.327,-117.79526116666666,35.10534233333333,-48.6949353996435,-89.12928556294294,90.96678705434422,Before Launch
1745,2025-03-22 10:58:24,75.446,1.89960636,-0.2,33.322,-117.79526116666666,35.10534233333333,-48.79095348403367,-89.13896771364347,90.96852681743216,Before Launch
1746,2025-03-22 10:58:24,75.489,2.8215224,0.519,33.319,-117.79526116666666,35.10534233333333,-48.945394855721794,-89.15875225494963,90.97594391675419,Before Launch
1747,2025-03-22 10:58:24,75.532,1.0990814,-1.11,33.322,-117.79526116666666,35.10534233333333,-49.00259772021476,-89.1666844286047,90.989776699857,Before Launch
1748,2025-03-22 10:58:24,75.58,2.51640428,-1.12,33.292,-117.79526116666666,35.10534233333333,-49.17637812241835,-89.16266586747237,90.98567886949587,Before Launch
1749,2025-03-22 10:58:24,75.627,1.62073496,-0.858,33.319,-117.79526116666666,35.10534233333333,-49.277376792834026,-89.16173901114723,90.98543464591454,Before Launch
1750,2025-03-22 10:58:24,75.673,4.37335972,2.158,33.269,-117.79526116666666,35.10534233333333,-49.025528092517064,-89.1354943852252,91.00566785361082,Before Launch
1751,2025-03-22 10:58:24,75.716,2.19160112,-0.211,33.324,-117.7952615,35.10534216666667,-48.63541304751635,-89.06813213885287,91.01604288872467,Before Launch
1752,2025-03-22 10:58:24,75.759,2.8215224,1.101,33.319,-117.7952615,35.10534216666667,-48.894706145124836,-89.06722628082238,91.02913530698903,Before Launch
1753,2025-03-22 10:58:24,75.801,4.06496076,1.828,33.284,-117.7952615,35.10534216666667,-46.83695207941821,-89.20118780317192,90.87742509860902,Before Launch
1754,2025-03-22 10:58:25,75.844,4.183071,2.464,33.282,-117.7952615,35.10534216666667,-43.15446431726985,-89.25903220612858,90.74251960664907,Before Launch
1755,2025-03-22 10:58:25,75.886,1.9520997999999998,-1.274,33.329,-117.7952615,35.10534216666667,-37.118863666847126,-89.34101737287688,90.54739640586217,Before Launch
1756,2025-03-22 10:58:25,75.929,6.4140422,3.436,33.277,-117.7952615,35.10534216666667,-35.333048542102304,-89.3643901627622,90.47969685574708,Before Launch
1757,2025-03-22 10:58:25,75.972,5.85301856,3.436,33.272,-117.7952615,35.10534216666667,-32.84346583092547,-89.41022276238654,90.4267014161785,Before Launch
1758,2025-03-22 10:58:25,76.016,3.4612862,-1.859,33.314,-117.7952615,35.10534216666667,-33.67841811933537,-89.39331368164027,90.43070351233312,Before Launch
1759,2025-03-22 10:58:25,76.059,3.1003938,0.133,33.322,-117.7952615,35.10534216666667,-38.409932387019154,-89.34327037173675,90.55041648721688,Before Launch
1760,2025-03-22 10:58:25,76.103,4.65223112,2.318,33.272,-117.7952615,35.10534216666667,-40.98387438346827,-89.30441459015474,90.62392284813873,Before Launch
1761,2025-03-22 10:58:25,76.146,1.89960636,-1.22,33.289,-117.7952615,35.10534216666667,-44.25302444978654,-89.24309280690684,90.77963435179674,Before Launch
1762,2025-03-22 10:58:25,76.188,4.06496076,1.263,33.284,-117.7952615,35.10534216666667,-45.139648488070684,-89.18894695228556,90.8195242597666,Before Launch
1763,2025-03-22 10:58:25,76.231,0.52165356,-1.431,33.334,-117.7952615,35.10534216666667,-46.30569954892987,-89.17767785416488,90.8843565970975,Before Launch
1764,2025-03-22 10:58:25,76.274,2.26049876,1.072,33.289,-117.7952615,35.10534216666667,-46.76135052497018,-89.15740456436413,90.9077745679824,Before Launch
1765,2025-03-22 10:58:25,76.316,1.0597113200000001,-2.841,33.314,-117.7952615,35.10534216666667,-47.361481050043125,-89.14739215843609,90.95316159002888,Before Launch
1766,2025-03-22 10:58:25,76.359,6.26968524,4.039,33.254,-117.7952615,35.10534216666667,-47.6360408859351,-89.163900358684,90.96969336260165,Before Launch
1767,2025-03-22 10:58:25,76.406,1.9520997999999998,-2.116,33.332,-117.7952615,35.10534216666667,-48.383647184325774,-89.15868643615073,90.99402869984569,Before Launch
1768,2025-03-22 10:58:25,76.458,4.25196864,-0.691,33.272,-117.7952615,35.10534216666667,-48.70391199599735,-89.15416378162818,91.00203796917064,Before Launch
1769,2025-03-22 10:58:25,76.501,5.82677184,3.215,33.297,-117.7952615,35.10534216666667,-49.06317296806688,-89.14801739692497,90.99734735838611,Before Launch
1770,2025-03-22 10:58:25,76.56,3.1463255599999997,1.119,33.277,-117.7952615,35.10534216666667,-49.392785577911496,-89.1654575689837,90.96555886085655,Before Launch
1771,2025-03-22 10:58:25,76.605,5.2821524,2.205,33.267,-117.7952615,35.10534216666667,-49.74752040023817,-89.1602608315694,90.97156033923982,Before Launch
1772,2025-03-22 10:58:25,76.651,2.00459324,0.809,33.337,-117.7952615,35.10534216666667,-50.04844176004096,-89.1848490228616,90.97757518170242,Before Launch
1773,2025-03-22 10:58:25,76.695,3.5728347599999997,0.947,33.269,-117.7952615,35.105341833333334,-50.083900614690485,-89.15258948689966,90.99330976976826,Before Launch
1774,2025-03-22 10:58:25,76.738,4.06496076,2.2,33.297,-117.7952615,35.105341833333334,-49.963893077735065,-89.15981832589685,90.99617440045982,Before Launch
1775,2025-03-22 10:58:25,76.781,3.82545944,-0.494,33.289,-117.7952615,35.105341833333334,-49.84879729871142,-89.16008237507158,91.00313927968884,Before Launch
1776,2025-03-22 10:58:25,76.824,3.7401576,1.398,33.317,-117.7952615,35.105341833333334,-49.66937168249466,-89.16099518213403,90.99492150114787,Before Launch
1777,2025-03-22 10:58:26,76.866,3.66469828,0.762,33.284,-117.7952615,35.105341833333334,-49.271004562203395,-89.12479549486625,91.02142704426586,Before Launch
1778,2025-03-22 10:58:26,76.909,3.33333344,-0.66,33.274,-117.7952615,35.105341833333334,-49.10972448530568,-89.08869593533166,91.0173959591085,Before Launch
1779,2025-03-22 10:58:26,76.951,3.71719172,-0.421,33.292,-117.7952615,35.105341833333334,-48.887562836176016,-89.12653774584771,91.00195991139763,Before Launch
1780,2025-03-22 10:58:26,76.993,2.00459324,0.047,33.337,-117.7952615,35.105341833333334,-48.78733859353518,-89.11817122271677,91.00712923848161,Before Launch
1781,2025-03-22 10:58:26,77.036,1.9520997999999998,-4.031,33.332,-117.7952615,35.105341833333334,-47.87967596834178,-89.11620938328458,90.97376807399274,Before Launch
1782,2025-03-22 10:58:26,77.078,1.722441,-3.735,33.334,-117.7952615,35.105341833333334,-47.56890608994968,-89.12752089263309,90.97531418123283,Before Launch
1783,2025-03-22 10:58:26,77.12,3.1791339599999997,-0.256,33.312,-117.7952615,35.105341833333334,-47.13355403876019,-89.11819265369421,90.94928102384537,Before Launch
1784,2025-03-22 10:58:26,77.163,2.47047252,-0.571,33.332,-117.7952615,35.105341833333334,-47.16959031900199,-89.12277630492325,90.95309069661563,Before Launch
1785,2025-03-22 10:58:26,77.215,3.3562993199999998,-1.165,33.299,-117.7952615,35.105341833333334,-47.085063793607375,-89.10681967083336,90.94549642274738,Before Launch
1786,2025-03-22 10:58:26,77.258,3.526903,1.463,33.304,-117.7952615,35.105341833333334,-47.59596550055441,-89.08349388117075,90.96612209510553,Before Launch
1787,2025-03-22 10:58:26,77.301,3.9468505200000004,-0.106,33.287,-117.7952615,35.105341833333334,-47.69716777997096,-89.09911704611035,90.99125463641104,Before Launch
1788,2025-03-22 10:58:26,77.345,2.00459324,1.331,33.337,-117.7952615,35.105341833333334,-47.96608623267647,-89.11033824194634,91.02284394347596,Before Launch
1789,2025-03-22 10:58:26,77.387,2.8215224,0.504,33.319,-117.7952615,35.105341833333334,-47.833808933306834,-89.12256201464123,91.00373495764667,Before Launch
1790,2025-03-22 10:58:26,77.43,3.55314972,2.238,33.329,-117.7952615,35.105341833333334,-47.679628707366476,-89.09345755282561,90.97431196366458,Before Launch
1791,2025-03-22 10:58:26,77.472,3.4776904,-2.509,33.297,-117.7952615,35.105341833333334,-47.996062487691766,-89.10997891369476,90.97224617030332,Before Launch
1792,2025-03-22 10:58:26,77.515,3.57939644,1.467,33.312,-117.7952615,35.105341833333334,-48.664226992533976,-89.14183158694982,90.98677610174319,Before Launch
1793,2025-03-22 10:58:26,77.558,3.4776904,-0.704,33.297,-117.7952615,35.105341833333334,-48.85929627226768,-89.13174986313649,90.98540918416069,Before Launch
1794,2025-03-22 10:58:26,77.6,3.33989512,-2.263,33.317,-117.7952615,35.105341833333334,-49.1808546781971,-89.1327825764916,90.99218593305865,Before Launch
1795,2025-03-22 10:58:26,77.643,1.3648294399999998,-1.645,33.342,-117.7952615,35.105341833333334,-49.20025903087905,-89.12956304076155,90.96800680832617,Before Launch
1796,2025-03-22 10:58:26,77.686,3.526903,-1.624,33.304,-117.79526083333333,35.10534166666667,-48.91071852798736,-89.14292848704599,90.9677068916523,Before Launch
1797,2025-03-22 10:58:26,77.729,1.722441,-0.262,33.334,-117.79526083333333,35.10534166666667,-48.776250416641304,-89.15063148274201,90.95667897434039,Before Launch
1798,2025-03-22 10:58:26,77.771,1.8339895600000002,-1.616,33.332,-117.79526083333333,35.10534166666667,-48.63521259274941,-89.15511830980425,90.96509776021439,Before Launch
1799,2025-03-22 10:58:26,77.814,3.48425208,-0.54,33.339,-117.79526083333333,35.10534166666667,-48.57798146347301,-89.1381774299979,90.9626689393324,Before Launch
1800,2025-03-22 10:58:27,77.856,1.0334646,-2.597,33.332,-117.79526083333333,35.10534166666667,-48.47420281781598,-89.13713210162453,90.96716983986614,Before Launch
1801,2025-03-22 10:58:27,77.899,1.20406828,-2.359,33.337,-117.79526083333333,35.10534166666667,-48.47787813145837,-89.11667298787424,90.97605908593061,Before Launch
1802,2025-03-22 10:58:27,77.941,1.55183732,-1.965,33.329,-117.79526083333333,35.10534166666667,-48.42144885803102,-89.1189981720628,90.98226787191889,Before Launch
1803,2025-03-22 10:58:27,77.983,1.7650919200000001,-1.46,33.342,-117.79526083333333,35.10534166666667,-48.49708244213361,-89.13226491521344,90.9895883457731,Before Launch
1804,2025-03-22 10:58:27,78.026,2.92322844,-0.739,33.334,-117.79526083333333,35.10534166666667,-48.7259917281426,-89.13505027427311,90.98989766380286,Before Launch
1805,2025-03-22 10:58:27,78.068,1.48293968,-0.485,33.339,-117.79526083333333,35.10534166666667,-48.77743236535791,-89.14337629141109,90.98322035938885,Before Launch
1806,2025-03-22 10:58:27,78.11,2.63451452,0.635,33.332,-117.79526083333333,35.10534166666667,-48.88073285416984,-89.12694137348437,91.00111574379028,Before Launch
1807,2025-03-22 10:58:27,78.154,2.870735,1.067,33.327,-117.79526083333333,35.10534166666667,-48.691853116324936,-89.1358927853106,90.98877992936623,Before Launch
1808,2025-03-22 10:58:27,78.197,4.72769044,1.438,33.304,-117.79526083333333,35.10534166666667,-48.154843025130845,-89.13966278046956,90.97912785330114,Before Launch
1809,2025-03-22 10:58:27,78.239,5.02624688,2.375,33.289,-117.79526083333333,35.10534166666667,-47.79069513631195,-89.1307023825816,90.96302935078685,Before Launch
1810,2025-03-22 10:58:27,78.282,3.1528872399999996,-0.191,33.329,-117.79526083333333,35.10534166666667,-47.32895101091434,-89.1448541156579,90.97262783872823,Before Launch
1811,2025-03-22 10:58:27,78.324,2.52296596,-0.942,33.334,-117.79526083333333,35.10534166666667,-47.26201107983964,-89.11299813508502,90.94815651589411,Before Launch
1812,2025-03-22 10:58:27,78.367,3.48425208,-0.434,33.339,-117.79526083333333,35.10534166666667,-47.229292747913924,-89.12423928097947,90.94192098513702,Before Launch
1813,2025-03-22 10:58:27,78.409,1.48293968,-0.49,33.337,-117.79526083333333,35.10534166666667,-47.44397423785652,-89.14407431985556,90.94028739750105,Before Launch
1814,2025-03-22 10:58:27,78.452,2.92322844,0.095,33.334,-117.79526083333333,35.10534166666667,-47.584582755883375,-89.1772443433061,90.95753117332234,Before Launch
1815,2025-03-22 10:58:27,78.494,0.84317588,-2.547,33.344,-117.79526083333333,35.10534166666667,-47.42903186935038,-89.15332026039995,90.97730727960605,Before Launch
1816,2025-03-22 10:58:27,78.537,4.06496076,0.551,33.284,-117.79526083333333,35.10534166666667,-47.38202657425534,-89.13510184135127,90.96858191003801,Before Launch
1817,2025-03-22 10:58:27,78.579,3.20209984,-0.355,33.337,-117.79526083333333,35.10534166666667,-47.2168501127188,-89.13656592876552,90.95679429824372,Before Launch
1818,2025-03-22 10:58:27,78.622,1.6043307599999999,-1.761,33.337,-117.79526083333333,35.10534166666667,-46.89458543085355,-89.12146719903932,90.9365849144255,Before Launch
1819,2025-03-22 10:58:27,78.664,2.40157488,-0.882,33.337,-117.79526083333333,35.10534166666667,-46.71090893960454,-89.13781727959807,90.93666549578774,Before Launch
1820,2025-03-22 10:58:27,78.706,3.29068252,1.812,33.332,-117.79526083333333,35.10534166666667,-46.485374838824846,-89.12389294692751,90.94561387020906,Before Launch
1821,2025-03-22 10:58:27,78.749,4.917979160000001,1.309,33.292,-117.79526083333333,35.10534166666667,-46.82752008110607,-89.10328228257734,90.95594360215013,Before Launch
1822,2025-03-22 10:58:27,78.791,3.99606312,2.141,33.294,-117.79526183333333,35.105341833333334,-47.164390867577,-89.10861499698862,90.95138894292974,Before Launch
1823,2025-03-22 10:58:28,78.834,3.43175864,1.503,33.332,-117.79526183333333,35.105341833333334,-47.24183013280801,-89.10939194461476,90.96710949039256,Before Launch
1824,2025-03-22 10:58:28,78.876,2.35236228,-1.066,33.329,-117.79526183333333,35.105341833333334,-47.50623690364043,-89.08390011357814,90.98089240475743,Before Launch
1825,2025-03-22 10:58:28,78.92,2.56561688,1.44,33.337,-117.79526183333333,35.105341833333334,-47.65927153979945,-89.09933425965336,90.94605636101782,Before Launch
1826,2025-03-22 10:58:28,78.97,3.48425208,2.129,33.339,-117.79526183333333,35.105341833333334,-47.77200576367654,-89.10644598566147,90.9573772637924,Before Launch
1827,2025-03-22 10:58:28,79.013,4.0026247999999995,2.286,33.339,-117.79526183333333,35.105341833333334,-48.58057685350065,-89.14044442669747,90.94301006090926,Before Launch
1828,2025-03-22 10:58:28,79.055,3.1003938,1.246,33.322,-117.79526183333333,35.105341833333334,-49.1080815264361,-89.16427941887274,90.93970190710455,Before Launch
1829,2025-03-22 10:58:28,79.098,3.1528872399999996,0.214,33.329,-117.79526183333333,35.105341833333334,-49.89786232092061,-89.16650659522898,90.94934422092179,Before Launch
1830,2025-03-22 10:58:28,79.141,6.06627316,4.272,33.287,-117.79526183333333,35.105341833333334,-50.25009303695715,-89.18192745552214,90.97013921899244,Before Launch
1831,2025-03-22 10:58:28,79.184,3.03149616,0.37,33.332,-117.79526183333333,35.105341833333334,-50.3482054326042,-89.18796469729612,90.9801642961947,Before Launch
1832,2025-03-22 10:58:28,79.226,2.92322844,0.049,33.334,-117.79526183333333,35.105341833333334,-50.623325909459474,-89.18227739054501,91.00048831301746,Before Launch
1833,2025-03-22 10:58:28,79.269,6.748687879999999,1.885,33.319,-117.79526183333333,35.105341833333334,-50.42304074349211,-89.16020050038959,90.99677584037542,Before Launch
1834,2025-03-22 10:58:28,79.311,2.80183736,-2.075,33.337,-117.79526183333333,35.105341833333334,-50.358701240824985,-89.14841852682878,91.00889155575739,Before Launch
1835,2025-03-22 10:58:28,79.353,3.6220473600000003,0.438,33.319,-117.79526183333333,35.105341833333334,-49.748023718361594,-89.14000215308761,90.97966488444754,Before Launch
1836,2025-03-22 10:58:28,79.398,5.54790044,2.817,33.344,-117.79526183333333,35.105341833333334,-49.36867423407809,-89.15104013965566,90.96861860349675,Before Launch
1837,2025-03-22 10:58:28,79.441,2.68372712,-0.745,33.339,-117.79526183333333,35.105341833333334,-48.9446467472295,-89.12648332373813,90.96262671232199,Before Launch
1838,2025-03-22 10:58:28,79.484,4.0026247999999995,2.344,33.337,-117.79526183333333,35.105341833333334,-48.738567417673444,-89.1407661209423,90.97832726017599,Before Launch
1839,2025-03-22 10:58:28,79.527,3.36614184,0.412,33.342,-117.79526183333333,35.105341833333334,-49.044008147451834,-89.14681770023732,90.99884468636107,Before Launch
1840,2025-03-22 10:58:28,79.57,3.9796589200000003,2.915,33.312,-117.79526183333333,35.105341833333334,-49.536797330323836,-89.19676218339339,91.00120446719454,Before Launch
1841,2025-03-22 10:58:28,79.612,3.20209984,-0.803,33.337,-117.79526183333333,35.105341833333334,-50.49529291851653,-89.16118815375016,90.99252952735655,Before Launch
1842,2025-03-22 10:58:28,79.654,2.92322844,-0.259,33.327,-117.79526183333333,35.105341833333334,-50.76772544168907,-89.155888921411,91.0037792112837,Before Launch
1843,2025-03-22 10:58:28,79.697,1.8832021599999997,0.259,33.339,-117.79526033333333,35.105342666666665,-50.568789611961066,-89.18553528499947,90.99595606357407,Before Launch
1844,2025-03-22 10:58:28,79.739,2.3359580799999997,-0.061,33.347,-117.79526033333333,35.105342666666665,-50.209852072691625,-89.16637057630402,90.98213680065169,Before Launch
1845,2025-03-22 10:58:28,79.781,2.96587936,-0.302,33.342,-117.79526033333333,35.105342666666665,-49.64733629891994,-89.12738049523,91.00159698035156,Before Launch
1846,2025-03-22 10:58:28,79.824,0.4429134,-4.163,33.344,-117.79526033333333,35.105342666666665,-49.44500694145189,-89.13073390697642,90.98969492020984,Before Launch
1847,2025-03-22 10:58:29,79.866,3.6482940800000003,-0.324,33.302,-117.79526033333333,35.105342666666665,-48.97854705491391,-89.12703678580583,90.98157246927414,Before Launch
1848,2025-03-22 10:58:29,79.909,3.60236232,0.159,33.337,-117.79526033333333,35.105342666666665,-48.815804634821184,-89.12196123669344,90.97240525204674,Before Launch
1849,2025-03-22 10:58:29,79.952,1.13517064,-1.131,33.337,-117.79526033333333,35.105342666666665,-48.96492179027647,-89.11502342884694,90.99111384863103,Before Launch
1850,2025-03-22 10:58:29,79.994,3.36614184,0.745,33.342,-117.79526033333333,35.105342666666665,-49.2294981187916,-89.08651655732086,91.00741238772912,Before Launch
1851,2025-03-22 10:58:29,80.038,3.24475076,-0.224,33.334,-117.79526033333333,35.105342666666665,-49.46323767768507,-89.11707775027276,91.03509464677221,Before Launch
1852,2025-03-22 10:58:29,80.083,2.4442258,-1.456,33.344,-117.79526033333333,35.105342666666665,-49.52636875792607,-89.11423140947018,91.0489107830556,Before Launch
1853,2025-03-22 10:58:29,80.126,1.9356955999999998,-1.087,33.347,-117.79526033333333,35.105342666666665,-48.9557366668329,-89.11875488040377,91.0258738044551,Before Launch
1854,2025-03-22 10:58:29,80.168,4.6259844,1.377,33.317,-117.79526033333333,35.105342666666665,-48.56797973743027,-89.14399328735448,91.00911893711024,Before Launch
1855,2025-03-22 10:58:29,80.211,3.0839895999999998,-2.787,33.339,-117.79526033333333,35.105342666666665,-48.086841239125945,-89.16396925554027,90.98828229310139,Before Launch
1856,2025-03-22 10:58:29,80.254,2.68372712,-0.325,33.339,-117.79526033333333,35.105342666666665,-48.00077626824006,-89.14616423345466,90.97469810563449,Before Launch
1857,2025-03-22 10:58:29,80.298,2.96587936,0.04,33.342,-117.79526033333333,35.105342666666665,-48.31065178339768,-89.14984395865679,90.966041097155,Before Launch
1858,2025-03-22 10:58:29,80.341,2.96587936,-3.529,33.342,-117.79526033333333,35.105342666666665,-48.57228257006381,-89.16374635443067,90.9673234451791,Before Launch
1859,2025-03-22 10:58:29,80.384,2.2342520400000003,-0.529,33.332,-117.79526033333333,35.105342666666665,-48.741860104725745,-89.16084250259485,90.98152605445881,Before Launch
1860,2025-03-22 10:58:29,80.427,3.0839895999999998,-0.501,33.349,-117.79526033333333,35.105342666666665,-48.95376899796931,-89.1679407071871,91.00125922976997,Before Launch
1861,2025-03-22 10:58:29,80.469,2.04396332,-3.272,33.344,-117.79526033333333,35.105342666666665,-48.951789881277314,-89.12892923358949,91.00824237681937,Before Launch
1862,2025-03-22 10:58:29,80.513,1.53543312,-1.071,33.347,-117.79526033333333,35.105342666666665,-48.87914936456632,-89.13578479740723,91.0238858802234,Before Launch
1863,2025-03-22 10:58:29,80.556,4.99343848,0.924,33.312,-117.79526033333333,35.105342666666665,-48.52116498515587,-89.11789696546118,91.01051840403687,Before Launch
1864,2025-03-22 10:58:29,80.608,3.13648304,-0.212,33.347,-117.79526033333333,35.105342666666665,-48.42066341565252,-89.12044814398455,91.02273476125835,Before Launch
1865,2025-03-22 10:58:29,80.652,2.96587936,-0.937,33.342,-117.79526033333333,35.105342666666665,-48.206485630687425,-89.10220798232977,91.01733215365718,Before Launch
1866,2025-03-22 10:58:29,80.698,2.56561688,-0.586,33.342,-117.79526033333333,35.105342666666665,-48.140102721656774,-89.1203018159263,91.000867172554,Before Launch
1867,2025-03-22 10:58:29,80.74,2.56561688,-0.329,33.342,-117.79526033333333,35.105342666666665,-48.34599550143338,-89.10232343849829,90.99357372970081,Before Launch
1868,2025-03-22 10:58:29,80.784,3.90091876,1.856,33.322,-117.795259,35.10534366666667,-48.65852418669885,-89.1017838830688,90.99398691149699,Before Launch
1869,2025-03-22 10:58:29,80.826,2.80183736,0.429,33.337,-117.795259,35.10534366666667,-49.48051229088685,-89.15451858067607,91.00577198567446,Before Launch
1870,2025-03-22 10:58:30,80.871,2.56561688,-0.367,33.347,-117.795259,35.10534366666667,-49.88991069823212,-89.15487679274338,91.00676790260373,Before Launch
1871,2025-03-22 10:58:30,80.916,2.40157488,1.794,33.337,-117.795259,35.10534366666667,-50.352693566543635,-89.20951164474654,90.99579223003637,Before Launch
1872,2025-03-22 10:58:30,80.959,5.1804463599999995,1.402,33.312,-117.795259,35.10534366666667,-50.276924224190424,-89.19278557566469,90.99807055822718,Before Launch
1873,2025-03-22 10:58:30,81.002,2.75262476,-0.777,33.329,-117.795259,35.10534366666667,-50.11117445818605,-89.16892883747256,90.98706232881874,Before Launch
1874,2025-03-22 10:58:30,81.048,3.36614184,2.036,33.344,-117.795259,35.10534366666667,-50.06829256392326,-89.19687699550154,90.98727354150027,Before Launch
1875,2025-03-22 10:58:30,81.092,3.83202112,0.424,33.332,-117.795259,35.10534366666667,-49.80498611024861,-89.1918415346821,91.00220400825592,Before Launch
1876,2025-03-22 10:58:30,81.136,3.7237534,0.436,33.334,-117.795259,35.10534366666667,-49.80666592943784,-89.1885025039505,90.99658392100864,Before Launch
1877,2025-03-22 10:58:30,81.188,3.20209984,0.686,33.337,-117.795259,35.10534366666667,-50.41595793725894,-89.20778400121868,91.00982490381902,Before Launch
1878,2025-03-22 10:58:30,81.234,3.64501324,1.543,33.344,-117.795259,35.10534366666667,-53.08047067684854,-89.26036189661683,91.0032530869632,Before Launch
1879,2025-03-22 10:58:30,81.285,4.1666668,-0.411,33.302,-117.795259,35.10534366666667,-55.54695080872015,-89.29500134852522,91.02451168156072,Before Launch
1880,2025-03-22 10:58:30,81.354,2.56561688,-0.454,33.352,-117.795259,35.10534366666667,-57.17811741964304,-89.30605377160241,91.030293609027,Before Launch
1881,2025-03-22 10:58:30,81.42,3.9370079999999996,1.075,33.344,-117.795259,35.10534366666667,-53.63142657974218,-89.19477693161089,91.04523305127938,Before Launch
1882,2025-03-22 10:58:30,81.488,3.81561692,0.714,33.349,-117.795259,35.10534366666667,-52.583766933147295,-89.14163974154502,91.0407427642808,Before Launch
1883,2025-03-22 10:58:30,81.536,4.26181116,1.084,33.317,-117.795259,35.10534366666667,-50.44124769091859,-89.07916294448653,91.02765702456747,Before Launch
1884,2025-03-22 10:58:30,81.587,4.12401588,1.571,33.334,-117.795259,35.10534366666667,-49.813803291174686,-89.0750044379741,91.03249535515062,Before Launch
1885,2025-03-22 10:58:30,81.649,3.01509196,-0.056,33.349,-117.795259,35.10534366666667,-48.909026580560656,-89.09037752102326,91.03744179889827,Before Launch
1886,2025-03-22 10:58:30,81.701,1.9356955999999998,-0.088,33.347,-117.795256,35.105347333333334,-47.987130627816015,-89.08489924455483,90.98747850717558,Before Launch
1887,2025-03-22 10:58:30,81.751,4.20931772,2.16,33.307,-117.795256,35.105347333333334,-47.46391404754051,-89.08525939282916,90.95923328042481,Before Launch
1888,2025-03-22 10:58:30,81.797,3.90091876,-0.88,33.322,-117.795256,35.105347333333334,-46.87692507536089,-89.10701681546995,90.9281680276691,Before Launch
1889,2025-03-22 10:58:31,81.842,5.64960648,2.037,33.302,-117.795256,35.105347333333334,-46.77871382453758,-89.11881960866835,90.93424376599839,Before Launch
1890,2025-03-22 10:58:31,81.897,4.2158793999999995,1.004,33.352,-117.795256,35.105347333333334,-47.04285590246313,-89.17303732459872,90.94414804804745,Before Launch
1891,2025-03-22 10:58:31,81.944,3.1791339599999997,0.492,33.312,-117.795256,35.105347333333334,-47.691800808743714,-89.16764722188162,90.95338493130372,Before Launch
1892,2025-03-22 10:58:31,81.99,4.54068256,1.58,33.317,-117.795256,35.105347333333334,-47.95215429136341,-89.16218786555108,90.97006236046899,Before Launch
1893,2025-03-22 10:58:31,82.037,4.8490815199999995,0.757,33.302,-117.795256,35.105347333333334,-48.38847814748459,-89.17539768225802,90.96064460789425,Before Launch
1894,2025-03-22 10:58:31,82.084,3.48425208,0.542,33.339,-117.795256,35.105347333333334,-48.72750856432956,-89.19571480918303,90.95356134878347,Before Launch
1895,2025-03-22 10:58:31,82.129,4.78018388,1.76,33.312,-117.795256,35.105347333333334,-48.866892382080124,-89.13601215105172,90.98497012430569,Before Launch
1896,2025-03-22 10:58:31,82.173,3.13648304,0.585,33.347,-117.795256,35.105347333333334,-48.7917398499674,-89.13641331352625,90.99657601364282,Before Launch
1897,2025-03-22 10:58:31,82.221,3.83202112,-1.068,33.332,-117.795256,35.105347333333334,-48.64145079266205,-89.14200210160772,90.99177989584155,Before Launch
1898,2025-03-22 10:58:31,82.267,2.89698172,0.114,33.352,-117.795256,35.105347333333334,-48.879482759755206,-89.1396364017943,91.01139507079968,Before Launch
1899,2025-03-22 10:58:31,82.325,2.52296596,-0.66,33.334,-117.795256,35.105347333333334,-48.93264288343602,-89.15422299754283,91.02459747015953,Before Launch
1900,2025-03-22 10:58:31,82.369,4.8720474000000005,0.814,33.327,-117.795256,35.105347333333334,-48.86923751527004,-89.15247001792554,91.01968201201413,Before Launch
1901,2025-03-22 10:58:31,82.418,2.61482948,-0.865,33.349,-117.795256,35.105347333333334,-48.53512278784638,-89.10553541860621,91.02079008543461,Before Launch
1902,2025-03-22 10:58:31,82.463,2.02755912,-0.921,33.362,-117.795256,35.105347333333334,-48.36296469304991,-89.09820847268408,90.99267384578445,Before Launch
1903,2025-03-22 10:58:31,82.511,2.214567,-1.12,33.352,-117.795256,35.105347333333334,-47.69118783177396,-89.07672043544625,90.95206932289994,Before Launch
1904,2025-03-22 10:58:31,82.557,3.2972441999999997,-0.684,33.352,-117.795256,35.105347333333334,-47.49684215928515,-89.08230854621031,90.96316232015731,Before Launch
1905,2025-03-22 10:58:31,82.601,1.4665354800000001,-0.881,33.314,-117.795256,35.105347333333334,-47.45333164628801,-89.12371557068563,90.95416629995603,Before Launch
1906,2025-03-22 10:58:31,82.658,2.26706044,-1.349,33.357,-117.795256,35.105347333333334,-47.52296286477427,-89.11597798785785,90.93675161237476,Before Launch
1907,2025-03-22 10:58:31,82.705,1.41404204,-1.973,33.349,-117.795255,35.1053475,-48.02440260186489,-89.1363384323207,90.95963997732616,Before Launch
1908,2025-03-22 10:58:31,82.749,3.03149616,-1.014,33.314,-117.795255,35.1053475,-48.32459466892541,-89.1480299903346,90.9722337266579,Before Launch
1909,2025-03-22 10:58:31,82.792,3.2972441999999997,-0.686,33.352,-117.795255,35.1053475,-49.364187867839604,-89.18793063381071,90.96781974098518,Before Launch
1910,2025-03-22 10:58:32,82.841,4.19291352,0.988,33.324,-117.795255,35.1053475,-49.8423314243642,-89.15120490068155,90.97840824054393,Before Launch
1911,2025-03-22 10:58:32,82.894,3.13648304,1.007,33.347,-117.795255,35.1053475,-50.09492194059647,-89.18029680338613,90.97931209670735,Before Launch
1912,2025-03-22 10:58:32,82.937,5.27230988,0.896,33.327,-117.795255,35.1053475,-49.83836113833507,-89.19371250594509,90.97575141799695,Before Launch
1913,2025-03-22 10:58:32,82.985,3.0675854,-0.701,33.357,-117.795255,35.1053475,-49.9170333443102,-89.18621109583326,90.98290444150145,Before Launch
1914,2025-03-22 10:58:32,83.029,3.9796589200000003,-1.407,33.312,-117.795255,35.1053475,-49.96626048006164,-89.14728939024205,90.9849479236728,Before Launch
1915,2025-03-22 10:58:32,83.077,5.062336119999999,0.717,33.314,-117.795255,35.1053475,-49.86832900096401,-89.16901072701185,90.9889393719074,Before Launch
1916,2025-03-22 10:58:32,83.121,2.14566936,-0.878,33.359,-117.795255,35.1053475,-48.97745709037473,-89.17595040473456,90.94551642784567,Before Launch
1917,2025-03-22 10:58:32,83.163,3.69750668,-0.719,33.352,-117.795255,35.1053475,-48.680342562610996,-89.2047240432033,90.94337444590067,Before Launch
1918,2025-03-22 10:58:32,83.206,2.14566936,-2.313,33.359,-117.795255,35.1053475,-48.37384368411708,-89.18121380697247,90.95438090025637,Before Launch
1919,2025-03-22 10:58:32,83.248,4.80314976,1.133,33.337,-117.795255,35.1053475,-48.5941252775813,-89.1811510912049,90.97165566470657,Before Launch
1920,2025-03-22 10:58:32,83.29,2.14566936,-2.269,33.359,-117.795255,35.1053475,-49.252509288642955,-89.14913633066574,90.99346688744257,Before Launch
1921,2025-03-22 10:58:32,83.333,2.37532816,-0.656,33.359,-117.795255,35.1053475,-49.47532152764465,-89.12371833990741,91.00438156975481,Before Launch
1922,2025-03-22 10:58:32,83.375,1.8667979599999998,-1.703,33.357,-117.795255,35.1053475,-49.75278946370092,-89.11708976761263,91.01631541909018,Before Launch
1923,2025-03-22 10:58:32,83.418,2.49671924,-0.348,33.352,-117.795255,35.1053475,-49.924259457001085,-89.1249721299539,91.02525498931651,Before Launch
1924,2025-03-22 10:58:32,83.46,2.02755912,-0.436,33.362,-117.795255,35.1053475,-50.12919974265649,-89.13567907924921,91.02126983473164,Before Launch
1925,2025-03-22 10:58:32,83.502,3.1758531199999998,-1.497,33.354,-117.795255,35.1053475,-50.18835130384197,-89.16011840157351,91.02255957254462,Before Launch
1926,2025-03-22 10:58:32,83.545,1.4665354800000001,-1.019,33.357,-117.795255,35.1053475,-49.711829722895025,-89.14747256174405,91.00854244676934,Before Launch
1927,2025-03-22 10:58:32,83.59,4.071522440000001,1.814,33.339,-117.795255,35.1053475,-49.248009448852706,-89.1667423481195,90.9576569841662,Before Launch
1928,2025-03-22 10:58:32,83.645,4.54068256,2.051,33.317,-117.795255,35.1053475,-49.11955563241927,-89.17332110813292,90.94698083145357,Before Launch
1929,2025-03-22 10:58:32,83.691,4.66207364,1.204,33.314,-117.79525466666666,35.10534766666667,-48.7252721198861,-89.1680522394451,90.95368254353788,Before Launch
1930,2025-03-22 10:58:32,83.738,2.6673229199999997,1.056,33.362,-117.79525466666666,35.10534766666667,-48.51547135378729,-89.16678739654995,90.96449343475437,Before Launch
1931,2025-03-22 10:58:32,83.784,4.66207364,2.127,33.314,-117.79525466666666,35.10534766666667,-48.53966383840511,-89.19403708988038,90.95067212123044,Before Launch
1932,2025-03-22 10:58:32,83.831,3.7926510399999995,2.112,33.324,-117.79525466666666,35.10534766666667,-48.54213456701754,-89.1692649221886,90.96616897225007,Before Launch
1933,2025-03-22 10:58:33,83.878,3.69750668,0.59,33.352,-117.79525466666666,35.10534766666667,-48.523838721122466,-89.17859655133994,90.97286771655467,Before Launch
1934,2025-03-22 10:58:33,83.928,3.0675854,-0.202,33.357,-117.79525466666666,35.10534766666667,-48.345442736765975,-89.1747552558991,90.95959174121744,Before Launch
1935,2025-03-22 10:58:33,83.98,4.30118124,0.095,33.322,-117.79525466666666,35.10534766666667,-49.00855684080939,-89.15307496326561,91.00016456350711,Before Launch
1936,2025-03-22 10:58:33,84.024,4.8228348,1.492,33.344,-117.79525466666666,35.10534766666667,-49.35104253041559,-89.12952773737067,91.02748329674857,Before Launch
1937,2025-03-22 10:58:33,84.067,3.0675854,-1.951,33.357,-117.79525466666666,35.10534766666667,-49.48323406160244,-89.14093456935711,91.01210036173828,Before Launch
1938,2025-03-22 10:58:33,84.11,3.7467192799999998,0.604,33.359,-117.79525466666666,35.10534766666667,-49.30093979402288,-89.12161177223167,91.01812694435797,Before Launch
1939,2025-03-22 10:58:33,84.153,3.22834656,-0.668,33.367,-117.79525466666666,35.10534766666667,-49.036402858863575,-89.11726042287918,91.01153543731091,Before Launch
1940,2025-03-22 10:58:33,84.196,1.066273,-3.571,33.357,-117.79525466666666,35.10534766666667,-48.27927292107587,-89.13143403070559,90.97571756061663,Before Launch
1941,2025-03-22 10:58:33,84.238,2.54593184,0.358,33.359,-117.79525466666666,35.10534766666667,-47.96888290176479,-89.11478788750142,90.96498804404635,Before Launch
1942,2025-03-22 10:58:33,84.28,2.4278216,-1.137,33.362,-117.79525466666666,35.10534766666667,-47.547232867188214,-89.10430738304727,90.94533991859225,Before Launch
1943,2025-03-22 10:58:33,84.323,3.7467192799999998,1.433,33.359,-117.79525466666666,35.10534766666667,-47.524501551983036,-89.12142225824839,90.95007969084426,Before Launch
1944,2025-03-22 10:58:33,84.365,3.5761156,-1.099,33.354,-117.79525466666666,35.10534766666667,-48.66739635383337,-89.16797950702754,90.96497402396209,Before Launch
1945,2025-03-22 10:58:33,84.407,4.78018388,2.359,33.312,-117.79525466666666,35.10534766666667,-49.02038872927693,-89.16196932774552,90.9607297263303,Before Launch
1946,2025-03-22 10:58:33,84.45,2.4278216,0.047,33.359,-117.79525466666666,35.10534766666667,-49.68014875759585,-89.1659011529043,90.99401262839392,Before Launch
1947,2025-03-22 10:58:33,84.492,2.37532816,0.455,33.354,-117.79525466666666,35.10534766666667,-49.873859578092286,-89.16857641414842,90.98981635424765,Before Launch
1948,2025-03-22 10:58:33,84.534,3.7467192799999998,1.12,33.359,-117.79525466666666,35.10534766666667,-49.17932892498489,-89.16081234380505,90.98566380290444,Before Launch
1949,2025-03-22 10:58:33,84.577,3.5104988,1.328,33.364,-117.79525466666666,35.10534766666667,-48.87701227688542,-89.1492824108117,90.99075805463279,Before Launch
1950,2025-03-22 10:58:33,84.619,2.82808408,-0.311,33.362,-117.79525466666666,35.10534766666667,-48.53823410760536,-89.09556820566998,90.99358204660467,Before Launch
1951,2025-03-22 10:58:33,84.661,2.54593184,0.967,33.359,-117.79525466666666,35.10534766666667,-48.462318424612675,-89.07173729320604,90.98424328549724,Before Launch
1952,2025-03-22 10:58:33,84.704,3.62860904,-0.398,33.362,-117.7952535,35.10535016666667,-48.50876263722601,-89.08455271966844,90.97241653663798,Before Launch
1953,2025-03-22 10:58:33,84.746,3.46784788,-0.974,33.357,-117.7952535,35.10535016666667,-48.592568290788904,-89.08471085523331,90.96961464609402,Before Launch
1954,2025-03-22 10:58:33,84.79,2.54593184,-1.926,33.359,-117.7952535,35.10535016666667,-49.03002067406953,-89.13033338437236,90.98350264971508,Before Launch
1955,2025-03-22 10:58:33,84.832,3.1758531199999998,0.465,33.354,-117.7952535,35.10535016666667,-49.32158916198542,-89.12750542980773,91.01126786689466,Before Launch
1956,2025-03-22 10:58:34,84.875,2.6673229199999997,-1.828,33.357,-117.7952535,35.10535016666667,-49.813252626067886,-89.16633419000432,91.03904238290825,Before Launch
1957,2025-03-22 10:58:34,84.917,2.54593184,-1.148,33.359,-117.7952535,35.10535016666667,-50.0258464516152,-89.18278273964584,91.02745859654549,Before Launch
1958,2025-03-22 10:58:34,84.96,3.11023632,-0.543,33.364,-117.7952535,35.10535016666667,-50.3307111198295,-89.1711139900809,91.01182830207003,Before Launch
1959,2025-03-22 10:58:34,85.002,3.3464568,0.26,33.359,-117.7952535,35.10535016666667,-50.54355981252787,-89.16779024486111,91.00195978594022,Before Launch
1960,2025-03-22 10:58:34,85.044,3.5104988,-0.743,33.364,-117.7952535,35.10535016666667,-50.78864423950091,-89.2067526083634,91.0128726191108,Before Launch
1961,2025-03-22 10:58:34,85.087,4.75393716,-0.065,33.329,-117.7952535,35.10535016666667,-50.84326494590263,-89.2394378603995,91.00551467034626,Before Launch
1962,2025-03-22 10:58:34,85.129,3.69750668,0.593,33.352,-117.7952535,35.10535016666667,-50.56748655335123,-89.19420455621629,90.9759858386016,Before Launch
1963,2025-03-22 10:58:34,85.172,4.1994752,0.426,33.362,-117.7952535,35.10535016666667,-50.11003920041851,-89.19992622819876,90.97274658522976,Before Launch
1964,2025-03-22 10:58:34,85.214,2.94619432,-0.266,33.359,-117.7952535,35.10535016666667,-49.46812636212098,-89.18424076873274,90.96083635878304,Before Launch
1965,2025-03-22 10:58:34,85.256,4.77690304,3.501,33.354,-117.7952535,35.10535016666667,-49.18736547220543,-89.18289240469299,90.95926416565057,Before Launch
1966,2025-03-22 10:58:34,85.299,4.63254608,1.967,33.369,-117.7952535,35.10535016666667,-48.85015620577392,-89.17245897922986,90.92926023233976,Before Launch
1967,2025-03-22 10:58:34,85.341,2.70997384,0.266,33.364,-117.7952535,35.10535016666667,-48.90472213042694,-89.18642707836203,90.94723738795334,Before Launch
1968,2025-03-22 10:58:34,85.392,2.3097113599999997,-1.344,33.364,-117.7952535,35.10535016666667,-49.23283408125309,-89.19009192279005,90.95673597420644,Before Launch
1969,2025-03-22 10:58:34,85.436,3.28084,-0.276,33.369,-117.7952535,35.10535016666667,-49.951588918205,-89.21877026509344,90.97356108277236,Before Launch
1970,2025-03-22 10:58:34,85.479,2.5984252800000003,-2.035,33.367,-117.7952535,35.10535016666667,-50.16639208705749,-89.21542819434859,90.97148697057682,Before Launch
1971,2025-03-22 10:58:34,85.521,3.39895024,0.907,33.367,-117.7952535,35.10535016666667,-50.31901123265208,-89.2280292871814,90.9720169363768,Before Launch
1972,2025-03-22 10:58:34,85.563,1.2795276,-1.023,33.369,-117.7952535,35.10535016666667,-49.61813025284481,-89.24847287992235,90.96275843975353,Before Launch
1973,2025-03-22 10:58:34,85.606,4.56692928,0.765,33.364,-117.7952535,35.10535016666667,-48.46665559573302,-89.16976290808654,90.94016964555702,Before Launch
1974,2025-03-22 10:58:34,85.648,2.35892396,-1.075,33.372,-117.7952535,35.10535016666667,-48.116553129029256,-89.1354256735422,90.94427321865899,Before Launch
1975,2025-03-22 10:58:34,85.691,2.7591864399999997,-0.064,33.372,-117.79525333333333,35.105351666666664,-47.590447654803974,-89.1449585090311,90.94810669296474,Before Launch
1976,2025-03-22 10:58:34,85.733,2.48031504,-0.061,33.369,-117.79525333333333,35.105351666666664,-47.81646408134229,-89.14099096632391,90.94330484025666,Before Launch
1977,2025-03-22 10:58:34,85.776,2.82808408,-0.747,33.362,-117.79525333333333,35.105351666666664,-48.25807715490532,-89.12540687444469,90.96548360047211,Before Launch
1978,2025-03-22 10:58:34,85.818,2.88057752,-0.548,33.369,-117.79525333333333,35.105351666666664,-48.49331544598603,-89.12112135241513,90.98133685964174,Before Launch
1979,2025-03-22 10:58:35,85.86,3.39895024,0.797,33.367,-117.79525333333333,35.105351666666664,-48.71620161295633,-89.13910519896764,90.99446061366982,Before Launch
1980,2025-03-22 10:58:35,85.903,3.28084,0.098,33.342,-117.79525333333333,35.105351666666664,-48.787336275325664,-89.12067421819724,91.00255210915597,Before Launch
1981,2025-03-22 10:58:35,85.945,3.79921272,1.058,33.367,-117.79525333333333,35.105351666666664,-48.75182981930235,-89.13661880644018,91.00435512757358,Before Launch
1982,2025-03-22 10:58:35,85.988,3.7467192799999998,1.121,33.359,-117.79525333333333,35.105351666666664,-48.80824504272248,-89.12267868114132,91.0024631510702,Before Launch
1983,2025-03-22 10:58:35,86.03,3.3464568,0.221,33.359,-117.79525333333333,35.105351666666664,-48.85662601704674,-89.1270067817301,90.98550121952832,Before Launch
1984,2025-03-22 10:58:35,86.073,3.5104988,0.153,33.364,-117.79525333333333,35.105351666666664,-48.87437374323252,-89.12694359039732,90.99656933235241,Before Launch
1985,2025-03-22 10:58:35,86.115,5.60367472,1.954,33.337,-117.79525333333333,35.105351666666664,-48.76026728841263,-89.12291016626635,90.9983976793072,Before Launch
1986,2025-03-22 10:58:35,86.157,3.95997388,-0.742,33.372,-117.79525333333333,35.105351666666664,-48.907290040249286,-89.1288746261356,90.9962578482792,Before Launch
1987,2025-03-22 10:58:35,86.2,4.02230984,0.303,33.372,-117.79525333333333,35.105351666666664,-48.84226036953757,-89.15506486027492,90.9817269613501,Before Launch
1988,2025-03-22 10:58:35,86.242,2.99868776,-1.122,33.367,-117.79525333333333,35.105351666666664,-48.68281990132454,-89.15499137158291,90.97415677743321,Before Launch
1989,2025-03-22 10:58:35,86.284,2.88057752,-0.061,33.369,-117.79525333333333,35.105351666666664,-48.42385515494173,-89.15766138317208,90.96507621902494,Before Launch
1990,2025-03-22 10:58:35,86.327,3.62860904,-1.072,33.362,-117.79525333333333,35.105351666666664,-48.34260134961971,-89.1568559009521,90.95803141330546,Before Launch
1991,2025-03-22 10:58:35,86.369,3.9534122000000003,-0.635,33.329,-117.79525333333333,35.105351666666664,-48.13863166533197,-89.16743046531808,90.95902400255969,Before Launch
1992,2025-03-22 10:58:35,86.412,2.3097113599999997,-0.374,33.364,-117.79525333333333,35.105351666666664,-47.806628637776264,-89.15918799845996,90.96849584436866,Before Launch
1993,2025-03-22 10:58:35,86.454,2.7591864399999997,0.423,33.372,-117.79525333333333,35.105351666666664,-47.39626622286433,-89.14015990278735,90.9703089303808,Before Launch
1994,2025-03-22 10:58:35,86.497,3.32021008,0.037,33.377,-117.79525333333333,35.105351666666664,-47.21476476769445,-89.15254810185172,90.97562416676962,Before Launch
1995,2025-03-22 10:58:35,86.54,2.88057752,0.266,33.369,-117.79525333333333,35.105351666666664,-46.802583826709856,-89.11320504437064,90.9596046493924,Before Launch
1996,2025-03-22 10:58:35,86.584,3.39895024,0.0,33.374,-117.79525333333333,35.105351666666664,-46.709629777810434,-89.0960985219347,90.96919473374788,Before Launch
1997,2025-03-22 10:58:35,86.627,2.70997384,1.344,33.364,-117.79525333333333,35.105351666666664,-46.49733839115411,-89.09452889497501,90.96654606907224,Before Launch
1998,2025-03-22 10:58:35,86.669,4.71128624,0.136,33.364,-117.79525333333333,35.105351666666664,-46.50518819231517,-89.09241020684556,90.97406529566507,Before Launch
1999,2025-03-22 10:58:35,86.712,3.04133868,0.641,33.374,-117.79525316666667,35.1053515,-46.77980103907893,-89.11609978472913,90.94867357016926,Before Launch
2000,2025-03-22 10:58:35,86.754,3.04133868,0.265,33.374,-117.79525316666667,35.1053515,-46.91830039583327,-89.10189239007083,90.94374328959903,Before Launch
2001,2025-03-22 10:58:35,86.797,1.79790032,-0.641,33.367,-117.79525316666667,35.1053515,-47.41083662316848,-89.12340287018945,90.96221449598403,Before Launch
2002,2025-03-22 10:58:36,86.839,1.79790032,-0.969,33.367,-117.79525316666667,35.1053515,-47.79106286838191,-89.09279085704617,90.96231610731105,Before Launch
2003,2025-03-22 10:58:36,86.881,3.53674552,0.617,33.367,-117.79525316666667,35.1053515,-49.20287720426117,-89.11603837958907,91.02979713430292,Before Launch
2004,2025-03-22 10:58:36,86.924,3.95997388,0.527,33.372,-117.79525316666667,35.1053515,-50.2457883068318,-89.0950292800981,91.06528959710734,Before Launch
2005,2025-03-22 10:58:36,86.974,3.28084,0.0,33.369,-117.79525316666667,35.1053515,-54.416934770862085,-89.09975513746032,91.25014632627051,Before Launch
2006,2025-03-22 10:58:36,87.017,4.08136496,0.263,33.367,-117.79525316666667,35.1053515,-56.99638364249899,-89.13577868105695,91.34142211705891,Before Launch
2007,2025-03-22 10:58:36,87.061,3.6811024800000003,-0.061,33.369,-117.79525316666667,35.1053515,-57.56555885477721,-89.1362669896571,91.35694103816303,Before Launch
2008,2025-03-22 10:58:36,87.104,3.7204725599999997,0.348,33.377,-117.79525316666667,35.1053515,-57.77562176303713,-89.11875800974526,91.37603671552615,Before Launch
2009,2025-03-22 10:58:36,87.147,2.01115492,-1.396,33.379,-117.79525316666667,35.1053515,-56.769496857420684,-89.1152322033744,91.31813799294412,Before Launch
2010,2025-03-22 10:58:36,87.189,3.04133868,-2.386,33.374,-117.79525316666667,35.1053515,-54.38303639871411,-89.1359426554591,91.1832680575346,Before Launch
2011,2025-03-22 10:58:36,87.232,3.15944892,-0.745,33.372,-117.79525316666667,35.1053515,-53.239115455470575,-89.14039150955884,91.12866850592805,Before Launch
2012,2025-03-22 10:58:36,87.274,4.4816274400000005,0.428,33.369,-117.79525316666667,35.1053515,-51.5542754804522,-89.12492961239644,91.06907749478812,Before Launch
2013,2025-03-22 10:58:36,87.317,3.84186364,0.784,33.374,-117.79525316666667,35.1053515,-51.00836297213122,-89.12563897188103,91.0403389976776,Before Launch
2014,2025-03-22 10:58:36,87.359,3.04133868,0.15,33.374,-117.79525316666667,35.1053515,-49.868861305047965,-89.11310400110948,91.01173354793738,Before Launch
2015,2025-03-22 10:58:36,87.402,2.88057752,-0.696,33.369,-117.79525316666667,35.1053515,-49.47407741738328,-89.1113123614151,91.01165843229454,Before Launch
2016,2025-03-22 10:58:36,87.444,4.76049884,0.751,33.352,-117.79525316666667,35.1053515,-48.460584228146836,-89.07113629932299,90.9617766050423,Before Launch
2017,2025-03-22 10:58:36,87.487,2.6410762,0.308,33.374,-117.79525316666667,35.1053515,-48.11416851298818,-89.08346654146914,90.96868539184621,Before Launch
2018,2025-03-22 10:58:36,87.531,3.04133868,0.262,33.374,-117.79525316666667,35.1053515,-47.65366742707932,-89.11578199563219,90.95358454703472,Before Launch
2019,2025-03-22 10:58:36,87.574,3.5597114,0.222,33.372,-117.79525316666667,35.1053515,-47.51329554295036,-89.12668516758083,90.96780376900891,Before Launch
2020,2025-03-22 10:58:36,87.617,3.95997388,1.002,33.372,-117.79525316666667,35.1053515,-47.28029145510918,-89.11697886531935,90.94679438206157,Before Launch
2021,2025-03-22 10:58:36,87.659,2.2408137200000002,-1.077,33.374,-117.79525316666667,35.1053515,-47.22262319330818,-89.1063436197897,90.95174656626413,Before Launch
2022,2025-03-22 10:58:36,87.701,3.04133868,0.309,33.377,-117.79525316666667,35.1053515,-46.978375220119275,-89.11132725078174,90.9588816063937,Before Launch
2023,2025-03-22 10:58:36,87.744,4.33727048,-0.348,33.347,-117.79525316666667,35.1053515,-46.878649327859335,-89.11808050658668,90.94704249549821,Before Launch
2024,2025-03-22 10:58:36,87.786,2.77559064,-0.247,33.354,-117.79525283333334,35.1053515,-46.597825732304614,-89.095340923079,90.94109552659012,Before Launch
2025,2025-03-22 10:58:36,87.829,3.5597114,0.482,33.372,-117.79525283333334,35.1053515,-46.41721914020364,-89.06202689012568,90.9205676951731,Before Launch
2026,2025-03-22 10:58:37,87.871,3.04133868,1.158,33.374,-117.79525283333334,35.1053515,-46.17864189026233,-89.09232636026378,90.93180229778487,Before Launch
2027,2025-03-22 10:58:37,87.914,2.6410762,0.784,33.374,-117.79525283333334,35.1053515,-46.166834263637945,-89.10844462513215,90.91589387710926,Before Launch
2028,2025-03-22 10:58:37,87.956,2.2408137200000002,-1.206,33.374,-117.79525283333334,35.1053515,-46.14835170286405,-89.13257364531601,90.91191870784559,Before Launch
2029,2025-03-22 10:58:37,87.999,2.7591864399999997,-1.117,33.372,-117.79525283333334,35.1053515,-46.130475674192276,-89.13131714284336,90.8990678099597,Before Launch
2030,2025-03-22 10:58:37,88.05,5.01640436,1.613,33.349,-117.79525283333334,35.1053515,-46.35897213876008,-89.14032932898628,90.89352439609488,Before Launch
2031,2025-03-22 10:58:37,88.094,3.15944892,-0.856,33.372,-117.79525283333334,35.1053515,-46.583771267184325,-89.13103749098411,90.92874292423892,Before Launch
2032,2025-03-22 10:58:37,88.136,2.2408137200000002,-1.34,33.372,-117.79525283333334,35.1053515,-46.66250442655365,-89.12564678814579,90.92778790176384,Before Launch
2033,2025-03-22 10:58:37,88.178,2.2408137200000002,-1.378,33.374,-117.79525283333334,35.1053515,-46.73179851526919,-89.1204793735207,90.9278529268032,Before Launch
2034,2025-03-22 10:58:37,88.221,3.44160116,1.332,33.374,-117.79525283333334,35.1053515,-46.80122431257881,-89.11741838317776,90.93266480581316,Before Launch
2035,2025-03-22 10:58:37,88.263,2.81167988,-0.214,33.379,-117.79525283333334,35.1053515,-46.88290899621152,-89.09295368606244,90.95347942237996,Before Launch
2036,2025-03-22 10:58:37,88.305,2.7591864399999997,-0.373,33.372,-117.79525283333334,35.1053515,-47.00355745393776,-89.10266843577631,90.93093148298189,Before Launch
2037,2025-03-22 10:58:37,88.348,2.35892396,-1.976,33.372,-117.79525283333334,35.1053515,-47.34605575135147,-89.12008009949906,90.93207933318703,Before Launch
2038,2025-03-22 10:58:37,88.392,1.61089244,-2.075,33.379,-117.79525283333334,35.1053515,-47.57168651654211,-89.12646490434334,90.94714559823201,Before Launch
2039,2025-03-22 10:58:37,88.435,1.7191601600000002,-1.229,33.377,-117.79525283333334,35.1053515,-48.35971786556733,-89.14120764318454,90.97081438455199,Before Launch
2040,2025-03-22 10:58:37,88.477,1.31889768,-1.453,33.377,-117.79525283333334,35.1053515,-48.57399148781467,-89.14083549890366,90.97414629700114,Before Launch
2041,2025-03-22 10:58:37,88.519,1.8897638399999999,-2.67,33.382,-117.79525283333334,35.1053515,-48.775417504681855,-89.14022484337016,90.98952569784176,Before Launch
2042,2025-03-22 10:58:37,88.562,3.0905512799999997,0.418,33.379,-117.79525283333334,35.1053515,-48.78859215242585,-89.1467114373535,90.99103024359472,Before Launch
2043,2025-03-22 10:58:37,88.604,1.61089244,-1.333,33.379,-117.79525283333334,35.1053515,-48.582776714259275,-89.16786852581247,90.98147580008083,Before Launch
2044,2025-03-22 10:58:37,88.646,2.9199476,-0.597,33.377,-117.79525283333334,35.1053515,-48.498224093517926,-89.17055443954939,90.97464812158253,Before Launch
2045,2025-03-22 10:58:37,88.689,3.62860904,-0.309,33.362,-117.79525283333334,35.1053515,-48.55020754053966,-89.15662445047192,90.96376174853836,Before Launch
2046,2025-03-22 10:58:37,88.731,2.7591864399999997,0.484,33.372,-117.79525183333334,35.10535216666667,-48.74554644161181,-89.1581882830939,90.96148801118872,Before Launch
2047,2025-03-22 10:58:37,88.774,5.00000016,1.825,33.367,-117.79525183333334,35.10535216666667,-49.25034276260889,-89.18643788335058,90.96445065127372,Before Launch
2048,2025-03-22 10:58:37,88.816,2.17191608,-2.02,33.384,-117.79525183333334,35.10535216666667,-49.605354306804,-89.17692570511446,90.98571724034177,Before Launch
2049,2025-03-22 10:58:38,88.859,2.51968512,-0.238,33.377,-117.79525183333334,35.10535216666667,-50.061708107419555,-89.19244780008793,90.99826980967936,Before Launch
2050,2025-03-22 10:58:38,88.901,3.89107624,0.309,33.382,-117.79525183333334,35.10535216666667,-50.21015906606058,-89.19087217681493,91.00479839681958,Before Launch
2051,2025-03-22 10:58:38,88.944,4.4127298,1.278,33.379,-117.79525183333334,35.10535216666667,-50.661896182751555,-89.16754061246563,91.00105643947991,Before Launch
2052,2025-03-22 10:58:38,88.986,3.4153544399999998,0.722,33.349,-117.79525183333334,35.10535216666667,-50.45637449286176,-89.18608407498911,90.99798637128156,Before Launch
2053,2025-03-22 10:58:38,89.028,3.21194236,0.906,33.379,-117.79525183333334,35.10535216666667,-49.8622569772589,-89.1556372743102,91.0007466244434,Before Launch
2054,2025-03-22 10:58:38,89.071,1.7191601600000002,-0.97,33.377,-117.79525183333334,35.10535216666667,-49.25283805670504,-89.1334039772962,90.98372273223065,Before Launch
2055,2025-03-22 10:58:38,89.113,4.6423886,-0.352,33.374,-117.79525183333334,35.10535216666667,-48.472633743884025,-89.16381789144694,90.96896251709269,Before Launch
2056,2025-03-22 10:58:38,89.155,3.15944892,0.0,33.384,-117.79525183333334,35.10535216666667,-48.1125718646962,-89.13560352153036,90.96957110936766,Before Launch
2057,2025-03-22 10:58:38,89.206,2.81167988,0.534,33.379,-117.79525183333334,35.10535216666667,-48.43172601402826,-89.13871657361257,90.951151765049,Before Launch
2058,2025-03-22 10:58:38,89.25,3.1758531199999998,0.872,33.354,-117.79525183333334,35.10535216666667,-49.00248671254855,-89.15433549319506,90.99801343998871,Before Launch
2059,2025-03-22 10:58:38,89.292,4.40288728,0.898,33.337,-117.79525183333334,35.10535216666667,-49.15761925027224,-89.15645605970771,90.9907803612013,Before Launch
2060,2025-03-22 10:58:38,89.335,2.6902888,-0.113,33.382,-117.79525183333334,35.10535216666667,-49.25159917725525,-89.14376371909651,91.00009340897861,Before Launch
2061,2025-03-22 10:58:38,89.377,3.62860904,0.811,33.362,-117.79525183333334,35.10535216666667,-49.21078615979504,-89.14871707205498,91.00350795241961,Before Launch
2062,2025-03-22 10:58:38,89.42,3.49081376,1.056,33.382,-117.79525183333334,35.10535216666667,-48.50108129340808,-89.14104267253997,91.00562798693758,Before Launch
2063,2025-03-22 10:58:38,89.462,0.74146984,-0.813,33.389,-117.79525183333334,35.10535216666667,-48.319702508862555,-89.13962219096297,91.00072179669914,Before Launch
2064,2025-03-22 10:58:38,89.504,3.89107624,2.032,33.382,-117.79525183333334,35.10535216666667,-48.118000127113405,-89.10392836160484,91.02004676226353,Before Launch
2065,2025-03-22 10:58:38,89.547,3.44160116,1.984,33.374,-117.79525183333334,35.10535216666667,-48.352044432030816,-89.11277996729274,91.01854684417908,Before Launch
2066,2025-03-22 10:58:38,89.589,1.7716536,-0.11,33.352,-117.79525183333334,35.10535216666667,-48.74391608121776,-89.13153530234635,91.02032879508833,Before Launch
2067,2025-03-22 10:58:38,89.631,3.0905512799999997,0.0,33.382,-117.79525183333334,35.10535216666667,-48.88597107655696,-89.12081769200475,91.01883780121265,Before Launch
2068,2025-03-22 10:58:38,89.674,3.02493448,1.322,33.392,-117.79525183333334,35.10535216666667,-49.094504760243375,-89.12746721603891,91.0169721945153,Before Launch
2069,2025-03-22 10:58:38,89.716,4.59973768,1.57,33.367,-117.79525266666667,35.105351666666664,-49.20256426449747,-89.11916689826073,90.98943272906737,Before Launch
2070,2025-03-22 10:58:38,89.759,3.61220484,-0.015,33.379,-117.79525266666667,35.105351666666664,-49.231614781996605,-89.12889496770721,91.01031092861562,Before Launch
2071,2025-03-22 10:58:38,89.801,2.88057752,0.113,33.369,-117.79525266666667,35.105351666666664,-49.02794228274665,-89.11393111195353,91.0113865326068,Before Launch
2072,2025-03-22 10:58:39,89.843,2.29002632,-2.535,33.382,-117.79525266666667,35.105351666666664,-48.72773716883443,-89.131796968164,90.99334888376426,Before Launch
2073,2025-03-22 10:58:39,89.886,3.61220484,1.346,33.382,-117.79525266666667,35.105351666666664,-48.671017226416794,-89.12327899618914,90.99890490394891,Before Launch
2074,2025-03-22 10:58:39,89.928,1.7716536,-0.7,33.384,-117.79525266666667,35.105351666666664,-48.473607675495074,-89.12457166450962,91.00641773748193,Before Launch
2075,2025-03-22 10:58:39,89.971,4.01246732,0.113,33.379,-117.79525266666667,35.105351666666664,-48.511530537977436,-89.12546281799645,91.00692624640932,Before Launch
2076,2025-03-22 10:58:39,90.013,3.89107624,-0.488,33.382,-117.79525266666667,35.105351666666664,-49.19310600572162,-89.16484604760406,90.99345747657387,Before Launch
2077,2025-03-22 10:58:39,90.055,3.61220484,0.184,33.379,-117.79525266666667,35.105351666666664,-49.59782929571386,-89.18572172150328,91.0202728695049,Before Launch
2078,2025-03-22 10:58:39,90.098,2.34251976,-0.813,33.389,-117.79525266666667,35.105351666666664,-49.925535794369786,-89.13804447631647,91.02049463059421,Before Launch
2079,2025-03-22 10:58:39,90.14,2.97244104,1.172,33.384,-117.79525266666667,35.105351666666664,-49.906063617064014,-89.13253564444797,91.0308903551012,Before Launch
2080,2025-03-22 10:58:39,90.183,3.25459328,-1.297,33.382,-117.79525266666667,35.105351666666664,-49.91059092246902,-89.12441400660165,91.05101707107387,Before Launch
2081,2025-03-22 10:58:39,90.225,3.25459328,0.089,33.387,-117.79525266666667,35.105351666666664,-49.728296654007714,-89.13194548977653,91.05093834164957,Before Launch
2082,2025-03-22 10:58:39,90.267,3.49081376,0.64,33.382,-117.79525266666667,35.105351666666664,-49.492901185117795,-89.10677023841221,91.05381570708127,Before Launch
2083,2025-03-22 10:58:39,90.31,1.65354336,-1.436,33.387,-117.79525266666667,35.105351666666664,-49.46654862207841,-89.08019878828229,91.04017406768699,Before Launch
2084,2025-03-22 10:58:39,90.352,2.81167988,-1.501,33.379,-117.79525266666667,35.105351666666664,-49.31825569807568,-89.10887862493098,91.02737050680523,Before Launch
2085,2025-03-22 10:58:39,90.394,2.10301844,-0.555,33.394,-117.79525266666667,35.105351666666664,-49.25324758260435,-89.12229510089554,91.02522800281781,Before Launch
2086,2025-03-22 10:58:39,90.437,1.94225728,-1.591,33.389,-117.79525266666667,35.105351666666664,-49.113596528125974,-89.11973779996934,90.995254578036,Before Launch
2087,2025-03-22 10:58:39,90.479,2.22440952,-1.196,33.367,-117.79525266666667,35.105351666666664,-49.162626481139824,-89.12299047621144,91.00966907122871,Before Launch
2088,2025-03-22 10:58:39,90.523,5.53805792,4.521,33.347,-117.79525266666667,35.105351666666664,-47.97709009039626,-89.13739512410166,90.99767071613718,Before Launch
2089,2025-03-22 10:58:39,90.566,2.5721785600000002,-1.242,33.384,-117.79525266666667,35.105351666666664,-47.37569790364411,-89.11878627226518,90.97752184975835,Before Launch
2090,2025-03-22 10:58:39,90.608,2.6902888,-0.708,33.389,-117.79525266666667,35.105351666666664,-46.53459137088403,-89.11927481484538,90.94199990117751,Before Launch
2091,2025-03-22 10:58:39,90.651,2.22440952,0.426,33.392,-117.79525266666667,35.105351666666664,-46.34706032529929,-89.09416798690657,90.94172183959755,Before Launch
2092,2025-03-22 10:58:39,90.693,2.45406832,-0.599,33.387,-117.79524816666667,35.10535566666667,-47.60135425105335,-89.0889076647998,90.96807784997743,Before Launch
2093,2025-03-22 10:58:39,90.735,3.14304472,0.111,33.389,-117.79524816666667,35.10535566666667,-48.35311023536114,-89.08301151988503,90.97176274547384,Before Launch
2094,2025-03-22 10:58:39,90.778,5.3215224800000005,0.68,33.377,-117.79524816666667,35.10535566666667,-49.235497336108196,-89.08427258768852,91.02821168904246,Before Launch
2095,2025-03-22 10:58:39,90.82,3.89107624,0.263,33.382,-117.79524816666667,35.10535566666667,-49.50027206098464,-89.08431619077939,91.03018605662278,Before Launch
2096,2025-03-22 10:58:40,90.862,2.6902888,-0.179,33.382,-117.79524816666667,35.10535566666667,-49.46972460979665,-89.11347688094843,91.02955607081589,Before Launch
2097,2025-03-22 10:58:40,90.905,2.45406832,0.154,33.392,-117.79524816666667,35.10535566666667,-49.19584086678576,-89.12756181332114,90.99937112705267,Before Launch
2098,2025-03-22 10:58:40,90.947,4.05511824,0.417,33.387,-117.79524816666667,35.10535566666667,-48.88760688217995,-89.15338822702596,91.00894869258634,Before Launch
2099,2025-03-22 10:58:40,90.99,2.74278224,0.914,33.389,-117.79524816666667,35.10535566666667,-48.96382649082951,-89.1617756087318,90.9969086233875,Before Launch
2100,2025-03-22 10:58:40,91.032,3.7467192799999998,-0.25,33.359,-117.79524816666667,35.10535566666667,-49.51805305534477,-89.15313043448954,90.99502612138978,Before Launch
2101,2025-03-22 10:58:40,91.075,2.55577436,-1.257,33.402,-117.79524816666667,35.10535566666667,-49.764850628239245,-89.1441185521454,91.0158278642445,Before Launch
2102,2025-03-22 10:58:40,91.117,3.14304472,-0.442,33.389,-117.79524816666667,35.10535566666667,-50.04233757545688,-89.1535049356281,91.03013622200395,Before Launch
2103,2025-03-22 10:58:40,91.159,3.70406836,1.283,33.394,-117.79524816666667,35.10535566666667,-50.13957281972342,-89.15017754370557,91.0155029027262,Before Launch
2104,2025-03-22 10:58:40,91.21,2.6902888,-0.264,33.382,-117.79524816666667,35.10535566666667,-50.10599806356929,-89.12995864283678,91.01463311582913,Before Launch
2105,2025-03-22 10:58:40,91.254,3.37270352,0.11,33.384,-117.79524816666667,35.10535566666667,-49.86910915834856,-89.1396334713097,91.00905806851897,Before Launch
2106,2025-03-22 10:58:40,91.296,3.5433072,0.27,33.389,-117.79524816666667,35.10535566666667,-49.51329271274839,-89.14376726380613,90.98962491669414,Before Launch
2107,2025-03-22 10:58:40,91.339,3.04133868,-0.419,33.389,-117.79524816666667,35.10535566666667,-48.71275806996138,-89.14863769770557,90.98006850449467,Before Launch
2108,2025-03-22 10:58:40,91.382,2.8543308,1.12,33.387,-117.79524816666667,35.10535566666667,-48.56639021897881,-89.15759088601149,90.98010810035156,Before Launch
2109,2025-03-22 10:58:40,91.424,7.39501336,4.275,33.324,-117.79524816666667,35.10535566666667,-48.33392594356442,-89.11365866943254,90.95956197246257,Before Launch
2110,2025-03-22 10:58:40,91.467,3.94356968,1.715,33.389,-117.79524816666667,35.10535566666667,-48.2637939399339,-89.11889600653848,90.97287922054291,Before Launch
2111,2025-03-22 10:58:40,91.509,3.94356968,1.867,33.389,-117.79524816666667,35.10535566666667,-48.36537855646056,-89.16018586256932,90.94029931680292,Before Launch
2112,2025-03-22 10:58:40,91.552,3.3562993199999998,1.055,33.402,-117.79524816666667,35.10535566666667,-48.40620194050924,-89.15879710300611,90.94843103173488,Before Launch
2113,2025-03-22 10:58:40,91.594,3.6548557600000002,-1.758,33.387,-117.79524816666667,35.10535566666667,-48.16564371643124,-89.17448059388656,90.93657338876832,Before Launch
2114,2025-03-22 10:58:40,91.637,4.29133872,1.605,33.382,-117.79524816666667,35.10535566666667,-48.15356856317908,-89.19453106283476,90.9271209668965,Before Launch
2115,2025-03-22 10:58:40,91.679,1.63385832,-0.986,33.404,-117.79524816666667,35.10535566666667,-47.880562244906656,-89.16548545059841,90.92176102818685,Before Launch
2116,2025-03-22 10:58:40,91.722,1.06299216,-1.084,33.399,-117.79524816666667,35.105355,-47.88495920891668,-89.16350250943663,90.9305990725214,Before Launch
2117,2025-03-22 10:58:40,91.77,2.9035434,0.417,33.394,-117.79524816666667,35.105355,-47.881581703194676,-89.11495277428827,90.92920410197081,Before Launch
2118,2025-03-22 10:58:40,91.814,3.06430456,-0.073,33.399,-117.79524816666667,35.105355,-48.04169381675457,-89.10774996320039,90.96058339183205,Before Launch
2119,2025-03-22 10:58:41,91.858,2.6246720000000003,-2.497,33.392,-117.79524816666667,35.105355,-48.11876591077966,-89.1056869870623,90.97145401317933,Before Launch
2120,2025-03-22 10:58:41,91.901,2.95603684,-0.865,33.402,-117.79524816666667,35.105355,-48.166979271948996,-89.13559175029857,90.96198424447347,Before Launch
2121,2025-03-22 10:58:41,91.943,2.6246720000000003,-0.061,33.392,-117.79524816666667,35.105355,-48.22040482158904,-89.14081100925236,90.97820500185702,Before Launch
2122,2025-03-22 10:58:41,91.986,3.5433072,1.008,33.389,-117.79524816666667,35.105355,-48.364000032698435,-89.13986963631352,90.9622326284875,Before Launch
2123,2025-03-22 10:58:41,92.028,3.82545944,-0.212,33.392,-117.79524816666667,35.105355,-48.45183179564445,-89.13327101917731,90.95449141577322,Before Launch
2124,2025-03-22 10:58:41,92.07,5.02624688,2.114,33.394,-117.79524816666667,35.105355,-48.589583052957444,-89.1705641293001,90.94136086359843,Before Launch
2125,2025-03-22 10:58:41,92.113,2.10301844,-1.521,33.394,-117.79524816666667,35.105355,-48.7483403359142,-89.18527495203351,90.93079122011576,Before Launch
2126,2025-03-22 10:58:41,92.155,3.11023632,0.513,33.364,-117.79524816666667,35.105355,-49.199881941720875,-89.13035844947532,90.96580119483019,Before Launch
2127,2025-03-22 10:58:41,92.198,3.3038058799999996,0.149,33.394,-117.79524816666667,35.105355,-49.42884374807918,-89.13493352190982,90.97302012789157,Before Launch
2128,2025-03-22 10:58:41,92.24,2.2637796,-1.332,33.399,-117.79524816666667,35.105355,-50.34217335087175,-89.20205585961389,90.989740456232,Before Launch
2129,2025-03-22 10:58:41,92.283,2.22440952,-0.434,33.392,-117.79524816666667,35.105355,-50.954351106561916,-89.18717045177297,91.00280150849721,Before Launch
2130,2025-03-22 10:58:41,92.325,3.42519696,0.049,33.392,-117.79524816666667,35.105355,-48.439445209187156,-89.22517695862199,90.87065062045075,Before Launch
2131,2025-03-22 10:58:41,92.368,3.95997388,0.389,33.397,-117.79524816666667,35.105355,-47.05084229170061,-89.2436562459247,90.81184223125273,Before Launch
2132,2025-03-22 10:58:41,92.41,3.82545944,0.732,33.392,-117.79524816666667,35.105355,-45.335392415205504,-89.29439852561019,90.74818582943838,Before Launch
2133,2025-03-22 10:58:41,92.453,3.18569564,0.309,33.397,-117.79524816666667,35.105355,-44.804283171316825,-89.30741201008257,90.72488094439923,Before Launch
2134,2025-03-22 10:58:41,92.503,4.265092,-2.901,33.399,-117.79524816666667,35.105355,-43.51577026377899,-89.25815612687008,90.7153220158057,Before Launch
2135,2025-03-22 10:58:41,92.548,4.50459332,0.519,33.394,-117.79524816666667,35.105355,-45.66476278459293,-89.21601055240598,90.80421852902417,Before Launch
2136,2025-03-22 10:58:41,92.591,2.2637796,-1.552,33.399,-117.79524816666667,35.105355,-46.64069433318175,-89.19621299204219,90.82790148048234,Before Launch
2137,2025-03-22 10:58:41,92.633,3.18569564,-0.158,33.397,-117.79524816666667,35.105355,-47.14059334187174,-89.14359368471197,90.89092098469153,Before Launch
2138,2025-03-22 10:58:41,92.675,3.06430456,-0.546,33.399,-117.79524816666667,35.105355,-47.176715357735596,-89.14817416719316,90.89867149914704,Before Launch
2139,2025-03-22 10:58:41,92.718,0.48556432,-3.521,33.412,-117.79524816666667,35.10535433333333,-46.93984566303351,-89.10686857361115,90.9186102380609,Before Launch
2140,2025-03-22 10:58:41,92.76,3.5433072,1.766,33.389,-117.79524816666667,35.10535433333333,-46.93110483726027,-89.10154987670136,90.94335348185058,Before Launch
2141,2025-03-22 10:58:41,92.803,2.50328092,1.332,33.409,-117.79524816666667,35.10535433333333,-46.90877317608647,-89.09031902887213,90.94959994104538,Before Launch
2142,2025-03-22 10:58:42,92.845,2.55577436,-0.324,33.402,-117.79524816666667,35.10535433333333,-47.27532132267515,-89.08478082875857,90.93526195172478,Before Launch
2143,2025-03-22 10:58:42,92.888,3.46456704,0.373,33.399,-117.79524816666667,35.10535433333333,-48.09014766667937,-89.09792063669121,90.95597412830622,Before Launch
2144,2025-03-22 10:58:42,92.93,3.9862206000000002,1.27,33.397,-117.79524816666667,35.10535433333333,-48.532666931168535,-89.10660988526662,90.98070801299401,Before Launch
2145,2025-03-22 10:58:42,92.972,5.17716552,2.074,33.354,-117.79524816666667,35.10535433333333,-49.680454707349654,-89.14792507103947,90.98649107655608,Before Launch
2146,2025-03-22 10:58:42,93.015,3.3038058799999996,0.634,33.394,-117.79524816666667,35.10535433333333,-50.062310201342825,-89.15641388434143,91.01120526209749,Before Launch
2147,2025-03-22 10:58:42,93.057,1.51574808,-1.893,33.407,-117.79524816666667,35.10535433333333,-50.81177957315942,-89.14920358377293,91.01584342647942,Before Launch
2148,2025-03-22 10:58:42,93.1,2.50328092,-1.233,33.404,-117.79524816666667,35.10535433333333,-50.88185213731365,-89.1519610507619,91.02106277919208,Before Launch
2149,2025-03-22 10:58:42,93.142,2.7854331599999997,-2.09,33.397,-117.79524816666667,35.10535433333333,-50.55284624057312,-89.18136682115532,91.02843688584922,Before Launch
2150,2025-03-22 10:58:42,93.184,2.43438328,0.309,33.404,-117.79524816666667,35.10535433333333,-50.13088966559421,-89.1744090456957,91.02630766978217,Before Launch
2151,2025-03-22 10:58:42,93.227,2.50328092,-0.566,33.404,-117.79524816666667,35.10535433333333,-49.34740262010899,-89.16094665969352,91.02275582133007,Before Launch
2152,2025-03-22 10:58:42,93.269,3.70406836,0.374,33.394,-117.79524816666667,35.10535433333333,-49.11271302475345,-89.1600458240446,91.01329329838565,Before Launch
2153,2025-03-22 10:58:42,93.318,3.3038058799999996,0.965,33.394,-117.79524816666667,35.10535433333333,-48.81518986541493,-89.13629672592303,91.01681818987156,Before Launch
2154,2025-03-22 10:58:42,93.365,2.43438328,0.194,33.404,-117.79524816666667,35.10535433333333,-48.69215616572138,-89.14042334611725,91.0080339157013,Before Launch
2155,2025-03-22 10:58:42,93.408,3.7565618,0.306,33.402,-117.79524816666667,35.10535433333333,-48.8319787673973,-89.13455665113665,91.00267403082049,Before Launch
2156,2025-03-22 10:58:42,93.45,3.42519696,-0.494,33.392,-117.79524816666667,35.10535433333333,-49.05025960527135,-89.13850596112395,91.01010477272196,Before Launch
2157,2025-03-22 10:58:42,93.493,2.66404208,-1.072,33.399,-117.79524816666667,35.10535433333333,-49.15922049858633,-89.13096573114277,91.00090560573891,Before Launch
2158,2025-03-22 10:58:42,93.535,3.79921272,0.567,33.367,-117.79524816666667,35.10535433333333,-48.952696869753495,-89.12157097004032,90.98543953976869,Before Launch
2159,2025-03-22 10:58:42,93.578,3.3038058799999996,-0.894,33.394,-117.79524816666667,35.10535433333333,-49.03227552482008,-89.11442320629813,90.99366311081911,Before Launch
2160,2025-03-22 10:58:42,93.62,2.43438328,-1.931,33.404,-117.79524816666667,35.10535433333333,-49.157514279218915,-89.12627392186478,91.01179499224835,Before Launch
2161,2025-03-22 10:58:42,93.662,1.8635171199999998,-0.374,33.404,-117.79524816666667,35.10535433333333,-49.08249769964906,-89.14890585446233,91.00738653468522,Before Launch
2162,2025-03-22 10:58:42,93.705,1.56824152,-1.509,33.414,-117.79524816666667,35.10535433333333,-49.26120587563434,-89.14598934676485,90.98955752928947,Before Launch
2163,2025-03-22 10:58:42,93.747,2.38517068,-0.634,33.397,-117.79524816666667,35.10535433333333,-49.35581897979581,-89.15044151899087,91.01469666857531,Before Launch
2164,2025-03-22 10:58:42,93.789,1.9849082,1.4,33.397,-117.795248,35.105353666666666,-49.46001123860765,-89.1592466513225,91.00310033082943,Before Launch
2165,2025-03-22 10:58:42,93.832,3.58595812,0.04,33.397,-117.795248,35.105353666666666,-49.48812991374922,-89.16823971020246,91.00055479457396,Before Launch
2166,2025-03-22 10:58:43,93.874,1.23359584,-1.186,33.404,-117.795248,35.105353666666666,-49.29774082965094,-89.18859676894897,90.98875323198075,Before Launch
2167,2025-03-22 10:58:43,93.916,4.82939648,2.123,33.362,-117.795248,35.105353666666666,-49.28317540492692,-89.18734066220202,90.98751967813324,Before Launch
2168,2025-03-22 10:58:43,93.959,2.38517068,-1.008,33.409,-117.795248,35.105353666666666,-49.253564268751646,-89.16529764980945,90.98745151078361,Before Launch
2169,2025-03-22 10:58:43,94.001,2.48687672,-1.4,33.412,-117.795248,35.105353666666666,-49.25285928190065,-89.17359268799869,90.98235206058352,Before Launch
2170,2025-03-22 10:58:43,94.044,1.91601056,-3.042,33.407,-117.795248,35.105353666666666,-49.347449996970965,-89.17285660644716,90.97753787165264,Before Launch
2171,2025-03-22 10:58:43,94.086,2.2637796,-0.971,33.399,-117.795248,35.105353666666666,-49.71409906046164,-89.1722780946539,90.98626036953281,Before Launch
2172,2025-03-22 10:58:43,94.129,2.99868776,1.383,33.409,-117.795248,35.105353666666666,-50.16855022713778,-89.16253947296694,91.00983645421701,Before Launch
2173,2025-03-22 10:58:43,94.171,2.08661424,-0.389,33.412,-117.795248,35.105353666666666,-50.24633524100855,-89.1616601572046,90.99694150334787,Before Launch
2174,2025-03-22 10:58:43,94.221,2.71653552,-0.064,33.407,-117.795248,35.105353666666666,-49.949802926232785,-89.15305456355266,91.00632100256848,Before Launch
2175,2025-03-22 10:58:43,94.265,3.61220484,1.09,33.342,-117.795248,35.105353666666666,-49.60594003614544,-89.16452142617926,91.00423159764463,Before Launch
2176,2025-03-22 10:58:43,94.308,3.06430456,0.519,33.399,-117.795248,35.105353666666666,-49.389278729686296,-89.16279664164273,91.0114704816155,Before Launch
2177,2025-03-22 10:58:43,94.35,1.2860892800000001,-2.237,33.412,-117.795248,35.105353666666666,-48.96045907964619,-89.11731964530325,90.9964374000427,Before Launch
2178,2025-03-22 10:58:43,94.392,1.68635176,-1.506,33.412,-117.795248,35.105353666666666,-48.505065558143876,-89.11812927723273,90.98066695688036,Before Launch
2179,2025-03-22 10:58:43,94.435,1.51574808,-0.859,33.407,-117.795248,35.105353666666666,-47.98291837295518,-89.12036835188773,90.99996244480239,Before Launch
2180,2025-03-22 10:58:43,94.477,3.91076128,0.144,33.364,-117.795248,35.105353666666666,-47.81085433155329,-89.12302571617953,91.00275263358604,Before Launch
2181,2025-03-22 10:58:43,94.52,0.83333336,-2.422,33.404,-117.795248,35.105353666666666,-47.87589480891066,-89.1211331787336,90.9846850350015,Before Launch
2182,2025-03-22 10:58:43,94.562,2.31627304,-0.325,33.412,-117.795248,35.105353666666666,-48.04829676082307,-89.13461070172717,90.98046378510122,Before Launch
2183,2025-03-22 10:58:43,94.604,1.68635176,-1.976,33.412,-117.795248,35.105353666666666,-48.00507197916303,-89.12707362776398,90.96318213397682,Before Launch
2184,2025-03-22 10:58:43,94.647,3.28740168,-0.015,33.412,-117.795248,35.105353666666666,-47.94890856030897,-89.1178080668682,90.93897298001941,Before Launch
2185,2025-03-22 10:58:43,94.689,0.92847772,-1.409,33.419,-117.795249,35.10535383333333,-47.88128652889522,-89.13011977521089,90.9402747182319,Before Launch
2186,2025-03-22 10:58:43,94.731,2.08661424,0.209,33.412,-117.795249,35.10535383333333,-48.0110027849119,-89.13519995794175,90.92382452999296,Before Launch
2187,2025-03-22 10:58:43,94.774,1.68635176,0.11,33.412,-117.795249,35.10535383333333,-48.441183326504174,-89.15551107641294,90.92743246576042,Before Launch
2188,2025-03-22 10:58:43,94.816,2.08661424,-0.279,33.412,-117.795249,35.10535383333333,-48.7576730537651,-89.12901052038936,90.95755382000556,Before Launch
2189,2025-03-22 10:58:44,94.859,2.1981628,0.199,33.339,-117.795249,35.10535383333333,-49.57907448997757,-89.16451726285261,90.97693371254928,Before Launch
2190,2025-03-22 10:58:44,94.901,3.3562993199999998,-0.215,33.402,-117.795249,35.10535383333333,-49.99640207321517,-89.19479888320531,90.96508537606759,Before Launch
2191,2025-03-22 10:58:44,94.944,2.66404208,1.337,33.399,-117.795249,35.10535383333333,-50.33485547895513,-89.22060442553172,90.95926153612653,Before Launch
2192,2025-03-22 10:58:44,94.986,2.83464576,-1.864,33.404,-117.795249,35.10535383333333,-50.2977885082415,-89.22817703143446,90.94062597948009,Before Launch
2193,2025-03-22 10:58:44,95.029,3.51706048,1.058,33.407,-117.795249,35.10535383333333,-50.236416090343546,-89.22941561209826,90.92248995157138,Before Launch
2194,2025-03-22 10:58:44,95.071,3.28740168,0.748,33.412,-117.795249,35.10535383333333,-50.08825242495859,-89.21799776405362,90.92734883968762,Before Launch
2195,2025-03-22 10:58:44,95.114,2.31627304,0.374,33.407,-117.795249,35.10535383333333,-49.66957722715209,-89.18505624770398,90.92201260924425,Before Launch
2196,2025-03-22 10:58:44,95.156,3.68766416,1.331,33.412,-117.795249,35.10535383333333,-49.42765662852732,-89.18770253935303,90.94757698163262,Before Launch
2197,2025-03-22 10:58:44,95.198,2.48687672,-0.479,33.412,-117.795249,35.10535383333333,-49.36820748205191,-89.17218716312378,90.98412872073608,Before Launch
2198,2025-03-22 10:58:44,95.241,2.31627304,0.215,33.407,-117.795249,35.10535383333333,-49.17081728867687,-89.17288461673581,90.98845568102672,Before Launch
2199,2025-03-22 10:58:44,95.283,2.1981628,-0.488,33.414,-117.795249,35.10535383333333,-48.383340647485575,-89.1292009171541,90.9770271769369,Before Launch
2200,2025-03-22 10:58:44,95.326,3.14304472,-0.442,33.389,-117.795249,35.10535383333333,-48.023061142779845,-89.12138132457079,90.95829680856971,Before Launch
2201,2025-03-22 10:58:44,95.368,2.31627304,-0.706,33.407,-117.795249,35.10535383333333,-47.269846624628734,-89.09586802089272,90.95440446138434,Before Launch
2202,2025-03-22 10:58:44,95.41,2.83464576,1.461,33.404,-117.795249,35.10535383333333,-47.013784240982694,-89.07244421632501,90.94514723442363,Before Launch
2203,2025-03-22 10:58:44,95.453,2.36876648,0.643,33.414,-117.795249,35.10535383333333,-47.091575282189446,-89.10448496980415,90.9595761823821,Before Launch
2204,2025-03-22 10:58:44,95.495,2.48687672,0.916,33.412,-117.795249,35.10535383333333,-47.297555876169575,-89.11492408503469,90.96278417799724,Before Launch
2205,2025-03-22 10:58:44,95.537,3.82545944,-0.08,33.392,-117.795249,35.10535383333333,-48.1996579439425,-89.1225996111253,90.96204803294059,Before Launch
2206,2025-03-22 10:58:44,95.58,1.3287402000000001,0.467,33.419,-117.795249,35.10535383333333,-48.660070563708814,-89.12517113650708,90.98734613802397,Before Launch
2207,2025-03-22 10:58:44,95.622,2.52952764,0.201,33.419,-117.795249,35.10535383333333,-49.20067862595594,-89.18521563366808,91.00331352055896,Before Launch
2208,2025-03-22 10:58:44,95.665,2.8871392,1.132,33.412,-117.795249,35.10535383333333,-49.410168160472395,-89.16045716322759,91.01425039879163,Before Launch
2209,2025-03-22 10:58:44,95.708,2.48687672,-0.755,33.412,-117.79524933333333,35.10535333333333,-48.809345841996034,-89.14864626130577,90.98815267039734,Before Launch
2210,2025-03-22 10:58:44,95.75,4.49803164,3.364,33.352,-117.79524933333333,35.10535333333333,-48.57209300748842,-89.15601442722289,90.97682931383926,Before Launch
2211,2025-03-22 10:58:44,95.792,1.8471129199999998,-0.226,33.417,-117.79524933333333,35.10535333333333,-48.026360850475584,-89.17066479542815,90.96413253947892,Before Launch
2212,2025-03-22 10:58:45,95.835,2.48687672,0.755,33.412,-117.79524933333333,35.10535333333333,-47.89353518481602,-89.14678643503622,90.96788930152631,Before Launch
2213,2025-03-22 10:58:45,95.878,1.04658796,-0.979,33.417,-117.79524933333333,35.10535333333333,-48.007542087454205,-89.14358260581005,90.9525087881281,Before Launch
2214,2025-03-22 10:58:45,95.92,2.08661424,-0.105,33.412,-117.79524933333333,35.10535333333333,-48.00886421638602,-89.14206548789177,90.97631635158946,Before Launch
2215,2025-03-22 10:58:45,95.963,3.0479003600000003,-0.29,33.417,-117.79524933333333,35.10535333333333,-47.787982230748185,-89.11838449244243,90.95912072571163,Before Launch
2216,2025-03-22 10:58:45,96.005,1.56824152,-1.033,33.414,-117.79524933333333,35.10535333333333,-47.74695169314349,-89.12893347137576,90.97803095850097,Before Launch
2217,2025-03-22 10:58:45,96.047,1.1679790399999999,-1.571,33.414,-117.79524933333333,35.10535333333333,-47.57148695964568,-89.08561930059747,90.97485469684197,Before Launch
2218,2025-03-22 10:58:45,96.09,1.56824152,-1.837,33.414,-117.79524933333333,35.10535333333333,-47.439363737281916,-89.08801698885605,90.98578319439308,Before Launch
2219,2025-03-22 10:58:45,96.132,1.9685039999999998,-1.243,33.414,-117.79524933333333,35.10535333333333,-47.4821216680665,-89.10423123790343,90.96602946857693,Before Launch
2220,2025-03-22 10:58:45,96.175,0.8858268,-1.348,33.412,-117.79524933333333,35.10535333333333,-47.45012672128432,-89.10657488170105,90.97349564557102,Before Launch
2221,2025-03-22 10:58:45,96.217,0.76771656,-2.752,33.414,-117.79524933333333,35.10535333333333,-47.8861155402738,-89.11219088247186,90.97825915338083,Before Launch
2222,2025-03-22 10:58:45,96.259,1.2860892800000001,-1.132,33.412,-117.79524933333333,35.10535333333333,-48.27624651757508,-89.13976288564294,90.97555009911777,Before Launch
2223,2025-03-22 10:58:45,96.302,2.1981628,-0.111,33.414,-117.79524933333333,35.10535333333333,-48.391164142791546,-89.14984736170558,90.97135986632756,Before Launch
2224,2025-03-22 10:58:45,96.345,2.8871392,0.649,33.412,-117.79524933333333,35.10535333333333,-48.55473437413394,-89.15243936367223,90.97354572040472,Before Launch
2225,2025-03-22 10:58:45,96.387,1.56824152,-1.484,33.414,-117.79524933333333,35.10535333333333,-48.890241572629314,-89.15825881438863,90.9602484048144,Before Launch
2226,2025-03-22 10:58:45,96.43,2.08661424,-0.216,33.409,-117.79524933333333,35.10535333333333,-48.97229005408889,-89.18627181117202,90.94973496523097,Before Launch
2227,2025-03-22 10:58:45,96.472,1.6174541199999999,-1.146,33.421,-117.79524933333333,35.10535333333333,-48.99586621622529,-89.20360446283833,90.96380762649112,Before Launch
2228,2025-03-22 10:58:45,96.515,1.44685044,-0.868,33.417,-117.79524933333333,35.10535333333333,-49.08787411493658,-89.20213774929718,90.97330648631694,Before Launch
2229,2025-03-22 10:58:45,96.558,-0.10170604,-2.435,33.424,-117.79524933333333,35.10535333333333,-49.37364230134667,-89.17318960477503,90.98078171805543,Before Launch
2230,2025-03-22 10:58:45,96.6,3.21850404,-0.571,33.421,-117.79524933333333,35.10535333333333,-49.574626522225365,-89.16133635928959,90.99192328086369,Before Launch
2231,2025-03-22 10:58:45,96.643,1.8471129199999998,0.488,33.417,-117.79524933333333,35.10535333333333,-49.98182002466048,-89.15724356846358,91.02511534487877,Before Launch
2232,2025-03-22 10:58:45,96.685,2.64763788,0.111,33.417,-117.79524866666667,35.105352833333335,-50.1706343444165,-89.16811132844914,91.02897671347158,Before Launch
2233,2025-03-22 10:58:45,96.737,1.44685044,-1.344,33.414,-117.79524866666667,35.105352833333335,-50.63545561972881,-89.15918518489289,91.01893528781501,Before Launch
2234,2025-03-22 10:58:45,96.781,2.12926516,-0.333,33.419,-117.79524866666667,35.105352833333335,-50.94928354942871,-89.16748061621743,91.00890805225144,Before Launch
2235,2025-03-22 10:58:45,96.823,1.3287402000000001,-2.954,33.419,-117.79524866666667,35.105352833333335,-50.87908994541555,-89.15396731174815,90.9921861770906,Before Launch
2236,2025-03-22 10:58:46,96.866,3.16929144,1.231,33.417,-117.79524866666667,35.105352833333335,-50.71845471259141,-89.17472675804451,91.00217268894022,Before Launch
2237,2025-03-22 10:58:46,96.908,0.76771656,-1.602,33.414,-117.79524866666667,35.105352833333335,-50.728747900717416,-89.18995501293287,91.01794671614107,Before Launch
2238,2025-03-22 10:58:46,96.951,1.89960636,0.795,33.424,-117.79524866666667,35.105352833333335,-50.74421299090136,-89.1548810801388,91.01534224134322,Before Launch
2239,2025-03-22 10:58:46,96.994,3.4481628399999997,1.268,33.424,-117.79524866666667,35.105352833333335,-50.724334252090046,-89.14423257177181,91.01818201640141,Before Launch
2240,2025-03-22 10:58:46,97.036,1.6174541199999999,-1.333,33.421,-117.79524866666667,35.105352833333335,-50.27917905289691,-89.13283150439825,90.98948872659454,Before Launch
2241,2025-03-22 10:58:46,97.079,5.01640436,3.211,33.349,-117.79524866666667,35.105352833333335,-50.12700725466756,-89.11620331773777,90.99046784261459,Before Launch
2242,2025-03-22 10:58:46,97.121,0.92847772,-0.223,33.419,-117.79524866666667,35.105352833333335,-49.46217964858747,-89.16354719894368,90.94799609830673,Before Launch
2243,2025-03-22 10:58:46,97.164,2.2473754,0.632,33.417,-117.79524866666667,35.105352833333335,-48.95385137675282,-89.16903735260932,90.93607510309951,Before Launch
2244,2025-03-22 10:58:46,97.214,2.41797908,0.415,33.421,-117.79524866666667,35.105352833333335,-48.20692998682267,-89.18721883909896,90.93288849595884,Before Launch
2245,2025-03-22 10:58:46,97.258,1.72900268,0.779,33.419,-117.79524866666667,35.105352833333335,-47.67511320565229,-89.17601755216,90.9155851807784,Before Launch
2246,2025-03-22 10:58:46,97.301,2.41797908,1.522,33.369,-117.79524866666667,35.105352833333335,-47.73653009351119,-89.16901044852591,90.92312448613866,Before Launch
2247,2025-03-22 10:58:46,97.344,3.3464568,1.899,33.359,-117.79524866666667,35.105352833333335,-48.21223886537303,-89.16184731870742,90.95484029974385,Before Launch
2248,2025-03-22 10:58:46,97.386,2.12926516,-0.064,33.419,-117.79524866666667,35.105352833333335,-48.252092569745514,-89.1352026815785,90.96912586321866,Before Launch
2249,2025-03-22 10:58:46,97.429,2.76902896,-0.109,33.429,-117.79524866666667,35.105352833333335,-48.53857204084312,-89.11869633240971,90.99113681925559,Before Launch
2250,2025-03-22 10:58:46,97.472,3.4481628399999997,1.733,33.417,-117.79524866666667,35.105352833333335,-48.78123545477955,-89.11683603952918,91.0027646588416,Before Launch
2251,2025-03-22 10:58:46,97.514,2.92979012,0.778,33.419,-117.79524866666667,35.105352833333335,-48.697984052279295,-89.11916961745447,90.97863211212305,Before Launch
2252,2025-03-22 10:58:46,97.557,2.46063,0.777,33.369,-117.79524866666667,35.105352833333335,-48.65086946912013,-89.12908617141805,90.99026030699339,Before Launch
2253,2025-03-22 10:58:46,97.599,2.46063,0.935,33.429,-117.79524866666667,35.105352833333335,-48.5460224523816,-89.13181982368339,90.9809459530232,Before Launch
2254,2025-03-22 10:58:46,97.642,3.1003938,2.954,33.424,-117.79524866666667,35.105352833333335,-48.074508289409074,-89.10262968760827,90.96861405067975,Before Launch
2255,2025-03-22 10:58:46,97.685,2.41797908,-0.738,33.421,-117.79524916666666,35.1053525,-46.31663107430998,-89.11252956525256,90.91848409647861,Before Launch
2256,2025-03-22 10:58:46,97.727,2.41797908,0.527,33.414,-117.79524916666666,35.1053525,-45.74274813222508,-89.08416963314578,90.95716093636744,Before Launch
2257,2025-03-22 10:58:46,97.778,2.12926516,-0.474,33.419,-117.79524916666666,35.1053525,-45.58683410664988,-89.0787082149542,90.94839203684431,Before Launch
2258,2025-03-22 10:58:46,97.821,5.41666684,3.662,33.349,-117.79524916666666,35.1053525,-45.875109349535215,-89.09796292773659,90.93079487887957,Before Launch
2259,2025-03-22 10:58:47,97.863,0.69881892,-1.322,33.419,-117.79524916666666,35.1053525,-46.297666639522035,-89.10090446167831,90.9187915086348,Before Launch
2260,2025-03-22 10:58:47,97.906,2.64763788,1.218,33.417,-117.79524916666666,35.1053525,-47.16453950702988,-89.11304583223384,90.94876897208432,Before Launch
2261,2025-03-22 10:58:47,97.948,1.72900268,-1.331,33.419,-117.79524916666666,35.1053525,-47.55283007090524,-89.10691057211245,90.95441455260442,Before Launch
2262,2025-03-22 10:58:47,97.99,1.6174541199999999,0.785,33.421,-117.79524916666666,35.1053525,-47.908561845113894,-89.09055089200429,90.95151183973424,Before Launch
2263,2025-03-22 10:58:47,98.033,2.57874024,0.628,33.427,-117.79524916666666,35.1053525,-48.04910394410742,-89.1109532053949,90.98259493863284,Before Launch
2264,2025-03-22 10:58:47,98.075,3.70406836,0.237,33.394,-117.79524916666666,35.1053525,-48.652766689495905,-89.11530875288686,91.00172356277574,Before Launch
2265,2025-03-22 10:58:47,98.117,1.89960636,0.261,33.424,-117.79524916666666,35.1053525,-48.82495065532588,-89.13127867188776,91.00907355530396,Before Launch
2266,2025-03-22 10:58:47,98.16,1.89960636,-2.883,33.421,-117.79524916666666,35.1053525,-49.51554648431257,-89.12955613705394,91.00428581344892,Before Launch
2267,2025-03-22 10:58:47,98.202,2.41797908,1.378,33.421,-117.79524916666666,35.1053525,-49.629598566008454,-89.10843967825654,90.99163062897978,Before Launch
2268,2025-03-22 10:58:47,98.245,2.41797908,0.158,33.421,-117.79524916666666,35.1053525,-49.896996581550006,-89.14031949809433,91.00093189466459,Before Launch
2269,2025-03-22 10:58:47,98.287,0.92847772,-1.388,33.419,-117.79524916666666,35.1053525,-49.68443697296332,-89.1467007342016,90.9809183586897,Before Launch
2270,2025-03-22 10:58:47,98.329,1.49934388,-0.214,33.424,-117.79524916666666,35.1053525,-49.12162092051675,-89.1494613443864,90.95291437393921,Before Launch
2271,2025-03-22 10:58:47,98.372,2.81824156,0.374,33.421,-117.79524916666666,35.1053525,-48.9277353961555,-89.15360253801444,90.9463000923109,Before Launch
2272,2025-03-22 10:58:47,98.414,0.69881892,-2.474,33.424,-117.79524916666666,35.1053525,-48.7820457344416,-89.15487472938636,90.96342461645987,Before Launch
2273,2025-03-22 10:58:47,98.456,1.3779527999999999,-0.702,33.427,-117.79524916666666,35.1053525,-48.810804185115614,-89.15638416713392,90.97452325477504,Before Launch
2274,2025-03-22 10:58:47,98.499,2.52952764,-0.224,33.419,-117.79524916666666,35.1053525,-48.85276070489689,-89.15004753608103,90.9497407540316,Before Launch
2275,2025-03-22 10:58:47,98.542,1.7782152800000002,-1.561,33.427,-117.79524916666666,35.1053525,-48.987776599393946,-89.12377396869891,90.98129820373097,Before Launch
2276,2025-03-22 10:58:47,98.584,0.69881892,-2.085,33.424,-117.79524916666666,35.1053525,-49.13188681247037,-89.120890038926,91.00526263841616,Before Launch
2277,2025-03-22 10:58:47,98.626,1.49934388,-0.899,33.424,-117.79524916666666,35.1053525,-49.18849648156758,-89.11071547397037,91.00240832160173,Before Launch
2278,2025-03-22 10:58:47,98.669,1.89960636,-0.524,33.424,-117.79524916666666,35.1053525,-49.17260066516598,-89.12719513442966,91.00607922971736,Before Launch
2279,2025-03-22 10:58:47,98.711,3.61220484,0.479,33.379,-117.79524883333333,35.105352333333336,-49.28821227028059,-89.12484436207329,90.99825300230044,Before Launch
2280,2025-03-22 10:58:47,98.754,2.92979012,0.479,33.424,-117.79524883333333,35.105352333333336,-49.32352419824521,-89.0957013767141,90.98349790008866,Before Launch
2281,2025-03-22 10:58:47,98.796,1.0990814,-1.234,33.424,-117.79524883333333,35.105352333333336,-49.24505557064337,-89.1201152867198,90.99302735946097,Before Launch
2282,2025-03-22 10:58:48,98.839,2.41797908,0.272,33.421,-117.79524883333333,35.105352333333336,-48.96093732112479,-89.1244250512193,90.99792885338381,Before Launch
2283,2025-03-22 10:58:48,98.881,4.019029000000001,-1.319,33.424,-117.79524883333333,35.105352333333336,-48.702415004473046,-89.13048395689638,90.99727816018995,Before Launch
2284,2025-03-22 10:58:48,98.929,4.019029000000001,3.115,33.421,-117.79524883333333,35.105352333333336,-48.669182197620906,-89.14815583355477,90.99874209189248,Before Launch
2285,2025-03-22 10:58:48,98.974,1.94225728,-0.66,33.432,-117.79524883333333,35.105352333333336,-48.638853776772876,-89.13397767745808,91.00341786937844,Before Launch
2286,2025-03-22 10:58:48,99.018,3.94356968,2.07,33.389,-117.79524883333333,35.105352333333336,-49.01835775160286,-89.15501034760945,91.01929180740359,Before Launch
2287,2025-03-22 10:58:48,99.061,2.34251976,0.677,33.432,-117.79524883333333,35.105352333333336,-49.37217065533035,-89.17584869994242,90.9929755109923,Before Launch
2288,2025-03-22 10:58:48,99.103,1.5419947999999999,-0.969,33.432,-117.79524883333333,35.105352333333336,-49.48265304087231,-89.17115676510348,90.97597238798875,Before Launch
2289,2025-03-22 10:58:48,99.145,1.94225728,-1.647,33.432,-117.79524883333333,35.105352333333336,-49.876343646824296,-89.1826999734871,90.98054837751998,Before Launch
2290,2025-03-22 10:58:48,99.188,1.94225728,0.04,33.427,-117.79524883333333,35.105352333333336,-49.99178797041078,-89.18883800805484,90.97411419194457,Before Launch
2291,2025-03-22 10:58:48,99.23,2.41797908,0.484,33.421,-117.79524883333333,35.105352333333336,-50.0007127809921,-89.203322963227,90.97197954950538,Before Launch
2292,2025-03-22 10:58:48,99.273,2.1784777600000003,-0.224,33.427,-117.79524883333333,35.105352333333336,-49.86741986908394,-89.20908835028297,90.97194153324226,Before Launch
2293,2025-03-22 10:58:48,99.315,1.0990814,-1.233,33.424,-117.79524883333333,35.105352333333336,-49.66601142783716,-89.16731552809857,90.98392224644634,Before Launch
2294,2025-03-22 10:58:48,99.358,2.86089248,1.804,33.429,-117.79524883333333,35.105352333333336,-49.520828983846656,-89.17387000991528,90.9663797167723,Before Launch
2295,2025-03-22 10:58:48,99.4,3.3792652,1.755,33.427,-117.79524883333333,35.105352333333336,-48.844077835747306,-89.16881555719064,90.9703795433677,Before Launch
2296,2025-03-22 10:58:48,99.443,1.94225728,-0.818,33.432,-117.79524883333333,35.105352333333336,-48.5541494972164,-89.15634134940689,90.94673379286088,Before Launch
2297,2025-03-22 10:58:48,99.486,2.6312336800000002,1.803,33.437,-117.79524883333333,35.105352333333336,-48.40282748171767,-89.18322416664563,90.91422063922047,Before Launch
2298,2025-03-22 10:58:48,99.528,3.37270352,1.861,33.417,-117.79524883333333,35.105352333333336,-48.81896592355736,-89.16296092605549,90.9416450996615,Before Launch
2299,2025-03-22 10:58:48,99.578,2.81824156,0.268,33.421,-117.79524883333333,35.105352333333336,-49.01664071415079,-89.18154871440433,90.96346852829673,Before Launch
2300,2025-03-22 10:58:48,99.622,0.74146984,-0.96,33.432,-117.79524883333333,35.105352333333336,-49.418584789870856,-89.20279544719726,90.97828432192654,Before Launch
2301,2025-03-22 10:58:48,99.664,6.148294160000001,5.046,33.359,-117.79524883333333,35.105352333333336,-49.610218695125596,-89.19777903471146,90.98448788991608,Before Launch
2302,2025-03-22 10:58:48,99.706,2.74278224,1.151,33.432,-117.795249,35.105352333333336,-49.362324866442826,-89.17137794896436,90.97579963182716,Before Launch
2303,2025-03-22 10:58:48,99.749,1.47309716,-0.395,33.442,-117.795249,35.105352333333336,-49.17809984773325,-89.15354213020898,90.99094260582866,Before Launch
2304,2025-03-22 10:58:48,99.791,2.6312336800000002,-0.908,33.424,-117.795249,35.105352333333336,-48.577468480082246,-89.12937493990354,91.00829853901583,Before Launch
2305,2025-03-22 10:58:49,99.833,4.34383216,1.311,33.389,-117.795249,35.105352333333336,-48.46462221763372,-89.12465284138493,90.9923435364356,Before Launch
2306,2025-03-22 10:58:49,99.876,1.5419947999999999,0.41,33.432,-117.795249,35.105352333333336,-48.478924581089416,-89.17228419108316,91.01303430162699,Before Launch
2307,2025-03-22 10:58:49,99.919,2.2309712,-0.173,33.434,-117.795249,35.105352333333336,-48.46203741792164,-89.16096494300874,91.02404146100609,Before Launch
2308,2025-03-22 10:58:49,99.961,1.83070872,-2.026,33.434,-117.795249,35.105352333333336,-48.494287539651594,-89.14729454185711,91.02941746762785,Before Launch
2309,2025-03-22 10:58:49,100.003,2.11286096,-1.775,33.437,-117.795249,35.105352333333336,-48.47653767744032,-89.13037212674853,91.03840085930314,Before Launch
2310,2025-03-22 10:58:49,100.046,1.94225728,0.0,33.432,-117.795249,35.105352333333336,-48.61052781458812,-89.1156103816198,91.01363206382022,Before Launch
2311,2025-03-22 10:58:49,100.088,3.56955392,-0.35,33.432,-117.795249,35.105352333333336,-49.08313754856573,-89.11577223715707,90.98121813941812,Before Launch
2312,2025-03-22 10:58:49,100.131,2.2309712,-0.104,33.434,-117.795249,35.105352333333336,-49.484702297343134,-89.12764978436245,90.97035747863454,Before Launch
2313,2025-03-22 10:58:49,100.173,2.6312336800000002,1.018,33.434,-117.795249,35.105352333333336,-49.97339740774104,-89.1523457327646,90.9957540288946,Before Launch
2314,2025-03-22 10:58:49,100.215,3.18569564,1.162,33.397,-117.795249,35.105352333333336,-50.959659604147284,-89.20131022834063,91.01894434787968,Before Launch
2315,2025-03-22 10:58:49,100.258,1.3779527999999999,-0.527,33.427,-117.795249,35.105352333333336,-51.14884245463249,-89.20703279620906,91.0197225528219,Before Launch
2316,2025-03-22 10:58:49,100.3,1.83070872,-0.549,33.434,-117.795249,35.105352333333336,-51.155663281815734,-89.21077677641092,91.01060473960234,Before Launch
2317,2025-03-22 10:58:49,100.343,2.57874024,0.374,33.427,-117.795249,35.105352333333336,-51.065065541894015,-89.21863038006272,91.007475804198,Before Launch
2318,2025-03-22 10:58:49,100.393,1.71259848,0.569,33.437,-117.795249,35.105352333333336,-51.056940759196465,-89.22438151748689,90.97451468693151,Before Launch
2319,2025-03-22 10:58:49,100.438,3.5433072,0.632,33.432,-117.795249,35.105352333333336,-50.9308527373364,-89.23100248423835,90.94620984950477,Before Launch
2320,2025-03-22 10:58:49,100.48,1.14173232,-2.072,33.432,-117.795249,35.105352333333336,-50.70422875195263,-89.22414087494634,90.9572913551647,Before Launch
2321,2025-03-22 10:58:49,100.523,1.3123360000000002,-0.583,33.432,-117.795249,35.105352333333336,-50.041157539630404,-89.16077720103071,90.94540282761581,Before Launch
2322,2025-03-22 10:58:49,100.565,3.03149616,0.371,33.434,-117.795249,35.105352333333336,-49.64404086793612,-89.17274013443453,90.96535273085846,Before Launch
2323,2025-03-22 10:58:49,100.607,1.43044624,-1.8,33.434,-117.795249,35.105352333333336,-49.10722393981623,-89.13781372872455,90.98123718289615,Before Launch
2324,2025-03-22 10:58:49,100.65,2.91338592,0.089,33.437,-117.795249,35.105352333333336,-48.96921204971129,-89.17438493092659,90.9823160122053,Before Launch
2325,2025-03-22 10:58:49,100.692,1.6174541199999999,0.819,33.421,-117.79524966666666,35.105352,-48.95341652622598,-89.20266652449335,90.96945574504329,Before Launch
2326,2025-03-22 10:58:49,100.734,1.83070872,-4.035,33.434,-117.79524966666666,35.105352,-49.20166706519139,-89.17779550321004,91.00294835077204,Before Launch
2327,2025-03-22 10:58:49,100.777,2.06036752,-0.637,33.429,-117.79524966666666,35.105352,-49.91674766139446,-89.17538222387773,91.01093554928457,Before Launch
2328,2025-03-22 10:58:49,100.819,2.16207356,0.644,33.437,-117.79524966666666,35.105352,-50.29156133827219,-89.15700111735397,91.00942228586233,Before Launch
2329,2025-03-22 10:58:50,100.861,-0.12795276,-2.579,33.442,-117.79524966666666,35.105352,-50.78209351076656,-89.17646182773149,91.02350839546395,Before Launch
2330,2025-03-22 10:58:50,100.904,2.2309712,-1.973,33.434,-117.79524966666666,35.105352,-50.91687155628469,-89.19177148516772,91.0302456585485,Before Launch
2331,2025-03-22 10:58:50,100.946,0.79068244,-0.702,33.439,-117.79524966666666,35.105352,-50.67901179113938,-89.21041790584195,91.02647899717276,Before Launch
2332,2025-03-22 10:58:50,100.989,2.34251976,0.104,33.432,-117.79524966666666,35.105352,-50.595070039043755,-89.20142295066226,91.01537826436753,Before Launch
2333,2025-03-22 10:58:50,101.031,1.14173232,-0.644,33.432,-117.79524966666666,35.105352,-50.45558635476453,-89.16376191652725,91.01111694305698,Before Launch
2334,2025-03-22 10:58:50,101.074,2.74278224,0.588,33.437,-117.79524966666666,35.105352,-50.087051020803294,-89.13770816891795,90.99514660070739,Before Launch
2335,2025-03-22 10:58:50,101.124,2.6312336800000002,0.639,33.434,-117.79524966666666,35.105352,-49.84138037662009,-89.14182968666064,91.0073130586648,Before Launch
2336,2025-03-22 10:58:50,101.167,3.82545944,0.237,33.392,-117.79524966666666,35.105352,-49.477449780976364,-89.14511070892951,91.01693827106536,Before Launch
2337,2025-03-22 10:58:50,101.209,1.25984256,-0.901,33.429,-117.79524966666666,35.105352,-49.148731098959246,-89.13817387334022,91.01428613931078,Before Launch
2338,2025-03-22 10:58:50,101.252,2.2309712,-0.371,33.434,-117.79524966666666,35.105352,-48.42502603110196,-89.11318045986631,90.9941347398186,Before Launch
2339,2025-03-22 10:58:50,101.295,1.83070872,-1.255,33.434,-117.79524966666666,35.105352,-48.2007200907608,-89.12103330627477,90.98748572557172,Before Launch
2340,2025-03-22 10:58:50,101.337,1.19094492,-0.173,33.439,-117.79524966666666,35.105352,-47.77706501232145,-89.1242411847618,90.96379308395265,Before Launch
2341,2025-03-22 10:58:50,101.38,1.43044624,-0.371,33.434,-117.79524966666666,35.105352,-47.993298917271936,-89.11600474388129,90.98592106434887,Before Launch
2342,2025-03-22 10:58:50,101.422,2.11286096,-0.432,33.437,-117.79524966666666,35.105352,-48.39778601141177,-89.11771117408338,90.98028372240864,Before Launch
2343,2025-03-22 10:58:50,101.464,2.51312344,0.747,33.437,-117.79524966666666,35.105352,-48.53833110734821,-89.11049867632576,90.99612325879805,Before Launch
2344,2025-03-22 10:58:50,101.507,1.94225728,-1.498,33.432,-117.79524966666666,35.105352,-48.69687472677924,-89.09878715431853,91.00195582294855,Before Launch
2345,2025-03-22 10:58:50,101.549,1.71259848,0.534,33.437,-117.79524966666666,35.105352,-48.823936111228505,-89.13302231602722,91.01425845532012,Before Launch
2346,2025-03-22 10:58:50,101.591,2.06036752,0.7,33.434,-117.79524966666666,35.105352,-49.34180173152586,-89.12404740879124,91.01085217780084,Before Launch
2347,2025-03-22 10:58:50,101.634,2.51312344,-0.485,33.437,-117.79524966666666,35.105352,-49.51753561183451,-89.1513248652806,90.98826315862125,Before Launch
2348,2025-03-22 10:58:50,101.676,2.34251976,0.853,33.432,-117.79524966666666,35.105352,-49.79145810061375,-89.15146109870707,90.97290016686084,Before Launch
2349,2025-03-22 10:58:50,101.719,2.51312344,-0.374,33.437,-117.79524983333333,35.10535216666667,-49.899152158989374,-89.13164839765052,90.99399858432488,Before Launch
2350,2025-03-22 10:58:50,101.761,2.6312336800000002,0.948,33.434,-117.79524983333333,35.10535216666667,-50.03806087564044,-89.13674004629782,90.9934364975222,Before Launch
2351,2025-03-22 10:58:50,101.804,1.3123360000000002,-0.484,33.437,-117.79524983333333,35.10535216666667,-49.964746025661675,-89.15878433033708,91.00483083948504,Before Launch
2352,2025-03-22 10:58:51,101.846,2.11286096,0.049,33.437,-117.79524983333333,35.10535216666667,-49.49368892185257,-89.14290353411273,90.99936617560938,Before Launch
2353,2025-03-22 10:58:51,101.888,1.07283468,-1.019,33.442,-117.79524983333333,35.10535216666667,-49.19683879107554,-89.12965831665802,91.01438570326599,Before Launch
2354,2025-03-22 10:58:51,101.931,1.19094492,1.233,33.439,-117.79524983333333,35.10535216666667,-48.858737406545856,-89.1397687401939,90.99069384837792,Before Launch
2355,2025-03-22 10:58:51,101.973,1.83070872,-0.374,33.434,-117.79524983333333,35.10535216666667,-48.87739156031669,-89.1125937658571,90.97969606253707,Before Launch
2356,2025-03-22 10:58:51,102.016,1.47309716,0.638,33.442,-117.79524983333333,35.10535216666667,-48.98239239549615,-89.12767308662032,90.98107465768356,Before Launch
2357,2025-03-22 10:58:51,102.058,1.66010504,-0.638,33.429,-117.79524983333333,35.10535216666667,-49.022622803590714,-89.11436417522351,90.969604425453,Before Launch
2358,2025-03-22 10:58:51,102.109,1.8471129199999998,0.654,33.417,-117.79524983333333,35.10535216666667,-49.2671924195168,-89.13240295715373,90.9864184878982,Before Launch
2359,2025-03-22 10:58:51,102.153,1.99146988,-0.696,33.439,-117.79524983333333,35.10535216666667,-49.98160632236094,-89.14610560166845,90.9887671253343,Before Launch
2360,2025-03-22 10:58:51,102.195,1.94225728,-0.643,33.432,-117.79524983333333,35.10535216666667,-50.374094203368934,-89.143075050683,91.0040593260926,Before Launch
2361,2025-03-22 10:58:51,102.238,2.6312336800000002,-1.115,33.434,-117.79524983333333,35.10535216666667,-50.661578924494414,-89.14252707371466,91.00453327752638,Before Launch
2362,2025-03-22 10:58:51,102.28,3.26115496,1.869,33.429,-117.79524983333333,35.10535216666667,-50.596001060135855,-89.12508332345945,91.01249186006578,Before Launch
2363,2025-03-22 10:58:51,102.323,1.71259848,-0.484,33.429,-117.79524983333333,35.10535216666667,-50.12700014340326,-89.14816072324577,91.01428924327543,Before Launch
2364,2025-03-22 10:58:51,102.365,3.19225732,1.272,33.439,-117.79524983333333,35.10535216666667,-49.93141710392193,-89.15258617371967,91.0068321392968,Before Launch
2365,2025-03-22 10:58:51,102.407,1.71259848,0.488,33.437,-117.79524983333333,35.10535216666667,-48.95005273209788,-89.14212626291837,90.99106316620507,Before Launch
2366,2025-03-22 10:58:51,102.45,0.6725722,-0.708,33.442,-117.79524983333333,35.10535216666667,-48.65609321755723,-89.16803730480774,90.97555705082533,Before Launch
2367,2025-03-22 10:58:51,102.492,2.06036752,-0.049,33.429,-117.79524983333333,35.10535216666667,-48.354580774865624,-89.14003699582007,90.97553007467302,Before Launch
2368,2025-03-22 10:58:51,102.535,0.4429134,-1.933,33.446,-117.79524983333333,35.10535216666667,-48.49018820126481,-89.13944990785178,90.95949857467545,Before Launch
2369,2025-03-22 10:58:51,102.577,0.6725722,-1.187,33.442,-117.79524983333333,35.10535216666667,-48.929452765778244,-89.18386200094663,90.96346137031118,Before Launch
2370,2025-03-22 10:58:51,102.619,2.6738845999999996,0.898,33.392,-117.79524983333333,35.10535216666667,-48.87911257749993,-89.1510738939576,90.96077631959385,Before Launch
2371,2025-03-22 10:58:51,102.67,3.51706048,1.35,33.407,-117.79524983333333,35.10535216666667,-48.77298284562472,-89.11448729728517,90.96231764596688,Before Launch
2372,2025-03-22 10:58:51,102.712,2.2736221199999997,-0.222,33.442,-117.7952505,35.1053525,-48.607348191491184,-89.13624849921709,90.99259966232898,Before Launch
2373,2025-03-22 10:58:51,102.758,1.8733596399999999,-0.434,33.444,-117.7952505,35.1053525,-48.5550956355208,-89.1445890791893,90.98912185945552,Before Launch
2374,2025-03-22 10:58:51,102.8,1.5912074,-0.853,33.439,-117.7952505,35.1053525,-48.4849541478787,-89.14017024890363,90.97742069608213,Before Launch
2375,2025-03-22 10:58:52,102.843,1.8733596399999999,-0.7,33.442,-117.7952505,35.1053525,-48.968203231201834,-89.14730657749254,90.97977880318251,Before Launch
2376,2025-03-22 10:58:52,102.885,2.16207356,0.786,33.444,-117.7952505,35.1053525,-49.67854270790822,-89.1508638087035,91.00717982424632,Before Launch
2377,2025-03-22 10:58:52,102.928,1.5912074,-0.482,33.439,-117.7952505,35.1053525,-50.00992888633156,-89.15400744473668,91.02026655459423,Before Launch
2378,2025-03-22 10:58:52,102.97,2.11286096,0.961,33.437,-117.7952505,35.1053525,-50.895942283182265,-89.1670566668667,91.06089231986705,Before Launch
2379,2025-03-22 10:58:52,103.012,4.957349239999999,3.484,33.402,-117.7952505,35.1053525,-51.020901735608774,-89.14906621327214,91.06569743011109,Before Launch
2380,2025-03-22 10:58:52,103.055,3.83202112,1.85,33.434,-117.7952505,35.1053525,-48.933803667788396,-89.06909187288436,91.09925248274948,Before Launch
2381,2025-03-22 10:58:52,103.097,1.99146988,0.48,33.439,-117.7952505,35.1053525,-48.31108376765599,-89.015931545964,91.09983387083638,Before Launch
2382,2025-03-22 10:58:52,103.14,2.11286096,0.418,33.437,-117.7952505,35.1053525,-47.96733860591675,-89.06725233480036,91.02656160473006,Before Launch
2383,2025-03-22 10:58:52,103.182,1.8733596399999999,0.024,33.442,-117.7952505,35.1053525,-47.87153760857619,-89.07740333692337,91.02737848227481,Before Launch
2384,2025-03-22 10:58:52,103.232,1.07283468,-0.851,33.442,-117.7952505,35.1053525,-48.27075346418225,-89.1183212855656,90.98931504842037,Before Launch
2385,2025-03-22 10:58:52,103.276,2.11286096,0.158,33.437,-117.7952505,35.1053525,-48.81642800978972,-89.13852431920644,90.9885073589354,Before Launch
2386,2025-03-22 10:58:52,103.319,3.39895024,0.71,33.409,-117.7952505,35.1053525,-48.98666587402614,-89.13798600012095,90.97591631727103,Before Launch
2387,2025-03-22 10:58:52,103.361,2.51312344,-0.692,33.439,-117.7952505,35.1053525,-49.13002548904601,-89.12679319132747,90.98274676649359,Before Launch
2388,2025-03-22 10:58:52,103.404,2.34251976,0.583,33.432,-117.7952505,35.1053525,-49.124082921461266,-89.14913332357753,90.97742321438518,Before Launch
2389,2025-03-22 10:58:52,103.447,2.51312344,-0.628,33.437,-117.7952505,35.1053525,-48.921778708385126,-89.1290348823815,90.97331160750481,Before Launch
2390,2025-03-22 10:58:52,103.489,3.47440956,1.628,33.442,-117.7952505,35.1053525,-48.79633947006479,-89.1192347413989,90.96694341228604,Before Launch
2391,2025-03-22 10:58:52,103.531,2.36876648,1.569,33.414,-117.7952505,35.1053525,-48.608342810185064,-89.13054463274771,90.9670156840242,Before Launch
2392,2025-03-22 10:58:52,103.574,3.0741470800000004,0.937,33.442,-117.7952505,35.1053525,-48.61631797775079,-89.13845516290162,90.96098969190294,Before Launch
2393,2025-03-22 10:58:52,103.616,1.3615485999999999,0.85,33.444,-117.7952505,35.1053525,-48.74035875516338,-89.17262429784472,90.99789909855133,Before Launch
2394,2025-03-22 10:58:52,103.659,1.7618110800000002,1.007,33.444,-117.7952505,35.1053525,-49.008402055405305,-89.1582358658701,90.98692605205106,Before Launch
2395,2025-03-22 10:58:52,103.701,2.52952764,-0.133,33.419,-117.7952505,35.1053525,-49.363806833112925,-89.16260952543128,90.97781295479356,Before Launch
2396,2025-03-22 10:58:52,103.743,2.2736221199999997,-1.159,33.442,-117.7952505,35.1053525,-49.1209523811019,-89.16559713007955,90.96009471301711,Before Launch
2397,2025-03-22 10:58:52,103.786,1.07283468,-1.118,33.446,-117.7952505,35.105352,-48.223146860132026,-89.13178748029372,90.97115860425492,Before Launch
2398,2025-03-22 10:58:52,103.828,3.63517072,1.647,33.404,-117.7952505,35.105352,-47.88595370850734,-89.1359466355321,90.96996891507047,Before Launch
2399,2025-03-22 10:58:53,103.87,2.16207356,0.534,33.444,-117.7952505,35.105352,-47.716779986238954,-89.10475490296552,90.94771080512818,Before Launch
2400,2025-03-22 10:58:53,103.913,3.3792652,1.407,33.427,-117.7952505,35.105352,-47.77531186431016,-89.12181754657153,90.95342774479872,Before Launch
2401,2025-03-22 10:58:53,103.956,3.1233596799999996,0.898,33.449,-117.7952505,35.105352,-47.84809317694284,-89.12071320624011,90.94932538842914,Before Launch
2402,2025-03-22 10:58:53,103.998,4.77034136,2.971,33.414,-117.7952505,35.105352,-47.819795313802196,-89.11586969144886,90.93677799998807,Before Launch
2403,2025-03-22 10:58:53,104.041,3.86482952,1.636,33.399,-117.7952505,35.105352,-47.962160524604066,-89.11437796951489,90.93706129154423,Before Launch
2404,2025-03-22 10:58:53,104.083,1.8733596399999999,-2.88,33.442,-117.7952505,35.105352,-47.85479470167538,-89.10203696256075,90.92560642345234,Before Launch
2405,2025-03-22 10:58:53,104.126,5.30511828,1.375,33.394,-117.7952505,35.105352,-47.59259002557859,-89.1238023816189,90.93594372648549,Before Launch
2406,2025-03-22 10:58:53,104.168,3.99278228,1.869,33.439,-117.7952505,35.105352,-47.38018687036148,-89.14065505144971,90.93304702613337,Before Launch
2407,2025-03-22 10:58:53,104.211,1.52230976,-0.551,33.444,-117.7952505,35.105352,-47.30873379881603,-89.15235797475704,90.90864547469918,Before Launch
2408,2025-03-22 10:58:53,104.253,2.9625985200000002,1.017,33.444,-117.7952505,35.105352,-47.584872147108264,-89.17205955628255,90.90745369433755,Before Launch
2409,2025-03-22 10:58:53,104.296,2.39173236,1.24,33.439,-117.7952505,35.105352,-47.865634649935025,-89.15550136634639,90.91878647274444,Before Launch
2410,2025-03-22 10:58:53,104.338,3.03149616,0.865,33.434,-117.7952505,35.105352,-48.055584374470875,-89.15931225443498,90.92929958544939,Before Launch
2411,2025-03-22 10:58:53,104.38,2.4442258,-0.9,33.446,-117.7952505,35.105352,-48.16487644074531,-89.16580324531739,90.93631475175404,Before Launch
2412,2025-03-22 10:58:53,104.423,2.32283472,-0.179,33.449,-117.7952505,35.105352,-48.36675179328092,-89.16526981330703,90.93333217599036,Before Launch
2413,2025-03-22 10:58:53,104.465,3.71391088,1.293,33.437,-117.7952505,35.105352,-48.55992347739133,-89.18702952040728,90.94141391067522,Before Launch
2414,2025-03-22 10:58:53,104.508,3.24475076,0.69,33.452,-117.7952505,35.105352,-48.541201889143785,-89.1802431776728,90.92143110416339,Before Launch
2415,2025-03-22 10:58:53,104.551,2.16207356,-1.236,33.444,-117.7952505,35.105352,-48.9393686578234,-89.16762587490096,90.92935260146565,Before Launch
2416,2025-03-22 10:58:53,104.593,1.40419952,-0.908,33.452,-117.7952505,35.105352,-49.18492113120282,-89.17607311385508,90.94243781179355,Before Launch
2417,2025-03-22 10:58:53,104.636,2.2047244800000003,-0.819,33.452,-117.7952505,35.105352,-49.63120809483183,-89.19594132458386,90.96112326235598,Before Launch
2418,2025-03-22 10:58:53,104.68,2.60498696,1.169,33.452,-117.7952505,35.105352,-49.850420747962005,-89.17222678519865,90.97526059051647,Before Launch
2419,2025-03-22 10:58:53,104.722,1.64370084,-0.111,33.446,-117.79525033333333,35.105352,-50.01107761869829,-89.15251012935647,90.99449133670832,Before Launch
2420,2025-03-22 10:58:53,104.764,1.2860892800000001,-1.17,33.449,-117.79525033333333,35.105352,-50.02619145977426,-89.17630372877566,91.00057232837459,Before Launch
2421,2025-03-22 10:58:53,104.808,1.52230976,-0.705,33.449,-117.79525033333333,35.105352,-49.782716107904,-89.18276979169576,91.00878548076105,Before Launch
2422,2025-03-22 10:58:54,104.85,1.7618110800000002,0.648,33.444,-117.79525033333333,35.105352,-49.66852489595211,-89.20158303854008,91.00442201070409,Before Launch
2423,2025-03-22 10:58:54,104.892,3.79921272,0.154,33.442,-117.79525033333333,35.105352,-49.47483423865255,-89.15650068955179,90.97095279695836,Before Launch
2424,2025-03-22 10:58:54,104.935,2.8444882799999998,0.641,33.446,-117.79525033333333,35.105352,-49.33703538764666,-89.1488655549557,90.99276621474122,Before Launch
2425,2025-03-22 10:58:54,104.977,3.1233596799999996,-0.241,33.449,-117.79525033333333,35.105352,-49.2729616968808,-89.14918719042143,91.00275071464114,Before Launch
2426,2025-03-22 10:58:54,105.02,2.37532816,-0.703,33.456,-117.79525033333333,35.105352,-49.30739275056583,-89.13034793151364,91.02151103949507,Before Launch
2427,2025-03-22 10:58:54,105.062,2.32283472,-2.3,33.449,-117.79525033333333,35.105352,-49.116798268143285,-89.15473699920516,91.01245343840505,Before Launch
2428,2025-03-22 10:58:54,105.105,1.40419952,-2.313,33.452,-117.79525033333333,35.105352,-49.02382550789408,-89.16316833909626,90.99191860516368,Before Launch
2429,2025-03-22 10:58:54,105.147,3.00524944,1.064,33.452,-117.79525033333333,35.105352,-48.51841759446127,-89.10417223897994,90.96695080521664,Before Launch
2430,2025-03-22 10:58:54,105.19,3.76312348,-1.449,33.449,-117.79525033333333,35.105352,-48.35051344911668,-89.12549352595693,90.96965895224865,Before Launch
2431,2025-03-22 10:58:54,105.24,2.48687672,-1.405,33.454,-117.79525033333333,35.105352,-48.0818587277094,-89.12134722518527,90.95706959382193,Before Launch
2432,2025-03-22 10:58:54,105.284,2.8871392,1.272,33.454,-117.79525033333333,35.105352,-48.31136616392985,-89.1276783615675,90.99781617249593,Before Launch
2433,2025-03-22 10:58:54,105.327,2.2736221199999997,-0.642,33.442,-117.79525033333333,35.105352,-48.199293612212195,-89.11248689784658,90.98693490239546,Before Launch
2434,2025-03-22 10:58:54,105.369,1.85695544,-0.498,33.459,-117.79525033333333,35.105352,-48.21777908346741,-89.0723280604865,90.9829826127938,Before Launch
2435,2025-03-22 10:58:54,105.412,2.60498696,-0.397,33.452,-117.79525033333333,35.105352,-48.29703268818507,-89.07336831945682,90.98502906755849,Before Launch
2436,2025-03-22 10:58:54,105.454,3.40551192,0.895,33.452,-117.79525033333333,35.105352,-48.636444850512454,-89.09954137562609,90.99034233419408,Before Launch
2437,2025-03-22 10:58:54,105.497,3.1758531199999998,0.794,33.449,-117.79525033333333,35.105352,-48.66612786159177,-89.1186824925798,90.98880301968238,Before Launch
2438,2025-03-22 10:58:54,105.539,6.34514456,2.45,33.389,-117.79525033333333,35.105352,-48.81281839679531,-89.11259165515986,91.00866390881895,Before Launch
2439,2025-03-22 10:58:54,105.581,2.53608932,-0.66,33.462,-117.79525033333333,35.105352,-48.93823546840976,-89.08657541505833,91.03017739817702,Before Launch
2440,2025-03-22 10:58:54,105.625,2.32283472,0.15,33.449,-117.79525033333333,35.105352,-49.04933538872736,-89.10208001778796,91.03772722987141,Before Launch
2441,2025-03-22 10:58:54,105.669,5.30511828,3.625,33.394,-117.79525033333333,35.105352,-48.94498963299841,-89.10206159381546,91.01965324710271,Before Launch
2442,2025-03-22 10:58:54,105.711,0.77427824,-1.331,33.456,-117.79525,35.105352,-48.40925414053442,-89.102604740622,90.98231218052354,Before Launch
2443,2025-03-22 10:58:54,105.754,2.48687672,-0.11,33.456,-117.79525,35.105352,-48.275676088568346,-89.09437629500644,90.98001904776015,Before Launch
2444,2025-03-22 10:58:54,105.796,3.00524944,1.268,33.452,-117.79525,35.105352,-48.018622205972875,-89.11201155833629,90.97208138950799,Before Launch
2445,2025-03-22 10:58:55,105.839,4.77034136,3.241,33.414,-117.79525,35.105352,-47.97602143893828,-89.1094864343192,90.95646486169787,Before Launch
2446,2025-03-22 10:58:55,105.881,3.84842532,2.168,33.417,-117.79525,35.105352,-48.20773211241324,-89.12089543640462,90.9798015814968,Before Launch
2447,2025-03-22 10:58:55,105.923,2.48687672,0.676,33.454,-117.79525,35.105352,-48.48262765228877,-89.12391218852201,90.98862709432312,Before Launch
2448,2025-03-22 10:58:55,105.966,2.6574804000000003,-1.063,33.459,-117.79525,35.105352,-48.72077977605081,-89.13627865048024,90.96706426605196,Before Launch
2449,2025-03-22 10:58:55,106.008,2.60498696,-0.223,33.452,-117.79525,35.105352,-48.73399639694933,-89.14213077954767,90.98394943363351,Before Launch
2450,2025-03-22 10:58:55,106.05,1.5748031999999998,-1.443,33.449,-117.79525,35.105352,-48.86921234365272,-89.09626572476762,90.98444216692509,Before Launch
2451,2025-03-22 10:58:55,106.093,3.00524944,0.587,33.452,-117.79525,35.105352,-48.86724395075341,-89.10817947422369,90.98113478385903,Before Launch
2452,2025-03-22 10:58:55,106.143,2.8871392,0.522,33.454,-117.79525,35.105352,-48.75368346240611,-89.10760738039593,90.99864528287439,Before Launch
2453,2025-03-22 10:58:55,106.187,5.44947524,3.739,33.417,-117.79525,35.105352,-48.76580390370184,-89.11254355404334,90.98530988970279,Before Launch
2454,2025-03-22 10:58:55,106.229,2.08661424,-0.849,33.454,-117.79525,35.105352,-48.75247958181778,-89.1161051688258,90.99166523889697,Before Launch
2455,2025-03-22 10:58:55,106.272,3.5236221600000004,-0.221,33.449,-117.79525,35.105352,-48.443705448330164,-89.1455811943066,90.99464595746001,Before Launch
2456,2025-03-22 10:58:55,106.314,4.93110252,2.276,33.419,-117.79525,35.105352,-48.23130873140084,-89.15306421826753,90.97296932914834,Before Launch
2457,2025-03-22 10:58:55,106.356,4.20603688,1.23,33.449,-117.79525,35.105352,-47.76451428318035,-89.16674623135782,90.99230034000028,Before Launch
2458,2025-03-22 10:58:55,106.399,2.37532816,0.095,33.456,-117.79525,35.105352,-47.626489465684436,-89.16639831452814,90.979888857105,Before Launch
2459,2025-03-22 10:58:55,106.441,2.37532816,0.484,33.456,-117.79525,35.105352,-47.573650276185454,-89.16259119739304,90.99015966262063,Before Launch
2460,2025-03-22 10:58:55,106.484,3.24475076,0.597,33.446,-117.79525,35.105352,-47.593410405477236,-89.16142889900883,90.98332330081492,Before Launch
2461,2025-03-22 10:58:55,106.526,3.1758531199999998,-0.214,33.456,-117.79525,35.105352,-47.63315693420009,-89.14796396229649,90.97276509156977,Before Launch
2462,2025-03-22 10:58:55,106.568,3.85826784,0.637,33.459,-117.79525,35.105352,-47.648895878350935,-89.14391806874185,90.96237617687993,Before Launch
2463,2025-03-22 10:58:55,106.611,3.5761156,-2.583,33.456,-117.79525,35.105352,-47.957108503295096,-89.12309223089743,90.95016050766357,Before Launch
2464,2025-03-22 10:58:55,106.653,1.8044620000000002,-0.682,33.454,-117.79525,35.105352,-48.0957483861583,-89.1301310387671,90.94645137024148,Before Launch
2465,2025-03-22 10:58:55,106.695,5.04921276,2.548,33.417,-117.79525016666666,35.10535183333333,-48.25951409694182,-89.13722020223985,90.94014728889073,Before Launch
2466,2025-03-22 10:58:55,106.738,3.00524944,-2.151,33.452,-117.79525016666666,35.10535183333333,-48.32477109360594,-89.13645876436884,90.94387633525838,Before Launch
2467,2025-03-22 10:58:55,106.78,3.28740168,2.351,33.454,-117.79525016666666,35.10535183333333,-48.33560285715044,-89.12115089466673,90.95738741787467,Before Launch
2468,2025-03-22 10:58:55,106.822,2.60498696,0.111,33.452,-117.79525016666666,35.10535183333333,-48.56841415950395,-89.13783671375259,90.96087187027877,Before Launch
2469,2025-03-22 10:58:56,106.865,2.9625985200000002,-0.04,33.444,-117.79525016666666,35.10535183333333,-48.78976638666618,-89.09019202519762,91.00086240102547,Before Launch
2470,2025-03-22 10:58:56,106.908,2.37532816,-2.24,33.456,-117.79525016666666,35.10535183333333,-48.85629649786215,-89.11597934105679,91.0127940256762,Before Launch
2471,2025-03-22 10:58:56,106.95,1.7355643600000001,-1.976,33.452,-117.79525016666666,35.10535183333333,-48.91875022253909,-89.10243428548937,91.01136849053535,Before Launch
2472,2025-03-22 10:58:56,106.992,2.7230971999999998,0.221,33.449,-117.79525016666666,35.10535183333333,-48.87092471822177,-89.10793182893643,91.00331570272911,Before Launch
2473,2025-03-22 10:58:56,107.035,2.25721792,-0.374,33.459,-117.79525016666666,35.10535183333333,-48.923437300201,-89.12061121369354,91.003214713484,Before Launch
2474,2025-03-22 10:58:56,107.077,2.6574804000000003,0.049,33.459,-117.79525016666666,35.10535183333333,-49.17154845297372,-89.12637997199826,91.01963995899227,Before Launch
2475,2025-03-22 10:58:56,107.12,3.05774288,1.386,33.459,-117.79525016666666,35.10535183333333,-49.45688823859955,-89.14733166667645,91.0203701991161,Before Launch
2476,2025-03-22 10:58:56,107.162,3.05774288,0.049,33.459,-117.79525016666666,35.10535183333333,-49.535515784746714,-89.13180519835119,91.01502620153353,Before Launch
2477,2025-03-22 10:58:56,107.204,3.21850404,0.312,33.464,-117.79525016666666,35.10535183333333,-49.52854486387553,-89.16561750624163,91.00057400839583,Before Launch
2478,2025-03-22 10:58:56,107.247,3.1758531199999998,-2.145,33.419,-117.79525016666666,35.10535183333333,-49.52265708249277,-89.17188112401246,91.00865791022362,Before Launch
2479,2025-03-22 10:58:56,107.289,3.97637808,1.783,33.456,-117.79525016666666,35.10535183333333,-49.25936052544622,-89.15019873284412,91.00720366388369,Before Launch
2480,2025-03-22 10:58:56,107.332,2.48687672,-0.978,33.454,-117.79525016666666,35.10535183333333,-48.88839544650468,-89.12653037143605,91.00780392944098,Before Launch
2481,2025-03-22 10:58:56,107.374,5.987533,0.997,33.397,-117.79525016666666,35.10535183333333,-48.51291050285706,-89.10945898884341,90.98695082003319,Before Launch
2482,2025-03-22 10:58:56,107.416,3.5761156,-0.594,33.456,-117.79525016666666,35.10535183333333,-48.515896126526144,-89.10670157311851,91.00294592186732,Before Launch
2483,2025-03-22 10:58:56,107.459,2.37532816,0.0,33.456,-117.79525016666666,35.10535183333333,-48.64657708210913,-89.10831263964576,91.01273124107382,Before Launch
2484,2025-03-22 10:58:56,107.501,2.81824156,0.418,33.464,-117.79525016666666,35.10535183333333,-48.72062839195325,-89.10958387716384,91.01593939124984,Before Launch
2485,2025-03-22 10:58:56,107.543,2.37532816,-0.821,33.454,-117.79525016666666,35.10535183333333,-49.26798384127625,-89.11452412181755,91.02746248818586,Before Launch
2486,2025-03-22 10:58:56,107.586,2.6574804000000003,-0.489,33.459,-117.79525016666666,35.10535183333333,-49.48543783576365,-89.12152460298522,91.02623802292372,Before Launch
2487,2025-03-22 10:58:56,107.628,3.68766416,-0.161,33.454,-117.79525016666666,35.10535183333333,-50.216233614096026,-89.13130499048182,91.05887779489814,Before Launch
2488,2025-03-22 10:58:56,107.671,3.10695548,-0.443,33.466,-117.79525016666666,35.10535183333333,-50.515121908887416,-89.1376333952302,91.05739571102136,Before Launch
2489,2025-03-22 10:58:56,107.713,2.8871392,1.021,33.454,-117.7952495,35.1053515,-50.96538896133715,-89.13836225812615,91.06084832582552,Before Launch
2490,2025-03-22 10:58:56,107.756,3.10695548,-1.831,33.466,-117.7952495,35.1053515,-50.94966438477107,-89.15434618947496,91.06655182215081,Before Launch
2491,2025-03-22 10:58:56,107.798,2.77559064,-0.217,33.456,-117.7952495,35.1053515,-50.75910719692472,-89.16759517304442,91.04955062555203,Before Launch
2492,2025-03-22 10:58:57,107.841,3.1758531199999998,-0.105,33.456,-117.7952495,35.1053515,-50.59881245725527,-89.14274350084897,91.04624277714252,Before Launch
2493,2025-03-22 10:58:57,107.883,3.45800536,0.804,33.459,-117.7952495,35.1053515,-50.17798498322545,-89.16784293407865,91.00704265275904,Before Launch
2494,2025-03-22 10:58:57,107.925,3.47440956,0.483,33.442,-117.7952495,35.1053515,-49.70263813404723,-89.13596171845698,91.0152270472652,Before Launch
2495,2025-03-22 10:58:57,107.968,3.5761156,1.133,33.456,-117.7952495,35.1053515,-49.413271917473985,-89.09681924973977,91.03570747583362,Before Launch
2496,2025-03-22 10:58:57,108.01,3.45800536,1.625,33.459,-117.7952495,35.1053515,-49.51132403830964,-89.13145634302812,91.02699367563436,Before Launch
2497,2025-03-22 10:58:57,108.053,2.6574804000000003,-0.062,33.459,-117.7952495,35.1053515,-49.28642439469091,-89.13183730575925,91.01110807272681,Before Launch
2498,2025-03-22 10:58:57,108.095,2.0177166,-0.226,33.464,-117.7952495,35.1053515,-49.31167893842498,-89.14586608864437,91.01101942011067,Before Launch
2499,2025-03-22 10:58:57,108.137,2.13582684,-0.492,33.462,-117.7952495,35.1053515,-50.007830660714944,-89.1753768270684,90.9996760569074,Before Launch
2500,2025-03-22 10:58:57,108.18,4.13713924,1.018,33.462,-117.7952495,35.1053515,-50.282689163125525,-89.18478707861325,90.98319641714102,Before Launch
2501,2025-03-22 10:58:57,108.223,3.45800536,0.377,33.459,-117.7952495,35.1053515,-50.99250225341984,-89.19395395332964,90.97305981506753,Before Launch
2502,2025-03-22 10:58:57,108.266,3.21850404,0.0,33.464,-117.7952495,35.1053515,-51.2930657049282,-89.21425906346272,90.97341641874148,Before Launch
2503,2025-03-22 10:58:57,108.308,2.25721792,-0.866,33.459,-117.7952495,35.1053515,-51.69473946659315,-89.2555643423715,90.96945207749704,Before Launch
2504,2025-03-22 10:58:57,108.351,2.53608932,-1.356,33.462,-117.7952495,35.1053515,-51.70787952549908,-89.24837152789149,90.9617633738351,Before Launch
2505,2025-03-22 10:58:57,108.393,2.3064305199999997,-0.17,33.459,-117.7952495,35.1053515,-49.43391876930626,-89.23256372389868,90.88650533462275,Before Launch
2506,2025-03-22 10:58:57,108.436,4.019029000000001,-1.854,33.421,-117.7952495,35.1053515,-48.49717755161711,-89.23688123254786,90.8703251653917,Before Launch
2507,2025-03-22 10:58:57,108.479,2.3064305199999997,-1.194,33.466,-117.7952495,35.1053515,-46.015999981288125,-89.22444205619054,90.85019355742813,Before Launch
2508,2025-03-22 10:58:57,108.521,2.46719168,0.087,33.466,-117.7952495,35.1053515,-46.02057276187658,-89.20356098159903,90.86182964410945,Before Launch
2509,2025-03-22 10:58:57,108.564,3.61876652,0.753,33.464,-117.7952495,35.1053515,-45.929034350293705,-89.15433832991604,90.8597453202184,Before Launch
2510,2025-03-22 10:58:57,108.607,2.46719168,0.086,33.471,-117.7952495,35.1053515,-46.010697982607155,-89.13723718745793,90.87037968211176,Before Launch
2511,2025-03-22 10:58:57,108.655,2.25721792,-0.374,33.459,-117.7952495,35.1053515,-46.55550475525704,-89.12281143953813,90.88459280262073,Before Launch
2512,2025-03-22 10:58:57,108.7,2.0177166,-1.558,33.464,-117.79525033333333,35.10535133333333,-47.46129844570088,-89.1341662900075,90.91337603288164,Before Launch
2513,2025-03-22 10:58:57,108.745,4.34383216,1.152,33.432,-117.79525033333333,35.10535133333333,-47.98227584151045,-89.14062337112678,90.92316837828615,Before Launch
2514,2025-03-22 10:58:57,108.787,2.46719168,-0.391,33.471,-117.79525033333333,35.10535133333333,-48.484132903197214,-89.1616214198909,90.94656363165942,Before Launch
2515,2025-03-22 10:58:57,108.829,2.706693,-0.373,33.466,-117.79525033333333,35.10535133333333,-48.65818131300439,-89.12865250300614,90.96969550291286,Before Launch
2516,2025-03-22 10:58:58,108.872,2.8871392,0.104,33.454,-117.79525033333333,35.10535133333333,-48.76855062697023,-89.1407070562091,90.98190985785897,Before Launch
2517,2025-03-22 10:58:58,108.914,3.5072179599999997,0.309,33.466,-117.79525033333333,35.10535133333333,-48.78702376898881,-89.14310700791695,91.0019272463295,Before Launch
2518,2025-03-22 10:58:58,108.957,2.53608932,-0.858,33.466,-117.79525033333333,35.10535133333333,-48.94389693742546,-89.14507195440004,90.97177438404107,Before Launch
2519,2025-03-22 10:58:58,108.999,2.81824156,-0.611,33.464,-117.79525033333333,35.10535133333333,-48.955290571328234,-89.1302012725923,90.98846306299792,Before Launch
2520,2025-03-22 10:58:58,109.043,2.3064305199999997,-1.181,33.466,-117.79525033333333,35.10535133333333,-49.23657822073981,-89.15246940628228,90.97915225056232,Before Launch
2521,2025-03-22 10:58:58,109.085,3.3891077199999997,-0.064,33.456,-117.79525033333333,35.10535133333333,-49.64557867571369,-89.16521581836494,90.9818083224054,Before Launch
2522,2025-03-22 10:58:58,109.128,1.1056430800000001,-1.444,33.466,-117.79525033333333,35.10535133333333,-50.12853395303529,-89.17298188689391,90.99504511294766,Before Launch
2523,2025-03-22 10:58:58,109.17,4.019029000000001,1.862,33.464,-117.79525033333333,35.10535133333333,-50.30216256129474,-89.17372580913612,91.00355722460309,Before Launch
2524,2025-03-22 10:58:58,109.213,1.85695544,-0.259,33.459,-117.79525033333333,35.10535133333333,-50.241371452561935,-89.1742250068397,91.02809005520633,Before Launch
2525,2025-03-22 10:58:58,109.255,4.163385959999999,0.024,33.444,-117.79525033333333,35.10535133333333,-50.05711964512675,-89.16621265984452,91.04000947186547,Before Launch
2526,2025-03-22 10:58:58,109.298,2.706693,-0.699,33.466,-117.79525033333333,35.10535133333333,-49.7435323071306,-89.11250519510098,91.04701701292825,Before Launch
2527,2025-03-22 10:58:58,109.341,4.41929148,1.117,33.464,-117.79525033333333,35.10535133333333,-49.55213962105041,-89.09902006113366,91.06625436618084,Before Launch
2528,2025-03-22 10:58:58,109.383,1.7880578,-0.436,33.469,-117.79525033333333,35.10535133333333,-49.51813507466674,-89.11117190408733,91.05886990290935,Before Launch
2529,2025-03-22 10:58:58,109.426,3.21850404,0.635,33.464,-117.79525033333333,35.10535133333333,-49.642423743696774,-89.13374555839373,91.04505328816381,Before Launch
2530,2025-03-22 10:58:58,109.476,1.9061680399999998,-0.37,33.466,-117.79525033333333,35.10535133333333,-49.572037903448,-89.12999265022182,91.00935034922095,Before Launch
2531,2025-03-22 10:58:58,109.519,2.86745416,-1.063,33.466,-117.79525033333333,35.10535133333333,-49.44674618173496,-89.17344465640744,91.02159660515818,Before Launch
2532,2025-03-22 10:58:58,109.563,4.4619424,1.988,33.429,-117.79525033333333,35.10535133333333,-49.16369124243926,-89.16354408416053,91.00384060451486,Before Launch
2533,2025-03-22 10:58:58,109.605,3.5072179599999997,0.959,33.466,-117.79525033333333,35.10535133333333,-48.69866624840715,-89.13841786700621,90.98429745215319,Before Launch
2534,2025-03-22 10:58:58,109.648,3.3891077199999997,-0.212,33.469,-117.79525033333333,35.10535133333333,-48.37147219100751,-89.13112889452142,90.97985775284754,Before Launch
2535,2025-03-22 10:58:58,109.69,3.3366142799999996,0.803,33.462,-117.79525016666666,35.105351166666665,-48.18216553902934,-89.11556465460862,90.99108260027671,Before Launch
2536,2025-03-22 10:58:58,109.732,3.5236221600000004,1.176,33.449,-117.79525016666666,35.105351166666665,-48.541236830265156,-89.13134561464035,91.00088871019408,Before Launch
2537,2025-03-22 10:58:58,109.775,3.40551192,1.291,33.452,-117.79525016666666,35.105351166666665,-49.42423889865292,-89.18361112410292,91.01196593842032,Before Launch
2538,2025-03-22 10:58:58,109.817,3.5072179599999997,-0.78,33.464,-117.79525016666666,35.105351166666665,-50.00019435300121,-89.1721075458944,91.02719996814962,Before Launch
2539,2025-03-22 10:58:59,109.859,2.41797908,-0.046,33.464,-117.79525016666666,35.105351166666665,-51.17373803931493,-89.1662152334983,91.02114938986058,Before Launch
2540,2025-03-22 10:58:59,109.902,2.18832028,-0.483,33.469,-117.79525016666666,35.105351166666665,-51.5409185203477,-89.18485233119912,91.02630460126683,Before Launch
2541,2025-03-22 10:58:59,109.944,2.706693,-0.168,33.466,-117.79525016666666,35.105351166666665,-52.043754919940035,-89.21030558061862,91.0259032502445,Before Launch
2542,2025-03-22 10:58:59,109.987,3.3628609999999997,-0.135,33.444,-117.79525016666666,35.105351166666665,-52.11731808203695,-89.20469492799255,91.02661241921521,Before Launch
2543,2025-03-22 10:58:59,110.029,2.46719168,-0.064,33.471,-117.79525016666666,35.105351166666665,-52.2605945869583,-89.20079546354924,91.04567099187962,Before Launch
2544,2025-03-22 10:58:59,110.071,2.53608932,-0.263,33.462,-117.79525016666666,35.105351166666665,-52.257141898123045,-89.18898390259717,91.05576007985532,Before Launch
2545,2025-03-22 10:58:59,110.114,2.81824156,0.478,33.471,-117.79525016666666,35.105351166666665,-52.03313189086113,-89.18639375316779,91.07053605306449,Before Launch
2546,2025-03-22 10:58:59,110.156,3.61876652,0.214,33.464,-117.79525016666666,35.105351166666665,-51.81848354579807,-89.1728415859677,91.07207706569179,Before Launch
2547,2025-03-22 10:58:59,110.199,2.9363518,1.709,33.462,-117.79525016666666,35.105351166666665,-51.24060510523856,-89.15535578635611,91.07181068627901,Before Launch
2548,2025-03-22 10:58:59,110.242,2.58858276,-1.334,33.466,-117.79525016666666,35.105351166666665,-50.63973715689878,-89.1638426773831,91.08747451641311,Before Launch
2549,2025-03-22 10:58:59,110.284,2.48687672,0.588,33.454,-117.79525016666666,35.105351166666665,-49.79040210013418,-89.12944830668921,91.05798206680171,Before Launch
2550,2025-03-22 10:58:59,110.326,2.46719168,-1.584,33.471,-117.79525016666666,35.105351166666665,-49.45201371236125,-89.11923529323776,91.0527679967787,Before Launch
2551,2025-03-22 10:58:59,110.369,2.0669292,-0.597,33.471,-117.79525016666666,35.105351166666665,-49.354713113394766,-89.10922309490228,91.05011718785038,Before Launch
2552,2025-03-22 10:58:59,110.411,2.86745416,-1.45,33.471,-117.79525016666666,35.105351166666665,-49.31017528395697,-89.11431710220205,91.02573541232103,Before Launch
2553,2025-03-22 10:58:59,110.453,4.30774292,2.355,33.466,-117.79525016666666,35.105351166666665,-49.134490006990205,-89.13597458394956,91.01383032646469,Before Launch
2554,2025-03-22 10:58:59,110.496,3.97637808,0.708,33.456,-117.79525016666666,35.105351166666665,-49.33308988005905,-89.11579713822728,91.01214574860943,Before Launch
2555,2025-03-22 10:58:59,110.538,2.46719168,0.528,33.474,-117.79525016666666,35.105351166666665,-49.44798315867787,-89.13873865560537,90.9990867536806,Before Launch
2556,2025-03-22 10:58:59,110.58,2.86745416,0.0,33.471,-117.79525016666666,35.105351166666665,-49.53765010225882,-89.16180451498603,91.01152195416388,Before Launch
2557,2025-03-22 10:58:59,110.623,1.9488189599999999,-2.371,33.474,-117.79525016666666,35.105351166666665,-49.6766819104846,-89.17562159073637,91.01318985838655,Before Launch
2558,2025-03-22 10:58:59,110.665,2.9888452400000003,-0.489,33.469,-117.79525016666666,35.105351166666665,-49.706943220376445,-89.15421564026934,91.00458483376491,Before Launch
2559,2025-03-22 10:58:59,110.708,3.26771664,-0.115,33.471,-117.79525,35.105351,-50.03089824241469,-89.1546330036284,91.02118089439432,Before Launch
2560,2025-03-22 10:58:59,110.75,3.3891077199999997,0.05,33.469,-117.79525,35.105351,-49.812245406750826,-89.14146884189519,91.0422213640596,Before Launch
2561,2025-03-22 10:58:59,110.792,3.1233596799999996,-0.378,33.449,-117.79525,35.105351,-49.64922444911267,-89.11254898971062,91.01082430488405,Before Launch
2562,2025-03-22 10:59:00,110.835,2.63779536,-0.724,33.432,-117.79525,35.105351,-49.8356697244928,-89.11089128452485,91.03904265135034,Before Launch
2563,2025-03-22 10:59:00,110.887,3.03805784,-0.438,33.476,-117.79525,35.105351,-49.92289833293419,-89.10926107166951,91.0411016622995,Before Launch
2564,2025-03-22 10:59:00,110.93,2.63779536,0.205,33.476,-117.79525,35.105351,-50.207173583705384,-89.12322378176742,91.06585183041359,Before Launch
2565,2025-03-22 10:59:00,110.973,2.74934392,0.524,33.474,-117.79525,35.105351,-50.227836462198646,-89.12289809846975,91.05339806164979,Before Launch
2566,2025-03-22 10:59:00,111.015,2.46719168,-0.224,33.471,-117.79525,35.105351,-50.4054916358528,-89.10435583665031,91.0738754548356,Before Launch
2567,2025-03-22 10:59:00,111.058,1.8372704000000002,-1.424,33.476,-117.79525,35.105351,-50.29845503008444,-89.11460641276238,91.08351264973692,Before Launch
2568,2025-03-22 10:59:00,111.1,1.21719164,-1.167,33.464,-117.79525,35.105351,-50.35548071979395,-89.13572728825977,91.09094670654532,Before Launch
2569,2025-03-22 10:59:00,111.143,2.0013123999999998,-0.499,33.481,-117.79525,35.105351,-50.260196254483596,-89.13008683932767,91.06896863912554,Before Launch
2570,2025-03-22 10:59:00,111.186,2.51968512,-0.279,33.479,-117.79525,35.105351,-50.063785269536794,-89.12928723061727,91.0566868681818,Before Launch
2571,2025-03-22 10:59:00,111.228,2.63779536,-0.915,33.476,-117.79525,35.105351,-50.08696516104183,-89.11949237683685,91.04629371937958,Before Launch
2572,2025-03-22 10:59:00,111.271,2.9199476,-0.015,33.476,-117.79525,35.105351,-50.206795536245195,-89.1625486669005,91.03458254968432,Before Launch
2573,2025-03-22 10:59:00,111.313,2.9199476,0.309,33.479,-117.79525,35.105351,-50.754900945028204,-89.19946091368554,90.99177727986884,Before Launch
2574,2025-03-22 10:59:00,111.364,3.10695548,0.574,33.466,-117.79525,35.105351,-51.10391776021475,-89.19794088541458,91.01117022180722,Before Launch
2575,2025-03-22 10:59:00,111.408,2.86745416,0.37,33.471,-117.79525,35.105351,-51.12821102634685,-89.20349467881972,91.0195600079006,Before Launch
2576,2025-03-22 10:59:00,111.45,4.58005264,2.325,33.427,-117.79525,35.105351,-51.35374754972233,-89.16347454781194,91.00679495478309,Before Launch
2577,2025-03-22 10:59:00,111.493,3.8057744,0.867,33.452,-117.79525,35.105351,-51.53215714913367,-89.15830983373178,91.00816240899452,Before Launch
2578,2025-03-22 10:59:00,111.535,1.8372704000000002,-2.283,33.476,-117.79525,35.105351,-51.3573224015142,-89.16212280083947,91.02945768435887,Before Launch
2579,2025-03-22 10:59:00,111.578,2.41797908,-1.44,33.464,-117.79525,35.105351,-51.08640539353754,-89.16967964412969,91.03383305162384,Before Launch
2580,2025-03-22 10:59:00,111.62,0.7480315200000001,-1.589,33.474,-117.79525,35.105351,-51.03802441346701,-89.1461376154361,91.04400537967867,Before Launch
2581,2025-03-22 10:59:00,111.663,1.31889768,-1.43,33.479,-117.79525,35.105351,-51.000109089931385,-89.13721799281096,91.02886816528347,Before Launch
2582,2025-03-22 10:59:00,111.706,1.03674544,-0.842,33.484,-117.79525016666666,35.105350333333334,-51.02841170656199,-89.12624769712991,91.02606348791197,Before Launch
2583,2025-03-22 10:59:00,111.748,1.20078744,-1.651,33.481,-117.79525016666666,35.105350333333334,-50.980694613549105,-89.12054916997424,91.02375184756465,Before Launch
2584,2025-03-22 10:59:00,111.791,1.54855648,-1.587,33.474,-117.79525016666666,35.105350333333334,-51.03365553735822,-89.12810792835393,91.01976178630531,Before Launch
2585,2025-03-22 10:59:01,111.833,3.03805784,-0.324,33.476,-117.79525016666666,35.105350333333334,-51.11444067911721,-89.16931760220174,91.03382395738902,Before Launch
2586,2025-03-22 10:59:01,111.875,2.46719168,-0.606,33.471,-117.79525016666666,35.105350333333334,-51.107163491921625,-89.17005695581945,91.03092541262274,Before Launch
2587,2025-03-22 10:59:01,111.918,3.28740168,0.6,33.454,-117.79525016666666,35.105350333333334,-51.21157334658721,-89.17700767592704,91.02214126843667,Before Launch
2588,2025-03-22 10:59:01,111.96,3.03805784,0.0,33.476,-117.79525016666666,35.105350333333334,-51.29096240206452,-89.15750175032947,91.02995047930544,Before Launch
2589,2025-03-22 10:59:01,112.002,1.54855648,-1.016,33.474,-117.79525016666666,35.105350333333334,-51.65171565298206,-89.16632477045306,91.0556010604907,Before Launch
2590,2025-03-22 10:59:01,112.045,2.63779536,-0.104,33.476,-117.79525016666666,35.105350333333334,-51.57966763786644,-89.18234943349752,91.06525754167036,Before Launch
2591,2025-03-22 10:59:01,112.087,2.86745416,0.373,33.471,-117.79525016666666,35.105350333333334,-51.19608821784185,-89.12672519434193,91.07465292995326,Before Launch
2592,2025-03-22 10:59:01,112.129,4.20603688,2.212,33.452,-117.79525016666666,35.105350333333334,-50.948730893461786,-89.11796757512376,91.05994341745195,Before Launch
2593,2025-03-22 10:59:01,112.172,3.03805784,1.699,33.476,-117.79525016666666,35.105350333333334,-50.67388347100448,-89.14516025287493,91.05062105238179,Before Launch
2594,2025-03-22 10:59:01,112.214,1.7880578,-0.199,33.469,-117.79525016666666,35.105350333333334,-50.720756694861805,-89.1238616267081,91.0428148478434,Before Launch
2595,2025-03-22 10:59:01,112.257,2.86745416,0.325,33.471,-117.79525016666666,35.105350333333334,-50.739617635202826,-89.14390238562308,91.06261556076974,Before Launch
2596,2025-03-22 10:59:01,112.299,4.25853032,1.513,33.452,-117.79525016666666,35.105350333333334,-50.718012499610666,-89.13652191966247,91.03555972385713,Before Launch
2597,2025-03-22 10:59:01,112.341,3.26771664,0.325,33.471,-117.79525016666666,35.105350333333334,-50.825296353665706,-89.1495267310564,91.02353512713218,Before Launch
2598,2025-03-22 10:59:01,112.384,3.1496063999999997,0.214,33.474,-117.79525016666666,35.105350333333334,-50.821891965559644,-89.13492118754498,91.00855487823759,Before Launch
2599,2025-03-22 10:59:01,112.426,5.21981644,1.99,33.421,-117.79525016666666,35.105350333333334,-50.771755840656766,-89.15052352532783,91.0126520763632,Before Launch
2600,2025-03-22 10:59:01,112.468,2.0013123999999998,-0.817,33.481,-117.79525016666666,35.105350333333334,-50.83220763449249,-89.171180088486,91.02346373444999,Before Launch
2601,2025-03-22 10:59:01,112.511,2.34908144,-2.103,33.474,-117.79525016666666,35.105350333333334,-51.370852594563566,-89.16599057767675,91.03509876226286,Before Launch
2602,2025-03-22 10:59:01,112.553,2.40157488,-1.325,33.481,-117.79525016666666,35.105350333333334,-51.714954789151356,-89.18141439267899,91.03879884378259,Before Launch
2603,2025-03-22 10:59:01,112.596,3.19225732,1.277,33.439,-117.79525016666666,35.105350333333334,-52.44477046335088,-89.22058846170964,91.05043255602948,Before Launch
2604,2025-03-22 10:59:01,112.638,2.2375328800000003,-0.17,33.476,-117.79525016666666,35.105350333333334,-52.67083762225502,-89.22317962938756,91.05964638058987,Before Launch
2605,2025-03-22 10:59:01,112.681,1.8372704000000002,1.027,33.476,-117.79525016666666,35.105350333333334,-52.98320201163727,-89.2158522516339,91.06661071769327,Before Launch
2606,2025-03-22 10:59:01,112.723,1.8372704000000002,0.489,33.476,-117.79525066666666,35.10535,-52.99880656211152,-89.2001132420049,91.05260705658813,Before Launch
2607,2025-03-22 10:59:01,112.766,2.34908144,1.238,33.474,-117.79525066666666,35.10535,-52.933288679226806,-89.20867855693577,91.06211880814512,Before Launch
2608,2025-03-22 10:59:01,112.808,2.51968512,1.244,33.479,-117.79525066666666,35.10535,-52.767337773838484,-89.20198356111793,91.0497181912898,Before Launch
2609,2025-03-22 10:59:02,112.858,2.2801837999999996,0.686,33.484,-117.79525066666666,35.10535,-52.024210934282216,-89.15400968671726,91.03925601531533,Before Launch
2610,2025-03-22 10:59:02,112.903,2.51968512,-0.484,33.479,-117.79525066666666,35.10535,-51.506682031578826,-89.13286165425495,91.03590516917016,Before Launch
2611,2025-03-22 10:59:02,112.946,2.46719168,0.0,33.471,-117.79525066666666,35.10535,-51.60364402695977,-89.13519896815188,91.06731830755861,Before Launch
2612,2025-03-22 10:59:02,112.988,2.77559064,-0.478,33.456,-117.79525066666666,35.10535,-51.84518861569487,-89.12625609631839,91.08073261580975,Before Launch
2613,2025-03-22 10:59:02,113.03,1.8372704000000002,-1.122,33.479,-117.79525066666666,35.10535,-52.1064646449277,-89.13550467542775,91.09956157165716,Before Launch
2614,2025-03-22 10:59:02,113.073,4.0518374,2.337,33.489,-117.79525066666666,35.10535,-52.53231007954597,-89.12797117845676,91.09699115734092,Before Launch
2615,2025-03-22 10:59:02,113.115,4.48818912,1.729,33.454,-117.79525066666666,35.10535,-52.57606570414649,-89.12667585888217,91.06911962589882,Before Launch
2616,2025-03-22 10:59:02,113.158,3.60236232,0.686,33.481,-117.79525066666666,35.10535,-52.6549176782078,-89.15598405946643,91.06670726444344,Before Launch
2617,2025-03-22 10:59:02,113.2,2.80183736,-1.311,33.481,-117.79525066666666,35.10535,-52.696846853851824,-89.16415507247251,91.07637577567401,Before Launch
2618,2025-03-22 10:59:02,113.242,2.56233604,-0.445,33.487,-117.79525066666666,35.10535,-52.77016901942143,-89.17781174092545,91.07891504171172,Before Launch
2619,2025-03-22 10:59:02,113.285,2.51968512,0.683,33.479,-117.79525066666666,35.10535,-52.82274835785999,-89.17342463667651,91.08159700070173,Before Launch
2620,2025-03-22 10:59:02,113.327,2.56233604,-0.285,33.484,-117.79525066666666,35.10535,-53.1592344039601,-89.16080890310171,91.07348205828875,Before Launch
2621,2025-03-22 10:59:02,113.369,3.1332022,-1.052,33.491,-117.79525066666666,35.10535,-53.23823930074655,-89.14892060235559,91.06313775728212,Before Launch
2622,2025-03-22 10:59:02,113.412,1.1318898,-1.994,33.491,-117.79525066666666,35.10535,-53.5907682151001,-89.17391900097452,91.0959474641262,Before Launch
2623,2025-03-22 10:59:02,113.454,1.4107612,-1.625,33.494,-117.79525066666666,35.10535,-53.82085286781476,-89.17115247781237,91.10144357712532,Before Launch
2624,2025-03-22 10:59:02,113.505,4.0026247999999995,-1.128,33.489,-117.79525066666666,35.10535,-53.515157558788175,-89.18126415965453,91.09554763130002,Before Launch
2625,2025-03-22 10:59:02,113.548,2.81824156,0.756,33.464,-117.79525066666666,35.10535,-53.358749670156726,-89.19101811016854,91.12627452047897,Before Launch
2626,2025-03-22 10:59:02,113.591,2.050525,-0.276,33.489,-117.79525066666666,35.10535,-53.08824216647952,-89.20798447471616,91.11747010258351,Before Launch
2627,2025-03-22 10:59:02,113.633,2.2801837999999996,-0.112,33.484,-117.79525066666666,35.10535,-52.58218610701647,-89.16952105042569,91.1173218082644,Before Launch
2628,2025-03-22 10:59:02,113.675,1.8799213199999998,-1.216,33.484,-117.79525066666666,35.10535,-52.41103017223813,-89.20360929972534,91.11825128890855,Before Launch
2629,2025-03-22 10:59:02,113.718,2.56233604,0.301,33.487,-117.79525233333334,35.10534883333333,-55.191871310643634,-89.26134364199,91.10910786288495,Before Launch
2630,2025-03-22 10:59:02,113.76,1.8799213199999998,0.04,33.484,-117.79525233333334,35.10534883333333,-56.83394514430787,-89.32241379775685,91.09009670222088,Before Launch
2631,2025-03-22 10:59:02,113.803,2.68044628,0.781,33.484,-117.79525233333334,35.10534883333333,-58.04546484578094,-89.3797629273668,91.00394562439176,Before Launch
2632,2025-03-22 10:59:03,113.845,2.40157488,0.049,33.481,-117.79525233333334,35.10534883333333,-58.31759879545247,-89.40482577663244,90.97980144932016,Before Launch
2633,2025-03-22 10:59:03,113.888,2.0013123999999998,-0.48,33.481,-117.79525233333334,35.10534883333333,-58.334845576308666,-89.42223916444613,90.91496392425519,Before Launch
2634,2025-03-22 10:59:03,113.93,2.40157488,0.113,33.479,-117.79525233333334,35.10534883333333,-56.44755396720334,-89.392638143038,90.90965676927414,Before Launch
2635,2025-03-22 10:59:03,113.973,3.60236232,1.012,33.481,-117.79525233333334,35.10534883333333,-53.536709610159285,-89.29510002069141,90.91719323851542,Before Launch
2636,2025-03-22 10:59:03,114.015,2.68044628,0.199,33.484,-117.79525233333334,35.10534883333333,-53.1989416619926,-89.2714188509412,90.9457056048673,Before Launch
2637,2025-03-22 10:59:03,114.058,2.2801837999999996,-0.463,33.484,-117.79525233333334,35.10534883333333,-52.91675801019493,-89.24139972540983,90.97520337037501,Before Launch
2638,2025-03-22 10:59:03,114.1,3.88123372,1.91,33.484,-117.79525233333334,35.10534883333333,-52.94014613321649,-89.24237593341982,91.00338455098961,Before Launch
2639,2025-03-22 10:59:03,114.143,2.68044628,-1.282,33.484,-117.79525233333334,35.10534883333333,-53.28328286430613,-89.24429993875377,91.02584866260514,Before Launch
2640,2025-03-22 10:59:03,114.185,3.88123372,-0.567,33.484,-117.79525233333334,35.10534883333333,-53.38560234392061,-89.21483326916972,91.0330289827307,Before Launch
2641,2025-03-22 10:59:03,114.227,2.2801837999999996,-1.237,33.484,-117.79525233333334,35.10534883333333,-53.202346254173115,-89.18047818274945,91.07345925796508,Before Launch
2642,2025-03-22 10:59:03,114.27,2.2801837999999996,-0.488,33.481,-117.79525233333334,35.10534883333333,-52.45864632606408,-89.19551419147261,91.09097079805612,Before Launch
2643,2025-03-22 10:59:03,114.32,3.88123372,1.223,33.484,-117.79525233333334,35.10534883333333,-51.82779907750245,-89.14070784394941,91.10448864503519,Before Launch
2644,2025-03-22 10:59:03,114.364,2.56233604,0.04,33.487,-117.79525233333334,35.10534883333333,-51.01944569058693,-89.12735248462712,91.07454033492988,Before Launch
2645,2025-03-22 10:59:03,114.406,2.16207356,-0.371,33.487,-117.79525233333334,35.10534883333333,-50.68945045007914,-89.13381573350398,91.05848277339652,Before Launch
2646,2025-03-22 10:59:03,114.449,3.1332022,0.0,33.491,-117.79525233333334,35.10534883333333,-50.47355167843716,-89.09731131093868,91.05530332881928,Before Launch
2647,2025-03-22 10:59:03,114.491,2.3326772399999998,1.113,33.491,-117.79525233333334,35.10534883333333,-50.51295783494265,-89.09986785222654,91.04177465325692,Before Launch
2648,2025-03-22 10:59:03,114.533,3.26771664,1.721,33.466,-117.79525233333334,35.10534883333333,-50.53895122869297,-89.1034309384107,91.06374983630211,Before Launch
2649,2025-03-22 10:59:03,114.576,2.56233604,-1.345,33.487,-117.79525233333334,35.10534883333333,-50.64524949864597,-89.1325022808565,91.05849031069097,Before Launch
2650,2025-03-22 10:59:03,114.618,2.68044628,-0.129,33.484,-117.79525233333334,35.10534883333333,-50.72066374970656,-89.14940021900895,91.04254993340082,Before Launch
2651,2025-03-22 10:59:03,114.66,2.85104996,0.749,33.489,-117.79525233333334,35.10534883333333,-50.773954229417804,-89.18622503634101,91.04126012740879,Before Launch
2652,2025-03-22 10:59:03,114.703,3.53346468,1.171,33.491,-117.79525233333334,35.10534883333333,-50.81040783759464,-89.17285368793874,91.07191752003583,Before Launch
2653,2025-03-22 10:59:03,114.745,3.53346468,1.545,33.491,-117.79525233333334,35.10534883333333,-50.79775683787792,-89.16641702921653,91.07421963991416,Before Launch
2654,2025-03-22 10:59:03,114.787,3.5761156,0.948,33.456,-117.79525266666667,35.105348666666664,-51.49375597830742,-89.18444357077063,91.06468317840367,Before Launch
2655,2025-03-22 10:59:03,114.83,3.08070876,1.122,33.487,-117.79525266666667,35.105348666666664,-51.740770926586144,-89.17085950199024,91.0391001296199,Before Launch
2656,2025-03-22 10:59:04,114.872,2.16207356,-0.485,33.487,-117.79525266666667,35.105348666666664,-51.43414019732599,-89.151014048605,91.04568299891304,Before Launch
2657,2025-03-22 10:59:04,114.914,1.7618110800000002,-0.598,33.487,-117.79525266666667,35.105348666666664,-51.13269973713255,-89.14925957402924,91.05860848846291,Before Launch
2658,2025-03-22 10:59:04,114.957,1.25000004,-0.703,33.489,-117.79525266666667,35.105348666666664,-50.86006589082181,-89.10022894149677,91.06235637515222,Before Launch
2659,2025-03-22 10:59:04,115.0,2.45078748,0.046,33.489,-117.79525266666667,35.105348666666664,-50.809698180879174,-89.10298557164303,91.06670989463187,Before Launch
2660,2025-03-22 10:59:04,115.042,2.16207356,-1.347,33.487,-117.79525266666667,35.105348666666664,-50.87653192895806,-89.10128524361056,91.08062610951912,Before Launch
2661,2025-03-22 10:59:04,115.085,2.56233604,-0.11,33.487,-117.79525266666667,35.105348666666664,-51.01054550573549,-89.10259748806041,91.09024551157674,Before Launch
2662,2025-03-22 10:59:04,115.135,2.9625985200000002,0.634,33.487,-117.79525266666667,35.105348666666664,-51.247805550416,-89.09549323657666,91.08780308852074,Before Launch
2663,2025-03-22 10:59:04,115.179,2.3326772399999998,-1.435,33.491,-117.79525266666667,35.105348666666664,-51.48158665085662,-89.13857974669915,91.09196818073976,Before Launch
2664,2025-03-22 10:59:04,115.222,2.68044628,0.0,33.484,-117.79525266666667,35.105348666666664,-51.44880388737008,-89.16398982892143,91.07714553677815,Before Launch
2665,2025-03-22 10:59:04,115.264,2.16207356,-1.593,33.491,-117.79525266666667,35.105348666666664,-51.36742313473547,-89.14527751859649,91.07651643756758,Before Launch
2666,2025-03-22 10:59:04,115.307,1.25000004,-0.954,33.489,-117.79525266666667,35.105348666666664,-51.34857976987902,-89.14711818168288,91.05614983738586,Before Launch
2667,2025-03-22 10:59:04,115.349,0.73162732,-1.435,33.491,-117.79525266666667,35.105348666666664,-51.28035281258169,-89.13831472012963,91.07956373314053,Before Launch
2668,2025-03-22 10:59:04,115.392,3.53346468,-0.324,33.491,-117.79525266666667,35.105348666666664,-51.31244497079621,-89.11867641400481,91.08568657720231,Before Launch
2669,2025-03-22 10:59:04,115.435,0.84973756,-1.599,33.489,-117.79525266666667,35.105348666666664,-51.053419546960065,-89.13778862588387,91.08136468104914,Before Launch
2670,2025-03-22 10:59:04,115.477,1.69291344,-0.438,33.496,-117.79525266666667,35.105348666666664,-50.962340359642596,-89.13182200801745,91.0766578575959,Before Launch
2671,2025-03-22 10:59:04,115.519,2.3326772399999998,-0.748,33.491,-117.79525266666667,35.105348666666664,-50.88396085362205,-89.14377936711188,91.07399001977879,Before Launch
2672,2025-03-22 10:59:04,115.562,0.73162732,-1.495,33.491,-117.79525266666667,35.105348666666664,-51.37321475560756,-89.15320166084858,91.05544619068388,Before Launch
2673,2025-03-22 10:59:04,115.604,3.73687676,0.438,33.462,-117.79525266666667,35.105348666666664,-51.64152366295273,-89.18045170450532,91.05741408596921,Before Launch
2674,2025-03-22 10:59:04,115.647,1.8110236800000001,-0.702,33.494,-117.79525266666667,35.105348666666664,-51.637088663714856,-89.17129509022831,91.06473418150557,Before Launch
2675,2025-03-22 10:59:04,115.689,3.29396336,0.573,33.494,-117.79525266666667,35.105348666666664,-51.5502533296327,-89.14819697434488,91.09553090333289,Before Launch
2676,2025-03-22 10:59:04,115.732,3.76312348,0.851,33.487,-117.7952535,35.1053485,-51.46800159781333,-89.14535743988672,91.09603267138604,Before Launch
2677,2025-03-22 10:59:04,115.774,3.1332022,-0.374,33.491,-117.7952535,35.1053485,-50.97660981678064,-89.14971119782962,91.07121454359117,Before Launch
2678,2025-03-22 10:59:04,115.817,3.25131244,-0.263,33.489,-117.7952535,35.1053485,-50.64908765722028,-89.13770341226693,91.04590926980848,Before Launch
2679,2025-03-22 10:59:05,115.859,1.8110236800000001,-1.647,33.494,-117.7952535,35.1053485,-50.0145837968466,-89.13917670084182,91.02497446316386,Before Launch
2680,2025-03-22 10:59:05,115.901,3.01181112,-0.064,33.494,-117.7952535,35.1053485,-49.61851752138495,-89.0950223006031,91.004751531835,Before Launch
2681,2025-03-22 10:59:05,115.944,2.45078748,0.269,33.489,-117.7952535,35.1053485,-49.70584874006658,-89.09336725563308,91.02958568066364,Before Launch
2682,2025-03-22 10:59:05,115.986,3.1332022,1.279,33.432,-117.7952535,35.1053485,-50.35869110505042,-89.08355728062502,91.04939730987434,Before Launch
2683,2025-03-22 10:59:05,116.028,2.73293972,1.385,33.491,-117.7952535,35.1053485,-51.10070034162943,-89.13033806086575,91.09949360817774,Before Launch
2684,2025-03-22 10:59:05,116.071,3.1332022,0.637,33.491,-117.7952535,35.1053485,-51.47163217422345,-89.13098305015718,91.11127627947128,Before Launch
2685,2025-03-22 10:59:05,116.113,2.73293972,0.533,33.491,-117.7952535,35.1053485,-51.862033041821746,-89.10865811812552,91.09322792367057,Before Launch
2686,2025-03-22 10:59:05,116.156,2.09317592,-0.438,33.496,-117.7952535,35.1053485,-51.96536258400174,-89.12426938664515,91.09081583593093,Before Launch
2687,2025-03-22 10:59:05,116.198,2.3326772399999998,-0.593,33.491,-117.7952535,35.1053485,-52.06080784332703,-89.139315286182,91.12677957654891,Before Launch
2688,2025-03-22 10:59:05,116.24,2.85104996,0.489,33.489,-117.7952535,35.1053485,-52.09030263172027,-89.15704788353786,91.11751082222298,Before Launch
2689,2025-03-22 10:59:05,116.283,1.53215228,-1.082,33.489,-117.7952535,35.1053485,-52.66983660146691,-89.17540572575729,91.11209900981741,Before Launch
2690,2025-03-22 10:59:05,116.325,2.85104996,0.649,33.489,-117.7952535,35.1053485,-52.910271613179304,-89.17274183361369,91.12371062024896,Before Launch
2691,2025-03-22 10:59:05,116.367,4.0518374,2.643,33.489,-117.7952535,35.1053485,-53.012568781687634,-89.14552189727117,91.12919530914321,Before Launch
2692,2025-03-22 10:59:05,116.41,1.93241476,1.132,33.491,-117.7952535,35.1053485,-53.09018199664792,-89.14198404918858,91.14478993514687,Before Launch
2693,2025-03-22 10:59:05,116.452,3.81561692,0.266,33.494,-117.7952535,35.1053485,-53.75707812334941,-89.16324094200837,91.16862133298838,Before Launch
2694,2025-03-22 10:59:05,116.495,2.78215232,1.823,33.499,-117.7952535,35.1053485,-54.1166242972187,-89.20413104126112,91.16968698566598,Before Launch
2695,2025-03-22 10:59:05,116.538,3.3891077199999997,1.599,33.469,-117.7952535,35.1053485,-54.19742337371917,-89.1960938207013,91.14008690172562,Before Launch
2696,2025-03-22 10:59:05,116.581,3.58595812,1.18,33.499,-117.7952535,35.1053485,-53.86530381778451,-89.18516674248657,91.12064580342006,Before Launch
2697,2025-03-22 10:59:05,116.624,2.73293972,1.884,33.491,-117.7952535,35.1053485,-53.58898291133841,-89.21311821475734,91.09348979216658,Before Launch
2698,2025-03-22 10:59:05,116.667,2.94619432,-0.744,33.504,-117.7952535,35.1053485,-53.38924251977634,-89.23130925877837,91.07944246320828,Before Launch
2699,2025-03-22 10:59:05,116.71,2.78215232,0.914,33.499,-117.7952545,35.105348,-52.944955135817985,-89.2142729962694,91.07086130756072,Before Launch
2700,2025-03-22 10:59:05,116.752,3.18569564,-0.102,33.499,-117.7952545,35.105348,-52.70136173027068,-89.21020385359027,91.06969024131787,Before Launch
2701,2025-03-22 10:59:05,116.794,3.29396336,-0.442,33.496,-117.7952545,35.105348,-52.99477350623155,-89.20554636925958,91.10378264642632,Before Launch
2702,2025-03-22 10:59:06,116.837,4.12073504,0.929,33.491,-117.7952545,35.105348,-53.23688533145669,-89.2038573839483,91.08696034399591,Before Launch
2703,2025-03-22 10:59:06,116.879,1.8110236800000001,-1.356,33.494,-117.7952545,35.105348,-53.53880639347492,-89.16703095817162,91.12113281523031,Before Launch
2704,2025-03-22 10:59:06,116.922,2.89370088,1.019,33.496,-117.7952545,35.105348,-53.841231137437276,-89.17252400087575,91.12169740487371,Before Launch
2705,2025-03-22 10:59:06,116.964,3.01181112,0.0,33.494,-117.7952545,35.105348,-54.21415458264849,-89.16255089902594,91.13118811718566,Before Launch
2706,2025-03-22 10:59:06,117.006,3.01181112,0.528,33.494,-117.7952545,35.105348,-54.20023967855506,-89.1631367373834,91.13935313193709,Before Launch
2707,2025-03-22 10:59:06,117.049,3.6942258399999996,0.528,33.496,-117.7952545,35.105348,-53.8972961710511,-89.17359024292159,91.12651755780337,Before Launch
2708,2025-03-22 10:59:06,117.091,2.14566936,-0.552,33.504,-117.7952545,35.105348,-53.76614251761572,-89.16210399067259,91.13465275519802,Before Launch
2709,2025-03-22 10:59:06,117.133,2.09317592,-0.979,33.496,-117.7952545,35.105348,-53.17774104954424,-89.16720284395626,91.12681834930173,Before Launch
2710,2025-03-22 10:59:06,117.176,2.66404208,-0.065,33.501,-117.7952545,35.105348,-52.98645715694586,-89.17790826753102,91.11637213798741,Before Launch
2711,2025-03-22 10:59:06,117.218,2.73293972,0.602,33.491,-117.7952545,35.105348,-52.29540347950951,-89.13994385339286,91.11517849128929,Before Launch
2712,2025-03-22 10:59:06,117.261,1.9816273599999998,-0.33,33.499,-117.7952545,35.105348,-52.04207560386361,-89.16280651566035,91.11121988379502,Before Launch
2713,2025-03-22 10:59:06,117.303,2.89370088,0.04,33.496,-117.7952545,35.105348,-51.74102771416421,-89.13575549012039,91.11334106940394,Before Launch
2714,2025-03-22 10:59:06,117.345,4.6587928,2.944,33.459,-117.7952545,35.105348,-51.67110886545793,-89.13554200978928,91.12521477637966,Before Launch
2715,2025-03-22 10:59:06,117.388,3.1332022,0.265,33.491,-117.7952545,35.105348,-51.335708733542134,-89.13493468062946,91.10234628256839,Before Launch
2716,2025-03-22 10:59:06,117.431,2.2637796,-1.681,33.501,-117.7952545,35.105348,-50.83620463971714,-89.1335312703917,91.07987931520032,Before Launch
2717,2025-03-22 10:59:06,117.474,2.54593184,0.577,33.504,-117.7952545,35.105348,-50.466870581991806,-89.1407993248645,91.04889427770617,Before Launch
2718,2025-03-22 10:59:06,117.516,3.6942258399999996,-0.114,33.496,-117.7952545,35.105348,-50.84864138652491,-89.13953541125288,91.03162468357823,Before Launch
2719,2025-03-22 10:59:06,117.559,3.65157492,0.817,33.499,-117.7952545,35.105348,-51.296110427223965,-89.12931669586116,91.04188491520847,Before Launch
2720,2025-03-22 10:59:06,117.601,2.66404208,-0.682,33.501,-117.7952545,35.105348,-51.45436928316648,-89.15986132723897,91.00623991493416,Before Launch
2721,2025-03-22 10:59:06,117.643,2.2637796,-1.245,33.501,-117.7952545,35.105348,-51.81409793493907,-89.16993322563482,91.03053567142577,Before Launch
2722,2025-03-22 10:59:06,117.686,2.54593184,-0.176,33.504,-117.7952545,35.105348,-51.9832578369068,-89.20341839364774,91.01092342566449,Before Launch
2723,2025-03-22 10:59:06,117.728,1.58136488,-1.286,33.499,-117.79525483333333,35.1053475,-52.410038856655895,-89.2027524691641,91.03560550550239,Before Launch
2724,2025-03-22 10:59:06,117.77,2.89370088,0.105,33.496,-117.79525483333333,35.1053475,-52.523886873931986,-89.21851070622216,91.05255250085763,Before Launch
2725,2025-03-22 10:59:06,117.813,1.69291344,-1.407,33.496,-117.79525483333333,35.1053475,-52.74873688529499,-89.19764106901275,91.04844526835944,Before Launch
2726,2025-03-22 10:59:07,117.855,1.22375332,-1.951,33.479,-117.79525483333333,35.1053475,-52.83298917604072,-89.20970559231797,91.06265563200405,Before Launch
2727,2025-03-22 10:59:07,117.897,1.3451444,-2.618,33.504,-117.79525483333333,35.1053475,-53.16235649203479,-89.20210670230577,91.09564627887784,Before Launch
2728,2025-03-22 10:59:07,117.94,1.58136488,-0.216,33.499,-117.79525483333333,35.1053475,-53.347104097664364,-89.16055589444821,91.10328032648825,Before Launch
2729,2025-03-22 10:59:07,117.983,1.9816273599999998,-0.86,33.494,-117.79525483333333,35.1053475,-53.38184661548024,-89.17978703212127,91.09818825346431,Before Launch
2730,2025-03-22 10:59:07,118.027,1.46325464,-1.457,33.501,-117.79525483333333,35.1053475,-53.29078083048503,-89.13536275069256,91.09208673217297,Before Launch
2731,2025-03-22 10:59:07,118.069,2.66404208,-0.327,33.501,-117.79525483333333,35.1053475,-53.18467672483211,-89.14876351299603,91.11273743451882,Before Launch
2732,2025-03-22 10:59:07,118.112,2.66404208,-0.969,33.496,-117.79525483333333,35.1053475,-53.16351085610078,-89.13696702308454,91.12903309984209,Before Launch
2733,2025-03-22 10:59:07,118.154,2.78215232,0.599,33.499,-117.79525483333333,35.1053475,-53.17338618841857,-89.13404896687831,91.14285508434807,Before Launch
2734,2025-03-22 10:59:07,118.197,1.9816273599999998,-0.105,33.499,-117.79525483333333,35.1053475,-52.928749612833464,-89.15451609074499,91.1378039919042,Before Launch
2735,2025-03-22 10:59:07,118.24,1.74540688,-0.863,33.504,-117.79525483333333,35.1053475,-53.08720598731908,-89.14574350217497,91.14305079908058,Before Launch
2736,2025-03-22 10:59:07,118.285,2.2637796,-0.44,33.501,-117.79525483333333,35.1053475,-52.93137543519762,-89.13903234186108,91.12925385318809,Before Launch
2737,2025-03-22 10:59:07,118.328,1.9816273599999998,0.0,33.499,-117.79525483333333,35.1053475,-52.71234237368096,-89.1553167179158,91.11603563830566,Before Launch
2738,2025-03-22 10:59:07,118.37,3.29396336,0.375,33.496,-117.79525483333333,35.1053475,-52.63531988763512,-89.13487980481854,91.10894637229241,Before Launch
2739,2025-03-22 10:59:07,118.413,2.38188984,-2.132,33.499,-117.79525483333333,35.1053475,-52.44209788121181,-89.14836857963464,91.10402479161586,Before Launch
2740,2025-03-22 10:59:07,118.455,3.18569564,0.049,33.499,-117.79525483333333,35.1053475,-52.31845412213234,-89.14568826868032,91.10108498996355,Before Launch
2741,2025-03-22 10:59:07,118.497,2.14566936,-0.111,33.499,-117.79525483333333,35.1053475,-52.31070946298535,-89.16889937062555,91.11036734567594,Before Launch
2742,2025-03-22 10:59:07,118.54,2.54593184,0.0,33.504,-117.79525483333333,35.1053475,-52.54013055237164,-89.17898853705245,91.10199258021156,Before Launch
2743,2025-03-22 10:59:07,118.582,2.14566936,-1.453,33.504,-117.79525483333333,35.1053475,-52.824625370691294,-89.17705165980303,91.08778297778929,Before Launch
2744,2025-03-22 10:59:07,118.624,3.58595812,-0.062,33.499,-117.79525483333333,35.1053475,-52.967990762652,-89.14668799827201,91.09481697928273,Before Launch
2745,2025-03-22 10:59:07,118.667,2.66404208,0.0,33.501,-117.79525483333333,35.1053475,-53.490512754073585,-89.19781065647746,91.10607280232239,Before Launch
2746,2025-03-22 10:59:07,118.709,2.66404208,0.375,33.501,-117.7952555,35.105346833333336,-53.7631150456041,-89.22541687408398,91.10421096713532,Before Launch
2747,2025-03-22 10:59:07,118.752,2.14566936,-0.375,33.504,-117.7952555,35.105346833333336,-54.49307042869485,-89.24029737586322,91.11051597463307,Before Launch
2748,2025-03-22 10:59:07,118.794,1.9816273599999998,0.375,33.504,-117.7952555,35.105346833333336,-54.67859031425564,-89.24119387571281,91.12004585198838,Before Launch
2749,2025-03-22 10:59:08,118.836,2.4245407599999997,-0.44,33.506,-117.7952555,35.105346833333336,-54.915266177676834,-89.27586300402723,91.12229704168013,Before Launch
2750,2025-03-22 10:59:08,118.879,1.58136488,-0.105,33.499,-117.7952555,35.105346833333336,-55.04512439814957,-89.22974279432977,91.13909881523976,Before Launch
2751,2025-03-22 10:59:08,118.922,2.78215232,1.461,33.499,-117.7952555,35.105346833333336,-55.1115601535788,-89.21045218185189,91.1350355557086,Before Launch
2752,2025-03-22 10:59:08,118.964,1.1811023999999999,-0.154,33.499,-117.7952555,35.105346833333336,-55.19106608181835,-89.24532872100163,91.14226461157388,Before Launch
2753,2025-03-22 10:59:08,119.006,3.46456704,1.767,33.501,-117.7952555,35.105346833333336,-55.45804031111102,-89.24883917638816,91.13452024048647,Before Launch
2754,2025-03-22 10:59:08,119.049,3.58595812,1.505,33.499,-117.7952555,35.105346833333336,-55.30829305255461,-89.26254187819676,91.08323034043295,Before Launch
2755,2025-03-22 10:59:08,119.091,5.50853036,3.802,33.504,-117.7952555,35.105346833333336,-60.19853795442892,-89.37575030866469,91.06488901015824,Before Launch
2756,2025-03-22 10:59:08,119.134,2.4245407599999997,-0.225,33.506,-117.7952555,35.105346833333336,-61.87199625524981,-89.39335228318026,91.0609568756143,Before Launch
2757,2025-03-22 10:59:08,119.176,2.54593184,-0.111,33.504,-117.7952555,35.105346833333336,-64.55386844966917,-89.49914572554586,91.08679447248538,Before Launch
2758,2025-03-22 10:59:08,119.218,2.94619432,0.154,33.504,-117.7952555,35.105346833333336,-65.5573074102382,-89.51116066579314,91.10827924314142,Before Launch
2759,2025-03-22 10:59:08,119.261,3.6253282,1.545,33.506,-117.7952555,35.105346833333336,-62.305142584796364,-89.40158196388566,91.15755385433067,Before Launch
2760,2025-03-22 10:59:08,119.303,1.3451444,-0.377,33.504,-117.7952555,35.105346833333336,-60.25114883032709,-89.3438156431535,91.16562148086938,Before Launch
2761,2025-03-22 10:59:08,119.345,2.14566936,-0.111,33.504,-117.7952555,35.105346833333336,-57.114934068607035,-89.24746524501698,91.16895056036562,Before Launch
2762,2025-03-22 10:59:08,119.388,1.22375332,-0.715,33.487,-117.7952555,35.105346833333336,-55.9283821257073,-89.23747217849396,91.17036847461146,Before Launch
2763,2025-03-22 10:59:08,119.43,2.94619432,-0.328,33.504,-117.7952555,35.105346833333336,-54.0449975847526,-89.19125924154186,91.14034111099123,Before Launch
2764,2025-03-22 10:59:08,119.472,2.02427828,-0.338,33.506,-117.7952555,35.105346833333336,-53.38981230450669,-89.17877887277673,91.13499910920633,Before Launch
2765,2025-03-22 10:59:08,119.516,1.9061680399999998,-1.206,33.509,-117.7952555,35.105346833333336,-52.61264494384775,-89.1022592322507,91.11858846320418,Before Launch
2766,2025-03-22 10:59:08,119.56,2.14566936,0.0,33.504,-117.7952555,35.105346833333336,-52.28701569349545,-89.09635140720566,91.10087016327283,Before Launch
2767,2025-03-22 10:59:08,119.603,4.30774292,1.657,33.466,-117.7952555,35.105346833333336,-51.60842868654711,-89.07274912779833,91.08466277468412,Before Launch
2768,2025-03-22 10:59:08,119.646,2.706693,0.527,33.509,-117.7952555,35.105346833333336,-51.449296223362,-89.10477945695892,91.09353153422083,Before Launch
2769,2025-03-22 10:59:08,119.688,2.4934384,-1.027,33.496,-117.7952555,35.105346833333336,-51.24707739758885,-89.10064234102464,91.09232683675813,Before Launch
2770,2025-03-22 10:59:08,119.73,2.14566936,-0.488,33.504,-117.79525583333333,35.10534633333334,-51.23876779182542,-89.07480895029255,91.09868285567023,Before Launch
2771,2025-03-22 10:59:08,119.773,2.4245407599999997,-0.225,33.504,-117.79525583333333,35.10534633333334,-51.371060662731445,-89.1417052609292,91.07570061838413,Before Launch
2772,2025-03-22 10:59:08,119.815,2.54593184,0.377,33.504,-117.79525583333333,35.10534633333334,-51.52666946898818,-89.13598997045376,91.06669927448387,Before Launch
2773,2025-03-22 10:59:09,119.859,2.54593184,0.53,33.504,-117.79525583333333,35.10534633333334,-51.86369922467953,-89.15672232017091,91.06648462296067,Before Launch
2774,2025-03-22 10:59:09,119.901,2.66404208,0.225,33.469,-117.79525583333333,35.10534633333334,-52.16409896541047,-89.1534876143455,91.06232364177687,Before Launch
2775,2025-03-22 10:59:09,119.944,1.46325464,-0.111,33.501,-117.79525583333333,35.10534633333334,-52.868484489999084,-89.14242665395889,91.10017319824003,Before Launch
2776,2025-03-22 10:59:09,119.986,4.6587928,1.764,33.459,-117.79525583333333,35.10534633333334,-53.038024965655964,-89.14322138712706,91.10083819678663,Before Launch
2777,2025-03-22 10:59:09,120.028,2.61154864,1.344,33.494,-117.79525583333333,35.10534633333334,-53.18734997947797,-89.19384739766996,91.10727725678419,Before Launch
2778,2025-03-22 10:59:09,120.071,3.86482952,0.376,33.501,-117.79525583333333,35.10534633333334,-53.26042990350291,-89.19339446126976,91.10216461309886,Before Launch
2779,2025-03-22 10:59:09,120.113,3.64501324,0.056,33.446,-117.79525583333333,35.10534633333334,-52.98224321274887,-89.13805072743834,91.0958098560409,Before Launch
2780,2025-03-22 10:59:09,120.156,2.66404208,-2.671,33.501,-117.79525583333333,35.10534633333334,-52.73492375153804,-89.1319094915503,91.09303540867951,Before Launch
2781,2025-03-22 10:59:09,120.198,2.02427828,-0.376,33.501,-117.79525583333333,35.10534633333334,-52.40947489142082,-89.18367458610227,91.09685675973724,Before Launch
2782,2025-03-22 10:59:09,120.24,3.5072179599999997,0.903,33.509,-117.79525583333333,35.10534633333334,-52.31789105470385,-89.17247531643123,91.10386741631635,Before Launch
2783,2025-03-22 10:59:09,120.283,2.02427828,-0.866,33.506,-117.79525583333333,35.10534633333334,-52.20128988897217,-89.16978183619699,91.10371270550438,Before Launch
2784,2025-03-22 10:59:09,120.325,3.3464568,-0.262,33.504,-117.79525583333333,35.10534633333334,-52.14999267428506,-89.17353182040745,91.1142136506856,Before Launch
2785,2025-03-22 10:59:09,120.368,3.86482952,2.366,33.501,-117.79525583333333,35.10534633333334,-52.24806555561122,-89.17262806579498,91.07445851620771,Before Launch
2786,2025-03-22 10:59:09,120.41,3.10695548,0.903,33.509,-117.79525583333333,35.10534633333334,-52.41733904834538,-89.13456829923864,91.0904462409245,Before Launch
2787,2025-03-22 10:59:09,120.452,2.3064305199999997,1.018,33.509,-117.79525583333333,35.10534633333334,-52.8276020337726,-89.17106428080672,91.105074051853,Before Launch
2788,2025-03-22 10:59:09,120.495,3.06430456,0.111,33.506,-117.79525583333333,35.10534633333334,-53.023260660876936,-89.17608225117253,91.09503922204938,Before Launch
2789,2025-03-22 10:59:09,120.537,1.6240158,-0.376,33.506,-117.79525583333333,35.10534633333334,-53.27032627201322,-89.18646754540202,91.1128676791831,Before Launch
2790,2025-03-22 10:59:09,120.58,3.22506572,1.24,33.506,-117.79525583333333,35.10534633333334,-53.41056408206298,-89.18805597369199,91.13487858341982,Before Launch
2791,2025-03-22 10:59:09,120.622,1.50590556,-0.602,33.509,-117.79525583333333,35.10534633333334,-53.60879416353301,-89.18164732325887,91.14483981946515,Before Launch
2792,2025-03-22 10:59:09,120.664,2.4245407599999997,-1.775,33.506,-117.79525583333333,35.10534633333334,-53.57813316022628,-89.1928081092245,91.13711723869841,Before Launch
2793,2025-03-22 10:59:09,120.707,1.6240158,-1.02,33.506,-117.795257,35.105346,-53.39861286550854,-89.18980954727503,91.13683452361097,Before Launch
2794,2025-03-22 10:59:09,120.749,1.6765092400000001,-0.77,33.514,-117.795257,35.105346,-53.30505322064033,-89.16950179475702,91.13360306693438,Before Launch
2795,2025-03-22 10:59:09,120.792,1.9061680399999998,-0.226,33.509,-117.795257,35.105346,-53.11523780990831,-89.157696957858,91.15546853363038,Before Launch
2796,2025-03-22 10:59:10,120.834,0.7545932000000001,-1.574,33.516,-117.795257,35.105346,-53.084023346201995,-89.14953637011443,91.1586992470082,Before Launch
2797,2025-03-22 10:59:10,120.877,1.6765092400000001,-0.819,33.514,-117.795257,35.105346,-53.416443824766006,-89.18464468410956,91.15452088716988,Before Launch
2798,2025-03-22 10:59:10,120.919,1.50590556,-0.981,33.509,-117.795257,35.105346,-53.6660543857366,-89.19161492180663,91.15001811777732,Before Launch
2799,2025-03-22 10:59:10,120.961,2.3064305199999997,-0.337,33.509,-117.795257,35.105346,-54.16742230053594,-89.17385066444935,91.13241092327198,Before Launch
2800,2025-03-22 10:59:10,121.004,2.59514444,1.068,33.511,-117.795257,35.105346,-54.31931115262453,-89.18334738760856,91.12987055366922,Before Launch
2801,2025-03-22 10:59:10,121.046,1.50590556,-2.974,33.509,-117.795257,35.105346,-54.43285756311636,-89.182858080556,91.13314047367838,Before Launch
2802,2025-03-22 10:59:10,121.089,2.02427828,-0.554,33.506,-117.795257,35.105346,-54.463476469138996,-89.17911215794739,91.13590552045447,Before Launch
2803,2025-03-22 10:59:10,121.131,1.27624676,-2.442,33.514,-117.795257,35.105346,-54.051618636776894,-89.14046949683643,91.1570841485319,Before Launch
2804,2025-03-22 10:59:10,121.173,1.7946194800000002,-1.746,33.511,-117.795257,35.105346,-53.77836246971243,-89.14087788296598,91.15839754717018,Before Launch
2805,2025-03-22 10:59:10,121.216,2.99540692,0.313,33.509,-117.795257,35.105346,-53.48643534168112,-89.12702056634069,91.17863159877682,Before Launch
2806,2025-03-22 10:59:10,121.258,2.59514444,0.539,33.506,-117.795257,35.105346,-53.348973668086664,-89.12828180811886,91.16378843968114,Before Launch
2807,2025-03-22 10:59:10,121.308,2.87729668,-0.59,33.514,-117.795257,35.105346,-53.29004166320816,-89.12948595110443,91.15347305650349,Before Launch
2808,2025-03-22 10:59:10,121.352,2.02427828,0.0,33.506,-117.795257,35.105346,-52.75219178408241,-89.11462486729309,91.1420365892856,Before Launch
2809,2025-03-22 10:59:10,121.394,2.19488196,-1.077,33.509,-117.795257,35.105346,-52.295229643682205,-89.0916880922932,91.111519386343,Before Launch
2810,2025-03-22 10:59:10,121.437,2.07677172,-1.673,33.514,-117.795257,35.105346,-51.67267054431638,-89.10487267406225,91.10451894857805,Before Launch
2811,2025-03-22 10:59:10,121.48,2.59514444,-0.478,33.511,-117.795257,35.105346,-51.43651503872088,-89.09329218924609,91.10318388848587,Before Launch
2812,2025-03-22 10:59:10,121.522,2.07677172,-0.215,33.511,-117.795257,35.105346,-50.9563885876655,-89.10035309074617,91.10075650553719,Before Launch
2813,2025-03-22 10:59:10,121.565,1.3943569999999998,-1.561,33.511,-117.795257,35.105346,-50.95955820472659,-89.08001088443356,91.08741559490583,Before Launch
2814,2025-03-22 10:59:10,121.607,2.19488196,0.534,33.511,-117.795257,35.105346,-51.328713419242,-89.12858699480127,91.09691047235087,Before Launch
2815,2025-03-22 10:59:10,121.649,3.54986888,0.304,33.474,-117.795257,35.105346,-51.512457172999156,-89.12739278084834,91.09176061924931,Before Launch
2816,2025-03-22 10:59:10,121.692,1.7946194800000002,0.27,33.511,-117.795257,35.105346,-51.96157205273712,-89.13875431170844,91.07038644989153,Before Launch
2817,2025-03-22 10:59:10,121.734,2.02427828,-0.374,33.506,-117.795257,35.105345666666665,-52.085123803922954,-89.150416054238,91.05066578989565,Before Launch
2818,2025-03-22 10:59:10,121.777,1.6765092400000001,0.049,33.514,-117.795257,35.105345666666665,-52.17785788971197,-89.17418399384718,91.06693956041336,Before Launch
2819,2025-03-22 10:59:10,121.819,2.99540692,1.233,33.509,-117.795257,35.105345666666665,-52.231726332685575,-89.18255368303124,91.08646993246067,Before Launch
2820,2025-03-22 10:59:11,121.861,2.07677172,0.16,33.514,-117.795257,35.105345666666665,-52.016271219128775,-89.17255205333254,91.08607733315885,Before Launch
2821,2025-03-22 10:59:11,121.904,2.59514444,1.72,33.511,-117.795257,35.105345666666665,-51.8268135795488,-89.14333904415136,91.08483203070327,Before Launch
2822,2025-03-22 10:59:11,121.946,1.55511816,-0.114,33.516,-117.795257,35.105345666666665,-51.66522918386679,-89.12459482538627,91.0848818240399,Before Launch
2823,2025-03-22 10:59:11,121.989,2.35892396,0.797,33.516,-117.795257,35.105345666666665,-51.71323015308597,-89.11482230261436,91.07966242765148,Before Launch
2824,2025-03-22 10:59:11,122.031,1.7946194800000002,-0.478,33.511,-117.795257,35.105345666666665,-52.17915864687769,-89.09933142513121,91.0967803978396,Before Launch
2825,2025-03-22 10:59:11,122.074,1.7946194800000002,-0.748,33.511,-117.795257,35.105345666666665,-52.75866799944274,-89.11804277180353,91.10751923262109,Before Launch
2826,2025-03-22 10:59:11,122.117,1.55511816,0.046,33.516,-117.795257,35.105345666666665,-53.579992669727304,-89.14475861525374,91.1081793052079,Before Launch
2827,2025-03-22 10:59:11,122.159,4.0026247999999995,1.849,33.481,-117.795257,35.105345666666665,-53.84681967168171,-89.15153306653846,91.11307866008892,Before Launch
2828,2025-03-22 10:59:11,122.21,2.59514444,1.222,33.511,-117.795257,35.105345666666665,-54.14548011050678,-89.15840332239524,91.11465961304283,Before Launch
2829,2025-03-22 10:59:11,122.253,2.19488196,0.371,33.511,-117.795257,35.105345666666665,-53.9159954322536,-89.14769972740874,91.1153046185063,Before Launch
2830,2025-03-22 10:59:11,122.298,1.8372704000000002,-1.07,33.519,-117.795257,35.105345666666665,-53.7718407600716,-89.14222454109907,91.107414373604,Before Launch
2831,2025-03-22 10:59:11,122.34,2.59514444,0.0,33.511,-117.795257,35.105345666666665,-53.50966335296541,-89.16715380710892,91.13524286384923,Before Launch
2832,2025-03-22 10:59:11,122.383,2.19488196,-0.635,33.511,-117.795257,35.105345666666665,-53.40700618731971,-89.16327821030521,91.12547816919773,Before Launch
2833,2025-03-22 10:59:11,122.425,2.59514444,0.532,33.511,-117.795257,35.105345666666665,-52.89335629709109,-89.14168254572286,91.11855607741215,Before Launch
2834,2025-03-22 10:59:11,122.468,5.04265108,2.652,33.476,-117.795257,35.105345666666665,-52.645224264505075,-89.13606530255436,91.12909834410299,Before Launch
2835,2025-03-22 10:59:11,122.51,2.52952764,0.422,33.521,-117.795257,35.105345666666665,-52.16819504146602,-89.14290809282154,91.14021732818767,Before Launch
2836,2025-03-22 10:59:11,122.553,3.15944892,0.526,33.516,-117.795257,35.105345666666665,-51.99448357550766,-89.15629741038784,91.12804724304563,Before Launch
2837,2025-03-22 10:59:11,122.595,2.2375328800000003,0.15,33.519,-117.795257,35.105345666666665,-51.22525613132551,-89.12333098070951,91.10151284001145,Before Launch
2838,2025-03-22 10:59:11,122.638,1.95538064,0.523,33.516,-117.795257,35.105345666666665,-51.12208221741329,-89.11300813713835,91.09430776461183,Before Launch
2839,2025-03-22 10:59:11,122.68,2.7591864399999997,0.526,33.516,-117.795257,35.105345666666665,-51.102071357213845,-89.11149277669513,91.07046907337549,Before Launch
2840,2025-03-22 10:59:11,122.723,2.99540692,-0.516,33.511,-117.795257,35.105345666666665,-51.409427791281544,-89.11095352976574,91.07955043308807,Before Launch
2841,2025-03-22 10:59:11,122.765,2.4770342,0.636,33.514,-117.795257,35.105345666666665,-51.8421141467784,-89.14490558239102,91.08379286863105,Before Launch
2842,2025-03-22 10:59:11,122.808,3.5597114,1.43,33.511,-117.795257,35.105345666666665,-51.92612260330064,-89.15298426873782,91.07444397286812,Before Launch
2843,2025-03-22 10:59:12,122.85,2.87729668,1.119,33.514,-117.795257,35.105345666666665,-52.20188325515725,-89.16314877161959,91.09975913022885,Before Launch
2844,2025-03-22 10:59:12,122.893,2.7591864399999997,-0.22,33.516,-117.795257,35.105345666666665,-52.32823556056722,-89.16830467564294,91.08244131924667,Before Launch
2845,2025-03-22 10:59:12,122.935,1.55511816,-0.486,33.516,-117.795257,35.105345666666665,-52.44951681020981,-89.15384570951413,91.09394745023002,Before Launch
2846,2025-03-22 10:59:12,122.977,3.58595812,0.923,33.499,-117.795257,35.105345666666665,-52.34370682642321,-89.1648771063271,91.10440186959471,Before Launch
2847,2025-03-22 10:59:12,123.02,1.95538064,0.373,33.516,-117.795257,35.105345666666665,-52.136282846486615,-89.15262302078997,91.10715127845155,Before Launch
2848,2025-03-22 10:59:12,123.062,3.8385827999999997,1.379,33.519,-117.795257,35.105345666666665,-52.1714145581078,-89.14814050179727,91.09995736735955,Before Launch
2849,2025-03-22 10:59:12,123.104,2.52952764,0.685,33.516,-117.795257,35.105345666666665,-52.22398078298788,-89.15530081487793,91.12057176239543,Before Launch
2850,2025-03-22 10:59:12,123.147,2.4770342,0.636,33.514,-117.795257,35.105345666666665,-52.36495197727531,-89.14276219629531,91.13551943914733,Before Launch
2851,2025-03-22 10:59:12,123.189,3.27755916,1.607,33.514,-117.795257,35.105345666666665,-52.714527311590324,-89.1447478700935,91.123878460767,Before Launch
2852,2025-03-22 10:59:12,123.232,1.95538064,-1.908,33.516,-117.795257,35.105345666666665,-52.82746082174442,-89.14953399550605,91.13866823628148,Before Launch
2853,2025-03-22 10:59:12,123.276,2.35892396,-0.222,33.516,-117.795257,35.105345666666665,-53.12570810820469,-89.13506055304343,91.14018803293932,Before Launch
2854,2025-03-22 10:59:12,123.318,2.07677172,-0.111,33.514,-117.795257,35.105345666666665,-53.18491935075851,-89.1493309585968,91.13401916047361,Before Launch
2855,2025-03-22 10:59:12,123.361,1.55511816,-0.265,33.519,-117.795257,35.105345666666665,-53.794524119494405,-89.13639267746836,91.14573817207523,Before Launch
2856,2025-03-22 10:59:12,123.403,1.8372704000000002,-0.713,33.519,-117.795257,35.105345666666665,-54.151350270203444,-89.1789448743725,91.15538758578627,Before Launch
2857,2025-03-22 10:59:12,123.445,1.8897638399999999,-0.287,33.526,-117.795257,35.105345666666665,-54.29314923274365,-89.19403663656907,91.1312466947544,Before Launch
2858,2025-03-22 10:59:12,123.488,1.32545936,-1.194,33.521,-117.795257,35.105345666666665,-54.276908679898796,-89.21127853291759,91.11939829848382,Before Launch
2859,2025-03-22 10:59:12,123.53,1.55511816,-3.284,33.516,-117.795257,35.105345666666665,-54.10483181654512,-89.17697140600949,91.08953428513985,Before Launch
2860,2025-03-22 10:59:12,123.573,1.55511816,-0.917,33.516,-117.795257,35.105345666666665,-53.693851525083005,-89.16694222219422,91.09368894191067,Before Launch
2861,2025-03-22 10:59:12,123.616,2.73293972,-0.401,33.491,-117.795257,35.105345666666665,-52.93499903714893,-89.15047950212531,91.10427705308341,Before Launch
2862,2025-03-22 10:59:12,123.658,3.27755916,0.978,33.519,-117.795257,35.105345666666665,-52.65168500686538,-89.16728499464398,91.09500106478832,Before Launch
2863,2025-03-22 10:59:12,123.701,3.73031508,1.67,33.521,-117.7952565,35.105345666666665,-52.457424102604406,-89.13589310738365,91.11751417172472,Before Launch
2864,2025-03-22 10:59:12,123.743,3.03805784,0.262,33.519,-117.7952565,35.105345666666665,-52.375063215287895,-89.12135244717048,91.11430185200429,Before Launch
2865,2025-03-22 10:59:12,123.785,1.55511816,-1.356,33.516,-117.7952565,35.105345666666665,-52.29166914975423,-89.09603049495865,91.11858985930888,Before Launch
2866,2025-03-22 10:59:12,123.828,2.35892396,-0.111,33.516,-117.7952565,35.105345666666665,-52.394074166611,-89.10286515140848,91.13203793108802,Before Launch
2867,2025-03-22 10:59:13,123.87,2.40813656,-1.084,33.524,-117.7952565,35.105345666666665,-52.95234817442691,-89.09725400974247,91.13543952323356,Before Launch
2868,2025-03-22 10:59:13,123.913,2.35892396,-0.488,33.516,-117.7952565,35.105345666666665,-53.100348853021735,-89.10901120208825,91.15668856446241,Before Launch
2869,2025-03-22 10:59:13,123.955,2.2375328800000003,-0.491,33.519,-117.7952565,35.105345666666665,-53.13681373451614,-89.1437781994699,91.14328648419738,Before Launch
2870,2025-03-22 10:59:13,123.997,3.4383203200000003,1.773,33.519,-117.7952565,35.105345666666665,-52.98707621570258,-89.10494791300245,91.1494794442011,Before Launch
2871,2025-03-22 10:59:13,124.04,3.73031508,0.136,33.521,-117.7952565,35.105345666666665,-52.67267375603412,-89.11058738102075,91.16996170425739,Before Launch
2872,2025-03-22 10:59:13,124.082,3.3300525999999997,1.294,33.516,-117.7952565,35.105345666666665,-52.5720858018466,-89.0927803416638,91.18050782023853,Before Launch
2873,2025-03-22 10:59:13,124.124,2.80839904,-0.97,33.524,-117.7952565,35.105345666666665,-52.42963119220737,-89.09311410202223,91.18027538874998,Before Launch
2874,2025-03-22 10:59:13,124.167,3.2086615199999997,0.639,33.524,-117.7952565,35.105345666666665,-52.35294266270185,-89.09156791420531,91.17507874616135,Before Launch
2875,2025-03-22 10:59:13,124.21,4.163385959999999,1.586,33.487,-117.7952565,35.105345666666665,-52.644631184747816,-89.12789884694934,91.18089651963989,Before Launch
2876,2025-03-22 10:59:13,124.252,1.8897638399999999,-1.306,33.526,-117.7952565,35.105345666666665,-52.83203309905478,-89.13105227604296,91.18139318070496,Before Launch
2877,2025-03-22 10:59:13,124.295,1.72572184,-0.216,33.521,-117.7952565,35.105345666666665,-53.13588919286877,-89.12061405691931,91.16139787935725,Before Launch
2878,2025-03-22 10:59:13,124.337,2.7591864399999997,0.377,33.516,-117.7952565,35.105345666666665,-53.98277954613396,-89.10811838067647,91.17889487905909,Before Launch
2879,2025-03-22 10:59:13,124.379,3.5597114,1.398,33.521,-117.7952565,35.105345666666665,-55.423386920632375,-89.14982848370596,91.19991811757367,Before Launch
2880,2025-03-22 10:59:13,124.422,2.92979012,1.296,33.521,-117.7952565,35.105345666666665,-56.43307169685191,-89.15182312795397,91.22533685988374,Before Launch
2881,2025-03-22 10:59:13,124.472,1.6076116,-0.215,33.524,-117.7952565,35.105345666666665,-57.96194154999971,-89.18014865846975,91.28439634085791,Before Launch
2882,2025-03-22 10:59:13,124.516,3.46456704,1.47,33.501,-117.7952565,35.105345666666665,-58.65086735928651,-89.19214484693852,91.30919766523361,Before Launch
2883,2025-03-22 10:59:13,124.558,2.82480324,1.401,33.506,-117.7952565,35.105345666666665,-58.72399997555091,-89.21546663779517,91.30583862700615,Before Launch
2884,2025-03-22 10:59:13,124.601,3.5597114,1.872,33.516,-117.7952565,35.105345666666665,-58.0237950915768,-89.2043639822554,91.28921227616583,Before Launch
2885,2025-03-22 10:59:13,124.643,3.90748044,2.198,33.509,-117.7952565,35.105345666666665,-57.19186253906348,-89.1723644356398,91.23901767637331,Before Launch
2886,2025-03-22 10:59:13,124.686,4.56364844,1.711,33.521,-117.79525666666666,35.10534583333333,-55.96767288343205,-89.16404701226195,91.18018339629319,Before Launch
2887,2025-03-22 10:59:13,124.729,2.80839904,-0.438,33.524,-117.79525666666666,35.10534583333333,-55.540840519234436,-89.15367549121093,91.18572049695757,Before Launch
2888,2025-03-22 10:59:13,124.771,2.80839904,-0.862,33.524,-117.79525666666666,35.10534583333333,-54.88282098109762,-89.14566512070871,91.18264066239458,Before Launch
2889,2025-03-22 10:59:13,124.813,1.66010504,-1.288,33.531,-117.79525666666666,35.10534583333333,-54.54568115822876,-89.14435797079261,91.17045771425039,Before Launch
2890,2025-03-22 10:59:14,124.856,2.35892396,0.751,33.516,-117.79525666666666,35.10534583333333,-54.2438744010338,-89.14732466190388,91.1591595555772,Before Launch
2891,2025-03-22 10:59:14,124.898,3.2086615199999997,0.794,33.524,-117.79525666666666,35.10534583333333,-54.18437272655646,-89.11965661986281,91.14739883757328,Before Launch
2892,2025-03-22 10:59:14,124.94,1.0892388800000001,-1.233,33.526,-117.79525666666666,35.10534583333333,-53.84402738237055,-89.13539763429678,91.12513300836147,Before Launch
2893,2025-03-22 10:59:14,124.983,1.8372704000000002,-0.488,33.526,-117.79525666666666,35.10534583333333,-53.628905570612346,-89.14114389092755,91.128743389287,Before Launch
2894,2025-03-22 10:59:14,125.025,5.2034122400000005,2.772,33.481,-117.79525666666666,35.10534583333333,-53.34389188577791,-89.11848437302619,91.14125182832778,Before Launch
2895,2025-03-22 10:59:14,125.067,3.0905512799999997,-0.325,33.526,-117.79525666666666,35.10534583333333,-53.21561881947312,-89.1016885998438,91.13807071550643,Before Launch
2896,2025-03-22 10:59:14,125.11,2.29002632,-1.346,33.526,-117.79525666666666,35.10534583333333,-52.89221686906235,-89.10424005840612,91.14262042939015,Before Launch
2897,2025-03-22 10:59:14,125.152,1.72572184,-1.499,33.519,-117.79525666666666,35.10534583333333,-52.5020627842608,-89.106122790508,91.14879291211872,Before Launch
2898,2025-03-22 10:59:14,125.203,1.6076116,-1.113,33.524,-117.79525666666666,35.10534583333333,-52.32615639520421,-89.13333910259672,91.15093871964241,Before Launch
2899,2025-03-22 10:59:14,125.247,4.09448832,0.82,33.496,-117.79525666666666,35.10534583333333,-52.134415503887844,-89.14658953809628,91.14394877017176,Before Launch
2900,2025-03-22 10:59:14,125.29,4.00918648,-0.143,33.524,-117.79525666666666,35.10534583333333,-51.90114768065887,-89.15014521343984,91.13737181528181,Before Launch
2901,2025-03-22 10:59:14,125.332,4.73425212,2.634,33.491,-117.79525666666666,35.10534583333333,-51.620893420180245,-89.14556739869478,91.10683650418237,Before Launch
2902,2025-03-22 10:59:14,125.375,1.32545936,-0.371,33.521,-117.79525666666666,35.10534583333333,-51.76930483376065,-89.16426979849658,91.12602334320297,Before Launch
2903,2025-03-22 10:59:14,125.417,2.6902888,-0.064,33.521,-117.79525666666666,35.10534583333333,-52.17787270334812,-89.17042859012855,91.12655050402788,Before Launch
2904,2025-03-22 10:59:14,125.46,2.06036752,-1.387,33.531,-117.79525666666666,35.10534583333333,-52.36243206623037,-89.16227762834318,91.1060250581949,Before Launch
2905,2025-03-22 10:59:14,125.502,2.86089248,-0.064,33.531,-117.79525666666666,35.10534583333333,-52.55818040835926,-89.20044632969677,91.09473539757039,Before Launch
2906,2025-03-22 10:59:14,125.545,4.078084120000001,2.302,33.514,-117.79525666666666,35.10534583333333,-52.59255894233586,-89.18661912643496,91.09442513606741,Before Launch
2907,2025-03-22 10:59:14,125.587,3.89107624,0.398,33.526,-117.79525666666666,35.10534583333333,-52.34445224808685,-89.16315171910757,91.08846544964537,Before Launch
2908,2025-03-22 10:59:14,125.63,3.2086615199999997,0.358,33.524,-117.79525666666666,35.10534583333333,-52.18345140735329,-89.14636886518542,91.09427725541111,Before Launch
2909,2025-03-22 10:59:14,125.672,4.80314976,1.161,33.481,-117.79525666666666,35.10534583333333,-51.924562663912866,-89.14873667507686,91.11460216162776,Before Launch
2910,2025-03-22 10:59:14,125.715,1.20734912,-2.519,33.524,-117.79525483333333,35.105347,-52.11150183186485,-89.14588873041845,91.12724682133269,Before Launch
2911,2025-03-22 10:59:14,125.757,1.9389764399999998,-2.451,33.534,-117.79525483333333,35.105347,-52.1179381982615,-89.10638119246059,91.11722340046447,Before Launch
2912,2025-03-22 10:59:14,125.799,2.3392389199999997,-0.438,33.534,-117.79525483333333,35.105347,-52.12820633564815,-89.11221744678762,91.13016838026307,Before Launch
2913,2025-03-22 10:59:15,125.85,2.4770342,-0.307,33.514,-117.79525483333333,35.105347,-52.45658474878891,-89.11626880482089,91.12706825167308,Before Launch
2914,2025-03-22 10:59:15,125.894,2.5688977200000003,0.841,33.529,-117.79525483333333,35.105347,-53.13248200352209,-89.1442500075577,91.14998935371176,Before Launch
2915,2025-03-22 10:59:15,125.936,2.86089248,0.465,33.531,-117.79525483333333,35.105347,-53.20207725680767,-89.15283553257409,91.14578271822165,Before Launch
2916,2025-03-22 10:59:15,125.979,2.40813656,-0.741,33.524,-117.79525483333333,35.105347,-53.27770634278031,-89.15462390274831,91.13581235993507,Before Launch
2917,2025-03-22 10:59:15,126.021,1.6076116,0.48,33.524,-117.79525483333333,35.105347,-53.19297563498836,-89.16064137905373,91.12752750187744,Before Launch
2918,2025-03-22 10:59:15,126.063,1.76837276,-0.064,33.529,-117.79525483333333,35.105347,-53.06328170221595,-89.16042608765896,91.12927928144666,Before Launch
2919,2025-03-22 10:59:15,126.106,1.76837276,-3.178,33.529,-117.79525483333333,35.105347,-53.10632635914618,-89.15563200357418,91.12764512421168,Before Launch
2920,2025-03-22 10:59:15,126.149,2.5688977200000003,-0.482,33.489,-117.79525483333333,35.105347,-53.09058086246668,-89.15892567772562,91.14886786891573,Before Launch
2921,2025-03-22 10:59:15,126.191,2.6902888,0.37,33.526,-117.79525483333333,35.105347,-53.091452171398906,-89.15403598353046,91.1474874512026,Before Launch
2922,2025-03-22 10:59:15,126.234,3.2086615199999997,1.371,33.524,-117.79525483333333,35.105347,-53.060327282721744,-89.15768138031086,91.15800951141048,Before Launch
2923,2025-03-22 10:59:15,126.276,3.76968516,2.015,33.529,-117.79525483333333,35.105347,-53.04437096308599,-89.12269092259106,91.14419179314591,Before Launch
2924,2025-03-22 10:59:15,126.318,4.42585316,0.309,33.506,-117.79525483333333,35.105347,-52.9886763398956,-89.09584163054431,91.16062179118087,Before Launch
2925,2025-03-22 10:59:15,126.361,1.76837276,-2.092,33.529,-117.79525483333333,35.105347,-52.90870959216307,-89.13180807542412,91.1492158397595,Before Launch
2926,2025-03-22 10:59:15,126.403,3.26115496,-1.375,33.531,-117.79525483333333,35.105347,-52.91869659103021,-89.11931688193528,91.13204280680343,Before Launch
2927,2025-03-22 10:59:15,126.446,1.76837276,0.414,33.531,-117.79525483333333,35.105347,-52.9146535011582,-89.1730226029019,91.12873390587086,Before Launch
2928,2025-03-22 10:59:15,126.488,3.4219161199999997,0.683,33.536,-117.79525483333333,35.105347,-53.11485629873671,-89.17051433575124,91.11250868747776,Before Launch
2929,2025-03-22 10:59:15,126.531,2.9691602,0.849,33.529,-117.79525483333333,35.105347,-53.198137292717284,-89.1735203950394,91.11783088139696,Before Launch
2930,2025-03-22 10:59:15,126.573,2.5688977200000003,-0.273,33.526,-117.79525483333333,35.105347,-53.58393987349339,-89.17944348829165,91.1019569749228,Before Launch
2931,2025-03-22 10:59:15,126.616,2.06036752,-1.884,33.531,-117.79525483333333,35.105347,-53.7855696498642,-89.20181962589078,91.13150167585964,Before Launch
2932,2025-03-22 10:59:15,126.658,4.169947639999999,0.26,33.529,-117.79525483333333,35.105347,-53.93274847526211,-89.21200418023503,91.1257092593073,Before Launch
2933,2025-03-22 10:59:15,126.701,1.9389764399999998,-1.186,33.534,-117.79525383333333,35.1053485,-53.94507442104918,-89.20500374931176,91.13540745846306,Before Launch
2934,2025-03-22 10:59:15,126.743,2.86089248,-1.813,33.531,-117.79525383333333,35.1053485,-54.018066177212496,-89.19452517250686,91.12742350187324,Before Launch
2935,2025-03-22 10:59:15,126.785,1.36811028,0.15,33.529,-117.79525383333333,35.1053485,-54.03772278640063,-89.19447574825834,91.13208408714218,Before Launch
2936,2025-03-22 10:59:15,126.828,2.86089248,0.861,33.531,-117.79525383333333,35.1053485,-54.07077887595063,-89.20214319163074,91.1383852518332,Before Launch
2937,2025-03-22 10:59:16,126.87,1.70275596,-0.594,33.536,-117.79525383333333,35.1053485,-54.099406012585284,-89.19945528923557,91.135997702335,Before Launch
2938,2025-03-22 10:59:16,126.913,2.40813656,-0.065,33.524,-117.79525383333333,35.1053485,-54.00725959889928,-89.1877832865221,91.17465793680714,Before Launch
2939,2025-03-22 10:59:16,126.956,6.19094508,3.411,33.469,-117.79525383333333,35.1053485,-53.96375858790966,-89.19356350110208,91.16880511266963,Before Launch
2940,2025-03-22 10:59:16,127.01,3.86482952,0.935,33.501,-117.79525383333333,35.1053485,-53.70564988611711,-89.2085293229864,91.13154354780859,Before Launch
2941,2025-03-22 10:59:16,127.058,2.62139116,0.198,33.536,-117.79525383333333,35.1053485,-53.608534525248686,-89.15735126820127,91.11579856733947,Before Launch
2942,2025-03-22 10:59:16,127.106,3.0905512799999997,1.367,33.526,-117.79525383333333,35.1053485,-53.46814734293829,-89.15525320825016,91.11884867737295,Before Launch
2943,2025-03-22 10:59:16,127.149,3.26115496,1.375,33.531,-117.79525383333333,35.1053485,-53.36745497256045,-89.20473332888284,91.12260415127108,Before Launch
2944,2025-03-22 10:59:16,127.194,3.76968516,1.839,33.529,-117.79525383333333,35.1053485,-53.37078281880575,-89.20699860164639,91.11437114704187,Before Launch
2945,2025-03-22 10:59:16,127.238,2.3392389199999997,-0.211,33.534,-117.79525383333333,35.1053485,-53.479659583245436,-89.19103962775831,91.12497492732135,Before Launch
2946,2025-03-22 10:59:16,127.281,5.8431760399999995,2.893,33.476,-117.79525383333333,35.1053485,-53.5947626941654,-89.16355377062062,91.13218468728634,Before Launch
2947,2025-03-22 10:59:16,127.323,3.3694226799999996,0.148,33.529,-117.79525383333333,35.1053485,-54.0072814887986,-89.17384987878127,91.16279113896275,Before Launch
2948,2025-03-22 10:59:16,127.366,4.7080054,0.861,33.466,-117.79525383333333,35.1053485,-54.19833002351712,-89.17052094180607,91.17489935838388,Before Launch
2949,2025-03-22 10:59:16,127.408,2.9199476,-1.382,33.479,-117.79525383333333,35.1053485,-54.44967832243622,-89.15838156121053,91.17866840177086,Before Launch
2950,2025-03-22 10:59:16,127.45,1.70275596,-0.06,33.539,-117.79525383333333,35.1053485,-54.61297632047509,-89.156703716774,91.18141996715117,Before Launch
2951,2025-03-22 10:59:16,127.494,2.80839904,-0.415,33.524,-117.79525383333333,35.1053485,-54.568375377868605,-89.14442667977644,91.16372621117412,Before Launch
2952,2025-03-22 10:59:16,127.537,3.89107624,1.946,33.526,-117.79525383333333,35.1053485,-54.512024108012476,-89.15387470931948,91.15445253966789,Before Launch
2953,2025-03-22 10:59:16,127.58,3.3694226799999996,-0.048,33.529,-117.79525383333333,35.1053485,-54.30029479743527,-89.17875842781925,91.12792130495735,Before Launch
2954,2025-03-22 10:59:16,127.623,1.8208662000000002,-1.052,33.536,-117.79525383333333,35.1053485,-54.222604702287256,-89.18891702518657,91.11978037187738,Before Launch
2955,2025-03-22 10:59:16,127.665,2.3392389199999997,-0.21,33.534,-117.79525383333333,35.1053485,-53.87176212444952,-89.16890602045375,91.11541767663931,Before Launch
2956,2025-03-22 10:59:16,127.708,4.85236236,2.557,33.489,-117.79525316666667,35.1053485,-53.641238330648555,-89.17753161697877,91.1410599101445,Before Launch
2957,2025-03-22 10:59:16,127.751,1.42060372,-2.515,33.531,-117.79525316666667,35.1053485,-53.299642782400504,-89.12924350800185,91.14699132840914,Before Launch
2958,2025-03-22 10:59:16,127.793,2.9691602,0.943,33.529,-117.79525316666667,35.1053485,-52.61557581005765,-89.12451141554617,91.12452566307266,Before Launch
2959,2025-03-22 10:59:17,127.836,2.9691602,0.099,33.529,-117.79525316666667,35.1053485,-51.67460507547338,-89.11768946889934,91.09972144391847,Before Launch
2960,2025-03-22 10:59:17,127.878,2.62139116,1.147,33.536,-117.79525316666667,35.1053485,-51.30399220560711,-89.1286279384081,91.09764667714455,Before Launch
2961,2025-03-22 10:59:17,127.921,5.3215224800000005,2.251,33.479,-117.79525316666667,35.1053485,-50.95443414552959,-89.17772033281594,91.08264364064105,Before Launch
2962,2025-03-22 10:59:17,127.963,2.46063,0.693,33.531,-117.79525316666667,35.1053485,-50.9829362628461,-89.18086068659231,91.08356708058915,Before Launch
2963,2025-03-22 10:59:17,128.005,4.30774292,1.74,33.509,-117.79525316666667,35.1053485,-51.34165052564209,-89.15191419139863,91.07231003427282,Before Launch
2964,2025-03-22 10:59:17,128.048,2.3392389199999997,-3.527,33.531,-117.79525316666667,35.1053485,-51.54978490741214,-89.12111221573161,91.07543234669576,Before Launch
2965,2025-03-22 10:59:17,128.098,3.26115496,-0.555,33.531,-117.79525316666667,35.1053485,-51.93709964076071,-89.14275380374976,91.05019281475795,Before Launch
2966,2025-03-22 10:59:17,128.141,3.76968516,1.06,33.529,-117.79525316666667,35.1053485,-52.31764502949331,-89.13450366163185,91.09057892026905,Before Launch
2967,2025-03-22 10:59:17,128.184,3.1824148,0.085,33.541,-117.79525316666667,35.1053485,-52.471354165922435,-89.14301668503717,91.09875332511533,Before Launch
2968,2025-03-22 10:59:17,128.227,2.22112868,-0.965,33.536,-117.79525316666667,35.1053485,-52.53910822061556,-89.16103593841544,91.09447875610789,Before Launch
2969,2025-03-22 10:59:17,128.269,2.3392389199999997,-1.331,33.534,-117.79525316666667,35.1053485,-52.54303037479477,-89.15333790688508,91.1088338337872,Before Launch
2970,2025-03-22 10:59:17,128.312,1.42060372,-0.855,33.536,-117.79525316666667,35.1053485,-52.44052551799938,-89.1635690459817,91.10274318762536,Before Launch
2971,2025-03-22 10:59:17,128.354,1.8208662000000002,-3.749,33.529,-117.79525316666667,35.1053485,-52.367949728242,-89.14107638171815,91.10502148040217,Before Launch
2972,2025-03-22 10:59:17,128.397,3.4219161199999997,0.049,33.536,-117.79525316666667,35.1053485,-52.1258655388245,-89.16333125229914,91.11092805621938,Before Launch
2973,2025-03-22 10:59:17,128.439,4.42585316,-0.263,33.506,-117.79525316666667,35.1053485,-51.97546438057061,-89.15476674323499,91.10847530729484,Before Launch
2974,2025-03-22 10:59:17,128.482,1.32545936,-1.485,33.521,-117.79525316666667,35.1053485,-51.807540266978464,-89.1295022177554,91.1037988768815,Before Launch
2975,2025-03-22 10:59:17,128.524,3.0216536400000003,1.228,33.536,-117.79525316666667,35.1053485,-51.73577106298424,-89.14262556981322,91.1075197933214,Before Launch
2976,2025-03-22 10:59:17,128.567,2.38188984,-0.397,33.541,-117.79525316666667,35.1053485,-51.895729708608314,-89.14275455342242,91.11293831075609,Before Launch
2977,2025-03-22 10:59:17,128.609,1.47309716,-2.256,33.544,-117.79525316666667,35.1053485,-52.124754109596864,-89.11395530016533,91.12379280051306,Before Launch
2978,2025-03-22 10:59:17,128.652,1.66010504,-1.595,33.531,-117.79525316666667,35.1053485,-52.571474209326865,-89.11425778113143,91.15973495647528,Before Launch
2979,2025-03-22 10:59:17,128.694,2.2736221199999997,0.423,33.544,-117.79525316666667,35.1053485,-52.79642318917885,-89.12650320293608,91.1721122893828,Before Launch
2980,2025-03-22 10:59:17,128.745,3.0216536400000003,0.632,33.536,-117.79525316666667,35.1053485,-53.80549675550408,-89.1378481303796,91.18585797542774,Before Launch
2981,2025-03-22 10:59:17,128.789,1.02034124,-3.545,33.536,-117.7952525,35.105349,-54.44933914606878,-89.18124770716113,91.18227360616572,Before Launch
2982,2025-03-22 10:59:18,128.834,2.62139116,1.109,33.536,-117.7952525,35.105349,-54.659002463211934,-89.19692210456404,91.17396285088043,Before Launch
2983,2025-03-22 10:59:18,128.877,1.70275596,-1.168,33.539,-117.7952525,35.105349,-54.780440359546844,-89.16101235799522,91.15641079199698,Before Launch
2984,2025-03-22 10:59:18,128.919,0.7808399199999999,-2.021,33.541,-117.7952525,35.105349,-54.34583570170602,-89.14989231968778,91.15551526862349,Before Launch
2985,2025-03-22 10:59:18,128.962,3.0216536400000003,0.369,33.536,-117.7952525,35.105349,-53.63614599126984,-89.14220943542719,91.15438227663397,Before Launch
2986,2025-03-22 10:59:18,129.004,3.26115496,-1.902,33.531,-117.7952525,35.105349,-53.39226877261352,-89.15007887820028,91.13012838886257,Before Launch
2987,2025-03-22 10:59:18,129.047,1.58136488,-0.811,33.541,-117.7952525,35.105349,-52.90430966704861,-89.11084426531777,91.11782374721777,Before Launch
2988,2025-03-22 10:59:18,129.089,2.50328092,-1.665,33.539,-117.7952525,35.105349,-52.74027221882987,-89.1250111834422,91.13877254112094,Before Launch
2989,2025-03-22 10:59:18,129.132,2.7395014,0.369,33.534,-117.7952525,35.105349,-52.54080010667499,-89.12987542723612,91.14809674966735,Before Launch
2990,2025-03-22 10:59:18,129.175,1.30249348,-1.819,33.539,-117.7952525,35.105349,-52.45094493097535,-89.15008285641558,91.12682360582748,Before Launch
2991,2025-03-22 10:59:18,129.226,2.5688977200000003,-1.107,33.529,-117.7952525,35.105349,-52.474548380609356,-89.12252546512666,91.12823889541687,Before Launch
2992,2025-03-22 10:59:18,129.269,2.62139116,-0.517,33.536,-117.7952525,35.105349,-52.44914537789704,-89.1442897481922,91.11811581655881,Before Launch
2993,2025-03-22 10:59:18,129.311,1.9389764399999998,-0.26,33.534,-117.7952525,35.105349,-52.45955137448411,-89.1599237228329,91.09042869827321,Before Launch
2994,2025-03-22 10:59:18,129.354,3.26115496,0.85,33.531,-117.7952525,35.105349,-51.9535389968106,-89.13034367444325,91.11048369898798,Before Launch
2995,2025-03-22 10:59:18,129.397,2.62139116,1.107,33.536,-117.7952525,35.105349,-51.771036721789,-89.14057896387138,91.09857251936789,Before Launch
2996,2025-03-22 10:59:18,129.439,2.29002632,0.432,33.526,-117.7952525,35.105349,-51.56111798344832,-89.1115677076318,91.14491619091241,Before Launch
2997,2025-03-22 10:59:18,129.482,1.70275596,-1.584,33.539,-117.7952525,35.105349,-51.563405603093955,-89.10737012945307,91.11811931943264,Before Launch
2998,2025-03-22 10:59:18,129.524,2.10301844,-2.141,33.539,-117.7952525,35.105349,-51.76696880458273,-89.10770314758155,91.1424373676746,Before Launch
2999,2025-03-22 10:59:18,129.567,2.22112868,0.826,33.536,-117.7952525,35.105349,-52.349351472223354,-89.12492293039794,91.15199245154295,Before Launch
3000,2025-03-22 10:59:18,129.61,3.0216536400000003,0.0,33.539,-117.7952525,35.105349,-53.16175665038598,-89.11721406463856,91.16241729972607,Before Launch
3001,2025-03-22 10:59:18,129.652,4.265092,1.736,33.501,-117.7952525,35.105349,-53.417670465348046,-89.1481109395026,91.16598775906616,Before Launch
3002,2025-03-22 10:59:18,129.695,1.1811023999999999,-0.269,33.541,-117.79525366666667,35.10534833333333,-53.47764937395655,-89.14580038910415,91.13519401922542,Before Launch
3003,2025-03-22 10:59:18,129.737,5.1509188,3.217,33.524,-117.79525366666667,35.10534833333333,-53.43305716582369,-89.14980225159528,91.14917669038527,Before Launch
3004,2025-03-22 10:59:18,129.78,2.80839904,0.492,33.524,-117.79525366666667,35.10534833333333,-53.35999996319516,-89.14742683111696,91.13513549970357,Before Launch
3005,2025-03-22 10:59:18,129.822,2.06036752,-0.893,33.531,-117.79525366666667,35.10534833333333,-53.54522293101774,-89.17511745354363,91.10127222996695,Before Launch
3006,2025-03-22 10:59:19,129.865,2.92979012,1.775,33.521,-117.79525366666667,35.10534833333333,-56.332285041286816,-89.19412082860245,91.22523202488863,Before Launch
3007,2025-03-22 10:59:19,129.907,4.38648308,1.645,33.499,-117.79525366666667,35.10534833333333,-57.14352684206978,-89.2043440698164,91.255144576642,Before Launch
3008,2025-03-22 10:59:19,129.95,2.50328092,0.746,33.539,-117.79525366666667,35.10534833333333,-57.822093814298995,-89.20996592935107,91.29436130022576,Before Launch
3009,2025-03-22 10:59:19,129.992,1.9816273599999998,1.119,33.541,-117.79525366666667,35.10534833333333,-58.0433851483435,-89.21527875294971,91.31350043617104,Before Launch
3010,2025-03-22 10:59:19,130.034,1.9816273599999998,-0.97,33.501,-117.79525366666667,35.10534833333333,-56.834333874628314,-89.17091471654668,91.2530759062506,Before Launch
3011,2025-03-22 10:59:19,130.077,2.10301844,-1.079,33.521,-117.79525366666667,35.10534833333333,-54.99455093162658,-89.12408637174744,91.2069827138544,Before Launch
3012,2025-03-22 10:59:19,130.128,4.45209988,2.656,33.489,-117.79525366666667,35.10534833333333,-54.40356468121858,-89.11790604748309,91.16859294126667,Before Launch
3013,2025-03-22 10:59:19,130.171,3.0216536400000003,0.479,33.536,-117.79525366666667,35.10534833333333,-53.70852018994174,-89.14100878756946,91.14988864737302,Before Launch
3014,2025-03-22 10:59:19,130.214,4.09448832,1.252,33.496,-117.79525366666667,35.10534833333333,-53.48829824823903,-89.13941985972134,91.15533256545879,Before Launch
3015,2025-03-22 10:59:19,130.256,2.10301844,0.741,33.539,-117.79525366666667,35.10534833333333,-53.61692289345126,-89.15761094894965,91.15638475507093,Before Launch
3016,2025-03-22 10:59:19,130.298,2.9691602,0.373,33.529,-117.79525366666667,35.10534833333333,-53.69639209701881,-89.16259592309788,91.15005689526951,Before Launch
3017,2025-03-22 10:59:19,130.341,1.9816273599999998,-0.597,33.544,-117.79525366666667,35.10534833333333,-53.8366606009995,-89.18046046191068,91.16414380057768,Before Launch
3018,2025-03-22 10:59:19,130.384,1.3517060799999998,-0.547,33.546,-117.79525366666667,35.10534833333333,-53.86734517278287,-89.17483140771486,91.12958780076686,Before Launch
3019,2025-03-22 10:59:19,130.426,2.2736221199999997,-0.921,33.544,-117.79525366666667,35.10534833333333,-53.475998855767614,-89.15627900946372,91.14106531732764,Before Launch
3020,2025-03-22 10:59:19,130.469,1.47309716,-1.071,33.544,-117.79525366666667,35.10534833333333,-53.297821707858525,-89.14730721535156,91.13614770153717,Before Launch
3021,2025-03-22 10:59:19,130.511,3.1824148,0.832,33.541,-117.79525366666667,35.10534833333333,-53.15956057350214,-89.15756242398307,91.12707528327459,Before Launch
3022,2025-03-22 10:59:19,130.554,1.36811028,-0.312,33.529,-117.79525366666667,35.10534833333333,-53.20208097189339,-89.1449217258231,91.11500249375405,Before Launch
3023,2025-03-22 10:59:19,130.596,1.9816273599999998,-0.113,33.541,-117.79525366666667,35.10534833333333,-52.89221336827305,-89.14544689314799,91.10173404376712,Before Launch
3024,2025-03-22 10:59:19,130.639,1.07283468,-1.071,33.544,-117.79525366666667,35.10534833333333,-52.64917352418824,-89.13144971818647,91.11850361462218,Before Launch
3025,2025-03-22 10:59:19,130.682,1.91272972,-1.034,33.551,-117.79525366666667,35.10534833333333,-52.55031794194039,-89.14440620925653,91.12636853365052,Before Launch
3026,2025-03-22 10:59:19,130.724,1.07283468,-2.978,33.544,-117.79525416666667,35.105348,-52.56703122097664,-89.13604677141325,91.132216144281,Before Launch
3027,2025-03-22 10:59:19,130.767,2.2375328800000003,0.985,33.521,-117.79525416666667,35.105348,-52.601019383394835,-89.1323672643561,91.14157150682739,Before Launch
3028,2025-03-22 10:59:19,130.809,3.5826772800000004,-1.463,33.541,-117.79525416666667,35.105348,-52.595158533915175,-89.13182726996361,91.13305066931198,Before Launch
3029,2025-03-22 10:59:20,130.851,2.15223104,-0.613,33.546,-117.79525416666667,35.105348,-53.0535130645059,-89.13180079654956,91.1352047665341,Before Launch
3030,2025-03-22 10:59:20,130.894,2.78215232,0.673,33.546,-117.79525416666667,35.105348,-53.5930128431406,-89.12665143901461,91.17345862102619,Before Launch
3031,2025-03-22 10:59:20,130.944,1.23359584,-1.572,33.541,-117.79525416666667,35.105348,-53.9543774885732,-89.13635603479321,91.18941913200344,Before Launch
3032,2025-03-22 10:59:20,130.987,2.43438328,-1.807,33.549,-117.79525416666667,35.105348,-54.09183079041122,-89.13219441055739,91.16796100956046,Before Launch
3033,2025-03-22 10:59:20,131.03,2.3129922,-0.176,33.551,-117.79525416666667,35.105348,-54.128056856874124,-89.11841971224104,91.16433051250631,Before Launch
3034,2025-03-22 10:59:20,131.072,4.80314976,2.613,33.529,-117.79525416666667,35.105348,-54.216707101857025,-89.16353182972558,91.19109564231617,Before Launch
3035,2025-03-22 10:59:20,131.114,2.6738845999999996,0.641,33.544,-117.79525416666667,35.105348,-54.211188472111715,-89.1520312478554,91.18503327812637,Before Launch
3036,2025-03-22 10:59:20,131.157,1.3517060799999998,-0.696,33.546,-117.79525416666667,35.105348,-53.90793033095482,-89.16287106745723,91.16214722078392,Before Launch
3037,2025-03-22 10:59:20,131.199,2.952756,-1.4,33.546,-117.79525416666667,35.105348,-53.5789136608523,-89.15185306404695,91.15686780098757,Before Launch
3038,2025-03-22 10:59:20,131.242,2.50328092,-0.484,33.539,-117.79525416666667,35.105348,-52.9413130176125,-89.12254608318533,91.16670905710345,Before Launch
3039,2025-03-22 10:59:20,131.284,2.55249352,-1.441,33.546,-117.79525416666667,35.105348,-52.73656515539336,-89.1097962417998,91.14197233386484,Before Launch
3040,2025-03-22 10:59:20,131.326,2.15223104,0.046,33.546,-117.79525416666667,35.105348,-52.0487065238215,-89.0855370000754,91.13485363766276,Before Launch
3041,2025-03-22 10:59:20,131.369,2.10301844,-0.809,33.491,-117.79525416666667,35.105348,-51.90616975248911,-89.09889450103019,91.1452728204023,Before Launch
3042,2025-03-22 10:59:20,131.411,2.55249352,0.534,33.546,-117.79525416666667,35.105348,-51.828575674926604,-89.09318915802932,91.14118849494875,Before Launch
3043,2025-03-22 10:59:20,131.454,2.0341208,0.638,33.549,-117.79525416666667,35.105348,-51.97789834076329,-89.06742455650483,91.15238290757053,Before Launch
3044,2025-03-22 10:59:20,131.496,2.2736221199999997,0.0,33.544,-117.79525416666667,35.105348,-52.336076922072415,-89.08577689704838,91.13198695391031,Before Launch
3045,2025-03-22 10:59:20,131.538,2.50328092,0.964,33.539,-117.79525416666667,35.105348,-52.5406306608062,-89.11236164088064,91.14326659576025,Before Launch
3046,2025-03-22 10:59:20,131.581,3.49081376,0.288,33.526,-117.79525416666667,35.105348,-52.73255386831263,-89.13233838600081,91.15556574394805,Before Launch
3047,2025-03-22 10:59:20,131.623,2.952756,1.482,33.549,-117.79525416666667,35.105348,-52.82310044911884,-89.15187801817774,91.15610404916829,Before Launch
3048,2025-03-22 10:59:20,131.674,2.43438328,0.42,33.549,-117.79525416666667,35.105348,-52.8947345993592,-89.1708306363455,91.14354547577024,Before Launch
3049,2025-03-22 10:59:20,131.718,1.9816273599999998,0.842,33.541,-117.7952545,35.10534783333333,-53.07072864919211,-89.225884579701,91.13292673389041,Before Launch
3050,2025-03-22 10:59:20,131.764,2.952756,0.961,33.551,-117.7952545,35.10534783333333,-53.07583252094772,-89.22605694119893,91.15246301002666,Before Launch
3051,2025-03-22 10:59:20,131.809,1.9816273599999998,0.838,33.534,-117.7952545,35.10534783333333,-52.7642781966441,-89.18808999200932,91.15617105746584,Before Launch
3052,2025-03-22 10:59:21,131.856,2.38188984,0.133,33.541,-117.7952545,35.10534783333333,-52.85027894639869,-89.19541758759132,91.15287334690395,Before Launch
3053,2025-03-22 10:59:21,131.9,2.43438328,-1.053,33.549,-117.7952545,35.10534783333333,-52.88802206267116,-89.20246920205068,91.13368641329485,Before Launch
3054,2025-03-22 10:59:21,131.942,3.63517072,1.359,33.546,-117.7952545,35.10534783333333,-52.92572572729559,-89.18496333568926,91.15040920889811,Before Launch
3055,2025-03-22 10:59:21,131.988,4.15354344,1.254,33.546,-117.7952545,35.10534783333333,-53.142898034083416,-89.1703409978801,91.11634090743232,Before Launch
3056,2025-03-22 10:59:21,132.03,3.1167979999999997,1.734,33.551,-117.7952545,35.10534783333333,-53.10483853637124,-89.15163074042951,91.11484158411112,Before Launch
3057,2025-03-22 10:59:21,132.073,3.3530184800000002,0.846,33.546,-117.7952545,35.10534783333333,-53.46306040204452,-89.13192529781611,91.12677240046285,Before Launch
3058,2025-03-22 10:59:21,132.115,2.55249352,0.221,33.546,-117.7952545,35.10534783333333,-53.630662742160574,-89.11478403891856,91.15620039528496,Before Launch
3059,2025-03-22 10:59:21,132.158,2.50328092,-2.118,33.539,-117.7952545,35.10534783333333,-53.80464758905133,-89.1140917524229,91.18871875549831,Before Launch
3060,2025-03-22 10:59:21,132.204,2.15223104,-0.479,33.546,-117.7952545,35.10534783333333,-53.864023600348915,-89.11106581091157,91.1874983248224,Before Launch
3061,2025-03-22 10:59:21,132.248,1.3517060799999998,0.0,33.549,-117.7952545,35.10534783333333,-53.44410724693749,-89.1134061743331,91.14659802538874,Before Launch
3062,2025-03-22 10:59:21,132.292,1.7519685600000001,-1.099,33.546,-117.7952545,35.10534783333333,-53.532934185102064,-89.13870063288599,91.10852979333367,Before Launch
3063,2025-03-22 10:59:21,132.336,1.68307092,-0.75,33.556,-117.7952545,35.10534783333333,-53.71026815273623,-89.13746520043453,91.12041337614038,Before Launch
3064,2025-03-22 10:59:21,132.378,3.7532809599999997,1.098,33.549,-117.7952545,35.10534783333333,-53.72399632693242,-89.13908409970591,91.14310671913867,Before Launch
3065,2025-03-22 10:59:21,132.42,1.63385832,-0.474,33.549,-117.7952545,35.10534783333333,-53.646397709565015,-89.15259785809508,91.1323521555311,Before Launch
3066,2025-03-22 10:59:21,132.464,2.6738845999999996,0.521,33.544,-117.7952545,35.10534783333333,-53.47114903941496,-89.14196224677724,91.15102071482075,Before Launch
3067,2025-03-22 10:59:21,132.507,3.5597114,0.919,33.546,-117.7952545,35.10534783333333,-53.23048662768398,-89.14384173749463,91.14081423433451,Before Launch
3068,2025-03-22 10:59:21,132.549,0.83333336,-1.097,33.549,-117.7952545,35.10534783333333,-53.01123325082681,-89.16454059691641,91.1404819121834,Before Launch
3069,2025-03-22 10:59:21,132.592,1.7519685600000001,-0.476,33.546,-117.7952545,35.10534783333333,-52.896777968918286,-89.16165012165132,91.1435881790229,Before Launch
3070,2025-03-22 10:59:21,132.634,2.48359588,-0.018,33.549,-117.7952545,35.10534783333333,-52.88155630095661,-89.14189557234484,91.15628194489126,Before Launch
3071,2025-03-22 10:59:21,132.677,2.71325468,-0.709,33.551,-117.7952545,35.10534783333333,-52.73471872788079,-89.13481541549194,91.1592893985103,Before Launch
3072,2025-03-22 10:59:21,132.72,1.51246724,-1.313,33.551,-117.7952545,35.10534783333333,-52.69812962833629,-89.14146328718586,91.14597570081773,Before Launch
3073,2025-03-22 10:59:21,132.768,2.87729668,0.405,33.514,-117.79525483333333,35.105347333333334,-52.63707900277469,-89.12988872811962,91.14066661783423,Before Launch
3074,2025-03-22 10:59:21,132.814,3.2349082399999998,1.144,33.549,-117.79525483333333,35.105347333333334,-52.69803611002137,-89.14050749480606,91.14791542255837,Before Launch
3075,2025-03-22 10:59:22,132.858,2.78215232,-0.156,33.541,-117.79525483333333,35.105347333333334,-52.73421750603375,-89.11821525925278,91.15709132505,Before Launch
3076,2025-03-22 10:59:22,132.902,4.76049884,2.542,33.521,-117.79525483333333,35.105347333333334,-52.79453989789505,-89.17221813833689,91.17254775045178,Before Launch
3077,2025-03-22 10:59:22,132.944,2.76574812,0.353,33.559,-117.79525483333333,35.105347333333334,-52.82970700007815,-89.17503992113411,91.16136014508422,Before Launch
3078,2025-03-22 10:59:22,132.99,1.8044620000000002,-0.578,33.554,-117.79525483333333,35.105347333333334,-52.6140041899447,-89.14154110896949,91.1471341381101,Before Launch
3079,2025-03-22 10:59:22,133.035,2.2047244800000003,-1.309,33.554,-117.79525483333333,35.105347333333334,-52.63055215439155,-89.14322084052112,91.13845769859155,Before Launch
3080,2025-03-22 10:59:22,133.09,4.82611564,0.61,33.506,-117.79525483333333,35.105347333333334,-52.75118391526756,-89.12130772180329,91.1200716305899,Before Launch
3081,2025-03-22 10:59:22,133.136,1.72572184,-1.258,33.521,-117.79525483333333,35.105347333333334,-52.90860397447109,-89.11620526255389,91.14500598519409,Before Launch
3082,2025-03-22 10:59:22,133.18,1.7519685600000001,-1.446,33.546,-117.79525483333333,35.105347333333334,-53.11235936382184,-89.11938152610387,91.16221347222593,Before Launch
3083,2025-03-22 10:59:22,133.225,5.8661419200000005,2.985,33.501,-117.79525483333333,35.105347333333334,-53.36554896490713,-89.10897491807157,91.16343262522636,Before Launch
3084,2025-03-22 10:59:22,133.27,2.3129922,-0.171,33.551,-117.79525483333333,35.105347333333334,-53.440853165426105,-89.1117121813322,91.18633956457467,Before Launch
3085,2025-03-22 10:59:22,133.313,1.11220476,-0.938,33.551,-117.79525483333333,35.105347333333334,-53.94973864704454,-89.1122252594076,91.20482986121559,Before Launch
3086,2025-03-22 10:59:22,133.356,3.4219161199999997,1.868,33.551,-117.79525483333333,35.105347333333334,-53.928892988739435,-89.13256563587109,91.19502612633138,Before Launch
3087,2025-03-22 10:59:22,133.398,2.71325468,0.869,33.551,-117.79525483333333,35.105347333333334,-53.70775426730291,-89.11835987467215,91.16456802017302,Before Launch
3088,2025-03-22 10:59:22,133.441,1.11220476,-0.517,33.551,-117.79525483333333,35.105347333333334,-53.710332074135394,-89.14317027153737,91.17012487017828,Before Launch
3089,2025-03-22 10:59:22,133.483,2.99540692,-0.686,33.511,-117.79525483333333,35.105347333333334,-53.92107004660208,-89.17333773110832,91.15149829839055,Before Launch
3090,2025-03-22 10:59:22,133.525,1.51246724,-0.11,33.551,-117.79525483333333,35.105347333333334,-53.96369390049016,-89.1543534652036,91.1464757772963,Before Launch
3091,2025-03-22 10:59:22,133.568,2.62139116,-0.048,33.536,-117.79525483333333,35.105347333333334,-53.9659256373647,-89.16469618240087,91.14541426516094,Before Launch
3092,2025-03-22 10:59:22,133.611,1.91272972,-1.492,33.551,-117.79525483333333,35.105347333333334,-53.923798883295134,-89.17521691884349,91.14471305408513,Before Launch
3093,2025-03-22 10:59:22,133.653,1.9652231599999999,1.025,33.554,-117.79525483333333,35.105347333333334,-53.929740820948666,-89.18063910167747,91.16545200839919,Before Launch
3094,2025-03-22 10:59:22,133.695,2.22112868,0.425,33.536,-117.79525483333333,35.105347333333334,-53.93992515041391,-89.20903720659729,91.15188596036587,Before Launch
3095,2025-03-22 10:59:22,133.738,4.7080054,2.015,33.509,-117.79525483333333,35.105347333333334,-53.69036910139825,-89.17996218327067,91.14459196210895,Before Launch
3096,2025-03-22 10:59:22,133.781,2.15223104,-0.508,33.551,-117.79525616666666,35.105346833333336,-53.54968216995671,-89.16347650170033,91.15018492049282,Before Launch
3097,2025-03-22 10:59:22,133.823,3.3694226799999996,1.684,33.529,-117.79525616666666,35.105346833333336,-53.156104303442014,-89.15818558350189,91.15791094400173,Before Launch
3098,2025-03-22 10:59:23,133.866,2.3129922,-0.514,33.551,-117.79525616666666,35.105346833333336,-53.08801929594319,-89.16573119104466,91.16188612408733,Before Launch
3099,2025-03-22 10:59:23,133.908,2.60498696,-0.576,33.554,-117.79525616666666,35.105346833333336,-52.896985928115946,-89.15966711165092,91.14160088763563,Before Launch
3100,2025-03-22 10:59:23,133.951,4.89501328,1.933,33.496,-117.79525616666666,35.105346833333336,-52.83782139873746,-89.15100131559018,91.14504059574567,Before Launch
3101,2025-03-22 10:59:23,133.993,2.3129922,-2.243,33.551,-117.79525616666666,35.105346833333336,-52.99011370456968,-89.16465155587369,91.15615830035527,Before Launch
3102,2025-03-22 10:59:23,134.036,2.2047244800000003,-0.514,33.554,-117.79525616666666,35.105346833333336,-53.13916722838406,-89.13621266682793,91.14993602513401,Before Launch
3103,2025-03-22 10:59:23,134.079,3.95997388,1.979,33.516,-117.79525616666666,35.105346833333336,-53.28859753251411,-89.15121610591311,91.14517988514383,Before Launch
3104,2025-03-22 10:59:23,134.121,2.55249352,0.32,33.546,-117.79525616666666,35.105346833333336,-53.40846474929703,-89.1333808865191,91.131791354756,Before Launch
3105,2025-03-22 10:59:23,134.171,1.91272972,-2.695,33.551,-117.79525616666666,35.105346833333336,-53.942426498871036,-89.16359077151242,91.14238077266863,Before Launch
3106,2025-03-22 10:59:23,134.216,2.71325468,0.914,33.526,-117.79525616666666,35.105346833333336,-53.926918479701165,-89.17162060191473,91.12344803920574,Before Launch
3107,2025-03-22 10:59:23,134.259,2.3129922,0.52,33.551,-117.79525616666666,35.105346833333336,-53.68909251725082,-89.15963887748637,91.11821492256294,Before Launch
3108,2025-03-22 10:59:23,134.302,1.7519685600000001,-3.82,33.546,-117.79525616666666,35.105346833333336,-53.1822490104024,-89.14854705810743,91.10066951436868,Before Launch
3109,2025-03-22 10:59:23,134.345,4.76049884,2.277,33.526,-117.79525616666666,35.105346833333336,-53.028169136328195,-89.14195448475611,91.10879342126547,Before Launch
3110,2025-03-22 10:59:23,134.387,1.68307092,0.532,33.556,-117.79525616666666,35.105346833333336,-52.471218787477895,-89.1402193591994,91.10694776410732,Before Launch
3111,2025-03-22 10:59:23,134.43,4.85236236,1.332,33.489,-117.79525616666666,35.105346833333336,-52.249813978192016,-89.13193997877411,91.12514300382783,Before Launch
3112,2025-03-22 10:59:23,134.473,4.80971144,1.95,33.554,-117.79525616666666,35.105346833333336,-51.95385214742343,-89.1422029260216,91.13720151087416,Before Launch
3113,2025-03-22 10:59:23,134.515,1.91272972,0.745,33.551,-117.79525616666666,35.105346833333336,-51.7845174407214,-89.12455654705234,91.1072272199215,Before Launch
3114,2025-03-22 10:59:23,134.558,5.27887156,2.124,33.514,-117.79525616666666,35.105346833333336,-51.69247216567748,-89.16385987360749,91.0979206231168,Before Launch
3115,2025-03-22 10:59:23,134.6,4.9967193199999995,3.241,33.511,-117.79525616666666,35.105346833333336,-51.65781095126456,-89.15567158543429,91.1177556535125,Before Launch
3116,2025-03-22 10:59:23,134.643,2.3654856399999997,-0.238,33.559,-117.79525616666666,35.105346833333336,-52.23810252279614,-89.13245987376798,91.16013522714177,Before Launch
3117,2025-03-22 10:59:23,134.685,3.00524944,1.017,33.554,-117.79525633333333,35.10534716666667,-52.54882468645161,-89.13399430456579,91.1680570234882,Before Launch
3118,2025-03-22 10:59:23,134.728,3.67782164,1.593,33.514,-117.79525633333333,35.10534716666667,-53.09935277738214,-89.1196673084214,91.14367575726708,Before Launch
3119,2025-03-22 10:59:23,134.77,2.3654856399999997,0.134,33.556,-117.79525633333333,35.10534716666667,-53.468609010933555,-89.11955991479304,91.15300612070945,Before Launch
3120,2025-03-22 10:59:23,134.813,4.553805919999999,-0.143,33.546,-117.79525633333333,35.10534716666667,-53.92703008557036,-89.1482313872302,91.14634249207563,Before Launch
3121,2025-03-22 10:59:24,134.856,2.38188984,0.214,33.541,-117.79525633333333,35.10534716666667,-54.09173289110715,-89.12440537314095,91.1471479344548,Before Launch
3122,2025-03-22 10:59:24,134.898,3.51706048,0.137,33.551,-117.79525633333333,35.10534716666667,-54.31744363663516,-89.17157313099365,91.13870309145118,Before Launch
3123,2025-03-22 10:59:24,134.941,2.43438328,0.113,33.549,-117.79525633333333,35.10534716666667,-54.22210768125428,-89.16853015737703,91.13712633476945,Before Launch
3124,2025-03-22 10:59:24,134.983,5.30511828,2.512,33.539,-117.79525633333333,35.10534716666667,-53.73709451630631,-89.13720285582932,91.14750630296707,Before Launch
3125,2025-03-22 10:59:24,135.026,2.64763788,-2.091,33.554,-117.79525633333333,35.10534716666667,-53.49902547170295,-89.13118826801357,91.15560648437406,Before Launch
3126,2025-03-22 10:59:24,135.077,4.7080054,2.209,33.509,-117.79525633333333,35.10534716666667,-53.201890362956604,-89.09994321023665,91.1622489437474,Before Launch
3127,2025-03-22 10:59:24,135.121,2.2047244800000003,0.0,33.554,-117.79525633333333,35.10534716666667,-52.681428160254804,-89.07747460326075,91.15381244602816,Before Launch
3128,2025-03-22 10:59:24,135.163,1.9652231599999999,-1.84,33.559,-117.79525633333333,35.10534716666667,-52.110806964854476,-89.07889600489268,91.11604860376295,Before Launch
3129,2025-03-22 10:59:24,135.206,4.53084004,1.823,33.559,-117.79525633333333,35.10534716666667,-51.448945668068085,-89.02818269577443,91.10420239737563,Before Launch
3130,2025-03-22 10:59:24,135.248,3.28740168,1.276,33.556,-117.79525633333333,35.10534716666667,-52.036110269658096,-89.0405785064851,91.11685188597123,Before Launch
3131,2025-03-22 10:59:24,135.291,1.51246724,-1.117,33.551,-117.79525633333333,35.10534716666667,-53.5961082232459,-89.12011159703637,91.14385028371919,Before Launch
3132,2025-03-22 10:59:24,135.333,3.67782164,1.271,33.541,-117.79525633333333,35.10534716666667,-54.025441020092565,-89.160659878122,91.17089072525958,Before Launch
3133,2025-03-22 10:59:24,135.376,2.2473754,0.461,33.561,-117.79525633333333,35.10534716666667,-54.213549764838994,-89.16402521541569,91.16724406696733,Before Launch
3134,2025-03-22 10:59:24,135.419,3.51706048,-1.158,33.551,-117.79525633333333,35.10534716666667,-54.322007634230616,-89.17659351552494,91.17642710817587,Before Launch
3135,2025-03-22 10:59:24,135.462,4.409448960000001,2.536,33.534,-117.79525633333333,35.10534716666667,-53.7900917993362,-89.17999050550178,91.17849429305052,Before Launch
3136,2025-03-22 10:59:24,135.504,1.56496068,-3.061,33.559,-117.79525633333333,35.10534716666667,-53.388083609137624,-89.18181556033203,91.18059504437045,Before Launch
3137,2025-03-22 10:59:24,135.547,3.40551192,-1.307,33.554,-117.79525633333333,35.10534716666667,-52.711526220753186,-89.1426039956215,91.17966572014967,Before Launch
3138,2025-03-22 10:59:24,135.589,3.6089240000000005,1.579,33.524,-117.79525633333333,35.10534716666667,-52.41155970607221,-89.13671703800277,91.16978898047722,Before Launch
3139,2025-03-22 10:59:24,135.632,1.8471129199999998,-3.195,33.561,-117.79525633333333,35.10534716666667,-51.890804562955466,-89.10511641243154,91.15251033815235,Before Launch
3140,2025-03-22 10:59:24,135.674,4.00918648,-0.919,33.524,-117.79525633333333,35.10534716666667,-51.66819877399482,-89.09187864697535,91.14959690347831,Before Launch
3141,2025-03-22 10:59:24,135.717,3.0479003600000003,0.635,33.561,-117.79525783333334,35.10534583333333,-51.34184567692504,-89.09873312951433,91.15060326992007,Before Launch
3142,2025-03-22 10:59:24,135.76,1.40419952,-1.489,33.554,-117.79525783333334,35.10534583333333,-51.65707866014854,-89.13804519895311,91.13499892547132,Before Launch
3143,2025-03-22 10:59:24,135.803,3.21850404,-0.427,33.566,-117.79525783333334,35.10534583333333,-52.0828546843947,-89.15378020686974,91.13577003203562,Before Launch
3144,2025-03-22 10:59:25,135.846,3.63517072,1.18,33.549,-117.79525783333334,35.10534583333333,-52.47924689056331,-89.14467437960302,91.12797371695146,Before Launch
3145,2025-03-22 10:59:25,135.889,2.48359588,-1.924,33.556,-117.79525783333334,35.10534583333333,-53.01452093863952,-89.16298918434816,91.13771283125485,Before Launch
3146,2025-03-22 10:59:25,135.931,4.675197,2.133,33.544,-117.79525783333334,35.10534583333333,-53.1814447272046,-89.14579906017767,91.11896750844306,Before Launch
3147,2025-03-22 10:59:25,135.973,4.4783466,0.894,33.514,-117.79525783333334,35.10534583333333,-53.287464177972346,-89.1504432989462,91.12595215810657,Before Launch
3148,2025-03-22 10:59:25,136.016,0.9251968799999999,-1.404,33.556,-117.79525783333334,35.10534583333333,-53.07766106438513,-89.15386259060037,91.13999663246958,Before Launch
3149,2025-03-22 10:59:25,136.058,2.7395014,-2.387,33.534,-117.79525783333334,35.10534583333333,-52.866478578674936,-89.12075007131966,91.1364623120983,Before Launch
3150,2025-03-22 10:59:25,136.101,1.91272972,-0.684,33.551,-117.79525783333334,35.10534583333333,-52.82855769270512,-89.1304327689349,91.13723642366759,Before Launch
3151,2025-03-22 10:59:25,136.143,2.8871392,-1.708,33.556,-117.79525783333334,35.10534583333333,-52.79172860755432,-89.15912234173726,91.1319084669416,Before Launch
3152,2025-03-22 10:59:25,136.186,3.73031508,1.432,33.521,-117.79525783333334,35.10534583333333,-52.77855993329999,-89.14297389363253,91.12153922626051,Before Launch
3153,2025-03-22 10:59:25,136.237,4.4783466,2.34,33.514,-117.79525783333334,35.10534583333333,-53.21728306296677,-89.19208049278735,91.11486127660422,Before Launch
3154,2025-03-22 10:59:25,136.28,5.27887156,0.696,33.514,-117.79525783333334,35.10534583333333,-53.524928893209236,-89.17591317314854,91.12650349132498,Before Launch
3155,2025-03-22 10:59:25,136.323,3.89107624,0.562,33.526,-117.79525783333334,35.10534583333333,-53.583844710434015,-89.18722546449207,91.0970525306697,Before Launch
3156,2025-03-22 10:59:25,136.365,3.49081376,1.842,33.526,-117.79525783333334,35.10534583333333,-53.278463809100295,-89.18246654106132,91.11137349610128,Before Launch
3157,2025-03-22 10:59:25,136.408,1.04658796,-2.448,33.561,-117.79525783333334,35.10534583333333,-52.97941801958646,-89.19834838581608,91.10533544123125,Before Launch
3158,2025-03-22 10:59:25,136.45,3.13976388,0.831,33.534,-117.79525783333334,35.10534583333333,-52.609684940994,-89.18220593689071,91.08347463389671,Before Launch
3159,2025-03-22 10:59:25,136.493,3.5597114,0.04,33.516,-117.79525783333334,35.10534583333333,-52.4707899125534,-89.22162184882298,91.09957544214664,Before Launch
3160,2025-03-22 10:59:25,136.536,2.2473754,-2.013,33.561,-117.79525783333334,35.10534583333333,-52.273498307416475,-89.1880761720402,91.09381051364394,Before Launch
3161,2025-03-22 10:59:25,136.578,3.3694226799999996,1.68,33.529,-117.79525783333334,35.10534583333333,-52.37284264724255,-89.16641831779378,91.09371327522868,Before Launch
3162,2025-03-22 10:59:25,136.62,2.2473754,-1.079,33.561,-117.79525783333334,35.10534583333333,-52.662916858928995,-89.16051840606886,91.10835519763884,Before Launch
3163,2025-03-22 10:59:25,136.663,2.76574812,-0.785,33.559,-117.79525783333334,35.10534583333333,-52.78487078434347,-89.18921815364236,91.12590221239238,Before Launch
3164,2025-03-22 10:59:25,136.705,4.169947639999999,2.165,33.529,-117.79525783333334,35.10534583333333,-52.812624907025416,-89.16223851750853,91.1326126460777,Before Launch
3165,2025-03-22 10:59:25,136.748,3.0479003600000003,-0.895,33.559,-117.79525783333334,35.10534583333333,-52.83707656321399,-89.1343881053655,91.13205210760479,Before Launch
3166,2025-03-22 10:59:25,136.79,3.1660106,0.11,33.559,-117.79525916666667,35.1053455,-52.8747291511125,-89.14989174517919,91.13077020453098,Before Launch
3167,2025-03-22 10:59:26,136.833,3.4481628399999997,1.905,33.561,-117.79525916666667,35.1053455,-52.877629987449275,-89.1476145766,91.1332294516115,Before Launch
3168,2025-03-22 10:59:26,136.875,5.16076132,1.812,33.526,-117.79525916666667,35.1053455,-52.61280768043461,-89.16374003689332,91.12150798489893,Before Launch
3169,2025-03-22 10:59:26,136.918,3.1660106,-0.438,33.559,-117.79525916666667,35.1053455,-52.561606595498446,-89.17323326653171,91.10792463251056,Before Launch
3170,2025-03-22 10:59:26,136.96,1.9652231599999999,-0.484,33.559,-117.79525916666667,35.1053455,-52.55433186590874,-89.17152799472554,91.12004460188702,Before Launch
3171,2025-03-22 10:59:26,137.003,2.2473754,-2.265,33.561,-117.79525916666667,35.1053455,-52.57533502145884,-89.16738109227428,91.12165272350643,Before Launch
3172,2025-03-22 10:59:26,137.045,2.0177166,-2.295,33.566,-117.79525916666667,35.1053455,-52.79863965179395,-89.14072075369866,91.13739411182864,Before Launch
3173,2025-03-22 10:59:26,137.088,4.36023636,3.204,33.516,-117.79525916666667,35.1053455,-52.872857053810954,-89.14271517742183,91.13341015764159,Before Launch
3174,2025-03-22 10:59:26,137.13,2.64763788,-0.086,33.561,-117.79525916666667,35.1053455,-53.35493076212632,-89.1230505899044,91.14275632629678,Before Launch
3175,2025-03-22 10:59:26,137.173,1.44685044,-0.435,33.526,-117.79525916666667,35.1053455,-53.43261863394522,-89.12631258375981,91.12829813855792,Before Launch
3176,2025-03-22 10:59:26,137.217,3.66141744,0.721,33.531,-117.79525916666667,35.1053455,-53.51034751935926,-89.15130702761904,91.12369137397022,Before Launch
3177,2025-03-22 10:59:26,137.261,4.76049884,0.958,33.516,-117.79525916666667,35.1053455,-53.51029776125663,-89.14255290228068,91.13413653566708,Before Launch
3178,2025-03-22 10:59:26,137.303,3.68766416,-0.742,33.556,-117.79525916666667,35.1053455,-53.194431850313435,-89.12695565667582,91.11370390151747,Before Launch
3179,2025-03-22 10:59:26,137.345,2.71325468,-2.409,33.551,-117.79525916666667,35.1053455,-53.073663287897965,-89.10915039911319,91.12754228779757,Before Launch
3180,2025-03-22 10:59:26,137.388,2.5262468,-1.282,33.564,-117.79525916666667,35.1053455,-52.856883994388056,-89.08750039261957,91.11663054346118,Before Launch
3181,2025-03-22 10:59:26,137.43,4.4619424,0.912,33.531,-117.79525916666667,35.1053455,-52.81145554862906,-89.12601310210277,91.11020562650357,Before Launch
3182,2025-03-22 10:59:26,137.473,1.6174541199999999,0.536,33.566,-117.79525916666667,35.1053455,-53.183328909859725,-89.16416325091302,91.1256496314731,Before Launch
3183,2025-03-22 10:59:26,137.515,1.6174541199999999,-1.429,33.566,-117.79525916666667,35.1053455,-52.95002580020651,-89.14307734373133,91.1307729430846,Before Launch
3184,2025-03-22 10:59:26,137.558,2.0177166,-1.448,33.546,-117.79525916666667,35.1053455,-53.303175727413944,-89.13671699961931,91.1214679691437,Before Launch
3185,2025-03-22 10:59:26,137.6,0.97769032,-1.193,33.571,-117.79525916666667,35.1053455,-53.62488713392254,-89.14923625147489,91.15706984448404,Before Launch
3186,2025-03-22 10:59:26,137.642,2.0177166,-1.27,33.566,-117.79525916666667,35.1053455,-54.11346832326567,-89.13961698877633,91.16391654070733,Before Launch
3187,2025-03-22 10:59:26,137.685,2.41797908,0.16,33.566,-117.79526,35.105344833333334,-54.317309005398684,-89.14794633079251,91.15792237270408,Before Launch
3188,2025-03-22 10:59:26,137.727,1.72572184,-0.977,33.564,-117.79526,35.105344833333334,-54.350190696042574,-89.13423910289721,91.12877023910154,Before Launch
3189,2025-03-22 10:59:26,137.77,1.8963255199999998,-2.135,33.569,-117.79526,35.105344833333334,-54.347801386407355,-89.15238177105452,91.14803628616463,Before Launch
3190,2025-03-22 10:59:26,137.813,2.2473754,-0.752,33.561,-117.79526,35.105344833333334,-54.39789344291423,-89.15940867265725,91.13072515777665,Before Launch
3191,2025-03-22 10:59:27,137.856,2.5262468,-0.6,33.564,-117.79526,35.105344833333334,-54.422418761132676,-89.16441547006725,91.1242226616076,Before Launch
3192,2025-03-22 10:59:27,137.898,1.44685044,-1.879,33.561,-117.79526,35.105344833333334,-54.5939685309619,-89.17329614148318,91.14008154207974,Before Launch
3193,2025-03-22 10:59:27,137.941,3.40551192,-1.647,33.554,-117.79526,35.105344833333334,-54.87871759911301,-89.16592093723509,91.1458382884507,Before Launch
3194,2025-03-22 10:59:27,137.983,4.222441079999999,0.992,33.561,-117.79526,35.105344833333334,-54.96047695780233,-89.14760338175552,91.17988339051497,Before Launch
3195,2025-03-22 10:59:27,138.026,3.32677176,1.277,33.564,-117.79526,35.105344833333334,-54.54423700166956,-89.16360138263845,91.19619551463772,Before Launch
3196,2025-03-22 10:59:27,138.068,2.83464576,0.551,33.549,-117.79526,35.105344833333334,-54.04867045784257,-89.15746138141928,91.18922030871589,Before Launch
3197,2025-03-22 10:59:27,138.111,4.53084004,2.358,33.521,-117.79526,35.105344833333334,-53.887439393697754,-89.13746925608726,91.17843713504374,Before Launch
3198,2025-03-22 10:59:27,138.153,3.28740168,-1.007,33.556,-117.79526,35.105344833333334,-53.65073720851216,-89.15055590626628,91.15664834424814,Before Launch
3199,2025-03-22 10:59:27,138.196,2.64763788,0.0,33.561,-117.79526,35.105344833333334,-53.61227591453834,-89.15479325419129,91.14154615420358,Before Launch
3200,2025-03-22 10:59:27,138.239,5.20997392,3.53,33.524,-117.79526,35.105344833333334,-53.94876817836925,-89.13543165592651,91.1587738309291,Before Launch
3201,2025-03-22 10:59:27,138.282,3.5662730799999998,-0.089,33.559,-117.79526,35.105344833333334,-54.378187976610974,-89.16019036841449,91.12179742557285,Before Launch
3202,2025-03-22 10:59:27,138.332,1.9652231599999999,-2.61,33.559,-117.79526,35.105344833333334,-54.32176835475585,-89.15993112226636,91.1249310646762,Before Launch
3203,2025-03-22 10:59:27,138.378,3.7270342399999996,0.037,33.569,-117.79526,35.105344833333334,-54.064448903000546,-89.17882699843882,91.13698454060845,Before Launch
3204,2025-03-22 10:59:27,138.421,3.61876652,0.842,33.566,-117.79526,35.105344833333334,-53.51413860407778,-89.19299725833011,91.11561549233664,Before Launch
3205,2025-03-22 10:59:27,138.464,2.64763788,0.113,33.561,-117.79526,35.105344833333334,-52.78006755666712,-89.15295450364667,91.10535798003913,Before Launch
3206,2025-03-22 10:59:27,138.507,1.72572184,-2.541,33.534,-117.79526,35.105344833333334,-52.52839545329191,-89.14090307642377,91.07401357395227,Before Launch
3207,2025-03-22 10:59:27,138.55,3.4481628399999997,1.7,33.561,-117.79526,35.105344833333334,-52.50774475623767,-89.14589328689014,91.09131769115845,Before Launch
3208,2025-03-22 10:59:27,138.592,3.7270342399999996,1.959,33.564,-117.79526,35.105344833333334,-52.64512290435165,-89.14475642206874,91.09486720362192,Before Launch
3209,2025-03-22 10:59:27,138.635,2.57874024,0.521,33.571,-117.79526,35.105344833333334,-52.549130147491724,-89.14869099662778,91.07824868940415,Before Launch
3210,2025-03-22 10:59:27,138.677,3.21850404,2.081,33.566,-117.79526,35.105344833333334,-52.6759467705634,-89.17904170997654,91.08682661752182,Before Launch
3211,2025-03-22 10:59:27,138.72,3.21850404,1.114,33.566,-117.79526066666666,35.105344333333335,-52.873004622395115,-89.174185127574,91.0861145240476,Before Launch
3212,2025-03-22 10:59:27,138.762,2.296588,-0.113,33.569,-117.79526066666666,35.105344333333335,-52.99237669561383,-89.18824898624801,91.0995836510128,Before Launch
3213,2025-03-22 10:59:27,138.804,2.64763788,0.856,33.564,-117.79526066666666,35.105344333333335,-53.54460670928527,-89.17899448691287,91.09697774396004,Before Launch
3214,2025-03-22 10:59:28,138.847,5.81692932,3.64,33.494,-117.79526066666666,35.105344333333335,-53.99994272085316,-89.19359586166178,91.11316679461798,Before Launch
3215,2025-03-22 10:59:28,138.889,3.84842532,1.488,33.561,-117.79526066666666,35.105344333333335,-54.73757163686391,-89.19762076317342,91.12593195893342,Before Launch
3216,2025-03-22 10:59:28,138.931,1.09580056,-1.331,33.569,-117.79526066666666,35.105344333333335,-54.90187063854199,-89.20710779010491,91.12518367293123,Before Launch
3217,2025-03-22 10:59:28,138.974,3.96653556,2.342,33.559,-117.79526066666666,35.105344333333335,-55.03680771613052,-89.20498820195688,91.17151893203501,Before Launch
3218,2025-03-22 10:59:28,139.016,5.9612862799999995,2.377,33.516,-117.79526066666666,35.105344333333335,-54.819640818624116,-89.1715290855924,91.1755062943098,Before Launch
3219,2025-03-22 10:59:28,139.058,5.331365,1.032,33.521,-117.79526066666666,35.105344333333335,-54.619878022516204,-89.18083806650075,91.14609512321444,Before Launch
3220,2025-03-22 10:59:28,139.101,2.2473754,-1.004,33.561,-117.79526066666666,35.105344333333335,-54.55684345935289,-89.18660914189472,91.14330003084909,Before Launch
3221,2025-03-22 10:59:28,139.152,2.2473754,-0.542,33.561,-117.79526066666666,35.105344333333335,-53.947184024299034,-89.2116031296557,91.12182510401422,Before Launch
3222,2025-03-22 10:59:28,139.199,3.32677176,-1.107,33.566,-117.79526066666666,35.105344333333335,-53.720417666085986,-89.17198166997579,91.12811691676211,Before Launch
3223,2025-03-22 10:59:28,139.242,5.6102364,2.133,33.524,-117.79526066666666,35.105344333333335,-53.65987020598285,-89.16070848225738,91.13290984021037,Before Launch
3224,2025-03-22 10:59:28,139.284,2.81824156,0.157,33.566,-117.79526066666666,35.105344333333335,-53.70869573573395,-89.15085072197047,91.13680049118207,Before Launch
3225,2025-03-22 10:59:28,139.327,3.32677176,-1.731,33.564,-117.79526066666666,35.105344333333335,-53.7994666701677,-89.16835269806003,91.12782570987636,Before Launch
3226,2025-03-22 10:59:28,139.369,5.09186368,1.403,33.526,-117.79526066666666,35.105344333333335,-53.78626413698772,-89.1585019544406,91.12226350440149,Before Launch
3227,2025-03-22 10:59:28,139.412,3.94028884,1.829,33.534,-117.79526066666666,35.105344333333335,-53.75081194023272,-89.14753693365408,91.13612141488993,Before Launch
3228,2025-03-22 10:59:28,139.454,2.76574812,-0.893,33.559,-117.79526066666666,35.105344333333335,-53.4405506311886,-89.15500278748742,91.13873465911945,Before Launch
3229,2025-03-22 10:59:28,139.497,1.7782152800000002,-1.711,33.526,-117.79526066666666,35.105344333333335,-53.285068586049874,-89.12911733445812,91.15593873261592,Before Launch
3230,2025-03-22 10:59:28,139.539,2.64763788,0.0,33.561,-117.79526066666666,35.105344333333335,-52.97441227753526,-89.14628642775051,91.14929471789799,Before Launch
3231,2025-03-22 10:59:28,139.582,2.41797908,0.644,33.566,-117.79526066666666,35.105344333333335,-52.654666876726104,-89.133117698965,91.14702156894266,Before Launch
3232,2025-03-22 10:59:28,139.624,4.86220488,1.317,33.566,-117.79526066666666,35.105344333333335,-52.06344223283907,-89.08181649326737,91.12848375966756,Before Launch
3233,2025-03-22 10:59:28,139.667,4.36023636,0.589,33.516,-117.79526066666666,35.105344333333335,-51.890927980638445,-89.09462577696866,91.14606599133106,Before Launch
3234,2025-03-22 10:59:28,139.709,2.81824156,0.223,33.566,-117.79526083333333,35.10534416666667,-51.71954500037374,-89.11314883890054,91.14133044516072,Before Launch
3235,2025-03-22 10:59:28,139.752,3.0479003600000003,-0.159,33.561,-117.79526083333333,35.10534416666667,-51.65548533867115,-89.11177865856946,91.13845179187516,Before Launch
3236,2025-03-22 10:59:28,139.802,3.26115496,0.039,33.569,-117.79526083333333,35.10534416666667,-51.60349341722174,-89.10290101817816,91.12465860099623,Before Launch
3237,2025-03-22 10:59:29,139.845,4.222441079999999,1.778,33.536,-117.79526083333333,35.10534416666667,-51.5820314071514,-89.11898413192277,91.11138887544212,Before Launch
3238,2025-03-22 10:59:29,139.889,2.46063,-0.172,33.574,-117.79526083333333,35.10534416666667,-51.738629472724796,-89.137197220992,91.11485839062372,Before Launch
3239,2025-03-22 10:59:29,139.932,2.41797908,-3.133,33.536,-117.79526083333333,35.10534416666667,-51.87080465409302,-89.13497749378654,91.11401745482358,Before Launch
3240,2025-03-22 10:59:29,139.974,4.62270356,0.714,33.536,-117.79526083333333,35.10534416666667,-51.92916403592816,-89.13872261764995,91.11968864082469,Before Launch
3241,2025-03-22 10:59:29,140.016,3.8976379199999998,2.582,33.569,-117.79526083333333,35.10534416666667,-52.19781551592605,-89.13954814441695,91.14033063000431,Before Launch
3242,2025-03-22 10:59:29,140.059,2.92650928,-0.959,33.574,-117.79526083333333,35.10534416666667,-52.522633386715704,-89.1347045857144,91.13426528211919,Before Launch
3243,2025-03-22 10:59:29,140.102,3.7532809599999997,-2.033,33.546,-117.79526083333333,35.10534416666667,-52.81618076926448,-89.14598856040823,91.14295332300654,Before Launch
3244,2025-03-22 10:59:29,140.144,2.97900272,-2.166,33.571,-117.79526083333333,35.10534416666667,-52.991325016137345,-89.11722401964148,91.1473371381669,Before Launch
3245,2025-03-22 10:59:29,140.187,4.80971144,2.359,33.524,-117.79526083333333,35.10534416666667,-53.01987389052743,-89.15256913149142,91.13108280682856,Before Launch
3246,2025-03-22 10:59:29,140.229,4.08792664,1.709,33.556,-117.79526083333333,35.10534416666667,-52.85182625051902,-89.16500910400232,91.1294318176115,Before Launch
3247,2025-03-22 10:59:29,140.279,2.43438328,-0.826,33.549,-117.79526083333333,35.10534416666667,-52.73774326295973,-89.12185992625172,91.12378952292536,Before Launch
3248,2025-03-22 10:59:29,140.325,3.4973754400000003,-1.951,33.569,-117.79526083333333,35.10534416666667,-52.82010740529338,-89.11258839245382,91.14410783884884,Before Launch
3249,2025-03-22 10:59:29,140.368,4.1797901600000005,1.256,33.571,-117.79526083333333,35.10534416666667,-52.88613571212027,-89.12873329140922,91.12482741218571,Before Launch
3250,2025-03-22 10:59:29,140.411,3.21850404,-0.1,33.566,-117.79526083333333,35.10534416666667,-53.430216324309995,-89.13666067191778,91.15120714566837,Before Launch
3251,2025-03-22 10:59:29,140.454,4.104330839999999,-0.91,33.539,-117.79526083333333,35.10534416666667,-53.66069099916408,-89.15569454455138,91.13997567192705,Before Launch
3252,2025-03-22 10:59:29,140.496,2.92650928,-0.935,33.564,-117.79526083333333,35.10534416666667,-54.363694821808444,-89.16431539669115,91.17780431056103,Before Launch
3253,2025-03-22 10:59:29,140.539,2.57874024,-0.172,33.571,-117.79526083333333,35.10534416666667,-54.734793792918175,-89.17562107757362,91.18185297258921,Before Launch
3254,2025-03-22 10:59:29,140.581,4.97375344,2.948,33.529,-117.79526083333333,35.10534416666667,-55.24994001095528,-89.20061052746222,91.17042336695944,Before Launch
3255,2025-03-22 10:59:29,140.624,1.9488189599999999,-0.644,33.576,-117.79526083333333,35.10534416666667,-55.400702250016174,-89.20569646104748,91.18765282252139,Before Launch
3256,2025-03-22 10:59:29,140.666,3.0479003600000003,0.581,33.561,-117.79526083333333,35.10534416666667,-55.83727503329482,-89.20163975282802,91.21212082787133,Before Launch
3257,2025-03-22 10:59:29,140.709,4.6916012,-0.157,33.526,-117.79526083333333,35.105344333333335,-55.34862100715312,-89.18669513231343,91.23942623363669,Before Launch
3258,2025-03-22 10:59:29,140.761,3.66141744,-0.639,33.571,-117.79526083333333,35.105344333333335,-54.940778825331655,-89.15380603521358,91.23308880119465,Before Launch
3259,2025-03-22 10:59:29,140.804,3.63517072,0.746,33.549,-117.79526083333333,35.105344333333335,-54.52727875464308,-89.12794274936952,91.22715122080417,Before Launch
3260,2025-03-22 10:59:30,140.846,0.85629924,-2.003,33.574,-117.79526083333333,35.105344333333335,-54.2966903065484,-89.12108844059756,91.23271932452833,Before Launch
3261,2025-03-22 10:59:30,140.888,1.9488189599999999,-1.208,33.576,-117.79526083333333,35.105344333333335,-54.082216578696226,-89.14117802687684,91.23305770481734,Before Launch
3262,2025-03-22 10:59:30,140.931,4.169947639999999,-0.048,33.529,-117.79526083333333,35.105344333333335,-53.75167416211676,-89.15101605672854,91.21775675653748,Before Launch
3263,2025-03-22 10:59:30,140.974,2.81824156,0.33,33.566,-117.79526083333333,35.105344333333335,-53.52086577208994,-89.16931159647129,91.1821911404238,Before Launch
3264,2025-03-22 10:59:30,141.016,3.7795276799999997,1.256,33.571,-117.79526083333333,35.105344333333335,-53.49060745893021,-89.16379929645494,91.15040760908173,Before Launch
3265,2025-03-22 10:59:30,141.059,5.10826788,0.448,33.509,-117.79526083333333,35.105344333333335,-53.5606314043731,-89.18005576012351,91.12734043757985,Before Launch
3266,2025-03-22 10:59:30,141.102,5.42322852,1.405,33.569,-117.79526083333333,35.105344333333335,-54.07533032232592,-89.15494179292047,91.15351123949006,Before Launch
3267,2025-03-22 10:59:30,141.152,2.46063,-0.426,33.574,-117.79526083333333,35.105344333333335,-54.10171095027221,-89.17303862529519,91.1485702228491,Before Launch
3268,2025-03-22 10:59:30,141.195,2.92650928,-0.756,33.564,-117.79526083333333,35.105344333333335,-54.05381073514756,-89.16235397323095,91.13678009075079,Before Launch
3269,2025-03-22 10:59:30,141.238,3.54986888,0.522,33.576,-117.79526083333333,35.105344333333335,-54.04037583692362,-89.17556544763175,91.12899066315758,Before Launch
3270,2025-03-22 10:59:30,141.28,2.06036752,-2.515,33.574,-117.79526083333333,35.105344333333335,-54.019638664232595,-89.1704156885054,91.12380203688988,Before Launch
3271,2025-03-22 10:59:30,141.323,1.83070872,-2.063,33.579,-117.79526083333333,35.105344333333335,-54.02306858396523,-89.16143680083168,91.12099371235672,Before Launch
3272,2025-03-22 10:59:30,141.365,5.66272984,2.973,33.576,-117.79526083333333,35.105344333333335,-53.8388823672557,-89.18771807536437,91.12968534308298,Before Launch
3273,2025-03-22 10:59:30,141.408,5.02296604,1.409,33.536,-117.79526083333333,35.105344333333335,-53.87683333023279,-89.20216500343308,91.11014020425827,Before Launch
3274,2025-03-22 10:59:30,141.451,1.99146988,-2.021,33.584,-117.79526083333333,35.105344333333335,-53.823244928204005,-89.1740059854006,91.13211178909783,Before Launch
3275,2025-03-22 10:59:30,141.493,3.63517072,0.385,33.586,-117.79526083333333,35.105344333333335,-53.92550069462833,-89.1624584359342,91.14812272539002,Before Launch
3276,2025-03-22 10:59:30,141.536,2.57874024,-1.41,33.571,-117.79526083333333,35.105344333333335,-53.68538469394496,-89.15445995836706,91.14659070149465,Before Launch
3277,2025-03-22 10:59:30,141.579,1.30905516,-1.493,33.581,-117.79526083333333,35.105344333333335,-53.63718304740195,-89.14605114093665,91.14257874918407,Before Launch
3278,2025-03-22 10:59:30,141.621,5.16076132,2.386,33.516,-117.79526083333333,35.105344333333335,-53.20114544508992,-89.13991151169714,91.12796492530543,Before Launch
3279,2025-03-22 10:59:30,141.663,2.74934392,-2.056,33.576,-117.79526083333333,35.105344333333335,-49.4044420962992,-89.0397769841849,91.0748900617676,Before Launch
3280,2025-03-22 10:59:30,141.714,5.49212616,3.251,33.526,-117.79526083333333,35.105344333333335,-47.44990178968459,-88.99651733780799,91.05929188068649,Before Launch
3281,2025-03-22 10:59:30,141.759,3.95013136,0.825,33.576,-117.79526083333333,35.105344333333335,-44.08822618708021,-88.9396116284974,91.04835849578933,Before Launch
3282,2025-03-22 10:59:30,141.802,1.43044624,-2.984,33.579,-117.79526116666666,35.105344333333335,-43.07139243823278,-88.92698607731559,91.00678928896373,Before Launch
3283,2025-03-22 10:59:31,141.844,3.43175864,-0.212,33.579,-117.79526116666666,35.105344333333335,-41.88985289073166,-88.9139023274059,90.97200482485796,Before Launch
3284,2025-03-22 10:59:31,141.887,2.6312336800000002,-0.927,33.579,-117.79526116666666,35.105344333333335,-43.64639700452525,-89.01037618373776,90.97986622345,Before Launch
3285,2025-03-22 10:59:31,141.929,1.9488189599999999,1.009,33.576,-117.79526116666666,35.105344333333335,-45.814849840799724,-89.04756528457024,90.99107730729149,Before Launch
3286,2025-03-22 10:59:31,141.971,2.74934392,0.739,33.576,-117.79526116666666,35.105344333333335,-47.234482989056175,-89.07156720412445,90.98709698962188,Before Launch
3287,2025-03-22 10:59:31,142.014,-2.97572188,-6.598,33.579,-117.79526116666666,35.105344333333335,-49.67934205658051,-89.05959164363252,90.93925206563372,Before Launch
3288,2025-03-22 10:59:31,142.057,2.296588,-0.482,33.541,-117.79526116666666,35.105344333333335,-54.07638817339538,-89.11773029214179,91.46335506870767,Before Launch
3289,2025-03-22 10:59:31,142.099,3.43175864,-0.321,33.579,-117.79526116666666,35.105344333333335,-54.72426518121725,-90.5713749671374,91.40116002420542,Before Launch
3290,2025-03-22 10:59:31,142.141,4.98031512,-0.118,33.571,-117.79526116666666,35.105344333333335,-60.722156800258354,-91.07566430410071,91.82288509246033,Before Launch
3291,2025-03-22 10:59:31,142.19,7.9888454,2.358,33.541,-117.79526116666666,35.105344333333335,-70.83689825619533,-88.80907959952144,92.63812878899826,Before Launch
3292,2025-03-22 10:59:31,142.237,10.01640452,6.964,33.524,-117.79526116666666,35.105344333333335,-72.84126926761496,-90.41466291081592,92.46125873698483,Before Launch
3293,2025-03-22 10:59:31,142.281,12.39173268,8.716,33.541,-117.79526116666666,35.105344333333335,-72.07632777239364,-89.91085256201522,92.41266369717918,Before Launch
3294,2025-03-22 10:59:31,142.323,12.72637836,8.458,33.544,-117.79526116666666,35.105344333333335,-92.48842776952657,-90.43501530449248,92.7085507890299,Before Launch
3295,2025-03-22 10:59:31,142.366,16.381234120000002,13.187,33.559,-117.79526116666666,35.105344333333335,-105.95545473097732,-90.40121513049928,92.49261183346059,Before Launch
3296,2025-03-22 10:59:31,142.408,20.4560374,17.166,33.549,-117.79526116666666,35.105344333333335,-122.55247827946089,-91.36312430723507,91.90089976475281,Before Launch
3297,2025-03-22 10:59:31,142.451,22.883858999999998,15.857,33.574,-117.79526116666666,35.105344333333335,-127.40678624961808,-91.21410616390187,91.86662329294626,Before Launch
3298,2025-03-22 10:59:31,142.494,25.92847852,19.25,33.569,-117.79526116666666,35.105344333333335,-113.51577262444499,-90.90485756264869,91.89374804725084,Before Launch
3299,2025-03-22 10:59:31,142.536,28.09383292,24.057,33.574,-117.79526116666666,35.105344333333335,-107.7101879579546,-90.68753617854699,92.0905375986649,Before Launch
3300,2025-03-22 10:59:31,142.579,31.18766504,25.371,33.576,-117.79526116666666,35.105344333333335,-100.33005220733065,-90.2871142653395,92.40182985712424,Before Launch
3301,2025-03-22 10:59:31,142.621,36.15813764,30.949,33.581,-117.79526116666666,35.105344333333335,-96.81136658745704,-90.10042703563725,92.90679492102569,During Launch
3302,2025-03-22 10:59:31,142.672,39.31430572,34.772,33.574,-117.79526116666666,35.105344333333335,-97.43030482515714,-90.14072672961727,93.0939248039197,During Launch
3303,2025-03-22 10:59:31,142.716,46.833991,38.058,33.559,-117.79526433333334,35.10533183333333,-98.17084101073993,-90.28796495646172,93.29012430326674,During Launch
3304,2025-03-22 10:59:31,142.76,51.79134024,44.706,33.579,-117.79526433333334,35.10533183333333,-98.44768361970871,-90.39204420096006,93.33488910822565,During Launch
3305,2025-03-22 10:59:31,142.802,56.482941440000005,46.867,33.584,-117.79526433333334,35.10533183333333,-98.60240291531817,-90.49097047113251,93.41843191501978,During Launch
3306,2025-03-22 10:59:32,142.845,63.12664244,54.49,33.536,-117.79526433333334,35.10533183333333,-97.62534300339789,-90.43240009363636,93.56662824868721,During Launch
3307,2025-03-22 10:59:32,142.887,68.11351924,61.459,33.579,-117.79526433333334,35.10533183333333,-96.19611244375936,-90.49033773001948,93.26355897028486,During Launch
3308,2025-03-22 10:59:32,142.93,77.92979252,68.599,33.571,-117.79526433333334,35.10533183333333,-95.79970649052075,-90.55718993036696,93.32983719890372,During Launch
3309,2025-03-22 10:59:32,142.973,85.47244368,76.281,33.539,-117.79526433333334,35.10533183333333,-95.4479937735706,-89.96892879142787,93.40903344042152,During Launch
3310,2025-03-22 10:59:32,143.015,91.57152524,82.526,33.571,-117.79526433333334,35.10533183333333,-95.37014536893453,-90.01938589691798,93.28243413105746,During Launch
3311,2025-03-22 10:59:32,143.066,102.3458038,90.956,33.581,-117.79526433333334,35.10533183333333,-95.90375909100781,-89.87546836064755,92.90671343875985,During Launch
3312,2025-03-22 10:59:32,143.11,111.05971484,104.047,33.584,-117.79526433333334,35.10533183333333,-97.59946971704237,-90.17009059767251,92.50671268280396,During Launch
3313,2025-03-22 10:59:32,143.153,119.74737916000001,107.163,33.561,-117.79526433333334,35.10533183333333,-99.3002166119775,-90.11455015306205,92.25608818843641,During Launch
3314,2025-03-22 10:59:32,143.196,128.73359992,114.222,33.584,-117.79526433333334,35.10533183333333,-105.50520074625392,-89.99826505456261,91.86165240936816,During Launch
3315,2025-03-22 10:59:32,143.238,137.24081804000002,120.566,33.574,-117.79526433333334,35.10533183333333,-111.07078310034606,-89.92219873065106,91.57599285783449,During Launch
3316,2025-03-22 10:59:32,143.281,144.40945344,125.042,33.584,-117.79526433333334,35.10533183333333,-122.53986406573047,-90.21505343410517,90.98737544707346,During Launch
3317,2025-03-22 10:59:32,143.324,155.50197348,133.841,33.579,-117.79526433333334,35.10533183333333,-127.30315516923488,-90.34957705342629,90.66029342958983,During Launch
3318,2025-03-22 10:59:32,143.367,164.11089764,139.705,33.584,-117.79526433333334,35.10533183333333,-133.2244226953359,-90.35662093050024,90.3566289931167,During Launch
3319,2025-03-22 10:59:32,143.41,172.8510554,147.309,33.586,-117.79526433333334,35.10533183333333,-135.14268833304544,-90.56780923712111,90.11199986381477,During Launch
3320,2025-03-22 10:59:32,143.454,185.03281432,155.011,33.584,-117.79526433333334,35.10533183333333,-137.35537570992852,-90.82051678769047,89.85223864391618,During Launch
3321,2025-03-22 10:59:32,143.496,195.61680416000002,160.993,33.581,-117.79526433333334,35.10533183333333,-137.6767016643013,-90.83208692796032,89.83580921851411,During Launch
3322,2025-03-22 10:59:32,143.539,206.83727696,169.075,33.574,-117.79526433333334,35.10533183333333,-135.67673542194547,-90.485071362968,90.17632919712997,During Launch
3323,2025-03-22 10:59:32,143.581,219.15683116000002,177.763,33.569,-117.79526433333334,35.10533183333333,-132.83600632688194,-90.42415781895792,90.29049058074571,During Launch
3324,2025-03-22 10:59:32,143.624,229.85236956,185.44,33.581,-117.79526433333334,35.10533183333333,-126.1569017336202,-90.41263771425358,90.70473016350564,During Launch
3325,2025-03-22 10:59:32,143.666,242.65748808,194.544,33.549,-117.79526433333334,35.10533183333333,-122.18191451409646,-90.36669207221108,90.96015093871242,During Launch
3326,2025-03-22 10:59:32,143.709,258.90420776,204.73,33.546,-117.79526433333334,35.10533183333333,-114.82046492355921,-90.42504247338054,91.57253640258205,During Launch
3327,2025-03-22 10:59:32,143.751,268.38911620000005,212.303,33.576,-117.79526433333334,35.10533183333333,-112.1284659344453,-90.41657074200054,91.85205140604637,During Launch
3328,2025-03-22 10:59:32,143.794,280.83334232,217.068,33.586,-117.79526433333334,35.10533183333333,-108.75446185649831,-89.98025063277008,92.11674909467413,During Launch
3329,2025-03-22 10:59:33,143.836,295.71195172,226.692,33.579,-117.79529366666667,35.1051855,-107.23603494468263,-90.56629870624504,92.15112292929165,During Launch
3330,2025-03-22 10:59:33,143.879,314.97376336,240.01,33.581,-117.79529366666667,35.1051855,-106.95264061080573,-90.65448936999884,92.02052843905987,During Launch
3331,2025-03-22 10:59:33,143.922,328.42520736,246.331,33.579,-117.79529366666667,35.1051855,-108.77652186504325,-90.61119178700474,92.01656288570402,During Launch
3332,2025-03-22 10:59:33,143.972,347.91339696,257.88,33.534,-117.79529366666667,35.1051855,-108.77383493199002,-90.53896365635045,91.69362736594671,During Launch
3333,2025-03-22 10:59:33,144.016,362.95604836,262.455,33.584,-117.79529366666667,35.1051855,-112.3941156666892,-90.45284590274566,91.13010169015902,During Launch
3334,2025-03-22 10:59:33,144.058,377.63780736,269.277,33.581,-117.79529366666667,35.1051855,-113.63096805398958,-90.61798862428215,91.00756732488593,During Launch
3335,2025-03-22 10:59:33,144.101,390.64305712,275.388,33.589,-117.79529366666667,35.1051855,-118.02977187241588,-91.12778984527421,90.89689000435891,During Launch
3336,2025-03-22 10:59:33,144.143,407.36221776,283.209,33.589,-117.79529366666667,35.1051855,-119.7874075423896,-91.27754306253196,90.79184616519613,During Launch
3337,2025-03-22 10:59:33,144.186,425.00985612,291.775,33.581,-117.79529366666667,35.1051855,-118.65721077123096,-91.22071413474248,91.59067793396437,During Launch
3338,2025-03-22 10:59:33,144.228,440.99082775999995,298.831,33.586,-117.79529366666667,35.1051855,-118.89301811905098,-90.28708684764074,91.69039749510979,During Launch
3339,2025-03-22 10:59:33,144.27,458.73032964,307.26,33.554,-117.79529366666667,35.1051855,-116.7964396164415,-89.84081720954126,92.25535214810016,During Launch
3340,2025-03-22 10:59:33,144.313,478.12665572000003,317.103,33.581,-117.79529366666667,35.1051855,-116.06278654948595,-90.22647033214598,92.26622324920996,During Launch
3341,2025-03-22 10:59:33,144.355,495.86615759999995,327.241,33.584,-117.79529366666667,35.1051855,-112.46538564773971,-89.854492821231,92.23676744926176,During Launch
3342,2025-03-22 10:59:33,144.397,513.62534452,333.759,33.586,-117.79529366666667,35.1051855,-107.92791537852143,-89.21891392985262,91.96918689006496,During Launch
3343,2025-03-22 10:59:33,144.44,533.7762637999999,344.516,33.536,-117.79529366666667,35.1051855,-102.21584002661798,-89.0645888640166,92.09453490419669,During Launch
3344,2025-03-22 10:59:33,144.482,557.0078918400001,358.355,33.536,-117.79529366666667,35.1051855,-100.15815526654605,-89.37758810254032,91.93616309986126,During Launch
3345,2025-03-22 10:59:33,144.525,575.25264308,364.351,33.546,-117.79529366666667,35.1051855,-100.89744986751398,-89.95775654958447,91.72416850826154,During Launch
3346,2025-03-22 10:59:33,144.567,592.4540872,370.53,33.561,-117.79529366666667,35.1051855,-103.36094480068606,-89.35762224661603,91.84183922085647,During Launch
3347,2025-03-22 10:59:33,144.609,614.7309908,381.209,33.581,-117.79529366666667,35.1051855,-109.43126316957004,-90.74386622540065,91.70027580627792,During Launch
3348,2025-03-22 10:59:33,144.652,635.2821725599999,388.539,33.586,-117.79529366666667,35.1051855,-113.95873823913217,-91.876786794836,91.65566214890008,During Launch
3349,2025-03-22 10:59:33,144.694,654.5013332799999,396.868,33.541,-117.79529366666667,35.1051855,-122.51834423731657,-91.51911324230554,91.97415136584881,During Launch
3350,2025-03-22 10:59:33,144.736,674.786767,403.859,33.541,-117.79529366666667,35.1051855,-123.95003139288492,-91.2345771898139,91.88575713938745,During Launch
3351,2025-03-22 10:59:33,144.779,695.3576337999999,407.9,33.584,-117.79529366666667,35.1051855,-125.0610721892042,-92.2572489459878,92.29842543756202,During Launch
3352,2025-03-22 10:59:33,144.821,716.42390744,418.724,33.579,-117.79529366666667,35.1051855,-116.7997617559729,-91.08344140698497,92.27612328196236,During Launch
3353,2025-03-22 10:59:34,144.863,737.4376876399999,427.132,33.584,-117.79529366666667,35.1051855,-103.53290928023999,-92.5198959830313,92.4177975443662,During Launch
3354,2025-03-22 10:59:34,144.906,765.0722029599999,438.654,33.579,-117.79529366666667,35.1051855,-97.620859689861,-92.30678769110665,92.35694426043761,During Launch
3355,2025-03-22 10:59:34,144.948,787.57876536,442.1,33.579,-117.79529366666667,35.1051855,-90.35546272873503,-91.27877895921065,91.72000396434764,During Launch
3356,2025-03-22 10:59:34,144.99,807.2309969600001,448.32,33.579,-117.79529366666667,35.1051855,-89.9718186971563,-91.0823670574452,91.49708453575346,During Launch
3357,2025-03-22 10:59:34,145.033,829.8228612,454.203,33.566,-117.79529366666667,35.1051855,-86.67467542253321,-89.7263626963346,91.15917699929192,During Launch
3358,2025-03-22 10:59:34,145.075,853.2513396400001,462.98,33.576,-117.79529366666667,35.1051855,-87.84655064926224,-89.29583093877532,91.29082067089224,During Launch
3359,2025-03-22 10:59:34,145.118,873.05120904,467.371,33.574,-117.79529366666667,35.1051855,-88.94046273463125,-89.44140560664114,91.28893078371891,During Launch
3360,2025-03-22 10:59:34,145.16,892.46065848,473.86,33.571,-117.79529366666667,35.1051855,-92.1531567254733,-88.43134766982543,91.41817015553377,During Launch
3361,2025-03-22 10:59:34,145.202,920.20672236,484.272,33.549,-117.79529366666667,35.1051855,-90.90107221261508,-87.20433666303825,92.17856011215939,During Launch
3362,2025-03-22 10:59:34,145.245,939.4685340000001,485.797,33.559,-117.79529366666667,35.1051855,-90.70189494895025,-86.44856750629839,92.23157312330234,During Launch
3363,2025-03-22 10:59:34,145.295,963.9698471199999,490.14,33.571,-117.79529366666667,35.1051855,-85.19178596447401,-87.50512435010235,94.27586701356626,During Launch
3364,2025-03-22 10:59:34,145.339,984.01249868,491.377,33.574,-117.79529366666667,35.1051855,-67.65083798445617,-29.008421194821317,52.52251004495215,During Launch
3365,2025-03-22 10:59:34,145.381,1010.7775913999999,498.737,33.574,-117.79529366666667,35.1051855,-58.30579534624877,4.367204861933708,10.125069186915482,During Launch
3366,2025-03-22 10:59:34,145.423,1032.80187032,502.749,33.579,-117.79529366666667,35.1051855,-30.05383834606056,47.947550033326266,-40.30896686267629,During Launch
3367,2025-03-22 10:59:34,145.466,1053.88126732,505.384,33.569,-117.79529366666667,35.1051855,-14.597262202409954,58.46835051951877,-55.192351430897226,During Launch
3368,2025-03-22 10:59:34,145.508,1083.4711632800002,514.696,33.569,-117.79529366666667,35.1051855,6.698879755145871,75.81437916770668,-73.06784120891896,During Launch
3369,2025-03-22 10:59:34,145.55,1103.8878306,512.06,33.576,-117.79529366666667,35.1051855,20.899383258467115,80.65851597003639,-78.511698616363,During Launch
3370,2025-03-22 10:59:34,145.595,1127.25397308,515.889,33.571,-117.79529366666667,35.1051855,16.27438988917111,85.80350617700677,-86.02495968752028,During Launch
3371,2025-03-22 10:59:34,145.638,1155.36749104,525.596,33.571,-117.79529366666667,35.1051855,3.6588863771992077,87.98991522050686,-88.69514735367574,During Launch
3372,2025-03-22 10:59:34,145.68,1176.05318724,524.11,33.571,-117.79529366666667,35.1051855,-11.398175256090278,90.6367692944936,-92.03120658654615,During Launch
3373,2025-03-22 10:59:34,145.723,1198.75660004,526.12,33.564,-117.7955315,35.104263333333336,-14.86598053005077,90.77247052942477,-92.90750642576272,During Launch
3374,2025-03-22 10:59:34,145.766,1224.92457988,532.111,33.571,-117.7955315,35.104263333333336,-10.309614368500831,91.2044305519014,-93.92467592793001,During Launch
3375,2025-03-22 10:59:34,145.809,1247.96263836,534.181,33.566,-117.7955315,35.104263333333336,-5.877934906094496,91.47938468900719,-93.69891740385702,During Launch
3376,2025-03-22 10:59:35,145.851,1270.36421388,536.387,33.566,-117.7955315,35.104263333333336,8.486320813881967,92.3015876821038,-93.62588605824386,During Launch
3377,2025-03-22 10:59:35,145.894,1295.03284984,539.244,33.571,-117.7955315,35.104263333333336,17.261990438382586,91.40733859064166,-93.69529859106538,During Launch
3378,2025-03-22 10:59:35,145.936,1317.09977968,540.226,33.561,-117.7955315,35.104263333333336,28.642718726238627,91.79135723552456,-93.76617540347027,During Launch
3379,2025-03-22 10:59:35,145.979,1336.93245748,532.955,33.564,-117.7955315,35.104263333333336,6.557192425736456,92.93511023737383,-93.90625848453418,During Launch
3380,2025-03-22 10:59:35,146.021,1359.9737968,533.453,33.551,-117.7955315,35.104263333333336,-16.176609195033542,93.61019842162622,-94.21982915101215,During Launch
3381,2025-03-22 10:59:35,146.063,1384.84584484,538.318,33.571,-117.7955315,35.104263333333336,-16.215665013987284,93.74494964192293,-94.31549697378532,During Launch
3382,2025-03-22 10:59:35,146.106,1405.66605548,536.667,33.571,-117.7955315,35.104263333333336,-17.566395103186217,93.34503431169625,-94.56030205322332,During Launch
3383,2025-03-22 10:59:35,146.148,1426.20411388,533.973,33.569,-117.7955315,35.104263333333336,-15.745062646070886,92.34216381953213,-94.44771710245794,During Launch
3384,2025-03-22 10:59:35,146.19,1453.0676317999998,541.06,33.571,-117.7955315,35.104263333333336,-14.19149507532847,89.8596034366048,-94.33617946094017,During Launch
3385,2025-03-22 10:59:35,146.233,1473.09716,541.134,33.574,-117.7955315,35.104263333333336,-10.067777857861858,88.98870869124598,-94.27763766418475,During Launch
3386,2025-03-22 10:59:35,146.283,1499.44886688,535.839,33.564,-117.7955315,35.104263333333336,7.82174782939247,89.14203926675646,-93.3658205420265,During Launch
3387,2025-03-22 10:59:35,146.327,1519.7408622799999,536.296,33.559,-117.7955315,35.104263333333336,45.68437978941541,90.28847914443942,-92.50866759379814,During Launch
3388,2025-03-22 10:59:35,146.37,1544.54073184,540.066,33.574,-117.7955315,35.104263333333336,57.36990223636745,90.70303313315354,-92.19380049422405,During Launch
3389,2025-03-22 10:59:35,146.412,1565.69230732,542.106,33.569,-117.7955315,35.104263333333336,71.68208800415154,91.39316781992845,-92.06161067396518,During Launch
3390,2025-03-22 10:59:35,146.455,1586.0860087600001,535.669,33.571,-117.7955315,35.104263333333336,65.26672352934914,91.09517661343324,-92.12739894007015,During Launch
3391,2025-03-22 10:59:35,146.497,1610.79729564,538.171,33.571,-117.7955315,35.104263333333336,43.458888390174565,91.19866717454161,-92.56593497067149,During Launch
3392,2025-03-22 10:59:35,146.54,1633.20543284,539.408,33.576,-117.7955315,35.104263333333336,35.273810799082696,90.94467333480505,-92.58661421741893,During Launch
3393,2025-03-22 10:59:35,146.582,1651.23692948,528.646,33.576,-117.7955315,35.104263333333336,22.41513798225261,91.13403943692246,-92.77234762350069,During Launch
3394,2025-03-22 10:59:35,146.625,1672.26383304,528.722,33.569,-117.7955315,35.104263333333336,12.81612974258298,91.08228006319017,-92.99166792232201,During Launch
3395,2025-03-22 10:59:35,146.668,1696.8012353999998,530.799,33.571,0.0,0.0,3.835810535674936,91.14107831128752,-93.39845330958534,During Launch
3396,2025-03-22 10:59:35,146.71,1716.43050112,523.38,33.574,0.0,0.0,0.7947696012130736,90.38313450173756,-93.0918355699782,During Launch
3397,2025-03-22 10:59:35,146.761,1738.29073804,520.109,33.574,0.0,0.0,-10.936770571502816,91.43103811270849,-93.62234443500546,During Launch
3398,2025-03-22 10:59:35,146.805,1764.07157876,522.472,33.571,0.0,0.0,-22.960389286078364,91.98272543656,-93.60887982540824,During Launch
3399,2025-03-22 10:59:36,146.847,1785.53811488,518.606,33.571,0.0,0.0,-25.391533208120833,91.26858176589555,-93.83143915435933,During Launch
3400,2025-03-22 10:59:36,146.89,1804.4948084,514.831,33.571,0.0,0.0,-22.99720614230796,90.35931739009332,-93.9628206310379,During Launch
3401,2025-03-22 10:59:36,146.933,1828.5597698000001,515.892,33.561,0.0,0.0,-19.340245065982693,89.97257330380467,-93.8920534526014,During Launch
3402,2025-03-22 10:59:36,146.975,1847.61488852,511.177,33.569,0.0,0.0,-4.974369205574077,89.1965400778353,-93.07928308295516,During Launch
3403,2025-03-22 10:59:36,147.018,1867.02433796,508.248,33.569,0.0,0.0,0.7704652054622105,89.35755874735969,-92.63457694189677,During Launch
3404,2025-03-22 10:59:36,147.06,1888.48103156,510.221,33.569,0.0,0.0,17.677536514181632,88.18960521768439,-91.90365863569012,During Launch
3405,2025-03-22 10:59:36,147.102,1909.9081976,508.727,33.564,0.0,0.0,23.45103916438481,89.15264752958652,-91.64273543456265,During Launch
3406,2025-03-22 10:59:36,147.145,1930.82027176,504.597,33.541,0.0,0.0,29.897868190165177,89.8887050629457,-91.12991410579907,During Launch
3407,2025-03-22 10:59:36,147.187,1946.58142712,500.384,33.566,0.0,0.0,21.442918271722085,90.3760764900699,-91.67680218441544,During Launch
3408,2025-03-22 10:59:36,147.229,1970.1608242,503.198,33.569,0.0,0.0,0.5809399868693497,91.34864008220254,-92.5263123868432,During Launch
3409,2025-03-22 10:59:36,147.272,1989.63917128,495.907,33.569,0.0,0.0,-5.141783121708146,90.41075337642522,-92.83481253801001,During Launch
3410,2025-03-22 10:59:36,147.314,2009.89835828,496.578,33.561,0.0,0.0,-11.291202494293099,89.76147482600952,-93.11220306565157,During Launch
3411,2025-03-22 10:59:36,147.356,2027.63457932,492.251,33.559,0.0,0.0,-10.674349018928558,89.54258687609588,-92.92040693290203,During Launch
3412,2025-03-22 10:59:36,147.399,2050.72513124,495.321,33.559,0.0,0.0,3.9483892994619296,89.20727186585967,-92.05440652165943,During Launch
3413,2025-03-22 10:59:36,147.441,2068.73694284,489.446,33.564,0.0,0.0,17.41827366874553,89.23908217966688,-90.55513018464295,During Launch
3414,2025-03-22 10:59:36,147.484,2085.2986231600003,484.707,33.564,0.0,0.0,34.530016472752166,88.17984737913585,-88.88713914224637,During Launch
3415,2025-03-22 10:59:36,147.526,2109.8294638400002,489.023,33.566,0.0,0.0,38.92681637800523,88.31985329003321,-88.3155406540976,During Launch
3416,2025-03-22 10:59:36,147.576,2133.5597795599997,484.488,33.559,0.0,0.0,34.4805871191165,87.68004225115767,-88.71929227961698,During Launch
3417,2025-03-22 10:59:36,147.621,2152.15886152,480.068,33.561,0.0,0.0,30.11936491358665,87.90181677085221,-89.85633667034091,During Launch
3418,2025-03-22 10:59:36,147.663,2170.69232668,480.532,33.564,0.0,0.0,16.217357881470896,89.82969602300068,-90.42510834252074,During Launch
3419,2025-03-22 10:59:36,147.705,2190.90230108,480.221,33.561,0.0,0.0,-32.017531043053935,90.63166315408628,-91.78289722805133,During Launch
3420,2025-03-22 10:59:36,147.748,2210.0788108799998,475.257,33.561,0.0,0.0,-49.137328250612256,90.88682106180968,-92.24088587327245,During Launch
3421,2025-03-22 10:59:36,147.79,2228.838654,474.452,33.561,0.0,0.0,-62.00483656829183,91.15319174409346,-92.60988234634871,During Launch
3422,2025-03-22 10:59:37,147.832,2249.74088564,477.544,33.561,0.0,0.0,-61.154797635591535,91.50596997855031,-92.71238336116559,During Launch
3423,2025-03-22 10:59:37,147.875,2267.2408861999997,470.252,33.561,0.0,0.0,-52.703397350475555,90.25100219364269,-93.08814381994013,During Launch
3424,2025-03-22 10:59:37,147.917,2284.32093924,466.152,33.561,0.0,0.0,-44.96067955730057,89.50256018072362,-93.35402550598884,During Launch
3425,2025-03-22 10:59:37,147.96,2300.5545355599997,463.607,33.541,0.0,0.0,-31.897631366230502,87.19911061248567,-93.79564015582132,During Launch
3426,2025-03-22 10:59:37,148.002,2323.52041556,463.013,33.564,0.0,0.0,-27.22405757584071,85.7333573204413,-94.00005252329974,During Launch
3427,2025-03-22 10:59:37,148.044,2341.4862954,461.994,33.564,0.0,0.0,-22.165706276046926,84.49547313783432,-93.96460864663229,During Launch
3428,2025-03-22 10:59:37,148.087,2359.57684716,460.76,33.561,0.0,0.0,-19.145512779758796,84.4067932575332,-93.87463433045654,During Launch
3429,2025-03-22 10:59:37,148.129,2381.4141182,461.116,33.561,0.0,0.0,-11.153975280109174,86.65994496294414,-92.88614160945772,During Launch
3430,2025-03-22 10:59:37,148.172,2395.3248798,453.66,33.566,0.0,0.0,8.38656689756961,88.24473429095075,-92.34751049160593,During Launch
3431,2025-03-22 10:59:37,148.214,2413.83209824,451.835,33.574,0.0,0.0,33.7836218591805,89.39830113038053,-91.53802532364044,During Launch
3432,2025-03-22 10:59:37,148.257,2429.84915912,451.652,33.569,0.0,0.0,42.67425234455231,89.9585378061271,-91.30608327589763,During Launch
3433,2025-03-22 10:59:37,148.299,2452.90034096,451.158,33.564,0.0,0.0,44.65431235970085,89.79312531335825,-91.04420466821834,During Launch
3434,2025-03-22 10:59:37,148.341,2470.50204756,449.825,33.564,0.0,0.0,36.266963783591876,89.20305499191574,-91.0655381983638,During Launch
3435,2025-03-22 10:59:37,148.384,2489.52107704,448.246,33.561,0.0,0.0,26.399978747896817,88.39893425427663,-91.07260681126651,During Launch
3436,2025-03-22 10:59:37,148.426,2508.2021799999998,449.129,33.566,0.0,0.0,23.176325859626687,88.16241914221365,-91.02349472241596,During Launch
3437,2025-03-22 10:59:37,148.469,2523.91084192,442.23,33.561,0.0,0.0,13.061794653831392,88.13358759348114,-91.15538160106713,During Launch
3438,2025-03-22 10:59:37,148.511,2540.4593988799998,440.862,33.566,0.0,0.0,11.816226390676515,87.61296314727193,-91.1178184769376,During Launch
3439,2025-03-22 10:59:37,148.561,2560.68905832,441.402,33.566,0.0,0.0,9.908956025626889,87.05565585079889,-91.08507341194606,During Launch
3440,2025-03-22 10:59:37,148.605,2581.04010884,436.711,33.564,0.0,0.0,4.809678277891994,87.47859660073787,-91.27808629466507,During Launch
3441,2025-03-22 10:59:37,148.648,2597.09982064,432.407,33.561,0.0,0.0,3.8464814323904903,87.57806708126303,-91.37845344962031,During Launch
3442,2025-03-22 10:59:37,148.69,2613.36294452,431.435,33.564,0.0,0.0,4.019768571064429,86.87080337806842,-91.31903458018705,During Launch
3443,2025-03-22 10:59:37,148.732,2634.06504492,433.464,33.564,0.0,0.0,8.378419152583326,87.06635664988971,-90.84594595771934,During Launch
3444,2025-03-22 10:59:37,148.775,2651.56504548,430.526,33.559,0.0,0.0,21.360633074600262,86.44145430785807,-89.2961443228201,During Launch
3445,2025-03-22 10:59:37,148.817,2666.98827432,427.418,33.561,0.0,0.0,26.687959914726584,86.08624810687557,-88.58488326355045,During Launch
3446,2025-03-22 10:59:38,148.86,2682.7428680000003,424.21,33.566,0.0,0.0,34.09281840726509,85.81812260694063,-87.5404960230152,During Launch
3447,2025-03-22 10:59:38,148.902,2704.02895792,424.568,33.564,0.0,0.0,36.500282242227144,85.8738962224064,-87.22019639739847,During Launch
3448,2025-03-22 10:59:38,148.944,2719.16347284,422.753,33.564,0.0,0.0,29.42998151868187,85.4863128142001,-87.97631326133289,During Launch
3449,2025-03-22 10:59:38,148.987,2734.6293526,420.849,33.566,0.0,0.0,16.189592315064168,86.2232365939812,-89.19288293694439,During Launch
3450,2025-03-22 10:59:38,149.029,2755.8367023600003,425.895,33.566,0.0,0.0,-33.067772789102534,88.39905483346615,-91.52532246559227,During Launch
3451,2025-03-22 10:59:38,149.071,2770.35441936,417.993,33.561,0.0,0.0,-47.96445693469301,89.5676293061114,-92.21669708821837,During Launch
3452,2025-03-22 10:59:38,149.114,2785.1706928,414.658,33.569,0.0,0.0,-66.87961775632195,90.46253020259054,-93.14582654981317,During Launch
3453,2025-03-22 10:59:38,149.156,2804.46859368,416.176,33.561,0.0,0.0,-69.90271161160886,90.44854995399116,-93.16939420322112,During Launch
3454,2025-03-22 10:59:38,149.199,2818.77961776,408.753,33.564,0.0,0.0,-47.48921396018435,89.045998762571,-92.82512903363065,During Launch
3455,2025-03-22 10:59:38,149.241,2833.09720352,409.516,33.564,0.0,0.0,-24.497023891679117,88.3923499417922,-91.76628850630657,During Launch
3456,2025-03-22 10:59:38,149.284,2849.48171848,407.149,33.566,0.0,0.0,-1.6455749297482818,86.83712899741134,-90.13440081227837,During Launch
3457,2025-03-22 10:59:38,149.326,2870.35114172,412.069,33.556,0.0,0.0,5.458809048000637,86.19906397027749,-89.71506556725258,During Launch
3458,2025-03-22 10:59:38,149.368,2885.8760766,405.029,33.559,0.0,0.0,14.145668528087509,85.559963767745,-89.0142513225711,During Launch
3459,2025-03-22 10:59:38,149.411,2899.00599828,400.471,33.564,0.0,0.0,18.561341857077025,84.94077343231798,-88.7563087039919,During Launch
3460,2025-03-22 10:59:38,149.461,2920.56767876,400.229,33.551,0.0,0.0,20.261317408504734,85.02017788133134,-88.61504166731744,During Launch
3461,2025-03-22 10:59:38,149.505,2939.1700415600003,399.414,33.554,0.0,0.0,24.062534987487513,86.03708723372694,-88.94851935150157,During Launch
3462,2025-03-22 10:59:38,149.547,2953.0643989600003,398.102,33.564,0.0,0.0,24.520992542152356,86.24891336801252,-89.0687692503089,During Launch
3463,2025-03-22 10:59:38,149.59,2971.4731922,399.457,33.566,0.0,0.0,25.592771456239106,86.97675491744022,-89.24202944715613,During Launch
3464,2025-03-22 10:59:38,149.634,2987.16216908,397.459,33.561,0.0,0.0,25.73197511759561,86.60889422293613,-89.34678491500058,During Launch
3465,2025-03-22 10:59:38,149.676,3000.79405928,391.927,33.559,0.0,0.0,26.270305703932696,86.73628560767644,-89.31659248976858,During Launch
3466,2025-03-22 10:59:38,149.719,3015.30193376,390.478,33.556,-117.7961985,35.101813666666665,25.067566097965322,86.68622032622157,-89.27893425656589,During Launch
3467,2025-03-22 10:59:38,149.761,3031.96532012,390.852,33.564,-117.7961985,35.101813666666665,23.879728853701042,85.93408152652968,-89.2465252239336,During Launch
3468,2025-03-22 10:59:38,149.803,3047.3590214,385.895,33.561,-117.7961985,35.101813666666665,23.476617347796363,85.69752849690256,-89.15520178807449,During Launch
3469,2025-03-22 10:59:39,149.848,3061.33211896,381.889,33.561,-117.7961985,35.101813666666665,23.150026465569724,85.4693830776765,-88.96426659307505,During Launch
3470,2025-03-22 10:59:39,149.89,3078.14642396,383.186,33.566,-117.7961985,35.101813666666665,23.729603307370706,85.51482190830156,-88.8874254907044,During Launch
3471,2025-03-22 10:59:39,149.933,3094.980414,384.192,33.561,-117.7961985,35.101813666666665,23.418226796591206,85.44497566212057,-88.79031566812682,During Launch
3472,2025-03-22 10:59:39,149.975,3108.8583672,377.287,33.564,-117.7961985,35.101813666666665,21.1539979290814,85.55027558507778,-88.98533927086085,During Launch
3473,2025-03-22 10:59:39,150.017,3127.03093996,380.119,33.559,-117.7961985,35.101813666666665,8.798694419587186,85.22072506007925,-90.03069798428265,During Launch
3474,2025-03-22 10:59:39,150.06,3140.80062544,378.538,33.564,-117.7961985,35.101813666666665,1.8943375866154355,85.34351775665758,-90.79396207979433,During Launch
3475,2025-03-22 10:59:39,150.104,3156.56506164,372.771,33.564,-117.7961985,35.101813666666665,-6.459242665119772,85.0802490393017,-91.66313035917027,During Launch
3476,2025-03-22 10:59:39,150.146,3172.56899916,374.153,33.559,-117.7961985,35.101813666666665,-8.544397789899913,84.78733854946438,-91.91281969551164,During Launch
3477,2025-03-22 10:59:39,150.188,3185.60049564,372.84,33.561,-117.7961985,35.101813666666665,-11.460324844607767,84.62813573758882,-92.16752242149353,During Launch
3478,2025-03-22 10:59:39,150.231,3200.2822546400002,368.199,33.566,-117.7961985,35.101813666666665,-8.56983476864445,84.89272240435837,-91.84014315761974,During Launch
3479,2025-03-22 10:59:39,150.274,3216.73566724,370.192,33.556,-117.7961985,35.101813666666665,-1.976784454166216,85.02217710566397,-91.10993889414576,During Launch
3480,2025-03-22 10:59:39,150.316,3233.69104836,372.645,33.536,-117.7961985,35.101813666666665,2.4629856482287797,84.97822046743929,-90.58189736805883,During Launch
3481,2025-03-22 10:59:39,150.358,3246.58474956,369.742,33.561,-117.7961985,35.101813666666665,13.92468206026177,84.3655053022047,-89.38639064841497,During Launch
3482,2025-03-22 10:59:39,150.401,3256.3616527599997,359.08,33.559,-117.7961985,35.101813666666665,17.138699580994057,84.30593816918767,-88.98510803548783,During Launch
3483,2025-03-22 10:59:39,150.443,3273.8190024,360.877,33.561,-117.7961985,35.101813666666665,18.759260671880966,83.62643954416308,-88.2920436533882,During Launch
3484,2025-03-22 10:59:39,150.486,3287.21795296,361.127,33.566,-117.7961985,35.101813666666665,16.48164714416679,83.30391076135722,-88.48132839470979,During Launch
3485,2025-03-22 10:59:39,150.528,3301.6536489600003,357.156,33.549,-117.7961985,35.101813666666665,9.296614664148873,82.34259859061338,-89.45771835294515,During Launch
3486,2025-03-22 10:59:39,150.571,3318.34984372,355.703,33.559,-117.7961985,35.101813666666665,2.909145167312114,82.4010261435406,-90.40376946127019,During Launch
3487,2025-03-22 10:59:39,150.614,3331.55522472,354.724,33.559,-117.7961985,35.101813666666665,-10.352635334811087,83.27349704121642,-91.85459160845413,During Launch
3488,2025-03-22 10:59:39,150.657,3345.52504144,350.564,33.561,-117.7961985,35.101813666666665,-17.9442418346961,84.26154561019868,-92.2800464214319,During Launch
3489,2025-03-22 10:59:39,150.699,3362.0571942,352.014,33.564,-117.7963905,35.101173333333335,-27.859308856575904,85.31533204401903,-92.84972560826975,During Launch
3490,2025-03-22 10:59:39,150.742,3374.71795576,350.773,33.559,-117.7963905,35.101173333333335,-22.77753113585399,85.80472729189262,-92.39397783183962,During Launch
3491,2025-03-22 10:59:39,150.784,3388.26782496,350.203,33.561,-117.7963905,35.101173333333335,0.5541030818723023,86.37576210205312,-90.76518520088821,During Launch
3492,2025-03-22 10:59:39,150.826,3400.73173612,346.26,33.559,-117.7963905,35.101173333333335,8.264644578165791,86.40954222788254,-90.22492906087116,During Launch
3493,2025-03-22 10:59:40,150.869,3416.61428256,346.393,33.559,-117.7963905,35.101173333333335,13.096713991195834,85.0025577845352,-89.51375171993666,During Launch
3494,2025-03-22 10:59:40,150.911,3429.07163204,345.945,33.566,-117.7963905,35.101173333333335,13.468710919348739,84.1596057361855,-89.2396064360959,During Launch
3495,2025-03-22 10:59:40,150.953,3439.550635,339.985,33.569,-117.7963905,35.101173333333335,12.740908283360938,83.10735482928955,-89.11441456787487,During Launch
3496,2025-03-22 10:59:40,150.996,3458.1201894,341.618,33.559,-117.7963905,35.101173333333335,10.665023573883504,82.97152770857943,-89.31981701567744,During Launch
3497,2025-03-22 10:59:40,151.038,3469.8426307199998,339.59,33.554,-117.7963905,35.101173333333335,6.767919249056952,82.72045777986379,-89.6834337115019,During Launch
3498,2025-03-22 10:59:40,151.08,3483.3104789199997,335.164,33.559,-117.7963905,35.101173333333335,5.6198714509421865,82.68986501473563,-89.82530574346073,During Launch
3499,2025-03-22 10:59:40,151.123,3496.13528248,334.275,33.559,-117.7963905,35.101173333333335,4.305090813389634,82.89655706338714,-89.96436516064153,During Launch
3500,2025-03-22 10:59:40,151.165,3509.9673039199997,333.084,33.556,-117.7963905,35.101173333333335,4.672293010608051,83.66118499032204,-89.98670075620338,During Launch
3501,2025-03-22 10:59:40,151.208,3522.5657295200003,329.564,33.561,-117.7963905,35.101173333333335,7.627977574804026,85.25653386400445,-89.970039478672,During Launch
3502,2025-03-22 10:59:40,151.25,3533.75011308,327.824,33.556,-117.7963905,35.101173333333335,10.873126874869167,86.6326667052879,-89.94379465215174,During Launch
3503,2025-03-22 10:59:40,151.3,3549.2520820799996,326.445,33.559,-117.7963905,35.101173333333335,5.495398755829171,87.33641458776052,-90.14008235925289,During Launch
3504,2025-03-22 10:59:40,151.344,3565.76126896,326.192,33.556,-117.7963905,35.101173333333335,-3.2375088384331567,86.96066046793003,-90.52377460585143,During Launch
3505,2025-03-22 10:59:40,151.386,3578.50077068,322.252,33.559,-117.7963905,35.101173333333335,-5.091030951701299,86.62906338286771,-90.70070151682675,During Launch
3506,2025-03-22 10:59:40,151.429,3589.5834482,320.26,33.559,-117.7963905,35.101173333333335,-8.14852080291466,84.23631737654382,-91.37386304487565,During Launch
3507,2025-03-22 10:59:40,151.471,3605.4364670799996,326.238,33.561,-117.7963905,35.101173333333335,-12.763003854676327,82.98196198236414,-92.49043631510408,During Launch
3508,2025-03-22 10:59:40,151.514,3616.41415772,319.883,33.564,-117.7963905,35.101173333333335,-18.504346946883814,81.43624271112822,-93.85606366977757,During Launch
3509,2025-03-22 10:59:40,151.556,3629.19631036,319.606,33.556,-117.7963905,35.101173333333335,-20.405445569848386,80.70006167340631,-94.31713826989494,During Launch
3510,2025-03-22 10:59:40,151.598,3640.39053644,316.577,33.554,-117.7963905,35.101173333333335,-20.136102856622635,80.43481141298531,-94.21443521513027,During Launch
3511,2025-03-22 10:59:40,151.641,3657.50667872,316.969,33.559,-117.7963905,35.101173333333335,-12.523205046691118,80.71405593307685,-92.88032444178214,During Launch
3512,2025-03-22 10:59:40,151.683,3668.28751896,314.997,33.556,-117.7963905,35.101173333333335,12.578779128097427,81.19016255382357,-88.47044323655382,During Launch
3513,2025-03-22 10:59:40,151.725,3680.50208628,313.649,33.561,-117.7963905,35.101173333333335,21.452790244742083,81.59458217468998,-87.07209199323775,During Launch
3514,2025-03-22 10:59:40,151.768,3692.9561549200002,309.541,33.561,-117.7963905,35.101173333333335,33.84205472129416,82.4612899320445,-85.23302516701128,During Launch
3515,2025-03-22 10:59:40,151.81,3703.98305816,308.301,33.554,-117.79656666666666,35.10060383333333,38.53152130152689,82.79701782770408,-84.65107365295458,During Launch
3516,2025-03-22 10:59:41,151.852,3715.08542072,306.009,33.564,-117.79656666666666,35.10060383333333,44.38234471386246,83.5074723990356,-83.88991507168583,During Launch
3517,2025-03-22 10:59:41,151.895,3728.67466,306.775,33.559,-117.79656666666666,35.10060383333333,46.059876940822996,83.53226769264383,-83.63023059494037,During Launch
3518,2025-03-22 10:59:41,151.937,3741.26324308,303.978,33.556,-117.79656666666666,35.10060383333333,40.61799870829848,83.80997471446085,-84.75919693331512,During Launch
3519,2025-03-22 10:59:41,151.98,3752.07361088,302.153,33.554,-117.79656666666666,35.10060383333333,30.701905451438414,83.99059914153815,-86.14965120456188,During Launch
3520,2025-03-22 10:59:41,152.022,3762.65103904,302.245,33.556,-117.79656666666666,35.10060383333333,-2.4308218735525955,84.09085937662641,-90.64477080238117,During Launch
3521,2025-03-22 10:59:41,152.064,3776.58804736,298.191,33.554,-117.79656666666666,35.10060383333333,-19.819308620096063,84.26914993800521,-93.28592382305435,During Launch
3522,2025-03-22 10:59:41,152.107,3791.3058955999995,300.714,33.554,-117.79656666666666,35.10060383333333,-43.095877382800765,84.86123472202566,-96.58174908909965,During Launch
3523,2025-03-22 10:59:41,152.149,3800.0985468,296.341,33.566,-117.79656666666666,35.10060383333333,-50.05742101238461,85.18434673185712,-97.59198081925142,During Launch
3524,2025-03-22 10:59:41,152.191,3810.0230878,293.902,33.566,-117.79656666666666,35.10060383333333,-58.51851236558172,85.504762042277,-98.82938767288937,During Launch
3525,2025-03-22 10:59:41,152.234,3824.99027988,294.689,33.559,-117.79656666666666,35.10060383333333,-59.4071432319146,85.31759739466881,-99.08051189119416,During Launch
3526,2025-03-22 10:59:41,152.278,3835.8268944,292.767,33.556,-117.79656666666666,35.10060383333333,-48.21075316315034,84.41540262082428,-97.08841980383433,During Launch
3527,2025-03-22 10:59:41,152.321,3848.89776096,294.256,33.554,-117.79656666666666,35.10060383333333,-36.59854740358924,83.22290002863062,-95.53694491321764,During Launch
3528,2025-03-22 10:59:41,152.364,3859.40301064,291.495,33.549,-117.79656666666666,35.10060383333333,-15.721059325710993,80.82137270378534,-92.37464813451038,During Launch
3529,2025-03-22 10:59:41,152.406,3870.2363443199997,286.7,33.556,-117.79656666666666,35.10060383333333,-5.692263071425781,79.98066587682996,-90.55098178901751,During Launch
3530,2025-03-22 10:59:41,152.449,3883.4286019600004,286.856,33.559,-117.79656666666666,35.10060383333333,5.935589408779543,77.3729684744251,-88.04685184162217,During Launch
3531,2025-03-22 10:59:41,152.491,3893.16285424,285.856,33.554,-117.79656666666666,35.10060383333333,9.861127047464354,76.38499122784346,-87.14471818006439,During Launch
3532,2025-03-22 10:59:41,152.534,3903.9010435600003,280.776,33.554,-117.79656666666666,35.10060383333333,14.658429462623,74.86740542744806,-85.92678930267735,During Launch
3533,2025-03-22 10:59:41,152.576,3916.2370019600003,282.319,33.529,-117.79656666666666,35.10060383333333,16.384903400272933,74.85993676007416,-85.56024867705487,During Launch
3534,2025-03-22 10:59:41,152.619,3927.3951387999996,280.526,33.559,-117.79656666666666,35.10060383333333,20.587287577027624,75.8569542150356,-85.10644885655532,During Launch
3535,2025-03-22 10:59:41,152.661,3936.35511284,278.424,33.559,-117.79656666666666,35.10060383333333,22.885816764361092,77.2511216132645,-85.22411695457497,During Launch
3536,2025-03-22 10:59:41,152.704,3948.00209484,273.279,33.559,0.0,0.0,28.68400543852121,79.57408808850187,-85.0840590076474,During Launch
3537,2025-03-22 10:59:41,152.746,3958.6418589600003,273.146,33.561,0.0,0.0,31.03859893296375,80.15574063190664,-84.966715192458,During Launch
3538,2025-03-22 10:59:41,152.789,3967.9397595200003,270.148,33.564,0.0,0.0,31.749455011219016,80.80051671267167,-85.2225684675525,During Launch
3539,2025-03-22 10:59:41,152.831,3978.37283072,268.501,33.561,0.0,0.0,30.375247080458443,80.53779827192155,-85.3332723189005,During Launch
3540,2025-03-22 10:59:42,152.874,3988.0250619999997,266.957,33.534,0.0,0.0,28.488842539537174,79.90323933306205,-85.44475043632818,During Launch
3541,2025-03-22 10:59:42,152.916,4002.38529868,270.019,33.556,0.0,0.0,24.304137163884086,79.73851793163226,-86.23235013333053,During Launch
3542,2025-03-22 10:59:42,152.958,4011.4797871600003,266.044,33.554,0.0,0.0,9.887872472142195,79.45012817265874,-88.91744332943193,During Launch
3543,2025-03-22 10:59:42,153.001,4023.37939384,265.147,33.549,0.0,0.0,-9.679019887010849,79.424168348011,-92.89720978348643,During Launch
3544,2025-03-22 10:59:42,153.051,4034.7146960399996,263.904,33.556,0.0,0.0,-18.306087029166633,79.59214265975935,-94.66036594171035,During Launch
3545,2025-03-22 10:59:42,153.094,4046.84724236,265.108,33.556,0.0,0.0,-31.187574280791676,80.34097631533403,-97.08290487175056,During Launch
3546,2025-03-22 10:59:42,153.136,4055.38726888,260.074,33.556,0.0,0.0,-37.79147953273114,81.15262136993152,-97.85575453927969,During Launch
3547,2025-03-22 10:59:42,153.179,4064.8295264000003,255.153,33.556,0.0,0.0,-46.02920257229585,82.35436996963381,-98.63130533023843,During Launch
3548,2025-03-22 10:59:42,153.221,4076.5224401599994,257.858,33.556,0.0,0.0,-49.63390760610149,83.07538549250542,-98.66571652594469,During Launch
3549,2025-03-22 10:59:42,153.264,4086.9948814399995,258.128,33.544,0.0,0.0,-52.3230931915654,83.92233505082845,-98.22003987772806,During Launch
3550,2025-03-22 10:59:42,153.306,4095.76128592,252.585,33.549,0.0,0.0,-52.4386437848283,84.16389618253004,-97.9982608887919,During Launch
3551,2025-03-22 10:59:42,153.348,4105.99422588,252.493,33.551,0.0,0.0,-42.701664284198564,84.36238983034607,-96.10430021029282,During Launch
3552,2025-03-22 10:59:42,153.391,4117.83805828,251.346,33.529,0.0,0.0,-28.42248528139129,84.33824682265792,-94.29277323363446,During Launch
3553,2025-03-22 10:59:42,153.433,4127.50341292,250.796,33.554,0.0,0.0,-9.132404306983487,82.68579457479905,-91.625052146605,During Launch
3554,2025-03-22 10:59:42,153.475,4136.06312448,248.669,33.554,0.0,0.0,-1.1872787711058468,81.96461644543976,-90.37337095177996,During Launch
3555,2025-03-22 10:59:42,153.518,4146.53556576,246.124,33.551,0.0,0.0,8.07372143513787,77.55342607445726,-87.95540597402615,During Launch
3556,2025-03-22 10:59:42,153.56,4154.54081536,244.507,33.554,0.0,0.0,11.009688316801702,74.78938047790247,-86.70995446372329,During Launch
3557,2025-03-22 10:59:42,153.603,4162.65761352,242.055,33.554,0.0,0.0,14.56901665255024,71.34734822856144,-85.13671652358654,During Launch
3558,2025-03-22 10:59:42,153.645,4173.93057976,241.06,33.554,0.0,0.0,15.641392249427884,70.23759604965811,-84.64648422593463,During Launch
3559,2025-03-22 10:59:42,153.688,4184.30787668,240.33,33.554,0.0,0.0,14.114443230577983,68.84500132845228,-85.32555061287636,During Launch
3560,2025-03-22 10:59:42,153.73,4191.633992399999,238.802,33.551,-117.7968985,35.099564,11.817042796410522,68.77791161775679,-86.3281075568643,During Launch
3561,2025-03-22 10:59:42,153.774,4201.909583279999,237.297,33.554,-117.7968985,35.099564,6.837583378502982,70.52994064281768,-88.31574776693597,During Launch
3562,2025-03-22 10:59:42,153.816,4210.712077,235.58,33.549,-117.7968985,35.099564,4.404790232050728,70.94707640136234,-89.19854439905936,During Launch
3563,2025-03-22 10:59:43,153.859,4218.38268092,234.059,33.559,-117.7968985,35.099564,-0.12402207902717377,72.81862113742727,-90.62436299575397,During Launch
3564,2025-03-22 10:59:43,153.901,4228.5598466,233.82,33.544,-117.7968985,35.099564,-4.455803381112048,75.56643089038967,-91.1844412562086,During Launch
3565,2025-03-22 10:59:43,153.943,4240.8629966,236.518,33.551,-117.7968985,35.099564,-13.914592635072314,79.91383298854724,-92.00932597363915,During Launch
3566,2025-03-22 10:59:43,153.986,4247.64121204,229.211,33.551,-117.7968985,35.099564,-18.342856995279114,81.581381796589,-92.22864420993614,During Launch
3567,2025-03-22 10:59:43,154.028,4257.93320712,230.33,33.554,-117.7968985,35.099564,-27.771494974680007,83.58523983858133,-92.97347698811684,During Launch
3568,2025-03-22 10:59:43,154.07,4267.19501844,228.078,33.551,-117.7968985,35.099564,-29.262258889628463,84.18200709007654,-93.06842516293815,During Launch
3569,2025-03-22 10:59:43,154.113,4275.679270680001,226.897,33.551,-117.7968985,35.099564,-32.19970204717671,84.55459911505129,-93.50094706492769,During Launch
3570,2025-03-22 10:59:43,154.155,4284.16680376,223.675,33.554,-117.7968985,35.099564,-29.934752573107993,84.29691459935522,-93.50559672618611,During Launch
3571,2025-03-22 10:59:43,154.198,4291.96864128,222.77,33.551,-117.7968985,35.099564,-24.003523341904142,82.54023653452768,-93.49651884438478,During Launch
3572,2025-03-22 10:59:43,154.24,4300.68583316,222.296,33.549,-117.7968985,35.099564,-19.68286209207564,81.00271389048382,-93.2502771125075,During Launch
3573,2025-03-22 10:59:43,154.283,4309.2849148000005,219.174,33.559,-117.7968985,35.099564,-6.788165251872256,76.71697453659345,-90.94902908115975,During Launch
3574,2025-03-22 10:59:43,154.325,4316.647119759999,216.449,33.556,-117.7968985,35.099564,-0.9424916022480927,75.22764995426567,-89.61527996703758,During Launch
3575,2025-03-22 10:59:43,154.367,4328.425335360001,219.288,33.556,-117.7968985,35.099564,5.851203005619291,72.67798109884927,-87.8836910234321,During Launch
3576,2025-03-22 10:59:43,154.41,4335.34134608,215.958,33.554,-117.7968985,35.099564,9.1728189925837,71.09550509643599,-86.96532290071502,During Launch
3577,2025-03-22 10:59:43,154.46,4346.44370864,213.85,33.549,-117.7968985,35.099564,10.18677299648848,70.68219054108964,-86.69023896543861,During Launch
3578,2025-03-22 10:59:43,154.504,4354.49160916,211.94,33.541,-117.7968985,35.099564,11.008377721281187,70.10226517454791,-86.50868410191032,During Launch
3579,2025-03-22 10:59:43,154.546,4362.651058240001,211.567,33.551,-117.7968985,35.099564,10.579780313511314,69.95141259041614,-86.74362542202014,During Launch
3580,2025-03-22 10:59:43,154.589,4370.4791424800005,209.098,33.549,-117.7968985,35.099564,10.047350104333127,69.65109873608334,-86.99861536823667,During Launch
3581,2025-03-22 10:59:43,154.631,4376.71273848,207.443,33.551,-117.7968985,35.099564,10.956716151426097,69.3142054883925,-86.60001457003048,During Launch
3582,2025-03-22 10:59:43,154.673,4383.3006651999995,206.208,33.549,0.0,0.0,15.809011251841877,69.1187792269012,-84.65959527277428,During Launch
3583,2025-03-22 10:59:43,154.716,4394.41287028,205.866,33.551,0.0,0.0,18.41698242932759,69.21087065160157,-83.66941996774932,During Launch
3584,2025-03-22 10:59:43,154.758,4401.91287052,203.369,33.546,0.0,0.0,22.003249053627865,69.23213422704525,-82.28021630705362,During Launch
3585,2025-03-22 10:59:43,154.8,4410.53819888,204.583,33.546,0.0,0.0,23.768247777132686,69.5317354262951,-81.72367481928235,During Launch
3586,2025-03-22 10:59:44,154.843,4418.26129624,202.387,33.546,0.0,0.0,29.681530282352348,72.34726713570693,-81.0413587901686,During Launch
3587,2025-03-22 10:59:44,154.886,4424.84266128,200.122,33.551,0.0,0.0,31.558528250304228,73.44845292542337,-80.98914917640049,During Launch
3588,2025-03-22 10:59:44,154.928,4434.62284532,202.283,33.536,0.0,0.0,32.25236127459667,74.8645808737281,-81.42838544747636,During Launch
3589,2025-03-22 10:59:44,154.97,4441.0959426399995,198.818,33.556,0.0,0.0,31.476695345259525,74.9985255252314,-81.72218743155746,During Launch
3590,2025-03-22 10:59:44,155.013,4449.1635282,194.673,33.556,0.0,0.0,27.794247900818206,74.57641574421416,-82.73628811119374,During Launch
3591,2025-03-22 10:59:44,155.055,4455.19043128,194.153,33.554,0.0,0.0,25.25601790638986,74.1233483188017,-83.3627710395552,During Launch
3592,2025-03-22 10:59:44,155.097,4461.66680944,190.583,33.551,0.0,0.0,17.32092801118263,73.08645831690463,-85.61611460165385,During Launch
3593,2025-03-22 10:59:44,155.14,4470.9975183999995,190.47,33.546,0.0,0.0,10.729581242556495,72.66343815351132,-87.6720641455251,During Launch
3594,2025-03-22 10:59:44,155.182,4477.8216655999995,189.095,33.556,0.0,0.0,2.4430583295783395,72.47847975119781,-90.19519067994563,During Launch
3595,2025-03-22 10:59:44,155.224,4484.76392304,187.649,33.554,0.0,0.0,-0.08734024266855123,72.45844978853773,-90.94190170943908,During Launch
3596,2025-03-22 10:59:44,155.267,4493.97652176,188.969,33.549,0.0,0.0,-1.144374349850334,72.40236560107174,-91.25263306686404,During Launch
3597,2025-03-22 10:59:44,155.309,4500.24292616,186.676,33.554,0.0,0.0,0.7149302885873244,72.36652305160585,-90.6475858960869,During Launch
3598,2025-03-22 10:59:44,155.351,4506.8406954,184.977,33.559,0.0,0.0,3.953971060599649,72.13776917442459,-89.62856963523988,During Launch
3599,2025-03-22 10:59:44,155.394,4515.38400276,185.909,33.551,0.0,0.0,4.636286620180351,71.27241760761721,-89.3164673253944,During Launch
3600,2025-03-22 10:59:44,155.436,4522.33938356,181.398,33.529,0.0,0.0,5.323328880377574,69.43912728928098,-88.91472137502143,During Launch
3601,2025-03-22 10:59:44,155.479,4527.6838719200005,179.928,33.551,0.0,0.0,3.176736156140164,68.64540804919706,-89.78489008026321,During Launch
3602,2025-03-22 10:59:44,155.521,4535.210118880001,177.914,33.556,0.0,0.0,-0.06860232562509028,67.22682227731427,-91.07521038434682,During Launch
3603,2025-03-22 10:59:44,155.564,4542.3885967999995,177.261,33.554,0.0,0.0,-1.3272183035101508,66.4364011417873,-91.62602834978179,During Launch
3604,2025-03-22 10:59:44,155.606,4548.19896444,175.045,33.551,0.0,0.0,-3.9216166148881655,64.3845712724966,-93.00586705329053,During Launch
3605,2025-03-22 10:59:44,155.648,4554.24555256,173.528,33.549,0.0,0.0,-5.259739975454462,63.21885254138307,-93.84691408251211,During Launch
3606,2025-03-22 10:59:44,155.691,4560.97127456,173.829,33.551,0.0,0.0,-7.019527833820501,61.15428129512176,-95.0273817605957,During Launch
3607,2025-03-22 10:59:44,155.733,4567.25080232,173.538,33.544,0.0,0.0,-7.52266659361602,59.870847012942875,-95.55602979456589,During Launch
3608,2025-03-22 10:59:44,155.775,4576.14515956,171.607,33.549,0.0,0.0,-9.480333707324165,58.2094659889811,-97.04484305899294,During Launch
3609,2025-03-22 10:59:44,155.818,4581.85382116,169.756,33.554,0.0,0.0,-10.075758030687604,57.65031128206729,-97.5403717264047,During Launch
3610,2025-03-22 10:59:45,155.86,4588.80920196,168.18,33.549,0.0,0.0,-9.201806281291306,57.108406837707555,-96.99399628377556,During Launch
3611,2025-03-22 10:59:45,155.902,4594.6359738,166.548,33.554,0.0,0.0,-8.384133862994123,57.297228859515265,-96.42502342853646,During Launch
3612,2025-03-22 10:59:45,155.945,4598.85513404,164.318,33.551,0.0,0.0,-5.311479477106679,58.38337412086826,-94.38120189050147,During Launch
3613,2025-03-22 10:59:45,155.987,4606.0532969999995,161.88,33.554,0.0,0.0,-2.4138193631430855,58.78529141591144,-92.64591898898023,During Launch
3614,2025-03-22 10:59:45,156.03,4613.01523948,162.188,33.551,0.0,0.0,10.312077280573954,58.76020775158007,-84.76252876177239,During Launch
3615,2025-03-22 10:59:45,156.072,4617.700279,159.147,33.559,0.0,0.0,17.696024254861843,58.299465361504865,-79.91988938386852,During Launch
3616,2025-03-22 10:59:45,156.122,4623.18256264,157.443,33.549,0.0,0.0,19.906566607875504,57.98707082316217,-78.35684942646515,During Launch
3617,2025-03-22 10:59:45,156.165,4630.83676236,158.399,33.551,0.0,0.0,22.727449844356634,57.2881905158731,-76.23157634790583,During Launch
3618,2025-03-22 10:59:45,156.208,4637.01130324,155.444,33.556,0.0,0.0,23.662345527553633,57.06280456328446,-75.48846585737124,During Launch
3619,2025-03-22 10:59:45,156.25,4642.83807508,154.51,33.559,0.0,0.0,24.06236558196882,56.67744221867486,-75.10068989473822,During Launch
3620,2025-03-22 10:59:45,156.293,4648.55986004,153.224,33.554,0.0,0.0,23.98192732507602,56.398892206430595,-75.05519734803099,During Launch
3621,2025-03-22 10:59:45,156.336,4654.15697308,149.841,33.551,0.0,0.0,23.68916873135119,56.16065064165598,-75.23065237643402,During Launch
3622,2025-03-22 10:59:45,156.379,4660.9122226399995,150.158,33.554,0.0,0.0,23.632284011840547,55.97285547957977,-75.19534229232485,During Launch
3623,2025-03-22 10:59:45,156.421,4664.3374196,147.193,33.549,0.0,0.0,23.169102711490613,54.95370519177004,-75.0365322031503,During Launch
3624,2025-03-22 10:59:45,156.463,4671.66025448,146.189,33.551,0.0,0.0,22.83357862498696,54.41847729714739,-74.97741241852438,During Launch
3625,2025-03-22 10:59:45,156.506,4676.46996592,144.047,33.554,0.0,0.0,20.766465884136323,51.30616670774976,-75.07076396197589,During Launch
3626,2025-03-22 10:59:45,156.548,4681.38794508,143.783,33.546,0.0,0.0,20.089334634099846,50.189789432920996,-75.10234063515898,During Launch
3627,2025-03-22 10:59:45,156.591,4685.2757404799995,140.248,33.556,0.0,0.0,17.040672369279253,48.91651062978207,-76.59606285387163,During Launch
3628,2025-03-22 10:59:45,156.633,4693.29411344,141.165,33.546,0.0,0.0,14.18786350216327,48.06334465966894,-78.78611086911882,During Launch
3629,2025-03-22 10:59:45,156.676,4699.01261756,140.947,33.551,0.0,0.0,7.631610183807305,47.16260934631476,-84.93363211905175,During Launch
3630,2025-03-22 10:59:45,156.718,4702.79542608,138.832,33.549,0.0,0.0,4.528663840577472,47.66168713904815,-87.77510027320561,During Launch
3631,2025-03-22 10:59:45,156.76,4710.0067124,139.416,33.551,0.0,0.0,-1.338163111297915,48.88145730452476,-92.5492285135745,During Launch
3632,2025-03-22 10:59:45,156.803,4713.21537392,136.415,33.551,0.0,0.0,-3.818452164544549,49.23454579912309,-94.61006567413855,During Launch
3633,2025-03-22 10:59:46,156.845,4719.17337936,133.671,33.551,0.0,0.0,-6.9177801450642304,47.00750409463344,-98.06257478848474,During Launch
3634,2025-03-22 10:59:46,156.887,4725.02311708,133.928,33.549,0.0,0.0,-7.594418198293043,45.90611295363442,-98.96881134477101,During Launch
3635,2025-03-22 10:59:46,156.93,4729.37351092,131.369,33.549,0.0,0.0,-8.543013938238058,46.35112470306834,-99.59459429040682,During Launch
3636,2025-03-22 10:59:46,156.973,4734.074954639999,130.195,33.546,0.0,0.0,-8.941051450402561,46.798953407976676,-99.77653581934827,During Launch
3637,2025-03-22 10:59:46,157.015,4738.88466608,130.869,33.551,0.0,0.0,-6.979759334813939,47.07979603187733,-97.82854964940007,During Launch
3638,2025-03-22 10:59:46,157.057,4745.65631984,130.47,33.544,0.0,0.0,-6.043783473416692,48.814256121592834,-96.72982922775957,During Launch
3639,2025-03-22 10:59:46,157.1,4748.4089446,126.536,33.554,0.0,0.0,-4.87069370371383,51.48527775823394,-95.25361123073573,During Launch
3640,2025-03-22 10:59:46,157.142,4754.019181000001,127.401,33.551,0.0,0.0,-4.572321597568749,52.08815148608083,-94.88347372581022,During Launch
3641,2025-03-22 10:59:46,157.184,4757.923380599999,126.875,33.549,0.0,0.0,-4.418888503329982,52.83129866167407,-94.60707546066298,During Launch
3642,2025-03-22 10:59:46,157.227,4761.59464056,123.124,33.546,0.0,0.0,-5.023317642057123,53.06667579310566,-94.99827878250545,During Launch
3643,2025-03-22 10:59:46,157.269,4767.55920768,123.042,33.546,0.0,0.0,-5.18115188381596,51.07880116230282,-95.47821792078827,During Launch
3644,2025-03-22 10:59:46,157.312,4769.97062508,119.71,33.546,0.0,0.0,-5.462057604100796,49.2515286737618,-96.05467242403408,During Launch
3645,2025-03-22 10:59:46,157.362,4776.50605836,119.688,33.554,0.0,0.0,-5.611689252871535,47.79282424546372,-96.51882733764839,During Launch
3646,2025-03-22 10:59:46,157.406,4780.8728564,118.426,33.556,0.0,0.0,-5.3995216732951175,45.63248093179042,-96.70891484916211,During Launch
3647,2025-03-22 10:59:46,157.449,4783.74687224,114.799,33.554,0.0,0.0,-5.239622866046922,44.238622370154076,-96.83612412634905,During Launch
3648,2025-03-22 10:59:46,157.491,4790.63007456,118.031,33.549,0.0,0.0,-4.784342916275645,40.74939968605682,-97.13538518014157,During Launch
3649,2025-03-22 10:59:46,157.533,4793.389261,113.765,33.554,0.0,0.0,-4.579113983413081,39.31801914366677,-97.24928154910984,During Launch
3650,2025-03-22 10:59:46,157.576,4796.827581320001,112.484,33.549,0.0,0.0,-4.213805737251986,36.65864882187982,-97.35536912871119,During Launch
3651,2025-03-22 10:59:46,157.618,4799.92797512,110.785,33.551,0.0,0.0,-3.991365033563896,34.72808799186786,-97.57211381701492,During Launch
3652,2025-03-22 10:59:46,157.66,4804.06183352,111.119,33.551,0.0,0.0,-3.252998462490591,30.446743970270834,-97.5814245924199,During Launch
3653,2025-03-22 10:59:46,157.703,4808.19569192,107.385,33.551,0.0,0.0,-1.3783436879018314,28.266361914998246,-94.06864174310776,During Launch
3654,2025-03-22 10:59:46,157.745,4813.14319864,106.764,33.554,0.0,0.0,0.98125615405791,24.888114780963484,-89.40816380897012,During Launch
3655,2025-03-22 10:59:46,157.788,4818.3072408,107.955,33.536,0.0,0.0,1.7273322920974894,23.81067582867455,-87.95627093766298,During Launch
3656,2025-03-22 10:59:46,157.83,4821.18125664,103.901,33.549,0.0,0.0,2.569000668080509,21.94203244559031,-86.16179541308561,During Launch
3657,2025-03-22 10:59:47,157.873,4824.51459008,104.018,33.546,0.0,0.0,2.7166068450862286,21.359479593289727,-85.7794869903119,During Launch
3658,2025-03-22 10:59:47,157.915,4828.53689992,102.209,33.549,0.0,0.0,2.3608651091366157,20.605476102294038,-86.8409159852108,During Launch
3659,2025-03-22 10:59:47,157.957,4831.75540396,99.75,33.549,0.0,0.0,1.7795242266213578,20.346218372284895,-88.45465027408042,During Launch
3660,2025-03-22 10:59:47,158.0,4835.88926236,99.547,33.529,0.0,0.0,0.808319218615224,19.600225506170567,-91.1456048185274,During Launch
3661,2025-03-22 10:59:47,158.042,4838.53690024,97.719,33.551,0.0,0.0,0.25706607869103104,18.827601869390552,-92.91339187185451,During Launch
3662,2025-03-22 10:59:47,158.085,4842.67732032,97.002,33.549,0.0,0.0,-2.25960132964221,17.79283093789788,-100.65045207002417,During Launch
3663,2025-03-22 10:59:47,158.127,4845.210128799999,93.041,33.546,0.0,0.0,-3.635910406689205,17.222959241223375,-105.13646110993335,During Launch
3664,2025-03-22 10:59:47,158.177,4849.1143284,93.505,33.551,0.0,0.0,-5.262306538761896,15.715138310174105,-111.65028512143127,During Launch
3665,2025-03-22 10:59:47,158.221,4851.18781928,90.054,33.546,0.0,0.0,-5.964642867143812,14.712325677162593,-115.1492450915199,During Launch
3666,2025-03-22 10:59:47,158.263,4855.09529972,90.057,33.551,0.0,0.0,-6.195756133635541,14.954775444212599,-115.34426914396067,During Launch
3667,2025-03-22 10:59:47,158.306,4858.779683039999,90.07,33.521,0.0,0.0,-6.483124026183015,15.19540412180094,-115.7738434734835,During Launch
3668,2025-03-22 10:59:47,158.349,4860.6169534400005,86.165,33.551,0.0,0.0,-6.508250345134691,15.423693964529111,-115.5207927177808,During Launch
3669,2025-03-22 10:59:47,158.391,4864.87548376,87.956,33.544,0.0,0.0,-6.804643709465807,15.99422205873368,-115.51301751982678,During Launch
3670,2025-03-22 10:59:47,158.433,4867.17863344,84.662,33.549,0.0,0.0,-7.125797283192175,16.607701453118086,-115.55799051000493,During Launch
3671,2025-03-22 10:59:47,158.476,4870.28230808,83.56,33.551,0.0,0.0,-7.912235557688301,17.779774151544235,-116.02071889775603,During Launch
3672,2025-03-22 10:59:47,158.518,4871.89648136,82.46,33.546,0.0,0.0,-8.501420264818936,18.915887798121133,-116.01636275502804,During Launch
3673,2025-03-22 10:59:47,158.56,4874.88860744,78.82,33.551,0.0,0.0,-9.637660081517923,20.95310884681862,-116.16496491259899,During Launch
3674,2025-03-22 10:59:47,158.603,4878.11039232,79.179,33.551,0.0,0.0,-10.4539070237794,21.857445179734647,-116.72744391289585,During Launch
3675,2025-03-22 10:59:47,158.645,4880.06577296,77.865,33.539,0.0,0.0,-11.544313102570706,22.253231429391825,-118.46029594356006,During Launch
3676,2025-03-22 10:59:47,158.688,4883.06446072,77.698,33.551,0.0,0.0,-11.874630581649058,21.91276772922608,-119.58602261732379,During Launch
3677,2025-03-22 10:59:47,158.731,4885.24950016,75.805,33.546,-117.79726666666667,35.097970333333336,-12.24928422258463,20.232885198949795,-122.71201081200644,During Launch
3678,2025-03-22 10:59:47,158.773,4889.05199372,75.567,33.544,-117.79726666666667,35.097970333333336,-12.334982935947528,19.56021687588007,-123.84633225583424,During Launch
3679,2025-03-22 10:59:47,158.815,4889.2783716799995,71.154,33.536,-117.79726666666667,35.097970333333336,-12.47189868328933,18.406145885486485,-125.9082286626993,During Launch
3680,2025-03-22 10:59:48,158.858,4892.73637704,69.56,33.544,-117.79726666666667,35.097970333333336,-12.516235891474068,17.943327951618596,-126.72399378736887,During Launch
3681,2025-03-22 10:59:48,158.9,4895.26590468,69.238,33.549,-117.79726666666667,35.097970333333336,-12.507871264563432,17.85622613249599,-126.77192307458735,During Launch
3682,2025-03-22 10:59:48,158.942,4896.53230892,67.369,33.551,-117.79726666666667,35.097970333333336,-12.495149127624394,17.908022671084634,-126.67681580529317,During Launch
3683,2025-03-22 10:59:48,158.993,4898.26459244,64.682,33.544,-117.79726666666667,35.097970333333336,-12.467789711757614,18.517545841832227,-125.56998739983281,During Launch
3684,2025-03-22 10:59:48,159.037,4902.06052432,65.097,33.551,-117.79726666666667,35.097970333333336,-11.718464539476868,19.091603192300457,-123.07500138972838,During Launch
3685,2025-03-22 10:59:48,159.079,4904.714723880001,63.786,33.544,-117.79726666666667,35.097970333333336,-11.20252345132434,19.242116851971698,-121.67191775476672,During Launch
3686,2025-03-22 10:59:48,159.121,4904.48178424,61.117,33.549,-117.79726666666667,35.097970333333336,-10.414045138837894,19.811984797267588,-119.22256741666588,During Launch
3687,2025-03-22 10:59:48,159.164,4906.55855596,59.204,33.544,-117.79726666666667,35.097970333333336,-10.117290719935093,20.055967798369025,-118.290062339747,During Launch
3688,2025-03-22 10:59:48,159.206,4908.40566888,58.569,33.554,-117.79726666666667,35.097970333333336,-9.969289452274712,20.655219792665658,-117.16900093800069,During Launch
3689,2025-03-22 10:59:48,159.248,4910.351207,57.177,33.541,-117.79726666666667,35.097970333333336,-10.031829810786839,21.240911525261325,-116.54950216175038,During Launch
3690,2025-03-22 10:59:48,159.291,4911.85383172,56.697,33.539,-117.79726666666667,35.097970333333336,-9.925722361982256,22.904834332870138,-114.57886094399586,During Launch
3691,2025-03-22 10:59:48,159.333,4913.2383462,54.339,33.549,-117.79726666666667,35.097970333333336,-9.854982126544662,23.760135314600006,-113.58832988256569,During Launch
3692,2025-03-22 10:59:48,159.376,4915.65960612,53.159,33.546,-117.79726666666667,35.097970333333336,-9.734295424219903,24.737958638506246,-112.3395946643333,During Launch
3693,2025-03-22 10:59:48,159.418,4917.62154844,53.325,33.554,-117.79726666666667,35.097970333333336,-9.81493042954423,25.039581534233843,-112.18518461936927,During Launch
3694,2025-03-22 10:59:48,159.46,4918.18913376,49.872,33.551,-117.79726666666667,35.097970333333336,-10.278051781947116,25.07616444261728,-112.98047002302124,During Launch
3695,2025-03-22 10:59:48,159.503,4919.2258792,48.642,33.539,-117.79726666666667,35.097970333333336,-10.538040064333972,24.36368560876602,-114.23014663561423,During Launch
3696,2025-03-22 10:59:48,159.546,4920.61367452,47.039,33.549,-117.79726666666667,35.097970333333336,-11.458496000661281,23.108332211109627,-117.34094675757169,During Launch
3697,2025-03-22 10:59:48,159.588,4923.03493444,47.793,33.546,-117.79726666666667,35.097970333333336,-11.93114391477379,22.566345342882244,-118.82719815904136,During Launch
3698,2025-03-22 10:59:48,159.63,4923.6123622800005,45.536,33.544,-117.79726666666667,35.097970333333336,-12.453666173373387,21.500427859075838,-121.14392679830569,During Launch
3699,2025-03-22 10:59:48,159.673,4923.83874024,42.737,33.549,0.0,0.0,-12.690555266595155,21.13612209971628,-122.08067469057721,During Launch
3700,2025-03-22 10:59:48,159.715,4927.30002644,44.144,33.546,0.0,0.0,-13.164363640794281,20.65675589795077,-123.55960920162978,During Launch
3701,2025-03-22 10:59:48,159.758,4927.5264044000005,41.553,33.549,0.0,0.0,-13.289620096589024,20.52662123117799,-123.98344683794313,During Launch
3702,2025-03-22 10:59:48,159.8,4929.02902912,40.954,33.546,0.0,0.0,-13.346490551387351,20.265064817555086,-124.478652789956,During Launch
3703,2025-03-22 10:59:49,159.842,4931.09923916,39.333,33.551,0.0,0.0,-13.317003789750268,19.970439160542973,-124.79081000450718,During Launch
3704,2025-03-22 10:59:49,159.885,4932.71669328,40.597,33.546,0.0,0.0,-13.252162719016763,19.392442700737835,-125.48645325891809,During Launch
3705,2025-03-22 10:59:49,159.927,4932.0211552,36.749,33.551,0.0,0.0,-13.164204115325687,19.150689793607764,-125.69329064874242,During Launch
3706,2025-03-22 10:59:49,159.969,4932.0211552,34.383,33.551,0.0,0.0,-13.905383965618261,18.64825251904354,-127.95021848918323,During Launch
3707,2025-03-22 10:59:49,160.012,4933.7567195599995,34.789,33.544,0.0,0.0,-14.444565139328775,18.35451229918796,-129.40241296017876,During Launch
3708,2025-03-22 10:59:49,160.054,4934.78690332,34.423,33.541,0.0,0.0,-15.353675303397189,17.892526062281792,-131.9007855713581,During Launch
3709,2025-03-22 10:59:49,160.097,4934.21603716,30.335,33.544,0.0,0.0,-15.64992746996979,17.847715416808782,-132.55990207351408,During Launch
3710,2025-03-22 10:59:49,160.139,4935.94503984,29.463,33.546,0.0,0.0,-16.183125372421763,18.33824804135594,-132.70449424733906,During Launch
3711,2025-03-22 10:59:49,160.181,4936.6307354,30.329,33.541,0.0,0.0,-16.496560960564373,18.568610325634065,-132.84078505587874,During Launch
3712,2025-03-22 10:59:49,160.224,4938.71078796,30.332,33.546,0.0,0.0,-16.342676579393743,19.378119597324737,-131.25995055457278,During Launch
3713,2025-03-22 10:59:49,160.266,4936.63401624,26.631,33.551,0.0,0.0,-16.226398928778234,19.699654494692172,-130.550817037365,During Launch
3714,2025-03-22 10:59:49,160.315,4937.6707616799995,25.604,33.539,0.0,0.0,-16.689065452388427,20.356592730865195,-130.3265697467985,During Launch
3715,2025-03-22 10:59:49,160.359,4937.55593228,24.066,33.551,0.0,0.0,-17.60276125358607,20.631775355214714,-131.356900119342,During Launch
3716,2025-03-22 10:59:49,160.403,4939.980473039999,24.993,33.549,0.0,0.0,-18.15161841469904,21.047369178065544,-131.62231639075827,During Launch
3717,2025-03-22 10:59:49,160.446,4939.29149664,22.086,33.544,0.0,0.0,-19.14392784460848,22.05988942614799,-131.6671821768993,During Launch
3718,2025-03-22 10:59:49,160.488,4938.71078796,19.71,33.546,0.0,0.0,-19.35431478751082,22.30961720696038,-131.56937461063623,During Launch
3719,2025-03-22 10:59:49,160.53,4939.635984840001,20.044,33.546,0.0,0.0,-19.762423393397775,22.861187575503173,-131.35339706335125,During Launch
3720,2025-03-22 10:59:49,160.573,4940.09530244,19.504,33.546,0.0,0.0,-19.95501977986221,23.247490823933177,-131.1003856050399,During Launch
3721,2025-03-22 10:59:49,160.615,4940.09530244,18.224,33.546,0.0,0.0,-20.217284821137444,23.78181884190005,-130.71859255561958,During Launch
3722,2025-03-22 10:59:49,160.658,4940.55462004,16.374,33.536,0.0,0.0,-20.43961321706851,24.103767951343386,-130.57637931942548,During Launch
3723,2025-03-22 10:59:49,160.7,4937.78887192,13.249,33.546,-117.7971625,35.0979235,-20.473151196589612,23.984676455217215,-130.7365755405324,During Launch
3724,2025-03-22 10:59:49,160.742,4939.1733864,14.345,33.546,-117.7971625,35.0979235,-20.54215033167502,23.751078741933966,-131.17734987252504,During Launch
3725,2025-03-22 10:59:49,160.785,4939.635984840001,11.529,33.546,-117.7971625,35.0979235,-21.33988021587885,23.63832896592358,-132.49915587974183,During Launch
3726,2025-03-22 10:59:49,160.827,4939.29149664,11.006,33.544,-117.7971625,35.0979235,-21.638992385842045,23.57750987692945,-132.9832404598645,During Launch
3727,2025-03-22 10:59:50,160.87,4939.28165412,9.582,33.524,-117.7971625,35.0979235,-22.711079645864917,23.52303107507839,-134.60963705881525,During Launch
3728,2025-03-22 10:59:50,160.912,4937.910263,6.365,33.549,-117.7971625,35.0979235,-22.971734644896106,23.541962584709776,-135.02659846872584,During Launch
3729,2025-03-22 10:59:50,160.954,4938.01524988,4.957,33.541,-117.7971625,35.0979235,-23.40207948032481,24.157259723743476,-134.87570571585155,During Launch
3730,2025-03-22 10:59:50,160.997,4937.329554319999,4.961,33.546,-117.7971625,35.0979235,-23.43500167718717,25.082986989560276,-133.7764736076317,During Launch
3731,2025-03-22 10:59:50,161.039,4937.090053,4.737,33.541,-117.7971625,35.0979235,-23.38135539630287,26.81249503453076,-131.6015720489203,During Launch
3732,2025-03-22 10:59:50,161.081,4936.407638279999,2.48,33.546,-117.7971625,35.0979235,-23.370489789799063,27.4517991428116,-130.86235326634596,During Launch
3733,2025-03-22 10:59:50,161.124,4937.906982160001,2.916,33.544,-117.7971625,35.0979235,-23.836772439265882,28.54396111731902,-130.29619753133153,During Launch
3734,2025-03-22 10:59:50,161.166,4936.75212648,2.372,33.529,-117.7971625,35.0979235,-24.58557643593993,29.526046542486437,-130.13913764700013,During Launch
3735,2025-03-22 10:59:50,161.216,4934.78690332,-1.075,33.541,-117.7971625,35.0979235,-24.97759340452597,29.86826507128436,-130.220657218006,During Launch
3736,2025-03-22 10:59:50,161.26,4933.17929172,-3.199,33.546,-117.7971625,35.0979235,-25.71874837862093,30.686598475765276,-130.16731288126468,During Launch
3737,2025-03-22 10:59:50,161.302,4933.0611814799995,-5.241,33.549,-117.7971625,35.0979235,-25.951145479445714,31.085295036249057,-129.98271628355866,During Launch
3738,2025-03-22 10:59:50,161.344,4930.6399215599995,-5.56,33.551,-117.7971625,35.0979235,-26.385431556692254,32.129585809947706,-129.30308034952398,During Launch
3739,2025-03-22 10:59:50,161.387,4929.60645696,-7.523,33.544,-117.7971625,35.0979235,-26.111000585499855,32.51641775188924,-128.49022346887836,During Launch
3740,2025-03-22 10:59:50,161.429,4929.02902912,-7.969,33.546,-117.7971625,35.0979235,-25.196469259766456,34.32607952334626,-125.37735132450848,During Launch
3741,2025-03-22 10:59:50,161.473,4927.64451464,-11.529,33.546,-117.7971625,35.0979235,-24.64563017099601,36.07179218732872,-122.9883104137716,During Launch
3742,2025-03-22 10:59:50,161.515,4926.722598599999,-11.758,33.541,-117.7971625,35.0979235,-24.103151808249667,38.96110701303424,-119.4952244970349,During Launch
3743,2025-03-22 10:59:50,161.558,4926.3781104,-11.526,33.544,-117.7971625,35.0979235,-24.090630390128474,40.279121186182365,-118.20554336274586,During Launch
3744,2025-03-22 10:59:50,161.603,4923.37942264,-15.151,33.549,-117.7971625,35.0979235,-23.775857427342316,42.29044344502218,-115.91488508401854,During Launch
3745,2025-03-22 10:59:50,161.645,4923.2613124,-15.703,33.551,-117.7971625,35.0979235,-23.657795213618016,43.35560341178515,-114.83535796199264,During Launch
3746,2025-03-22 10:59:50,161.688,4921.18454068,-17.624,33.536,-117.7971065,35.097891,-23.247681060215115,46.15393613708637,-112.1579171132625,During Launch
3747,2025-03-22 10:59:50,161.731,4917.5034382,-21.483,33.546,-117.7971065,35.097891,-23.02302482690676,47.336357218084224,-111.01340824199835,During Launch
3748,2025-03-22 10:59:50,161.773,4918.08086604,-18.367,33.544,-117.7971065,35.097891,-23.107231308106343,50.00621982998752,-109.09648931594506,During Launch
3749,2025-03-22 10:59:50,161.816,4916.11892372,-21.466,33.546,-117.7971065,35.097891,-22.97758164446486,51.47337515275918,-107.96717555311454,During Launch
3750,2025-03-22 10:59:51,161.859,4914.73769008,-23.183,33.546,-117.7971065,35.097891,-21.92926394468995,54.384507645177706,-105.31138397015889,During Launch
3751,2025-03-22 10:59:51,161.902,4912.08677136,-25.307,33.544,-117.7971065,35.097891,-20.969062785610515,55.502792493224334,-103.88264606477868,During Launch
3752,2025-03-22 10:59:51,161.944,4909.8918894,-27.365,33.541,-117.7971065,35.097891,-18.79639705858939,57.09724052981469,-101.4987127672132,During Launch
3753,2025-03-22 10:59:51,161.987,4909.78362168,-26.164,33.544,-117.7971065,35.097891,-17.387518681782616,58.2266669164582,-100.22342720796459,During Launch
3754,2025-03-22 10:59:51,162.037,4906.32561632,-29.261,33.549,-117.7971065,35.097891,-17.06195921013531,61.37978646325897,-98.65445706482348,During Launch
3755,2025-03-22 10:59:51,162.08,4903.21538,-31.5,33.546,-117.7971065,35.097891,-16.62490771096232,63.439881107239486,-97.43933823613175,During Launch
3756,2025-03-22 10:59:51,162.126,4902.7560624,-31.586,33.546,-117.7971065,35.097891,-13.813416643282409,63.495058310373096,-95.8031842617123,During Launch
3757,2025-03-22 10:59:51,162.171,4633.01524012,-278.342,33.544,-117.7971065,35.097891,-9.925248307215858,63.126529464159276,-94.80471544601485,During Launch
3758,2025-03-22 10:59:51,162.213,4784.31117672,-141.043,33.541,-117.7971065,35.097891,-12.939309732232438,62.26196554390911,-97.80862162371542,During Launch
3759,2025-03-22 10:59:51,162.255,4899.41288644,-34.288,33.549,-117.7971065,35.097891,-16.63989275818965,56.225049234988084,-103.31861580523903,During Launch
3760,2025-03-22 10:59:51,162.298,4902.06052432,-30.246,33.521,-117.7971065,35.097891,-33.46404659994326,16.110361270474705,-40.3200300580614,During Launch
3761,2025-03-22 10:59:51,162.34,4898.8354586,-31.8,33.551,-117.7971065,35.097891,-51.835446407618164,-32.29855703114524,37.370899988265336,During Launch
3762,2025-03-22 10:59:51,162.383,4895.843332519999,-34.429,33.546,-117.7971065,35.097891,-56.82826811088727,-46.53831338094227,60.78796623239404,During Launch
3763,2025-03-22 10:59:51,162.425,4894.462098880001,-33.467,33.549,-117.7971065,35.097891,-58.12283563904455,-54.74681761749154,96.84571609084168,During Launch
3764,2025-03-22 10:59:51,162.468,4891.81774184,-34.957,33.554,-117.7971065,35.097891,-45.28148229297891,-27.814494884091207,40.044794122254885,During Launch
3765,2025-03-22 10:59:51,162.51,4889.39648192,-36.663,33.546,-117.7971065,35.097891,6.595031730781692,23.64439113669466,-12.657957147746265,During Launch
3766,2025-03-22 10:59:51,162.552,4889.39976276,-35.445,33.556,-117.7971065,35.097891,25.519671198041756,40.658344600154805,-28.20243982471862,During Launch
3767,2025-03-22 10:59:51,162.595,4888.819054080001,-35.096,33.549,-117.7971065,35.097891,49.19589634815008,61.78116303716086,-47.21801605287827,During Launch
3768,2025-03-22 10:59:51,162.637,4885.83020884,-37.579,33.554,-117.7971065,35.097891,56.83052826536108,68.84123826684008,-53.377301934905844,During Launch
3769,2025-03-22 10:59:51,162.679,4885.1346707600005,-35.543,33.549,-117.7971065,35.097891,67.87894241982109,77.93390750595401,-58.772327350021506,During Launch
3770,2025-03-22 10:59:51,162.722,4876.62089096,-43.306,33.546,-117.7971065,35.097891,72.74589596445094,79.22778858555436,-59.03724136465658,During Launch
3771,2025-03-22 10:59:51,162.765,4864.87548376,-52.283,33.549,-117.7971065,35.097891,82.46472082581435,83.67239958082685,-53.819580818984825,During Launch
3772,2025-03-22 10:59:51,162.807,4866.6012056,-47.307,33.551,-117.7971065,35.097891,88.27116720523395,87.82619215816842,-52.51442339458665,During Launch
3773,2025-03-22 10:59:52,162.85,4861.88991936,-52.174,33.551,-117.7971065,35.097891,95.01046892230814,91.47591999398338,-60.95310732292364,During Launch
3774,2025-03-22 10:59:52,162.892,4873.6222032,-39.495,33.549,-117.7971065,35.097891,97.01837865329274,92.55608968709386,-64.04515725163432,During Launch
3775,2025-03-22 10:59:52,162.934,4855.67272756,-54.944,33.549,-117.7971065,35.097891,97.80475713742362,94.63772340155452,-69.39769068583689,During Launch
3776,2025-03-22 10:59:52,162.977,4842.91025996,-64.35,33.546,-117.7971065,35.097891,99.84577405037209,94.75015137653887,-71.57588011522144,During Launch
3777,2025-03-22 10:59:52,163.019,4841.873514520001,-63.273,33.549,-117.7971065,35.097891,101.74067308812033,88.32627073968582,-80.20497301095273,During Launch
3778,2025-03-22 10:59:52,163.062,4842.91025996,-62.208,33.541,-117.7971065,35.097891,116.54761657607649,87.29492966663322,-85.76735884322981,During Launch
3779,2025-03-22 10:59:52,163.113,4845.787556640001,-56.262,33.554,-117.7971065,35.097891,120.99109848816074,87.32662575900653,-87.33590433175128,During Launch
3780,2025-03-22 10:59:52,163.156,4847.7363755999995,-51.56,33.549,-117.7971065,35.097891,126.72237721952598,88.83535307787683,-87.90050900875019,During Launch
3781,2025-03-22 10:59:52,163.198,4851.30592952,-47.995,33.544,-117.7971065,35.097891,125.49661401157964,88.60989369629448,-88.47958397298977,During Launch
3782,2025-03-22 10:59:52,163.241,4848.655010799999,201.532,33.551,-117.7971065,35.097891,61.42365034892744,85.57426816486588,-92.75883991097476,During Launch
3783,2025-03-22 10:59:52,163.284,4851.41419724,62.655,33.541,-117.7971065,35.097891,30.75617040913403,84.06269162378888,-95.2763980602574,During Launch
3784,2025-03-22 10:59:52,163.326,4846.01065376,-49.862,33.549,-117.7971065,35.097891,-5.034561286001011,78.11441615985524,-101.91445711544259,During Launch
3785,2025-03-22 10:59:52,163.368,4843.251467319999,-54.962,33.549,-117.7971065,35.097891,-12.776424729579903,69.71606649603245,-107.51917059640681,During Launch
3786,2025-03-22 10:59:52,163.411,4843.02508936,-52.111,33.544,-117.7971065,35.097891,-22.160803054693396,57.564801552607335,-117.10575756616348,During Launch
3787,2025-03-22 10:59:52,163.453,4836.92928864,-55.06,33.549,-117.7971065,35.097891,-23.813701698166447,50.35770459476304,-122.88222534730988,During Launch
3788,2025-03-22 10:59:52,163.496,4831.0697084,-59.19,33.544,-117.7971065,35.097891,-25.78079709530469,40.55890821397257,-131.77545361828572,During Launch
3789,2025-03-22 10:59:52,163.54,4827.95947208,-59.569,33.541,-117.7971065,35.097891,-25.894667627423345,37.60190459058125,-134.5171431007342,During Launch
3790,2025-03-22 10:59:52,163.583,4822.90369764,-61.969,33.551,-117.7971065,35.097891,-25.510984826933484,34.37135676571712,-138.23227159365538,During Launch
3791,2025-03-22 10:59:52,163.625,4813.71078396,-70.54,33.541,-117.7971065,35.097891,-25.039831177903142,33.747186016015675,-139.32105400158392,During Launch
3792,2025-03-22 10:59:52,163.667,4812.7888679200005,-70.924,33.541,-117.7971065,35.097891,-21.646872836536268,34.30813167518158,-138.19874172519297,During Launch
3793,2025-03-22 10:59:52,163.71,4806.7094714,-73.738,33.551,-117.7971065,35.097891,-18.22561748224244,35.36243732894481,-134.98751652515173,During Launch
3794,2025-03-22 10:59:52,163.753,4799.00605908,-80.194,33.541,-117.7971065,35.097891,-9.268240926102354,38.43885424996833,-124.09770242812884,During Launch
3795,2025-03-22 10:59:52,163.795,4796.70947108,-74.475,33.541,-117.7971065,35.097891,-5.531929740307003,41.09500945782997,-118.62812345152167,During Launch
3796,2025-03-22 10:59:53,163.838,4798.087423880001,-62.244,33.541,-117.7971065,35.097891,-0.22029383853345097,54.120184669770886,-108.61142228529373,During Launch
3797,2025-03-22 10:59:53,163.88,4800.73506176,-61.385,33.544,-117.7971065,35.097891,-0.11152079142220295,62.98332647499716,-105.06124776173249,During Launch
3798,2025-03-22 10:59:53,163.922,4806.13204356,-52.013,33.546,-117.7971065,35.097891,-26.75575566914753,79.83029615717207,-101.1090305361527,During Launch
3799,2025-03-22 10:59:53,163.965,4810.387293039999,-58.933,33.554,-117.7971065,35.097891,-58.6395720474682,87.28307102286755,-100.03504153785117,During Launch
3800,2025-03-22 10:59:53,164.007,4812.224563440001,-40.492,33.541,-117.7971065,35.097891,-106.60722703869851,102.32186724271688,-98.83279932490902,During Launch
3801,2025-03-22 10:59:53,164.049,4811.41091512,-29.384,33.541,-117.7971065,35.097891,-121.16999155707703,109.22472539165152,-99.01458646199849,During Launch
3802,2025-03-22 10:59:53,164.1,4804.517870279999,-34.557,33.541,-117.7971065,35.097891,-140.9121411995653,121.23747027621482,-98.91155058960517,During Launch
3803,2025-03-22 10:59:53,164.144,4795.22325056,-44.073,33.544,-117.7971065,35.097891,-151.37933636836783,132.52305220613474,-100.29782899141448,During Launch
3804,2025-03-22 10:59:53,164.186,4801.65369696,-41.131,33.534,-117.7971065,35.097891,-152.64080070533214,137.57910916924791,-103.9286008621714,During Launch
3805,2025-03-22 10:59:53,164.228,4797.63466796,-46.737,33.531,-117.7971065,35.097891,-149.18058089122775,145.4698146071465,-115.98609814062422,During Launch
3806,2025-03-22 10:59:53,164.271,4794.76393296,-52.695,33.534,-117.7971065,35.097891,-147.90037823107596,149.0065074272041,-121.30640253424059,During Launch
3807,2025-03-22 10:59:53,164.313,4790.85317168,-53.92,33.531,-117.7971065,35.097891,-141.27617883933792,154.34460887144851,-133.99611661525975,During Launch
3808,2025-03-22 10:59:53,164.355,4776.853827399999,-69.618,33.524,-117.7971065,35.097891,-138.22143512307358,156.0664661510196,-138.67443118751774,During Launch
3809,2025-03-22 10:59:53,164.398,4770.6530398,-70.296,33.519,-117.7971065,35.097891,-135.14903670491063,158.22209364265728,-143.5717071628925,During Launch
3810,2025-03-22 10:59:53,164.44,4771.56839416,-66.869,33.509,-117.7971065,35.097891,-134.6467426340602,158.7860633347014,-144.60695750421615,During Launch
3811,2025-03-22 10:59:53,164.483,4768.47456204,-69.543,33.506,-117.7971065,35.097891,-136.89268914629332,160.48873875925838,-144.98533562170792,During Launch
3812,2025-03-22 10:59:53,164.525,4760.1051392,-71.664,33.499,-117.7971065,35.097891,-140.1616589377171,160.7240698182873,-143.10354059937202,During Launch
3813,2025-03-22 10:59:53,164.567,4755.62351176,-70.445,33.496,-117.7971065,35.097891,-147.72181060296396,157.77432401903465,-134.8377052030103,During Launch
3814,2025-03-22 10:59:53,164.61,4761.47981116,-62.131,33.499,-117.7971065,35.097891,-152.31742598564946,155.30213663608626,-128.7393488744684,During Launch
3815,2025-03-22 10:59:53,164.652,4757.8085512,-60.893,33.469,-117.7971065,35.097891,-164.82187331529792,148.88466048473347,-109.931716499595,During Launch
3816,2025-03-22 10:59:53,164.695,4754.2488398000005,-55.572,33.496,-117.7971065,35.097891,-169.84680208560798,146.0014826265678,-101.81964204243057,During Launch
3817,2025-03-22 10:59:53,164.737,4747.6018579599995,-60.922,33.491,-117.796822,35.097986166666665,-1.4518552198471042,140.42166619856252,-82.77947143371854,During Launch
3818,2025-03-22 10:59:53,164.779,4743.8157685999995,-58.834,33.494,-117.796822,35.097986166666665,42.66213153891606,138.19342894799632,-70.47855724305045,During Launch
3819,2025-03-22 10:59:53,164.822,4742.90041424,-52.484,33.504,-117.796822,35.097986166666665,93.12976964805894,132.60857527375674,-53.15755861287213,During Launch
3820,2025-03-22 10:59:54,164.864,4738.08742196,-54.838,33.489,-117.796822,35.097986166666665,106.27603445296083,129.27766799176845,-47.004614932913924,During Launch
3821,2025-03-22 10:59:54,164.906,4736.138603,-58.005,33.504,-117.796822,35.097986166666665,120.78325439774704,123.8584675096066,-37.84408426930875,During Launch
3822,2025-03-22 10:59:54,164.949,4733.6123562,-62.79,33.496,-117.796822,35.097986166666665,124.50710868612998,122.40198428155908,-33.64792056848741,During Launch
3823,2025-03-22 10:59:54,164.991,4728.80264476,-72.338,33.501,-117.796822,35.097986166666665,129.93100587763365,121.16266468923445,-28.55336675267539,During Launch
3824,2025-03-22 10:59:54,165.034,4726.3945082,-78.571,33.504,-117.796822,35.097986166666665,131.84544842005917,121.06807307027647,-27.03064998716312,During Launch
3825,2025-03-22 10:59:54,165.084,4721.35185712,-84.376,33.494,-117.796822,35.097986166666665,135.3057956262883,121.26110351189377,-26.323208103500953,During Launch
3826,2025-03-22 10:59:54,165.128,4711.3912268799995,-92.697,33.501,-117.796822,35.097986166666665,141.26741506996927,124.3615879248886,-28.002792372103112,During Launch
3827,2025-03-22 10:59:54,165.17,4706.00736844,-92.066,33.479,-117.796822,35.097986166666665,145.1277259963484,125.48191324625196,-30.57201154221859,During Launch
3828,2025-03-22 10:59:54,165.213,4694.90172504,-93.846,33.499,-117.796822,35.097986166666665,155.18122287004016,128.48816621804562,-37.927782193472716,During Launch
3829,2025-03-22 10:59:54,165.255,4682.53951992,-111.426,33.491,-117.796822,35.097986166666665,160.16852116192052,130.18811819981113,-41.829728622110714,During Launch
3830,2025-03-22 10:59:54,165.297,4677.04411292,-112.807,33.511,-117.796822,35.097986166666665,172.08959562393602,131.10897183323266,-53.960418288397165,During Launch
3831,2025-03-22 10:59:54,165.34,4673.38269548,-113.547,33.501,-117.796822,35.097986166666665,178.75334599875904,131.1305960551221,-60.34007206749632,During Launch
3832,2025-03-22 10:59:54,165.384,4678.641882,-104.772,33.496,-117.796822,35.097986166666665,9.580041117164996,126.30202705224119,-72.6060249413186,During Launch
3833,2025-03-22 10:59:54,165.426,4680.13138336,-90.31,33.504,-117.796822,35.097986166666665,-40.72972737303524,123.86119164966061,-76.94453711468145,During Launch
3834,2025-03-22 10:59:54,165.468,4679.45224948,-85.234,33.499,-117.796822,35.097986166666665,-102.4941761094757,121.47369058872982,-83.59690820056754,During Launch
3835,2025-03-22 10:59:54,165.511,4680.36760384,-85.155,33.499,-117.796822,35.097986166666665,-19.259508568409288,120.94286028461437,-85.30880976216194,During Launch
3836,2025-03-22 10:59:54,165.553,4683.79608164,-79.139,33.504,-117.796822,35.097986166666665,80.7936698940733,121.14726127974566,-87.55517330169818,During Launch
3837,2025-03-22 10:59:54,165.595,4681.16484796,-73.776,33.501,-117.796822,35.097986166666665,110.96443168033804,121.53951345314077,-88.47632256874978,During Launch
3838,2025-03-22 10:59:54,165.638,4679.216028999999,-71.342,33.501,-117.796822,35.097986166666665,147.6375499218588,122.50143081784368,-89.69098650637733,During Launch
3839,2025-03-22 10:59:54,165.68,4677.50343052,-78.483,33.501,-117.796822,35.097986166666665,159.1489863158529,123.97471032544314,-90.34495164038749,During Launch
3840,2025-03-22 10:59:54,165.723,4671.21406024,-80.854,33.499,-117.79669316666667,35.098142,71.48751697226648,127.48922153338664,-93.03006970684042,During Launch
3841,2025-03-22 10:59:54,165.765,4666.63728844,-81.88,33.499,-117.79669316666667,35.098142,7.479655151923453,128.38791684511392,-98.1223840454088,During Launch
3842,2025-03-22 10:59:54,165.807,4672.47062196,-70.216,33.491,-117.79669316666667,35.098142,-62.20241478185521,129.60672639065277,-112.33666519028819,During Launch
3843,2025-03-22 10:59:55,165.85,4664.806579720001,-73.771,33.489,-117.79669316666667,35.098142,-78.83571076690673,128.95663463077386,-119.08317019056811,During Launch
3844,2025-03-22 10:59:55,165.892,4665.8302017999995,-72.028,33.487,-117.79669316666667,35.098142,-90.68312625806928,123.70854240142226,-131.22067452761414,During Launch
3845,2025-03-22 10:59:55,165.934,4659.3177344000005,-73.617,33.474,-117.79669316666667,35.098142,-90.72138117055108,120.21860252938384,-137.15755416385613,During Launch
3846,2025-03-22 10:59:55,165.977,4656.45684192,-74.399,33.471,-117.79669316666667,35.098142,-85.61677916638585,109.5658378013222,-146.32426704423182,During Launch
3847,2025-03-22 10:59:55,166.019,4648.68125112,-79.375,33.471,-117.79669316666667,35.098142,-80.38773519932259,100.99940518460461,-149.75101838774142,During Launch
3848,2025-03-22 10:59:55,166.062,4644.2258704,-78.97,33.469,-117.79669316666667,35.098142,-67.75074006708776,82.96048553451404,-154.72789787721976,During Launch
3849,2025-03-22 10:59:55,166.104,4639.996867639999,-80.745,33.462,-117.79669316666667,35.098142,-59.968721430610344,72.5765304754731,-156.50857626559022,During Launch
3850,2025-03-22 10:59:55,166.146,4636.7947678,-79.621,33.462,-117.79669316666667,35.098142,-43.7539003101193,56.155940798925684,-156.6357880447127,During Launch
3851,2025-03-22 10:59:55,166.189,4630.05592244,-76.659,33.469,-117.79669316666667,35.098142,-37.47362974483737,50.7777862500649,-155.5410530143964,During Launch
3852,2025-03-22 10:59:55,166.231,4624.6884682,-76.644,33.466,-117.79669316666667,35.098142,-29.196958918509342,42.93554535806406,-153.89478927972144,During Launch
3853,2025-03-22 10:59:55,166.273,4623.5401742,-67.322,33.462,-117.79669316666667,35.098142,-25.401082244658483,40.123846590033544,-151.50644441740755,During Launch
3854,2025-03-22 10:59:55,166.316,4615.5513288,-63.137,33.466,-117.79669316666667,35.098142,-11.811930792152891,35.78642405431664,-135.7003456903226,During Launch
3855,2025-03-22 10:59:55,166.358,4614.74424216,-58.718,33.474,-117.79669316666667,35.098142,-4.334909039815358,35.69078145424163,-124.8660934695254,During Launch
3856,2025-03-22 10:59:55,166.401,4613.14975392,-56.77,33.469,-117.79669316666667,35.098142,7.553841002741377,36.90880886334259,-107.89722292268536,During Launch
3857,2025-03-22 10:59:55,166.443,4609.37678792,-65.406,33.471,-117.79669316666667,35.098142,11.688904579472217,37.63646794480971,-101.18959864145965,During Launch
3858,2025-03-22 10:59:55,166.485,4608.805921759999,-67.352,33.474,-117.79669316666667,35.098142,18.33333103890475,37.942482844769415,-90.13665850283238,During Launch
3859,2025-03-22 10:59:55,166.528,4605.9548718,-69.337,33.476,-117.79669316666667,35.098142,19.71157008284987,38.346333903931104,-86.5851590234185,During Launch
3860,2025-03-22 10:59:55,166.57,4600.35775876,-75.552,33.479,-117.79669316666667,35.098142,18.775756701574565,37.016541306832316,-82.46112321343199,During Launch
3861,2025-03-22 10:59:55,166.612,4600.01983224,-79.109,33.476,-117.79669316666667,35.098142,17.744854124202412,36.061541741352826,-81.02344059769642,During Launch
3862,2025-03-22 10:59:55,166.655,4601.61103964,-75.051,33.481,-117.79669316666667,35.098142,14.382008687815098,34.33113306341659,-80.23011712881714,During Launch
3863,2025-03-22 10:59:55,166.697,4598.19240436,-76.51,33.476,-117.79669316666667,35.098142,12.281796532772654,33.53543914941728,-80.8027207050231,During Launch
3864,2025-03-22 10:59:55,166.74,4592.93649868,-79.78,33.471,-117.79669316666667,35.098142,7.200905115038786,31.28122272904874,-84.96669502672589,During Launch
3865,2025-03-22 10:59:55,166.782,4583.3498842,-82.969,33.481,-117.79654866666667,35.098222666666665,4.805171856022423,30.68259184193784,-88.18570175720485,During Launch
3866,2025-03-22 10:59:55,166.824,4589.62613112,-72.721,33.479,-117.79654866666667,35.098222666666665,-0.253158617703247,29.28540256482636,-97.24056430131367,During Launch
3867,2025-03-22 10:59:56,166.867,4581.64056656,-85.689,33.479,-117.79654866666667,35.098222666666665,-2.745991521190404,28.437992422098283,-103.47257065012023,During Launch
3868,2025-03-22 10:59:56,166.909,4584.50145904,-75.831,33.446,-117.79654866666667,35.098222666666665,-12.323424917183539,27.06911227581756,-123.83698830116433,During Launch
3869,2025-03-22 10:59:56,166.952,4573.0874166799995,-87.493,33.476,-117.79654866666667,35.098222666666665,-15.30859119537919,25.652386921226004,-131.81670026059953,During Launch
3870,2025-03-22 10:59:56,166.994,4569.088072719999,-85.122,33.474,-117.79654866666667,35.098222666666665,-18.34460737084588,22.747276243856312,-143.17650492743772,During Launch
3871,2025-03-22 10:59:56,167.036,4552.66746852,-98.007,33.474,-117.79654866666667,35.098222666666665,-19.05300985757563,22.07176267108718,-146.67658768856796,During Launch
3872,2025-03-22 10:59:56,167.079,4550.0493582,-93.049,33.471,-117.79654866666667,35.098222666666665,-19.461387609337503,21.06578427947481,-151.63180585933404,During Launch
3873,2025-03-22 10:59:56,167.121,4545.9483082,-92.802,33.476,-117.79654866666667,35.098222666666665,-19.634185808190548,21.23541767411376,-152.995188776607,During Launch
3874,2025-03-22 10:59:56,167.164,4546.97521112,-87.756,33.469,-117.79654866666667,35.098222666666665,-17.30897025733573,21.26387309472574,-152.80306714411023,During Launch
3875,2025-03-22 10:59:56,167.206,4543.66484356,-87.858,33.471,-117.79654866666667,35.098222666666665,-14.60648591044465,21.381759867681666,-149.70276996015258,During Launch
3876,2025-03-22 10:59:56,167.258,4532.60841276,-91.158,33.474,-117.79654866666667,35.098222666666665,-6.442167673568371,22.810157869436992,-133.30585308060515,During Launch
3877,2025-03-22 10:59:56,167.302,4524.75736264,-93.306,33.466,-117.79654866666667,35.098222666666665,-0.2621948080851795,26.63819369088047,-120.47737042672583,During Launch
3878,2025-03-22 10:59:56,167.345,4515.75145684,-100.549,33.474,-117.79654866666667,35.098222666666665,1.9690689871086158,27.913469597512027,-116.71667651789846,During Launch
3879,2025-03-22 10:59:56,167.387,4509.26523616,-99.24,33.476,-117.79654866666667,35.098222666666665,4.362024744295162,33.39465072387001,-112.44561163034172,During Launch
3880,2025-03-22 10:59:56,167.43,4506.30263764,-101.158,33.471,-117.79654866666667,35.098222666666665,4.884135283016479,36.861879223101255,-111.51388320108751,During Launch
3881,2025-03-22 10:59:56,167.472,4506.07954052,-99.972,33.476,-117.79654866666667,35.098222666666665,1.8615627136435329,43.070363397363145,-112.80372104379059,During Launch
3882,2025-03-22 10:59:56,167.515,4504.48177144,-97.85,33.471,-117.79654866666667,35.098222666666665,-3.899748765105203,45.290397917837026,-116.83556420195109,During Launch
3883,2025-03-22 10:59:56,167.557,4503.22849056,-98.486,33.471,-117.79654866666667,35.098222666666665,-11.039505057903098,47.8544731855781,-121.32802502057382,During Launch
3884,2025-03-22 10:59:56,167.599,4502.43452728,-96.658,33.476,-117.79654866666667,35.098222666666665,-13.280822853473172,48.625157208598154,-122.26512307043275,During Launch
3885,2025-03-22 10:59:56,167.642,4505.39384496,-88.586,33.471,-117.79654866666667,35.098222666666665,-16.78672955072587,49.29850925622016,-123.44615716081586,During Launch
3886,2025-03-22 10:59:56,167.684,4502.7790154799995,-90.71,33.469,-117.79654866666667,35.098222666666665,-18.859060301194155,49.44448872522777,-124.12453207087671,During Launch
3887,2025-03-22 10:59:56,167.727,4498.56641692,-96.124,33.462,-117.79654866666667,35.098222666666665,-15.095227357356686,47.05386662011497,-118.72614981343936,During Launch
3888,2025-03-22 10:59:56,167.769,4489.570353640001,-101.327,33.479,-117.79642366666667,35.09837566666667,-8.992346788394645,45.86749472060493,-111.53021917202946,During Launch
3889,2025-03-22 10:59:56,167.811,4479.90171816,-105.541,33.471,-117.79642366666667,35.09837566666667,9.643550851910955,45.11977625361949,-90.51075026971053,During Launch
3890,2025-03-22 10:59:57,167.854,4466.13859436,-109.339,33.476,-117.79642366666667,35.09837566666667,15.884367598837962,45.33787095565271,-83.26888013919798,During Launch
3891,2025-03-22 10:59:57,167.896,4459.31444716,-121.559,33.474,-117.79642366666667,35.09837566666667,23.977035761732232,47.38729303122502,-74.90421353749622,During Launch
3892,2025-03-22 10:59:57,167.938,4454.31116616,-118.888,33.474,-117.79642366666667,35.09837566666667,26.616794363021103,48.84921330997574,-72.31864887391592,During Launch
3893,2025-03-22 10:59:57,167.981,4450.6727146,-124.84,33.474,-117.79642366666667,35.09837566666667,22.643732257702457,51.728799984517934,-76.11661154842268,During Launch
3894,2025-03-22 10:59:57,168.023,4451.12875136,-113.874,33.444,-117.79642366666667,35.09837566666667,12.384966753494197,55.1173509513773,-84.5955359011674,During Launch
3895,2025-03-22 10:59:57,168.073,4451.581507280001,-108.903,33.474,-117.79642366666667,35.09837566666667,3.821022751142234,56.38246978520296,-90.99315023539519,During Launch
3896,2025-03-22 10:59:57,168.116,4451.92927632,-93.276,33.476,-117.79642366666667,35.09837566666667,-13.308514258270625,59.754269494642884,-102.97692183474868,During Launch
3897,2025-03-22 10:59:57,168.158,4452.4935808,-90.413,33.474,-117.79642366666667,35.09837566666667,-20.606156970712853,60.80447661930203,-108.84753081566093,During Launch
3898,2025-03-22 10:59:57,168.2,4451.12875136,-87.877,33.474,-117.79642366666667,35.09837566666667,-30.8733359092856,62.38152006788627,-118.46195345968826,During Launch
3899,2025-03-22 10:59:57,168.243,4453.75342336,-86.396,33.466,-117.79642366666667,35.09837566666667,-33.61348685205198,62.754700615675496,-121.79211769608105,During Launch
3900,2025-03-22 10:59:57,168.285,4450.6727146,-86.184,33.474,-117.79642366666667,35.09837566666667,-35.34129160052856,60.09413033575272,-128.74735602465492,During Launch
3901,2025-03-22 10:59:57,168.328,4442.38203192,-84.324,33.471,-117.79642366666667,35.09837566666667,-34.69404096462983,58.342916811206045,-131.4358829581882,During Launch
3902,2025-03-22 10:59:57,168.37,4431.81772712,-87.022,33.469,-117.79642366666667,35.09837566666667,-33.06686783895003,54.98503022807624,-136.01829494563862,During Launch
3903,2025-03-22 10:59:57,168.412,4426.1320314,-83.992,33.474,-117.79642366666667,35.09837566666667,-30.044713307342672,53.324629280662606,-135.79799775895503,During Launch
3904,2025-03-22 10:59:57,168.455,4421.7028973999995,-81.987,33.471,-117.79642366666667,35.09837566666667,-21.953762284597172,50.042356691619645,-131.77854578469922,During Launch
3905,2025-03-22 10:59:57,168.497,4416.59134868,-84.078,33.474,-117.79642366666667,35.09837566666667,-17.28574918154795,48.481713874558665,-128.37644617485947,During Launch
3906,2025-03-22 10:59:57,168.539,4411.9423984,-88.226,33.476,-117.79642366666667,35.09837566666667,-4.833644459774788,47.57723922754748,-116.65296649604099,During Launch
3907,2025-03-22 10:59:57,168.582,4409.89515424,-88.647,33.471,-117.79642366666667,35.09837566666667,1.2152191037764029,47.27069724574907,-110.66531431152191,During Launch
3908,2025-03-22 10:59:57,168.624,4407.506702719999,-89.711,33.471,-117.79642366666667,35.09837566666667,8.483407278568226,47.671705096635165,-102.63929658986613,During Launch
3909,2025-03-22 10:59:57,168.666,4406.0368864,-90.345,33.476,-117.79642366666667,35.09837566666667,10.836352650395765,49.04670944652415,-99.3592557029781,During Launch
3910,2025-03-22 10:59:57,168.709,4404.90171576,-94.182,33.471,-117.79642366666667,35.09837566666667,12.268515290564032,50.401536524468455,-94.89058013328122,During Launch
3911,2025-03-22 10:59:57,168.751,4400.590692,-95.772,33.476,-117.79642366666667,35.09837566666667,12.176728334871548,50.71957926681954,-93.28043485679068,During Launch
3912,2025-03-22 10:59:57,168.794,4393.55000936,-98.422,33.471,-117.79642366666667,35.09837566666667,11.904109670058885,50.248279147304366,-90.9068132622647,During Launch
3913,2025-03-22 10:59:58,168.836,4389.35053416,-93.927,33.474,-117.79642366666667,35.09837566666667,12.016499939799246,50.01432982765108,-90.1673252567636,During Launch
3914,2025-03-22 10:59:58,168.886,4385.71864428,-87.612,33.474,-117.79642366666667,35.09837566666667,12.11525076767132,49.14611392600482,-89.48937446076403,During Launch
3915,2025-03-22 10:59:58,168.93,4380.62021892,-79.478,33.476,-117.79642366666667,35.09837566666667,9.163127962385028,46.130610349511656,-92.15574873539401,During Launch
3916,2025-03-22 10:59:58,168.972,4378.5762556,-75.035,33.471,-117.79642366666667,35.09837566666667,7.935412958450447,44.603954303834705,-93.01801177970323,During Launch
3917,2025-03-22 10:59:58,169.015,4372.3426596,-76.108,33.469,-117.79642366666667,35.09837566666667,6.138029063935682,42.080438816123895,-95.01569808731718,During Launch
3918,2025-03-22 10:59:58,169.057,4367.01457544,-77.749,33.466,-117.79642366666667,35.09837566666667,4.9956375915918585,42.194801497037666,-95.71761164128466,During Launch
3919,2025-03-22 10:59:58,169.099,4362.12940468,-82.713,33.466,-117.79642366666667,35.09837566666667,4.023931646118475,40.63296356434927,-95.45842667506305,During Launch
3920,2025-03-22 10:59:58,169.142,4358.1661499599995,-87.386,33.471,-117.79642366666667,35.09837566666667,3.450391495080849,40.49630828018861,-95.28238435635774,During Launch
3921,2025-03-22 10:59:58,169.184,4355.78754096,-90.02,33.464,-117.79642366666667,35.09837566666667,2.5914053684863583,39.854715142136975,-94.76231617069172,During Launch
3922,2025-03-22 10:59:58,169.227,4358.0546014,-88.343,33.464,-117.79642366666667,35.09837566666667,2.1602134223600533,40.70296849645747,-94.96728822813289,During Launch
3923,2025-03-22 10:59:58,169.269,4364.855782719999,-80.704,33.464,-117.79642366666667,35.09837566666667,0.9065881010624541,42.249189928724356,-95.52119031349409,During Launch
3924,2025-03-22 10:59:58,169.311,4368.14646524,-80.156,33.462,-117.79642366666667,35.09837566666667,0.0390301942448712,42.79378795613933,-96.4943997510936,During Launch
3925,2025-03-22 10:59:58,169.354,4356.35512628,-88.23,33.462,-117.79642366666667,35.09837566666667,-3.4070680975995726,42.61486415686088,-100.94563790127661,During Launch
3926,2025-03-22 10:59:58,169.396,4353.06444376,-83.631,33.464,-117.79642366666667,35.09837566666667,-4.489080961409486,42.0923939610476,-102.88973453073191,During Launch
3927,2025-03-22 10:59:58,169.439,4356.47323652,-70.481,33.459,-117.79642366666667,35.09837566666667,-7.621203618296734,38.22335523821337,-109.98450793482566,During Launch
3928,2025-03-22 10:59:58,169.481,4345.70551964,-75.235,33.466,-117.79642366666667,35.09837566666667,-8.50272758513062,37.44557215320028,-112.17575250273318,During Launch
3929,2025-03-22 10:59:58,169.531,4336.6471204,-79.048,33.456,-117.79642366666667,35.09837566666667,-9.54097302259099,35.66839403931377,-115.29536783667207,During Launch
3930,2025-03-22 10:59:58,169.575,4327.46733008,-82.675,33.459,-117.79642366666667,35.09837566666667,-10.525289794494645,32.96183033470709,-116.32305776809041,During Launch
3931,2025-03-22 10:59:58,169.617,4321.9161488,-83.512,33.462,-117.79642366666667,35.09837566666667,-10.54637887380618,32.314927969605606,-114.63539088789476,During Launch
3932,2025-03-22 10:59:58,169.66,4313.76982308,-89.17,33.452,-117.79642366666667,35.09837566666667,-8.426774878644013,30.73235812316934,-106.23825110829407,During Launch
3933,2025-03-22 10:59:58,169.703,4311.161555279999,-89.291,33.459,-117.79619316666667,35.098621666666666,-6.959488633639607,30.26538276394684,-101.21236757266327,During Launch
3934,2025-03-22 10:59:58,169.746,4308.90433736,-89.938,33.449,-117.79619316666667,35.098621666666666,-4.959301885793338,30.40903249296364,-94.3464867989899,During Launch
3935,2025-03-22 10:59:58,169.788,4306.75210632,-90.963,33.456,-117.79619316666667,35.098621666666666,-4.326263896451831,31.040576842138123,-92.2582251174564,During Launch
3936,2025-03-22 10:59:58,169.83,4302.11299856,-91.268,33.456,-117.79619316666667,35.098621666666666,-3.2299609911960814,32.06462908364984,-89.99473389324855,During Launch
3937,2025-03-22 10:59:59,169.873,4298.258011559999,-88.315,33.454,-117.79619316666667,35.098621666666666,-2.6647996557745484,34.09756037163326,-89.76455399859483,During Launch
3938,2025-03-22 10:59:59,169.915,4301.427303,-81.486,33.454,-117.79619316666667,35.098621666666666,-1.6616803729512466,37.58172938267227,-91.0089254729047,During Launch
3939,2025-03-22 10:59:59,169.957,4300.187145479999,-79.861,33.452,-117.79619316666667,35.098621666666666,-2.976626968547538,39.54896563981798,-94.34341312371977,During Launch
3940,2025-03-22 10:59:59,170.0,4298.82887772,-76.441,33.452,-117.79619316666667,35.098621666666666,-5.969136760985473,42.94444292368246,-101.87481834981857,During Launch
3941,2025-03-22 10:59:59,170.042,4291.25013732,-81.613,33.449,-117.79619316666667,35.098621666666666,-8.409603682224779,44.889810543781856,-105.89830352600652,During Launch
3942,2025-03-22 10:59:59,170.085,4300.213392199999,-67.411,33.421,-117.79619316666667,35.098621666666666,-17.26670793159169,48.002981774316325,-116.74035428683815,During Launch
3943,2025-03-22 10:59:59,170.127,4284.5801896,-77.041,33.446,-117.79619316666667,35.098621666666666,-20.13722841098316,48.80795969055666,-121.17947152789479,During Launch
3944,2025-03-22 10:59:59,170.169,4286.8439692,-70.36,33.446,-117.79619316666667,35.098621666666666,-24.548500476396626,48.88354222247323,-128.19312766645447,During Launch
3945,2025-03-22 10:59:59,170.212,4284.3538116400005,-68.983,33.442,-117.79619316666667,35.098621666666666,-26.360584572036736,47.500645973985705,-131.4960455189092,During Launch
3946,2025-03-22 10:59:59,170.254,4281.53228924,-69.397,33.444,-117.79619316666667,35.098621666666666,-31.0720294270441,42.77451755935481,-137.5292941782896,During Launch
3947,2025-03-22 10:59:59,170.296,4272.59200024,-79.946,33.442,-117.79619316666667,35.098621666666666,-33.430024489126076,39.81317152763481,-140.35940036814787,During Launch
3948,2025-03-22 10:59:59,170.339,4261.06312848,-97.002,33.446,-117.79619316666667,35.098621666666666,-31.6252703735978,35.121825370806164,-134.8843215552867,During Launch
3949,2025-03-22 10:59:59,170.381,4246.03360044,-114.124,33.439,-117.79619316666667,35.098621666666666,-27.62961615794722,33.435949061541855,-126.4752223945088,During Launch
3950,2025-03-22 10:59:59,170.423,4246.6044666,-102.667,33.442,-117.79619316666667,35.098621666666666,-21.139736276884904,31.809578971925017,-112.76639285609663,During Launch
3951,2025-03-22 10:59:59,170.466,4259.14383708,-87.776,33.439,-117.79619316666667,35.098621666666666,-18.81669723721035,31.635719175412696,-108.32848853104116,During Launch
3952,2025-03-22 10:59:59,170.508,4245.58412536,-103.732,33.439,-117.79619316666667,35.098621666666666,-14.774070547457004,32.3085954251282,-102.70267207290047,During Launch
3953,2025-03-22 10:59:59,170.55,4243.89121192,-95.243,33.437,-117.79619316666667,35.098621666666666,-14.389279147453088,33.61334742448041,-103.96306739710566,During Launch
3954,2025-03-22 10:59:59,170.593,4248.986356439999,-82.543,33.424,-117.79619316666667,35.098621666666666,-21.720730524668657,35.511511306188254,-119.18172678538859,During Launch
3955,2025-03-22 10:59:59,170.635,4240.39383648,-82.145,33.434,-117.79619316666667,35.098621666666666,-24.13628790944168,35.87041990219057,-125.45189255247932,During Launch
3956,2025-03-22 10:59:59,170.677,4240.85315408,-76.475,33.424,-117.79619316666667,35.098621666666666,-30.301750346805832,37.60262990427037,-136.99275980483296,During Launch
3957,2025-03-22 10:59:59,170.72,4226.273101119999,-82.544,33.427,-117.79607816666666,35.098737666666665,-34.86225710925228,38.33234570752867,-145.39838304475913,During Launch
3958,2025-03-22 10:59:59,170.771,4214.99029236,-90.048,33.427,-117.79607816666666,35.098737666666665,-35.80969265438067,37.76276268620341,-148.37550567893226,During Launch
3959,2025-03-22 10:59:59,170.814,4230.91220888,-73.026,33.424,-117.79607816666666,35.098737666666665,-37.817122751858435,35.14916240734054,-152.69950356167342,During Launch
3960,2025-03-22 11:00:00,170.856,4233.274413679999,-68.799,33.432,-117.79607816666666,35.098737666666665,-36.87347090446469,32.674179975274136,-152.37973099593776,During Launch
3961,2025-03-22 11:00:00,170.899,4224.80656564,-72.317,33.409,-117.79607816666666,35.098737666666665,-35.3820603293806,26.92401153187883,-151.58497459966597,During Launch
3962,2025-03-22 11:00:00,170.941,4214.757352719999,-78.184,33.432,-117.79607816666666,35.098737666666665,-33.25720814065236,23.567689602497524,-148.9743138439693,During Launch
3963,2025-03-22 11:00:00,170.983,4211.61102716,-84.098,33.421,-117.79607816666666,35.098737666666665,-29.085290833488372,18.39656780085714,-137.69358255610734,During Launch
3964,2025-03-22 11:00:00,171.026,4207.431237,-86.769,33.424,-117.79607816666666,35.098737666666665,-28.811783074739253,17.056019816104186,-134.04875640716,During Launch
3965,2025-03-22 11:00:00,171.068,4203.812470479999,-88.967,33.434,-117.79607816666666,35.098737666666665,-28.795170927336503,16.437561714924993,-130.40190781114387,During Launch
3966,2025-03-22 11:00:00,171.111,4197.95289024,-87.275,33.424,-117.79607816666666,35.098737666666665,-28.998336973465612,16.630797232960912,-131.55633068598593,During Launch
3967,2025-03-22 11:00:00,171.153,4191.519163,-101.774,33.427,-117.79607816666666,35.098737666666665,-31.3716528794571,18.441669614691307,-140.00092110695337,During Launch
3968,2025-03-22 11:00:00,171.195,4191.40105276,-87.246,33.427,-117.79607816666666,35.098737666666665,-34.85816188974626,20.780663325696388,-149.9495212647535,During Launch
3969,2025-03-22 11:00:00,171.246,4184.18320476,-95.321,33.429,-117.79607816666666,35.098737666666665,-38.053316425560055,21.934597936487528,-155.01249194430147,During Launch
3970,2025-03-22 11:00:00,171.289,4177.30000244,-99.4,33.432,-117.79607816666666,35.098737666666665,-44.6450189410641,25.91287407140645,-161.2583560026263,During Launch
3971,2025-03-22 11:00:00,171.331,4175.16089476,-98.766,33.429,-117.79607816666666,35.098737666666665,-47.07902352792468,27.830786103026835,-163.55423082276093,During Launch
3972,2025-03-22 11:00:00,171.374,4171.670081,-93.62,33.427,-117.79607816666666,35.098737666666665,-49.670368559268994,30.939419127430064,-166.45287103150466,During Launch
3973,2025-03-22 11:00:00,171.417,4164.5670623999995,-89.514,33.434,-117.79607816666666,35.098737666666665,-50.16347590387375,32.44114060788009,-167.28650120490022,During Launch
3974,2025-03-22 11:00:00,171.46,4156.55853196,-82.924,33.432,-117.79607816666666,35.098737666666665,-49.79694464444764,34.11395107596455,-168.56398317285158,During Launch
3975,2025-03-22 11:00:00,171.502,4155.55131408,-84.387,33.434,-117.79607816666666,35.098737666666665,-49.1080914353679,34.08388451096328,-169.34818929964376,During Launch
3976,2025-03-22 11:00:00,171.545,4150.69895172,-100.505,33.432,-117.79607816666666,35.098737666666665,-47.11888796562222,33.227049971689,-169.73673774212693,During Launch
3977,2025-03-22 11:00:00,171.587,4147.88727184,-90.544,33.434,-117.79607816666666,35.098737666666665,-45.43856243624844,33.03184210261314,-168.5810668303311,During Launch
3978,2025-03-22 11:00:00,171.63,4143.49094624,-92.963,33.429,-117.79607816666666,35.098737666666665,-42.07350299164397,31.532248956481315,-165.70755727342163,During Launch
3979,2025-03-22 11:00:00,171.672,4145.2921274,-96.102,33.432,-117.79607816666666,35.098737666666665,-40.461317490719274,30.662038743771763,-163.69362123612933,During Launch
3980,2025-03-22 11:00:00,171.715,4141.23700916,-91.812,33.432,-117.79595466666666,35.098805,-37.6711536798055,28.757213829226853,-159.82409295257517,During Launch
3981,2025-03-22 11:00:00,171.759,4141.128741439999,-92.167,33.434,-117.79595466666666,35.098805,-35.5119255260343,26.387709877686543,-156.3818632601132,During Launch
3982,2025-03-22 11:00:00,171.809,4132.45420048,-86.151,33.437,-117.79595466666666,35.098805,-35.07071436184887,25.6087125974373,-155.35113651067212,During Launch
3983,2025-03-22 11:00:01,171.852,4128.6254602,-79.893,33.432,-117.79595466666666,35.098805,-35.390369264190184,24.23067934105528,-155.0266647709495,During Launch
3984,2025-03-22 11:00:01,171.894,4122.88727104,-100.023,33.429,-117.79595466666666,35.098805,-36.08197220898177,23.589061349812877,-156.0995023928364,During Launch
3985,2025-03-22 11:00:01,171.936,4120.51850456,-104.404,33.432,-117.79595466666666,35.098805,-37.17873955157177,24.488675889870112,-157.52741801020971,During Launch
3986,2025-03-22 11:00:01,171.979,4119.50800584,-97.499,33.434,-117.79595466666666,35.098805,-37.02373322018783,25.261682283251318,-157.67080478162706,During Launch
3987,2025-03-22 11:00:01,172.021,4110.6136486,-96.429,33.432,-117.79595466666666,35.098805,-37.9394531450273,26.444330819990945,-160.38014611223406,During Launch
3988,2025-03-22 11:00:01,172.063,4105.105118240001,-98.617,33.434,-117.79595466666666,35.098805,-38.21280942343659,26.9641757169004,-161.85355617137898,During Launch
3989,2025-03-22 11:00:01,172.106,4104.31115496,-95.482,33.432,-117.79595466666666,35.098805,-39.56461930652936,29.12751803602794,-163.2534005302473,During Launch
3990,2025-03-22 11:00:01,172.148,4097.90367444,-98.064,33.434,-117.79595466666666,35.098805,-39.92083755963553,30.421426695497857,-163.10144707832956,During Launch
3991,2025-03-22 11:00:01,172.191,4095.86955364,-94.522,33.439,-117.79595466666666,35.098805,-40.645655664238085,33.13379383930373,-162.21469964636793,During Launch
3992,2025-03-22 11:00:01,172.233,4089.58018336,-94.388,33.429,-117.79595466666666,35.098805,-40.67549150570943,34.269393037002516,-161.91622612427702,During Launch
3993,2025-03-22 11:00:01,172.275,4087.6641728000004,-96.053,33.432,-117.79595466666666,35.098805,-39.4511919800001,34.28140122561106,-160.62971085944164,During Launch
3994,2025-03-22 11:00:01,172.318,4083.9666661199994,-93.486,33.424,-117.79595466666666,35.098805,-38.542325255217264,34.22060359667067,-159.42129779166478,During Launch
3995,2025-03-22 11:00:01,172.36,4082.1589232799997,-88.834,33.434,-117.79595466666666,35.098805,-36.92020084567855,34.20115152407703,-156.79407010590643,During Launch
3996,2025-03-22 11:00:01,172.402,4082.9397632,-86.107,33.437,-117.79595466666666,35.098805,-36.363582673611994,34.922510290940636,-154.86939088126022,During Launch
3997,2025-03-22 11:00:01,172.445,4077.6608916400005,-87.777,33.434,-117.79595466666666,35.098805,-34.722466705696746,36.308706589523375,-150.46148968696613,During Launch
3998,2025-03-22 11:00:01,172.487,4075.5185031200003,-83.223,33.432,-117.79595466666666,35.098805,-33.61049988085014,35.93624446750229,-148.98983191722,During Launch
3999,2025-03-22 11:00:01,172.529,4071.92270248,-79.173,33.429,-117.79595466666666,35.098805,-31.964369493094672,34.72053933422486,-146.81245705900093,During Launch
4000,2025-03-22 11:00:01,172.572,4072.37217756,-77.738,33.432,-117.79595466666666,35.098805,-31.26853790692036,33.652242334920466,-146.04020037134342,During Launch
4001,2025-03-22 11:00:01,172.614,4072.0375318799997,-73.584,33.429,-117.79595466666666,35.098805,-29.81828428754266,32.19755828591945,-143.08468433044808,During Launch
4002,2025-03-22 11:00:01,172.657,4071.36495968,-71.516,33.434,-117.79595466666666,35.098805,-28.204111013186232,31.44745589300863,-140.62155841342746,During Launch
4003,2025-03-22 11:00:01,172.699,4066.18451332,-72.317,33.439,-117.79582816666667,35.0988735,-24.487946784771335,31.144963433232903,-133.22425870131894,During Launch
4004,2025-03-22 11:00:01,172.742,4056.6274264,-82.864,33.442,-117.79582816666667,35.0988735,-21.69071587563526,30.914030875011584,-128.45030267596283,During Launch
4005,2025-03-22 11:00:01,172.793,4050.9122031200004,-83.789,33.429,-117.79582816666667,35.0988735,-17.09245234296603,29.29708155798216,-120.8700872048135,During Launch
4006,2025-03-22 11:00:02,172.837,4038.4482919600005,-95.251,33.427,-117.79582816666667,35.0988735,-12.66786349769798,26.683515677896565,-112.28273678160677,During Launch
4007,2025-03-22 11:00:02,172.88,4034.0650897200003,-91.867,33.434,-117.79582816666667,35.0988735,-11.781326872516347,25.111960271137868,-108.75073952518646,During Launch
4008,2025-03-22 11:00:02,172.922,4034.17335744,-88.273,33.432,-117.79582816666667,35.0988735,-12.243917089733223,23.549836932347397,-103.4837107436421,During Launch
4009,2025-03-22 11:00:02,172.964,4031.26325236,-85.63,33.427,-117.79582816666667,35.0988735,-12.778090345604188,22.870692508708515,-101.70947774846648,During Launch
4010,2025-03-22 11:00:02,173.007,4036.43713704,-78.507,33.421,-117.79582816666667,35.0988735,-13.286800846590326,21.81710092419714,-99.18580115889625,During Launch
4011,2025-03-22 11:00:02,173.049,4033.29409232,-80.574,33.421,-117.79582816666667,35.0988735,-13.379277037673507,21.964893663846443,-98.13220092784638,During Launch
4012,2025-03-22 11:00:02,173.091,4033.72388236,-71.86,33.432,-117.79582816666667,35.0988735,-14.723016501703297,22.673602589827556,-101.52496326248688,During Launch
4013,2025-03-22 11:00:02,173.134,4033.9568219999996,-66.432,33.427,-117.79582816666667,35.0988735,-14.60626663048089,23.108271183562767,-102.62964779364002,During Launch
4014,2025-03-22 11:00:02,173.176,4029.0158769600002,-70.369,33.427,-117.79582816666667,35.0988735,-19.93767999488618,24.479154194676745,-116.51085920723413,During Launch
4015,2025-03-22 11:00:02,173.219,4026.4404175600002,-66.726,33.424,-117.79582816666667,35.0988735,-23.00910328460841,24.682899795647735,-123.60766064509122,During Launch
4016,2025-03-22 11:00:02,173.261,4020.95485308,-70.014,33.424,-117.79582816666667,35.0988735,-30.558355744698513,24.51797345644312,-137.29467971257012,During Launch
4017,2025-03-22 11:00:02,173.303,4019.5867428,-65.414,33.427,-117.79582816666667,35.0988735,-33.499544751758535,24.056384769200502,-142.47983826822502,During Launch
4018,2025-03-22 11:00:02,173.346,4014.4358239999997,-68.374,33.421,-117.79582816666667,35.0988735,-36.352725325120566,22.71003429516191,-148.7956858951694,During Launch
4019,2025-03-22 11:00:02,173.388,4014.88529908,-64.562,33.421,-117.79582816666667,35.0988735,-36.99942563182688,21.70034033900708,-150.85071989050226,During Launch
4020,2025-03-22 11:00:02,173.43,4009.38004956,-68.018,33.424,-117.79582816666667,35.0988735,-36.95338779656346,19.00807870037653,-153.58774990257396,During Launch
4021,2025-03-22 11:00:02,173.473,4012.5230942800004,-65.749,33.424,-117.79582816666667,35.0988735,-36.25878411585275,17.088828196492607,-154.27064198510288,During Launch
4022,2025-03-22 11:00:02,173.515,4007.92663744,-65.172,33.417,-117.79582816666667,35.0988735,-34.26047887805609,13.643787086719273,-153.62960348274234,During Launch
4023,2025-03-22 11:00:02,173.557,4005.34133552,-65.586,33.399,-117.79582816666667,35.0988735,-32.31185284492998,11.467438191079367,-152.5855780337765,During Launch
4024,2025-03-22 11:00:02,173.6,3995.1379231200003,-71.694,33.421,-117.79582816666667,35.0988735,-24.910151552616085,8.757687256499214,-135.59871037297845,During Launch
4025,2025-03-22 11:00:02,173.642,3987.3951407199997,-79.418,33.424,-117.79582816666667,35.0988735,-21.017259776606288,8.182366503490314,-118.44378538590803,During Launch
4026,2025-03-22 11:00:02,173.684,3979.8885788,-86.121,33.421,-117.79582816666667,35.0988735,-14.186401511968096,8.369571781929908,-82.07929417786447,During Launch
4027,2025-03-22 11:00:02,173.727,3967.4410718400004,-97.125,33.419,-117.79574033333333,35.098957666666664,-12.007281505099908,8.94709203696196,-70.29047476834863,During Launch
4028,2025-03-22 11:00:02,173.769,3963.664825,-95.813,33.394,-117.79574033333333,35.098957666666664,-8.357004280603475,12.109775704035988,-59.45552350935932,During Launch
4029,2025-03-22 11:00:02,173.812,3960.04605848,-90.263,33.424,-117.79574033333333,35.098957666666664,-6.417677165857006,14.290451705045276,-57.628780216150034,During Launch
4030,2025-03-22 11:00:03,173.854,3953.8879217999997,-91.446,33.419,-117.79574033333333,35.098957666666664,-6.199469507057767,18.946388162242062,-67.05126743776523,During Launch
4031,2025-03-22 11:00:03,173.896,3946.37807904,-86.941,33.419,-117.79574033333333,35.098957666666664,-8.802611226926858,21.631757669582427,-77.3147141603542,During Launch
4032,2025-03-22 11:00:03,173.939,3940.8957953999998,-87.979,33.421,-117.79574033333333,35.098957666666664,-13.643121858363639,26.929261207831363,-93.02532280090958,During Launch
4033,2025-03-22 11:00:03,173.981,3938.20878744,-90.618,33.421,-117.79574033333333,35.098957666666664,-15.487686802215961,30.736721124345276,-97.08644408292568,During Launch
4034,2025-03-22 11:00:03,174.023,3938.1038005600003,-87.969,33.414,-117.79574033333333,35.098957666666664,-23.650320178378173,42.5636255275432,-102.9145706925544,During Launch
4035,2025-03-22 11:00:03,174.066,3938.20878744,-92.756,33.421,-117.79574033333333,35.098957666666664,-31.839093549864216,50.04645615054687,-106.44195731636326,During Launch
4036,2025-03-22 11:00:03,174.108,3938.1038005600003,-89.887,33.414,-117.79574033333333,35.098957666666664,-46.090540158569816,62.359245702070055,-113.0761327847948,During Launch
4037,2025-03-22 11:00:03,174.15,3937.32296064,-91.03,33.412,-117.79574033333333,35.098957666666664,-50.9683182451927,66.10472459369325,-116.86578309925055,During Launch
4038,2025-03-22 11:00:03,174.201,3941.23700276,-86.898,33.399,-117.79574033333333,35.098957666666664,-56.045274063669574,69.87238822990906,-122.27740329787039,During Launch
4039,2025-03-22 11:00:03,174.244,3944.72781652,-78.921,33.397,-117.79574033333333,35.098957666666664,-56.71793266729997,69.31393097486128,-125.76152572005425,During Launch
4040,2025-03-22 11:00:03,174.286,3933.317055,-87.276,33.392,-117.79574033333333,35.098957666666664,-53.908540330433595,65.8966443936078,-126.56407467233241,During Launch
4041,2025-03-22 11:00:03,174.329,3926.25012564,-88.675,33.402,-117.79574033333333,35.098957666666664,-44.34038559116739,55.96482102584769,-126.10658087091097,During Launch
4042,2025-03-22 11:00:03,174.371,3926.81443012,-86.865,33.397,-117.79574033333333,35.098957666666664,-37.40891223782939,50.155283239356336,-124.35416650131683,During Launch
4043,2025-03-22 11:00:03,174.413,3927.3787346000004,-81.591,33.394,-117.79574033333333,35.098957666666664,-23.518693797699317,43.406194193976866,-115.65503079983573,During Launch
4044,2025-03-22 11:00:03,174.456,3926.1418579200003,-83.093,33.402,-117.79574033333333,35.098957666666664,-15.541800413537652,42.01475260002592,-108.37909310044351,During Launch
4045,2025-03-22 11:00:03,174.498,3921.2271596,-82.54,33.392,-117.79574033333333,35.098957666666664,1.9200792793220698,43.15208937435851,-92.09762485542745,During Launch
4046,2025-03-22 11:00:03,174.54,3914.5998628,-91.774,33.409,-117.79574033333333,35.098957666666664,12.932234357572328,44.2471427420088,-82.92784973779455,During Launch
4047,2025-03-22 11:00:03,174.583,3910.35773668,-91.357,33.404,-117.79574033333333,35.098957666666664,39.737000311495,53.78757015737695,-68.90354789485356,During Launch
4048,2025-03-22 11:00:03,174.625,3906.6733533599995,-92.386,33.402,-117.79574033333333,35.098957666666664,49.76993050405874,57.85117720764933,-64.5995301328374,During Launch
4049,2025-03-22 11:00:03,174.668,3908.13332716,-81.465,33.394,-117.79574033333333,35.098957666666664,71.06458699470498,66.8940572365337,-58.41134091039513,During Launch
4050,2025-03-22 11:00:03,174.71,3900.85642404,-81.029,33.397,-117.795672,35.09904516666667,81.75768866249845,71.79031141030937,-56.51769477693861,During Launch
4051,2025-03-22 11:00:03,174.761,3892.34264424,-81.287,33.407,-117.795672,35.09904516666667,96.89970629555313,78.3695545591504,-54.181520414245,During Launch
4052,2025-03-22 11:00:03,174.804,3884.18975684,-77.299,33.399,-117.795672,35.09904516666667,108.77283776891367,83.95979820189648,-53.729790153656126,During Launch
4053,2025-03-22 11:00:04,174.847,3879.8360821600004,-77.763,33.397,-117.795672,35.09904516666667,118.98052251974667,88.58130316255904,-54.20007777553241,During Launch
4054,2025-03-22 11:00:04,174.889,3875.15104264,-78.825,33.392,-117.795672,35.09904516666667,143.71703243362936,94.88005263113526,-60.5400334984055,During Launch
4055,2025-03-22 11:00:04,174.931,3871.57492704,-76.428,33.392,-117.795672,35.09904516666667,157.48307503485887,97.08762979840309,-64.46942420659569,During Launch
4056,2025-03-22 11:00:04,174.974,3869.4555044000003,-71.357,33.389,-117.795672,35.09904516666667,25.403734405225492,96.60064834712028,-76.0583706550418,During Launch
4057,2025-03-22 11:00:04,175.016,3864.3177089600003,-71.103,33.384,-117.795672,35.09904516666667,2.1674617371057394,91.50796152872455,-82.44721166709297,During Launch
4058,2025-03-22 11:00:04,175.058,3858.62545156,-73.894,33.382,-117.795672,35.09904516666667,-19.49132693209787,82.16382404052786,-91.59646526417862,During Launch
4059,2025-03-22 11:00:04,175.101,3851.3616718,-80.466,33.382,-117.795672,35.09904516666667,-23.550370797660733,77.95318995291612,-94.94660919251959,During Launch
4060,2025-03-22 11:00:04,175.143,3847.9036664399996,-83.849,33.382,-117.795672,35.09904516666667,-27.653712664548323,71.73268140922471,-99.89953196766433,During Launch
4061,2025-03-22 11:00:04,175.185,3842.0965796399996,-89.143,33.382,-117.795672,35.09904516666667,-28.540202714128284,69.35486522713019,-101.77691847654805,During Launch
4062,2025-03-22 11:00:04,175.228,3839.4194142,-90.82,33.382,-117.795672,35.09904516666667,-26.909599107385333,66.39791468803884,-102.64779195329206,During Launch
4063,2025-03-22 11:00:04,175.27,3836.8570781599997,-97.643,33.379,-117.795672,35.09904516666667,-29.24816592382843,68.48683276270799,-102.1271949075833,During Launch
4064,2025-03-22 11:00:04,175.313,3837.3032723999995,-100.491,33.379,-117.795672,35.09904516666667,-31.594886922052712,70.56448702747106,-101.05520141216643,During Launch
4065,2025-03-22 11:00:04,175.355,3836.8570781599997,-90.234,33.379,-117.795672,35.09904516666667,-31.02778072207157,70.5395447947319,-100.21780097622761,During Launch
4066,2025-03-22 11:00:04,175.397,3839.08804936,-81.612,33.374,-117.795672,35.09904516666667,-29.511349268114902,69.23246569835818,-99.19069529592787,During Launch
4067,2025-03-22 11:00:04,175.44,3842.2146898799997,-79.139,33.379,-117.795672,35.09904516666667,-27.820135756511327,67.84305784460462,-98.44333654408413,During Launch
4068,2025-03-22 11:00:04,175.482,3840.0755821999996,-81.668,33.387,-117.795672,35.09904516666667,-23.036288477112038,63.380116321692554,-96.65764136458327,During Launch
4069,2025-03-22 11:00:04,175.524,3834.1766318799996,-86.11,33.379,-117.795672,35.09904516666667,-19.279091234500612,58.30648525709481,-95.80964097865268,During Launch
4070,2025-03-22 11:00:04,175.567,3834.8360807199997,-80.815,33.384,-117.795672,35.09904516666667,-9.111001127924602,49.87477677652343,-88.74193268075122,During Launch
4071,2025-03-22 11:00:04,175.609,3829.4784689999997,-79.627,33.384,-117.795672,35.09904516666667,-4.699468750435456,45.770096682579286,-83.68057166757436,During Launch
4072,2025-03-22 11:00:04,175.652,3825.1313560000003,-79.725,33.382,-117.795672,35.09904516666667,2.4900683690369636,41.15411348202685,-71.89674315353764,During Launch
4073,2025-03-22 11:00:04,175.694,3815.5348989999998,-85.256,33.382,-117.79559783333333,35.099119333333334,5.377026568672669,37.56578797007618,-63.570630556391386,During Launch
4074,2025-03-22 11:00:04,175.736,3809.83936076,-92.036,33.384,-117.79559783333333,35.099119333333334,8.631023803993443,33.26374736467037,-50.87463122431611,During Launch
4075,2025-03-22 11:00:04,175.779,3804.03883564,-90.568,33.384,-117.79559783333333,35.099119333333334,9.091072805092388,32.54640975055695,-47.072710561017836,During Launch
4076,2025-03-22 11:00:04,175.821,3802.0703316400004,-85.163,33.359,-117.79559783333333,35.099119333333334,9.896962679009231,33.44091727388084,-42.25964275710641,During Launch
4077,2025-03-22 11:00:05,175.863,3793.6746620799995,-85.472,33.377,-117.79559783333333,35.099119333333334,9.885456945113326,34.393812559949836,-41.51474755997224,During Launch
4078,2025-03-22 11:00:05,175.906,3792.00799536,-82.935,33.374,-117.79559783333333,35.099119333333334,6.774844393731533,38.59261933918472,-48.09423660119006,During Launch
4079,2025-03-22 11:00:05,175.948,3798.70090896,-72.191,33.374,-117.79559783333333,35.099119333333334,3.542352993729394,41.894374319627694,-55.449856565878136,During Launch
4080,2025-03-22 11:00:05,175.99,3805.40366508,-62.485,33.374,-117.79559783333333,35.099119333333334,-12.000225854125263,49.63943808625587,-77.66663001688494,During Launch
4081,2025-03-22 11:00:05,176.033,3797.71337612,-67.745,33.367,-117.79559783333333,35.099119333333334,-22.331749164600968,53.06323342792738,-89.25779102266104,During Launch
4082,2025-03-22 11:00:05,176.075,3785.0066828000004,-74.892,33.362,-117.79559783333333,35.099119333333334,-43.15314553457185,62.172531269858816,-107.8086643848822,During Launch
4083,2025-03-22 11:00:05,176.117,3787.69369076,-66.98,33.352,-117.79559783333333,35.099119333333334,-51.869043657748826,67.56592847105142,-113.28092769753725,During Launch
4084,2025-03-22 11:00:05,176.16,3789.16350708,-58.733,33.339,-117.79559783333333,35.099119333333334,-66.71040652465614,79.22043312552711,-122.34797987706152,During Launch
4085,2025-03-22 11:00:05,176.202,3778.79277184,-65.261,33.342,-117.79559783333333,35.099119333333334,-71.09467495179767,83.16442999194747,-125.70481404358604,During Launch
4086,2025-03-22 11:00:05,176.245,3770.6759736799995,-67.378,33.334,-117.79559783333333,35.099119333333334,-78.52148256509511,93.45637048739502,-130.09978071240172,During Launch
4087,2025-03-22 11:00:05,176.287,3762.55261384,-72.584,33.317,-117.79559783333333,35.099119333333334,-80.26771704021354,99.71164151335256,-133.34973901760156,During Launch
4088,2025-03-22 11:00:05,176.337,3752.10970012,-79.426,33.312,-117.79559783333333,35.099119333333334,-80.43684271055717,102.54455949893442,-135.68226853607618,During Launch
4089,2025-03-22 11:00:05,176.381,3745.981091,-85.508,33.309,-117.79559783333333,35.099119333333334,-72.15795452188368,92.56197471346387,-138.57899820297084,During Launch
4090,2025-03-22 11:00:05,176.424,3741.97518536,-88.758,33.309,-117.79559783333333,35.099119333333334,-65.7383130723947,85.8128206097345,-137.29757553910142,During Launch
4091,2025-03-22 11:00:05,176.467,3727.28358384,-104.49,33.309,-117.79559783333333,35.099119333333334,-50.66014250534208,75.56382017046846,-130.29910835785122,During Launch
4092,2025-03-22 11:00:05,176.51,3717.82820296,-116.249,33.312,-117.79559783333333,35.099119333333334,-37.26186588627061,71.63436660104465,-122.44614182092053,During Launch
4093,2025-03-22 11:00:05,176.553,3715.38397716,-116.425,33.307,-117.79559783333333,35.099119333333334,-13.58923265600734,65.91775736725755,-109.29536589140685,During Launch
4094,2025-03-22 11:00:05,176.595,3719.60969908,-106.972,33.312,-117.79559783333333,35.099119333333334,-6.766933960299498,64.92073242885621,-105.11537176048351,During Launch
4095,2025-03-22 11:00:05,176.639,3724.8623239199997,-102.587,33.294,-117.79559783333333,35.099119333333334,0.29520374346817735,65.32087556123614,-98.9935435569418,During Launch
4096,2025-03-22 11:00:05,176.681,3723.7074682400003,-98.667,33.319,-117.79559783333333,35.099119333333334,1.6057126679934457,65.34394224803957,-96.7014378301269,During Launch
4097,2025-03-22 11:00:05,176.723,3732.3984133999998,-86.585,33.314,-117.79552833333334,35.09920316666667,1.6018702531344893,65.55179301085627,-93.00626460799863,During Launch
4098,2025-03-22 11:00:05,176.766,3730.83017188,-79.016,33.319,-117.79552833333334,35.09920316666667,0.9721529618553015,63.09458453499493,-91.35689130090951,During Launch
4099,2025-03-22 11:00:05,176.808,3729.04867576,-75.364,33.319,-117.79552833333334,35.09920316666667,4.420529929040126,54.49901045320163,-85.830912252023,During Launch
4100,2025-03-22 11:00:06,176.85,3728.04145788,-70.959,33.324,-117.79552833333334,35.09920316666667,6.687468955564086,50.06213263468609,-81.55914810187846,During Launch
4101,2025-03-22 11:00:06,176.893,3729.71468628,-67.496,33.324,-117.79552833333334,35.09920316666667,10.581530039048214,40.5366818181261,-70.58408972431907,During Launch
4102,2025-03-22 11:00:06,176.935,3724.15366248,-64.852,33.319,-117.79552833333334,35.09920316666667,10.370213903520337,35.183246655860394,-65.96419132884091,During Launch
4103,2025-03-22 11:00:06,176.978,3712.35904268,-74.299,33.324,-117.79552833333334,35.09920316666667,8.47187065958288,27.396735171373212,-58.65573723415676,During Launch
4104,2025-03-22 11:00:06,177.02,3705.79408184,-86.667,33.322,-117.79552833333334,35.09920316666667,6.778464897513155,23.925210293803616,-55.458003638255754,During Launch
4105,2025-03-22 11:00:06,177.062,3705.4495936400003,-93.241,33.329,-117.79552833333334,35.09920316666667,2.3951267275342394,19.402004906232825,-52.21472639378815,During Launch
4106,2025-03-22 11:00:06,177.105,3704.1175726,-87.31,33.329,-117.79552833333334,35.09920316666667,-0.04798520179311616,18.553215719277766,-51.531882354994146,During Launch
4107,2025-03-22 11:00:06,177.147,3694.5670473600003,-84.365,33.332,-117.79552833333334,35.09920316666667,-4.923809193130799,19.311253549394753,-51.409930457317515,During Launch
4108,2025-03-22 11:00:06,177.19,3694.10772976,-87.219,33.334,-117.79552833333334,35.09920316666667,-7.099312559023723,20.42174566279148,-52.813376634957514,During Launch
4109,2025-03-22 11:00:06,177.232,3682.5460496,-99.457,33.334,-117.79552833333334,35.09920316666667,-10.461582976489764,24.07478820696226,-57.864907144096605,During Launch
4110,2025-03-22 11:00:06,177.274,3679.9869944,-92.17,33.332,-117.79552833333334,35.09920316666667,-14.024116148391862,26.091042769496337,-68.34906530223664,During Launch
4111,2025-03-22 11:00:06,177.317,3675.0821386,-89.173,33.342,-117.79552833333334,35.09920316666667,-23.440541726333592,29.58347296648094,-98.35746432377171,During Launch
4112,2025-03-22 11:00:06,177.359,3672.8774141199997,-83.652,33.332,-117.79552833333334,35.09920316666667,-27.848280719506377,31.54397811548902,-110.7501672635189,During Launch
4113,2025-03-22 11:00:06,177.402,3664.32426424,-82.428,33.334,-117.79552833333334,35.09920316666667,-33.113063379595346,34.30975915890209,-128.2834758281967,During Launch
4114,2025-03-22 11:00:06,177.444,3663.6484112000003,-77.453,33.337,-117.79552833333334,35.09920316666667,-36.1826415391602,35.76243185893052,-135.71040589113042,During Launch
4115,2025-03-22 11:00:06,177.486,3663.2022169600004,-74.174,33.339,-117.79552833333334,35.09920316666667,-40.653554348781384,39.86016074747854,-146.56696027854613,During Launch
4116,2025-03-22 11:00:06,177.529,3668.6516921999996,-55.209,33.337,-117.79552833333334,35.09920316666667,-42.238454490283466,42.15769495002471,-150.77616528219397,During Launch
4117,2025-03-22 11:00:06,177.571,3664.4194085999998,-50.338,33.342,-117.79552833333334,35.09920316666667,-43.302623279667465,43.172306488414065,-158.24843047935292,During Launch
4118,2025-03-22 11:00:06,177.613,3657.5460488,-54.564,33.337,-117.79552833333334,35.09920316666667,-43.22295424683094,42.19100463919497,-161.56635475285307,During Launch
4119,2025-03-22 11:00:06,177.661,3649.43253148,-65.832,33.337,-117.79552833333334,35.09920316666667,-43.113975113740345,38.738046714048394,-166.1552143527769,During Launch
4120,2025-03-22 11:00:06,177.706,3656.53883092,-64.033,33.339,-117.79545166666666,35.0992945,-44.25556914215459,32.85932392042791,-168.0902848670541,During Launch
4121,2025-03-22 11:00:06,177.751,3651.7717703999997,-67.23,33.337,-117.79545166666666,35.0992945,-44.6978066395678,29.218220712761223,-167.5962330023411,During Launch
4122,2025-03-22 11:00:06,177.796,3652.2146838,-74.729,33.337,-117.79545166666666,35.0992945,-41.360939288731004,22.090340125411856,-160.8753001533258,During Launch
4123,2025-03-22 11:00:07,177.839,3654.3341064399997,-71.292,33.334,-117.79545166666666,35.0992945,-35.58206331681683,18.44453706653206,-151.35508704424683,During Launch
4124,2025-03-22 11:00:07,177.881,3649.99355512,-73.677,33.337,-117.79545166666666,35.0992945,-25.491107710895704,14.829175460908086,-123.98517326808266,During Launch
4125,2025-03-22 11:00:07,177.924,3648.88791204,-73.7,33.332,-117.79545166666666,35.0992945,-21.703887264775606,14.0685108828128,-110.29895814368601,During Launch
4126,2025-03-22 11:00:07,177.966,3651.53554992,-72.86,33.342,-117.79545166666666,35.0992945,-18.842835096104935,14.016344539584301,-91.10817672795703,During Launch
4127,2025-03-22 11:00:07,178.008,3639.3373868,-79.046,33.337,-117.79545166666666,35.0992945,-18.19865511554939,14.714590064273187,-83.21876709545977,During Launch
4128,2025-03-22 11:00:07,178.051,3643.77636332,-63.917,33.337,-117.79545166666666,35.0992945,-18.46931079467006,17.120056528938367,-70.45882913982665,During Launch
4129,2025-03-22 11:00:07,178.093,3639.21927656,-62.045,33.339,-117.79545166666666,35.0992945,-20.411464960603727,19.222542618582366,-74.61900642702092,During Launch
4130,2025-03-22 11:00:07,178.136,3617.26389528,-82.11,33.337,-117.79545166666666,35.0992945,-25.780295705114025,24.3387414847912,-97.92238759386564,During Launch
4131,2025-03-22 11:00:07,178.178,3598.51717552,-98.416,33.337,-117.79545166666666,35.0992945,-28.595511892939754,27.288279704397837,-108.60638834687205,During Launch
4132,2025-03-22 11:00:07,178.22,3598.8419786799996,-89.213,33.339,-117.79545166666666,35.0992945,-35.50694760739557,33.00933679509672,-126.76804129841086,During Launch
4133,2025-03-22 11:00:07,178.263,3599.7278054799995,-87.959,33.339,-117.79545166666666,35.0992945,-39.165157475740905,36.5971336481981,-131.61413582535113,During Launch
4134,2025-03-22 11:00:07,178.305,3591.98174224,-84.403,33.334,-117.79545166666666,35.0992945,-47.1998208163839,45.70141068734304,-136.43585326416533,During Launch
4135,2025-03-22 11:00:07,178.348,3591.6470965599997,-82.253,33.332,-117.79545166666666,35.0992945,-50.82282275078411,51.19947521737713,-136.9081446473075,During Launch
4136,2025-03-22 11:00:07,178.398,3589.9902723600003,-78.716,33.329,-117.79545166666666,35.0992945,-59.51892155177647,65.35068188475064,-136.34586575087422,During Launch
4137,2025-03-22 11:00:07,178.442,3582.3360726399997,-83.602,33.327,-117.79545166666666,35.0992945,-68.84075788643653,78.41295533224033,-138.5053166472707,During Launch
4138,2025-03-22 11:00:07,178.484,3579.3537890800003,-78.531,33.329,-117.79545166666666,35.0992945,-72.98348534407492,84.26355000622438,-139.73706753886248,During Launch
4139,2025-03-22 11:00:07,178.527,3577.59525884,-79.458,33.319,-117.79545166666666,35.0992945,-78.60300868367382,92.6928838949279,-142.8271820914894,During Launch
4140,2025-03-22 11:00:07,178.57,3576.5027391199997,-79.981,33.314,-117.79545166666666,35.0992945,-79.86785398470263,94.68860280707435,-145.00516126500384,During Launch
4141,2025-03-22 11:00:07,178.613,3573.0742613200005,-88.171,33.312,-117.79545166666666,35.0992945,-79.8130194541501,95.61889695858594,-149.2045407315247,During Launch
4142,2025-03-22 11:00:07,178.655,3568.9699304799997,-88.053,33.314,-117.79545166666666,35.0992945,-79.07327022256139,94.8246520929059,-151.111959347335,During Launch
4143,2025-03-22 11:00:07,178.699,3568.64512732,-81.861,33.312,-117.79538316666667,35.09936716666667,-73.07767626638754,83.97377651338944,-153.97683831245303,During Launch
4144,2025-03-22 11:00:07,178.742,3566.31245008,-76.892,33.314,-117.79538316666667,35.09936716666667,-67.94828047687831,74.33478201705645,-154.5447936504996,During Launch
4145,2025-03-22 11:00:07,178.785,3560.10838164,-89.37,33.314,-117.79538316666667,35.09936716666667,-56.73575506269256,55.89923794067567,-153.6999891074381,During Launch
4146,2025-03-22 11:00:07,178.828,3554.46861768,-90.346,33.312,-117.79538316666667,35.09936716666667,-50.59317302754483,48.8589099636176,-150.81757304706682,During Launch
4147,2025-03-22 11:00:08,178.87,3551.8111372800004,-93.486,33.312,-117.79538316666667,35.09936716666667,-34.374265588696964,37.05232104540774,-138.50271474068066,During Launch
4148,2025-03-22 11:00:08,178.913,3543.62544148,-103.081,33.307,-117.79538316666667,35.09936716666667,-23.700069856935876,33.095209780492574,-126.42163825167266,During Launch
4149,2025-03-22 11:00:08,178.955,3532.7757036,-109.141,33.312,-117.79538316666667,35.09936716666667,4.362176130610645,27.3177970215118,-91.52567412957038,During Launch
4150,2025-03-22 11:00:08,179.0,3535.3150737600004,-105.551,33.314,-117.79538316666667,35.09936716666667,16.3535833646406,25.891559657801054,-76.8269590361638,During Launch
4151,2025-03-22 11:00:08,179.042,3528.34985044,-114.485,33.312,-117.79538316666667,35.09936716666667,36.83511464799638,28.786691397339943,-56.39196711292407,During Launch
4152,2025-03-22 11:00:08,179.085,3529.117567,-102.34,33.312,-117.79538316666667,35.09936716666667,45.90143951416444,32.8107271173089,-49.60575288112179,During Launch
4153,2025-03-22 11:00:08,179.127,3521.7127111199998,-113.442,33.312,-117.79538316666667,35.09936716666667,61.69909060267482,43.167686140899875,-40.97681491782175,During Launch
4154,2025-03-22 11:00:08,179.169,3522.36231744,-108.603,33.317,-117.79538316666667,35.09936716666667,68.14638474890793,48.04692185806241,-37.44962554382524,During Launch
4155,2025-03-22 11:00:08,179.212,3519.0585115599997,-91.269,33.319,-117.79538316666667,35.09936716666667,75.35723060364259,55.107952788277416,-33.51535472675249,During Launch
4156,2025-03-22 11:00:08,179.255,3519.26520448,-73.586,33.317,-117.79538316666667,35.09936716666667,77.07240422548523,57.77903416420256,-33.21230299704039,During Launch
4157,2025-03-22 11:00:08,179.297,3519.2848895200004,-73.869,33.307,-117.79538316666667,35.09936716666667,78.05916019407138,61.814678315259954,-34.246990430450424,During Launch
4158,2025-03-22 11:00:08,179.339,3519.70811788,-74.368,33.317,-117.79538316666667,35.09936716666667,76.45384616930937,62.21695792110557,-34.491202892731756,During Launch
4159,2025-03-22 11:00:08,179.382,3517.28685796,-69.355,33.312,-117.79538316666667,35.09936716666667,70.82004100895388,61.4525993849243,-34.42633595539783,During Launch
4160,2025-03-22 11:00:08,179.424,3511.18449556,-74.779,33.319,-117.79538316666667,35.09936716666667,68.62524898162498,61.537958399586955,-34.52288528561117,During Launch
4161,2025-03-22 11:00:08,179.466,3507.2048366400004,-77.514,33.319,-117.79538316666667,35.09936716666667,66.52363612081272,61.93973912807973,-33.289648101819395,During Launch
4162,2025-03-22 11:00:08,179.509,3504.2816082,-73.153,33.319,-117.79538316666667,35.09936716666667,68.87891289049213,64.56585524923857,-32.2327724875901,During Launch
4163,2025-03-22 11:00:08,179.552,3502.2507682400005,-72.194,33.312,-117.79538316666667,35.09936716666667,73.36887080731493,69.29034161491599,-29.09213430280625,During Launch
4164,2025-03-22 11:00:08,179.594,3496.8275397200005,-75.696,33.314,-117.79538316666667,35.09936716666667,75.62778604014566,71.66304119383267,-27.491570224859444,During Launch
4165,2025-03-22 11:00:08,179.637,3496.26651608,-75.198,33.317,-117.79538316666667,35.09936716666667,78.46010690433796,74.19013988656464,-25.672403808329413,During Launch
4166,2025-03-22 11:00:08,179.679,3495.70877328,-72.576,33.319,-117.79538316666667,35.09936716666667,79.47179434938732,75.19607645447151,-24.492180392739773,During Launch
4167,2025-03-22 11:00:08,179.721,3486.8865945200005,-77.001,33.309,-117.795322,35.099435666666665,81.48477993209629,76.9378910203682,-23.434656528710462,During Launch
4168,2025-03-22 11:00:08,179.764,3491.61100412,-72.333,33.322,-117.795322,35.099435666666665,82.43220194958118,77.63962980144171,-22.99333122406258,During Launch
4169,2025-03-22 11:00:08,179.814,3484.2717650400004,-76.53,33.289,-117.795322,35.099435666666665,84.76208898191939,80.7706121068502,-22.31621372055913,During Launch
4170,2025-03-22 11:00:09,179.858,3476.49617424,-77.924,33.314,-117.795322,35.099435666666665,86.81265647044205,83.55339789206019,-22.365053122896494,During Launch
4171,2025-03-22 11:00:09,179.9,3476.70286716,-72.543,33.319,-117.795322,35.099435666666665,87.06723248983987,83.34773368606308,-22.717991121494244,During Launch
4172,2025-03-22 11:00:09,179.943,3479.79669928,-67.115,33.319,-117.795322,35.099435666666665,87.09979575728903,82.40389659149784,-23.401626474386177,During Launch
4173,2025-03-22 11:00:09,179.986,3472.74289328,-66.06,33.309,-117.795322,35.099435666666665,87.17352566360361,81.93704092603184,-23.894128215091083,During Launch
4174,2025-03-22 11:00:09,180.028,3473.18580668,-55.536,33.309,-117.795322,35.099435666666665,82.54361376243477,73.92215144695587,-25.614048030289595,During Launch
4175,2025-03-22 11:00:09,180.07,3475.8367254,-55.587,33.309,-117.795322,35.099435666666665,79.14491136646345,68.27355653690843,-26.438877474394015,During Launch
4176,2025-03-22 11:00:09,180.113,3477.95614804,-47.053,33.284,-117.795322,35.099435666666665,71.94113764236587,57.47738093201145,-27.45997285470874,During Launch
4177,2025-03-22 11:00:09,180.155,3468.65824748,-56.504,33.312,-117.795322,35.099435666666665,68.19082750571228,52.61233238987115,-28.289782907292416,During Launch
4178,2025-03-22 11:00:09,180.198,3455.75142292,-61.589,33.304,-117.795322,35.099435666666665,59.03273807066134,42.532084783722766,-29.15556754431234,During Launch
4179,2025-03-22 11:00:09,180.24,3451.0138899599997,-66.619,33.302,-117.795322,35.099435666666665,54.58669668278116,37.79177476833751,-29.667876371858796,During Launch
4180,2025-03-22 11:00:09,180.282,3444.2717637600003,-69.894,33.304,-117.795322,35.099435666666665,47.045987347237585,31.39691102677365,-30.410544835737298,During Launch
4181,2025-03-22 11:00:09,180.325,3445.8432861199994,-68.619,33.289,-117.795322,35.099435666666665,43.84880854037359,29.773299920907565,-31.160781874365323,During Launch
4182,2025-03-22 11:00:09,180.367,3438.65168484,-75.358,33.302,-117.795322,35.099435666666665,38.06093509012756,27.102066609942348,-31.281196085625822,During Launch
4183,2025-03-22 11:00:09,180.41,3432.58213084,-81.35,33.299,-117.795322,35.099435666666665,34.551711544449496,25.687032136608106,-31.38172737366267,During Launch
4184,2025-03-22 11:00:09,180.452,3435.46270836,-76.471,33.294,-117.795322,35.099435666666665,27.295325934072665,24.082177253918196,-31.56488818054538,During Launch
4185,2025-03-22 11:00:09,180.495,3432.7166452799997,-73.266,33.287,-117.795322,35.099435666666665,22.583089315316975,22.657440317270893,-30.953749500804513,During Launch
4186,2025-03-22 11:00:09,180.545,3421.6667761599997,-79.275,33.297,-117.795322,35.099435666666665,10.526527097015437,21.554894160882153,-33.83070660329857,During Launch
4187,2025-03-22 11:00:09,180.589,3413.1890855999995,-84.345,33.289,-117.795322,35.099435666666665,-1.1306134043018141,21.930480510594656,-44.8599365925065,During Launch
4188,2025-03-22 11:00:09,180.632,3408.28751064,-87.003,33.262,-117.795322,35.099435666666665,-7.088900200308089,23.01192692749169,-59.6195421442561,During Launch
4189,2025-03-22 11:00:09,180.674,3409.43580464,-80.918,33.294,-117.795322,35.099435666666665,-18.352246272896426,25.090526660917625,-97.193127535099,During Launch
4190,2025-03-22 11:00:09,180.716,3402.3984028399996,-86.995,33.284,-117.7952625,35.099512,-24.66421937412598,25.848876934593278,-114.00060772345839,During Launch
4191,2025-03-22 11:00:09,180.76,3397.10968876,-91.211,33.284,-117.7952625,35.099512,-34.96701198672615,28.55656995356382,-135.17503861679972,During Launch
4192,2025-03-22 11:00:09,180.802,3390.38068592,-89.275,33.287,-117.7952625,35.099512,-39.87789893320056,30.18446783657025,-142.2852530361122,During Launch
4193,2025-03-22 11:00:10,180.845,3392.3787174800004,-91.797,33.292,-117.7952625,35.099512,-46.9267813167379,33.457326544612314,-151.8473175555496,During Launch
4194,2025-03-22 11:00:10,180.887,3392.6805547599997,-85.36,33.294,-117.7952625,35.099512,-49.552970679811054,35.57381453361367,-155.09228288350243,During Launch
4195,2025-03-22 11:00:10,180.929,3387.9495834799995,-82.677,33.292,-117.7952625,35.099512,-52.502039861303,40.62061383976945,-159.3672059619062,During Launch
4196,2025-03-22 11:00:10,180.972,3393.0053579200003,-78.076,33.297,-117.7952625,35.099512,-53.259829283824345,42.9360480529938,-161.09060328732366,During Launch
4197,2025-03-22 11:00:10,181.014,3392.3590324399997,-81.641,33.292,-117.7952625,35.099512,-52.507563005838996,46.458047175743076,-163.9544893399981,During Launch
4198,2025-03-22 11:00:10,181.057,3391.14512164,-76.188,33.289,-117.7952625,35.099512,-52.206293507644986,49.068096712817926,-165.0479415875809,During Launch
4199,2025-03-22 11:00:10,181.099,3387.0900034,-80.388,33.282,-117.7952625,35.099512,-51.041248911488424,52.85830788484611,-167.42746589117726,During Launch
4200,2025-03-22 11:00:10,181.141,3385.09197184,-84.729,33.289,-117.7952625,35.099512,-50.26231228182258,53.71474092958897,-167.85856718997877,During Launch
4201,2025-03-22 11:00:10,181.184,3376.39774584,-94.826,33.284,-117.7952625,35.099512,-47.614950175786014,50.43769192098728,-168.47724523304151,During Launch
4202,2025-03-22 11:00:10,181.226,3378.8354099599997,-83.868,33.279,-117.7952625,35.099512,-45.4203534838764,46.882461809230634,-168.1107104602611,During Launch
4203,2025-03-22 11:00:10,181.268,3388.41218192,-62.934,33.282,-117.7952625,35.099512,-39.83774641123228,39.33824180029142,-164.35808467374767,During Launch
4204,2025-03-22 11:00:10,181.311,3388.41218192,-58.452,33.282,-117.7952625,35.099512,-32.01804009890725,31.039616362216425,-156.92371273145022,During Launch
4205,2025-03-22 11:00:10,181.361,3376.1910529200004,-63.096,33.279,-117.7952625,35.099512,-27.363639191907584,27.983054355543715,-150.57212076242038,During Launch
4206,2025-03-22 11:00:10,181.405,3370.99092152,-69.308,33.287,-117.7952625,35.099512,-16.294753641411013,23.671590683566887,-131.72884189360596,During Launch
4207,2025-03-22 11:00:10,181.447,3370.6693992000005,-62.947,33.264,-117.7952625,35.099512,-9.842649315733109,22.61193518334523,-119.00445641515856,During Launch
4208,2025-03-22 11:00:10,181.489,3354.93120972,-71.966,33.282,-117.7952625,35.099512,1.7216238730438445,21.351868932380174,-92.64332582033006,During Launch
4209,2025-03-22 11:00:10,181.532,3347.0965638000002,-81.821,33.289,-117.7952625,35.099512,6.147165992261282,20.506087197952176,-80.48260002110489,During Launch
4210,2025-03-22 11:00:10,181.574,3338.08737716,-87.701,33.284,-117.7952625,35.099512,8.072770417093281,17.88316133266665,-60.32815383687141,During Launch
4211,2025-03-22 11:00:10,181.617,3330.7251722,-84.834,33.282,-117.7952625,35.099512,8.941015386664558,16.821759398886357,-51.30344076439449,During Launch
4212,2025-03-22 11:00:10,181.66,3319.0519434800003,-87.896,33.287,-117.7952625,35.099512,10.994407157011429,16.069190147397386,-35.506228913370066,During Launch
4213,2025-03-22 11:00:10,181.702,3316.32556544,-85.946,33.279,-117.79522233333333,35.099591333333336,11.757085537784054,17.138308243227648,-30.37149755323511,During Launch
4214,2025-03-22 11:00:10,181.753,3313.47123464,-88.938,33.264,-117.79522233333333,35.099591333333336,12.818191221103055,20.106492409592725,-22.57394625876189,During Launch
4215,2025-03-22 11:00:10,181.797,3314.0092924,-81.766,33.282,-117.79522233333333,35.099591333333336,7.18570278188913,25.22186998584871,-27.552781626709784,During Launch
4216,2025-03-22 11:00:11,181.839,3311.04669388,-79.762,33.279,-117.79522233333333,35.099591333333336,-0.23768448189016533,28.496828018732767,-42.57112038454049,During Launch
4217,2025-03-22 11:00:11,181.882,3312.49682516,-72.115,33.272,-117.79522233333333,35.099591333333336,-15.3519570316976,38.014163460506495,-70.70873243497495,During Launch
4218,2025-03-22 11:00:11,181.924,3312.38855744,-74.134,33.269,-117.79522233333333,35.099591333333336,-25.356787425531024,44.68271849106057,-82.01909558425331,During Launch
4219,2025-03-22 11:00:11,181.967,3319.1142794400002,-68.117,33.257,-117.79522233333333,35.099591333333336,-48.6046287439462,57.41157175961386,-100.22503021859401,During Launch
4220,2025-03-22 11:00:11,182.009,3321.2271404,-61.78,33.249,-117.79522233333333,35.099591333333336,-61.24628454343676,64.73320188269786,-107.19232227215323,During Launch
4221,2025-03-22 11:00:11,182.051,3311.67005348,-75.38,33.247,-117.79522233333333,35.099591333333336,-91.6315709753638,89.23210175107144,-116.41623138982449,During Launch
4222,2025-03-22 11:00:11,182.094,3312.98895116,-73.491,33.247,-117.79522233333333,35.099591333333336,-108.2442256788062,103.83140536040729,-118.88411364233774,During Launch
4223,2025-03-22 11:00:11,182.136,3310.13462036,-75.079,33.242,-117.79522233333333,35.099591333333336,-131.40985939508928,122.88217088932078,-121.39701585408953,During Launch
4224,2025-03-22 11:00:11,182.178,3306.96204808,-74.261,33.235,-117.79522233333333,35.099591333333336,-139.67898100669962,129.3424929336167,-122.14944937315583,During Launch
4225,2025-03-22 11:00:11,182.221,3298.16939688,-80.484,33.235,-117.79522233333333,35.099591333333336,-154.09736606144634,138.68645292244798,-121.50710548136149,During Launch
4226,2025-03-22 11:00:11,182.263,3288.64183752,-81.331,33.222,-117.79522233333333,35.099591333333336,-162.43731375754268,142.73026855144516,-118.47998791252546,During Launch
4227,2025-03-22 11:00:11,182.305,3286.65692932,-85.43,33.227,-117.79522233333333,35.099591333333336,-179.41027763276324,147.01370385346385,-102.5672566730489,During Launch
4228,2025-03-22 11:00:11,182.348,3282.26388456,-98.285,33.227,-117.79522233333333,35.099591333333336,-83.52530582155414,147.98111569958016,-91.12487367643806,During Launch
4229,2025-03-22 11:00:11,182.396,3274.35706016,-105.12,33.227,-117.79522233333333,35.099591333333336,30.29753520430475,148.30316012902108,-68.56622175725744,During Launch
4230,2025-03-22 11:00:11,182.442,3272.59852992,-95.83,33.227,-117.79522233333333,35.099591333333336,85.75456445198546,146.02477282252437,-55.640974077980566,During Launch
4231,2025-03-22 11:00:11,182.485,3266.77175808,-96.499,33.232,-117.79522233333333,35.099591333333336,100.43570261239827,144.84829131916266,-50.290309015825024,During Launch
4232,2025-03-22 11:00:11,182.528,3266.86690244,-96.025,33.237,-117.79522233333333,35.099591333333336,113.37021317034143,141.70333450238854,-40.75923997602232,During Launch
4233,2025-03-22 11:00:11,182.57,3265.338031,-82.88,33.232,-117.79522233333333,35.099591333333336,114.29904641467161,138.8421668838237,-37.534523571157465,During Launch
4234,2025-03-22 11:00:11,182.612,3256.99485488,-83.428,33.232,-117.79522233333333,35.099591333333336,113.09570556699371,133.00586787184614,-34.0688237124126,During Launch
4235,2025-03-22 11:00:11,182.655,3252.04734816,-79.593,33.235,-117.79522233333333,35.099591333333336,112.71445983694306,131.48255853931687,-33.15598979795407,During Launch
4236,2025-03-22 11:00:11,182.697,3247.65758424,-76.914,33.235,-117.79518316666666,35.099663,108.24983502096899,125.8695178473368,-32.196105242620376,During Launch
4237,2025-03-22 11:00:11,182.74,3248.97648192,-64.885,33.235,-117.79518316666666,35.099663,105.29966098382218,122.685721285601,-32.12663381552675,During Launch
4238,2025-03-22 11:00:11,182.782,3247.54931652,-63.682,33.232,-117.79518316666666,35.099663,101.08061895877461,118.13690764794119,-32.460678278861074,During Launch
4239,2025-03-22 11:00:11,182.824,3242.92661296,-65.868,33.242,-117.79518316666666,35.099663,99.83623010410908,116.8626389904209,-32.48210925470173,During Launch
4240,2025-03-22 11:00:12,182.867,3240.75469688,-68.462,33.232,-117.79518316666666,35.099663,92.08180133055787,107.29309070901543,-32.487676004445355,During Launch
4241,2025-03-22 11:00:12,182.909,3234.38658644,-71.645,33.237,-117.79518316666666,35.099663,85.39989696386641,98.75384373339146,-33.759502771652215,During Launch
4242,2025-03-22 11:00:12,182.951,3227.5919668,-79.425,33.232,-117.79518316666666,35.099663,73.27884710402033,83.8292872467082,-34.936305726047834,During Launch
4243,2025-03-22 11:00:12,182.994,3224.84262288,-81.819,33.235,-117.79518316666666,35.099663,67.84443255456235,78.10714340660299,-36.033822061664445,During Launch
4244,2025-03-22 11:00:12,183.036,3223.09065432,-89.826,33.235,-117.79518316666666,35.099663,52.88229095053894,68.06800207013455,-42.09165091896044,During Launch
4245,2025-03-22 11:00:12,183.079,3215.633305,-98.686,33.229,-117.79518316666666,35.099663,44.40558593459441,63.643058026956375,-45.98210517824396,During Launch
4246,2025-03-22 11:00:12,183.121,3210.48894788,-94.562,33.232,-117.79518316666666,35.099663,29.459191498377773,58.2536784212991,-54.46763115880596,During Launch
4247,2025-03-22 11:00:12,183.164,3207.86099504,-98.25,33.232,-117.79518316666666,35.099663,23.009322250383306,55.50375369396057,-58.363613262837085,During Launch
4248,2025-03-22 11:00:12,183.214,3203.3596825600002,-99.049,33.235,-117.79518316666666,35.099663,7.0287360989591905,49.20145741872429,-70.59245315723165,During Launch
4249,2025-03-22 11:00:12,183.257,3198.654958,-100.377,33.232,-117.79518316666666,35.099663,-9.49849418458668,45.56536713217446,-87.40828739982756,During Launch
4250,2025-03-22 11:00:12,183.3,3191.41742496,-98.936,33.237,-117.79518316666666,35.099663,-16.924367053262564,44.275721682958995,-95.68481480586487,During Launch
4251,2025-03-22 11:00:12,183.343,3187.910207,-93.27,33.237,-117.79518316666666,35.099663,-28.351207899574593,43.22522329113146,-108.52031106059098,During Launch
4252,2025-03-22 11:00:12,183.385,3181.01060048,-97.821,33.235,-117.79518316666666,35.099663,-33.6893703035634,44.287372254294475,-113.27101465183094,During Launch
4253,2025-03-22 11:00:12,183.427,3173.04144012,-101.226,33.227,-117.79518316666666,35.099663,-45.228363478221254,52.04160681684989,-118.38202742223972,During Launch
4254,2025-03-22 11:00:12,183.47,3166.03356588,-100.86,33.227,-117.79518316666666,35.099663,-49.69909868937594,55.793213542684406,-119.40692422707228,During Launch
4255,2025-03-22 11:00:12,183.512,3163.7501012400003,-101.728,33.22,-117.79518316666666,35.099663,-60.382261496774305,67.28912909051476,-120.47263895774663,During Launch
4256,2025-03-22 11:00:12,183.554,3162.21138728,-97.811,33.224,-117.79518316666666,35.099663,-66.81986491340487,74.79608958722972,-119.53548406942858,During Launch
4257,2025-03-22 11:00:12,183.597,3164.6490514,-95.62,33.21,-117.79518316666666,35.099663,-77.90578319801834,85.440782261832,-111.65020141546266,During Launch
4258,2025-03-22 11:00:12,183.64,3165.846558,-92.983,33.212,-117.79518316666666,35.099663,-85.9872882154744,89.87324694614964,-106.48248371306548,During Launch
4259,2025-03-22 11:00:12,183.682,3170.3413088,-80.985,33.21,-117.79518316666666,35.099663,-115.48064617336593,99.78405329979239,-94.64459346833588,During Launch
4260,2025-03-22 11:00:12,183.724,3184.2389470400003,-63.432,33.212,-117.79513633333333,35.099737166666664,-130.89715238549996,104.15279460364899,-88.73028892063552,During Launch
4261,2025-03-22 11:00:12,183.767,3179.54078416,-63.661,33.21,-117.79513633333333,35.099737166666664,25.6573219099675,110.64134829156836,-79.15845310408868,During Launch
4262,2025-03-22 11:00:12,183.81,3186.2730678400003,-58.601,33.212,-117.79513633333333,35.099737166666664,66.10999631361531,114.35816702804398,-71.8631895846863,During Launch
4263,2025-03-22 11:00:13,183.852,3184.79668984,-58.647,33.21,-117.79513633333333,35.099737166666664,111.78854365494915,125.13053141666623,-54.81980501705612,During Launch
4264,2025-03-22 11:00:13,183.894,3177.32621716,-61.309,33.22,-117.79513633333333,35.099737166666664,126.61729433486529,130.7969014866138,-48.52908988661399,During Launch
4265,2025-03-22 11:00:13,183.937,3162.89708284,-72.764,33.21,-117.79513633333333,35.099737166666664,148.18717715661657,144.1951204597742,-39.19844235096231,During Launch
4266,2025-03-22 11:00:13,183.979,3166.174642,-63.749,33.214,-117.79513633333333,35.099737166666664,155.0440183551042,148.92483086593583,-35.80958083743633,During Launch
4267,2025-03-22 11:00:13,184.021,3163.11033744,-60.263,33.214,-117.79513633333333,35.099737166666664,163.96272818384497,155.22291663296443,-32.48002812459092,During Launch
4268,2025-03-22 11:00:13,184.064,3162.7822534399997,-58.0,33.212,-117.79513633333333,35.099737166666664,167.67041486870536,157.26411832313215,-32.87108716239685,During Launch
4269,2025-03-22 11:00:13,184.106,3145.50863084,-72.507,33.187,-117.79513633333333,35.099737166666664,173.40908405379975,159.9926651236724,-36.77313717004613,During Launch
4270,2025-03-22 11:00:13,184.148,3144.83605864,-66.228,33.212,-117.79513633333333,35.099737166666664,175.50753010255718,160.57674914362514,-40.027046048235924,During Launch
4271,2025-03-22 11:00:13,184.191,3139.0617802399997,-66.754,33.204,-117.79513633333333,35.099737166666664,179.0955700287951,160.74319784991502,-48.42944762645758,During Launch
4272,2025-03-22 11:00:13,184.233,3128.32687176,-74.4,33.21,-117.79513633333333,35.099737166666664,180.76977732314947,160.3636981991799,-52.918079271898335,During Launch
4273,2025-03-22 11:00:13,184.275,3117.1949816399997,-81.211,33.204,-117.79513633333333,35.099737166666664,80.26068015789747,158.9719919902977,-66.43370204955946,During Launch
4274,2025-03-22 11:00:13,184.318,3110.97778984,-82.636,33.197,-117.79513633333333,35.099737166666664,6.778828737083629,158.5424196754623,-73.190584414569,During Launch
4275,2025-03-22 11:00:13,184.36,3104.39970564,-82.092,33.207,-117.79513633333333,35.099737166666664,-83.80245740939466,157.37345350749987,-83.01611042297249,During Launch
4276,2025-03-22 11:00:13,184.403,3101.1287081600003,-81.869,33.21,-117.79513633333333,35.099737166666664,-111.084916877104,157.15742222393868,-86.33608769561883,During Launch
4277,2025-03-22 11:00:13,184.445,3092.1621724399997,-83.819,33.207,-117.79513633333333,35.099737166666664,-144.49215628373045,155.4595411623989,-90.295881940241,During Launch
4278,2025-03-22 11:00:13,184.487,3084.2979989600003,-83.72,33.207,-117.79513633333333,35.099737166666664,-154.64445442640252,154.5929382276483,-90.87518659233066,During Launch
4279,2025-03-22 11:00:13,184.53,3072.18841852,-88.533,33.204,-117.79513633333333,35.099737166666664,-63.79236691226069,150.4539475096373,-86.24223271192375,During Launch
4280,2025-03-22 11:00:13,184.572,3066.62083304,-91.631,33.202,-117.79513633333333,35.099737166666664,7.018553443602876,147.55557012245126,-83.2921957436978,During Launch
4281,2025-03-22 11:00:13,184.614,3060.83671212,-95.636,33.204,-117.79513633333333,35.099737166666664,90.32269331039888,139.6593622529757,-76.09436463210606,During Launch
4282,2025-03-22 11:00:13,184.657,3056.37805056,-102.142,33.197,-117.79513633333333,35.099737166666664,113.78996895898115,136.1622587175175,-72.69781230043222,During Launch
4283,2025-03-22 11:00:13,184.699,3058.10049156,-101.743,33.2,-117.79507416666667,35.099828333333335,136.113849198252,122.63611597850137,-68.86075448482883,During Launch
4284,2025-03-22 11:00:13,184.742,3062.69038672,-101.557,33.202,-117.79507416666667,35.099828333333335,134.18375015119526,112.82905479580032,-67.71779484117798,During Launch
4285,2025-03-22 11:00:13,184.784,3069.3570535999997,-108.379,33.2,-117.79507416666667,35.099828333333335,130.21583385708055,100.34532367511106,-64.4403204949599,During Launch
4286,2025-03-22 11:00:13,184.826,3069.33080688,-104.07,33.21,-117.79507416666667,35.099828333333335,129.21940795922922,96.13363389810726,-62.90477879219117,During Launch
4287,2025-03-22 11:00:14,184.869,3073.6057414,-106.39,33.202,-117.79507416666667,35.099828333333335,128.2648666880769,91.9401220184748,-60.57174956790256,During Launch
4288,2025-03-22 11:00:14,184.911,3078.76322188,-100.126,33.195,-117.79507416666667,35.099828333333335,126.72580986864845,90.53378588921424,-58.508430838033675,During Launch
4289,2025-03-22 11:00:14,184.959,3079.39970484,-91.95,33.2,-117.79507416666667,35.099828333333335,126.72337970540931,91.5591387881106,-53.13509750955732,During Launch
4290,2025-03-22 11:00:14,185.004,3077.65429796,-79.89,33.2,-117.79507416666667,35.099828333333335,129.06186920113186,93.90962077584798,-48.725182292881,During Launch
4291,2025-03-22 11:00:14,185.05,3064.87214532,-94.587,33.202,-117.79507416666667,35.099828333333335,130.2669652479427,96.3893957435407,-45.5089909140343,During Launch
4292,2025-03-22 11:00:14,185.092,3058.99616088,-97.212,33.197,-117.79507416666667,35.099828333333335,135.55655030080163,104.29442039962964,-40.705161658939126,During Launch
4293,2025-03-22 11:00:14,185.134,3053.87805048,-101.78,33.202,-117.79507416666667,35.099828333333335,140.39849303892757,110.83414969488052,-38.6008619724132,During Launch
4294,2025-03-22 11:00:14,185.177,3043.28749896,-95.445,33.197,-117.79507416666667,35.099828333333335,149.9830164541747,125.00811474836733,-34.91474746970699,During Launch
4295,2025-03-22 11:00:14,185.219,3044.27831264,-93.891,33.195,-117.79507416666667,35.099828333333335,154.74866335289528,131.45085917260852,-34.41224074174483,During Launch
4296,2025-03-22 11:00:14,185.261,3039.16020224,-93.366,33.192,-117.79507416666667,35.099828333333335,166.07167821574242,142.75631946505123,-39.62354444061273,During Launch
4297,2025-03-22 11:00:14,185.304,3020.19694704,-100.962,33.187,-117.79507416666667,35.099828333333335,171.35425649783124,147.3300729804868,-44.82367242740882,During Launch
4298,2025-03-22 11:00:14,185.354,3028.6910417999998,-82.024,33.192,-117.79507416666667,35.099828333333335,77.95371181697169,154.0153069637577,-62.92965862159554,During Launch
4299,2025-03-22 11:00:14,185.398,3022.83802324,-81.611,33.177,-117.79507416666667,35.099828333333335,-36.59766847682496,155.56122952887534,-88.619505236409,During Launch
4300,2025-03-22 11:00:14,185.441,3017.26059524,-80.61,33.182,-117.79507416666667,35.099828333333335,-66.95772236196402,154.00560465050972,-99.51349457951025,During Launch
4301,2025-03-22 11:00:14,185.484,3007.2638757600002,-86.831,33.175,-117.79507416666667,35.099828333333335,-101.81388926763535,149.33573961835393,-114.01769875267209,During Launch
4302,2025-03-22 11:00:14,185.526,3005.98106732,-79.724,33.165,-117.79507416666667,35.099828333333335,-110.97574570659776,145.33885732403579,-117.8398130042036,During Launch
4303,2025-03-22 11:00:14,185.568,3003.48434808,-74.758,33.162,-117.79507416666667,35.099828333333335,-121.294266169515,138.8630524452766,-122.63641022698587,During Launch
4304,2025-03-22 11:00:14,185.611,2995.1116444,-71.301,33.155,-117.79507416666667,35.099828333333335,-124.20648610637993,135.92207321501397,-123.81766459705712,During Launch
4305,2025-03-22 11:00:14,185.653,2993.05127688,-68.057,33.152,-117.79507416666667,35.099828333333335,-131.70298613521416,132.02660862197095,-122.29590547668755,During Launch
4306,2025-03-22 11:00:14,185.695,2987.85114548,-67.517,33.142,-117.79502833333333,35.099893,-135.13345572725942,130.11061166668296,-120.58118677055275,During Launch
4307,2025-03-22 11:00:14,185.738,2982.42463612,-68.412,33.135,-117.79502833333333,35.099893,-142.83984885765673,127.81811494171795,-116.61436429507911,During Launch
4308,2025-03-22 11:00:14,185.78,2975.02306108,-76.852,33.137,-117.79502833333333,35.099893,-148.9432896348671,127.81725084532012,-113.3534978023927,During Launch
4309,2025-03-22 11:00:14,185.823,2969.70810028,-86.015,33.13,-117.79502833333333,35.099893,-161.377079946496,128.32911395092822,-106.79309325388053,During Launch
4310,2025-03-22 11:00:15,185.865,2966.01387444,-95.6,33.125,-117.79502833333333,35.099893,-167.45337070671732,128.70606733456884,-103.58731199021304,During Launch
4311,2025-03-22 11:00:15,185.908,2961.00075092,-100.12,33.13,-117.79502833333333,35.099893,-181.00050773366166,127.8194290218162,-95.10729644030692,During Launch
4312,2025-03-22 11:00:15,185.95,2952.52306036,-112.01,33.125,-117.79502833333333,35.099893,-83.9732327662183,126.92058275609132,-90.15432753856508,During Launch
4313,2025-03-22 11:00:15,185.992,2950.9023254,-118.28,33.122,-117.79502833333333,35.099893,34.56742354929076,124.42171643961817,-83.52324734980247,During Launch
4314,2025-03-22 11:00:15,186.035,2951.45350652,-118.909,33.125,-117.79502833333333,35.099893,69.07658339509297,121.55520366471475,-81.28978203694149,During Launch
4315,2025-03-22 11:00:15,186.085,2957.2015382,-111.427,33.127,-117.79502833333333,35.099893,109.25975813959337,116.47384501617509,-77.2667652068342,During Launch
4316,2025-03-22 11:00:15,186.129,2965.23631536,-92.341,33.132,-117.79502833333333,35.099893,127.20891585388078,112.00791505093719,-74.30428441516378,During Launch
4317,2025-03-22 11:00:15,186.173,2974.17660436,-78.464,33.13,-117.79502833333333,35.099893,129.67769858159903,109.87987517165449,-72.05156581047585,During Launch
4318,2025-03-22 11:00:15,186.216,2965.23631536,-81.924,33.132,-117.79502833333333,35.099893,123.58939097756432,104.11204459246848,-64.6780482592875,During Launch
4319,2025-03-22 11:00:15,186.258,2958.91741752,-78.048,33.137,-117.79502833333333,35.099893,119.38490522730667,101.10861345332007,-60.862324336429786,During Launch
4320,2025-03-22 11:00:15,186.301,2948.35639356,-88.652,33.137,-117.79502833333333,35.099893,102.88350675774896,86.42267879760627,-53.74826624552906,During Launch
4321,2025-03-22 11:00:15,186.344,2950.53159048,-81.836,33.14,-117.79502833333333,35.099893,92.25419060472676,74.74679657547615,-50.23124914940756,During Launch
4322,2025-03-22 11:00:15,186.386,2944.6654485599997,-69.807,33.135,-117.79502833333333,35.099893,81.1076809706433,58.6842142543588,-43.77520222856444,During Launch
4323,2025-03-22 11:00:15,186.428,2934.75403092,-87.465,33.142,-117.79502833333333,35.099893,78.16292410131392,52.21177777311335,-40.85706351500225,During Launch
4324,2025-03-22 11:00:15,186.471,2928.0315897600003,-88.356,33.137,-117.79502833333333,35.099893,75.90371161686917,40.9800536808472,-35.903442089519,During Launch
4325,2025-03-22 11:00:15,186.513,2921.50927984,-89.32,33.137,-117.79502833333333,35.099893,76.30210343379154,35.675488256439984,-33.54088555112554,During Launch
4326,2025-03-22 11:00:15,186.555,2914.87214052,-86.267,33.14,-117.79502833333333,35.099893,78.27263593728574,27.84756280929854,-29.963945023951133,During Launch
4327,2025-03-22 11:00:15,186.598,2911.1844763599997,-88.43,33.137,-117.79502833333333,35.099893,79.70799139988158,25.215327964431335,-28.45981111381389,During Launch
4328,2025-03-22 11:00:15,186.64,2907.6280458,-89.418,33.127,-117.79502833333333,35.099893,84.12229654911704,24.416372063869325,-25.780523161254976,During Launch
4329,2025-03-22 11:00:15,186.682,2905.4266021599997,-83.74,33.137,-117.79502833333333,35.099893,88.15644249500586,30.419036081447725,-24.372919752017,During Launch
4330,2025-03-22 11:00:15,186.725,2898.3596727999998,-88.332,33.14,-117.7949835,35.09992916666667,93.85399849355967,39.074779532228455,-22.122353043825985,During Launch
4331,2025-03-22 11:00:15,186.767,2896.06964648,-85.617,33.142,-117.7949835,35.09992916666667,96.66041276057351,45.25446283584186,-21.46089906652477,During Launch
4332,2025-03-22 11:00:15,186.81,2888.05127352,-88.035,33.137,-117.7949835,35.09992916666667,101.55024301580482,56.10224325795545,-20.33209169290678,During Launch
4333,2025-03-22 11:00:16,186.852,2881.21072212,-87.512,33.135,-117.7949835,35.09992916666667,104.14184261462837,61.28119393086534,-19.974694672969402,During Launch
4334,2025-03-22 11:00:16,186.894,2883.58933112,-80.41,33.137,-117.7949835,35.09992916666667,108.14165823104027,69.01686564400256,-18.45453969291963,During Launch
4335,2025-03-22 11:00:16,186.937,2876.55192932,-83.453,33.132,-117.7949835,35.09992916666667,110.2245606279186,72.71840200208085,-17.57959321346659,During Launch
4336,2025-03-22 11:00:16,186.979,2878.2645278,-77.251,33.105,-117.7949835,35.09992916666667,115.53275842071487,81.3610694884005,-15.396105563504884,During Launch
4337,2025-03-22 11:00:16,187.021,2878.9305383200003,-68.714,33.137,-117.7949835,35.09992916666667,120.4867947292489,89.63915032912965,-14.145641641631961,During Launch
4338,2025-03-22 11:00:16,187.064,2880.66938352,-65.516,33.137,-117.7949835,35.09992916666667,131.17957219421578,107.99188879082729,-11.396337765007734,During Launch
4339,2025-03-22 11:00:16,187.106,2871.66019688,-74.504,33.135,-117.7949835,35.09992916666667,137.73085185202197,118.59812822844428,-10.764011406097282,During Launch
4340,2025-03-22 11:00:16,187.148,2867.60835948,-84.283,33.147,-117.7949835,35.09992916666667,153.97327782003853,141.65459461171102,-10.007216470814884,During Launch
4341,2025-03-22 11:00:16,187.191,2872.211378,-87.594,33.14,-117.7949835,35.09992916666667,161.6408093674357,151.5619772569376,-9.90651838717654,During Launch
4342,2025-03-22 11:00:16,187.233,2855.3741071199997,-112.078,33.14,-117.7949835,35.09992916666667,176.5305767598563,165.74227727008963,-18.24792395420406,During Launch
4343,2025-03-22 11:00:16,187.276,2848.75009116,-109.893,33.142,-117.7949835,35.09992916666667,182.33011734024294,170.49744876173372,-29.72326286603336,During Launch
4344,2025-03-22 11:00:16,187.318,2845.71203332,-106.798,33.142,-117.7949835,35.09992916666667,12.237047949587875,176.2327436196162,-72.31712005081089,During Launch
4345,2025-03-22 11:00:16,187.361,2842.70350304,-99.673,33.132,-117.7949835,35.09992916666667,-39.528096834981135,177.42659256042631,-87.170037515757,During Launch
4346,2025-03-22 11:00:16,187.403,2847.0703010800003,-97.697,33.122,-117.7949835,35.09992916666667,-103.10173619362853,176.80323599399478,-108.13725267473617,During Launch
4347,2025-03-22 11:00:16,187.445,2839.3800121199997,-99.42,33.12,-117.7949835,35.09992916666667,-118.9511034550244,174.13877560209403,-116.9975761559393,During Launch
4348,2025-03-22 11:00:16,187.496,2823.85835808,-103.835,33.09,-117.7949835,35.09992916666667,-134.9697301565362,162.54722168288524,-124.15759979403309,During Launch
4349,2025-03-22 11:00:16,187.539,2813.8321110399997,-106.928,33.11,-117.7949835,35.09992916666667,-137.66504027134275,147.50140978883354,-125.95320618219873,During Launch
4350,2025-03-22 11:00:16,187.581,2808.68775392,-105.638,33.09,-117.7949835,35.09992916666667,-138.16784899639597,141.62805815063842,-126.1097171106857,During Launch
4351,2025-03-22 11:00:16,187.624,2807.27043104,-100.656,33.092,-117.7949835,35.09992916666667,-142.72970301964793,133.01975662005685,-121.97592154073081,During Launch
4352,2025-03-22 11:00:16,187.666,2805.7743680000003,-98.699,33.087,-117.7949835,35.09992916666667,-146.30058261833963,129.6576057750774,-118.28460436178771,During Launch
4353,2025-03-22 11:00:16,187.709,2803.92397424,-97.01,33.09,-117.79493183333334,35.09995583333333,-161.70049133640782,124.90919014009714,-106.11837725694953,During Launch
4354,2025-03-22 11:00:16,187.752,2803.5171500799997,-95.242,33.08,-117.79493183333334,35.09995583333333,-68.4220892321261,123.07750062658893,-98.52689335470998,During Launch
4355,2025-03-22 11:00:16,187.794,2800.69234684,-91.363,33.057,-117.79493183333334,35.09995583333333,37.099697398841656,119.73618289433452,-83.56794177696479,During Launch
4356,2025-03-22 11:00:17,187.837,2800.2297484,-89.57,33.095,-117.79493183333334,35.09995583333333,66.74870746122012,117.8091676977127,-77.48652169808835,During Launch
4357,2025-03-22 11:00:17,187.879,2796.76518136,-85.394,33.095,-117.79493183333334,35.09995583333333,102.67546552278623,114.97462326772691,-68.33550265330223,During Launch
4358,2025-03-22 11:00:17,187.922,2790.7317166,-84.56,33.085,-117.79493183333334,35.09995583333333,112.64331005078921,113.54067844869638,-64.34707055556167,During Launch
4359,2025-03-22 11:00:17,187.964,2781.89313364,-95.043,33.107,-117.79493183333334,35.09995583333333,127.39578280797751,112.34120677398921,-59.710054720798404,During Launch
4360,2025-03-22 11:00:17,188.006,2778.25468208,-91.953,33.092,-117.79493183333334,35.09995583333333,132.86567751927737,111.50750788461217,-59.11890433318276,During Launch
4361,2025-03-22 11:00:17,188.049,2772.92003624,-98.453,33.105,-117.79493183333334,35.09995583333333,142.4360725336948,111.81466612620387,-58.51291906137565,During Launch
4362,2025-03-22 11:00:17,188.091,2765.32817248,-106.17,33.105,-117.79493183333334,35.09995583333333,147.0559469525909,112.44051828724842,-59.04608927619342,During Launch
4363,2025-03-22 11:00:17,188.134,2762.6149178,-110.331,33.112,-117.79493183333334,35.09995583333333,155.45266952338224,114.19304574415344,-61.10370138559269,During Launch
4364,2025-03-22 11:00:17,188.176,2757.34260792,-106.839,33.105,-117.79493183333334,35.09995583333333,159.95480971972628,115.35741398693581,-62.830241576684415,During Launch
4365,2025-03-22 11:00:17,188.219,2755.0591432799997,-105.088,33.107,-117.79493183333334,35.09995583333333,170.41514742772162,118.63569002816172,-67.66655691038565,During Launch
4366,2025-03-22 11:00:17,188.261,2752.74943192,-111.647,33.102,-117.79493183333334,35.09995583333333,179.79918785248748,122.07511797207603,-72.96440461676829,During Launch
4367,2025-03-22 11:00:17,188.311,2749.34720084,-98.355,33.1,-117.79493183333334,35.09995583333333,182.8296940172669,124.04978243678853,-74.96456422094941,During Launch
4368,2025-03-22 11:00:17,188.354,2748.02174148,-93.44,33.11,-117.79493183333334,35.09995583333333,188.28044514368295,127.94957817025141,-79.42867204704943,During Launch
4369,2025-03-22 11:00:17,188.397,2744.44234504,-93.855,33.105,-117.79493183333334,35.09995583333333,189.85259535323718,129.27817102763927,-81.40483662008629,During Launch
4370,2025-03-22 11:00:17,188.439,2740.0099302,-95.263,33.115,-117.79493183333334,35.09995583333333,88.6139362759689,130.92354438254844,-85.55751029449482,During Launch
4371,2025-03-22 11:00:17,188.481,2739.68512704,-99.615,33.112,-117.79493183333334,35.09995583333333,15.622002439587519,131.38452488466095,-88.05891203877992,During Launch
4372,2025-03-22 11:00:17,188.524,2737.29667552,-94.609,33.117,-117.79493183333334,35.09995583333333,-70.85445793603651,132.28216353015796,-94.29458353336659,During Launch
4373,2025-03-22 11:00:17,188.566,2735.13460196,-82.919,33.117,-117.79493183333334,35.09995583333333,-95.8871422787721,132.12003468910007,-96.82137520057829,During Launch
4374,2025-03-22 11:00:17,188.608,2733.52370952,-75.125,33.115,-117.79493183333334,35.09995583333333,-122.68281741051679,130.80902330936527,-102.57457133960258,During Launch
4375,2025-03-22 11:00:17,188.651,2732.1096674799996,-71.568,33.117,-117.79493183333334,35.09995583333333,-129.75086036900854,129.46782381102298,-104.48628889978552,During Launch
4376,2025-03-22 11:00:17,188.694,2731.70612416,-70.621,33.115,-117.79488983333333,35.09998683333333,-136.86429216532477,128.0554565279962,-108.26503111651874,During Launch
4377,2025-03-22 11:00:17,188.737,2727.5788274399997,-73.012,33.112,-117.79488983333333,35.09998683333333,-139.5931130531313,127.69956469627962,-109.13828083616494,During Launch
4378,2025-03-22 11:00:17,188.779,2736.49286972,-63.02,33.097,-117.79488983333333,35.09998683333333,-144.36037065661506,126.74053176883154,-109.54905191485193,During Launch
4379,2025-03-22 11:00:17,188.821,2732.3951005599997,-66.531,33.092,-117.79488983333333,35.09998683333333,-147.08244504357378,126.31440599865077,-108.9986462948167,During Launch
4380,2025-03-22 11:00:18,188.864,2730.55783016,-65.546,33.095,-117.79488983333333,35.09998683333333,-161.31458438730496,127.11395201165452,-102.38524020425993,During Launch
4381,2025-03-22 11:00:18,188.906,2738.33998264,-57.895,33.072,-117.79488983333333,35.09998683333333,-179.64711679168553,130.20429000701597,-94.21994977960885,During Launch
4382,2025-03-22 11:00:18,188.956,2731.0204286,-61.044,33.085,-117.79488983333333,35.09998683333333,-186.85592183375516,130.40600045552287,-90.91062655870488,During Launch
4383,2025-03-22 11:00:18,188.999,2732.3163603999997,-54.239,33.085,-117.79488983333333,35.09998683333333,-18.824748209174885,131.61706438422863,-85.50904328299917,During Launch
4384,2025-03-22 11:00:18,189.041,2728.30717392,-49.755,33.087,-117.79488983333333,35.09998683333333,31.437814843312122,132.4012933157455,-83.28743755736826,During Launch
4385,2025-03-22 11:00:18,189.084,2717.93315784,-55.957,33.087,-117.79488983333333,35.09998683333333,92.03607460730089,133.73480251471844,-78.09400149449421,During Launch
4386,2025-03-22 11:00:18,189.126,2718.6024492,-50.434,33.082,-117.79488983333333,35.09998683333333,107.32042682920365,134.45667157275784,-71.94240987701313,During Launch
4387,2025-03-22 11:00:18,189.169,2706.07292124,-54.968,33.087,-117.79488983333333,35.09998683333333,124.54180440716479,135.45857494487962,-61.41766068740295,During Launch
4388,2025-03-22 11:00:18,189.211,2701.0827636,-57.133,33.087,-117.79488983333333,35.09998683333333,128.3055135354207,135.9197078848946,-55.97212392450441,During Launch
4389,2025-03-22 11:00:18,189.253,2697.34588684,-55.707,33.075,-117.79488983333333,35.09998683333333,130.41522957219303,135.4729198083731,-46.11817793868864,During Launch
4390,2025-03-22 11:00:18,189.295,2694.9508736400003,-55.863,33.08,-117.79488983333333,35.09998683333333,129.952865404514,134.83304868417767,-41.8140017851498,During Launch
4391,2025-03-22 11:00:18,189.338,2690.4036293999998,-57.888,33.085,-117.79488983333333,35.09998683333333,126.6311245809477,131.2766254872197,-34.79005294266471,During Launch
4392,2025-03-22 11:00:18,189.38,2685.88263188,-59.368,33.08,-117.79488983333333,35.09998683333333,126.11551982643823,130.2676203953453,-32.16596714363496,During Launch
4393,2025-03-22 11:00:18,189.423,2682.74942968,-61.059,33.082,-117.79488983333333,35.09998683333333,126.30929535509932,129.19576839877263,-28.043872108616704,During Launch
4394,2025-03-22 11:00:18,189.465,2676.9029728,-63.239,33.087,-117.79488983333333,35.09998683333333,126.70193056306492,128.94999467481506,-26.47746944319956,During Launch
4395,2025-03-22 11:00:18,189.507,2668.27108276,-67.171,33.087,-117.79488983333333,35.09998683333333,128.01848106166153,129.8850061762247,-23.768697869401677,During Launch
4396,2025-03-22 11:00:18,189.55,2666.3485105199998,-68.603,33.082,-117.79488983333333,35.09998683333333,129.46947178091114,131.6484539918013,-22.612977282606394,During Launch
4397,2025-03-22 11:00:18,189.6,2663.43840544,-68.642,33.08,-117.79488983333333,35.09998683333333,135.47431952776407,136.565938030276,-23.00235485512529,During Launch
4398,2025-03-22 11:00:18,189.644,2658.1529722,-71.412,33.082,-117.79488983333333,35.09998683333333,145.5807103542028,142.51459739873025,-28.36887859466235,During Launch
4399,2025-03-22 11:00:18,189.687,2655.56438944,-72.251,33.082,-117.79485833333334,35.100018166666665,150.39157544801915,145.2914942407938,-32.0016693201086,During Launch
4400,2025-03-22 11:00:18,189.729,2657.68053124,-69.044,33.092,-117.79485833333334,35.100018166666665,160.7918708589048,149.14061456799095,-45.36566015201216,During Launch
4401,2025-03-22 11:00:18,189.771,2654.37672536,-71.801,33.08,-117.79485833333334,35.100018166666665,164.85376299748586,151.060207375798,-51.822291726624385,During Launch
4402,2025-03-22 11:00:18,189.814,2646.61425792,-75.176,33.08,-117.79485833333334,35.100018166666665,169.61814084880558,153.29383241250204,-61.6918198337071,During Launch
4403,2025-03-22 11:00:19,189.856,2644.85900852,-85.083,33.09,-117.79485833333334,35.100018166666665,170.7586760689051,154.10936885658833,-65.17200768346521,During Launch
4404,2025-03-22 11:00:19,189.899,2635.83341768,-89.575,33.08,-117.79485833333334,35.100018166666665,171.125196638223,154.65890654239757,-70.14109960581501,During Launch
4405,2025-03-22 11:00:19,189.941,2629.79995292,-93.554,33.08,-117.79485833333334,35.100018166666665,170.72451515421835,154.58983064750123,-71.90691525328154,During Launch
4406,2025-03-22 11:00:19,189.983,2630.003365,-100.591,33.085,-117.79485833333334,35.100018166666665,169.62493641592528,154.41808505859998,-74.61214581394957,During Launch
4407,2025-03-22 11:00:19,190.026,2625.84325988,-98.296,33.072,-117.79485833333334,35.100018166666665,169.09604630074128,153.97036006061649,-75.71002372666752,During Launch
4408,2025-03-22 11:00:19,190.068,2622.82488708,-102.424,33.075,-117.79485833333334,35.100018166666665,166.43956708965305,153.07012563341422,-73.84296526997305,During Launch
4409,2025-03-22 11:00:19,190.11,2625.2920787599996,-96.366,33.075,-117.79485833333334,35.100018166666665,165.04100401084375,152.35456366426814,-72.18630149824894,During Launch
4410,2025-03-22 11:00:19,190.153,2620.7349919999997,-90.924,33.052,-117.79485833333334,35.100018166666665,163.50732894182778,151.003617991403,-69.01864072914918,During Launch
4411,2025-03-22 11:00:19,190.195,2619.6031022,-92.609,33.067,-117.79485833333334,35.100018166666665,162.77053532583483,150.06224688144425,-66.16861346456594,During Launch
4412,2025-03-22 11:00:19,190.238,2609.81307564,-90.047,33.065,-117.79485833333334,35.100018166666665,160.1286947701431,148.72402467329928,-56.34087913718724,During Launch
4413,2025-03-22 11:00:19,190.28,2607.19496532,-87.828,33.075,-117.79485833333334,35.100018166666665,156.88725242243518,147.8474538115478,-49.32986627461376,During Launch
4414,2025-03-22 11:00:19,190.322,2607.9725243999997,-83.605,33.067,-117.79485833333334,35.100018166666665,152.80901606539052,146.54201757310653,-39.55736706728941,During Launch
4415,2025-03-22 11:00:19,190.365,2609.8426032,-79.54,33.065,-117.79485833333334,35.100018166666665,152.07767818534384,146.49771116466107,-35.6458344425267,During Launch
4416,2025-03-22 11:00:19,190.407,2603.97646128,-80.849,33.07,-117.79485833333334,35.100018166666665,152.8533127650396,147.62206293705282,-29.62877013583046,During Launch
4417,2025-03-22 11:00:19,190.449,2599.90493884,-80.428,33.065,-117.79485833333334,35.100018166666665,153.74661246332366,148.34456394959426,-27.527002161053748,During Launch
4418,2025-03-22 11:00:19,190.492,2594.1109754,-82.917,33.06,-117.79485833333334,35.100018166666665,158.46466511997895,152.28744759483743,-24.31355723207721,During Launch
4419,2025-03-22 11:00:19,190.534,2596.69627732,-75.03,33.06,-117.79485833333334,35.100018166666665,160.81125141681642,154.61872554779987,-23.365964724741563,During Launch
4420,2025-03-22 11:00:19,190.576,2585.93184128,-77.025,33.06,-117.79485833333334,35.100018166666665,165.7967926844748,160.51391670987178,-22.50796975455178,During Launch
4421,2025-03-22 11:00:19,190.619,2585.21005648,-75.901,33.047,-117.79485833333334,35.100018166666665,168.23815578236054,163.8533225301224,-23.103091331830477,During Launch
4422,2025-03-22 11:00:19,190.663,2594.3570384,-64.987,33.017,-117.79485833333334,35.100018166666665,172.79165656924286,171.06620219243118,-26.960537554058043,During Launch
4423,2025-03-22 11:00:19,190.705,2580.0460143200003,-73.616,33.047,-117.7948205,35.10005833333334,174.77524257422536,174.35900354420002,-31.053092156058693,During Launch
4424,2025-03-22 11:00:19,190.748,2584.0387966,-67.413,33.045,-117.7948205,35.10005833333334,73.31722347208138,179.81613986278316,-54.26610656591814,During Launch
4425,2025-03-22 11:00:19,190.79,2580.71202484,-72.543,33.042,-117.7948205,35.10005833333334,-1.4280175492812788,181.56327375168684,-69.43147809693113,During Launch
4426,2025-03-22 11:00:19,190.832,2576.8373527999997,-73.081,33.042,-117.7948205,35.10005833333334,-94.45432100840678,183.20531596104064,-100.1375381074066,During Launch
4427,2025-03-22 11:00:20,190.875,2567.4902396400003,-74.575,33.04,-117.7948205,35.10005833333334,-122.41193432133304,183.1692516719536,-113.67898476123634,During Launch
4428,2025-03-22 11:00:20,190.917,2569.09128956,-71.412,33.042,-117.7948205,35.10005833333334,-158.40045743190782,180.4649559955151,-126.61772321873546,During Launch
4429,2025-03-22 11:00:20,190.96,2561.26320532,-70.283,33.035,-117.7948205,35.10005833333334,-169.83666161456833,177.5027978629568,-127.28715499804349,During Launch
4430,2025-03-22 11:00:20,191.002,2557.78879576,-67.871,33.045,-117.7948205,35.10005833333334,-185.8347840274321,170.80561752577665,-121.19773988720947,During Launch
4431,2025-03-22 11:00:20,191.044,2550.56110524,-74.875,33.052,-117.7948205,35.10005833333334,-96.02591497152737,163.28946158382777,-99.3831258539229,During Launch
4432,2025-03-22 11:00:20,191.094,2547.77895292,-73.094,33.047,-117.7948205,35.10005833333334,-28.379335416121307,159.65266467718328,-86.42916219904528,During Launch
4433,2025-03-22 11:00:20,191.138,2542.50992388,-75.061,33.05,-117.7948205,35.10005833333334,52.24809106408299,153.9366401865033,-65.43830326542047,During Launch
4434,2025-03-22 11:00:20,191.18,2541.44693172,-78.36,33.045,-117.7948205,35.10005833333334,76.37584058123319,151.88326812932405,-58.52108178815065,During Launch
4435,2025-03-22 11:00:20,191.222,2539.6096613199998,-75.889,33.047,-117.7948205,35.10005833333334,104.35978190641335,146.77636762049633,-49.35603868395077,During Launch
4436,2025-03-22 11:00:20,191.265,2532.3852516399998,-81.512,33.057,-117.7948205,35.10005833333334,111.29179620778723,143.9948736484579,-45.837057756727944,During Launch
4437,2025-03-22 11:00:20,191.307,2527.14246932,-77.335,33.047,-117.7948205,35.10005833333334,116.8164955546011,137.84356716315742,-40.007269599706035,During Launch
4438,2025-03-22 11:00:20,191.35,2523.0479809999997,-78.642,33.052,-117.7948205,35.10005833333334,117.33334021002841,134.05230585573088,-37.91875437340554,During Launch
4439,2025-03-22 11:00:20,191.392,2517.37868948,-84.667,33.045,-117.7948205,35.10005833333334,118.04595825114669,128.0393976437245,-34.93053360297829,During Launch
4440,2025-03-22 11:00:20,191.434,2515.43315136,-88.316,33.05,-117.7948205,35.10005833333334,118.86150200478907,126.53061968342038,-33.71209716747366,During Launch
4441,2025-03-22 11:00:20,191.477,2510.8170094800003,-87.065,33.047,-117.7948205,35.10005833333334,121.53249027577975,125.32592592500268,-32.00161867830746,During Launch
4442,2025-03-22 11:00:20,191.519,2503.28748168,-90.297,33.052,-117.7948205,35.10005833333334,123.36978273912152,125.84424751990329,-31.326423916208615,During Launch
4443,2025-03-22 11:00:20,191.561,2495.67593288,-92.081,33.05,-117.7948205,35.10005833333334,128.56099665339767,128.7993347162211,-31.021394943112895,During Launch
4444,2025-03-22 11:00:20,191.604,2498.2842006799997,-91.974,33.04,-117.7948205,35.10005833333334,130.89744310235938,130.29230470613965,-31.10120992219422,During Launch
4445,2025-03-22 11:00:20,191.646,2495.98761268,-84.06,33.052,-117.7948205,35.10005833333334,139.13370909038687,136.43282331107892,-32.637848394847715,During Launch
4446,2025-03-22 11:00:20,191.688,2493.87475172,-85.44,33.042,-117.7948205,35.10005833333334,144.86756387038096,139.96526621541057,-34.437250337868925,During Launch
4447,2025-03-22 11:00:20,191.731,2494.41937116,-93.575,33.04,-117.7948205,35.10005833333334,158.1134490403243,147.93073468121017,-39.80894014797621,During Launch
4448,2025-03-22 11:00:20,191.773,2480.48236284,-93.224,33.035,-117.7947875,35.100053833333334,172.1120141191516,153.52951907583017,-53.94678770924101,During Launch
4449,2025-03-22 11:00:20,191.824,2474.9016540000002,-101.429,33.035,-117.7947875,35.100053833333334,178.39627882912404,155.45503565503134,-63.771849522884054,During Launch
4450,2025-03-22 11:00:21,191.867,2461.1746194400002,-110.991,33.025,-117.7947875,35.100053833333334,7.668665065726302,158.04317202122175,-79.48882551086882,During Launch
4451,2025-03-22 11:00:21,191.91,2455.43971112,-112.614,33.02,-117.7947875,35.100053833333334,-43.957240185169965,158.45714848751135,-85.14907456912134,During Launch
4452,2025-03-22 11:00:21,191.952,2445.92199428,-112.877,33.013,-117.7947875,35.100053833333334,-107.13589899204504,158.17731831562747,-94.94845200341474,During Launch
4453,2025-03-22 11:00:21,191.995,2441.44036684,-118.415,33.007,-117.7947875,35.100053833333334,-125.56215340373981,156.07156302752554,-97.89990065464418,During Launch
4454,2025-03-22 11:00:21,192.037,2438.8681882799997,-113.644,33.007,-117.7947875,35.100053833333334,-146.23730892877566,146.8077597327008,-99.64794257307771,During Launch
4455,2025-03-22 11:00:21,192.079,2440.7021778400003,-108.716,33.005,-117.7947875,35.100053833333334,-151.8259569287724,142.70614203620062,-99.99204089798882,During Launch
4456,2025-03-22 11:00:21,192.122,2449.07488152,-94.143,33.0,-117.7947875,35.100053833333334,-156.61712572109954,133.19552937314407,-99.1393621319537,During Launch
4457,2025-03-22 11:00:21,192.164,2452.50664016,-89.04,32.997,-117.7947875,35.100053833333334,-161.4117131513548,128.92359267752545,-97.37980101702976,During Launch
4458,2025-03-22 11:00:21,192.206,2453.8747504400003,-82.992,33.007,-117.7947875,35.100053833333334,-1.148694154250478,122.75559493902249,-91.88030998105002,During Launch
4459,2025-03-22 11:00:21,192.249,2449.7048028,-85.821,33.005,-117.7947875,35.100053833333334,38.89982241947623,120.22299539071301,-86.7213918578924,During Launch
4460,2025-03-22 11:00:21,192.291,2449.7048028,-84.102,33.005,-117.7947875,35.100053833333334,84.66897499440597,118.53872124965264,-75.12620170142841,During Launch
4461,2025-03-22 11:00:21,192.333,2450.3609708,-76.802,33.0,-117.7947875,35.100053833333334,98.25594366257846,118.79491557022526,-70.79288766181058,During Launch
4462,2025-03-22 11:00:21,192.376,2445.9548026800003,-75.947,33.003,-117.7947875,35.100053833333334,121.38557993308912,127.97941398672909,-63.020793045827695,During Launch
4463,2025-03-22 11:00:21,192.418,2434.1536211999996,-83.234,33.007,-117.7947875,35.100053833333334,129.20819129693496,133.93186334486717,-59.07801992044267,During Launch
4464,2025-03-22 11:00:21,192.469,2430.21333236,-80.933,33.0,-117.7947875,35.100053833333334,142.8953115136386,143.73964999424732,-58.16179256418084,During Launch
4465,2025-03-22 11:00:21,192.513,2429.0453533200002,-80.063,32.997,-117.7947875,35.100053833333334,153.4584589495291,149.40207046613705,-65.60652277869181,During Launch
4466,2025-03-22 11:00:21,192.555,2426.98826664,-77.763,33.005,-117.7947875,35.100053833333334,157.59827584141573,151.2029303536609,-71.19696213807,During Launch
4467,2025-03-22 11:00:21,192.597,2424.72776788,-72.875,33.007,-117.7947875,35.100053833333334,161.820731659114,152.99173279336674,-77.9580175408241,During Launch
4468,2025-03-22 11:00:21,192.64,2420.90558928,-69.296,32.997,-117.7947875,35.100053833333334,162.83675707827356,152.91379020450833,-80.06745680083084,During Launch
4469,2025-03-22 11:00:21,192.682,2418.95348948,-73.591,33.003,-117.7947875,35.100053833333334,163.6614269405194,151.64481748181353,-82.38817552892924,During Launch
4470,2025-03-22 11:00:21,192.725,2414.05191452,-75.937,32.997,-117.794731,35.10007683333333,162.76020626148303,150.4604553670124,-80.59317626709051,During Launch
4471,2025-03-22 11:00:21,192.767,2406.4600507600003,-81.015,32.995,-117.794731,35.10007683333333,159.52184347019116,146.87113245182965,-73.25338299989745,During Launch
4472,2025-03-22 11:00:21,192.809,2410.31503776,-78.019,32.995,-117.794731,35.10007683333333,157.48617817762505,144.6091473724284,-68.70714225545927,During Launch
4473,2025-03-22 11:00:22,192.852,2405.6037515199996,-69.396,32.995,-117.794731,35.10007683333333,147.4004983971338,135.7431588478092,-58.38043553465027,During Launch
4474,2025-03-22 11:00:22,192.894,2400.5742238000003,-69.465,32.993,-117.794731,35.10007683333333,141.4186521424176,131.04643155017806,-52.44791418871851,During Launch
4475,2025-03-22 11:00:22,192.936,2394.38655956,-62.477,32.987,-117.794731,35.10007683333333,133.78179057251504,122.59718003390267,-43.45230747445632,During Launch
4476,2025-03-22 11:00:22,192.979,2392.47382984,-58.902,32.983,-117.794731,35.10007683333333,131.97824147934801,119.66710565038076,-39.52182367557157,During Launch
4477,2025-03-22 11:00:22,193.03,2394.6129375200003,-47.597,32.983,-117.794731,35.10007683333333,132.14316647523106,116.84667340744825,-32.90826305267938,During Launch
4478,2025-03-22 11:00:22,193.073,2391.3911526399997,-46.428,32.99,-117.794731,35.10007683333333,134.66958606232518,118.734977810433,-27.002892078027426,During Launch
4479,2025-03-22 11:00:22,193.115,2385.19692672,-49.788,32.983,-117.794731,35.10007683333333,137.03596538892933,123.07298444029057,-23.81311884285381,During Launch
4480,2025-03-22 11:00:22,193.158,2377.69364564,-58.395,32.987,-117.794731,35.10007683333333,148.5233342438669,140.7885788415567,-18.613055689306673,During Launch
4481,2025-03-22 11:00:22,193.2,2384.34062748,-60.05,32.983,-117.794731,35.10007683333333,154.04737012589217,150.74821570176115,-15.25817790736899,During Launch
4482,2025-03-22 11:00:22,193.243,2371.9324906,-74.675,32.983,-117.794731,35.10007683333333,164.51118276067297,165.86901013088163,-15.172205884377501,During Launch
4483,2025-03-22 11:00:22,193.285,2363.37605988,-83.873,32.983,-117.794731,35.10007683333333,169.82512799527086,171.6070587734368,-22.745495222249758,During Launch
4484,2025-03-22 11:00:22,193.327,2374.8524382,-69.436,32.975,-117.794731,35.10007683333333,-3.77772105772722,179.04101023920876,-54.02610764074146,During Launch
4485,2025-03-22 11:00:22,193.37,2367.97251672,-75.748,32.983,-117.794731,35.10007683333333,-57.4269699096832,181.24028726182368,-63.522174663052475,During Launch
4486,2025-03-22 11:00:22,193.412,2367.22776604,-77.047,32.983,-117.794731,35.10007683333333,-121.86935635183323,181.4657112730241,-90.88764329370169,During Launch
4487,2025-03-22 11:00:22,193.455,2362.51976064,-77.326,32.983,-117.794731,35.10007683333333,-140.68611831412906,180.38317568532693,-103.2268350580076,During Launch
4488,2025-03-22 11:00:22,193.497,2351.7553246,-76.365,32.975,-117.794731,35.10007683333333,-165.54363823055004,175.3516680269618,-115.34131503177335,During Launch
4489,2025-03-22 11:00:22,193.539,2357.81831692,-67.659,32.983,-117.794731,35.10007683333333,-173.94625445344113,172.33525229950465,-118.26653993290289,During Launch
4490,2025-03-22 11:00:22,193.582,2353.2317026,-70.92,32.98,-117.794731,35.10007683333333,-184.1244181297156,166.06502192966508,-121.85651267880425,During Launch
4491,2025-03-22 11:00:22,193.624,2342.85112484,-78.706,32.983,-117.794731,35.10007683333333,-188.9286381278484,163.3456918511483,-117.11619235615304,During Launch
4492,2025-03-22 11:00:22,193.666,2338.57947116,-80.588,32.975,-117.794731,35.10007683333333,-20.93588369470899,159.17645238854467,-89.39351156376397,During Launch
4493,2025-03-22 11:00:22,193.709,2332.7953502399996,-82.423,32.987,-117.79467116666666,35.10005233333333,27.78890530910355,158.03372167993132,-73.49823785758788,During Launch
4494,2025-03-22 11:00:22,193.751,2332.91346048,-80.486,32.985,-117.79467116666666,35.10005233333333,84.8346885113857,155.29546751936883,-48.73131249783686,During Launch
4495,2025-03-22 11:00:22,193.794,2330.88590136,-77.798,32.983,-117.79467116666666,35.10005233333333,100.98419860920556,154.42898463619292,-39.251227868207835,During Launch
4496,2025-03-22 11:00:23,193.836,2322.14902444,-78.869,32.95,-117.79467116666666,35.10005233333333,121.5307366619094,154.91875662197023,-24.780463181467745,During Launch
4497,2025-03-22 11:00:23,193.879,2319.77697712,-84.615,32.983,-117.79467116666666,35.10005233333333,128.1639273783344,155.4371771933843,-19.79319112705215,During Launch
4498,2025-03-22 11:00:23,193.921,2312.40492964,-87.183,32.985,-117.79467116666666,35.10005233333333,137.58871204798535,157.18293810612218,-12.382254727508528,During Launch
4499,2025-03-22 11:00:23,193.963,2311.12540204,-83.675,32.99,-117.79467116666666,35.10005233333333,141.00591786164708,158.3585073443609,-9.50701195949917,During Launch
4500,2025-03-22 11:00:23,194.007,2308.01844656,-80.642,32.987,-117.79467116666666,35.10005233333333,147.18498856695814,161.23302643865196,-5.2433364842588555,During Launch
4501,2025-03-22 11:00:23,194.049,2308.5991552399996,-78.388,32.975,-117.79467116666666,35.10005233333333,150.64447668896963,163.17882162384697,-3.9465755810355443,During Launch
4502,2025-03-22 11:00:23,194.091,2300.79403688,-88.425,32.978,-117.79467116666666,35.10005233333333,159.66171895716803,168.63573642323092,-4.178686015282842,During Launch
4503,2025-03-22 11:00:23,194.134,2300.79403688,-85.388,32.978,-117.79467116666666,35.10005233333333,163.3028229512545,171.33424815841664,-5.710911428656187,During Launch
4504,2025-03-22 11:00:23,194.176,2292.99219936,-86.904,32.98,-117.79467116666666,35.10005233333333,165.5092380625107,175.50639613300035,-10.484884267123936,During Launch
4505,2025-03-22 11:00:23,194.219,2289.03222548,-83.564,32.983,-117.79467116666666,35.10005233333333,166.1306708307236,176.9001970799863,-15.506320545761762,During Launch
4506,2025-03-22 11:00:23,194.261,2286.09259284,-92.599,32.972,-117.79467116666666,35.10005233333333,166.83618209644186,177.51458959539926,-30.883526430213948,During Launch
4507,2025-03-22 11:00:23,194.303,2282.6772384,-84.203,32.972,-117.79467116666666,35.10005233333333,167.11442242168226,177.12740163797542,-38.75846196709243,During Launch
4508,2025-03-22 11:00:23,194.346,2275.18708068,-83.119,32.978,-117.79467116666666,35.10005233333333,167.51617940962106,174.9190357818625,-50.93166672830739,During Launch
4509,2025-03-22 11:00:23,194.388,2277.1293379599997,-92.105,32.978,-117.79467116666666,35.10005233333333,167.73392806016687,173.29936434352314,-55.79053466196508,During Launch
4510,2025-03-22 11:00:23,194.43,2272.74613572,-89.836,32.975,-117.79467116666666,35.10005233333333,168.7621556153875,170.03316256816152,-62.29118427323162,During Launch
4511,2025-03-22 11:00:23,194.473,2268.7894426800003,-92.779,32.978,-117.79467116666666,35.10005233333333,168.51833566440405,168.5990639299065,-60.601376263503234,During Launch
4512,2025-03-22 11:00:23,194.515,2268.05453452,-89.118,32.975,-117.79467116666666,35.10005233333333,168.48183889951906,166.59496354448953,-56.02757063406788,During Launch
4513,2025-03-22 11:00:23,194.558,2263.67133228,-83.02,32.978,-117.79467116666666,35.10005233333333,167.81545224773703,166.08589725851562,-51.222491645850695,During Launch
4514,2025-03-22 11:00:23,194.6,2263.90755276,-88.512,32.972,-117.79467116666666,35.10005233333333,165.7788554417052,166.02399694939538,-40.460310401262355,During Launch
4515,2025-03-22 11:00:23,194.643,2259.3242192800003,-88.508,32.97,-117.79467116666666,35.10005233333333,163.80898114316003,166.7628960960107,-33.485891666942166,During Launch
4516,2025-03-22 11:00:23,194.685,2249.20938956,-88.258,32.962,-117.79467116666666,35.10005233333333,161.55113402783022,168.09691056045557,-24.23659435795271,During Launch
4517,2025-03-22 11:00:23,194.727,2248.66477012,-84.745,32.97,-117.79467116666666,35.10005233333333,161.34752156514259,168.9477656743876,-20.707544231433726,During Launch
4518,2025-03-22 11:00:23,194.77,2248.1299932,-79.798,32.972,-117.79467116666666,35.10005233333333,162.01194176605244,170.70939403625368,-15.716067621428262,During Launch
4519,2025-03-22 11:00:23,194.812,2240.1411478,-87.439,32.97,-117.79467116666666,35.10005233333333,162.66893711645017,171.5546623867103,-14.1275434259675,During Launch
4520,2025-03-22 11:00:24,194.854,2238.0086017999997,-87.62,32.97,-117.79467116666666,35.10005233333333,164.77739621195622,173.10656450167446,-12.385145319077687,During Launch
4521,2025-03-22 11:00:24,194.897,2233.74679064,-83.32,32.97,-117.79467116666666,35.10005233333333,165.7621705445611,173.77648674923176,-12.069259973847677,During Launch
4522,2025-03-22 11:00:24,194.939,2230.2658194,-84.444,32.962,-117.79467116666666,35.10005233333333,168.25504570529256,174.21119710549655,-15.046621892114407,During Launch
4523,2025-03-22 11:00:24,194.982,2231.42723676,-76.322,32.96,-117.79467116666666,35.10005233333333,169.72538669900374,173.77133853121532,-19.470195685206534,During Launch
4524,2025-03-22 11:00:24,195.024,2218.339966,-87.451,32.962,-117.79467116666666,35.10005233333333,173.75352784031503,171.65100940835939,-36.056392412863865,During Launch
4525,2025-03-22 11:00:24,195.066,2220.2690999200004,-82.861,32.958,-117.79467116666666,35.10005233333333,177.29178884110055,168.7151776552741,-53.15264823276531,During Launch
4526,2025-03-22 11:00:24,195.117,2212.29665872,-90.171,32.955,-117.79467116666666,35.10005233333333,178.5456549518087,166.70034316367378,-59.661010508062304,During Launch
4527,2025-03-22 11:00:24,195.16,2205.3642438,-89.27,32.953,-117.79467116666666,35.10005233333333,180.33720083049334,160.39090593867627,-69.88477584674975,During Launch
4528,2025-03-22 11:00:24,195.202,2202.7395718,-91.811,32.95,-117.79467116666666,35.10005233333333,179.3063057565985,157.94357176151317,-70.73658441773247,During Launch
4529,2025-03-22 11:00:24,195.245,2200.61030664,-86.419,32.95,-117.79467116666666,35.10005233333333,177.27937909299666,153.21205427219098,-72.13171228667014,During Launch
4530,2025-03-22 11:00:24,195.287,2196.23694692,-86.887,32.955,-117.79467116666666,35.10005233333333,175.51621353661073,150.87566727899227,-71.96382557373498,During Launch
4531,2025-03-22 11:00:24,195.329,2193.37605444,-86.813,32.95,-117.79467116666666,35.10005233333333,170.09894273734238,148.8013477687943,-68.34988496904647,During Launch
4532,2025-03-22 11:00:24,195.372,2192.09652684,-84.734,32.95,-117.79467116666666,35.10005233333333,168.29045134077953,148.47558204585022,-67.26321833542266,During Launch
4533,2025-03-22 11:00:24,195.414,2190.50531944,-79.29,32.948,-117.79467116666666,35.10005233333333,166.7223269715886,149.36573539284902,-66.57088260959765,During Launch
4534,2025-03-22 11:00:24,195.457,2186.9915398000003,-84.32,32.95,-117.79467116666666,35.10005233333333,166.13675188346838,149.92980166989926,-66.62580689176221,During Launch
4535,2025-03-22 11:00:24,195.499,2184.547314,-82.506,32.948,-117.79467116666666,35.10005233333333,169.59144945263068,151.06941800583667,-72.8133795379369,During Launch
4536,2025-03-22 11:00:24,195.541,2179.133928,-83.947,32.945,-117.79467116666666,35.10005233333333,173.0389720616511,150.93000026887597,-78.74409351152684,During Launch
4537,2025-03-22 11:00:24,195.584,2177.12277308,-85.062,32.935,-117.79467116666666,35.10005233333333,3.4357156431520224,149.44699340237895,-94.13980163211849,During Launch
4538,2025-03-22 11:00:24,195.626,2175.2625368,-82.78,32.928,-117.79467116666666,35.10005233333333,-44.25929674950489,147.86698689404594,-101.99431567252746,During Launch
4539,2025-03-22 11:00:24,195.668,2171.36489888,-86.65,32.92,-117.79467116666666,35.10005233333333,-90.83059474552041,136.44943763582575,-115.84182291971835,During Launch
4540,2025-03-22 11:00:24,195.711,2171.05649992,-82.648,32.918,-117.79459433333334,35.100057666666665,-103.74851714752384,121.48962929240702,-122.20754698660313,During Launch
4541,2025-03-22 11:00:24,195.762,2174.57027956,-69.303,32.908,-117.79459433333334,35.100057666666665,-97.65900612437494,111.42177395895816,-124.26819342701637,During Launch
4542,2025-03-22 11:00:24,195.806,2173.14311416,-69.992,32.9,-117.79459433333334,35.100057666666665,-81.45731136358889,94.83361365802926,-125.35324422526601,During Launch
4543,2025-03-22 11:00:25,195.85,2161.42395368,-80.283,32.903,-117.79459433333334,35.100057666666665,-72.05739211704774,87.42130822807313,-125.37029563839182,During Launch
4544,2025-03-22 11:00:25,195.893,2153.46463584,-80.182,32.903,-117.79459433333334,35.100057666666665,-49.55531057764833,74.05684700900619,-121.81693603128986,During Launch
4545,2025-03-22 11:00:25,195.935,2139.67526532,-90.965,32.898,-117.79459433333334,35.100057666666665,-37.923543918669885,69.51793163751181,-118.09489819825889,During Launch
4546,2025-03-22 11:00:25,195.978,2137.62145948,-88.923,32.905,-117.79459433333334,35.100057666666665,-14.467816641427703,65.01850231213128,-107.415761074215,During Launch
4547,2025-03-22 11:00:25,196.02,2134.6457376,-88.455,32.905,-117.79459433333334,35.100057666666665,-2.7329935843969064,64.19508521344652,-101.85781479870664,During Launch
4548,2025-03-22 11:00:25,196.063,2127.96594736,-95.709,32.903,-117.79459433333334,35.100057666666665,21.706471390661527,68.36422455987754,-92.6304194663617,During Launch
4549,2025-03-22 11:00:25,196.105,2120.2822200799997,-90.71,32.913,-117.79459433333334,35.100057666666665,29.83739196535377,70.22646933306156,-90.52192982344322,During Launch
4550,2025-03-22 11:00:25,196.148,2110.3281515199997,-101.609,32.913,-117.79459433333334,35.100057666666665,41.86702804031375,74.62011455116708,-89.27808277410223,During Launch
4551,2025-03-22 11:00:25,196.19,2106.5781514,-98.526,32.915,-117.79459433333334,35.100057666666665,44.36088350151397,75.881437978042,-89.6764087056225,During Launch
4552,2025-03-22 11:00:25,196.232,2105.96463432,-92.724,32.91,-117.79459433333334,35.100057666666665,42.57190206179871,77.33108016165394,-91.8518291431827,During Launch
4553,2025-03-22 11:00:25,196.275,2100.75137956,-95.05,32.913,-117.79459433333334,35.100057666666665,38.574328309644926,78.39166091411214,-93.6561640892275,During Launch
4554,2025-03-22 11:00:25,196.317,2097.78221936,-95.922,32.913,-117.79459433333334,35.100057666666665,16.781391882591556,79.97736139574324,-99.2214066963848,During Launch
4555,2025-03-22 11:00:25,196.36,2094.80977832,-94.527,32.913,-117.79459433333334,35.100057666666665,1.052654883146669,80.65250888494502,-103.04380923091308,During Launch
4556,2025-03-22 11:00:25,196.402,2091.06962072,-95.346,32.893,-117.79459433333334,35.100057666666665,-19.927300089957114,81.67356359330923,-108.15836430418078,During Launch
4557,2025-03-22 11:00:25,196.445,2082.70019788,-101.954,32.913,-117.79459433333334,35.100057666666665,-27.823631135041033,82.01700596150846,-110.58421871678587,During Launch
4558,2025-03-22 11:00:25,196.487,2078.0348433999998,-104.819,32.918,-117.79459433333334,35.100057666666665,-37.54566333750984,81.50488502454773,-115.19962079506685,During Launch
4559,2025-03-22 11:00:25,196.529,2074.21594564,-105.201,32.918,-117.79459433333334,35.100057666666665,-40.51241591668288,81.19884405682265,-117.22581061186608,During Launch
4560,2025-03-22 11:00:25,196.572,2071.43707416,-105.415,32.923,-117.79459433333334,35.100057666666665,-44.24297315799843,81.2326091421701,-120.24506706748654,During Launch
4561,2025-03-22 11:00:25,196.614,2071.78156236,-100.049,32.915,-117.79459433333334,35.100057666666665,-45.05733185520057,81.96870576356622,-120.42607452606126,During Launch
4562,2025-03-22 11:00:25,196.656,2075.37080132,-94.918,32.92,-117.79459433333334,35.100057666666665,-46.12337923435135,84.00403834929116,-119.82543856865567,During Launch
4563,2025-03-22 11:00:25,196.699,2079.41607704,-89.326,32.915,-117.79455466666667,35.100061833333335,-46.79612281429959,84.6057965806683,-119.58717230815066,During Launch
4564,2025-03-22 11:00:25,196.741,2076.98825544,-87.956,32.913,-117.79455466666667,35.100061833333335,-51.88719971426134,87.5229892334972,-118.69483968679032,During Launch
4565,2025-03-22 11:00:25,196.784,2077.71988276,-86.987,32.915,-117.79455466666667,35.100061833333335,-57.07705361482488,88.8253641260166,-119.52554954537234,During Launch
4566,2025-03-22 11:00:25,196.826,2082.5427175600003,-86.492,32.903,-117.79455466666667,35.100061833333335,-69.22232912033259,92.23187514941434,-121.98047438657193,During Launch
4567,2025-03-22 11:00:26,196.868,2078.8452108799997,-88.793,32.898,-117.79455466666667,35.100061833333335,-72.76764800199265,92.92572556374074,-124.03140320490742,During Launch
4568,2025-03-22 11:00:26,196.911,2072.41476448,-83.892,32.865,-117.79455466666667,35.100061833333335,-76.67346384794402,93.42917411060805,-129.72119614609494,During Launch
4569,2025-03-22 11:00:26,196.953,2066.7028220400002,-81.851,32.873,-117.79455466666667,35.100061833333335,-74.12635486925213,89.90396871427548,-135.31291532556364,During Launch
4570,2025-03-22 11:00:26,197.004,2065.16410808,-69.702,32.875,-117.79455466666667,35.100061833333335,-69.75096965741014,85.55572468065185,-137.34919983494953,During Launch
4571,2025-03-22 11:00:26,197.047,2058.30387164,-74.198,32.868,-117.79455466666667,35.100061833333335,-62.18856857516928,78.29576041565292,-139.99173982386017,During Launch
4572,2025-03-22 11:00:26,197.089,2045.7743436800001,-83.135,32.873,-117.79455466666667,35.100061833333335,-57.885376404113686,74.278690451923,-141.08409619947244,During Launch
4573,2025-03-22 11:00:26,197.132,2047.70675844,-75.079,32.868,-117.79455466666667,35.100061833333335,-49.05390974833977,69.67346960558817,-139.30322649576988,During Launch
4574,2025-03-22 11:00:26,197.174,2040.62014404,-74.52,32.865,-117.79455466666667,35.100061833333335,-43.08039181390047,68.34883272814912,-136.07297313126617,During Launch
4575,2025-03-22 11:00:26,197.216,2029.3045268800001,-75.865,32.835,-117.79455466666667,35.100061833333335,-29.477402848085077,66.67704255453907,-127.70306664396213,During Launch
4576,2025-03-22 11:00:26,197.259,2022.71331932,-78.452,32.868,-117.79455466666667,35.100061833333335,-22.01504069688228,66.32441479034244,-122.81733948081964,During Launch
4577,2025-03-22 11:00:26,197.301,2015.08864716,-85.01,32.868,-117.79455466666667,35.100061833333335,-17.211356700123666,69.63695333699856,-116.62524506108032,During Launch
4578,2025-03-22 11:00:26,197.343,2007.65754456,-87.167,32.87,-117.79455466666667,35.100061833333335,-19.54912505285657,72.42699407944437,-114.53802983786026,During Launch
4579,2025-03-22 11:00:26,197.386,2003.23825308,-88.442,32.868,-117.79455466666667,35.100061833333335,-42.723429398484285,79.81586641326292,-111.31095679492337,During Launch
4580,2025-03-22 11:00:26,197.428,2001.0007202,-87.836,32.87,-117.79455466666667,35.100061833333335,-58.52655321206531,83.42665959191825,-110.39933539997202,During Launch
4581,2025-03-22 11:00:26,197.47,1994.65557564,-90.275,32.87,-117.79455466666667,35.100061833333335,-77.78356610906337,88.6912455986787,-110.35276368511585,During Launch
4582,2025-03-22 11:00:26,197.513,1989.23234712,-87.517,32.878,-117.79455466666667,35.100061833333335,-83.34341660079767,90.50407587483814,-110.49769768615192,During Launch
4583,2025-03-22 11:00:26,197.555,1988.08077228,-84.227,32.875,-117.79455466666667,35.100061833333335,-90.06245328828014,93.50557185368902,-111.80258268112645,During Launch
4584,2025-03-22 11:00:26,197.598,1984.5013758399998,-83.924,32.87,-117.79455466666667,35.100061833333335,-83.43510199245166,91.84338638257039,-112.74521459399831,During Launch
4585,2025-03-22 11:00:26,197.64,1982.6903521599997,-83.096,32.87,-117.79455466666667,35.100061833333335,-70.09973828232994,88.78529194627,-113.44111510963779,During Launch
4586,2025-03-22 11:00:26,197.682,1982.8084624,-83.308,32.87,-117.79455466666667,35.100061833333335,-63.189593509024064,87.532610706074,-112.65893351788684,During Launch
4587,2025-03-22 11:00:26,197.725,1981.5387773199998,-87.776,32.87,-117.794476,35.1000935,-49.669395926813486,85.8061618953891,-110.98484177606376,During Launch
4588,2025-03-22 11:00:26,197.767,1981.84389544,-91.36,32.873,-117.794476,35.1000935,-44.976567007266446,84.86797746664237,-110.50313767145781,During Launch
4589,2025-03-22 11:00:26,197.81,1985.7677800799997,-85.333,32.87,-117.794476,35.1000935,-38.67777024548686,83.45861348912663,-110.08986956140429,During Launch
4590,2025-03-22 11:00:27,197.852,1989.2717172,-82.817,32.868,-117.794476,35.1000935,-36.820484775492794,83.45466233274725,-109.98769333513073,During Launch
4591,2025-03-22 11:00:27,197.894,1990.4232920400002,-86.254,32.87,-117.794476,35.1000935,-35.38045339587512,82.05103551951342,-110.60620660046072,During Launch
4592,2025-03-22 11:00:27,197.937,1991.2697487599999,-81.923,32.873,-117.794476,35.1000935,-34.01900130502756,79.87858082516523,-111.92391607055181,During Launch
4593,2025-03-22 11:00:27,197.981,1980.26909224,-86.117,32.87,-117.794476,35.1000935,-28.904063154229004,71.2203268211819,-114.22443036538762,During Launch
4594,2025-03-22 11:00:27,198.025,1980.0427142800002,-80.84,32.873,-117.794476,35.1000935,-27.53046652586334,67.65545438018877,-115.34558986620002,During Launch
4595,2025-03-22 11:00:27,198.067,1978.1135803599998,-81.891,32.88,-117.794476,35.1000935,-24.698558697512304,62.07328346567839,-116.07718572974254,During Launch
4596,2025-03-22 11:00:27,198.11,1965.12145396,-87.66,32.878,-117.794476,35.1000935,-22.416145615120257,58.93711108783212,-115.94029792493725,During Launch
4597,2025-03-22 11:00:27,198.152,1954.7408761999998,-85.638,32.883,-117.794476,35.1000935,-18.427038604642867,53.824273312340225,-115.22833998426431,During Launch
4598,2025-03-22 11:00:27,198.194,1954.78352712,-87.498,32.873,-117.794476,35.1000935,-16.516552797018598,52.220792965353354,-114.3522786774161,During Launch
4599,2025-03-22 11:00:27,198.237,1950.09192592,-85.163,32.883,-117.794476,35.1000935,-10.892324712699498,50.24456057989804,-109.83931194574679,During Launch
4600,2025-03-22 11:00:27,198.279,1939.7638416,-84.234,32.878,-117.794476,35.1000935,-8.268644546868511,50.993243390528235,-107.6344682473363,During Launch
4601,2025-03-22 11:00:27,198.321,1930.58733212,-86.748,32.885,-117.794476,35.1000935,-4.898014556709441,55.78668864342919,-104.92010771905943,During Launch
4602,2025-03-22 11:00:27,198.364,1922.326177,-87.265,32.88,-117.794476,35.1000935,-3.659696838222633,58.850917267987676,-104.2313678102483,During Launch
4603,2025-03-22 11:00:27,198.406,1918.64507452,-83.737,32.878,-117.794476,35.1000935,-3.5362032919523454,63.631475097868154,-104.24255063521133,During Launch
4604,2025-03-22 11:00:27,198.449,1916.6536046400001,-81.453,32.875,-117.794476,35.1000935,-6.538360997192826,65.39110259355951,-105.6008014678988,During Launch
4605,2025-03-22 11:00:27,198.492,1914.96397204,-80.862,32.875,-117.794476,35.1000935,-18.2636856099184,69.2626744800489,-109.60236261254477,During Launch
4606,2025-03-22 11:00:27,198.535,1913.88129484,-75.844,32.88,-117.794476,35.1000935,-25.8709268310957,71.1802924493341,-111.95778993962873,During Launch
4607,2025-03-22 11:00:27,198.577,1912.2704024,-72.333,32.888,-117.794476,35.1000935,-37.275026314905745,72.77995273954035,-117.33805155701397,During Launch
4608,2025-03-22 11:00:27,198.619,1907.5492736400001,-75.687,32.88,-117.794476,35.1000935,-40.75767384121461,73.27493005536901,-119.14705837140906,During Launch
4609,2025-03-22 11:00:27,198.662,1902.0637091600001,-77.479,32.88,-117.794476,35.1000935,-44.84287666693964,73.5796899324985,-121.67454221463606,During Launch
4610,2025-03-22 11:00:27,198.704,1898.7631841200002,-78.879,32.888,-117.79440933333333,35.100108166666665,-45.9429814023962,73.68387058378714,-122.56719683326767,During Launch
4611,2025-03-22 11:00:27,198.747,1893.3202705599997,-84.026,32.88,-117.79440933333333,35.100108166666665,-43.1850485512325,71.41576948012386,-123.59351560183447,During Launch
4612,2025-03-22 11:00:27,198.789,1888.1398242,-87.781,32.88,-117.79440933333333,35.100108166666665,-39.787364567354174,69.07909746517856,-123.43251403699236,During Launch
4613,2025-03-22 11:00:27,198.831,1880.7841809200002,-94.981,32.875,-117.79440933333333,35.100108166666665,-32.396043776908,65.67366569686908,-121.03890136705117,During Launch
4614,2025-03-22 11:00:28,198.874,1877.5919236,-101.669,32.88,-117.79440933333333,35.100108166666665,-27.723985964885877,64.42348011662666,-118.54408011289635,During Launch
4615,2025-03-22 11:00:28,198.924,1881.81108384,-100.243,32.878,-117.79440933333333,35.100108166666665,-16.487091138672547,62.15754296776579,-112.05361177601908,During Launch
4616,2025-03-22 11:00:28,198.968,1884.8819500799998,-98.269,32.878,-117.79440933333333,35.100108166666665,-9.06135697313292,62.12143761047025,-107.47422958588736,During Launch
4617,2025-03-22 11:00:28,199.01,1892.17197656,-92.356,32.875,-117.79440933333333,35.100108166666665,-7.172559736400306,62.233631069276186,-106.07654813833926,During Launch
4618,2025-03-22 11:00:28,199.053,1903.98956224,-71.156,32.878,-117.79440933333333,35.100108166666665,-5.2270731385527505,62.37572994370058,-103.90589720048241,During Launch
4619,2025-03-22 11:00:28,199.095,1890.8301130000002,-83.376,32.868,-117.79440933333333,35.100108166666665,-6.856410153570846,62.352238155036396,-103.44943533562918,During Launch
4620,2025-03-22 11:00:28,199.138,1908.13326316,-65.341,32.868,-117.79440933333333,35.100108166666665,-10.32856131108274,55.29720960039889,-104.36455061897536,During Launch
4621,2025-03-22 11:00:28,199.18,1893.126701,-67.285,32.873,-117.79440933333333,35.100108166666665,-11.378511252732128,50.999944375247956,-104.88092122918489,During Launch
4622,2025-03-22 11:00:28,199.223,1895.77433888,-55.057,32.87,-117.79440933333333,35.100108166666665,-15.507845484648174,45.089642765292844,-107.9047026725955,During Launch
4623,2025-03-22 11:00:28,199.265,1892.5623965199998,-58.096,32.858,-117.79440933333333,35.100108166666665,-17.64018944760199,42.52963082073273,-110.01698899896328,During Launch
4624,2025-03-22 11:00:28,199.307,1879.9803751200002,-65.525,32.865,-117.79440933333333,35.100108166666665,-20.789871152791846,39.93753945170982,-113.46299492926347,During Launch
4625,2025-03-22 11:00:28,199.35,1867.5164639600002,-67.458,32.863,-117.79440933333333,35.100108166666665,-22.11103368038372,38.273775856920736,-115.68668948368146,During Launch
4626,2025-03-22 11:00:28,199.393,1865.4495347600002,-60.763,32.86,-117.79440933333333,35.100108166666665,-23.660920235014935,35.26484763963203,-118.96521172282068,During Launch
4627,2025-03-22 11:00:28,199.435,1863.34323548,-55.073,32.86,-117.79440933333333,35.100108166666665,-24.332644790664204,34.613619419326916,-120.06678712844499,During Launch
4628,2025-03-22 11:00:28,199.486,1861.2336553599998,-53.159,32.86,-117.79440933333333,35.100108166666665,-25.33340519165474,33.88482496543218,-121.62845935222961,During Launch
4629,2025-03-22 11:00:28,199.533,1853.3005842399998,-58.444,32.868,-117.79440933333333,35.100108166666665,-25.005144374820546,34.08808119891339,-123.56495328977249,During Launch
4630,2025-03-22 11:00:28,199.575,1846.10570212,-63.581,32.85,-117.79440933333333,35.100108166666665,-25.619735743545135,34.24014966017113,-127.25709309183331,During Launch
4631,2025-03-22 11:00:28,199.618,1836.06961256,-71.848,32.858,-117.79440933333333,35.100108166666665,-26.404448269634315,35.362718008652415,-134.13465050603747,During Launch
4632,2025-03-22 11:00:28,199.66,1841.3616074799997,-65.474,32.853,-117.79440933333333,35.100108166666665,-26.104787385754992,36.22516025265074,-136.8626117739528,During Launch
4633,2025-03-22 11:00:28,199.704,1833.77958624,-67.99,32.853,-117.7943585,35.100118333333334,-28.124398392322178,37.51864649713539,-144.81547950555327,During Launch
4634,2025-03-22 11:00:28,199.747,1838.90097748,-58.214,32.86,-117.7943585,35.100118333333334,-30.2313222393413,38.0021295387002,-149.36124545695588,During Launch
4635,2025-03-22 11:00:28,199.789,1833.5433657600001,-60.11,32.858,-117.7943585,35.100118333333334,-34.11090367911241,38.603945152150196,-156.2043946120076,During Launch
4636,2025-03-22 11:00:28,199.831,1830.51843128,-57.935,32.85,-117.7943585,35.100118333333334,-36.47095430219834,38.32449119219891,-159.3013636458295,During Launch
4637,2025-03-22 11:00:29,199.874,1820.72512388,-62.133,32.853,-117.7943585,35.100118333333334,-39.724620086246816,35.728174780703064,-162.59838192500018,During Launch
4638,2025-03-22 11:00:29,199.916,1820.9515018399998,-55.145,32.848,-117.7943585,35.100118333333334,-40.56643458531958,33.759628344210014,-162.45902714820883,During Launch
4639,2025-03-22 11:00:29,199.959,1822.33273548,-50.93,32.845,-117.7943585,35.100118333333334,-38.37912724017304,29.116955084191545,-155.45534084490495,During Launch
4640,2025-03-22 11:00:29,200.001,1821.8373286400001,-55.686,32.838,-117.7943585,35.100118333333334,-34.336436160593564,26.746786622538178,-146.4277278916082,During Launch
4641,2025-03-22 11:00:29,200.044,1821.7290609200002,-58.692,32.84,-117.7943585,35.100118333333334,-26.67082264538113,23.315924140899185,-125.45790872946259,During Launch
4642,2025-03-22 11:00:29,200.086,1810.0722364,-76.301,32.81,-117.7943585,35.100118333333334,-24.976111426026183,21.26409996920361,-118.91835131726407,During Launch
4643,2025-03-22 11:00:29,200.128,1802.2474330000002,-94.644,32.843,-117.7943585,35.100118333333334,-23.507088299891194,18.732440299015593,-110.33351194994295,During Launch
4644,2025-03-22 11:00:29,200.171,1807.1030761999998,-77.813,32.838,-117.7943585,35.100118333333334,-23.02964002701451,18.799660017313442,-107.62546394128319,During Launch
4645,2025-03-22 11:00:29,200.213,1797.6608186800001,-102.765,32.833,-117.7943585,35.100118333333334,-24.599770445953887,19.503657539454647,-119.07119387883505,During Launch
4646,2025-03-22 11:00:29,200.255,1787.79205196,-97.986,32.828,-117.7943585,35.100118333333334,-27.68364443193298,20.348704539484366,-130.99234321177642,During Launch
4647,2025-03-22 11:00:29,200.298,1782.8642302800001,-105.033,32.825,-117.7943585,35.100118333333334,-33.73543142845775,22.00449794346741,-149.38218587228823,During Launch
4648,2025-03-22 11:00:29,200.34,1778.73365272,-105.887,32.833,-117.7943585,35.100118333333334,-36.40870144497661,22.57535540011314,-155.79177853124233,During Launch
4649,2025-03-22 11:00:29,200.383,1773.7598992800001,-98.718,32.84,-117.7943585,35.100118333333334,-40.238110023251444,23.941155006414284,-163.72179083732271,During Launch
4650,2025-03-22 11:00:29,200.425,1768.4055684,-92.196,32.838,-117.7943585,35.100118333333334,-41.50646919524235,24.87247264430536,-165.99992592749044,During Launch
4651,2025-03-22 11:00:29,200.468,1764.3209226,-94.073,32.835,-117.7943585,35.100118333333334,-41.63189259988792,26.083227609375218,-168.84768463054937,During Launch
4652,2025-03-22 11:00:29,200.51,1760.7284028,-95.456,32.823,-117.7943585,35.100118333333334,-40.063595349727414,25.62145233632244,-170.98054962932522,During Launch
4653,2025-03-22 11:00:29,200.561,1758.51055496,-95.556,32.843,-117.7943585,35.100118333333334,-39.15784712675013,24.86516106591022,-171.8441529769434,During Launch
4654,2025-03-22 11:00:29,200.607,1757.6673790799998,-89.044,32.843,-117.7943585,35.100118333333334,-36.99542060191769,21.205353020436885,-173.01876123726078,During Launch
4655,2025-03-22 11:00:29,200.649,1751.5912634,-88.002,32.838,-117.7943585,35.100118333333334,-37.23274486199285,19.205726247301367,-172.99650670901957,During Launch
4656,2025-03-22 11:00:29,200.692,1748.9633105599999,-81.105,32.84,-117.7943175,35.100131,-36.270614618097795,16.06763371146794,-168.0895673427645,During Launch
4657,2025-03-22 11:00:29,200.734,1743.0807644400002,-91.509,32.84,-117.7943175,35.100131,-33.86071416196067,15.204081180355237,-160.8755209351071,During Launch
4658,2025-03-22 11:00:29,200.777,1743.60897968,-84.036,32.838,-117.7943175,35.100131,-24.464639392228072,14.32026822704228,-126.9518511088931,During Launch
4659,2025-03-22 11:00:29,200.819,1737.1982183200003,-94.872,32.84,-117.7943175,35.100131,-18.146907540237418,13.254049168295696,-103.64781210572498,During Launch
4660,2025-03-22 11:00:30,200.862,1728.3793203999999,-98.009,32.843,-117.7943175,35.100131,-11.304983376609623,13.966241238215577,-73.66701574198166,During Launch
4661,2025-03-22 11:00:30,200.904,1723.8222336400001,-99.437,32.803,-117.7943175,35.100131,-8.968093776482686,15.013485811025708,-63.964750501770304,During Launch
4662,2025-03-22 11:00:30,200.946,1718.668034,-95.203,32.85,-117.7943175,35.100131,-3.9833121813605015,17.96736714117555,-50.815202966964954,During Launch
4663,2025-03-22 11:00:30,200.989,1717.5722334399998,-96.346,32.838,-117.7943175,35.100131,-4.420182520122525,19.332725008028262,-52.55422669779292,During Launch
4664,2025-03-22 11:00:30,201.031,1712.11619652,-102.814,32.838,-117.7943175,35.100131,-6.803640844670176,24.062069824180718,-66.83563446443047,During Launch
4665,2025-03-22 11:00:30,201.074,1706.0564850399999,-107.904,32.833,-117.7943175,35.100131,-9.89399253856714,27.65146467283734,-77.76149146577558,During Launch
4666,2025-03-22 11:00:30,201.116,1699.3438864000002,-114.165,32.833,-117.7943175,35.100131,-17.064686358894956,34.24022305252132,-96.70985041380183,During Launch
4667,2025-03-22 11:00:30,201.158,1694.0715765199998,-108.21,32.83,-117.7943175,35.100131,-21.433920028108435,37.82610481779194,-104.76904583499588,During Launch
4668,2025-03-22 11:00:30,201.201,1690.95149768,-103.724,32.833,-117.7943175,35.100131,-29.74148912649084,46.87636896699292,-114.63128744323764,During Launch
4669,2025-03-22 11:00:30,201.243,1690.34126144,-108.92,32.828,-117.7943175,35.100131,-33.591123161550115,51.40562722769107,-117.59427821790287,During Launch
4670,2025-03-22 11:00:30,201.285,1688.36291492,-101.957,32.825,-117.7943175,35.100131,-43.36081963093786,62.04289206383941,-120.83598512055477,During Launch
4671,2025-03-22 11:00:30,201.328,1688.5991353999998,-92.444,32.82,-117.7943175,35.100131,-48.73512639542186,67.34513670069182,-121.46451210707635,During Launch
4672,2025-03-22 11:00:30,201.37,1688.82551336,-87.723,32.815,-117.7943175,35.100131,-55.44082089321916,73.45805281402512,-123.86817064461816,During Launch
4673,2025-03-22 11:00:30,201.413,1688.22511964,-84.351,32.81,-117.7943175,35.100131,-57.03986208504828,74.76470616707567,-125.13944861373894,During Launch
4674,2025-03-22 11:00:30,201.455,1680.37406952,-87.114,32.808,-117.7943175,35.100131,-57.83608895260665,75.9476494419997,-126.34469883148004,During Launch
4675,2025-03-22 11:00:30,201.497,1674.73430556,-87.38,32.803,-117.7943175,35.100131,-56.59394892108927,75.06178418251778,-127.14688316588203,During Launch
4676,2025-03-22 11:00:30,201.54,1673.35635276,-84.855,32.805,-117.7943175,35.100131,-47.80437714577574,67.90504259071461,-127.15804201807899,During Launch
4677,2025-03-22 11:00:30,201.582,1670.12144452,-84.521,32.803,-117.7943175,35.100131,-41.61710882823917,64.1785717551295,-125.19006632244115,During Launch
4678,2025-03-22 11:00:30,201.632,1658.45805832,-93.42,32.81,-117.7943175,35.100131,-27.654847936992073,58.98346628907519,-117.89301519345065,During Launch
4679,2025-03-22 11:00:30,201.676,1648.40228372,-102.212,32.81,-117.7943175,35.100131,-4.245019442142052,59.47107913742527,-103.56352236407967,During Launch
4680,2025-03-22 11:00:30,201.719,1643.49414708,-101.025,32.808,-117.7942765,35.100138666666666,10.760849342374856,62.55896817170234,-96.70245317827144,During Launch
4681,2025-03-22 11:00:30,201.761,1640.0230183600002,-101.909,32.805,-117.7942765,35.100138666666666,29.948061533878956,66.47718296490667,-88.4874336946365,During Launch
4682,2025-03-22 11:00:30,201.804,1632.78548532,-103.08,32.813,-117.7942765,35.100138666666666,38.45387135517295,68.50859425321791,-85.96167646354779,During Launch
4683,2025-03-22 11:00:31,201.846,1628.22511772,-107.936,32.803,-117.7942765,35.100138666666666,78.50395844657459,76.37186149644022,-82.98110793827422,During Launch
4684,2025-03-22 11:00:31,201.889,1626.0860100399998,-103.843,32.813,-117.7942765,35.100138666666666,90.65189495714259,78.43918965690335,-82.28360733961355,During Launch
4685,2025-03-22 11:00:31,201.931,1630.9744616399998,-91.118,32.798,-117.7942765,35.100138666666666,106.5312035647908,80.91228710849559,-81.98180689590708,During Launch
4686,2025-03-22 11:00:31,201.973,1630.73824116,-87.076,32.803,-117.7942765,35.100138666666666,99.0184257530378,80.62808559839084,-81.85080014151701,During Launch
4687,2025-03-22 11:00:31,202.016,1632.23102336,-80.782,32.798,-117.7942765,35.100138666666666,67.01820626321503,76.44746444774552,-81.56519426032013,During Launch
4688,2025-03-22 11:00:31,202.058,1632.65097088,-79.44,32.798,-117.7942765,35.100138666666666,52.126764090688816,73.13147520085141,-81.59060238912517,During Launch
4689,2025-03-22 11:00:31,202.101,1632.23102336,-74.659,32.798,-117.7942765,35.100138666666666,29.336682072028488,64.86948313066499,-81.48893173215373,During Launch
4690,2025-03-22 11:00:31,202.143,1631.1549078399999,-70.067,32.803,-117.7942765,35.100138666666666,23.85998247905416,60.80321990054714,-80.02049542496255,During Launch
4691,2025-03-22 11:00:31,202.193,1625.22314912,-68.821,32.796,-117.7942765,35.100138666666666,19.20922142629182,50.463892511622085,-70.1257324972428,During Launch
4692,2025-03-22 11:00:31,202.237,1618.47774208,-70.059,32.805,-117.7942765,35.100138666666666,15.57925009584331,43.37513714534414,-62.06853270873071,During Launch
4693,2025-03-22 11:00:31,202.279,1613.03482852,-72.279,32.805,-117.7942765,35.100138666666666,12.855873105212158,40.13589476795714,-59.11754742202506,During Launch
4694,2025-03-22 11:00:31,202.322,1608.54992024,-75.803,32.803,-117.7942765,35.100138666666666,7.773489862530214,36.16993032852262,-54.96047421379126,During Launch
4695,2025-03-22 11:00:31,202.366,1601.3189488799999,-80.522,32.805,-117.7942765,35.100138666666666,5.744138298861104,35.11408756262682,-54.43918341997508,During Launch
4696,2025-03-22 11:00:31,202.408,1590.98102204,-90.387,32.803,-117.7942765,35.100138666666666,3.0182972925943803,35.56863445113646,-55.857985554881346,During Launch
4697,2025-03-22 11:00:31,202.45,1580.4068747200001,-100.388,32.805,-117.7942765,35.100138666666666,1.739422843939824,36.12306309465181,-57.948533651018906,During Launch
4698,2025-03-22 11:00:31,202.493,1577.71658592,-102.323,32.803,-117.7942765,35.100138666666666,-5.764856893372193,40.84839206238884,-71.99182678056243,During Launch
4699,2025-03-22 11:00:31,202.535,1577.48036544,-95.272,32.805,-117.7942765,35.100138666666666,-10.989538928720489,45.11516544637915,-79.3782724312192,During Launch
4700,2025-03-22 11:00:31,202.577,1579.50792456,-88.173,32.798,-117.7942765,35.100138666666666,-31.11071999407433,56.58398077174205,-96.14875576967677,During Launch
4701,2025-03-22 11:00:31,202.62,1577.10634968,-89.12,32.796,-117.7942765,35.100138666666666,-40.27218799203945,62.90735121674082,-101.3642727853313,During Launch
4702,2025-03-22 11:00:31,202.662,1575.07222888,-88.009,32.785,-117.7942765,35.100138666666666,-61.448825572727685,77.70137855480549,-109.23910102420243,During Launch
4703,2025-03-22 11:00:31,202.705,1574.76382992,-78.0,32.783,-117.794248,35.10015416666667,-70.9783001910556,85.16714213986945,-113.15734401534138,During Launch
4704,2025-03-22 11:00:31,202.747,1576.25661212,-67.363,32.778,-117.794248,35.10015416666667,-83.43134212127016,96.85304610564332,-120.15204425883009,During Launch
4705,2025-03-22 11:00:31,202.79,1573.13981412,-65.69,32.768,-117.794248,35.10015416666667,-86.90381691456788,100.8575567325436,-122.88140450394458,During Launch
4706,2025-03-22 11:00:31,202.832,1573.18574588,-62.406,32.763,-117.794248,35.10015416666667,-89.01722670903625,106.06243841563318,-130.14919897871837,During Launch
4707,2025-03-22 11:00:32,202.874,1569.06173,-59.555,32.753,-117.794248,35.10015416666667,-88.54842083337002,107.51803419877452,-134.02342590878058,During Launch
4708,2025-03-22 11:00:32,202.917,1564.02235976,-59.947,32.736,-117.794248,35.10015416666667,-84.2350244075548,105.72980610251103,-141.2428844230737,During Launch
4709,2025-03-22 11:00:32,202.959,1560.19033864,-61.585,32.728,-117.794248,35.10015416666667,-80.711985081037,102.18611694284516,-144.3499741516688,During Launch
4710,2025-03-22 11:00:32,203.002,1562.5164542,-63.92,32.723,-117.794248,35.10015416666667,-70.68518080730802,88.37575150979801,-149.53360931103816,During Launch
4711,2025-03-22 11:00:32,203.044,1554.99676892,-70.72,32.723,-117.794248,35.10015416666667,-65.49179826164513,80.1607158115793,-151.77149365271518,During Launch
4712,2025-03-22 11:00:32,203.086,1547.22445896,-79.445,32.711,-117.794248,35.10015416666667,-57.592009428681266,65.35303719702277,-154.48566748486337,During Launch
4713,2025-03-22 11:00:32,203.129,1541.37800208,-85.222,32.711,-117.794248,35.10015416666667,-51.74725239925773,57.34514348327916,-153.90945184742907,During Launch
4714,2025-03-22 11:00:32,203.171,1539.39965556,-86.758,32.708,-117.794248,35.10015416666667,-36.534323027313285,44.980993418825925,-144.44759657986617,During Launch
4715,2025-03-22 11:00:32,203.213,1528.96330352,-95.506,32.708,-117.794248,35.10015416666667,-22.53642534781197,43.30171787485195,-128.28734314695862,During Launch
4716,2025-03-22 11:00:32,203.256,1527.34913024,-92.073,32.698,-117.794248,35.10015416666667,-2.1815514269810183,41.84213190621367,-104.21690964003,During Launch
4717,2025-03-22 11:00:32,203.298,1523.90424824,-89.136,32.718,-117.794248,35.10015416666667,7.764424700167055,41.515911550797426,-92.75744343121768,During Launch
4718,2025-03-22 11:00:32,203.34,1521.28941876,-86.471,32.721,-117.794248,35.10015416666667,20.478047376225838,42.592416493976955,-78.40609946449534,During Launch
4719,2025-03-22 11:00:32,203.383,1518.8976863999999,-84.498,32.721,-117.794248,35.10015416666667,23.482746332883053,43.30091289953622,-73.91624999135894,During Launch
4720,2025-03-22 11:00:32,203.425,1516.04663644,-80.522,32.726,-117.794248,35.10015416666667,26.017340348649654,43.72500148072731,-68.3216373194623,During Launch
4721,2025-03-22 11:00:32,203.468,1512.0866625600001,-74.429,32.703,-117.794248,35.10015416666667,25.410146936673726,43.263077655570775,-66.49444718507375,During Launch
4722,2025-03-22 11:00:32,203.51,1514.74414296,-61.946,32.736,-117.794248,35.10015416666667,21.698380146091935,42.06857460471346,-65.00256254652436,During Launch
4723,2025-03-22 11:00:32,203.552,1522.79532432,-51.861,32.733,-117.794248,35.10015416666667,19.151594066952104,41.893539434151556,-65.29015238756256,During Launch
4724,2025-03-22 11:00:32,203.595,1522.79532432,-51.59,32.733,-117.794248,35.10015416666667,9.402505775692472,40.85410551751212,-71.81578152741514,During Launch
4725,2025-03-22 11:00:32,203.637,1515.8793136000002,-60.027,32.738,-117.794248,35.10015416666667,0.290704068097293,40.470370818006614,-82.2149072197519,During Launch
4726,2025-03-22 11:00:32,203.679,1513.02826364,-60.508,32.738,-117.794248,35.10015416666667,-18.006223629454283,40.778522585500504,-106.30984278771592,During Launch
4727,2025-03-22 11:00:32,203.722,1491.9816750399998,-78.387,32.741,-117.7942205,35.1001745,-25.9380546536533,41.10249309397915,-118.00627841016127,During Launch
4728,2025-03-22 11:00:32,203.764,1490.9941422,-79.103,32.708,-117.7942205,35.1001745,-34.808267124166,43.651645394945646,-133.76795802568833,During Launch
4729,2025-03-22 11:00:32,203.807,1488.4154019599998,-82.869,32.746,-117.7942205,35.1001745,-37.3563435228737,44.877361792866736,-140.09808911097045,During Launch
4730,2025-03-22 11:00:33,203.857,1486.4501788,-81.246,32.741,-117.7942205,35.1001745,-40.220199497093134,47.10092193695606,-150.89198964777438,During Launch
4731,2025-03-22 11:00:33,203.902,1482.2802311599999,-84.958,32.743,-117.7942205,35.1001745,-40.09642376267825,46.782572184619774,-158.56086632623564,During Launch
4732,2025-03-22 11:00:33,203.946,1475.79072964,-87.007,32.746,-117.7942205,35.1001745,-39.134061857406884,45.73376421836183,-161.32384680362662,During Launch
4733,2025-03-22 11:00:33,203.989,1483.2218322400001,-75.374,32.741,-117.7942205,35.1001745,-37.10325878097287,42.81964671722437,-164.58306297638705,During Launch
4734,2025-03-22 11:00:33,204.031,1483.82878764,-71.233,32.746,-117.7942205,35.1001745,-36.06803748916982,40.430664371195085,-165.0312620695222,During Launch
4735,2025-03-22 11:00:33,204.073,1476.92261944,-79.92,32.751,-117.7942205,35.1001745,-37.158819590333486,34.21659312473638,-164.0934614223625,During Launch
4736,2025-03-22 11:00:33,204.116,1476.92261944,-72.83,32.751,-117.7942205,35.1001745,-39.42766202051247,31.701286415565484,-162.03480853119984,During Launch
4737,2025-03-22 11:00:33,204.158,1467.2244564,-74.627,32.753,-117.7942205,35.1001745,-42.24707787377632,27.03046230035498,-153.740332661433,During Launch
4738,2025-03-22 11:00:33,204.2,1464.5341676,-71.75,32.748,-117.7942205,35.1001745,-43.00840149897153,26.238873571201154,-147.2218938117217,During Launch
4739,2025-03-22 11:00:33,204.243,1452.98889164,-80.607,32.751,-117.7942205,35.1001745,-39.54534430176098,27.06304077880862,-125.02888870618818,During Launch
4740,2025-03-22 11:00:33,204.285,1439.34059724,-83.603,32.726,-117.7942205,35.1001745,-38.19498553487777,27.079121266289107,-116.08308719461294,During Launch
4741,2025-03-22 11:00:33,204.329,1436.57812996,-84.596,32.758,-117.7942205,35.1001745,-35.684171892438584,28.523951268106522,-100.82869720976426,During Launch
4742,2025-03-22 11:00:33,204.371,1434.6129068,-83.217,32.753,-117.7942205,35.1001745,-33.118311257967555,30.22363821177764,-94.64278205319563,During Launch
4743,2025-03-22 11:00:33,204.415,1432.04728992,-83.016,32.748,-117.7942205,35.1001745,-35.56836467581517,33.6528981314448,-114.30033490788419,During Launch
4744,2025-03-22 11:00:33,204.457,1430.1509644,-82.632,32.753,-117.7942205,35.1001745,-40.42382587862107,37.03080167636289,-123.23475333317907,During Launch
4745,2025-03-22 11:00:33,204.5,1424.84912696,-84.835,32.746,-117.7942205,35.1001745,-50.48001475100034,46.721571690356086,-133.91677146969334,During Launch
4746,2025-03-22 11:00:33,204.542,1424.13718468,-81.89,32.748,-117.7942205,35.1001745,-55.48116221124906,53.7869186425371,-136.71129247264875,During Launch
4747,2025-03-22 11:00:33,204.585,1428.3465024,-80.37,32.738,-117.7942205,35.1001745,-64.95881222217963,70.75095620148605,-142.1079953343256,During Launch
4748,2025-03-22 11:00:33,204.627,1427.03088556,-89.083,32.731,-117.7942205,35.1001745,-68.84181176923784,80.01618143432607,-144.44114705533505,During Launch
4749,2025-03-22 11:00:33,204.67,1423.638497,-92.239,32.723,-117.7942205,35.1001745,-72.1531954786621,92.5266463714411,-150.9274867482208,During Launch
4750,2025-03-22 11:00:33,204.713,1425.53154168,-83.966,32.718,-117.79418133333333,35.100278,-71.79747832714735,94.65797199564848,-154.255380863409,During Launch
4751,2025-03-22 11:00:33,204.755,1419.33731576,-87.073,32.708,-117.79418133333333,35.100278,-69.25854757851465,93.74308401672195,-160.34459995198787,During Launch
4752,2025-03-22 11:00:33,204.797,1413.33337856,-73.161,32.703,-117.79418133333333,35.100278,-67.48380173251375,89.97462992757856,-162.68272042345907,During Launch
4753,2025-03-22 11:00:34,204.84,1413.4514887999999,-72.066,32.701,-117.79418133333333,35.100278,-59.88057284441325,71.77949041500467,-164.1482950060477,During Launch
4754,2025-03-22 11:00:34,204.882,1412.43114756,-70.683,32.696,-117.79418133333333,35.100278,-55.022146027499254,60.832587773780226,-162.1322911129427,During Launch
4755,2025-03-22 11:00:34,204.924,1398.1791786000001,-82.728,32.698,-117.79418133333333,35.100278,-43.92398004298969,42.66816638693365,-150.65439186475564,During Launch
4756,2025-03-22 11:00:34,204.967,1383.73364008,-92.532,32.696,-117.79418133333333,35.100278,-34.624925671502766,36.568627190555965,-138.76292143681846,During Launch
4757,2025-03-22 11:00:34,205.009,1386.2303593200002,-84.252,32.696,-117.79418133333333,35.100278,-5.675218758566622,28.729758486273575,-104.49976378243542,During Launch
4758,2025-03-22 11:00:34,205.051,1376.558443,-100.436,32.703,-117.79418133333333,35.100278,19.852937561001397,25.4184176001916,-72.82997383500619,During Launch
4759,2025-03-22 11:00:34,205.102,1369.6030621999998,-106.653,32.696,-117.79418133333333,35.100278,27.65193722430729,24.98550882149937,-60.94900949726612,During Launch
4760,2025-03-22 11:00:34,205.145,1370.324847,-99.438,32.698,-117.79418133333333,35.100278,38.01506155320141,26.996319569034753,-44.91913758347196,During Launch
4761,2025-03-22 11:00:34,205.188,1369.25529316,-100.436,32.703,-117.79418133333333,35.100278,40.255418939999615,27.89571418936182,-40.38994098134515,During Launch
4762,2025-03-22 11:00:34,205.23,1366.64374452,-93.825,32.701,-117.79418133333333,35.100278,40.55487511904984,29.789008316596558,-35.17668718496423,During Launch
4763,2025-03-22 11:00:34,205.272,1372.40161872,-85.945,32.698,-117.79418133333333,35.100278,39.55474533670629,31.1121096497829,-34.211820293533364,During Launch
4764,2025-03-22 11:00:34,205.315,1364.26841636,-82.762,32.703,-117.79418133333333,35.100278,33.28244835538584,31.304963983656613,-34.0251340526388,During Launch
4765,2025-03-22 11:00:34,205.358,1362.8445318,-71.292,32.698,-117.79418133333333,35.100278,30.19607207830305,32.122679377596356,-34.017362677588075,During Launch
4766,2025-03-22 11:00:34,205.4,1352.5164474800001,-78.489,32.706,-117.79418133333333,35.100278,17.409168036768065,33.19810579612662,-40.83000257733984,During Launch
4767,2025-03-22 11:00:34,205.443,1355.95804864,-73.372,32.703,-117.79418133333333,35.100278,9.806603437396209,33.95962182553061,-48.19083997007735,During Launch
4768,2025-03-22 11:00:34,205.485,1344.62602728,-81.702,32.706,-117.79418133333333,35.100278,-14.739702847837005,35.65960767489721,-84.01264678843866,During Launch
4769,2025-03-22 11:00:34,205.527,1348.66146048,-76.158,32.706,-117.79418133333333,35.100278,-25.611619653523327,36.631925722158684,-99.66223506515642,During Launch
4770,2025-03-22 11:00:34,205.57,1350.14440016,-69.818,32.703,-117.79418133333333,35.100278,-41.16720682319591,39.079231418986474,-121.18256623453837,During Launch
4771,2025-03-22 11:00:34,205.612,1343.26119784,-75.585,32.708,-117.79418133333333,35.100278,-46.9827042991677,40.549073370252955,-128.7332668027205,During Launch
4772,2025-03-22 11:00:34,205.654,1338.39899296,-84.142,32.706,-117.79418133333333,35.100278,-54.83611999446179,44.964683750604,-138.1100565264613,During Launch
4773,2025-03-22 11:00:34,205.697,1332.77235236,-88.092,32.711,-117.79409466666667,35.1003495,-56.158161181780905,45.80168894338481,-141.25736867495098,During Launch
4774,2025-03-22 11:00:34,205.739,1333.06762796,-84.725,32.713,-117.79409466666667,35.1003495,-56.0224601784807,44.429743086872655,-146.55738392402864,During Launch
4775,2025-03-22 11:00:34,205.782,1327.37537056,-91.821,32.711,-117.79409466666667,35.1003495,-55.18890775989667,43.653138167956385,-148.23518493107224,During Launch
4776,2025-03-22 11:00:34,205.824,1327.02103984,-86.358,32.718,-117.79409466666667,35.1003495,-51.207670069717246,40.60299660817692,-149.73756562341737,During Launch
4777,2025-03-22 11:00:35,205.867,1321.44689268,-85.875,32.703,-117.79409466666667,35.1003495,-43.13928460252654,35.842912647422246,-147.77943380043516,During Launch
4778,2025-03-22 11:00:35,205.917,1316.4140841199999,-90.1,32.723,-117.79409466666667,35.1003495,-37.180560777465374,33.1835279325935,-144.57817117349515,During Launch
4779,2025-03-22 11:00:35,205.96,1308.7598844000001,-96.17,32.718,-117.79409466666667,35.1003495,-23.602723940304895,29.296844209500183,-131.32078129361238,During Launch
4780,2025-03-22 11:00:35,206.002,1301.82746948,-89.38,32.716,-117.79409466666667,35.1003495,-15.758339102668234,28.195374729109894,-120.60820348696406,During Launch
4781,2025-03-22 11:00:35,206.045,1307.28678724,-70.915,32.723,-117.79409466666667,35.1003495,0.028892389690426512,27.22650292800634,-96.7548527973698,During Launch
4782,2025-03-22 11:00:35,206.087,1298.28088144,-81.586,32.721,-117.79409466666667,35.1003495,8.852334562092668,27.81662607156868,-84.36903640951928,During Launch
4783,2025-03-22 11:00:35,206.13,1296.08928032,-74.578,32.723,-117.79409466666667,35.1003495,28.830701547808538,33.98066794668847,-63.705190599283604,During Launch
4784,2025-03-22 11:00:35,206.172,1290.5118523200001,-73.917,32.718,-117.79409466666667,35.1003495,35.97591566690619,38.171177392887486,-58.12368717558051,During Launch
4785,2025-03-22 11:00:35,206.214,1285.42655032,-79.418,32.721,-117.79409466666667,35.1003495,49.50074145002785,48.154965986834924,-51.01401654791328,During Launch
4786,2025-03-22 11:00:35,206.257,1280.5610646,-82.969,32.718,-117.79409466666667,35.1003495,59.02989269553894,56.26569104730821,-48.63004558678202,During Launch
4787,2025-03-22 11:00:35,206.299,1270.20017188,-90.218,32.718,-117.79409466666667,35.1003495,69.80151928712819,66.12198762099186,-46.025678688051336,During Launch
4788,2025-03-22 11:00:35,206.342,1266.1745812,-99.278,32.716,-117.79409466666667,35.1003495,72.18473484017694,68.92730477444184,-46.17738571863387,During Launch
4789,2025-03-22 11:00:35,206.384,1260.66933168,-96.912,32.718,-117.79409466666667,35.1003495,72.82393046766586,72.38498194011781,-48.55114392432441,During Launch
4790,2025-03-22 11:00:35,206.426,1253.3300926,-102.542,32.716,-117.79409466666667,35.1003495,70.13678869188276,72.66379114032793,-50.50058320042973,During Launch
4791,2025-03-22 11:00:35,206.469,1250.2559455199998,-95.66,32.711,-117.79409466666667,35.1003495,63.985021619722005,72.93188029843687,-53.515619759093674,During Launch
4792,2025-03-22 11:00:35,206.511,1246.0466278000001,-102.913,32.703,-117.79409466666667,35.1003495,58.422475100381256,72.0271696024131,-55.48624835685019,During Launch
4793,2025-03-22 11:00:35,206.554,1246.0466278000001,-92.216,32.703,-117.79409466666667,35.1003495,49.19276447419997,71.89047842105488,-59.8323035558005,During Launch
4794,2025-03-22 11:00:35,206.597,1247.63455436,-94.418,32.696,-117.79409466666667,35.1003495,45.955018688556464,72.35276134088156,-62.223730764989256,During Launch
4795,2025-03-22 11:00:35,206.639,1257.0210376,-87.113,32.663,-117.79409466666667,35.1003495,41.486684861575455,74.16267685469815,-65.62198594722972,During Launch
4796,2025-03-22 11:00:35,206.681,1260.83337368,-77.107,32.688,-117.79409466666667,35.1003495,39.711075949450745,75.32003485758905,-67.02393339673971,During Launch
4797,2025-03-22 11:00:35,206.724,1265.7152636,-67.929,32.683,-117.79402433333334,35.10042633333333,30.002500693188058,77.42501447461491,-72.5555743554643,During Launch
4798,2025-03-22 11:00:35,206.767,1267.2080458,-61.275,32.676,-117.79402433333334,35.10042633333333,12.207369649574499,78.0582739498068,-78.35007880327962,During Launch
4799,2025-03-22 11:00:35,206.81,1268.80909572,-59.999,32.668,-117.79402433333334,35.10042633333333,-32.09418588085116,80.48237212070147,-93.64125387633264,During Launch
4800,2025-03-22 11:00:36,206.852,1257.54925284,-65.258,32.653,-117.79402433333334,35.10042633333333,-49.00297128974314,81.41552930890596,-101.99273508499483,During Launch
4801,2025-03-22 11:00:36,206.894,1256.30581448,-66.089,32.643,-117.79402433333334,35.10042633333333,-79.16299759980544,90.8741102895724,-115.50243097264354,During Launch
4802,2025-03-22 11:00:36,206.937,1255.06237612,-62.042,32.643,-117.79402433333334,35.10042633333333,-91.04874274727943,97.67335936555307,-120.51540609867375,During Launch
4803,2025-03-22 11:00:36,206.987,1253.8714312,-58.451,32.633,-117.79402433333334,35.10042633333333,-107.66701230038673,110.93708389959765,-127.18604108401145,During Launch
4804,2025-03-22 11:00:36,207.029,1250.42326836,-54.571,32.618,-117.79402433333334,35.10042633333333,-117.02159430447084,121.34816691714826,-130.85759605080705,During Launch
4805,2025-03-22 11:00:36,207.074,1245.21329444,-52.812,32.606,-117.79402433333334,35.10042633333333,-119.55707949428198,125.78629463198529,-132.47436043157913,During Launch
4806,2025-03-22 11:00:36,207.116,1237.41145692,-65.243,32.613,-117.79402433333334,35.10042633333333,-121.10393458709787,132.02134759765184,-134.74104356317497,During Launch
4807,2025-03-22 11:00:36,207.158,1227.98232276,-65.638,32.603,-117.79402433333334,35.10042633333333,-120.85212714795084,134.23202772811592,-135.4411823109943,During Launch
4808,2025-03-22 11:00:36,207.201,1224.2191992799999,-67.106,32.603,-117.79402433333334,35.10042633333333,-119.05353858486305,137.4231902544518,-136.44742154374399,During Launch
4809,2025-03-22 11:00:36,207.243,1218.36289988,-67.366,32.596,-117.79402433333334,35.10042633333333,-116.31060554093932,136.49815395347443,-136.59397990446155,During Launch
4810,2025-03-22 11:00:36,207.285,1215.10502576,-65.66,32.586,-117.79402433333334,35.10042633333333,-110.40372930139235,132.83166561245343,-136.94945936690195,During Launch
4811,2025-03-22 11:00:36,207.328,1207.48363444,-68.233,32.581,-117.79402433333334,35.10042633333333,-107.01997685284796,129.54644403612988,-136.78820436017946,During Launch
4812,2025-03-22 11:00:36,207.37,1197.26381784,-68.101,32.578,-117.79402433333334,35.10042633333333,-98.49312813774976,118.67142544499322,-136.45116274701516,During Launch
4813,2025-03-22 11:00:36,207.413,1196.5453138799999,-65.013,32.576,-117.79402433333334,35.10042633333333,-95.05743301895035,114.18968471078803,-135.90479061251466,During Launch
4814,2025-03-22 11:00:36,207.455,1189.98363388,-66.0,32.538,-117.79402433333334,35.10042633333333,-88.28284276565337,105.76986591182043,-134.32427068853858,During Launch
4815,2025-03-22 11:00:36,207.497,1188.63520864,-60.406,32.568,-117.79402433333334,35.10042633333333,-84.6795183986404,101.52181100367575,-133.35475972443865,During Launch
4816,2025-03-22 11:00:36,207.54,1184.1962321199999,-61.68,32.566,-117.79402433333334,35.10042633333333,-78.50885356321082,94.48163094047196,-130.31470482395918,During Launch
4817,2025-03-22 11:00:36,207.582,1175.46591688,-65.902,32.576,-117.79402433333334,35.10042633333333,-74.09688946914159,90.41437553358736,-127.70650852286478,During Launch
4818,2025-03-22 11:00:36,207.624,1172.62799028,-68.616,32.566,-117.79402433333334,35.10042633333333,-65.56161743497843,84.8911633608333,-120.4591265991483,During Launch
4819,2025-03-22 11:00:36,207.667,1169.0912447599999,-73.405,32.571,-117.79402433333334,35.10042633333333,-61.38397130329165,83.17997964332436,-116.50899030712141,During Launch
4820,2025-03-22 11:00:36,207.709,1165.5512184,-85.486,32.576,-117.79396366666667,35.10050316666667,-53.04211942572907,81.23524366536861,-109.19522083236754,During Launch
4821,2025-03-22 11:00:36,207.751,1160.42982716,-93.835,32.593,-117.79396366666667,35.10050316666667,-50.78692800335055,81.44776159221564,-106.3660288710609,During Launch
4822,2025-03-22 11:00:36,207.794,1156.5945252,-101.982,32.591,-117.79396366666667,35.10050316666667,-51.91316446767043,83.79002307372241,-102.72830626829588,During Launch
4823,2025-03-22 11:00:37,207.836,1161.72575896,-98.674,32.596,-117.79396366666667,35.10050316666667,-55.78794029505595,85.8597974593198,-101.90614612860185,During Launch
4824,2025-03-22 11:00:37,207.886,1166.4534494000002,-95.126,32.601,-117.79396366666667,35.10050316666667,-61.74535534531793,88.83497113424795,-101.50610763820904,During Launch
4825,2025-03-22 11:00:37,207.929,1171.05646792,-80.309,32.608,-117.79396366666667,35.10050316666667,-72.63418949187187,91.37585463631021,-100.779020191229,During Launch
4826,2025-03-22 11:00:37,207.973,1169.3996437199999,-80.543,32.591,-117.79396366666667,35.10050316666667,-83.99700331019194,93.10077471989574,-100.0230808419702,During Launch
4827,2025-03-22 11:00:37,208.015,1170.12142852,-78.795,32.611,-117.79396366666667,35.10050316666667,-107.11345668408731,97.49074901064947,-99.2363863130975,During Launch
4828,2025-03-22 11:00:37,208.058,1162.61814744,-85.204,32.603,-117.79396366666667,35.10050316666667,-117.16259393093056,100.3255764652737,-99.12260395926172,During Launch
4829,2025-03-22 11:00:37,208.1,1162.7362576799999,-81.874,32.601,-117.79396366666667,35.10050316666667,-125.39180132304408,102.1274336374929,-100.42298627602902,During Launch
4830,2025-03-22 11:00:37,208.143,1160.60699252,-79.145,32.593,-117.79396366666667,35.10050316666667,-121.34350399767351,102.37174628514626,-104.04105348618283,During Launch
4831,2025-03-22 11:00:37,208.185,1157.9527929600001,-74.33,32.588,-117.79396366666667,35.10050316666667,-108.04670966478,100.35928736362206,-114.01234687731805,During Launch
4832,2025-03-22 11:00:37,208.227,1154.34386896,-68.885,32.586,-117.79396366666667,35.10050316666667,-100.8844063857346,97.69322907010105,-117.5588026114649,During Launch
4833,2025-03-22 11:00:37,208.27,1157.2375698399999,-62.658,32.586,-117.79396366666667,35.10050316666667,-85.09876029595107,88.26869794503739,-122.92434706350137,During Launch
4834,2025-03-22 11:00:37,208.312,1148.33665092,-65.506,32.591,-117.79396366666667,35.10050316666667,-73.19855701598246,78.79225977940385,-124.7240882480293,During Launch
4835,2025-03-22 11:00:37,208.354,1139.4816637600002,-70.742,32.586,-117.79396366666667,35.10050316666667,-50.50726420849334,59.69049449545925,-125.06154695656289,During Launch
4836,2025-03-22 11:00:37,208.397,1136.2992489599999,-66.59,32.583,-117.79396366666667,35.10050316666667,-36.94796071736822,52.2347917260878,-118.83555492936915,During Launch
4837,2025-03-22 11:00:37,208.439,1131.94229344,-61.105,32.588,-117.79396366666667,35.10050316666667,-8.477791718700258,41.45830973680043,-96.65280375841434,During Launch
4838,2025-03-22 11:00:37,208.482,1122.21460284,-69.533,32.591,-117.79396366666667,35.10050316666667,4.037613068771874,37.544371661452104,-84.3270811197335,During Launch
4839,2025-03-22 11:00:37,208.524,1118.73691244,-66.648,32.588,-117.79396366666667,35.10050316666667,23.95738778264393,33.657469162518666,-62.833768824741156,During Launch
4840,2025-03-22 11:00:37,208.566,1116.0236577599999,-67.925,32.593,-117.79396366666667,35.10050316666667,33.78643103163487,35.4491378123401,-54.416006054149676,During Launch
4841,2025-03-22 11:00:37,208.609,1111.48625604,-68.017,32.593,-117.79396366666667,35.10050316666667,51.91464315842796,45.63375802922016,-42.47198630983961,During Launch
4842,2025-03-22 11:00:37,208.651,1111.78153164,-59.574,32.596,-117.79396366666667,35.10050316666667,57.343661058027706,49.864771586605364,-38.90180991952815,During Launch
4843,2025-03-22 11:00:37,208.693,1106.42063908,-61.934,32.596,-117.7939045,35.10059066666667,67.22645275561028,62.24010705899076,-35.15558652356902,During Launch
4844,2025-03-22 11:00:37,208.736,1100.4724761599998,-64.19,32.591,-117.7939045,35.10059066666667,70.89907520713489,68.3767672870499,-34.81179570747773,During Launch
4845,2025-03-22 11:00:37,208.778,1100.23297484,-61.102,32.596,-117.7939045,35.10059066666667,74.7402330733523,75.77974317599084,-34.75787927263326,During Launch
4846,2025-03-22 11:00:37,208.821,1089.6325808,-66.166,32.593,-117.7939045,35.10059066666667,75.62882386830218,78.11206898538107,-35.256360597638654,During Launch
4847,2025-03-22 11:00:38,208.863,1081.97510024,-69.803,32.598,-117.7939045,35.10059066666667,75.9617936199373,81.02043684964214,-38.166097224373544,During Launch
4848,2025-03-22 11:00:38,208.906,1077.79859092,-78.437,32.598,-117.7939045,35.10059066666667,71.95712004518181,80.23964241748452,-42.38028601078287,During Launch
4849,2025-03-22 11:00:38,208.956,1065.7316614,-94.133,32.593,-117.7939045,35.10059066666667,67.91765830031143,78.16274887399629,-44.19458971070401,During Launch
4850,2025-03-22 11:00:38,208.999,1059.20607064,-104.533,32.601,-117.7939045,35.10059066666667,61.19733100385195,76.12662962915468,-48.58798949167121,During Launch
4851,2025-03-22 11:00:38,209.041,1054.55712036,-107.53,32.603,-117.7939045,35.10059066666667,57.562302784922856,75.75745795343815,-51.9992146363841,During Launch
4852,2025-03-22 11:00:38,209.084,1052.61814392,-109.919,32.601,-117.7939045,35.10059066666667,46.03658714030814,75.9739055092199,-60.82107168438528,During Launch
4853,2025-03-22 11:00:38,209.126,1050.4954404399998,-104.984,32.593,-117.7939045,35.10059066666667,37.34466105882938,76.36526613680674,-65.60841630986059,During Launch
4854,2025-03-22 11:00:38,209.168,1048.84845876,-106.637,32.593,-117.7939045,35.10059066666667,3.5406522615377067,77.7688644131334,-76.76036185716768,During Launch
4855,2025-03-22 11:00:38,209.211,1047.080086,-106.299,32.596,-117.7939045,35.10059066666667,-11.890120774402801,78.6312224915117,-81.16733069338996,During Launch
4856,2025-03-22 11:00:38,209.253,1046.25659516,-104.584,32.596,-117.7939045,35.10059066666667,-37.96632390024669,82.29401254895181,-86.48009862904134,During Launch
4857,2025-03-22 11:00:38,209.296,1045.02299932,-102.265,32.596,-117.7939045,35.10059066666667,-49.469014152076674,84.02862476950735,-87.86457678587267,During Launch
4858,2025-03-22 11:00:38,209.338,1041.14504644,-108.701,32.591,-117.7939045,35.10059066666667,-65.98517275473684,86.73604182680944,-88.62141423277735,During Launch
4859,2025-03-22 11:00:38,209.38,1040.49544012,-100.975,32.596,-117.7939045,35.10059066666667,-102.61151347870837,88.84836300896092,-87.47179013003166,During Launch
4860,2025-03-22 11:00:38,209.423,1038.7303482,-94.248,32.598,-117.7939045,35.10059066666667,21.952135211405707,92.85023383880164,-85.25089778944708,During Launch
4861,2025-03-22 11:00:38,209.465,1039.37667368,-90.751,32.593,-117.7939045,35.10059066666667,57.37665826220508,94.61192204823128,-84.32297517858392,During Launch
4862,2025-03-22 11:00:38,209.507,1037.14570248,-88.761,32.588,-117.7939045,35.10059066666667,101.43394308760685,98.20487187183494,-82.81430846330763,During Launch
4863,2025-03-22 11:00:38,209.55,1031.21066292,-85.21,32.593,-117.7939045,35.10059066666667,114.06901230360154,100.20849060027733,-81.73032747031046,During Launch
4864,2025-03-22 11:00:38,209.592,1028.43835312,-84.549,32.598,-117.7939045,35.10059066666667,129.85264884900354,103.3743165428463,-79.96578085351773,During Launch
4865,2025-03-22 11:00:38,209.634,1020.74150248,-89.216,32.596,-117.7939045,35.10059066666667,135.3514562690126,104.73785828057702,-79.52653976801501,During Launch
4866,2025-03-22 11:00:38,209.677,1016.3353343599999,-89.093,32.593,-117.7939045,35.10059066666667,143.74890962055133,107.93844067460702,-79.1172313493058,During Launch
4867,2025-03-22 11:00:38,209.719,1012.87076732,-92.613,32.588,-117.79384683333333,35.100685666666664,146.2223004309628,108.20958586660794,-79.17629665337981,During Launch
4868,2025-03-22 11:00:38,209.762,1009.22247324,-90.924,32.578,-117.79384683333333,35.100685666666664,153.55382662434926,108.68703341759189,-81.21898575088412,During Launch
4869,2025-03-22 11:00:38,209.804,1004.4619744,-89.897,32.583,-117.79384683333333,35.100685666666664,156.88024287453044,107.97168058906173,-82.27013834005922,During Launch
4870,2025-03-22 11:00:39,209.847,1003.9862526,-90.034,32.576,-117.79384683333333,35.100685666666664,-9.142673372251721,105.03413299503646,-86.8151172608466,During Launch
4871,2025-03-22 11:00:39,209.889,1000.8727354399999,-83.108,32.563,-117.79384683333333,35.100685666666664,-55.520281555605585,103.24489242402773,-88.65921233096091,During Launch
4872,2025-03-22 11:00:39,209.932,999.46525508,-77.184,32.558,-117.79384683333333,35.100685666666664,-97.72117196596678,98.89819087232175,-92.76849654261463,During Launch
4873,2025-03-22 11:00:39,209.974,997.5820529199999,-75.109,32.563,-117.79384683333333,35.100685666666664,-101.47466003380322,96.29284222795118,-95.33060685828691,During Launch
4874,2025-03-22 11:00:39,210.016,993.520373,-68.124,32.519,-117.79384683333333,35.100685666666664,-92.13440763806817,88.72453401801637,-100.15370931094867,During Launch
4875,2025-03-22 11:00:39,210.059,987.4836274,-67.663,32.533,-117.79384683333333,35.100685666666664,-85.12231624396104,83.8709584286991,-102.9314509409442,During Launch
4876,2025-03-22 11:00:39,210.101,982.89701308,-67.604,32.526,-117.79384683333333,35.100685666666664,-71.03954020759397,74.59955393554787,-107.1363078927212,During Launch
4877,2025-03-22 11:00:39,210.144,974.9081676799999,-73.311,32.521,-117.79384683333333,35.100685666666664,-65.62061712679446,71.35562712954051,-108.60107580596369,During Launch
4878,2025-03-22 11:00:39,210.186,968.8648604,-77.01,32.519,-117.79384683333333,35.100685666666664,-58.72480735466863,67.18747531313153,-111.78802395408687,During Launch
4879,2025-03-22 11:00:39,210.229,964.51446656,-79.485,32.489,-117.79384683333333,35.100685666666664,-55.983593060539825,66.2700078578123,-112.6656243543547,During Launch
4880,2025-03-22 11:00:39,210.271,959.88520132,-82.259,32.499,-117.79384683333333,35.100685666666664,-51.67109374508326,66.02490583473688,-113.76400107669545,During Launch
4881,2025-03-22 11:00:39,210.314,958.5367760799999,-82.677,32.494,-117.79384683333333,35.100685666666664,-50.62193041718906,68.27295396494267,-112.59964420466999,During Launch
4882,2025-03-22 11:00:39,210.356,959.5866448800001,-80.6,32.489,-117.79384683333333,35.100685666666664,-52.8758033160801,75.65467981331713,-109.35840202268707,During Launch
4883,2025-03-22 11:00:39,210.398,961.942288,-74.72,32.491,-117.79384683333333,35.100685666666664,-55.4456126710202,79.74527071402146,-107.21146530107232,During Launch
4884,2025-03-22 11:00:39,210.441,961.64045072,-74.321,32.489,-117.79384683333333,35.100685666666664,-71.89509932047348,89.65897053526105,-101.93200354755767,During Launch
4885,2025-03-22 11:00:39,210.483,964.63585764,-69.9,32.486,-117.79384683333333,35.100685666666664,-85.84492387958872,95.38240763542787,-100.27307535663454,During Launch
4886,2025-03-22 11:00:39,210.525,970.1575113600001,-65.301,32.491,-117.79384683333333,35.100685666666664,-109.74915531495972,105.50786206033628,-97.89940078475834,During Launch
4887,2025-03-22 11:00:39,210.568,964.04858728,-68.895,32.486,-117.79384683333333,35.100685666666664,-120.07662507140775,112.1837814844424,-97.5636333839287,During Launch
4888,2025-03-22 11:00:39,210.61,958.00856084,-69.059,32.496,-117.79384683333333,35.100685666666664,-135.06255911612024,125.3771876803392,-98.72464862310312,During Launch
4889,2025-03-22 11:00:39,210.653,963.46459776,-61.238,32.494,-117.79384683333333,35.100685666666664,-140.97958972163053,132.8389484833556,-99.94863059981643,During Launch
4890,2025-03-22 11:00:39,210.695,962.46394156,-54.927,32.489,-117.79381566666666,35.10078683333333,-147.40928610549486,143.84127289079802,-104.81591462801101,During Launch
4891,2025-03-22 11:00:39,210.738,955.60042428,-57.243,32.486,-117.79381566666666,35.10078683333333,-147.49578658951123,147.80789124335564,-109.20336211432041,During Launch
4892,2025-03-22 11:00:39,210.788,948.6220775999999,-60.102,32.486,-117.79381566666666,35.10078683333333,-143.76825363298738,155.06112758878564,-121.50979293448478,During Launch
4893,2025-03-22 11:00:39,210.832,941.35173616,-63.431,32.484,-117.79381566666666,35.10078683333333,-136.2695767969706,158.7859152388091,-132.2133031732385,During Launch
4894,2025-03-22 11:00:40,210.875,934.78677532,-65.056,32.481,-117.79381566666666,35.10078683333333,-133.26325182651328,159.8282568010689,-135.33643579622736,During Launch
4895,2025-03-22 11:00:40,210.917,933.7926808,-65.601,32.479,-117.79381566666666,35.10078683333333,-128.80835000894822,161.0058812756074,-139.59185219525764,During Launch
4896,2025-03-22 11:00:40,210.959,931.5584287600001,-64.78,32.474,-117.79381566666666,35.10078683333333,-126.93566054090896,160.01744924666286,-139.6223242479409,During Launch
4897,2025-03-22 11:00:40,211.002,928.6253578000001,-66.206,32.466,-117.79381566666666,35.10078683333333,-124.64901486321325,158.4625436999292,-139.78868927445126,During Launch
4898,2025-03-22 11:00:40,211.044,925.28874352,-67.564,32.459,-117.79381566666666,35.10078683333333,-123.97099559572565,157.680790653089,-139.99248200545242,During Launch
4899,2025-03-22 11:00:40,211.087,923.9337566,-64.973,32.444,-117.79381566666666,35.10078683333333,-122.85973130107512,156.2746258443857,-140.3972168871426,During Launch
4900,2025-03-22 11:00:40,211.129,922.59517388,-60.643,32.446,-117.79381566666666,35.10078683333333,-122.73901091422272,155.68210550971514,-140.7874978775873,During Launch
4901,2025-03-22 11:00:40,211.171,911.16800816,-67.036,32.436,-117.79381566666666,35.10078683333333,-122.5725777010624,153.90956069244632,-141.18894091349352,During Launch
4902,2025-03-22 11:00:40,211.214,905.89569828,-64.498,32.426,-117.79381566666666,35.10078683333333,-122.51236746073887,153.44560125358927,-142.04735882157163,During Launch
4903,2025-03-22 11:00:40,211.256,901.3287690000001,-63.118,32.436,-117.79381566666666,35.10078683333333,-121.60204396694371,150.8062134292153,-143.46377289235812,During Launch
4904,2025-03-22 11:00:40,211.299,899.6260130400001,-60.643,32.424,-117.79381566666666,35.10078683333333,-119.9554263598421,148.88794891365967,-144.78662865877806,During Launch
4905,2025-03-22 11:00:40,211.349,897.22443816,-58.127,32.419,-117.79381566666666,35.10078683333333,-117.23010656542316,145.12056224262093,-146.21371589194925,During Launch
4906,2025-03-22 11:00:40,211.393,890.6660390000001,-62.902,32.419,-117.79381566666666,35.10078683333333,-112.76386004500719,139.95205883069644,-147.66577406640508,During Launch
4907,2025-03-22 11:00:40,211.436,885.5774561599999,-68.527,32.414,-117.79381566666666,35.10078683333333,-110.44859794802954,137.17381213270022,-147.9432512491711,During Launch
4908,2025-03-22 11:00:40,211.478,877.03086796,-78.622,32.404,-117.79381566666666,35.10078683333333,-104.78264225265912,129.38276705752705,-147.7357129270693,During Launch
4909,2025-03-22 11:00:40,211.521,869.65882048,-85.168,32.404,-117.79381566666666,35.10078683333333,-101.26155152022764,125.35708703899093,-147.12096601917204,During Launch
4910,2025-03-22 11:00:40,211.563,863.86485704,-93.306,32.396,-117.79381566666666,35.10078683333333,-90.23899633581763,110.71214791979618,-145.02811664487405,During Launch
4911,2025-03-22 11:00:40,211.605,860.70868896,-101.342,32.394,-117.79381566666666,35.10078683333333,-85.60442617300406,105.62362059286713,-144.65651794377774,During Launch
4912,2025-03-22 11:00:40,211.648,860.9383477599999,-95.472,32.389,-117.79381566666666,35.10078683333333,-79.4407024556916,100.31919158594745,-143.33218244236681,During Launch
4913,2025-03-22 11:00:40,211.69,862.28349216,-88.634,32.386,-117.79378833333334,35.100880333333336,-77.17408917276907,99.05418033980864,-142.39708853981938,During Launch
4914,2025-03-22 11:00:40,211.732,866.78808548,-89.598,32.386,-117.79378833333334,35.100880333333336,-75.69304355825547,99.01941149439465,-141.49639035463915,During Launch
4915,2025-03-22 11:00:40,211.775,875.9186632000001,-80.135,32.384,-117.79378833333334,35.100880333333336,-76.19133507413488,99.67033166113774,-140.48583575921865,During Launch
4916,2025-03-22 11:00:40,211.817,866.96525084,-82.146,32.374,-117.79378833333334,35.100880333333336,-76.09497262535515,98.42083580126344,-139.0242810119273,During Launch
4917,2025-03-22 11:00:41,211.859,876.50265272,-67.338,32.371,-117.79378833333334,35.100880333333336,-76.70699406013684,97.50392635135557,-138.82321272635477,During Launch
4918,2025-03-22 11:00:41,211.902,875.6857235599999,-61.37,32.366,-117.79378833333334,35.100880333333336,-76.31817857275098,95.7359386809716,-140.84958141785484,During Launch
4919,2025-03-22 11:00:41,211.944,858.30711408,-71.543,32.361,-117.79378833333334,35.100880333333336,-72.47473152411801,90.04058665568785,-145.31603402447703,During Launch
4920,2025-03-22 11:00:41,211.994,864.32745548,-64.499,32.369,-117.79378833333334,35.100880333333336,-70.06139278734838,86.03664090521082,-146.55879630099787,During Launch
4921,2025-03-22 11:00:41,212.037,863.3366417999999,-63.286,32.364,-117.79378833333334,35.100880333333336,-62.93902841034336,74.00291777023635,-148.54427413578048,During Launch
4922,2025-03-22 11:00:41,212.08,862.9888727599999,-60.887,32.371,-117.79378833333334,35.100880333333336,-58.51272819361337,66.05363635564284,-148.99956747719798,During Launch
4923,2025-03-22 11:00:41,212.123,851.81761256,-68.092,32.374,-117.79378833333334,35.100880333333336,-44.92409718716059,46.15138376612797,-147.24122861817273,During Launch
4924,2025-03-22 11:00:41,212.165,849.65225816,-68.907,32.376,-117.79378833333334,35.100880333333336,-34.82277653376424,38.24006471056418,-139.4855116849997,During Launch
4925,2025-03-22 11:00:41,212.208,839.19294024,-77.296,32.376,-117.79378833333334,35.100880333333336,-6.415175953510939,26.43765185408147,-102.50263768441125,During Launch
4926,2025-03-22 11:00:41,212.25,832.29005288,-73.103,32.389,-117.79378833333334,35.100880333333336,5.301179690770013,22.77663235699059,-86.58868342248284,During Launch
4927,2025-03-22 11:00:41,212.292,826.45343852,-73.694,32.391,-117.79378833333334,35.100880333333336,23.539246902285534,19.932257951209223,-63.662025034182484,During Launch
4928,2025-03-22 11:00:41,212.335,822.2441208,-73.294,32.394,-117.79378833333334,35.100880333333336,30.64668734109679,20.238228056747104,-56.44706492982015,During Launch
4929,2025-03-22 11:00:41,212.377,812.65750632,-80.676,32.389,-117.79378833333334,35.100880333333336,40.64037909961726,24.47610129615853,-48.58787480612075,During Launch
4930,2025-03-22 11:00:41,212.42,815.41013108,-76.391,32.391,-117.79378833333334,35.100880333333336,43.250515085293294,26.609195323667834,-46.96772941974191,During Launch
4931,2025-03-22 11:00:41,212.462,811.0827031199999,-74.447,32.396,-117.79378833333334,35.100880333333336,45.875903631095525,30.436902268962463,-46.03694663788429,During Launch
4932,2025-03-22 11:00:41,212.505,802.61813592,-77.605,32.396,-117.79378833333334,35.100880333333336,45.8365525142846,31.96207949188195,-45.85464423268945,During Launch
4933,2025-03-22 11:00:41,212.547,805.6496320800001,-66.774,32.399,-117.79378833333334,35.100880333333336,43.993414071751154,35.93200098467441,-47.9960664110439,During Launch
4934,2025-03-22 11:00:41,212.589,800.5151174800001,-64.741,32.404,-117.79378833333334,35.100880333333336,40.48423066532019,36.947223480852756,-50.103292087174424,During Launch
4935,2025-03-22 11:00:41,212.632,802.44097056,-57.459,32.406,-117.79378833333334,35.100880333333336,32.074613759569836,38.20709958885182,-55.64454989123198,During Launch
4936,2025-03-22 11:00:41,212.674,796.59779452,-59.973,32.409,-117.79378833333334,35.100880333333336,26.99622555563041,38.527579349179355,-58.913211941947395,During Launch
4937,2025-03-22 11:00:41,212.717,796.19097036,-60.568,32.409,-117.79374483333334,35.10096383333333,13.557975423300991,38.959606638475975,-70.15084696515903,During Launch
4938,2025-03-22 11:00:41,212.76,797.94293892,-60.131,32.406,-117.79374483333334,35.10096383333333,1.2594215078636921,36.02982584034709,-83.8378729039164,During Launch
4939,2025-03-22 11:00:41,212.81,789.24215124,-71.935,32.404,-117.79374483333334,35.10096383333333,-2.648573959265812,34.662547929695236,-89.5604705042811,During Launch
4940,2025-03-22 11:00:42,212.854,774.00921112,-94.448,32.411,-117.79374483333334,35.10096383333333,-9.662542501504857,33.07487988301609,-102.52428071007273,During Launch
4941,2025-03-22 11:00:42,212.896,772.20474912,-87.823,32.406,-117.79374483333334,35.10096383333333,-12.123363434878547,32.66933031661006,-107.66036085612814,During Launch
4942,2025-03-22 11:00:42,212.939,771.55842364,-97.171,32.411,-117.79374483333334,35.10096383333333,-16.221865187156975,32.59058020931372,-116.74346645880004,During Launch
4943,2025-03-22 11:00:42,212.981,772.78217696,-95.369,32.411,-117.79374483333334,35.10096383333333,-18.394570359297866,33.53436365636815,-120.41380665881557,During Launch
4944,2025-03-22 11:00:42,213.024,772.61485412,-79.345,32.406,-117.79374483333334,35.10096383333333,-21.805560054683887,35.89378531430487,-126.00953958420999,During Launch
4945,2025-03-22 11:00:42,213.066,767.59516892,-90.235,32.409,-117.79374483333334,35.10096383333333,-24.944614524730724,37.919706497449205,-129.1545299103683,During Launch
4946,2025-03-22 11:00:42,213.109,772.9626231599999,-84.304,32.416,-117.79374483333334,35.10096383333333,-31.201089718964564,41.53829540587694,-135.34678349345361,During Launch
4947,2025-03-22 11:00:42,213.151,762.98230788,-93.377,32.411,-117.79374483333334,35.10096383333333,-33.09571500844893,42.9698197866431,-137.26677492889996,During Launch
4948,2025-03-22 11:00:42,213.194,763.9764024,-82.018,32.399,-117.79374483333334,35.10096383333333,-34.246527953966336,44.63256054895785,-138.85550424316014,During Launch
4949,2025-03-22 11:00:42,213.236,751.38125764,-91.756,32.416,-117.79374483333334,35.10096383333333,-34.61141425651777,44.71000219604447,-140.12837834252932,During Launch
4950,2025-03-22 11:00:42,213.279,745.488869,-87.492,32.401,-117.79374483333334,35.10096383333333,-30.321063072498486,39.76779422805124,-141.78347715535955,During Launch
4951,2025-03-22 11:00:42,213.321,750.7349321600001,-76.149,32.411,-117.79374483333334,35.10096383333333,-27.994208480073297,36.90494629785089,-142.10687052457678,During Launch
4952,2025-03-22 11:00:42,213.364,747.0636722,-74.058,32.411,-117.79374483333334,35.10096383333333,-24.443873071771407,32.06328862619023,-141.76918356282445,During Launch
4953,2025-03-22 11:00:42,213.406,744.85238604,-72.261,32.406,-117.79374483333334,35.10096383333333,-23.460536558194,29.63539476705009,-141.65911574278073,During Launch
4954,2025-03-22 11:00:42,213.449,742.9823072400001,-64.996,32.411,-117.79374483333334,35.10096383333333,-19.521267527781383,25.853202388070418,-136.21497251642398,During Launch
4955,2025-03-22 11:00:42,213.491,735.63650648,-74.485,32.411,-117.79374483333334,35.10096383333333,-15.019134448364511,24.67459205632588,-127.98399165942136,During Launch
4956,2025-03-22 11:00:42,213.534,731.04004964,-74.667,32.414,-117.79374483333334,35.10096383333333,-6.053797803634343,22.673826876536133,-108.40991399058609,During Launch
4957,2025-03-22 11:00:42,213.576,727.1292883599999,-70.484,32.419,-117.79374483333334,35.10096383333333,-1.1421953109798144,21.744865194489616,-97.66771964087339,During Launch
4958,2025-03-22 11:00:42,213.619,723.16931448,-76.941,32.416,-117.79374483333334,35.10096383333333,9.287490898194982,21.497312148928216,-76.19417343801332,During Launch
4959,2025-03-22 11:00:42,213.661,-1967.53943304,-2582.14,32.424,-117.79374483333334,35.10096383333333,12.923232985287804,22.06622367878863,-68.54081756108567,During Launch
4960,2025-03-22 11:00:42,213.704,475.15421468,-305.305,32.384,-117.79374483333334,35.10096383333333,18.98262935101315,18.276269852134867,-58.382614027760326,During Launch
4961,2025-03-22 11:00:42,213.747,727.24083692,-64.638,32.434,-117.79374483333334,35.10096383333333,20.954315588265473,18.454086496553444,-52.857936963948056,During Launch
4962,2025-03-22 11:00:42,213.797,720.4855873600001,-70.098,32.439,-117.7937145,35.1010405,26.00686301282709,-7.427038056393531,-18.22404122552547,During Launch
4963,2025-03-22 11:00:43,213.841,713.9599966000001,-77.69,32.439,-117.7937145,35.1010405,26.002570980479344,-39.59715859317872,23.136638447838244,During Launch
4964,2025-03-22 11:00:43,213.884,712.3884742399999,-71.558,32.446,-117.7937145,35.1010405,26.497758444805,-49.734101760608425,35.78685838335256,During Launch
4965,2025-03-22 11:00:43,213.926,712.67718816,-57.213,32.449,-117.7937145,35.1010405,26.711660701018076,-60.819231036136465,52.33784999726975,During Launch
4966,2025-03-22 11:00:43,213.968,712.96590208,-55.26,32.451,-117.7937145,35.1010405,25.740734419075057,-61.60549096986823,57.548500391851505,During Launch
4967,2025-03-22 11:00:43,214.011,721.94556116,-46.281,32.416,-117.7937145,35.1010405,25.410500617659437,-62.03652601220725,64.76812255630966,During Launch
4968,2025-03-22 11:00:43,214.053,731.55842236,-38.455,32.446,-117.7937145,35.1010405,25.775015187698624,-61.656208318049345,67.18808173324878,During Launch
4969,2025-03-22 11:00:43,214.095,731.55842236,-38.335,32.464,-117.7937145,35.1010405,27.959339204354432,-59.76115390313057,69.69292555508586,During Launch
4970,2025-03-22 11:00:43,214.138,712.0308626799999,-51.832,32.454,-117.7937145,35.1010405,28.9928236356,-58.1143504931797,70.4255726771616,During Launch
4971,2025-03-22 11:00:43,214.18,705.626663,-62.872,32.451,-117.7937145,35.1010405,34.24741973809579,-54.736605158783895,67.10748985886961,During Launch
4972,2025-03-22 11:00:43,214.223,706.2237758800001,-52.946,32.404,-117.7937145,35.1010405,37.436404442864635,-53.55342123277165,64.86292799058711,During Launch
4973,2025-03-22 11:00:43,214.265,696.8996285999999,-62.63,32.446,-117.7937145,35.1010405,49.60652000316953,-53.98105997155034,55.9252231794167,During Launch
4974,2025-03-22 11:00:43,214.307,697.6542218000001,-50.165,32.439,-117.7937145,35.1010405,56.975285228669634,-57.32896762648945,50.99433442994573,During Launch
4975,2025-03-22 11:00:43,214.35,700.79398568,-41.732,32.441,-117.7937145,35.1010405,72.98912452391478,-76.45238189424084,42.443770422398345,During Launch
4976,2025-03-22 11:00:43,214.392,703.12338208,-44.455,32.444,-117.7937145,35.1010405,82.09775110320082,-95.06270726995713,39.45158172478914,During Launch
4977,2025-03-22 11:00:43,214.434,711.98165008,-32.787,32.446,-117.7937145,35.1010405,95.86601269009154,-128.07058727391748,34.38222370490193,During Launch
4978,2025-03-22 11:00:43,214.477,713.31367112,-29.448,32.444,-117.7937145,35.1010405,100.6522063905019,-140.2814857128284,32.236715583435334,During Launch
4979,2025-03-22 11:00:43,214.519,689.6719380799999,-49.823,32.444,-117.7937145,35.1010405,104.64399431883201,-157.6997954291585,28.726930959265253,During Launch
4980,2025-03-22 11:00:43,214.562,662.15225216,-68.613,32.449,-117.7937145,35.1010405,102.17191273471582,-163.61376122776565,26.53305283730373,During Launch
4981,2025-03-22 11:00:43,214.604,649.88191056,-75.849,32.441,-117.7937145,35.1010405,96.84208627175522,-169.79438303048858,21.11257463249696,During Launch
4982,2025-03-22 11:00:43,214.647,634.00920664,-86.947,32.441,-117.7937145,35.1010405,94.16149954664492,-170.29700081456895,18.077103584323226,During Launch
4983,2025-03-22 11:00:43,214.689,623.55316956,-93.099,32.439,-117.7937145,35.1010405,90.88341667129863,-163.4975388420529,14.6448106853819,During Launch
4984,2025-03-22 11:00:43,214.732,628.43505948,2423.879,32.439,-117.7936435,35.10108733333333,90.37266536235666,-157.86729178819883,14.358637523676656,During Launch
4985,2025-03-22 11:00:43,214.782,616.2336155200001,130.871,32.439,-117.7936435,35.10108733333333,83.61039553964588,-135.50073649582535,17.549359918539405,During Launch
4986,2025-03-22 11:00:43,214.826,623.6712798,-95.987,32.436,-117.7936435,35.10108733333333,73.05340788447555,-107.58032579418769,26.875173698149823,During Launch
4987,2025-03-22 11:00:44,214.869,637.44424612,-77.464,32.429,-117.7936435,35.10108733333333,70.96986182016417,-98.3459629612615,35.86654211305762,During Launch
4988,2025-03-22 11:00:44,214.911,632.96918036,-75.692,32.429,-117.7936435,35.10108733333333,92.80189474535328,-89.89023322472079,66.1041858307957,During Launch
4989,2025-03-22 11:00:44,214.953,631.68965276,-75.49,32.421,-117.7936435,35.10108733333333,17.95529410000522,-89.88874868510744,81.29051349311966,During Launch
4990,2025-03-22 11:00:44,214.996,626.92915392,-80.138,32.411,-117.7936435,35.10108733333333,-92.1846557147849,-19.832725245604976,37.42928900665788,During Launch
4991,2025-03-22 11:00:44,215.038,623.7368966,-83.392,32.409,-117.7936435,35.10108733333333,-128.65773352000053,31.694158502516107,0.6461254981270272,During Launch
4992,2025-03-22 11:00:44,215.08,615.3740354400001,-99.693,32.414,-117.7936435,35.10108733333333,-70.57583200374535,90.13649826997843,-43.43487454590555,During Launch
4993,2025-03-22 11:00:44,215.123,607.529547,-115.915,32.416,-117.7936435,35.10108733333333,-11.281671781536772,108.48553227979912,-53.329492476942846,During Launch
4994,2025-03-22 11:00:44,215.165,597.71655456,-125.086,32.409,-117.7936435,35.10108733333333,50.81394529057258,134.9122640170915,-47.08837416454596,During Launch
4995,2025-03-22 11:00:44,215.207,593.1266594,-111.229,32.411,-117.7936435,35.10108733333333,66.4782319922017,141.858022241732,-44.95762108499587,During Launch
4996,2025-03-22 11:00:44,215.25,592.83794548,-105.41,32.409,-117.7936435,35.10108733333333,64.66255713109975,112.97677310532195,-37.44867697777404,During Launch
4997,2025-03-22 11:00:44,215.292,593.77298488,-105.193,32.404,-117.7936435,35.10108733333333,57.61325133074244,94.40790784303542,-32.77221713069324,During Launch
4998,2025-03-22 11:00:44,215.335,586.92259096,-102.782,32.414,-117.7936435,35.10108733333333,39.82711176826929,70.4666300354328,-30.186068259109728,During Launch
4999,2025-03-22 11:00:44,215.377,586.45671168,-103.923,32.406,-117.7936435,35.10108733333333,24.271724232298986,62.38894051864617,-44.924475506268756,During Launch
5000,2025-03-22 11:00:44,215.42,580.8891262,-112.061,32.406,-117.7936435,35.10108733333333,-19.87269857520479,57.133239236526805,-87.16577097199307,During Launch
5001,2025-03-22 11:00:44,215.462,576.76839116,-118.089,32.396,-117.7936435,35.10108733333333,-43.16718631514268,67.38642639761586,-99.61516634879678,During Launch
5002,2025-03-22 11:00:44,215.504,564.01248524,-138.289,32.391,-117.7936435,35.10108733333333,-89.06919220851806,97.16275471908352,-112.3660743279316,During Launch
5003,2025-03-22 11:00:44,215.547,559.83597592,-143.437,32.394,-117.7936435,35.10108733333333,-108.97160767408016,109.22204397079152,-116.219683219764,During Launch
5004,2025-03-22 11:00:44,215.589,559.2519864000001,-121.888,32.389,-117.7936435,35.10108733333333,-140.19641518066933,122.25437266621654,-115.34672176720579,During Launch
5005,2025-03-22 11:00:44,215.631,560.18374496,-95.387,32.386,-117.7936435,35.10108733333333,-154.4263856047848,126.03078610470854,-108.09512269049604,During Launch
5006,2025-03-22 11:00:44,215.674,561.68636968,-82.426,32.389,-117.7936435,35.10108733333333,-2.7975793827574122,131.47912424215173,-83.80271238378143,During Launch
5007,2025-03-22 11:00:44,215.716,560.8267896,-68.459,32.389,-117.7936435,35.10108733333333,36.69274909221791,132.1434681708184,-71.35887163240946,During Launch
5008,2025-03-22 11:00:44,215.759,550.56104124,-68.217,32.384,-117.7936435,35.10108733333333,72.56981773312047,118.1528412238543,-55.79430030086591,During Launch
5009,2025-03-22 11:00:44,215.801,542.72967616,-80.173,32.386,-117.7936435,35.10108733333333,75.43272429813163,101.31175890304185,-51.5117687188469,During Launch
5010,2025-03-22 11:00:45,215.851,537.05054212,-74.072,32.386,-117.7936435,35.10108733333333,71.55127238932327,70.80544904878522,-46.73081500731256,During Launch
5011,2025-03-22 11:00:45,215.894,537.7427993599999,-80.457,32.389,-117.7936435,35.10108733333333,63.189379677790306,50.184870761039775,-48.18560119850827,During Launch
5012,2025-03-22 11:00:45,215.938,538.9107783999999,-92.173,32.381,-117.7936435,35.10108733333333,59.41229404907689,43.95660058152217,-51.76901487551773,During Launch
5013,2025-03-22 11:00:45,215.98,535.83335048,-90.866,32.386,-117.7936435,35.10108733333333,53.46014075108759,35.182001277500845,-60.48952767140753,During Launch
5014,2025-03-22 11:00:45,216.022,530.5610406,-94.601,32.391,-117.7936435,35.10108733333333,51.18477422169441,31.991069217756312,-64.80512925906073,During Launch
5015,2025-03-22 11:00:45,216.065,527.7788882799999,-92.75,32.394,-117.7936435,35.10108733333333,46.14885476015485,28.117690669862657,-75.22926862753829,During Launch
5016,2025-03-22 11:00:45,216.107,526.15487248,-91.283,32.394,-117.7936435,35.10108733333333,42.395402892387274,27.043151171645754,-82.63153418926268,During Launch
5017,2025-03-22 11:00:45,216.15,525.62993808,-83.873,32.396,-117.7936435,35.10108733333333,34.85910469341979,25.805518041187646,-96.10635562016736,During Launch
5018,2025-03-22 11:00:45,216.192,524.12731336,-78.019,32.394,-117.7936435,35.10108733333333,32.54130875692485,25.618768314874433,-99.85470390186372,During Launch
5019,2025-03-22 11:00:45,216.235,523.0315128,-69.799,32.391,-117.7936435,35.10108733333333,29.96903780950207,25.29010783340307,-104.67357027979304,During Launch
5020,2025-03-22 11:00:45,216.277,520.47901928,-67.895,32.394,-117.7936435,35.10108733333333,31.269249302754183,24.828809415120723,-103.27396899905268,During Launch
5021,2025-03-22 11:00:45,216.319,518.1496228799999,-69.867,32.404,-117.7936435,35.10108733333333,39.52071977882615,22.657051734172214,-90.49263402393055,During Launch
5022,2025-03-22 11:00:45,216.362,514.44555452,-74.138,32.401,-117.7936435,35.10108733333333,45.66270867869755,21.328847562348333,-81.37084822184629,During Launch
5023,2025-03-22 11:00:45,216.406,511.49607936,-70.426,32.404,-117.7936435,35.10108733333333,60.216326722510146,21.4160909297831,-64.71775684108195,During Launch
5024,2025-03-22 11:00:45,216.448,511.60434708,-69.89,32.396,-117.7936435,35.10108733333333,67.75227805397921,23.99458194358951,-57.709581313888236,During Launch
5025,2025-03-22 11:00:45,216.491,509.46852024,-66.686,32.404,-117.7936435,35.10108733333333,83.69944895588844,31.422829201416317,-44.46071639453335,During Launch
5026,2025-03-22 11:00:45,216.533,505.41668283999996,-66.622,32.404,-117.7936435,35.10108733333333,90.9289902483059,35.752045843930944,-38.623277178616334,During Launch
5027,2025-03-22 11:00:45,216.575,504.50460932,-55.563,32.371,-117.7936435,35.10108733333333,103.42563322433092,47.3747740666368,-30.552138305120874,During Launch
5028,2025-03-22 11:00:45,216.618,497.41799492,-58.28,32.401,-117.7936435,35.10108733333333,109.38012636122416,54.30544437576536,-26.763839032914255,During Launch
5029,2025-03-22 11:00:45,216.66,493.2578898,-61.619,32.404,-117.7936435,35.10108733333333,120.33244189031892,73.34987059504937,-21.413629077543007,During Launch
5030,2025-03-22 11:00:45,216.703,491.86681364,-63.728,32.399,-117.79361116666666,35.101084666666665,125.89497874602513,84.83941626630435,-19.246350904991196,During Launch
5031,2025-03-22 11:00:45,216.745,487.00460876,-69.731,32.399,-117.79361116666666,35.101084666666665,135.1470127637497,106.19905055646817,-14.788774175774014,During Launch
5032,2025-03-22 11:00:45,216.788,487.29004184,-68.598,32.401,-117.79361116666666,35.101084666666665,139.46057743895398,115.96416320225968,-12.979676718446042,During Launch
5033,2025-03-22 11:00:45,216.83,485.66930688,-60.59,32.401,-117.79361116666666,35.101084666666665,147.80461316479193,131.26088656381376,-11.873679771311973,During Launch
5034,2025-03-22 11:00:46,216.873,483.88124908,-54.896,32.389,-117.79361116666666,35.101084666666665,151.79669480568114,136.6159839436051,-12.71599283419479,During Launch
5035,2025-03-22 11:00:46,216.915,483.76313883999995,-50.082,32.399,-117.79361116666666,35.101084666666665,155.88850077773515,143.12338421449704,-16.389821102126987,During Launch
5036,2025-03-22 11:00:46,216.957,482.50001544,-51.969,32.391,-117.79361116666666,35.101084666666665,156.42458701020396,144.9994659108964,-17.731421723145697,During Launch
5037,2025-03-22 11:00:46,217.0,479.66536967999997,-55.787,32.391,-117.79361116666666,35.101084666666665,156.48041260180293,145.67480805383963,-21.860090792296376,During Launch
5038,2025-03-22 11:00:46,217.042,480.35434608,-52.24,32.394,-117.79361116666666,35.101084666666665,155.74166672537058,145.06779487973446,-23.75123291585881,During Launch
5039,2025-03-22 11:00:46,217.084,478.41536964,-49.101,32.349,-117.79361116666666,35.101084666666665,153.0604684711384,143.54508203816653,-26.30550831246634,During Launch
5040,2025-03-22 11:00:46,217.127,472.25395212,-52.283,32.394,-117.79361116666666,35.101084666666665,150.8095065535827,142.09264356876116,-26.980030556730654,During Launch
5041,2025-03-22 11:00:46,217.169,469.41930636,-53.423,32.391,-117.79361116666666,35.101084666666665,145.326184243706,138.19346116564537,-28.68576900415293,During Launch
5042,2025-03-22 11:00:46,217.212,467.51641916,-54.721,32.391,-117.79361116666666,35.101084666666665,142.13069594171054,136.51426721672436,-28.621630608258517,During Launch
5043,2025-03-22 11:00:46,217.254,466.125343,-54.616,32.386,-117.79361116666666,35.101084666666665,134.7976117382129,132.31334422346535,-28.069895523233296,During Launch
5044,2025-03-22 11:00:46,217.296,464.75067104000004,-54.93,32.364,-117.79361116666666,35.101084666666665,130.50819470039127,128.8627552619022,-28.074053916005926,During Launch
5045,2025-03-22 11:00:46,217.339,465.31497552,-51.944,32.386,-117.79361116666666,35.101084666666665,121.4767391027362,118.82423261870836,-29.02961788841484,During Launch
5046,2025-03-22 11:00:46,217.381,463.75329568,-51.221,32.394,-117.79361116666666,35.101084666666665,116.60045536270016,111.87888713616599,-29.69468429927551,During Launch
5047,2025-03-22 11:00:46,217.423,460.67914859999996,-50.675,32.399,-117.79361116666666,35.101084666666665,106.90963580515692,95.71950324895468,-31.355975381713268,During Launch
5048,2025-03-22 11:00:46,217.466,461.44358431999996,-47.219,32.384,-117.79361116666666,35.101084666666665,102.55789691708881,87.70857336903659,-32.43678319641312,During Launch
5049,2025-03-22 11:00:46,217.508,459.29791496,-49.346,32.394,-117.79361116666666,35.101084666666665,94.56107132154405,73.10070850269794,-35.356669836090525,During Launch
5050,2025-03-22 11:00:46,217.551,456.69620884,-49.785,32.389,-117.79361116666666,35.101084666666665,88.71216344063453,61.53523823298125,-37.44673374618163,During Launch
5051,2025-03-22 11:00:46,217.601,455.02954212000003,-47.179,32.381,-117.79361116666666,35.101084666666665,86.95405304691405,57.84736798370903,-38.25551853588173,During Launch
5052,2025-03-22 11:00:46,217.644,453.3464712,-47.856,32.394,-117.79361116666666,35.101084666666665,85.10698802284054,53.57922614305116,-40.81480698407328,During Launch
5053,2025-03-22 11:00:46,217.687,451.77494884,-42.697,32.399,-117.79361116666666,35.101084666666665,84.6991609727871,52.642197769318585,-41.69139040206647,During Launch
5054,2025-03-22 11:00:46,217.729,449.75067056,-40.699,32.399,-117.793613,35.101063,84.81910566273837,51.43388347073189,-44.51641214464961,During Launch
5055,2025-03-22 11:00:46,217.772,449.17980439999997,-39.932,32.391,-117.793613,35.101063,85.62864600568882,52.04878287930705,-45.89615407019401,During Launch
5056,2025-03-22 11:00:46,217.814,445.41996176000004,-38.901,32.396,-117.793613,35.101063,88.61012609566892,54.27129886186724,-47.822029081568886,During Launch
5057,2025-03-22 11:00:47,217.856,444.77691712000006,-39.806,32.401,-117.793613,35.101063,90.02640306535687,55.696431965691524,-48.16489360918337,During Launch
5058,2025-03-22 11:00:47,217.899,444.20605096,-38.787,32.396,-117.793613,35.101063,93.29805765224918,58.02830577837384,-49.036361444217114,During Launch
5059,2025-03-22 11:00:47,217.941,443.51379371999997,-37.797,32.394,-117.793613,35.101063,95.34890608011644,58.993086283366,-49.40095675217103,During Launch
5060,2025-03-22 11:00:47,217.983,444.20605096,-37.038,32.396,-117.793613,35.101063,99.41948504222678,60.79299829366008,-45.17203357421445,During Launch
5061,2025-03-22 11:00:47,218.026,443.39568347999995,-36.58,32.396,-117.793613,35.101063,101.91615975652854,62.43854093080766,-42.7665790990153,During Launch
5062,2025-03-22 11:00:47,218.068,444.20605096,-33.202,32.391,-117.793613,35.101063,108.56829247755945,71.79482040822397,-37.12777956678102,During Launch
5063,2025-03-22 11:00:47,218.111,442.70670708000006,-35.218,32.394,-117.793613,35.101063,112.92451211024498,78.24715718895489,-33.89749126291156,During Launch
5064,2025-03-22 11:00:47,218.153,443.39568347999995,-32.759,32.396,-117.793613,35.101063,125.44787544546237,98.7560962575662,-29.419413211578092,During Launch
5065,2025-03-22 11:00:47,218.195,443.27757324,-27.131,32.394,-117.793613,35.101063,141.4147100255912,134.980612893403,-17.59204142583294,During Launch
5066,2025-03-22 11:00:47,218.246,441.8963396,-25.555,32.394,-117.793613,35.101063,148.2301890737229,151.6800872674168,-11.654488843037962,During Launch
5067,2025-03-22 11:00:47,218.289,441.08597212000006,-24.541,32.394,-117.793613,35.101063,167.95666951570442,-1.658108768490166,4.753151749075871,During Launch
5068,2025-03-22 11:00:47,218.332,438.82547336,-25.325,32.399,-117.793613,35.101063,178.15446718475178,-48.324969746415405,19.565179297171017,During Launch
5069,2025-03-22 11:00:47,218.374,435.99410844,-26.676,32.399,-117.793613,35.101063,19.2781453584321,-105.42868508745673,87.61804935168736,During Launch
5070,2025-03-22 11:00:47,218.416,436.11221867999996,-27.115,32.396,-117.793613,35.101063,-27.601633113763018,-121.83082415091592,111.63885727506563,During Launch
5071,2025-03-22 11:00:47,218.459,435.01969895999997,-26.655,32.394,-117.793613,35.101063,-69.6159861258286,-50.249069953199665,45.775469922579234,During Launch
5072,2025-03-22 11:00:47,218.501,434.32744172,-24.445,32.391,-117.793613,35.101063,-68.29733436970382,-20.3556019131699,-15.620701317836087,During Launch
5073,2025-03-22 11:00:47,218.543,433.80578815999996,-25.662,32.394,-117.793613,35.101063,-60.12556459437786,9.426512777364183,-93.8464129664919,During Launch
5074,2025-03-22 11:00:47,218.586,432.30644428,-25.038,32.391,-117.793613,35.101063,-57.576585115863544,18.11565674425606,-118.54116113702302,During Launch
5075,2025-03-22 11:00:47,218.628,433.22507948,-21.793,32.389,-117.793613,35.101063,-50.082041242787135,25.72643983589657,-151.26167777634373,During Launch
5076,2025-03-22 11:00:47,218.671,430.56759908,-22.862,32.394,-117.793613,35.101063,-47.17366345757754,27.156223091608165,-161.21470613802623,During Launch
5077,2025-03-22 11:00:47,218.713,431.13846524,-20.775,32.399,-117.79362283333333,35.10105216666667,-43.05414867371434,26.647350865830596,-171.72710678380108,During Launch
5078,2025-03-22 11:00:47,218.755,429.30119484,-21.043,32.386,-117.79362283333333,35.10105216666667,-41.96781836973203,28.30745386440263,-170.3982657789856,During Launch
5079,2025-03-22 11:00:47,218.798,431.09253348,-17.454,32.391,-117.79362283333333,35.10105216666667,-51.78695624978495,42.63489390263881,-165.7716879191351,During Launch
5080,2025-03-22 11:00:48,218.84,428.83203471999997,-19.052,32.396,-117.79362283333333,35.10105216666667,-57.33315811834375,49.34527311400039,-164.4088617342692,During Launch
5081,2025-03-22 11:00:48,218.891,428.83203471999997,-15.402,32.396,-117.79362283333333,35.10105216666667,-66.65871912680448,59.665948695727174,-162.55621650409165,During Launch
5082,2025-03-22 11:00:48,218.933,429.35696912,-14.318,32.394,-117.79362283333333,35.10105216666667,-72.24018551328345,61.20792684664861,-164.03023955220962,During Launch
5083,2025-03-22 11:00:48,218.977,429.47507936,-13.665,32.391,-117.79362283333333,35.10105216666667,-73.01633930491786,57.64126452509745,-165.5196459005538,During Launch
5084,2025-03-22 11:00:48,219.019,429.30119484,-13.184,32.386,-117.79362283333333,35.10105216666667,-70.94856817060901,42.03355431472517,-170.27587121504476,During Launch
5085,2025-03-22 11:00:48,219.062,428.83203471999997,-14.248,32.396,-117.79362283333333,35.10105216666667,-67.32040166463469,33.990243488383676,-171.490654297608,During Launch
5086,2025-03-22 11:00:48,219.104,427.11287455999997,-15.105,32.381,-117.79362283333333,35.10105216666667,-56.74528939268403,13.714802243513237,-75.38577842634697,During Launch
5087,2025-03-22 11:00:48,219.146,427.45408192,-15.54,32.391,-117.79362283333333,35.10105216666667,-49.758761936947764,3.046226554476016,-9.402536528553725,During Launch
5088,2025-03-22 11:00:48,219.189,427.04725776,-14.526,32.391,-117.79362283333333,35.10105216666667,-37.773411543356666,-19.070671146324464,58.41155564615095,During Launch
5089,2025-03-22 11:00:48,219.231,425.94489552,-16.188,32.389,-117.79362283333333,35.10105216666667,-33.287538155639545,-30.986369681351725,74.26901957702553,During Launch
5090,2025-03-22 11:00:48,219.273,423.92389807999996,-17.953,32.391,-117.79362283333333,35.10105216666667,-12.14311514445626,-47.22336096675968,83.03549581706973,During Launch
5091,2025-03-22 11:00:48,219.316,426.45342572,-14.433,32.326,-117.79362283333333,35.10105216666667,4.528869768844924,-52.535945499731476,79.07693065346494,During Launch
5092,2025-03-22 11:00:48,219.358,426.06300576,-14.053,32.386,-117.79362283333333,35.10105216666667,37.042309513850554,-59.52980423014046,64.05484551817736,During Launch
5093,2025-03-22 11:00:48,219.4,422.8838718,-14.927,32.394,-117.79362283333333,35.10105216666667,48.250886932318274,-60.50408777766113,57.655316174358774,During Launch
5094,2025-03-22 11:00:48,219.443,420.92521032,-14.096,32.384,-117.79362283333333,35.10105216666667,62.87937733540502,-63.09124828125453,45.64549880810769,During Launch
5095,2025-03-22 11:00:48,219.485,420.11812368,-14.962,32.384,-117.79362283333333,35.10105216666667,80.93839529538037,-99.34151141637562,32.47824394607068,During Launch
5096,2025-03-22 11:00:48,219.536,417.69030208,-16.09,32.384,-117.79362283333333,35.10105216666667,87.79374464327316,-121.82398012115073,26.825495596431974,During Launch
5097,2025-03-22 11:00:48,219.579,414.862218,-18.057,32.384,-117.79362283333333,35.10105216666667,96.16844905438704,-154.60590908336624,18.604683401340825,During Launch
5098,2025-03-22 11:00:48,219.622,411.74542,-20.445,32.381,-117.79362283333333,35.10105216666667,100.52239347402475,-166.8182559854817,15.045180275621291,During Launch
5099,2025-03-22 11:00:48,219.664,411.50919952,-19.292,32.386,-117.79362283333333,35.10105216666667,102.57188970196744,-181.4227492140246,9.044619611500675,During Launch
5100,2025-03-22 11:00:48,219.706,410.41339896,-21.161,32.384,-117.793636,35.10103433333333,101.89576150493443,-184.1364064236511,6.803790500630967,During Launch
5101,2025-03-22 11:00:48,219.749,413.53019696,-15.805,32.384,-117.793636,35.10103433333333,102.01171554245755,-181.25066963177306,6.476521213301065,During Launch
5102,2025-03-22 11:00:48,219.791,411.50919952,-18.209,32.386,-117.793636,35.10103433333333,102.5825455785257,-177.1327370378282,7.355262670428602,During Launch
5103,2025-03-22 11:00:49,219.833,406.7749474,-20.896,32.384,-117.793636,35.10103433333333,97.24523767896649,-161.41942301427665,16.88083654415268,During Launch
5104,2025-03-22 11:00:49,219.876,404.75394996,-24.433,32.384,-117.793636,35.10103433333333,70.07155427949182,-131.82817320228386,34.676452547263004,During Launch
5105,2025-03-22 11:00:49,219.918,404.80972424,-22.284,32.391,-117.793636,35.10103433333333,-18.62995481919339,-33.124000973224014,-46.79189045323353,During Launch
5106,2025-03-22 11:00:49,219.96,402.73623336,-24.411,32.384,-117.793636,35.10103433333333,-45.87908896313707,-3.6861128313753753,-70.97260446290952,During Launch
5107,2025-03-22 11:00:49,220.003,404.35040663999996,-23.371,32.384,-117.793636,35.10103433333333,-78.85151638192902,31.28541784856879,-97.99121775603714,During Launch
5108,2025-03-22 11:00:49,220.045,401.40421232,-26.284,32.386,-117.793636,35.10103433333333,-91.31646028212239,44.36963283710287,-105.97313207394788,During Launch
5109,2025-03-22 11:00:49,220.088,400.42980284,-27.008,32.381,-117.793636,35.10103433333333,-112.22687733597228,66.44245810954337,-116.03038311629678,During Launch
5110,2025-03-22 11:00:49,220.13,398.81234872000005,-28.108,32.381,-117.793636,35.10103433333333,-119.35282583796945,73.36280112073615,-118.9078219423799,During Launch
5111,2025-03-22 11:00:49,220.172,397.9494878,-27.307,32.386,-117.793636,35.10103433333333,-132.5181443977728,83.9988556771261,-113.468466977271,During Launch
5112,2025-03-22 11:00:49,220.215,398.29069516,-27.281,32.384,-117.793636,35.10103433333333,-66.94639543926235,88.62754388378501,-103.4393494424027,During Launch
5113,2025-03-22 11:00:49,220.257,397.02101008,-28.114,32.376,-117.793636,35.10103433333333,-23.367379098555315,79.69061919589417,-82.78454743854864,During Launch
5114,2025-03-22 11:00:49,220.299,396.90289984,-27.193,32.379,-117.793636,35.10103433333333,-15.350787835492408,72.2462174097708,-76.35184643569657,During Launch
5115,2025-03-22 11:00:49,220.342,395.98426464,-26.136,32.381,-117.793636,35.10103433333333,-5.483888057912466,62.30863318399028,-67.7526198923654,During Launch
5116,2025-03-22 11:00:49,220.384,395.00001264,-29.451,32.376,-117.793636,35.10103433333333,-4.262942889898541,58.750646022915575,-66.7018730303684,During Launch
5117,2025-03-22 11:00:49,220.435,394.8819024,-28.952,32.379,-117.793636,35.10103433333333,-7.868602057107364,51.00549561592183,-71.30544617234854,During Launch
5118,2025-03-22 11:00:49,220.479,393.44161364,-27.287,32.374,-117.793636,35.10103433333333,-13.336974958576842,45.1041258211426,-80.42281828899787,During Launch
5119,2025-03-22 11:00:49,220.521,394.192926,-24.798,32.376,-117.793636,35.10103433333333,-16.172992127717748,42.0416863560377,-86.4983186711585,During Launch
5120,2025-03-22 11:00:49,220.564,393.26444828,-24.888,32.379,-117.793636,35.10103433333333,-23.32144183930157,39.117254756444616,-101.49465703776568,During Launch
5121,2025-03-22 11:00:49,220.606,393.84515696,-22.285,32.384,-117.793636,35.10103433333333,-27.07833327896882,38.61281450992505,-108.06852094357792,During Launch
5122,2025-03-22 11:00:49,220.648,394.77035384,-18.795,32.381,-117.793636,35.10103433333333,-40.43045024917576,46.930187998747826,-116.30434004348851,During Launch
5123,2025-03-22 11:00:49,220.691,390.61352955999996,-19.768,32.384,-117.793636,35.10103433333333,-53.54103783695636,57.28975831045908,-118.85592281230771,During Launch
5124,2025-03-22 11:00:49,220.733,390.61352955999996,-19.547,32.384,-117.79366083333333,35.10101216666666,-108.77284953316267,99.56728303207531,-119.80138060450385,During Launch
5125,2025-03-22 11:00:49,220.776,392.14568184,-17.073,32.381,-117.79366083333333,35.10101216666666,-132.2845083604432,110.83550478148896,-113.67217865750604,During Launch
5126,2025-03-22 11:00:49,220.818,389.39961875999995,-22.573,32.384,-117.79366083333333,35.10101216666666,-62.637190029081836,124.22386582536106,-100.38862857398293,During Launch
5127,2025-03-22 11:00:50,220.861,387.2047368,-22.714,32.379,-117.79366083333333,35.10101216666666,-0.8179657490794483,127.36468862735015,-92.72775911644196,During Launch
5128,2025-03-22 11:00:50,220.904,385.47901496,-19.884,32.381,-117.79366083333333,35.10101216666666,73.00755022934197,130.76609287604143,-80.52705243712242,During Launch
5129,2025-03-22 11:00:50,220.949,385.1870202,-18.236,32.379,-117.79366083333333,35.10101216666666,94.64943976323113,131.68041846558876,-77.25130804933568,During Launch
5130,2025-03-22 11:00:50,220.991,384.268385,-19.144,32.381,-117.79366083333333,35.10101216666666,119.63404663641145,130.89090794118593,-73.58919068691807,During Launch
5131,2025-03-22 11:00:50,221.034,383.00198076000004,-18.375,32.374,-117.79366083333333,35.10101216666666,125.46085951796645,128.55382576383593,-72.73049887230492,During Launch
5132,2025-03-22 11:00:50,221.076,383.41208576,-19.514,32.356,-117.79366083333333,35.10101216666666,125.44707765223865,116.35632391782298,-76.37239276682362,During Launch
5133,2025-03-22 11:00:50,221.118,382.53282064,-17.588,32.384,-117.79366083333333,35.10101216666666,97.04977471327842,105.74749717591237,-78.34278672670061,During Launch
5134,2025-03-22 11:00:50,221.161,380.45932976,-18.612,32.379,-117.79366083333333,35.10101216666666,46.09588647618297,80.74902148390049,-84.29112415195658,During Launch
5135,2025-03-22 11:00:50,221.203,382.46720383999997,-15.233,32.316,-117.79366083333333,35.10101216666666,28.9516238635034,72.34553463319094,-87.75085591011121,During Launch
5136,2025-03-22 11:00:50,221.245,376.70276796,-19.801,32.379,-117.79366083333333,35.10101216666666,8.673090267114086,62.50391092109604,-91.33051316553019,During Launch
5137,2025-03-22 11:00:50,221.288,377.43767612,-19.434,32.329,-117.79366083333333,35.10101216666666,2.6728289268895917,60.01181515896788,-92.20077335335155,During Launch
5138,2025-03-22 11:00:50,221.33,376.25329288,-19.355,32.371,-117.79366083333333,35.10101216666666,-9.069087275378822,58.25477782613133,-97.3756137529184,During Launch
5139,2025-03-22 11:00:50,221.373,375.44620624000004,-19.978,32.371,-117.79366083333333,35.10101216666666,-13.924038439120842,59.29264779377273,-99.42620260657705,During Launch
5140,2025-03-22 11:00:50,221.415,372.90355524,-21.51,32.374,-117.79366083333333,35.10101216666666,-19.92886732190126,61.652160084099755,-101.2998228779104,During Launch
5141,2025-03-22 11:00:50,221.457,373.02166548,-20.483,32.371,-117.79366083333333,35.10101216666666,-22.968338739784823,63.903204357382045,-101.88933989025143,During Launch
5142,2025-03-22 11:00:50,221.508,372.04069432,-21.287,32.366,-117.79366083333333,35.10101216666666,-32.069348583224475,73.56132089556971,-100.48899558440019,During Launch
5143,2025-03-22 11:00:50,221.551,371.51904076,-20.45,32.369,-117.79366083333333,35.10101216666666,-87.64279157459133,87.15286657213045,-95.1856116132254,During Launch
5144,2025-03-22 11:00:50,221.594,373.92389648,-18.89,32.326,-117.79366083333333,35.10101216666666,-13.987019016286723,94.42759544791876,-92.65045485441708,During Launch
5145,2025-03-22 11:00:50,221.636,370.60040556,-21.142,32.371,-117.79366083333333,35.10101216666666,76.02946116457903,109.6765593415232,-88.17170633623351,During Launch
5146,2025-03-22 11:00:50,221.678,371.04988064,-21.264,32.379,-117.79366083333333,35.10101216666666,102.76871796137534,114.50293354390482,-86.57827712996372,During Launch
5147,2025-03-22 11:00:50,221.722,370.71195412,-22.401,32.369,-117.79363816666667,35.10101066666667,135.59160133986305,119.32119906767834,-84.6513064571501,During Launch
5148,2025-03-22 11:00:50,221.765,371.637151,-17.669,32.366,-117.79363816666667,35.10101066666667,145.3227058923934,120.7942544418243,-83.9721437264308,During Launch
5149,2025-03-22 11:00:50,221.807,371.69292528,-17.617,32.374,-117.79363816666667,35.10101066666667,156.19872175559442,122.10776910673772,-82.35117784315689,During Launch
5150,2025-03-22 11:00:51,221.85,369.90158664,-20.711,32.369,-117.79363816666667,35.10101066666667,157.68144364699327,121.905699489521,-80.69744901744362,During Launch
5151,2025-03-22 11:00:51,221.892,367.53610100000003,-20.357,32.339,-117.79363816666667,35.10101066666667,151.35329582146798,117.58245166847114,-76.23646513969327,During Launch
5152,2025-03-22 11:00:51,221.934,369.6194344,-16.389,32.366,-117.79363816666667,35.10101066666667,139.07701438377063,111.56940360097487,-73.78456804414691,During Launch
5153,2025-03-22 11:00:51,221.977,368.98623227999997,-15.371,32.371,-117.79363816666667,35.10101066666667,96.86469395572944,91.82665681362046,-69.55770631125637,During Launch
5154,2025-03-22 11:00:51,222.019,365.51510356,-18.385,32.376,-117.79363816666667,35.10101066666667,77.44170581305792,80.847349375248,-68.29913501779366,During Launch
5155,2025-03-22 11:00:51,222.061,366.67324007999997,-16.444,32.369,-117.79363816666667,35.10101066666667,50.650675700651455,64.22584998204911,-66.9743249940166,During Launch
5156,2025-03-22 11:00:51,222.104,365.42652088,-16.426,32.344,-117.79363816666667,35.10101066666667,42.46774570896218,59.10668093154794,-66.60392065254791,During Launch
5157,2025-03-22 11:00:51,222.146,362.92980164,-19.142,32.371,-117.79363816666667,35.10101066666667,32.173429328509556,52.230010735626834,-66.17536513292731,During Launch
5158,2025-03-22 11:00:51,222.188,361.5977806,-19.565,32.374,-117.79363816666667,35.10101066666667,26.68196586062604,47.521879911152,-65.66945463429629,During Launch
5159,2025-03-22 11:00:51,222.239,361.71917168,-17.384,32.371,-117.79363816666667,35.10101066666667,25.277749083953243,46.20480636869165,-65.59159544316732,During Launch
5160,2025-03-22 11:00:51,222.283,361.54528716,-19.372,32.366,-117.79363816666667,35.10101066666667,25.111960326732657,45.22513561492962,-64.75534496875284,During Launch
5161,2025-03-22 11:00:51,222.325,360.1049984,-15.368,32.371,-117.79363816666667,35.10101066666667,26.34004337551816,45.61906199144367,-64.00144963292702,During Launch
5162,2025-03-22 11:00:51,222.367,358.36943404,-17.672,32.374,-117.79363816666667,35.10101066666667,29.595288529160523,50.161440363305545,-65.22316783350523,During Launch
5163,2025-03-22 11:00:51,222.41,361.82087772,-13.363,32.309,-117.79363816666667,35.10101066666667,30.510697623366326,53.58423589155294,-67.29293113929725,During Launch
5164,2025-03-22 11:00:51,222.452,357.22442088,-16.888,32.364,-117.79363816666667,35.10101066666667,25.378642562381014,60.850224670588,-75.07967286564894,During Launch
5165,2025-03-22 11:00:51,222.494,355.37074628,-16.249,32.369,-117.79363816666667,35.10101066666667,16.101961137994024,65.31007885607087,-80.68182078956282,During Launch
5166,2025-03-22 11:00:51,222.536,356.17783292,-15.611,32.369,-117.79363816666667,35.10101066666667,-15.618608846099953,74.17820478571655,-91.62921712127522,During Launch
5167,2025-03-22 11:00:51,222.579,354.68176988,-16.208,32.366,-117.79363816666667,35.10101066666667,-31.74167510771452,78.07743269487113,-96.33427900419132,During Launch
5168,2025-03-22 11:00:51,222.621,354.68176988,-15.736,32.366,-117.79363816666667,35.10101066666667,-55.562458673173474,84.00466785595303,-102.71415805152253,During Launch
5169,2025-03-22 11:00:51,222.664,352.26050996,-20.246,32.366,-117.79363816666667,35.10101066666667,-63.38766094682883,86.11460733913299,-103.77059508623621,During Launch
5170,2025-03-22 11:00:51,222.706,352.66405328,-16.763,32.366,-117.793608,35.101036666666666,-75.59930852986946,89.50483356873825,-104.65893466802405,During Launch
5171,2025-03-22 11:00:51,222.748,352.78216352000004,-17.073,32.364,-117.793608,35.101036666666666,-80.85894880697377,90.88143054611837,-104.88576809491325,During Launch
5172,2025-03-22 11:00:51,222.791,350.36090360000003,-19.037,32.364,-117.793608,35.101036666666666,-94.83714874337605,94.2793968507674,-102.72201713084732,During Launch
5173,2025-03-22 11:00:52,222.833,351.16799024,-19.166,32.364,-117.793608,35.101036666666666,-105.30950692997558,96.35631513491482,-100.8495269518309,During Launch
5174,2025-03-22 11:00:52,222.875,349.67520804000003,-20.616,32.361,-117.793608,35.101036666666666,-133.53688660621725,101.10840244655121,-95.78314665488318,During Launch
5175,2025-03-22 11:00:52,222.918,348.46457808,-20.072,32.361,-117.793608,35.101036666666666,-44.83516498145326,103.27243102816107,-92.46659907573455,During Launch
5176,2025-03-22 11:00:52,222.96,346.89633655999995,-19.326,32.369,-117.793608,35.101036666666666,56.12913498537333,106.72384130679251,-85.47937746879907,During Launch
5177,2025-03-22 11:00:52,223.002,346.72901372,-21.433,32.364,-117.793608,35.101036666666666,84.61131685535963,108.148702382706,-82.47681383960331,During Launch
5178,2025-03-22 11:00:52,223.045,344.42914487999997,-22.994,32.361,-117.793608,35.101036666666666,116.07878550947459,110.81737795913071,-76.26823492980563,During Launch
5179,2025-03-22 11:00:52,223.087,343.503948,-20.61,32.366,-117.793608,35.101036666666666,122.65016593644273,111.29107294161005,-72.70810421334504,During Launch
5180,2025-03-22 11:00:52,223.129,341.6502734,-23.43,32.369,-117.793608,35.101036666666666,126.77005986867815,110.9350876680366,-66.52936487220457,During Launch
5181,2025-03-22 11:00:52,223.172,342.17192696,-21.774,32.366,-117.793608,35.101036666666666,127.58179384484347,110.53535035732605,-64.88626313404873,During Launch
5182,2025-03-22 11:00:52,223.22,338.54003708,-22.709,32.366,-117.793608,35.101036666666666,123.02217400607232,106.02866990727524,-63.59619543594571,During Launch
5183,2025-03-22 11:00:52,223.265,338.54003708,-21.409,32.366,-117.793608,35.101036666666666,108.80942882839841,97.45073943963236,-63.67935769600377,During Launch
5184,2025-03-22 11:00:52,223.309,339.18308171999996,-21.062,32.361,-117.793608,35.101036666666666,98.38776527034847,92.39631503209596,-64.77669397082995,During Launch
5185,2025-03-22 11:00:52,223.352,337.10302916,-22.865,32.371,-117.793608,35.101036666666666,73.7304999303432,82.36421889481029,-68.57185484354818,During Launch
5186,2025-03-22 11:00:52,223.394,335.8923992,-22.65,32.374,-117.793608,35.101036666666666,62.25549711548109,77.99461745053375,-70.726443137268,During Launch
5187,2025-03-22 11:00:52,223.438,337.16536512,-19.798,32.361,-117.793608,35.101036666666666,43.52917066092229,71.5601365135233,-75.28704843655555,During Launch
5188,2025-03-22 11:00:52,223.481,334.50788472,-25.502,32.366,-117.793608,35.101036666666666,36.154334472932376,69.50450807425798,-77.67628399283765,During Launch
5189,2025-03-22 11:00:52,223.523,333.47113928,-22.179,32.371,-117.793608,35.101036666666666,24.569094733365567,66.64887463843644,-82.24462759830192,During Launch
5190,2025-03-22 11:00:52,223.566,333.415365,-20.481,32.364,-117.793608,35.101036666666666,20.784996476495067,66.24932632629078,-84.02196552382902,During Launch
5191,2025-03-22 11:00:52,223.609,334.46195296,-20.238,32.359,-117.793608,35.101036666666666,16.37370065551427,67.3711103163332,-86.59859280300128,During Launch
5192,2025-03-22 11:00:52,223.651,333.13321276,-20.101,32.361,-117.793608,35.101036666666666,15.108380906386657,68.40411920784503,-87.50359857869921,During Launch
5193,2025-03-22 11:00:52,223.693,331.51903948,-21.607,32.361,-117.79358033333334,35.101041,11.903546973431396,70.94342511568767,-89.19056002718601,During Launch
5194,2025-03-22 11:00:52,223.736,332.15224159999997,-18.758,32.356,-117.79358033333334,35.101041,8.781999798091046,72.80193065804923,-90.25273900045119,During Launch
5195,2025-03-22 11:00:52,223.778,330.4298006,-20.741,32.359,-117.79358033333334,35.101041,-12.0517982756756,78.966295819443,-93.42123498396586,During Launch
5196,2025-03-22 11:00:52,223.821,330.94161163999996,-20.355,32.356,-117.79358033333334,35.101041,-33.44747052654093,83.0453929871412,-95.43232519668418,During Launch
5197,2025-03-22 11:00:53,223.863,330.02625728,-18.969,32.359,-117.79358033333334,35.101041,-69.24339410050328,90.47689037372781,-99.63566489868299,During Launch
5198,2025-03-22 11:00:53,223.905,329.3307192,-20.371,32.356,-117.79358033333334,35.101041,-81.46848641010574,93.53631658264528,-101.67259089233212,During Launch
5199,2025-03-22 11:00:53,223.948,329.56693968,-18.74,32.359,-117.79358033333334,35.101041,-96.4479036027156,97.42550696519824,-104.53649419251262,During Launch
5200,2025-03-22 11:00:53,223.99,327.95604724,-19.131,32.346,-117.79358033333334,35.101041,-104.2979853298405,99.95173251791506,-106.77308367847476,During Launch
5201,2025-03-22 11:00:53,224.04,327.1489606,-18.285,32.351,-117.79358033333334,35.101041,-106.0447752950994,100.79260965864353,-108.28271254024264,During Launch
5202,2025-03-22 11:00:53,224.083,325.41667708,-19.715,32.354,-117.79358033333334,35.101041,-106.5111820163284,100.9097041690527,-110.1219723187339,During Launch
5203,2025-03-22 11:00:53,224.125,322.83137516,-19.998,32.346,-117.79358033333334,35.101041,-106.90963596304279,100.75836757533962,-109.87055441918292,During Launch
5204,2025-03-22 11:00:53,224.168,325.1968608,-16.935,32.341,-117.79358033333334,35.101041,-108.78358483636454,100.32138413282541,-107.65431995061729,During Launch
5205,2025-03-22 11:00:53,224.21,323.41864552,-16.866,32.336,-117.79358033333334,35.101041,-110.27636040252878,99.97964659944803,-106.04715455566784,During Launch
5206,2025-03-22 11:00:53,224.252,321.686362,-18.968,32.339,-117.79358033333334,35.101041,-123.30997186992579,101.53600546191164,-101.70245372740382,During Launch
5207,2025-03-22 11:00:53,224.295,321.56825176,-15.788,32.341,-117.79358033333334,35.101041,-132.04913850684866,102.7497313888721,-99.50036142932785,During Launch
5208,2025-03-22 11:00:53,224.337,320.70539084,-16.637,32.334,-117.79358033333334,35.101041,-151.8920697407896,105.19999317043074,-94.43938385662783,During Launch
5209,2025-03-22 11:00:53,224.38,318.57940651999996,-19.238,32.336,-117.79358033333334,35.101041,-161.54847609502275,106.00128965730023,-91.78805978506325,During Launch
5210,2025-03-22 11:00:53,224.422,317.88386844,-17.962,32.329,-117.79358033333334,35.101041,-0.28265814471753004,106.44328782954426,-86.69489754580172,During Launch
5211,2025-03-22 11:00:53,224.464,316.9127398,-17.738,32.329,-117.79358033333334,35.101041,45.793885631571385,106.52835822480513,-84.61240658384979,During Launch
5212,2025-03-22 11:00:53,224.507,316.63058756,-19.209,32.326,-117.79358033333334,35.101041,97.54974547174183,105.9687747764664,-80.94427908558242,During Launch
5213,2025-03-22 11:00:53,224.549,316.272976,-17.074,32.334,-117.79358033333334,35.101041,108.94332596799272,104.77647952080315,-79.26387686859202,During Launch
5214,2025-03-22 11:00:53,224.591,314.49476072,-17.768,32.329,-117.79358033333334,35.101041,112.05586967052976,100.77444942158064,-76.1689563570256,During Launch
5215,2025-03-22 11:00:53,224.634,313.40552184,-18.736,32.326,-117.79358033333334,35.101041,107.21450392458328,98.16222923219708,-74.93584964552535,During Launch
5216,2025-03-22 11:00:53,224.676,313.04791028,-20.069,32.334,-117.79358033333334,35.101041,92.37842814958067,92.61600417699526,-73.39241184994532,During Launch
5217,2025-03-22 11:00:53,224.719,312.48032496,-19.338,32.334,-117.79355383333333,35.10103766666667,84.19462896969019,89.90264725346135,-73.1188144361894,During Launch
5218,2025-03-22 11:00:53,224.77,310.74804143999995,-19.286,32.331,-117.79355383333333,35.10103766666667,67.57374840119249,84.85213494319693,-73.92725290429195,During Launch
5219,2025-03-22 11:00:53,224.813,310.22638788,-20.358,32.334,-117.79355383333333,35.10103766666667,54.20866909560681,81.54768215678898,-75.69584272681875,During Launch
5220,2025-03-22 11:00:54,224.856,309.711296,-19.219,32.336,-117.79355383333333,35.10103766666667,48.42844990183316,80.7754967707054,-77.07292586308814,During Launch
5221,2025-03-22 11:00:54,224.898,308.9074902,-20.459,32.336,-117.79355383333333,35.10103766666667,34.999971103558565,80.03844742033228,-80.98652595210646,During Launch
5222,2025-03-22 11:00:54,224.941,308.10040356,-20.339,32.336,-117.79355383333333,35.10103766666667,27.183241357740876,79.94062840576399,-83.2331988016968,During Launch
5223,2025-03-22 11:00:54,224.983,308.20867128,-19.594,32.334,-117.79355383333333,35.10103766666667,9.742321284966408,81.2277122516726,-87.59613833648545,During Launch
5224,2025-03-22 11:00:54,225.025,306.59777884,-21.327,32.334,-117.79355383333333,35.10103766666667,-1.3883408638200319,82.5339137174325,-89.62253682780234,During Launch
5225,2025-03-22 11:00:54,225.068,305.68242448,-20.662,32.336,-117.79355383333333,35.10103766666667,-29.598500816689494,85.83610364220908,-93.68703439364502,During Launch
5226,2025-03-22 11:00:54,225.11,305.68242448,-20.062,32.336,-117.79355383333333,35.10103766666667,-44.16016785611461,87.59037160428544,-95.85185294522894,During Launch
5227,2025-03-22 11:00:54,225.153,305.03937984,-19.044,32.334,-117.79355383333333,35.10103766666667,-69.49061770254002,91.32019549163617,-98.93733993699757,During Launch
5228,2025-03-22 11:00:54,225.195,304.7572276,-16.892,32.319,-117.79355383333333,35.10103766666667,-89.1040653263159,94.69347420404358,-100.16242549021024,During Launch
5229,2025-03-22 11:00:54,225.245,304.41930108,-19.292,32.329,-117.79355383333333,35.10103766666667,-96.96157235154293,96.20366856393383,-100.6348960851063,During Launch
5230,2025-03-22 11:00:54,225.289,304.70145332000004,-17.347,32.331,-117.79355383333333,35.10103766666667,-112.00279411166727,98.70912770376049,-100.05684694748908,During Launch
5231,2025-03-22 11:00:54,225.331,303.37271312,-16.973,32.336,-117.79355383333333,35.10103766666667,-121.37671115964467,99.74548143335839,-98.7465686762126,During Launch
5232,2025-03-22 11:00:54,225.374,303.09056088,-17.125,32.331,-117.79355383333333,35.10103766666667,-146.91133475318208,101.49072283899649,-94.67540543938934,During Launch
5233,2025-03-22 11:00:54,225.416,303.66798872000004,-15.79,32.336,-117.79355383333333,35.10103766666667,-57.54627229948771,102.2329735335955,-92.15595145348921,During Launch
5234,2025-03-22 11:00:54,225.458,302.74279184,-14.691,32.339,-117.79355383333333,35.10103766666667,42.38571365179175,103.16638387138721,-86.71447630138154,During Launch
5235,2025-03-22 11:00:54,225.501,301.81431412,-14.893,32.341,-117.79355383333333,35.10103766666667,68.9394547488439,103.45612857007895,-83.97658962714114,During Launch
5236,2025-03-22 11:00:54,225.543,301.25000964,-14.516,32.336,-117.79355383333333,35.10103766666667,97.68100367661722,103.45561569373375,-79.17207539545711,During Launch
5237,2025-03-22 11:00:54,225.585,301.25985216,-14.259,32.319,-117.79355383333333,35.10103766666667,104.92603020736622,102.91341402045049,-77.76036604380047,During Launch
5238,2025-03-22 11:00:54,225.629,300.84646632,-14.284,32.336,-117.79355383333333,35.10103766666667,110.7581391804554,101.16764865395518,-75.97152474779769,During Launch
5239,2025-03-22 11:00:54,225.671,300.26903848,-13.172,32.331,-117.79355383333333,35.10103766666667,110.82444151226838,100.11941705188195,-75.32356064682648,During Launch
5240,2025-03-22 11:00:54,225.714,300.40027208,-12.042,32.312,-117.79352583333333,35.10103483333334,108.37818616473467,97.99681770843523,-74.71375091039613,During Launch
5241,2025-03-22 11:00:54,225.757,298.53675496,-13.424,32.334,-117.79352583333333,35.10103483333334,106.22032940583283,96.86011236157947,-74.85205113598842,During Launch
5242,2025-03-22 11:00:54,225.8,299.74738492,-11.779,32.334,-117.79352583333333,35.10103483333334,98.60536390968333,94.07642371411043,-76.43297675620254,During Launch
5243,2025-03-22 11:00:55,225.842,298.13649248,-11.765,32.334,-117.79352583333333,35.10103483333334,91.47341555763393,92.3620976756777,-77.98923997914108,During Launch
5244,2025-03-22 11:00:55,225.885,297.6870174,-11.697,32.326,-117.79352583333333,35.10103483333334,60.56261254356197,88.50242670078268,-82.61232647016459,During Launch
5245,2025-03-22 11:00:55,225.927,295.83662364,-12.955,32.331,-117.79352583333333,35.10103483333334,39.782513829721125,86.64025330017317,-85.39959309660638,During Launch
5246,2025-03-22 11:00:55,225.97,296.41405147999996,-11.654,32.336,-117.79352583333333,35.10103483333334,3.302459487913369,83.43672775433814,-91.25586023955962,During Launch
5247,2025-03-22 11:00:55,226.012,294.91142676,-12.315,32.324,-117.79352583333333,35.10103483333334,-11.412737012348586,82.40976169102032,-94.07584037041237,During Launch
5248,2025-03-22 11:00:55,226.054,296.18439268,-11.227,32.324,-117.79352583333333,35.10103483333334,-34.00617698687154,81.22925992981095,-99.15899593384744,During Launch
5249,2025-03-22 11:00:55,226.097,296.52231919999997,-9.399,32.274,-117.79352583333333,35.10103483333334,-42.475611798540044,80.89297470290563,-101.4241601411029,During Launch
5250,2025-03-22 11:00:55,226.139,293.32021936,-11.543,32.316,-117.79352583333333,35.10103483333334,-57.37388568626533,81.68755399108983,-104.92128026972526,During Launch
5251,2025-03-22 11:00:55,226.182,291.06628228,-13.634,32.312,-117.79352583333333,35.10103483333334,-71.50407128111465,84.32913682959956,-106.50378295195324,During Launch
5252,2025-03-22 11:00:55,226.232,293.32021936,-10.861,32.316,-117.79352583333333,35.10103483333334,-80.25020731959121,86.74919718977591,-106.53619292295402,During Launch
5253,2025-03-22 11:00:55,226.275,290.7316366,-12.987,32.312,-117.79352583333333,35.10103483333334,-99.18870922314001,92.16387292139753,-105.50410623717062,During Launch
5254,2025-03-22 11:00:55,226.318,290.16405127999997,-13.285,32.309,-117.79352583333333,35.10103483333334,-108.03771698644049,94.5315465157938,-104.63446143188457,During Launch
5255,2025-03-22 11:00:55,226.36,288.67126908,-14.967,32.304,-117.79352583333333,35.10103483333334,-123.75927919348025,98.15524384788402,-102.69320554591715,During Launch
5256,2025-03-22 11:00:55,226.403,290.26247648,-12.23,32.262,-117.79352583333333,35.10103483333334,-131.4552819431307,99.54971715370598,-101.45648901821477,During Launch
5257,2025-03-22 11:00:55,226.445,286.65683332000003,-15.344,32.304,-117.79352583333333,35.10103483333334,-148.75298816657872,101.94163330279628,-98.10260824345126,During Launch
5258,2025-03-22 11:00:55,226.487,287.52953676,-15.069,32.294,-117.79352583333333,35.10103483333334,-158.35381309156122,102.36150033100671,-95.86683047787002,During Launch
5259,2025-03-22 11:00:55,226.53,284.06825056,-17.42,32.299,-117.79352583333333,35.10103483333334,-0.9003606127663062,102.20734002413288,-90.88512137892747,During Launch
5260,2025-03-22 11:00:55,226.572,283.32678072,-17.262,32.289,-117.79352583333333,35.10103483333334,41.87494771722236,102.12213247175207,-88.264188445912,During Launch
5261,2025-03-22 11:00:55,226.615,284.73426108,-15.406,32.284,-117.79352583333333,35.10103483333334,83.32655898322258,100.10601774046577,-83.58075126398282,During Launch
5262,2025-03-22 11:00:55,226.658,282.52297492,-17.462,32.289,-117.79352583333333,35.10103483333334,90.28196258781604,98.33374006896102,-82.1367786876763,During Launch
5263,2025-03-22 11:00:55,226.7,282.40158384,-17.222,32.292,-117.79352266666666,35.101057,87.21703327104052,94.12294544423426,-80.42777364935729,During Launch
5264,2025-03-22 11:00:55,226.742,281.19423472,-17.81,32.292,-117.79352266666666,35.101057,80.02711428175222,91.68040267398986,-79.7666584955264,During Launch
5265,2025-03-22 11:00:55,226.785,279.8228436,-19.213,32.287,-117.79352266666666,35.101057,60.09810179673934,86.59606003203308,-79.72324773832766,During Launch
5266,2025-03-22 11:00:55,226.827,279.87533704,-17.441,32.294,-117.79352266666666,35.101057,49.05924249746202,84.85050910735477,-80.72675955008052,During Launch
5267,2025-03-22 11:00:56,226.87,281.15158379999997,-17.379,32.284,-117.79352266666666,35.101057,24.451008758477833,82.69499039318066,-84.15930030339939,During Launch
5268,2025-03-22 11:00:56,226.912,279.54069136,-17.379,32.239,-117.79352266666666,35.101057,11.503494026124372,81.88541252506377,-86.24568108616721,During Launch
5269,2025-03-22 11:00:56,226.954,278.45145248,-17.994,32.281,-117.79352266666666,35.101057,-14.453561906175048,81.96176670348208,-90.27745775944786,During Launch
5270,2025-03-22 11:00:56,226.997,278.61549448,-16.095,32.287,-117.79352266666666,35.101057,-28.56976776212983,83.04097501847085,-91.78212301473086,During Launch
5271,2025-03-22 11:00:56,227.039,276.54856528,-18.583,32.284,-117.79352266666666,35.101057,-63.227794065415665,86.48073778833381,-93.62920291496944,During Launch
5272,2025-03-22 11:00:56,227.082,273.9009274,-19.636,32.284,-117.79352266666666,35.101057,-83.96911044824019,88.65459196567906,-94.11710345861628,During Launch
5273,2025-03-22 11:00:56,227.124,274.02231848,-20.712,32.281,-117.79352266666666,35.101057,-123.12488701727175,94.44385382223994,-94.70200944751585,During Launch
5274,2025-03-22 11:00:56,227.166,274.82612428,-20.296,32.281,-117.79352266666666,35.101057,-139.60364286237174,97.93188438052002,-94.42719176375958,During Launch
5275,2025-03-22 11:00:56,227.209,273.73032372,-18.308,32.279,-117.79352266666666,35.101057,-65.1451614458484,101.93244315403933,-91.12846533561316,During Launch
5276,2025-03-22 11:00:56,227.251,273.21523184,-16.699,32.281,-117.79352266666666,35.101057,-3.705026840026534,103.15299244018689,-88.64197682136448,During Launch
5277,2025-03-22 11:00:56,227.293,272.00788272,-20.087,32.281,-117.79352266666666,35.101057,65.09482952135548,104.89610936098299,-83.0673754935424,During Launch
5278,2025-03-22 11:00:56,227.336,270.91208216,-18.68,32.289,-117.79352266666666,35.101057,80.49043292267775,103.75279701893908,-80.68644679042096,During Launch
5279,2025-03-22 11:00:56,227.379,268.78609784,-20.149,32.281,-117.79352266666666,35.101057,86.93403058800818,98.28915452412244,-78.15105769978818,During Launch
5280,2025-03-22 11:00:56,227.421,268.78609784,-18.742,32.281,-117.79352266666666,35.101057,81.0735827610748,94.41830996211976,-77.41030246696086,During Launch
5281,2025-03-22 11:00:56,227.463,266.29594028,-22.61,32.292,-117.79352266666666,35.101057,61.63020652421603,85.52692878193493,-77.13559238012664,During Launch
5282,2025-03-22 11:00:56,227.506,266.65683268,-18.85,32.284,-117.79352266666666,35.101057,51.85521129058256,82.38308230635049,-78.18639540319913,During Launch
5283,2025-03-22 11:00:56,227.548,264.68832868000004,-21.528,32.292,-117.79352266666666,35.101057,30.77042604361322,78.81868608963524,-82.51952394709006,During Launch
5284,2025-03-22 11:00:56,227.59,265.8956778,-17.144,32.292,-117.79352266666666,35.101057,19.4301899963749,77.63675780084998,-85.18791891047542,During Launch
5285,2025-03-22 11:00:56,227.633,265.8956778,-16.429,32.296,-117.79352266666666,35.101057,-3.346608184638278,77.65943318676682,-90.0928583433445,During Launch
5286,2025-03-22 11:00:56,227.676,264.28478536,-19.274,32.292,-117.79352266666666,35.101057,-15.273158718643238,78.5117420696426,-92.37729732866318,During Launch
5287,2025-03-22 11:00:56,227.718,262.5656252,-18.828,32.294,-117.79352733333333,35.101079,-41.10354635646225,81.51223920748541,-96.29163283457716,During Launch
5288,2025-03-22 11:00:56,227.761,263.369431,-17.938,32.294,-117.79352733333333,35.101079,-56.00566001412781,83.98618922254377,-97.13370234456728,During Launch
5289,2025-03-22 11:00:56,227.804,261.35827608,-18.678,32.294,-117.79352733333333,35.101079,-88.2249858888712,89.50562032343464,-98.04758227769557,During Launch
5290,2025-03-22 11:00:57,227.846,260.4330792,-18.275,32.296,-117.79352733333333,35.101079,-104.55890852749992,91.9401342780829,-97.6371902567894,During Launch
5291,2025-03-22 11:00:57,227.889,260.71523143999997,-18.042,32.299,-117.79352733333333,35.101079,-37.780611667646426,95.3557830943116,-94.36371802548389,During Launch
5292,2025-03-22 11:00:57,227.931,259.85565135999997,-20.072,32.292,-117.79352733333333,35.101079,16.638674206955777,96.23872555252115,-92.00220183586241,During Launch
5293,2025-03-22 11:00:57,227.973,259.22573008,-19.147,32.296,-117.79352733333333,35.101079,73.02041363163238,97.31208951810282,-86.76172926390397,During Launch
5294,2025-03-22 11:00:57,228.016,258.01838096,-19.24,32.296,-117.79352733333333,35.101079,86.77259829315722,97.63532854202816,-84.2587310647482,During Launch
5295,2025-03-22 11:00:57,228.058,257.89698988,-19.527,32.296,-117.79352733333333,35.101079,97.05894221821924,96.32426773123659,-81.21382417677678,During Launch
5296,2025-03-22 11:00:57,228.1,258.35302664,-17.149,32.306,-117.79352733333333,35.101079,95.76746339051043,94.85895709133207,-80.31145938679417,During Launch
5297,2025-03-22 11:00:57,228.143,258.01838096,-14.969,32.296,-117.79352733333333,35.101079,86.04034276173934,90.98842872873169,-78.89573208092489,During Launch
5298,2025-03-22 11:00:57,228.185,255.60368272,-17.36,32.296,-117.79352733333333,35.101079,78.87059432874997,88.88861686686967,-78.81914004601708,During Launch
5299,2025-03-22 11:00:57,228.228,254.85237036,-18.808,32.304,-117.79352733333333,35.101079,60.927577108181275,85.00834933548961,-80.45019260207465,During Launch
5300,2025-03-22 11:00:57,228.27,255.20013939999998,-17.465,32.296,-117.79352733333333,35.101079,50.7797542473865,83.79778493326664,-82.11499389944751,During Launch
5301,2025-03-22 11:00:57,228.32,254.39633360000002,-17.604,32.296,-117.79352733333333,35.101079,26.237059285527693,82.39773119985334,-86.57653059511111,During Launch
5302,2025-03-22 11:00:57,228.364,253.58924696,-17.198,32.296,-117.79352733333333,35.101079,1.024185539777724,81.54846426847023,-91.20538164017337,During Launch
5303,2025-03-22 11:00:57,228.408,252.83793459999998,-16.86,32.304,-117.79352733333333,35.101079,-11.536340525848622,81.84826906046543,-93.31770064818798,During Launch
5304,2025-03-22 11:00:57,228.45,254.44882704,-13.387,32.304,-117.79352733333333,35.101079,-38.42888847895624,84.12620601298059,-96.95725437844551,During Launch
5305,2025-03-22 11:00:57,228.492,251.230323,-16.392,32.299,-117.79352733333333,35.101079,-52.409296255608936,85.96992123669074,-98.17981979568708,During Launch
5306,2025-03-22 11:00:57,228.535,252.54593984,-12.826,32.302,-117.79352733333333,35.101079,-78.89071011084849,90.05901578854264,-99.72160162951491,During Launch
5307,2025-03-22 11:00:57,228.577,250.77428624,-14.83,32.296,-117.79352733333333,35.101079,-90.59858531678671,92.16572896032613,-100.22972086086764,During Launch
5308,2025-03-22 11:00:57,228.62,249.32743580000002,-14.329,32.302,-117.79352733333333,35.101079,-111.54925928417727,95.72064689302702,-99.80722165856946,During Launch
5309,2025-03-22 11:00:57,228.662,249.84908936,-14.969,32.299,-117.79352733333333,35.101079,-121.70096585602687,97.16793024817417,-98.89310952559259,During Launch
5310,2025-03-22 11:00:57,228.704,248.64174024,-16.11,32.299,-117.79355966666667,35.101090666666664,-142.01368770381066,99.0181527782161,-95.98898594594051,During Launch
5311,2025-03-22 11:00:57,228.747,247.03412864,-16.107,32.299,-117.79355966666667,35.101090666666664,-151.8584775231063,99.44589573022097,-94.34443268661104,During Launch
5312,2025-03-22 11:00:57,228.789,247.15223887999997,-14.392,32.296,-117.79355966666667,35.101090666666664,-66.17263918326749,99.83391920895399,-91.0302277280523,During Launch
5313,2025-03-22 11:00:57,228.832,246.91273756,-15.366,32.302,-117.79355966666667,35.101090666666664,-0.26316229134653213,99.73341457930275,-89.47077472078128,During Launch
5314,2025-03-22 11:00:58,228.874,244.6194304,-15.644,32.299,-117.79355966666667,35.101090666666664,71.2545766857578,98.27387418450056,-86.69493382373986,During Launch
5315,2025-03-22 11:00:58,228.916,244.56693696,-14.828,32.296,-117.79355966666667,35.101090666666664,85.8445029157682,96.98764259455625,-85.4424075306184,During Launch
5316,2025-03-22 11:00:58,228.959,244.58662199999998,-15.073,32.274,-117.79355966666667,35.101090666666664,89.55728427323307,93.69654334621174,-83.68104300065748,During Launch
5317,2025-03-22 11:00:58,229.001,243.53347236,-15.254,32.296,-117.79355966666667,35.101090666666664,82.58364128420742,91.69753880754926,-83.37986829371889,During Launch
5318,2025-03-22 11:00:58,229.044,242.08662192,-16.003,32.302,-117.79355966666667,35.101090666666664,63.94769347990309,87.29274117372707,-83.07898754370099,During Launch
5319,2025-03-22 11:00:58,229.087,242.15223872,-14.814,32.292,-117.79355966666667,35.101090666666664,55.50691676101294,85.26161528781665,-83.0730213712504,During Launch
5320,2025-03-22 11:00:58,229.129,240.8792728,-15.89,32.302,-117.79355966666667,35.101090666666664,42.24196059098054,82.99285971384815,-83.75957682686446,During Launch
5321,2025-03-22 11:00:58,229.171,242.65748808,-14.655,32.247,-117.79355966666667,35.101090666666664,36.35504809583513,82.29456715708548,-84.32862025153199,During Launch
5322,2025-03-22 11:00:58,229.214,239.911425,-16.907,32.294,-117.79355966666667,35.101090666666664,24.82293980387541,81.73201867638788,-85.94383855762828,During Launch
5323,2025-03-22 11:00:58,229.256,238.5334722,-15.939,32.292,-117.79355966666667,35.101090666666664,18.686094589090338,82.13638488879717,-86.86970847756312,During Launch
5324,2025-03-22 11:00:58,229.298,237.32612308,-16.38,32.292,-117.79355966666667,35.101090666666664,1.924478924187433,83.65278944362136,-88.90606339323557,During Launch
5325,2025-03-22 11:00:58,229.341,238.76969268,-15.341,32.287,-117.79355966666667,35.101090666666664,-10.350498496113296,84.73393775285334,-90.01513217503474,During Launch
5326,2025-03-22 11:00:58,229.383,236.92257976,-16.438,32.292,-117.79355966666667,35.101090666666664,-38.842044332615245,87.14677181963027,-91.87012940218774,During Launch
5327,2025-03-22 11:00:58,229.426,236.47638552,-16.114,32.284,-117.79355966666667,35.101090666666664,-53.12277244664517,88.3166001325232,-92.4015471976745,During Launch
5328,2025-03-22 11:00:58,229.468,236.70604432,-15.219,32.279,-117.79355966666667,35.101090666666664,-84.41575905182273,90.92699282096015,-93.05296262841112,During Launch
5329,2025-03-22 11:00:58,229.51,238.88452207999998,-14.683,32.271,-117.79355966666667,35.101090666666664,-99.02364094274368,92.33030960051723,-93.29624788288291,During Launch
5330,2025-03-22 11:00:58,229.553,234.6948894,-15.585,32.279,-117.79355966666667,35.101090666666664,-130.4411789004072,95.05045716899156,-92.34861521449832,During Launch
5331,2025-03-22 11:00:58,229.595,233.89108360000003,-17.599,32.279,-117.79355966666667,35.101090666666664,-40.559902631256364,95.9354489572056,-91.26399907976642,During Launch
5332,2025-03-22 11:00:58,229.637,231.81431188,-17.887,32.289,-117.79355966666667,35.101090666666664,57.9488682986275,96.87514846057942,-88.46124919380178,During Launch
5333,2025-03-22 11:00:58,229.68,232.34908879999998,-16.017,32.269,-117.79355966666667,35.101090666666664,83.17005503571795,97.14610715447319,-86.9720667409049,During Launch
5334,2025-03-22 11:00:58,229.722,230.79397064,-17.977,32.277,-117.79357833333333,35.10109766666667,108.84235400749131,96.93145180593551,-84.48394398640353,During Launch
5335,2025-03-22 11:00:58,229.766,231.07612288,-16.54,32.281,-117.79357833333333,35.10109766666667,113.14164800859686,96.17889679791234,-83.83461958046007,During Launch
5336,2025-03-22 11:00:58,229.808,229.52100471999998,-16.506,32.287,-117.79357833333333,35.10109766666667,109.4110421919796,94.0370746768747,-83.13392408808635,During Launch
5337,2025-03-22 11:00:59,229.851,229.23885248,-16.868,32.284,-117.79357833333333,35.10109766666667,105.44053709233837,93.20562482639707,-82.89010204527544,During Launch
5338,2025-03-22 11:00:59,229.893,230.04265828,-15.9,32.284,-117.79357833333333,35.10109766666667,89.49936633158569,90.89544970592208,-82.9341642276739,During Launch
5339,2025-03-22 11:00:59,229.936,229.58662152,-14.155,32.277,-117.79357833333333,35.10109766666667,81.53834078187782,89.96351772498465,-83.12746803792793,During Launch
5340,2025-03-22 11:00:59,229.978,228.3136556,-15.304,32.287,-117.79357833333333,35.10109766666667,60.79772582934003,89.00473110300955,-84.86691166732409,During Launch
5341,2025-03-22 11:00:59,230.02,227.50984979999998,-16.095,32.287,-117.79357833333333,35.10109766666667,41.00205464695087,88.73910426873745,-86.1755866502646,During Launch
5342,2025-03-22 11:00:59,230.063,226.542002,-16.0,32.281,-117.79357833333333,35.10109766666667,-7.166829543263866,88.5025781748299,-89.12225479929286,During Launch
5343,2025-03-22 11:00:59,230.105,227.05381304000002,-14.169,32.279,-117.79357833333333,35.10109766666667,-31.893045087259065,88.68635924828966,-91.56715849274018,During Launch
5344,2025-03-22 11:00:59,230.147,225.62008596,-15.596,32.284,-117.79357833333333,35.10109766666667,-72.27043327601314,90.5052196461157,-94.32360711174906,During Launch
5345,2025-03-22 11:00:59,230.19,224.76050588,-15.192,32.277,-117.79357833333333,35.10109766666667,-85.54260469102394,91.1682851409465,-95.16961034716729,During Launch
5346,2025-03-22 11:00:59,230.232,226.25000724,-15.464,32.279,-117.79357833333333,35.10109766666667,-105.55012302310953,91.94458076880291,-95.08748626356679,During Launch
5347,2025-03-22 11:00:59,230.275,224.41273683999998,-14.608,32.267,-117.79357833333333,35.10109766666667,10.623488605260285,92.34026948292728,-90.95106217630044,During Launch
5348,2025-03-22 11:00:59,230.325,222.7526318,-14.762,32.277,-117.79357833333333,35.10109766666667,35.301948015463545,92.41936060379088,-88.59583535520362,During Launch
5349,2025-03-22 11:00:59,230.369,222.63124072000002,-13.721,32.281,-117.79357833333333,35.10109766666667,62.261434064009464,92.3601817223275,-83.7842601303926,During Launch
5350,2025-03-22 11:00:59,230.411,221.19751364,-16.423,32.284,-117.79357833333333,35.10109766666667,69.20678082108168,92.27070648329212,-81.61535386884249,During Launch
5351,2025-03-22 11:00:59,230.454,221.66339292,-14.248,32.274,-117.79357833333333,35.10109766666667,75.296537682825,91.76345729261425,-79.09802482287576,During Launch
5352,2025-03-22 11:00:59,230.496,221.19751364,-14.279,32.284,-117.79357833333333,35.10109766666667,76.28941601550207,91.6579902095564,-78.39600704382369,During Launch
5353,2025-03-22 11:00:59,230.539,220.33793356,-15.283,32.277,-117.79357833333333,35.10109766666667,74.38533655190648,91.03285453171014,-77.56880134988435,During Launch
5354,2025-03-22 11:00:59,230.581,220.27231676,-17.378,32.287,-117.79357833333333,35.10109766666667,65.97285018603579,88.83172298271944,-77.75972269559306,During Launch
5355,2025-03-22 11:00:59,230.624,219.06824848000002,-14.591,32.287,-117.79357833333333,35.10109766666667,55.39850381334864,86.31439668833515,-78.10426215089483,During Launch
5356,2025-03-22 11:00:59,230.666,217.17520379999996,-15.608,32.281,-117.79357833333333,35.10109766666667,51.747341914717396,85.58051933199782,-78.39769072065361,During Launch
5357,2025-03-22 11:00:59,230.708,216.371398,-14.419,32.284,-117.793596,35.10109533333333,50.59025076275409,85.65993151514334,-78.89296052325217,During Launch
5358,2025-03-22 11:00:59,230.751,215.633209,-15.608,32.274,-117.793596,35.10109533333333,55.63193526361115,87.0545505287724,-79.40601811482563,During Launch
5359,2025-03-22 11:00:59,230.793,215.32809088000002,-14.441,32.284,-117.793596,35.10109533333333,73.56371628085643,90.60463619664172,-80.26905672113446,During Launch
5360,2025-03-22 11:01:00,230.836,215.04593864000003,-14.981,32.287,-117.793596,35.10109533333333,91.8127564693046,93.69974349633156,-80.85316363685996,During Launch
5361,2025-03-22 11:01:00,230.886,213.84187036,-14.545,32.287,-117.793596,35.10109533333333,99.53919618919095,94.83410291854327,-81.23772957859008,During Launch
5362,2025-03-22 11:01:00,230.93,211.83071544,-16.134,32.287,-117.793596,35.10109533333333,112.86705013127316,96.85145824594193,-81.8404224478538,During Launch
5363,2025-03-22 11:01:00,230.972,210.05906184,-18.52,32.281,-117.793596,35.10109533333333,117.25849061767278,97.49543154971778,-82.04930568210033,During Launch
5364,2025-03-22 11:01:00,231.014,210.34449492,-17.85,32.284,-117.793596,35.10109533333333,123.12080670820357,98.05877836132632,-82.5768062226625,During Launch
5365,2025-03-22 11:01:00,231.057,209.9409516,-17.028,32.284,-117.793596,35.10109533333333,125.15502471840577,98.16519580982911,-82.86704843896406,During Launch
5366,2025-03-22 11:01:00,231.099,209.9409516,-16.283,32.284,-117.793596,35.10109533333333,125.87619463753697,97.55792246874577,-83.56760346268817,During Launch
5367,2025-03-22 11:01:00,231.142,208.21522976,-16.985,32.287,-117.793596,35.10109533333333,123.84342562817936,96.79949217147684,-83.87667705686395,During Launch
5368,2025-03-22 11:01:00,231.184,208.96654211999999,-16.763,32.279,-117.793596,35.10109533333333,115.66397610429203,94.85657555289146,-84.497926177358,During Launch
5369,2025-03-22 11:01:00,231.226,205.52166012,-18.627,32.284,-117.793596,35.10109533333333,116.14077601610536,94.07719712670506,-85.1417345076904,During Launch
5370,2025-03-22 11:01:00,231.269,206.7913452,-16.654,32.279,-117.793596,35.10109533333333,-10.362783908490375,92.86476696708597,-87.95982407067342,During Launch
5371,2025-03-22 11:01:00,231.311,204.54396979999999,-20.117,32.279,-117.793596,35.10109533333333,-39.40129033478747,92.34467356155233,-89.78558366069758,During Launch
5372,2025-03-22 11:01:00,231.362,203.39239496,-19.338,32.287,-117.793596,35.10109533333333,-79.01697394231797,91.83849825168387,-91.85133381413527,During Launch
5373,2025-03-22 11:01:00,231.405,202.46719808,-18.783,32.284,-117.793596,35.10109533333333,-101.0831492811442,91.56121849025683,-92.85777844050446,During Launch
5374,2025-03-22 11:01:00,231.45,201.9028936,-19.175,32.284,-117.793596,35.10109533333333,-107.57509758739023,91.40529385501553,-93.18430594929731,During Launch
5375,2025-03-22 11:01:00,231.492,201.62074136,-18.11,32.281,-117.793596,35.10109533333333,-117.25680423740906,90.91190642865465,-92.9515674293105,During Launch
5376,2025-03-22 11:01:00,231.535,200.57743424,-19.506,32.281,-117.793596,35.10109533333333,-121.08591138236523,90.42054698137002,-92.32641864278663,During Launch
5377,2025-03-22 11:01:00,231.578,199.61286728,-19.949,32.281,-117.793596,35.10109533333333,-73.05497067838742,89.40196205549904,-90.41941771408534,During Launch
5378,2025-03-22 11:01:00,231.62,199.84252608,-18.96,32.277,-117.793596,35.10109533333333,-34.64881784951052,88.77769046442374,-89.30266283873682,During Launch
5379,2025-03-22 11:01:00,231.662,200.24278856,-18.529,32.277,-117.793596,35.10109533333333,2.512844327830214,86.82390419686594,-87.60194116445322,During Launch
5380,2025-03-22 11:01:00,231.705,196.56168608,-20.82,32.287,-117.79363916666667,35.101070166666666,11.198655193947976,85.69651929025522,-86.93664511854033,During Launch
5381,2025-03-22 11:01:00,231.747,198.16929768,-17.582,32.287,-117.79363916666667,35.101070166666666,18.981472349456062,83.72291851654747,-86.16107597874388,During Launch
5382,2025-03-22 11:01:00,231.79,197.20144987999998,-17.717,32.281,-117.79363916666667,35.101070166666666,20.14646815392094,82.69129570422501,-85.89214601022032,During Launch
5383,2025-03-22 11:01:00,231.832,197.08333964,-17.16,32.277,-117.79363916666667,35.101070166666666,21.288927554319166,81.25073184192007,-85.48983614483362,During Launch
5384,2025-03-22 11:01:01,231.874,195.47572804,-18.365,32.284,-117.79363916666667,35.101070166666666,20.71699946153167,80.83051486714245,-85.56173188893847,During Launch
5385,2025-03-22 11:01:01,231.917,195.70538684000002,-17.891,32.279,-117.79363916666667,35.101070166666666,20.1220155781297,80.36489436198238,-85.71203029110468,During Launch
5386,2025-03-22 11:01:01,231.959,193.06431063999997,-19.364,32.277,-117.79363916666667,35.101070166666666,20.84913259928881,80.67597926761589,-85.78803234402349,During Launch
5387,2025-03-22 11:01:01,232.002,193.46785396,-17.13,32.284,-117.79363916666667,35.101070166666666,26.045024880547665,82.43030549461152,-85.89263964002248,During Launch
5388,2025-03-22 11:01:01,232.044,193.41536052,-15.526,32.277,-117.79363916666667,35.101070166666666,32.146117382216154,83.59888190053098,-85.64697811448102,During Launch
5389,2025-03-22 11:01:01,232.087,192.66404816,-16.478,32.284,-117.79363916666667,35.101070166666666,47.372224892122986,85.99679056740536,-85.48695937385,During Launch
5390,2025-03-22 11:01:01,232.129,191.1745468,-17.506,32.281,-117.79363916666667,35.101070166666666,67.5289306971951,88.2598087943618,-85.42980424793436,During Launch
5391,2025-03-22 11:01:01,232.179,191.57809012,-17.003,32.281,-117.79363916666667,35.101070166666666,79.21767794076126,89.38930689682601,-85.43607878043225,During Launch
5392,2025-03-22 11:01:01,232.223,190.25263076,-16.617,32.284,-117.79363916666667,35.101070166666666,100.87292181483589,91.33381841864151,-85.50641049602338,During Launch
5393,2025-03-22 11:01:01,232.265,189.97047852,-17.573,32.281,-117.79363916666667,35.101070166666666,110.03214019711311,92.21945330990071,-85.49825269715024,During Launch
5394,2025-03-22 11:01:01,232.309,189.97047852,-14.359,32.281,-117.79363916666667,35.101070166666666,125.75307028406917,93.46136700941346,-85.84736033792569,During Launch
5395,2025-03-22 11:01:01,232.351,187.44095088,-17.884,32.284,-117.79363916666667,35.101070166666666,133.19652724842183,93.77329196674552,-86.28234862046699,During Launch
5396,2025-03-22 11:01:01,232.394,188.31037347999998,-14.989,32.274,-117.79363916666667,35.101070166666666,148.82454478348262,94.16903328152351,-87.42963220886818,During Launch
5397,2025-03-22 11:01:01,232.436,187.910111,-14.416,32.274,-117.79363916666667,35.101070166666666,156.1201173360741,94.0302489610253,-87.97140858671973,During Launch
5398,2025-03-22 11:01:01,232.478,187.57546532,-13.879,32.264,-117.79363916666667,35.101070166666666,72.27496126444787,93.07035014305386,-89.04835836981783,During Launch
5399,2025-03-22 11:01:01,232.521,186.42389048,-14.453,32.271,-117.79363916666667,35.101070166666666,18.931825610809426,92.36451979729594,-89.71020514507018,During Launch
5400,2025-03-22 11:01:01,232.563,186.70604272,-13.926,32.271,-117.79363916666667,35.101070166666666,-24.108425469440554,90.41222349234788,-91.22974646748635,During Launch
5401,2025-03-22 11:01:01,232.605,186.3024994,-13.341,32.274,-117.79363916666667,35.101070166666666,-33.15066822328968,89.37858306250537,-91.88842581642454,During Launch
5402,2025-03-22 11:01:01,232.648,185.96785372,-12.752,32.264,-117.79363916666667,35.101070166666666,-41.33675721586433,87.73706568996103,-92.64329756769615,During Launch
5403,2025-03-22 11:01:01,232.69,183.55971716,-15.218,32.264,-117.79363916666667,35.101070166666666,-43.38959949462038,87.17608076260473,-92.79925091845779,During Launch
5404,2025-03-22 11:01:01,232.733,182.63780112,-16.438,32.267,-117.79364633333333,35.101055,-45.82664446343589,86.47724184737794,-92.99721861797315,During Launch
5405,2025-03-22 11:01:01,232.777,181.95210556,-13.628,32.264,-117.79364633333333,35.101055,-45.953285342435,86.2531590230724,-92.98503633166061,During Launch
5406,2025-03-22 11:01:01,232.819,180.74803728,-16.251,32.264,-117.79364633333333,35.101055,-43.18408457460878,86.4161471701076,-92.28742412241172,During Launch
5407,2025-03-22 11:01:02,232.862,182.07349664,-14.112,32.262,-117.79364633333333,35.101055,-37.290425361784216,86.58866020684528,-91.5711700649049,During Launch
5408,2025-03-22 11:01:02,232.904,178.85827344,-17.001,32.262,-117.79364633333333,35.101055,-9.833252347568502,86.99634284058186,-89.70829851225444,During Launch
5409,2025-03-22 11:01:02,232.946,179.7736278,-14.647,32.259,-117.79364633333333,35.101055,7.177537972070885,87.21537653825912,-88.79009070570972,During Launch
5410,2025-03-22 11:01:02,232.989,178.45801096,-16.089,32.262,-117.79364633333333,35.101055,39.16902211475273,87.74338760890438,-86.96128096458212,During Launch
5411,2025-03-22 11:01:02,233.031,179.20932331999998,-12.924,32.254,-117.79364633333333,35.101055,52.65740673322162,88.02181088422388,-85.94120621790067,During Launch
5412,2025-03-22 11:01:02,233.074,176.80118676,-15.547,32.254,-117.79364633333333,35.101055,73.43381823479898,88.66788493518946,-83.63383705691143,During Launch
5413,2025-03-22 11:01:02,233.116,176.80118676,-15.498,32.257,-117.79364633333333,35.101055,81.50581695004038,89.12541450818449,-82.93404969237112,During Launch
5414,2025-03-22 11:01:02,233.159,176.65026812000002,-14.938,32.232,-117.79364633333333,35.101055,94.89102144525295,90.16484840701298,-82.28807369838229,During Launch
5415,2025-03-22 11:01:02,233.201,174.38976936,-15.657,32.254,-117.79364633333333,35.101055,99.10638583183038,90.49415520121,-82.11753355392956,During Launch
5416,2025-03-22 11:01:02,233.243,174.27165912,-16.265,32.257,-117.79364633333333,35.101055,104.88316483111355,90.83048929097453,-82.22946716054946,During Launch
5417,2025-03-22 11:01:02,233.286,173.58596355999998,-15.679,32.254,-117.79364633333333,35.101055,107.36820268000457,90.92988403610545,-82.6352225760604,During Launch
5418,2025-03-22 11:01:02,233.328,171.81759079999998,-17.077,32.249,-117.79364633333333,35.101055,110.72030207688134,90.66000801850363,-84.10403957258683,During Launch
5419,2025-03-22 11:01:02,233.37,175.12795835999998,-13.989,32.204,-117.79364633333333,35.101055,114.1244812315026,90.5166976040245,-85.04416385370162,During Launch
5420,2025-03-22 11:01:02,233.413,171.45997924,-15.048,32.252,-117.79364633333333,35.101055,39.627022194248525,90.31825655632582,-87.24012715427185,During Launch
5421,2025-03-22 11:01:02,233.456,170.61352252,-16.664,32.249,-117.79364633333333,35.101055,-7.384078399044178,90.18161931238728,-88.28586883138394,During Launch
5422,2025-03-22 11:01:02,233.498,169.05184268,-17.757,32.257,-117.79364633333333,35.101055,-48.94628319774488,89.57939627288341,-89.95483093072991,During Launch
5423,2025-03-22 11:01:02,233.541,169.05184268,-17.426,32.254,-117.79364633333333,35.101055,-57.803402275497085,89.26745717014757,-90.51679462493667,During Launch
5424,2025-03-22 11:01:02,233.593,168.60892928,-16.618,32.249,-117.79364633333333,35.101055,-64.51770766828265,88.75326005026882,-91.0806093179349,During Launch
5425,2025-03-22 11:01:02,233.637,167.0439686,-18.307,32.257,-117.79364633333333,35.101055,-61.026796560739506,88.26754067761794,-91.32309354998816,During Launch
5426,2025-03-22 11:01:02,233.679,170.0951498,-15.091,32.259,-117.79364633333333,35.101055,-53.40474674094516,87.94800674780377,-91.1586649112823,During Launch
5427,2025-03-22 11:01:02,233.722,166.52559588,-18.103,32.259,-117.79363866666667,35.10105,-23.055418434024876,87.39729902865164,-90.20968100033943,During Launch
5428,2025-03-22 11:01:02,233.766,165.27559584,-16.993,32.252,-117.79363866666667,35.10105,-3.3874060966496913,87.25278057467403,-89.4481463594385,During Launch
5429,2025-03-22 11:01:02,233.808,163.95341732,-17.381,32.259,-117.79363866666667,35.10105,31.66456892946763,86.97402902147205,-87.34896274868383,During Launch
5430,2025-03-22 11:01:03,233.85,164.59318112,-16.178,32.249,-117.79363866666667,35.10105,45.54334540855132,87.0608763454854,-86.3992405723828,During Launch
5431,2025-03-22 11:01:03,233.893,163.60564828,-15.961,32.262,-117.79363866666667,35.10105,69.50994308101974,87.84189027904903,-84.5801660745188,During Launch
5432,2025-03-22 11:01:03,233.935,162.6312388,-18.12,32.257,-117.79363866666667,35.10105,86.82656950358503,88.81322961580747,-83.56892387870953,During Launch
5433,2025-03-22 11:01:03,233.985,164.46194752,-13.318,32.254,-117.79363866666667,35.10105,92.61796676385632,89.1034350731088,-83.27775273414368,During Launch
5434,2025-03-22 11:01:03,234.029,161.26312851999998,-17.092,32.252,-117.79363866666667,35.10105,100.77054947009138,89.5521183475247,-83.0070295355048,During Launch
5435,2025-03-22 11:01:03,234.071,161.09252484,-16.049,32.247,-117.79363866666667,35.10105,104.16865938591643,89.69713406661799,-83.23205511043213,During Launch
5436,2025-03-22 11:01:03,234.113,160.86286604,-16.956,32.254,-117.79363866666667,35.10105,109.92195282199086,89.77033285523679,-84.09519586249705,During Launch
5437,2025-03-22 11:01:03,234.156,158.85499195999998,-16.586,32.252,-117.79363866666667,35.10105,112.85747135716564,89.81046234684386,-84.6234373177128,During Launch
5438,2025-03-22 11:01:03,234.198,158.45472948,-16.956,32.252,-117.79363866666667,35.10105,118.92591477621517,89.69804070692318,-85.92044190034395,During Launch
5439,2025-03-22 11:01:03,234.241,158.1200838,-17.126,32.242,-117.79363866666667,35.10105,120.43002406700921,89.437774732357,-86.66455108078254,During Launch
5440,2025-03-22 11:01:03,234.283,158.49409956,-14.691,32.217,-117.79363866666667,35.10105,110.73291853242092,88.87266755463403,-87.68884998409379,During Launch
5441,2025-03-22 11:01:03,234.325,156.85039872,-16.101,32.252,-117.79363866666667,35.10105,91.71869485596532,88.49314802473056,-88.08154869723269,During Launch
5442,2025-03-22 11:01:03,234.368,155.12467687999998,-17.062,32.254,-117.79363866666667,35.10105,57.870391348759185,87.45135962025905,-88.48725863808173,During Launch
5443,2025-03-22 11:01:03,234.41,155.92848268,-14.685,32.254,-117.79363866666667,35.10105,46.409343411430655,86.94330246360391,-88.59140427206025,During Launch
5444,2025-03-22 11:01:03,234.46,155.92848268,-17.614,32.254,-117.79363866666667,35.10105,32.242116096038,85.93331352856696,-88.61603927601229,During Launch
5445,2025-03-22 11:01:03,234.505,153.52034612,-16.428,32.254,-117.79363866666667,35.10105,33.01948530353359,85.26369332315971,-87.93368431059854,During Launch
5446,2025-03-22 11:01:03,234.547,152.71654032,-16.404,32.254,-117.79363866666667,35.10105,35.448834840522046,85.01951769760335,-87.48042466333554,During Launch
5447,2025-03-22 11:01:03,234.589,150.89895496,-16.639,32.242,-117.79363866666667,35.10105,43.492063380673436,84.8637503451373,-86.49235139848166,During Launch
5448,2025-03-22 11:01:03,234.631,149.79003104,-17.671,32.257,-117.79363866666667,35.10105,49.83694412136284,85.10234359249358,-85.8855355412832,During Launch
5449,2025-03-22 11:01:03,234.674,149.79003104,-17.409,32.257,-117.79363866666667,35.10105,64.846377716074,85.94234300631642,-84.37777681612651,During Launch
5450,2025-03-22 11:01:03,234.716,147.78215695999998,-17.852,32.252,-117.79364366666667,35.1010525,73.28566561333021,86.59988090425557,-83.53898316505783,During Launch
5451,2025-03-22 11:01:03,234.76,148.18241944,-20.271,32.257,-117.79364366666667,35.1010525,88.57374385398693,88.17691518158134,-82.61721200049786,During Launch
5452,2025-03-22 11:01:03,234.803,151.90289199999998,-13.527,32.212,-117.79364366666667,35.1010525,95.45243752434686,88.97657607904223,-82.35358167158743,During Launch
5453,2025-03-22 11:01:04,234.845,148.70407300000002,-15.358,32.254,-117.79364366666667,35.1010525,104.26183415032331,89.94584396803369,-82.23481465325591,During Launch
5454,2025-03-22 11:01:04,234.888,147.50000472,-15.235,32.254,-117.79364366666667,35.1010525,107.61245821479753,90.24131717092959,-82.43126360004743,During Launch
5455,2025-03-22 11:01:04,234.93,146.01706504,-17.2,32.252,-117.79364366666667,35.1010525,112.83177388971328,90.57517888071068,-83.22172255339703,During Launch
5456,2025-03-22 11:01:04,234.972,144.41273428,-17.788,32.252,-117.79364366666667,35.1010525,113.14788777713396,90.39529979090304,-83.8303900460573,During Launch
5457,2025-03-22 11:01:04,235.015,144.53084452,-16.76,32.249,-117.79364366666667,35.1010525,107.06911304159051,89.62896898678798,-85.04660184154275,During Launch
5458,2025-03-22 11:01:04,235.057,144.23884976,-18.865,32.247,-117.79364366666667,35.1010525,100.56305293358571,89.12771415592722,-85.4437494819063,During Launch
5459,2025-03-22 11:01:04,235.105,145.32152696,-14.816,32.207,-117.79364366666667,35.1010525,85.29730508052387,87.99984850302255,-85.92929733473751,During Launch
5460,2025-03-22 11:01:04,235.15,143.4383248,-16.362,32.242,-117.79364366666667,35.1010525,72.19825250680614,86.9004536606233,-86.03788847213039,During Launch
5461,2025-03-22 11:01:04,235.194,142.35236676,-17.123,32.244,-117.79364366666667,35.1010525,67.80777893697845,86.3301266556024,-85.83074074377393,During Launch
5462,2025-03-22 11:01:04,235.237,140.80052944,-16.702,32.252,-117.79364366666667,35.1010525,63.424345101448324,85.43157511651906,-85.0791875149971,During Launch
5463,2025-03-22 11:01:04,235.279,139.8786134,-17.184,32.254,-117.79364366666667,35.1010525,63.39874617873075,85.18939205147319,-84.59505435358543,During Launch
5464,2025-03-22 11:01:04,235.323,140.5183772,-16.268,32.249,-117.79364366666667,35.1010525,64.8771110487464,85.0077486778838,-83.64040508842497,During Launch
5465,2025-03-22 11:01:04,235.366,138.7959362,-18.189,32.252,-117.79364366666667,35.1010525,66.60440315818487,85.0673200750479,-83.24040844862347,During Launch
5466,2025-03-22 11:01:04,235.408,137.30971567999998,-18.043,32.212,-117.79364366666667,35.1010525,72.17734061596008,85.34146553907814,-82.60020955192228,During Launch
5467,2025-03-22 11:01:04,235.45,137.02100176000002,-16.732,32.247,-117.79364366666667,35.1010525,76.38355924886154,85.6473976205508,-82.60228172499414,During Launch
5468,2025-03-22 11:01:04,235.494,135.70538492,-18.656,32.249,-117.79364366666667,35.1010525,90.59678353065715,87.64172729208606,-82.76994767667907,During Launch
5469,2025-03-22 11:01:04,235.537,134.14370508,-20.227,32.249,-117.79364366666667,35.1010525,96.86502515097828,88.57559052258753,-82.71249360799823,During Launch
5470,2025-03-22 11:01:04,235.579,134.90485996,-17.333,32.249,-117.79364366666667,35.1010525,104.83850744775113,89.63819270495328,-82.65379494584663,During Launch
5471,2025-03-22 11:01:04,235.622,135.85630356,-15.684,32.212,-117.79364366666667,35.1010525,109.62134799663271,90.00355264383005,-83.51642479875446,During Launch
5472,2025-03-22 11:01:04,235.664,131.69619844,-17.863,32.249,-117.79364366666667,35.1010525,92.09586826622896,89.17765143938054,-85.98090088894818,During Launch
5473,2025-03-22 11:01:04,235.706,132.20800948,-16.355,32.247,-117.79363033333334,35.101045666666664,62.53965482833193,88.36665496721751,-87.34975385628755,During Launch
5474,2025-03-22 11:01:04,235.749,131.12533228,-17.363,32.244,-117.79363033333334,35.101045666666664,27.191328100391193,87.15333326980372,-88.88725775782736,During Launch
5475,2025-03-22 11:01:04,235.791,130.60367872,-15.98,32.247,-117.79363033333334,35.101045666666664,17.31377339106398,86.78218474287384,-89.28652891924276,During Launch
5476,2025-03-22 11:01:05,235.834,130.44291756,-16.517,32.242,-117.79363033333334,35.101045666666664,8.309003665369719,86.42316722948847,-89.4181386605183,During Launch
5477,2025-03-22 11:01:05,235.876,126.99475471999999,-23.214,32.247,-117.79363033333334,35.101045666666664,7.210255814114412,86.41288278412911,-89.34688619974607,During Launch
5478,2025-03-22 11:01:05,235.918,127.23425603999999,-20.009,32.242,-117.79363033333334,35.101045666666664,9.075582096697929,86.42645663729807,-89.1781965805905,During Launch
5479,2025-03-22 11:01:05,235.961,126.59449224,-19.483,32.247,-117.79363033333334,35.101045666666664,14.859184744004533,86.49869200487645,-88.92466772189655,During Launch
5480,2025-03-22 11:01:05,236.003,126.48294367999999,-18.205,32.249,-117.79363033333334,35.101045666666664,42.79620211412021,87.16894641019593,-87.77400564618421,During Launch
5481,2025-03-22 11:01:05,236.045,123.50722180000001,-19.483,32.244,-117.79363033333334,35.101045666666664,56.98462039689793,87.63892973073031,-87.0451933470306,During Launch
5482,2025-03-22 11:01:05,236.088,123.50722180000001,-19.593,32.244,-117.79363033333334,35.101045666666664,76.88274384142942,88.20151249305064,-85.52011244959411,During Launch
5483,2025-03-22 11:01:05,236.13,123.27756300000001,-19.535,32.247,-117.79363033333334,35.101045666666664,84.94696585031603,88.4462889444334,-84.99306063273235,During Launch
5484,2025-03-22 11:01:05,236.18,122.87401967999999,-20.881,32.249,-117.79363033333334,35.101045666666664,104.72563005747479,89.89224298232234,-84.25092232808916,During Launch
5485,2025-03-22 11:01:05,236.224,121.22047632,-20.687,32.242,-117.79363033333334,35.101045666666664,120.15426473199463,91.14506668158346,-83.97540847518553,During Launch
5486,2025-03-22 11:01:05,236.266,121.09908524000001,-19.826,32.244,-117.79363033333334,35.101045666666664,126.32796904587596,91.55296672767638,-84.08972762781157,During Launch
5487,2025-03-22 11:01:05,236.309,120.36745792,-19.061,32.234,-117.79363033333334,35.101045666666664,135.7501821778856,92.1561810936356,-84.23733019086288,During Launch
5488,2025-03-22 11:01:05,236.351,120.01640804000002,-18.528,32.242,-117.79363033333334,35.101045666666664,138.376901573786,92.17043597894953,-84.38901617844198,During Launch
5489,2025-03-22 11:01:05,236.393,120.41995136,-18.784,32.242,-117.79363033333334,35.101045666666664,134.87207470861017,91.42515993589062,-85.04421186341332,During Launch
5490,2025-03-22 11:01:05,236.436,119.04527939999998,-18.459,32.219,-117.79363033333334,35.101045666666664,124.6469292084581,90.79320922279763,-85.26241966920163,During Launch
5491,2025-03-22 11:01:05,236.478,117.61155232,-18.409,32.242,-117.79363033333334,35.101045666666664,91.74888759547267,89.08557718277943,-85.60849403915203,During Launch
5492,2025-03-22 11:01:05,236.52,117.49344208,-18.25,32.244,-117.79363033333334,35.101045666666664,81.1074909894847,88.39928090126897,-85.43257069770807,During Launch
5493,2025-03-22 11:01:05,236.563,117.89370455999999,-16.662,32.244,-117.79363033333334,35.101045666666664,67.83335148362588,86.79568082883925,-84.42259476734196,During Launch
5494,2025-03-22 11:01:05,236.605,115.60695908000001,-17.357,32.242,-117.79363033333334,35.101045666666664,63.624127423598274,86.20500334782214,-84.05110435460313,During Launch
5495,2025-03-22 11:01:05,236.648,115.2066966,-18.427,32.242,-117.79363033333334,35.101045666666664,61.14301486444414,85.51255613948015,-83.15605167190061,During Launch
5496,2025-03-22 11:01:05,236.69,114.75394067999999,-19.759,32.234,-117.79363033333334,35.101045666666664,61.69385108555657,85.3142693391481,-82.5528126751511,During Launch
5497,2025-03-22 11:01:05,236.732,115.08858636000001,-15.55,32.242,-117.7936115,35.10103766666667,65.33862931301854,85.66826844597702,-81.98663674793005,During Launch
5498,2025-03-22 11:01:05,236.775,113.72375691999999,-17.291,32.239,-117.7936115,35.10103766666667,67.53256552231883,85.98895431845331,-81.83754400650899,During Launch
5499,2025-03-22 11:01:05,236.825,112.63123719999999,-17.188,32.237,-117.7936115,35.10103766666667,74.35099632350486,87.07001667744831,-81.78127556659697,During Launch
5500,2025-03-22 11:01:06,236.87,112.92323196,-16.386,32.239,-117.7936115,35.10103766666667,83.45548307202534,88.4931796552603,-82.83148789234885,During Launch
5501,2025-03-22 11:01:06,236.912,110.91863872,-18.112,32.239,-117.7936115,35.10103766666667,89.48205917888612,89.29116454329186,-83.40675795383393,During Launch
5502,2025-03-22 11:01:06,236.954,111.66667024,-14.219,32.232,-117.7936115,35.10103766666667,101.79460397326096,90.45800978937282,-85.01346629804779,During Launch
5503,2025-03-22 11:01:06,236.997,110.56102716,-15.452,32.247,-117.7936115,35.10103766666667,107.94051157042114,90.72701998833857,-85.88958923033499,During Launch
5504,2025-03-22 11:01:06,237.039,110.11811376,-15.284,32.237,-117.7936115,35.10103766666667,132.36650111581508,91.40616431953751,-87.6613808442447,During Launch
5505,2025-03-22 11:01:06,237.081,108.39567276000001,-16.779,32.242,-117.7936115,35.10103766666667,142.09253225532566,91.62719447845426,-88.25638860445619,During Launch
5506,2025-03-22 11:01:06,237.124,108.91404548000001,-13.525,32.239,-117.7936115,35.10103766666667,157.1053177896235,91.8276363598213,-89.01775372683701,During Launch
5507,2025-03-22 11:01:06,237.166,107.99212943999999,-14.392,32.242,-117.7936115,35.10103766666667,161.29585820007713,91.83042420803956,-89.19868272298777,During Launch
5508,2025-03-22 11:01:06,237.209,104.38648628,-17.508,32.242,-117.7936115,35.10103766666667,165.93576286950673,91.73544866592928,-89.36985115776199,During Launch
5509,2025-03-22 11:01:06,237.251,104.38648628,-17.262,32.242,-117.7936115,35.10103766666667,166.22727593168557,91.71699958775109,-89.3725885942797,During Launch
5510,2025-03-22 11:01:06,237.293,105.18701124,-14.999,32.242,-117.7936115,35.10103766666667,164.50627774251907,91.5753938116719,-89.2614351535891,During Launch
5511,2025-03-22 11:01:06,237.336,103.93373036,-16.042,32.239,-117.7936115,35.10103766666667,161.6723414235422,91.74457001148953,-88.9731698027495,During Launch
5512,2025-03-22 11:01:06,237.378,103.41535764,-15.858,32.237,-117.7936115,35.10103766666667,153.28425663138856,92.04542837930279,-88.04650319535547,During Launch
5513,2025-03-22 11:01:06,237.421,102.78543636,-16.104,32.242,-117.7936115,35.10103766666667,148.66186589072584,92.12863400126547,-87.55432901933256,During Launch
5514,2025-03-22 11:01:06,237.463,101.58136808,-17.606,32.234,-117.7936115,35.10103766666667,142.69828932705497,92.10466365565476,-86.9263036774234,During Launch
5515,2025-03-22 11:01:06,237.506,101.93241796,-15.993,32.234,-117.7936115,35.10103766666667,140.65267153433436,92.04790821403084,-86.71730601620631,During Launch
5516,2025-03-22 11:01:06,237.556,100.16732603999999,-16.182,32.229,-117.7936115,35.10103766666667,136.68917097028702,91.93075047932184,-86.44182106760768,During Launch
5517,2025-03-22 11:01:06,237.6,100.68897960000001,-15.56,32.227,-117.7936115,35.10103766666667,129.1580317967919,91.42821187469082,-86.4424468462004,During Launch
                                                                                                                                                                                                                                                                                                                                                                                                                                                                                                                                                                                                                                                                                                                                                                                                                                          