n,Datetime (UTC),Timestamp (s),Altitude (m),Temperature (C),Longitude,Latitude,Acceleration X (g),Acceleration Y (g),Acceleration Z (g),Flag
0,2025-02-22 14:51:50,0.599,-0.094,35.19,-117.79526716666666,35.105367333333334,0.120361328125,-0.30419921875,1.064697265625,Before Launch
1,2025-02-22 14:51:51,1.599,-0.167,35.203,-117.795267,35.105366,0.118408203125,-0.30078125,1.067138671875,Before Launch
2,2025-02-22 14:51:52,2.598,0.04,35.195,-117.79526566666667,35.10536416666667,0.12060546875,-0.300048828125,1.0517578125,Before Launch
3,2025-02-22 14:51:53,3.599,-0.267,35.198,-117.79526416666667,35.10536166666667,0.11669921875,-0.30224609375,1.074951171875,Before Launch
4,2025-02-22 14:51:54,4.599,0.024,35.203,-117.7952635,35.1053585,0.1181640625,-0.302001953125,1.0654296875,Before Launch
5,2025-02-22 14:51:55,5.598,0.237,35.205,-1,-1,0.124755859375,-0.29931640625,1.052490234375,Before Launch
6,2025-02-22 14:51:56,6.6,-0.003,35.225,-117.795262,35.105357166666664,0.123291015625,-0.30078125,1.05859375,Before Launch
7,2025-02-22 14:51:57,7.599,0.088,35.218,-117.7952615,35.105357833333336,0.112060546875,-0.302734375,1.068603515625,Before Launch
8,2025-02-22 14:51:58,8.599,-0.127,35.21,-117.79526116666666,35.105356666666665,0.11376953125,-0.304443359375,1.07666015625,Before Launch
9,2025-02-22 14:51:59,9.597,-0.194,35.218,-117.7952605,35.1053555,0.11865234375,-0.299072265625,1.0595703125,Before Launch
10,2025-02-22 14:52:00,10.6,-0.179,35.215,-1,-1,0.12451171875,-0.30029296875,1.064697265625,Before Launch
11,2025-02-22 14:52:01,11.599,-0.027,35.228,-117.7952605,35.105355333333335,0.123291015625,-0.30419921875,1.066162109375,Before Launch
12,2025-02-22 14:52:02,12.6,0.207,35.223,-117.79525966666667,35.105354166666665,0.1181640625,-0.296142578125,1.056640625,Before Launch
13,2025-02-22 14:52:03,13.6,0.195,35.228,-117.7952615,35.105351666666664,0.12158203125,-0.301513671875,1.05126953125,Before Launch
14,2025-02-22 14:52:04,14.599,-0.285,35.235,-117.79526383333334,35.1053505,0.120849609375,-0.287353515625,1.063232421875,Before Launch
15,2025-02-22 14:52:05,15.6,0.007,35.225,-1,-1,0.1171875,-0.298583984375,1.060546875,Before Launch
16,2025-02-22 14:52:06,16.598,0.164,35.235,-117.795259,35.10535,0.115966796875,-0.299072265625,1.049072265625,Before Launch
17,2025-02-22 14:52:07,17.6,0.089,35.243,-117.79526033333333,35.105352,0.11474609375,-0.298828125,1.063232421875,Before Launch
18,2025-02-22 14:52:08,18.6,-0.063,35.238,-117.7952615,35.1053505,0.130126953125,-0.300537109375,1.063720703125,Before Launch
19,2025-02-22 14:52:09,19.599,-0.145,35.243,-117.79526183333333,35.105352,0.1220703125,-0.29833984375,1.060791015625,Before Launch
20,2025-02-22 14:52:10,20.599,-0.212,35.24,-1,-1,0.120361328125,-0.298583984375,1.0693359375,Before Launch
21,2025-02-22 14:52:11,21.601,-0.02,35.255,-117.795258,35.105355833333334,0.120361328125,-0.296142578125,1.05517578125,Before Launch
22,2025-02-22 14:52:12,22.6,-0.014,35.245,-117.79525116666667,35.1053555,0.120849609375,-0.295166015625,1.067626953125,Before Launch
23,2025-02-22 14:52:13,23.601,-0.163,35.248,-117.7952505,35.10535566666667,0.115234375,-0.258056640625,1.078857421875,Before Launch
24,2025-02-22 14:52:14,24.601,-0.072,35.25,-117.7952535,35.10535433333333,0.11962890625,-0.287841796875,1.044921875,Before Launch
25,2025-02-22 14:52:15,25.599,0.025,35.258,-1,-1,0.1240234375,-0.297119140625,1.091552734375,Before Launch
26,2025-02-22 14:52:16,26.599,-0.023,35.268,-117.79525316666667,35.10534966666667,0.1162109375,-0.329833984375,1.061279296875,Before Launch
27,2025-02-22 14:52:17,27.597,0.368,35.265,-117.7952495,35.10534633333334,0.10009765625,-0.308349609375,0.992431640625,Before Launch
28,2025-02-22 14:52:18,28.6,0.238,35.27,-117.79525016666666,35.10533816666667,0.11083984375,-0.29638671875,1.040771484375,Before Launch
29,2025-02-22 14:52:19,29.6,-0.239,35.278,-117.79524716666667,35.105331166666666,0.1142578125,-0.4130859375,1.16162109375,Before Launch
30,2025-02-22 14:52:20,30.599,-0.114,35.258,-1,-1,0.122314453125,-0.25927734375,1.05029296875,Before Launch
31,2025-02-22 14:52:21,31.599,-0.12,35.28,-117.7952375,35.10531066666667,0.15771484375,-0.2783203125,1.1064453125,Before Launch
32,2025-02-22 14:52:22,32.601,-0.22,35.275,-117.7952325,35.105303,0.108154296875,-0.306884765625,1.05224609375,Before Launch
33,2025-02-22 14:52:23,33.601,0.174,35.278,-117.79522883333334,35.105295,0.111083984375,-0.206787109375,1.08984375,Before Launch
34,2025-02-22 14:52:24,34.6,0.129,35.275,-117.79522,35.105284833333336,0.1142578125,-0.344970703125,1.033203125,Before Launch
35,2025-02-22 14:52:25,35.599,0.29,35.28,-1,-1,0.1240234375,-0.3466796875,1.044189453125,Before Launch
36,2025-02-22 14:52:26,36.601,-0.035,35.29,-117.79521116666666,35.10527283333333,0.129638671875,-0.415283203125,1.071044921875,Before Launch
37,2025-02-22 14:52:27,37.601,0.083,35.285,-117.79520666666667,35.1052675,0.127685546875,-0.39111328125,1.15185546875,Before Launch
38,2025-02-22 14:52:28,38.599,0.193,35.298,-117.795205,35.1052635,0.123779296875,-0.368408203125,1.052978515625,Before Launch
39,2025-02-22 14:52:29,39.601,0.472,35.295,-117.795204,35.1052635,0.111328125,-0.415283203125,1.059814453125,Before Launch
40,2025-02-22 14:52:30,40.599,0.278,35.295,-1,-1,0.14404296875,-0.31298828125,0.994140625,Before Launch
41,2025-02-22 14:52:31,41.6,-0.022,35.3,-117.7952075,35.105266666666665,0.115966796875,-0.314208984375,1.068359375,Before Launch
42,2025-02-22 14:52:32,42.6,0.196,35.298,-117.79520883333333,35.105270166666664,0.11962890625,-0.293212890625,1.04150390625,Before Launch
43,2025-02-22 14:52:33,43.599,0.308,35.303,-117.79520983333333,35.10527166666667,0.125,-0.3037109375,1.066162109375,Before Launch
44,2025-02-22 14:52:34,44.599,-0.001,35.31,-117.79521116666666,35.105271,0.11767578125,-0.302490234375,1.052978515625,Before Launch
45,2025-02-22 14:52:35,45.598,0.126,35.295,-1,-1,0.1171875,-0.298828125,1.052490234375,Before Launch
46,2025-02-22 14:52:36,46.6,-0.104,35.328,-117.795212,35.1052675,0.1103515625,-0.282958984375,1.052978515625,Before Launch
47,2025-02-22 14:52:37,47.6,0.063,35.308,-117.795213,35.105267,0.12353515625,-0.302978515625,1.064697265625,Before Launch
48,2025-02-22 14:52:38,48.6,-0.083,35.31,-117.795212,35.10526316666667,0.11376953125,-0.30029296875,1.056884765625,Before Launch
49,2025-02-22 14:52:39,49.599,-0.189,35.325,-117.79520983333333,35.105260666666666,0.11962890625,-0.298095703125,1.06396484375,Before Launch
50,2025-02-22 14:52:40,50.599,0.363,35.322,-1,-1,0.1162109375,-0.30126953125,1.05859375,Before Launch
51,2025-02-22 14:52:41,51.6,0.215,35.33,-117.79520633333334,35.1052605,0.120849609375,-0.30419921875,1.068603515625,Before Launch
52,2025-02-22 14:52:42,52.6,-0.049,35.335,-117.79520733333334,35.1052585,0.127197265625,-0.31005859375,1.060546875,Before Launch
53,2025-02-22 14:52:43,53.6,0.169,35.337,-117.795206,35.10525883333333,0.122314453125,-0.306640625,1.0498046875,Before Launch
54,2025-02-22 14:52:44,54.6,0.118,35.337,-117.7952055,35.105257333333334,0.119140625,-0.307861328125,1.067626953125,Before Launch
55,2025-02-22 14:52:45,55.599,0.03,35.332,-1,-1,0.11669921875,-0.312744140625,1.061279296875,Before Launch
56,2025-02-22 14:52:46,56.598,0.085,35.347,-117.7952095,35.105265333333335,0.12060546875,-0.305419921875,1.0595703125,Before Launch
57,2025-02-22 14:52:47,57.6,-0.015,35.347,-117.79521433333333,35.10526816666667,0.122802734375,-0.3095703125,1.06005859375,Before Launch
58,2025-02-22 14:52:48,58.601,0.44,35.347,-117.79521483333333,35.105268333333335,0.118408203125,-0.313232421875,1.05126953125,Before Launch
59,2025-02-22 14:52:49,59.599,0.233,35.355,-117.79520716666667,35.10526516666667,0.11865234375,-0.30908203125,1.046142578125,Before Launch
60,2025-02-22 14:52:50,60.599,0.03,35.347,-1,-1,0.119140625,-0.318603515625,1.059326171875,Before Launch
61,2025-02-22 14:52:51,61.601,0.103,35.36,-117.79520183333334,35.1052635,0.111572265625,-0.297607421875,1.054931640625,Before Launch
62,2025-02-22 14:52:52,62.601,0.152,35.362,-117.79520733333334,35.10526766666667,0.123046875,-0.30224609375,1.0556640625,Before Launch
63,2025-02-22 14:52:53,63.601,0.231,35.367,-117.79520333333333,35.105269166666666,0.11572265625,-0.307861328125,1.03662109375,Before Launch
64,2025-02-22 14:52:54,64.602,0.073,35.362,-117.79520616666667,35.105273,0.115966796875,-0.30078125,1.0517578125,Before Launch
65,2025-02-22 14:52:55,65.602,0.164,35.367,-1,-1,0.121337890625,-0.302734375,1.06689453125,Before Launch
66,2025-02-22 14:52:56,66.602,-0.005,35.377,-117.79521916666667,35.105286666666665,0.118408203125,-0.309814453125,1.0517578125,Before Launch
67,2025-02-22 14:52:57,67.6,0.137,35.382,-117.79522083333333,35.105289,0.115966796875,-0.30029296875,1.063232421875,Before Launch
68,2025-02-22 14:52:58,68.601,0.037,35.38,-117.79522483333334,35.105293,0.122802734375,-0.3076171875,1.06494140625,Before Launch
69,2025-02-22 14:52:59,69.601,0.143,35.385,-117.7952265,35.105295166666664,0.119873046875,-0.30078125,1.047607421875,Before Launch
70,2025-02-22 14:53:00,70.601,0.122,35.385,-1,-1,0.123291015625,-0.308837890625,1.0498046875,Before Launch
71,2025-02-22 14:53:01,71.602,0.171,35.392,-117.79523316666666,35.1053,0.103271484375,-0.303955078125,1.02294921875,Before Launch
72,2025-02-22 14:53:02,72.601,0.192,35.387,-117.79523283333333,35.10530283333333,0.10986328125,-0.3310546875,1.06494140625,Before Launch
73,2025-02-22 14:53:03,73.6,0.207,35.392,-117.795232,35.10530283333333,0.118896484375,-0.322998046875,1.06005859375,Before Launch
74,2025-02-22 14:53:04,74.6,0.135,35.4,-117.79523316666666,35.1053045,0.1162109375,-0.31103515625,1.048095703125,Before Launch
75,2025-02-22 14:53:05,75.601,0.223,35.4,-1,-1,0.11376953125,-0.302734375,1.075927734375,Before Launch
76,2025-02-22 14:53:06,76.601,0.168,35.407,-117.7952395,35.1053145,0.118896484375,-0.32275390625,1.063232421875,Before Launch
77,2025-02-22 14:53:07,77.602,0.186,35.41,-117.79524033333334,35.105317166666666,0.122802734375,-0.29736328125,1.075927734375,Before Launch
78,2025-02-22 14:53:08,78.598,0.135,35.41,-117.79524116666667,35.10532,0.116943359375,-0.302001953125,1.0771484375,Before Launch
79,2025-02-22 14:53:09,79.601,0.229,35.415,-117.79523816666666,35.1053215,0.112548828125,-0.302001953125,1.05078125,Before Launch
80,2025-02-22 14:53:10,80.601,-0.114,35.417,-1,-1,0.1201171875,-0.305419921875,1.055419921875,Before Launch
81,2025-02-22 14:53:11,81.601,-0.101,35.43,-117.79523666666667,35.105324333333336,0.124755859375,-0.31103515625,1.058837890625,Before Launch
82,2025-02-22 14:53:12,82.602,0.284,35.42,-117.79523566666667,35.10532333333333,0.113525390625,-0.321044921875,1.05224609375,Before Launch
83,2025-02-22 14:53:13,83.602,0.269,35.43,-117.79523733333333,35.10532283333333,0.1171875,-0.294921875,1.0556640625,Before Launch
84,2025-02-22 14:53:14,84.602,0.193,35.427,-117.7952395,35.105327,0.11669921875,-0.302734375,1.06201171875,Before Launch
85,2025-02-22 14:53:15,85.6,0.02,35.435,-1,-1,0.12255859375,-0.306884765625,1.05419921875,Before Launch
86,2025-02-22 14:53:16,86.599,0.206,35.445,-117.79523066666667,35.105322,0.118896484375,-0.30810546875,1.061279296875,Before Launch
87,2025-02-22 14:53:17,87.6,0.542,35.442,-117.79523016666667,35.10532416666667,0.114501953125,-0.30810546875,1.05859375,Before Launch
88,2025-02-22 14:53:18,88.6,0.2,35.445,-117.79522983333334,35.1053245,0.1376953125,-0.306396484375,1.069580078125,Before Launch
89,2025-02-22 14:53:19,89.602,0.187,35.445,-117.795229,35.105324,0.114501953125,-0.32568359375,1.0732421875,Before Launch
90,2025-02-22 14:53:20,90.602,0.145,35.452,-1,-1,0.118408203125,-0.298828125,1.05859375,Before Launch
91,2025-02-22 14:53:21,91.602,-0.064,35.467,-117.79523633333334,35.10532833333333,0.1298828125,-0.324462890625,1.0927734375,Before Launch
92,2025-02-22 14:53:22,92.602,0.206,35.462,-117.7952385,35.105329833333336,0.138671875,-0.32177734375,1.064453125,Before Launch
93,2025-02-22 14:53:23,93.602,0.194,35.472,-117.79524883333333,35.10533683333333,0.12109375,-0.312255859375,1.048828125,Before Launch
94,2025-02-22 14:53:24,94.602,0.325,35.462,-117.79525416666667,35.10534,0.121337890625,-0.289794921875,1.06689453125,Before Launch
95,2025-02-22 14:53:25,95.602,0.325,35.47,-1,-1,0.138916015625,-0.29833984375,1.091796875,Before Launch
96,2025-02-22 14:53:26,96.601,0.705,35.48,-117.7952595,35.10534233333333,0.129638671875,-0.303466796875,1.0791015625,Before Launch
97,2025-02-22 14:53:27,97.601,0.583,35.48,-117.79526233333333,35.10534283333333,0.1162109375,-0.301513671875,1.063720703125,Before Launch
98,2025-02-22 14:53:28,98.602,0.483,35.49,-117.79526533333333,35.105344,0.109375,-0.302490234375,1.062255859375,Before Launch
99,2025-02-22 14:53:29,99.602,0.249,35.492,-117.795267,35.105348666666664,0.116943359375,-0.29931640625,1.055419921875,Before Launch
100,2025-02-22 14:53:30,100.602,0.298,35.492,-1,-1,0.121337890625,-0.28955078125,1.073486328125,Before Launch
101,2025-02-22 14:53:31,101.602,0.237,35.512,-117.795268,35.10534833333333,0.12353515625,-0.30029296875,1.065673828125,Before Launch
102,2025-02-22 14:53:32,102.602,0.256,35.512,-117.79526716666666,35.10534833333333,0.12158203125,-0.304931640625,1.071533203125,Before Launch
103,2025-02-22 14:53:33,103.602,0.162,35.507,-117.7952665,35.1053485,0.11865234375,-0.306396484375,1.054443359375,Before Launch
104,2025-02-22 14:53:34,104.602,0.499,35.507,-117.795267,35.105349,0.123779296875,-0.303955078125,1.0693359375,Before Launch
105,2025-02-22 14:53:35,105.602,0.505,35.517,-1,-1,0.117919921875,-0.301025390625,1.06494140625,Before Launch
106,2025-02-22 14:53:36,106.602,0.557,35.525,-117.795268,35.105351,0.116943359375,-0.304931640625,1.056884765625,Before Launch
107,2025-02-22 14:53:37,107.6,0.356,35.52,-117.79526966666667,35.10535266666667,0.116455078125,-0.30810546875,1.059814453125,Before Launch
108,2025-02-22 14:53:38,108.603,0.25,35.529,-117.79527066666667,35.105354166666665,0.11669921875,-0.30126953125,1.056640625,Before Launch
109,2025-02-22 14:53:39,109.604,0.293,35.537,-117.795271,35.105356,0.11572265625,-0.306640625,1.06298828125,Before Launch
110,2025-02-22 14:53:40,110.602,0.415,35.542,-1,-1,0.11865234375,-0.310302734375,1.0498046875,Before Launch
111,2025-02-22 14:53:41,111.602,0.206,35.54,-117.79527016666667,35.1053555,0.119384765625,-0.303955078125,1.07568359375,Before Launch
112,2025-02-22 14:53:42,112.601,0.02,35.545,-117.79527066666667,35.10535483333334,0.11865234375,-0.30419921875,1.0634765625,Before Launch
113,2025-02-22 14:53:43,113.603,0.69,35.545,-117.79527033333333,35.1053535,0.1181640625,-0.309814453125,1.0478515625,Before Launch
114,2025-02-22 14:53:44,114.601,0.218,35.552,-117.79527,35.10535316666667,0.11376953125,-0.303955078125,1.06201171875,Before Launch
115,2025-02-22 14:53:45,115.602,0.291,35.557,-1,-1,0.118896484375,-0.30712890625,1.060791015625,Before Launch
116,2025-02-22 14:53:46,116.601,0.452,35.57,-117.79526916666667,35.105350666666666,0.1171875,-0.3046875,1.058837890625,Before Launch
117,2025-02-22 14:53:47,117.602,0.561,35.564,-117.79527,35.1053515,0.117919921875,-0.302490234375,1.054443359375,Before Launch
118,2025-02-22 14:53:48,118.6,0.109,35.567,-117.79527033333333,35.1053515,0.12060546875,-0.307373046875,1.060302734375,Before Launch
119,2025-02-22 14:53:49,119.602,0.364,35.574,-117.7952705,35.10535133333333,0.120361328125,-0.301513671875,1.06689453125,Before Launch
120,2025-02-22 14:53:50,120.602,0.431,35.577,-1,-1,0.12109375,-0.306640625,1.062255859375,Before Launch
121,2025-02-22 14:53:51,121.602,0.523,35.587,-117.79527116666667,35.105349333333336,0.121826171875,-0.30908203125,1.064208984375,Before Launch
122,2025-02-22 14:53:52,122.602,0.456,35.582,-117.79527066666667,35.10534883333333,0.118408203125,-0.30859375,1.06396484375,Before Launch
123,2025-02-22 14:53:53,123.603,0.45,35.592,-117.79526983333334,35.10534783333333,0.12255859375,-0.30224609375,1.05517578125,Before Launch
124,2025-02-22 14:53:54,124.602,0.344,35.597,-117.79526983333334,35.10534883333333,0.119140625,-0.30322265625,1.05712890625,Before Launch
125,2025-02-22 14:53:55,125.602,0.435,35.599,-1,-1,0.114990234375,-0.306884765625,1.05908203125,Before Launch
126,2025-02-22 14:53:56,126.603,0.59,35.612,-117.7952695,35.10534616666666,0.123291015625,-0.302978515625,1.059814453125,Before Launch
127,2025-02-22 14:53:57,127.602,0.356,35.607,-117.79527,35.105345666666665,0.11767578125,-0.310302734375,1.058837890625,Before Launch
128,2025-02-22 14:53:58,128.602,0.372,35.614,-117.79527033333333,35.10534533333333,0.1181640625,-0.3017578125,1.06201171875,Before Launch
129,2025-02-22 14:53:59,129.602,0.594,35.617,-117.79527033333333,35.10534716666667,0.1240234375,-0.308349609375,1.067626953125,Before Launch
130,2025-02-22 14:54:00,130.602,0.518,35.622,-1,-1,0.116455078125,-0.304931640625,1.06494140625,Before Launch
131,2025-02-22 14:54:01,131.602,0.673,35.634,-117.7952715,35.10535133333333,0.121826171875,-0.3046875,1.055419921875,Before Launch
132,2025-02-22 14:54:02,132.602,0.676,35.634,-117.79527083333333,35.105351,0.12451171875,-0.3037109375,1.062744140625,Before Launch
133,2025-02-22 14:54:03,133.602,0.609,35.634,-117.79527133333333,35.105353,0.117919921875,-0.306640625,1.0478515625,Before Launch
134,2025-02-22 14:54:04,134.603,0.588,35.642,-117.7952715,35.10535566666667,0.116943359375,-0.30615234375,1.0693359375,Before Launch
135,2025-02-22 14:54:05,135.602,0.379,35.639,-1,-1,0.12158203125,-0.305908203125,1.06103515625,Before Launch
136,2025-02-22 14:54:06,136.601,0.652,35.654,-117.7952715,35.105354,0.15576171875,-0.22705078125,1.184326171875,Before Launch
137,2025-02-22 14:54:07,137.601,0.607,35.659,-117.7952715,35.10535466666666,0.125732421875,-0.299072265625,1.074462890625,Before Launch
138,2025-02-22 14:54:08,138.602,0.394,35.664,-117.79526966666667,35.105355333333335,0.130126953125,-0.304443359375,1.07763671875,Before Launch
139,2025-02-22 14:54:09,139.603,0.382,35.667,-117.79526783333333,35.10535483333334,0.120849609375,-0.3056640625,1.059326171875,Before Launch
140,2025-02-22 14:54:10,140.603,0.458,35.674,-1,-1,0.11572265625,-0.298095703125,1.05029296875,Before Launch
141,2025-02-22 14:54:11,141.603,0.711,35.687,-117.79526666666666,35.10535316666667,0.118896484375,-0.283203125,1.064453125,Before Launch
142,2025-02-22 14:54:12,142.603,0.611,35.687,-117.7952655,35.105351,0.1220703125,-0.3115234375,1.062744140625,Before Launch
143,2025-02-22 14:54:13,143.602,0.41,35.687,-117.795263,35.10534833333333,0.12109375,-0.312255859375,1.04638671875,Before Launch
144,2025-02-22 14:54:14,144.602,0.244,35.699,-117.7952625,35.105348166666666,0.12353515625,-0.32763671875,1.072265625,Before Launch
145,2025-02-22 14:54:15,145.602,0.657,35.707,-1,-1,0.13818359375,-0.32275390625,1.0615234375,Before Launch
146,2025-02-22 14:54:16,146.601,0.338,35.717,-117.79525883333334,35.10534633333334,0.1220703125,-0.29638671875,1.06982421875,Before Launch
147,2025-02-22 14:54:17,147.601,0.608,35.714,-117.79525833333334,35.105345166666666,0.11962890625,-0.27587890625,1.06494140625,Before Launch
148,2025-02-22 14:54:18,148.602,0.667,35.719,-117.79525666666666,35.105344333333335,0.11669921875,-0.306640625,1.05517578125,Before Launch
149,2025-02-22 14:54:19,149.602,0.691,35.719,-117.79525533333333,35.10534216666667,0.128173828125,-0.308349609375,1.061279296875,Before Launch
150,2025-02-22 14:54:20,150.603,0.53,35.729,-1,-1,0.112548828125,-0.3125,1.054443359375,Before Launch
151,2025-02-22 14:54:21,151.603,0.704,35.742,-117.79525633333333,35.105341833333334,0.1240234375,-0.303466796875,1.057373046875,Before Launch
152,2025-02-22 14:54:22,152.603,0.68,35.737,-117.79525683333334,35.105339666666666,0.11669921875,-0.302490234375,1.0693359375,Before Launch
153,2025-02-22 14:54:23,153.603,0.583,35.737,-117.79525666666666,35.105340166666664,0.120849609375,-0.306396484375,1.061279296875,Before Launch
154,2025-02-22 14:54:24,154.601,0.665,35.742,-117.79525883333334,35.10534033333333,0.13623046875,-0.3359375,1.0546875,Before Launch
155,2025-02-22 14:54:25,155.603,0.607,35.747,-1,-1,0.111328125,-0.31298828125,1.03564453125,Before Launch
156,2025-02-22 14:54:26,156.604,0.343,35.764,-117.79525816666667,35.10534766666667,0.11083984375,-0.2939453125,1.061279296875,Before Launch
157,2025-02-22 14:54:27,157.603,0.708,35.764,-117.7952585,35.1053515,0.1328125,-0.32470703125,1.065185546875,Before Launch
158,2025-02-22 14:54:28,158.602,0.337,35.767,-117.79525883333334,35.105353,0.11083984375,-0.311767578125,1.074951171875,Before Launch
159,2025-02-22 14:54:29,159.602,0.59,35.771,-117.79526033333333,35.10534783333333,0.1220703125,-0.307861328125,1.06201171875,Before Launch
160,2025-02-22 14:54:30,160.602,0.772,35.777,-1,-1,0.120361328125,-0.30419921875,1.04931640625,Before Launch
161,2025-02-22 14:54:31,161.603,0.63,35.782,-117.79526183333333,35.105341333333335,0.120849609375,-0.30615234375,1.060791015625,Before Launch
162,2025-02-22 14:54:32,162.602,0.478,35.787,-117.79526333333334,35.105342666666665,0.127197265625,-0.311767578125,1.058349609375,Before Launch
163,2025-02-22 14:54:33,163.603,0.578,35.787,-117.7952645,35.10534466666667,0.117431640625,-0.298828125,1.046875,Before Launch
164,2025-02-22 14:54:34,164.602,0.168,35.789,-117.79526383333334,35.10534583333333,0.123046875,-0.31689453125,1.056640625,Before Launch
165,2025-02-22 14:54:35,165.601,0.193,35.802,-1,-1,0.120361328125,-0.302490234375,1.0693359375,Before Launch
166,2025-02-22 14:54:36,166.602,0.455,35.819,-117.795265,35.10534583333333,0.122802734375,-0.3056640625,1.0615234375,Before Launch
167,2025-02-22 14:54:37,167.603,0.421,35.806,-117.79526783333333,35.105345,0.115966796875,-0.309814453125,1.05322265625,Before Launch
168,2025-02-22 14:54:38,168.602,0.2,35.821,-117.79526666666666,35.10534233333333,0.120849609375,-0.3115234375,1.056884765625,Before Launch
169,2025-02-22 14:54:39,169.603,0.571,35.821,-117.79526766666666,35.10534033333333,0.11279296875,-0.3056640625,1.0595703125,Before Launch
170,2025-02-22 14:54:40,170.602,0.352,35.829,-1,-1,0.117919921875,-0.306884765625,1.0537109375,Before Launch
171,2025-02-22 14:54:41,171.603,0.194,35.841,-117.795264,35.10533366666667,0.116455078125,-0.313720703125,1.076904296875,Before Launch
172,2025-02-22 14:54:42,172.601,0.371,35.831,-117.795265,35.105329833333336,0.120361328125,-0.31103515625,1.057373046875,Before Launch
173,2025-02-22 14:54:43,173.602,0.28,35.846,-117.7952625,35.105331166666666,0.11572265625,-0.302734375,1.057373046875,Before Launch
174,2025-02-22 14:54:44,174.601,0.198,35.846,-117.7952645,35.105331666666665,0.126220703125,-0.320556640625,1.06396484375,Before Launch
175,2025-02-22 14:54:45,175.603,0.389,35.854,-1,-1,0.126220703125,-0.33642578125,1.058349609375,Before Launch
176,2025-02-22 14:54:46,176.601,0.332,35.876,-117.79526333333334,35.1053315,0.11279296875,-0.3212890625,1.029541015625,Before Launch
177,2025-02-22 14:54:47,177.602,0.593,35.866,-117.7952615,35.105328666666665,0.117431640625,-0.31494140625,1.07080078125,Before Launch
178,2025-02-22 14:54:48,178.603,0.363,35.869,-117.795263,35.105329166666664,0.138916015625,-0.317626953125,1.06396484375,Before Launch
179,2025-02-22 14:54:49,179.603,0.433,35.871,-117.79526766666666,35.1053305,0.12744140625,-0.30322265625,1.06494140625,Before Launch
180,2025-02-22 14:54:50,180.603,0.46,35.876,-1,-1,0.119873046875,-0.29931640625,1.05517578125,Before Launch
181,2025-02-22 14:54:51,181.602,0.324,35.891,-117.79526766666666,35.10533683333333,0.118408203125,-0.30517578125,1.0517578125,Before Launch
182,2025-02-22 14:54:52,182.602,0.412,35.894,-117.79526883333334,35.1053375,0.11767578125,-0.3076171875,1.048828125,Before Launch
183,2025-02-22 14:54:53,183.601,0.61,35.894,-117.79526666666666,35.105338,0.121337890625,-0.309814453125,1.065185546875,Before Launch
184,2025-02-22 14:54:54,184.603,0.456,35.901,-117.795266,35.10533983333333,0.122802734375,-0.30810546875,1.06591796875,Before Launch
185,2025-02-22 14:54:55,185.604,0.501,35.904,-1,-1,0.11962890625,-0.296630859375,1.0693359375,Before Launch
186,2025-02-22 14:54:56,186.604,0.465,35.916,-117.79526416666667,35.1053455,0.114990234375,-0.303955078125,1.05859375,Before Launch
187,2025-02-22 14:54:57,187.601,0.532,35.919,-117.7952675,35.10533783333333,0.1201171875,-0.30615234375,1.077392578125,Before Launch
188,2025-02-22 14:54:58,188.604,0.511,35.924,-117.795268,35.105337,0.122802734375,-0.298095703125,1.058349609375,Before Launch
189,2025-02-22 14:54:59,189.604,0.347,35.936,-117.79526683333333,35.10533916666667,0.11865234375,-0.308349609375,1.054931640625,Before Launch
190,2025-02-22 14:55:00,190.603,0.338,35.924,-1,-1,0.123779296875,-0.31201171875,1.05859375,Before Launch
191,2025-02-22 14:55:01,191.604,0.275,35.944,-117.79526516666667,35.105342666666665,0.118896484375,-0.3056640625,1.065673828125,Before Launch
192,2025-02-22 14:55:02,192.604,0.311,35.949,-117.79526466666667,35.105344,0.11865234375,-0.302490234375,1.049072265625,Before Launch
193,2025-02-22 14:55:03,193.605,0.397,35.944,-117.79526416666667,35.10534633333334,0.1171875,-0.3056640625,1.052734375,Before Launch
194,2025-02-22 14:55:04,194.603,0.664,35.964,-117.79526366666667,35.10534716666667,0.114013671875,-0.303466796875,1.060791015625,Before Launch
195,2025-02-22 14:55:05,195.605,0.549,35.961,-1,-1,0.1240234375,-0.3115234375,1.066162109375,Before Launch
196,2025-02-22 14:55:06,196.605,0.501,35.976,-117.7952615,35.105350666666666,0.117431640625,-0.307861328125,1.061767578125,Before Launch
197,2025-02-22 14:55:07,197.604,0.674,35.974,-117.795261,35.105352833333335,0.115234375,-0.30712890625,1.057861328125,Before Launch
198,2025-02-22 14:55:08,198.603,0.294,35.986,-117.79526,35.10535266666667,0.120849609375,-0.303955078125,1.064208984375,Before Launch
199,2025-02-22 14:55:09,199.605,0.292,35.986,-117.795259,35.10534966666667,0.121337890625,-0.305419921875,1.05322265625,Before Launch
200,2025-02-22 14:55:10,200.604,0.571,35.984,-1,-1,0.114990234375,-0.308349609375,1.061279296875,Before Launch
201,2025-02-22 14:55:11,201.605,0.292,36.004,-117.795258,35.105349,0.119873046875,-0.305908203125,1.060791015625,Before Launch
202,2025-02-22 14:55:12,202.604,0.453,36.001,-117.79525816666667,35.1053485,0.1142578125,-0.310791015625,1.0537109375,Before Launch
203,2025-02-22 14:55:13,203.605,0.338,36.011,-117.795259,35.10534583333333,0.12451171875,-0.299560546875,1.0546875,Before Launch
204,2025-02-22 14:55:14,204.604,0.32,36.011,-117.79525883333334,35.105346,0.1171875,-0.29833984375,1.057861328125,Before Launch
205,2025-02-22 14:55:15,205.603,0.406,36.016,-1,-1,0.1162109375,-0.3125,1.053466796875,Before Launch
206,2025-02-22 14:55:16,206.604,0.187,36.031,-117.7952605,35.105343166666664,0.11962890625,-0.30908203125,1.06494140625,Before Launch
207,2025-02-22 14:55:17,207.605,0.118,36.026,-117.79526066666666,35.105343833333336,0.119140625,-0.310302734375,1.056884765625,Before Launch
208,2025-02-22 14:55:18,208.604,0.291,36.031,-117.79525983333333,35.10534466666667,0.12255859375,-0.30224609375,1.05810546875,Before Launch
209,2025-02-22 14:55:19,209.604,0.334,36.044,-117.79525916666667,35.10534466666667,0.125732421875,-0.306640625,1.0625,Before Launch
210,2025-02-22 14:55:20,210.604,0.373,36.046,-1,-1,0.119140625,-0.2998046875,1.061767578125,Before Launch
211,2025-02-22 14:55:21,211.604,0.307,36.056,-117.79525683333334,35.105346,0.119140625,-0.308837890625,1.06103515625,Before Launch
212,2025-02-22 14:55:22,212.603,0.565,36.054,-117.795256,35.105346833333336,0.118896484375,-0.305908203125,1.06005859375,Before Launch
213,2025-02-22 14:55:23,213.604,0.378,36.058,-117.79525583333333,35.10534633333334,0.12255859375,-0.310791015625,1.057373046875,Before Launch
214,2025-02-22 14:55:24,214.605,0.408,36.063,-117.79525516666666,35.105347333333334,0.119140625,-0.3056640625,1.06201171875,Before Launch
215,2025-02-22 14:55:25,215.603,0.123,36.063,-1,-1,0.115234375,-0.304931640625,1.057373046875,Before Launch
216,2025-02-22 14:55:26,216.602,0.707,36.083,-117.79525433333333,35.10534766666667,0.119873046875,-0.30078125,1.077880859375,Before Launch
217,2025-02-22 14:55:27,217.604,0.442,36.081,-117.79525333333333,35.10534616666666,0.1220703125,-0.303466796875,1.056884765625,Before Launch
218,2025-02-22 14:55:28,218.604,0.573,36.088,-117.79525266666667,35.105344833333334,0.122802734375,-0.300048828125,1.060546875,Before Launch
219,2025-02-22 14:55:29,219.604,0.653,36.088,-117.79525233333334,35.105344333333335,0.109619140625,-0.306640625,1.05908203125,Before Launch
220,2025-02-22 14:55:30,220.604,0.619,36.096,-1,-1,0.119873046875,-0.302978515625,1.061767578125,Before Launch
221,2025-02-22 14:55:31,221.605,0.668,36.103,-117.7952515,35.10534366666667,0.12255859375,-0.30224609375,1.051025390625,Before Launch
222,2025-02-22 14:55:32,222.604,0.826,36.101,-117.79525166666667,35.105342666666665,0.1181640625,-0.307373046875,1.054443359375,Before Launch
223,2025-02-22 14:55:33,223.602,0.435,36.111,-117.79525283333334,35.105341333333335,0.1162109375,-0.3056640625,1.057373046875,Before Launch
224,2025-02-22 14:55:34,224.604,0.56,36.111,-117.79525316666667,35.10534066666666,0.1171875,-0.2998046875,1.05078125,Before Launch
225,2025-02-22 14:55:35,225.605,0.423,36.121,-1,-1,0.119873046875,-0.3076171875,1.058349609375,Before Launch
226,2025-02-22 14:55:36,226.604,0.381,36.133,-117.79525316666667,35.10534116666667,0.113525390625,-0.30322265625,1.061279296875,Before Launch
227,2025-02-22 14:55:37,227.604,0.697,36.136,-117.7952535,35.10534166666667,0.121337890625,-0.303955078125,1.07421875,Before Launch
228,2025-02-22 14:55:38,228.604,0.707,36.141,-117.79525433333333,35.10534116666667,0.117919921875,-0.30078125,1.060791015625,Before Launch
229,2025-02-22 14:55:39,229.605,0.558,36.138,-117.79525483333333,35.105341,0.1171875,-0.302001953125,1.07568359375,Before Launch
230,2025-02-22 14:55:40,230.604,0.78,36.141,-1,-1,0.1142578125,-0.302978515625,1.0576171875,Before Launch
231,2025-02-22 14:55:41,231.605,0.543,36.156,-117.79525566666666,35.10534033333333,0.1240234375,-0.307373046875,1.0751953125,Before Launch
232,2025-02-22 14:55:42,232.605,0.604,36.163,-117.79525666666666,35.10534066666666,0.119873046875,-0.307373046875,1.051513671875,Before Launch
233,2025-02-22 14:55:43,233.605,0.69,36.161,-117.795257,35.10533933333333,0.1181640625,-0.309814453125,1.0576171875,Before Launch
234,2025-02-22 14:55:44,234.602,0.52,36.171,-117.79525766666667,35.10533866666667,0.116455078125,-0.305908203125,1.05810546875,Before Launch
235,2025-02-22 14:55:45,235.604,0.435,36.186,-1,-1,0.140380859375,-0.310791015625,1.05810546875,Before Launch
236,2025-02-22 14:55:46,236.604,0.265,36.191,-117.7952565,35.105343166666664,0.109375,-0.303466796875,1.0654296875,Before Launch
237,2025-02-22 14:55:47,237.605,0.424,36.186,-117.7952565,35.105345166666666,0.116943359375,-0.3017578125,1.047119140625,Before Launch
238,2025-02-22 14:55:48,238.605,0.676,36.191,-117.7952565,35.105344833333334,0.1201171875,-0.30224609375,1.059814453125,Before Launch
239,2025-02-22 14:55:49,239.605,0.521,36.201,-117.7952565,35.10534466666667,0.11376953125,-0.3017578125,1.05126953125,Before Launch
240,2025-02-22 14:55:50,240.603,0.494,36.208,-1,-1,0.122314453125,-0.302001953125,1.058349609375,Before Launch
241,2025-02-22 14:55:51,241.604,0.452,36.213,-117.79525766666667,35.105345,0.1220703125,-0.31103515625,1.060791015625,Before Launch
242,2025-02-22 14:55:52,242.604,0.294,36.216,-117.7952565,35.1053475,0.119140625,-0.29345703125,1.06298828125,Before Launch
243,2025-02-22 14:55:53,243.605,0.243,36.216,-117.79525533333333,35.105348666666664,0.123291015625,-0.30517578125,1.069091796875,Before Launch
244,2025-02-22 14:55:54,244.605,0.273,36.221,-117.79525366666667,35.1053515,0.11962890625,-0.305908203125,1.054443359375,Before Launch
245,2025-02-22 14:55:55,245.602,0.207,36.228,-1,-1,0.123779296875,-0.3076171875,1.04931640625,Before Launch
246,2025-02-22 14:55:56,246.604,0.329,36.236,-117.79525183333334,35.105351166666665,0.119140625,-0.309814453125,1.0595703125,Before Launch
247,2025-02-22 14:55:57,247.605,0.456,36.241,-117.79525116666667,35.105353,0.11572265625,-0.302978515625,1.050537109375,Before Launch
248,2025-02-22 14:55:58,248.606,0.423,36.243,-117.7952505,35.10535316666667,0.1181640625,-0.30078125,1.0751953125,Before Launch
249,2025-02-22 14:55:59,249.605,0.247,36.251,-117.79525033333333,35.1053535,0.116943359375,-0.305419921875,1.0498046875,Before Launch
250,2025-02-22 14:56:00,250.605,0.169,36.253,-1,-1,0.12353515625,-0.303955078125,1.063720703125,Before Launch
251,2025-02-22 14:56:01,251.604,0.571,36.265,-117.79525066666666,35.10535333333333,0.118408203125,-0.306884765625,1.0498046875,Before Launch
252,2025-02-22 14:56:02,252.603,0.723,36.271,-117.79525016666666,35.105353,0.119384765625,-0.299560546875,1.057373046875,Before Launch
253,2025-02-22 14:56:03,253.605,0.595,36.268,-117.79525,35.1053535,0.121337890625,-0.30810546875,1.058349609375,Before Launch
254,2025-02-22 14:56:04,254.605,0.751,36.276,-117.7952485,35.10535516666667,0.117431640625,-0.310791015625,1.050048828125,Before Launch
255,2025-02-22 14:56:05,255.605,0.623,36.29,-1,-1,0.12060546875,-0.305908203125,1.05859375,Before Launch
256,2025-02-22 14:56:06,256.604,0.521,36.305,-117.79524883333333,35.10535,0.11865234375,-0.304931640625,1.051025390625,Before Launch
257,2025-02-22 14:56:07,257.605,0.724,36.298,-117.79524966666666,35.105348,0.115966796875,-0.302978515625,1.060302734375,Before Launch
258,2025-02-22 14:56:08,258.605,0.849,36.303,-117.7952505,35.10534633333334,0.110595703125,-0.3037109375,1.052001953125,Before Launch
259,2025-02-22 14:56:09,259.604,0.753,36.315,-117.79525183333334,35.105345,0.11328125,-0.3046875,1.050537109375,Before Launch
260,2025-02-22 14:56:10,260.605,0.804,36.315,-1,-1,0.11962890625,-0.304443359375,1.054443359375,Before Launch
261,2025-02-22 14:56:11,261.605,0.747,36.33,-117.79525116666667,35.10534416666667,0.119140625,-0.30615234375,1.053466796875,Before Launch
262,2025-02-22 14:56:12,262.604,0.808,36.335,-117.79525066666666,35.105343833333336,0.120849609375,-0.3017578125,1.066162109375,Before Launch
263,2025-02-22 14:56:13,263.604,0.827,36.338,-117.79524966666666,35.105343833333336,0.121826171875,-0.304931640625,1.05810546875,Before Launch
264,2025-02-22 14:56:14,264.605,0.812,36.343,-117.79524966666666,35.105344,0.118896484375,-0.305419921875,1.052490234375,Before Launch
265,2025-02-22 14:56:15,265.604,0.903,36.348,-1,-1,0.120849609375,-0.30419921875,1.05126953125,Before Launch
266,2025-02-22 14:56:16,266.604,0.461,36.36,-117.795248,35.105350666666666,0.110107421875,-0.301025390625,1.051025390625,Before Launch
267,2025-02-22 14:56:17,267.606,0.725,36.363,-117.795249,35.105349833333335,0.113525390625,-0.302978515625,1.0576171875,Before Launch
268,2025-02-22 14:56:18,268.605,0.603,36.37,-117.79524883333333,35.10534966666667,0.12744140625,-0.309814453125,1.0576171875,Before Launch
269,2025-02-22 14:56:19,269.605,0.604,36.375,-117.79525083333333,35.105349,0.118896484375,-0.302001953125,1.05859375,Before Launch
270,2025-02-22 14:56:20,270.605,0.786,36.375,-1,-1,0.121337890625,-0.304931640625,1.0537109375,Before Launch
271,2025-02-22 14:56:21,271.605,0.636,36.393,-117.79525066666666,35.10534783333333,0.116455078125,-0.30224609375,1.06787109375,Before Launch
272,2025-02-22 14:56:22,272.605,0.641,36.388,-117.79524966666666,35.1053475,0.110107421875,-0.3056640625,1.06396484375,Before Launch
273,2025-02-22 14:56:23,273.605,0.672,36.393,-117.79524766666667,35.105347333333334,0.1181640625,-0.303466796875,1.0615234375,Before Launch
274,2025-02-22 14:56:24,274.603,0.708,36.4,-117.79524816666667,35.10534766666667,0.120361328125,-0.306640625,1.0595703125,Before Launch
275,2025-02-22 14:56:25,275.606,0.484,36.403,-1,-1,0.11572265625,-0.296142578125,1.04736328125,Before Launch
276,2025-02-22 14:56:26,276.606,0.752,36.408,-117.79524866666667,35.105348,0.1220703125,-0.30517578125,1.06201171875,Before Launch
277,2025-02-22 14:56:27,277.605,0.594,36.415,-117.79524966666666,35.1053485,0.116455078125,-0.307861328125,1.050048828125,Before Launch
278,2025-02-22 14:56:28,278.604,0.476,36.423,-117.79525116666667,35.10535133333333,0.11865234375,-0.301025390625,1.05712890625,Before Launch
279,2025-02-22 14:56:29,279.606,0.549,36.428,-117.795251,35.1053535,0.1103515625,-0.30615234375,1.0556640625,Before Launch
280,2025-02-22 14:56:30,280.607,0.584,36.438,-1,-1,0.122314453125,-0.309326171875,1.0517578125,Before Launch
281,2025-02-22 14:56:31,281.606,0.374,36.45,-117.79524966666666,35.105354166666665,0.121826171875,-0.302490234375,1.061767578125,Before Launch
282,2025-02-22 14:56:32,282.606,0.739,36.448,-117.7952495,35.10535516666667,0.125732421875,-0.31103515625,1.059814453125,Before Launch
283,2025-02-22 14:56:33,283.605,0.435,36.453,-117.79524933333333,35.10535566666667,0.117431640625,-0.30810546875,1.05419921875,Before Launch
284,2025-02-22 14:56:34,284.604,0.424,36.463,-117.7952485,35.10535466666666,0.123046875,-0.30224609375,1.056396484375,Before Launch
285,2025-02-22 14:56:35,285.604,0.464,36.465,-1,-1,0.12353515625,-0.313720703125,1.0625,Before Launch
286,2025-02-22 14:56:36,286.606,0.376,36.478,-117.79525166666667,35.105354166666665,0.1220703125,-0.301513671875,1.073486328125,Before Launch
287,2025-02-22 14:56:37,287.605,0.631,36.48,-117.79525083333333,35.1053545,0.120361328125,-0.307373046875,1.061767578125,Before Launch
288,2025-02-22 14:56:38,288.605,0.489,36.475,-117.795248,35.105355333333335,0.119873046875,-0.296142578125,1.058349609375,Before Launch
289,2025-02-22 14:56:39,289.605,0.884,36.483,-117.7952475,35.105352833333335,0.116455078125,-0.30810546875,1.059326171875,Before Launch
290,2025-02-22 14:56:40,290.605,0.894,36.495,-1,-1,0.118896484375,-0.301025390625,1.060546875,Before Launch
291,2025-02-22 14:56:41,291.607,0.542,36.505,-117.79524466666666,35.10535,0.121337890625,-0.301025390625,1.050537109375,Before Launch
292,2025-02-22 14:56:42,292.604,0.685,36.497,-117.79524333333333,35.105351166666665,0.115966796875,-0.29541015625,1.03564453125,Before Launch
293,2025-02-22 14:56:43,293.606,0.552,36.507,-117.795243,35.105351166666665,0.098876953125,-0.30419921875,1.0380859375,Before Launch
294,2025-02-22 14:56:44,294.605,0.664,36.518,-117.79524266666667,35.1053505,0.119873046875,-0.3134765625,1.054443359375,Before Launch
295,2025-02-22 14:56:45,295.605,0.689,36.507,-1,-1,0.120849609375,-0.30859375,1.066162109375,Before Launch
296,2025-02-22 14:56:46,296.606,0.553,36.53,-117.79524316666667,35.10534633333334,0.12255859375,-0.304443359375,1.050537109375,Before Launch
297,2025-02-22 14:56:47,297.606,0.663,36.528,-117.79524316666667,35.10534716666667,0.11572265625,-0.29736328125,1.057373046875,Before Launch
298,2025-02-22 14:56:48,298.606,0.593,36.535,-117.79524333333333,35.10534466666667,0.08154296875,-0.332275390625,0.99169921875,Before Launch
299,2025-02-22 14:56:49,299.606,0.611,36.538,-117.79524183333334,35.105344333333335,0.103759765625,-0.300048828125,1.02685546875,Before Launch
300,2025-02-22 14:56:50,300.606,0.673,36.552,-1,-1,0.097412109375,-0.29296875,1.013427734375,Before Launch
301,2025-02-22 14:56:51,301.607,0.595,36.555,-117.79524383333333,35.1053425,0.115234375,-0.2978515625,1.04931640625,Before Launch
302,2025-02-22 14:56:52,302.606,0.631,36.555,-117.79524516666666,35.1053395,0.13037109375,-0.3154296875,1.08544921875,Before Launch
303,2025-02-22 14:56:53,303.605,0.732,36.562,-117.795247,35.105337166666665,0.1298828125,-0.300048828125,1.090087890625,Before Launch
304,2025-02-22 14:56:54,304.606,0.732,36.565,-117.79524533333333,35.10533433333333,0.124267578125,-0.302490234375,1.052734375,Before Launch
305,2025-02-22 14:56:55,305.606,0.386,36.58,-1,-1,0.113525390625,-0.308349609375,1.037353515625,Before Launch
306,2025-02-22 14:56:56,306.606,0.736,36.592,-117.7952445,35.105334,0.12060546875,-0.299560546875,1.05078125,Before Launch
307,2025-02-22 14:56:57,307.605,0.745,36.59,-117.79524683333334,35.105333,0.13916015625,-0.301025390625,1.047119140625,Before Launch
308,2025-02-22 14:56:58,308.606,0.654,36.592,-117.795246,35.105333333333334,0.116455078125,-0.3017578125,1.060791015625,Before Launch
309,2025-02-22 14:56:59,309.607,0.578,36.605,-117.79524516666666,35.10533216666666,0.120361328125,-0.303466796875,1.055419921875,Before Launch
310,2025-02-22 14:57:00,310.605,0.607,36.605,-1,-1,0.1162109375,-0.30517578125,1.059326171875,Before Launch
311,2025-02-22 14:57:01,311.606,0.562,36.622,-117.7952445,35.105330333333335,0.120849609375,-0.29833984375,1.072021484375,Before Launch
312,2025-02-22 14:57:02,312.605,0.516,36.627,-117.79524683333334,35.105328166666666,0.11572265625,-0.327880859375,1.042236328125,Before Launch
313,2025-02-22 14:57:03,313.606,0.821,36.627,-117.79524883333333,35.1053275,0.117919921875,-0.294921875,1.060546875,Before Launch
314,2025-02-22 14:57:04,314.604,0.784,36.635,-117.79524883333333,35.10532766666667,0.120361328125,-0.30908203125,1.053955078125,Before Launch
315,2025-02-22 14:57:05,315.605,0.904,36.64,-1,-1,0.12255859375,-0.302490234375,1.05615234375,Before Launch
316,2025-02-22 14:57:06,316.606,0.747,36.657,-117.79525133333334,35.1053245,0.124267578125,-0.3017578125,1.05322265625,Before Launch
317,2025-02-22 14:57:07,317.605,0.585,36.65,-117.795254,35.105324,0.114501953125,-0.3056640625,1.05078125,Before Launch
318,2025-02-22 14:57:08,318.606,0.747,36.657,-117.7952555,35.1053235,0.120849609375,-0.30419921875,1.052490234375,Before Launch
319,2025-02-22 14:57:09,319.606,0.635,36.665,-117.79525466666666,35.1053235,0.1220703125,-0.30224609375,1.06201171875,Before Launch
320,2025-02-22 14:57:10,320.606,0.605,36.665,-1,-1,0.1162109375,-0.29638671875,1.05859375,Before Launch
321,2025-02-22 14:57:11,321.604,0.776,36.68,-117.79525783333334,35.10532283333333,0.1142578125,-0.3056640625,1.054931640625,Before Launch
322,2025-02-22 14:57:12,322.606,0.512,36.685,-117.795259,35.10532383333334,0.122802734375,-0.30517578125,1.056884765625,Before Launch
323,2025-02-22 14:57:13,323.608,0.597,36.69,-117.795258,35.10532583333333,0.119873046875,-0.306396484375,1.05810546875,Before Launch
324,2025-02-22 14:57:14,324.607,0.491,36.695,-117.79525683333334,35.10532833333333,0.120849609375,-0.299072265625,1.054931640625,Before Launch
325,2025-02-22 14:57:15,325.605,0.607,36.697,-1,-1,0.12255859375,-0.2890625,1.05126953125,Before Launch
326,2025-02-22 14:57:16,326.606,0.602,36.712,-117.795259,35.10532883333333,0.123779296875,-0.29736328125,1.050537109375,Before Launch
327,2025-02-22 14:57:17,327.607,0.504,36.712,-117.79525883333334,35.10532933333333,0.119384765625,-0.302490234375,1.05126953125,Before Launch
328,2025-02-22 14:57:18,328.606,0.596,36.715,-117.79526,35.1053285,0.1171875,-0.304443359375,1.0458984375,Before Launch
329,2025-02-22 14:57:19,329.607,0.612,36.722,-117.79526083333333,35.1053265,0.117919921875,-0.310791015625,1.05078125,Before Launch
330,2025-02-22 14:57:20,330.606,0.499,36.727,-1,-1,0.11474609375,-0.298583984375,1.05908203125,Before Launch
331,2025-02-22 14:57:21,331.607,0.65,36.745,-117.79526316666667,35.10532516666667,0.1181640625,-0.308837890625,1.055419921875,Before Launch
332,2025-02-22 14:57:22,332.604,0.613,36.745,-117.79526383333334,35.1053235,0.12109375,-0.30126953125,1.06005859375,Before Launch
333,2025-02-22 14:57:23,333.607,0.568,36.754,-117.79526316666667,35.10532516666667,0.119873046875,-0.30419921875,1.061279296875,Before Launch
334,2025-02-22 14:57:24,334.606,0.638,36.754,-117.795261,35.105328166666666,0.12109375,-0.302978515625,1.047607421875,Before Launch
335,2025-02-22 14:57:25,335.607,0.635,36.757,-1,-1,0.12158203125,-0.30859375,1.05322265625,Before Launch
336,2025-02-22 14:57:26,336.608,0.81,36.764,-117.79525933333333,35.105331,0.09033203125,-0.29296875,1.041748046875,Before Launch
337,2025-02-22 14:57:27,337.607,0.71,36.774,-117.79525883333334,35.10533083333333,0.015380859375,-0.307861328125,1.04833984375,Before Launch
338,2025-02-22 14:57:28,338.606,0.865,36.779,-117.7952575,35.105330333333335,-0.08642578125,-0.28662109375,1.047119140625,Before Launch
339,2025-02-22 14:57:29,339.606,0.927,36.794,-117.79525633333333,35.10533316666667,-0.172119140625,-0.330322265625,1.032470703125,Before Launch
340,2025-02-22 14:57:30,340.608,0.833,36.794,-1,-1,-0.27734375,-0.27197265625,1.054931640625,Before Launch
341,2025-02-22 14:57:31,341.607,1.102,36.814,-117.7952545,35.105338333333336,-0.35009765625,-0.2890625,0.9931640625,Before Launch
342,2025-02-22 14:57:32,342.606,1.179,36.822,-117.7952545,35.10533816666667,-0.373046875,-0.2529296875,0.976806640625,Before Launch
343,2025-02-22 14:57:33,343.605,1.437,36.824,-117.79525483333333,35.10534066666666,-0.494873046875,-0.234375,0.922119140625,Before Launch
344,2025-02-22 14:57:34,344.606,1.324,36.837,-117.79525433333333,35.105343,-0.574462890625,-0.240966796875,0.853759765625,Before Launch
345,2025-02-22 14:57:35,345.607,1.455,36.852,-1,-1,-0.666015625,-0.236083984375,0.779052734375,Before Launch
346,2025-02-22 14:57:36,346.606,1.435,36.869,-117.79525416666667,35.10534716666667,-0.72705078125,-0.2197265625,0.757568359375,Before Launch
347,2025-02-22 14:57:37,347.607,1.654,36.859,-117.79525383333333,35.1053505,-0.741943359375,-0.17236328125,0.73095703125,Before Launch
348,2025-02-22 14:57:38,348.606,1.606,36.867,-117.79525216666667,35.10535266666667,-0.84814453125,-0.1689453125,0.644287109375,Before Launch
349,2025-02-22 14:57:39,349.607,1.494,36.872,-117.79525183333334,35.105354166666665,-0.956787109375,-0.15283203125,0.57568359375,Before Launch
350,2025-02-22 14:57:40,350.605,1.409,36.884,-1,-1,-0.972900390625,-0.162109375,0.5546875,Before Launch
351,2025-02-22 14:57:41,351.607,1.474,36.892,-117.79525066666666,35.10535733333333,-0.854736328125,-0.090087890625,0.311767578125,Before Launch
352,2025-02-22 14:57:42,352.607,1.501,36.884,-117.795248,35.105362,-0.87841796875,-0.121337890625,0.390625,Before Launch
353,2025-02-22 14:57:43,353.607,1.443,36.887,-117.79524333333333,35.10536316666666,-0.96240234375,-0.031494140625,0.149169921875,Before Launch
354,2025-02-22 14:57:44,354.605,1.784,36.894,-117.79524233333333,35.1053625,-0.965087890625,-0.041015625,0.16748046875,Before Launch
355,2025-02-22 14:57:45,355.607,1.508,36.904,-1,-1,-0.962646484375,-0.041748046875,0.1796875,Before Launch
356,2025-02-22 14:57:46,356.607,1.549,36.909,-117.79523833333333,35.105365166666665,-0.95458984375,-0.04443359375,0.1669921875,Before Launch
357,2025-02-22 14:57:47,357.606,1.463,36.904,-117.7952365,35.105364333333334,-0.97802734375,-0.039794921875,0.1533203125,Before Launch
358,2025-02-22 14:57:48,358.607,1.533,36.909,-117.79523216666666,35.10536316666666,-0.954345703125,-0.04296875,0.163818359375,Before Launch
359,2025-02-22 14:57:49,359.607,1.473,36.917,-117.79522916666667,35.10536416666667,-0.96533203125,-0.047119140625,0.160888671875,Before Launch
360,2025-02-22 14:57:50,360.607,1.464,36.917,-1,-1,-0.978759765625,0.03173828125,0.167724609375,Before Launch
361,2025-02-22 14:57:51,361.605,1.559,36.942,-117.79522016666667,35.1053655,-0.9814453125,0.002685546875,0.09814453125,Before Launch
362,2025-02-22 14:57:52,362.607,1.406,36.917,-117.7952165,35.105367666666666,-0.9658203125,-0.029296875,0.10693359375,Before Launch
363,2025-02-22 14:57:53,363.607,1.437,36.927,-117.7952145,35.1053685,-0.96435546875,-0.023193359375,0.1103515625,Before Launch
364,2025-02-22 14:57:54,364.607,1.696,36.929,-117.7952135,35.1053695,-0.96728515625,-0.025146484375,0.104248046875,Before Launch
365,2025-02-22 14:57:55,365.608,1.639,36.932,-1,-1,-0.966552734375,-0.025390625,0.108642578125,Before Launch
366,2025-02-22 14:57:56,366.608,1.369,36.952,-117.79521233333334,35.105369833333334,-0.984375,-0.02587890625,0.108642578125,Before Launch
367,2025-02-22 14:57:57,367.608,1.451,36.949,-117.79521083333333,35.10537166666667,-0.9677734375,-0.0224609375,0.109619140625,Before Launch
368,2025-02-22 14:57:58,368.608,1.724,36.949,-117.7952115,35.10537016666667,-0.9658203125,-0.025390625,0.10498046875,Before Launch
369,2025-02-22 14:57:59,369.607,1.496,36.952,-117.79521,35.10537133333333,-0.965576171875,-0.028076171875,0.099853515625,Before Launch
370,2025-02-22 14:58:00,370.607,1.384,36.954,-1,-1,-0.9599609375,-0.060791015625,0.1142578125,Before Launch
371,2025-02-22 14:58:01,371.607,1.434,36.964,-117.79520983333333,35.105369833333334,-0.97412109375,-0.013671875,0.096435546875,Before Launch
372,2025-02-22 14:58:02,372.605,1.536,36.964,-117.79521183333334,35.10536466666667,-0.969970703125,-0.02392578125,0.10302734375,Before Launch
373,2025-02-22 14:58:03,373.607,1.488,36.964,-117.79521166666666,35.105361,-0.9697265625,-0.032470703125,0.104248046875,Before Launch
374,2025-02-22 14:58:04,374.607,1.628,36.962,-117.79521333333334,35.1053575,-0.96337890625,-0.026123046875,0.106689453125,Before Launch
375,2025-02-22 14:58:05,375.607,1.68,36.969,-1,-1,-0.96240234375,-0.01904296875,0.10791015625,Before Launch
376,2025-02-22 14:58:06,376.608,1.688,36.979,-117.79521616666666,35.10535483333334,-0.960693359375,-0.01611328125,0.11083984375,Before Launch
377,2025-02-22 14:58:07,377.608,1.562,36.967,-117.79521566666666,35.105355,-0.9619140625,-0.025146484375,0.099609375,Before Launch
378,2025-02-22 14:58:08,378.606,1.592,36.974,-117.7952195,35.105356,-0.967529296875,-0.023681640625,0.103759765625,Before Launch
379,2025-02-22 14:58:09,379.607,1.611,36.979,-117.79522033333333,35.10535566666667,-0.98095703125,-0.019775390625,0.11083984375,Before Launch
380,2025-02-22 14:58:10,380.607,1.547,36.984,-1,-1,-0.965087890625,-0.025146484375,0.099853515625,Before Launch
381,2025-02-22 14:58:11,381.608,1.54,36.996,-117.7952255,35.105355833333334,-0.96875,-0.019287109375,0.0966796875,Before Launch
382,2025-02-22 14:58:12,382.607,1.597,36.984,-117.79522516666667,35.105358,-0.96630859375,-0.028564453125,0.101806640625,Before Launch
383,2025-02-22 14:58:13,383.605,1.49,36.984,-117.795223,35.105359,-0.982421875,-0.04638671875,0.104248046875,Before Launch
384,2025-02-22 14:58:14,384.606,1.524,36.994,-117.795223,35.10535816666667,-0.963134765625,-0.0263671875,0.10205078125,Before Launch
385,2025-02-22 14:58:15,385.607,1.646,36.996,-1,-1,-0.967529296875,-0.03369140625,0.096923828125,Before Launch
386,2025-02-22 14:58:16,386.607,1.645,37.004,-117.795221,35.105356,-0.95458984375,-0.04638671875,0.097900390625,Before Launch
387,2025-02-22 14:58:17,387.608,1.62,37.014,-117.79522466666667,35.1053535,-0.97216796875,-0.016357421875,0.085693359375,Before Launch
388,2025-02-22 14:58:18,388.607,1.599,36.999,-117.79522666666666,35.1053545,-0.960693359375,-0.005859375,0.113525390625,Before Launch
389,2025-02-22 14:58:19,389.606,1.458,37.009,-117.79522816666666,35.105353666666666,-0.964111328125,-0.012451171875,0.124755859375,Before Launch
390,2025-02-22 14:58:20,390.605,1.398,37.009,-1,-1,-0.968994140625,-0.033447265625,0.10107421875,Before Launch
391,2025-02-22 14:58:21,391.608,1.599,37.014,-117.79522466666667,35.105352333333336,-0.96923828125,-0.06591796875,0.083740234375,Before Launch
392,2025-02-22 14:58:22,392.608,1.742,37.019,-117.795227,35.105354166666665,-0.97265625,-0.032958984375,0.090576171875,Before Launch
393,2025-02-22 14:58:23,393.608,1.788,37.014,-117.795226,35.1053555,-0.962646484375,-0.028076171875,0.099609375,Before Launch
394,2025-02-22 14:58:24,394.605,1.706,37.016,-117.79522516666667,35.105355333333335,-0.967041015625,-0.011962890625,0.09814453125,Before Launch
395,2025-02-22 14:58:25,395.608,1.701,37.021,-1,-1,-0.979248046875,-0.027099609375,0.09521484375,Before Launch
396,2025-02-22 14:58:26,396.608,1.635,37.034,-117.795224,35.1053515,-0.97900390625,-0.025146484375,0.1103515625,Before Launch
397,2025-02-22 14:58:27,397.608,1.828,37.026,-117.79522466666667,35.1053525,-0.96728515625,-0.024169921875,0.099609375,Before Launch
398,2025-02-22 14:58:28,398.607,1.655,37.019,-117.79522383333334,35.1053515,-0.968994140625,-0.019287109375,0.094970703125,Before Launch
399,2025-02-22 14:58:29,399.607,1.588,37.026,-117.7952245,35.10534883333333,-0.970703125,-0.017578125,0.102294921875,Before Launch
400,2025-02-22 14:58:30,400.608,1.671,37.034,-1,-1,-0.964111328125,-0.02099609375,0.095703125,Before Launch
401,2025-02-22 14:58:31,401.607,1.62,37.044,-117.79522266666666,35.10534783333333,-0.961181640625,-0.022705078125,0.10302734375,Before Launch
402,2025-02-22 14:58:32,402.608,1.629,37.034,-117.79522016666667,35.105348666666664,-0.967529296875,-0.02587890625,0.103515625,Before Launch
403,2025-02-22 14:58:33,403.608,1.732,37.036,-117.79522116666666,35.10534533333333,-0.966064453125,-0.027587890625,0.118408203125,Before Launch
404,2025-02-22 14:58:34,404.607,1.695,37.041,-117.79522233333333,35.1053435,-0.96826171875,-0.02001953125,0.109375,Before Launch
405,2025-02-22 14:58:35,405.607,1.681,37.046,-1,-1,-0.96923828125,-0.02294921875,0.104736328125,Before Launch
406,2025-02-22 14:58:36,406.608,1.776,37.056,-117.79521966666667,35.10534583333333,-0.966796875,-0.019775390625,0.099853515625,Before Launch
407,2025-02-22 14:58:37,407.608,1.705,37.039,-117.79521616666666,35.1053485,-0.96484375,-0.02392578125,0.107421875,Before Launch
408,2025-02-22 14:58:38,408.608,1.66,37.046,-117.79521416666667,35.105350666666666,-0.969970703125,-0.0244140625,0.109375,Before Launch
409,2025-02-22 14:58:39,409.608,1.669,37.051,-117.79521233333334,35.10535333333333,-0.96533203125,-0.0234375,0.106201171875,Before Launch
410,2025-02-22 14:58:40,410.607,1.599,37.051,-1,-1,-0.959716796875,-0.0224609375,0.107666015625,Before Launch
411,2025-02-22 14:58:41,411.609,1.43,37.064,-117.79521666666666,35.1053545,-0.96826171875,-0.03125,0.1025390625,Before Launch
412,2025-02-22 14:58:42,412.606,1.639,37.056,-117.79521766666667,35.105355,-0.9658203125,-0.026123046875,0.10498046875,Before Launch
413,2025-02-22 14:58:43,413.608,1.658,37.054,-117.795217,35.1053555,-0.966552734375,-0.018310546875,0.099365234375,Before Launch
414,2025-02-22 14:58:44,414.607,1.497,37.056,-117.79521333333334,35.105355833333334,-0.954833984375,-0.027587890625,0.102783203125,Before Launch
415,2025-02-22 14:58:45,415.607,1.521,37.061,-1,-1,-0.982421875,-0.024658203125,0.109375,Before Launch
416,2025-02-22 14:58:46,416.608,1.613,37.071,-117.79521133333333,35.1053565,-0.968017578125,-0.01708984375,0.105712890625,Before Launch
417,2025-02-22 14:58:47,417.608,1.354,37.061,-117.79521083333333,35.105353666666666,-0.9658203125,-0.029052734375,0.099609375,Before Launch
418,2025-02-22 14:58:48,418.608,1.338,37.064,-117.79521083333333,35.105351666666664,-0.954833984375,-0.02587890625,0.10400390625,Before Launch
419,2025-02-22 14:58:49,419.607,1.43,37.066,-117.7952075,35.10535333333333,-0.960693359375,-0.027099609375,0.10791015625,Before Launch
420,2025-02-22 14:58:50,420.608,1.358,37.066,-1,-1,-0.968994140625,-0.029052734375,0.106689453125,Before Launch
421,2025-02-22 14:58:51,421.608,1.4,37.076,-117.79520766666667,35.1053545,-0.966796875,-0.02197265625,0.1064453125,Before Launch
422,2025-02-22 14:58:52,422.608,1.729,37.069,-117.7952105,35.1053535,-0.954345703125,-0.025390625,0.121337890625,Before Launch
423,2025-02-22 14:58:53,423.606,1.592,37.074,-117.7952135,35.1053515,-0.95458984375,-0.02685546875,0.11083984375,Before Launch
424,2025-02-22 14:58:54,424.608,1.562,37.044,-117.79521616666666,35.10535183333333,-0.96630859375,-0.021240234375,0.109130859375,Before Launch
425,2025-02-22 14:58:55,425.608,1.537,37.069,-1,-1,-0.966064453125,-0.02587890625,0.123291015625,Before Launch
426,2025-02-22 14:58:56,426.609,1.46,37.091,-117.795218,35.105349333333336,-0.96630859375,-0.026611328125,0.099853515625,Before Launch
427,2025-02-22 14:58:57,427.608,1.532,37.079,-117.7952175,35.1053515,-0.964599609375,-0.025634765625,0.109619140625,Before Launch
428,2025-02-22 14:58:58,428.608,1.669,37.084,-117.79521716666666,35.1053525,-0.953369140625,-0.0224609375,0.096435546875,Before Launch
429,2025-02-22 14:58:59,429.609,1.304,37.076,-117.795219,35.10535183333333,-0.975341796875,-0.02783203125,0.09423828125,Before Launch
430,2025-02-22 14:59:00,430.606,1.517,37.079,-1,-1,-0.967529296875,-0.027587890625,0.09912109375,Before Launch
431,2025-02-22 14:59:01,431.608,1.494,37.091,-117.79521333333334,35.10535766666667,-0.9716796875,-0.01708984375,0.10595703125,Before Launch
432,2025-02-22 14:59:02,432.608,1.563,37.084,-117.79521116666666,35.105358333333335,-0.966796875,-0.01708984375,0.10009765625,Before Launch
433,2025-02-22 14:59:03,433.608,1.596,37.089,-117.795211,35.10535483333334,-0.9716796875,-0.0244140625,0.095703125,Before Launch
434,2025-02-22 14:59:04,434.607,1.612,37.089,-117.79521516666667,35.105353666666666,-0.969970703125,-0.029052734375,0.104736328125,Before Launch
435,2025-02-22 14:59:05,435.607,1.552,37.094,-1,-1,-0.973388671875,-0.027099609375,0.119873046875,Before Launch
436,2025-02-22 14:59:06,436.608,1.555,37.104,-117.79522033333333,35.105357166666664,-0.9619140625,-0.02587890625,0.10546875,Before Launch
437,2025-02-22 14:59:07,437.608,1.418,37.099,-117.79522416666667,35.10535933333333,-0.969970703125,-0.02001953125,0.099365234375,Before Launch
438,2025-02-22 14:59:08,438.608,1.567,37.094,-117.79522166666666,35.10536033333333,-0.96923828125,-0.024658203125,0.11181640625,Before Launch
439,2025-02-22 14:59:09,439.607,1.536,37.104,-117.79521933333334,35.10536,-0.97119140625,-0.025634765625,0.1015625,Before Launch
440,2025-02-22 14:59:10,440.608,1.668,37.096,-1,-1,-0.96923828125,-0.029541015625,0.1083984375,Before Launch
441,2025-02-22 14:59:11,441.606,1.382,37.104,-117.795222,35.105357166666664,-0.964599609375,-0.025390625,0.09912109375,Before Launch
442,2025-02-22 14:59:12,442.607,1.704,37.106,-117.79521933333334,35.10535983333333,-0.96533203125,-0.025390625,0.12353515625,Before Launch
443,2025-02-22 14:59:13,443.609,1.504,37.104,-117.7952215,35.105359666666665,-0.96337890625,-0.025146484375,0.107421875,Before Launch
444,2025-02-22 14:59:14,444.607,1.728,37.109,-117.795225,35.10535633333333,-0.969970703125,-0.02587890625,0.100341796875,Before Launch
445,2025-02-22 14:59:15,445.607,1.677,37.104,-1,-1,-0.9638671875,-0.0224609375,0.105224609375,Before Launch
446,2025-02-22 14:59:16,446.609,1.447,37.106,-117.79522366666667,35.1053545,-0.98193359375,-0.021240234375,0.117431640625,Before Launch
447,2025-02-22 14:59:17,447.609,1.495,37.111,-117.79522333333334,35.105351166666665,-0.969482421875,-0.019775390625,0.10302734375,Before Launch
448,2025-02-22 14:59:18,448.608,1.495,37.111,-117.7952255,35.10535083333333,-0.982177734375,-0.0322265625,0.10546875,Before Launch
449,2025-02-22 14:59:19,449.608,1.453,37.116,-117.79522516666667,35.10535183333333,-0.971435546875,-0.023193359375,0.106201171875,Before Launch
450,2025-02-22 14:59:20,450.608,1.678,37.111,-1,-1,-0.97021484375,-0.026123046875,0.123291015625,Before Launch
451,2025-02-22 14:59:21,451.609,1.325,37.121,-117.79523083333333,35.1053515,-0.954833984375,-0.021728515625,0.110107421875,Before Launch
452,2025-02-22 14:59:22,452.606,1.569,37.121,-117.79523133333333,35.105351,-0.96533203125,-0.024658203125,0.098876953125,Before Launch
453,2025-02-22 14:59:23,453.608,1.398,37.114,-117.7952305,35.10534966666667,-0.95361328125,-0.022216796875,0.098388671875,Before Launch
454,2025-02-22 14:59:24,454.608,1.645,37.124,-117.79523166666667,35.10534666666667,-0.96728515625,-0.022705078125,0.11083984375,Before Launch
455,2025-02-22 14:59:25,455.609,1.322,37.116,-1,-1,-0.956298828125,-0.02294921875,0.102294921875,Before Launch
456,2025-02-22 14:59:26,456.61,1.549,37.134,-117.795235,35.1053435,-0.970947265625,-0.0283203125,0.09619140625,Before Launch
457,2025-02-22 14:59:27,457.609,1.544,37.121,-117.7952345,35.10534333333333,-0.955810546875,-0.02490234375,0.108154296875,Before Launch
458,2025-02-22 14:59:28,458.608,1.524,37.124,-117.79523216666666,35.1053445,-0.967529296875,-0.0224609375,0.101318359375,Before Launch
459,2025-02-22 14:59:29,459.607,1.356,37.124,-117.79523016666667,35.10534633333334,-0.964599609375,-0.0244140625,0.100341796875,Before Launch
460,2025-02-22 14:59:30,460.609,1.371,37.124,-1,-1,-0.96826171875,-0.01953125,0.104736328125,Before Launch
461,2025-02-22 14:59:31,461.609,1.534,37.134,-117.795228,35.105349,-0.968994140625,-0.02099609375,0.10546875,Before Launch
462,2025-02-22 14:59:32,462.609,1.585,37.126,-117.79523,35.105348666666664,-0.96875,-0.025146484375,0.1005859375,Before Launch
463,2025-02-22 14:59:33,463.607,1.432,37.124,-117.79523366666666,35.10534833333333,-0.966796875,-0.02587890625,0.10986328125,Before Launch
464,2025-02-22 14:59:34,464.608,1.366,37.126,-117.79523566666667,35.105348,-0.974853515625,-0.02685546875,0.098388671875,Before Launch
465,2025-02-22 14:59:35,465.609,1.594,37.126,-1,-1,-0.968994140625,-0.02294921875,0.104248046875,Before Launch
466,2025-02-22 14:59:36,466.609,1.792,37.136,-117.79523783333333,35.105348,-0.984375,-0.0244140625,0.097900390625,Before Launch
467,2025-02-22 14:59:37,467.609,1.661,37.131,-117.79523833333333,35.10534966666667,-0.96533203125,-0.025634765625,0.10595703125,Before Launch
468,2025-02-22 14:59:38,468.608,1.707,37.126,-117.79524033333334,35.105350333333334,-0.970458984375,-0.01904296875,0.101806640625,Before Launch
469,2025-02-22 14:59:39,469.609,1.914,37.126,-117.79524066666667,35.1053515,-0.973388671875,-0.02734375,0.10107421875,Before Launch
470,2025-02-22 14:59:40,470.606,1.701,37.129,-1,-1,-0.98193359375,-0.02685546875,0.1005859375,Before Launch
471,2025-02-22 14:59:41,471.609,1.677,37.134,-117.79524016666667,35.105349833333335,-0.967529296875,-0.0244140625,0.10009765625,Before Launch
472,2025-02-22 14:59:42,472.609,1.804,37.131,-117.79523533333334,35.10535016666667,-0.97412109375,-0.027099609375,0.102294921875,Before Launch
473,2025-02-22 14:59:43,473.609,1.534,37.131,-117.79523616666667,35.105350666666666,-0.969970703125,-0.019287109375,0.103271484375,Before Launch
474,2025-02-22 14:59:44,474.609,1.804,37.131,-117.79523633333334,35.10535016666667,-0.9697265625,-0.021484375,0.102294921875,Before Launch
475,2025-02-22 14:59:45,475.609,1.685,37.131,-1,-1,-0.965576171875,-0.019775390625,0.10546875,Before Launch
476,2025-02-22 14:59:46,476.61,1.504,37.139,-117.79523066666667,35.10534916666667,-0.968017578125,-0.0283203125,0.1015625,Before Launch
477,2025-02-22 14:59:47,477.609,1.792,37.136,-117.79522716666666,35.105348666666664,-0.96630859375,-0.022216796875,0.10205078125,Before Launch
478,2025-02-22 14:59:48,478.609,1.661,37.139,-117.79522916666667,35.10534833333333,-0.96875,-0.0166015625,0.10107421875,Before Launch
479,2025-02-22 14:59:49,479.609,1.458,37.144,-117.7952275,35.10534633333334,-0.967529296875,-0.02490234375,0.095458984375,Before Launch
480,2025-02-22 14:59:50,480.608,1.306,37.134,-1,-1,-0.9658203125,-0.01904296875,0.102783203125,Before Launch
481,2025-02-22 14:59:51,481.608,1.538,37.151,-117.79522683333333,35.10534116666667,-0.966064453125,-0.021728515625,0.103515625,Before Launch
482,2025-02-22 14:59:52,482.608,1.747,37.136,-117.79522283333333,35.105343166666664,-0.968017578125,-0.023681640625,0.10791015625,Before Launch
483,2025-02-22 14:59:53,483.608,1.692,37.141,-117.79522233333333,35.105343166666664,-0.95654296875,-0.019775390625,0.094482421875,Before Launch
484,2025-02-22 14:59:54,484.608,1.768,37.136,-117.7952245,35.1053435,-0.966796875,-0.025390625,0.099365234375,Before Launch
485,2025-02-22 14:59:55,485.609,1.807,37.134,-1,-1,-0.96337890625,-0.02587890625,0.106689453125,Before Launch
486,2025-02-22 14:59:56,486.608,1.705,37.139,-117.795229,35.105339666666666,-0.9697265625,-0.02685546875,0.103515625,Before Launch
487,2025-02-22 14:59:57,487.608,1.534,37.136,-117.79522833333333,35.1053405,-0.980712890625,-0.02587890625,0.099365234375,Before Launch
488,2025-02-22 14:59:58,488.608,1.665,37.146,-117.79522216666666,35.105344333333335,-0.98291015625,-0.02392578125,0.0986328125,Before Launch
489,2025-02-22 14:59:59,489.609,1.676,37.141,-117.79522183333333,35.105343166666664,-0.97021484375,-0.02880859375,0.100341796875,Before Launch
490,2025-02-22 15:00:00,490.608,1.68,37.144,-1,-1,-0.9677734375,-0.024169921875,0.10498046875,Before Launch
491,2025-02-22 15:00:01,491.609,1.34,37.151,-117.79521983333333,35.1053385,-0.9658203125,-0.028564453125,0.1064453125,Before Launch
492,2025-02-22 15:00:02,492.606,1.717,37.139,-117.79521883333334,35.105337,-0.972412109375,-0.022216796875,0.10888671875,Before Launch
493,2025-02-22 15:00:03,493.607,1.61,37.134,-117.79521216666667,35.105337166666665,-0.96728515625,-0.027587890625,0.1064453125,Before Launch
494,2025-02-22 15:00:04,494.61,1.771,37.139,-117.79521283333334,35.105335,-0.96875,-0.022705078125,0.12060546875,Before Launch
495,2025-02-22 15:00:05,495.609,1.753,37.141,-1,-1,-0.96826171875,-0.022216796875,0.099609375,Before Launch
496,2025-02-22 15:00:06,496.609,1.316,37.151,-117.79520833333333,35.105333333333334,-0.964111328125,-0.023681640625,0.105712890625,Before Launch
497,2025-02-22 15:00:07,497.609,1.448,37.154,-117.79520716666667,35.105334666666664,-0.98046875,-0.02587890625,0.1015625,Before Launch
498,2025-02-22 15:00:08,498.607,1.9,37.141,-117.795205,35.105336,-0.983154296875,-0.028564453125,0.1015625,Before Launch
499,2025-02-22 15:00:09,499.608,1.54,37.149,-117.7952045,35.1053375,-0.97412109375,-0.0185546875,0.109619140625,Before Launch
500,2025-02-22 15:00:10,500.61,1.568,37.146,-1,-1,-0.967529296875,-0.02197265625,0.115234375,Before Launch
501,2025-02-22 15:00:11,501.61,1.66,37.149,-117.79521016666666,35.10533383333333,-0.984375,-0.0263671875,0.0927734375,Before Launch
502,2025-02-22 15:00:12,502.608,1.634,37.149,-117.79520983333333,35.105334,-0.96826171875,-0.024658203125,0.106201171875,Before Launch
503,2025-02-22 15:00:13,503.609,1.635,37.134,-117.79521016666666,35.105336,-0.9658203125,-0.024658203125,0.10205078125,Before Launch
504,2025-02-22 15:00:14,504.609,1.966,37.141,-117.7952095,35.10533616666667,-0.962646484375,-0.022705078125,0.09423828125,Before Launch
505,2025-02-22 15:00:15,505.61,1.616,37.139,-1,-1,-0.969970703125,-0.02197265625,0.10400390625,Before Launch
506,2025-02-22 15:00:16,506.609,1.803,37.149,-117.79520366666667,35.10534416666667,-0.968505859375,-0.02734375,0.10595703125,Before Launch
507,2025-02-22 15:00:17,507.609,1.945,37.141,-117.79520216666667,35.10534666666667,-0.96240234375,-0.024658203125,0.1005859375,Before Launch
508,2025-02-22 15:00:18,508.609,1.319,37.146,-117.79520133333334,35.10534833333333,-0.96875,-0.02294921875,0.103515625,Before Launch
509,2025-02-22 15:00:19,509.609,1.386,37.144,-117.7951985,35.105350333333334,-0.967041015625,-0.024658203125,0.111572265625,Before Launch
510,2025-02-22 15:00:20,510.607,1.534,37.141,-1,-1,-0.967041015625,-0.023681640625,0.091796875,Before Launch
511,2025-02-22 15:00:21,511.609,1.675,37.144,-117.7952,35.10535266666667,-0.968505859375,-0.031982421875,0.10400390625,Before Launch
512,2025-02-22 15:00:22,512.609,1.422,37.144,-117.7951995,35.105353,-0.95458984375,-0.022216796875,0.082763671875,Before Launch
513,2025-02-22 15:00:23,513.608,1.507,37.146,-117.79519766666667,35.105351166666665,-0.97216796875,-0.02490234375,0.107177734375,Before Launch
514,2025-02-22 15:00:24,514.609,1.483,37.144,-117.79519816666667,35.105350666666666,-0.968017578125,-0.033203125,0.1171875,Before Launch
515,2025-02-22 15:00:25,515.609,1.692,37.139,-1,-1,-0.97705078125,-0.0283203125,0.1015625,Before Launch
516,2025-02-22 15:00:26,516.61,1.498,37.146,-117.7951945,35.10535216666667,-0.966064453125,-0.02587890625,0.100830078125,Before Launch
517,2025-02-22 15:00:27,517.609,1.647,37.139,-117.795195,35.105349,-0.955322265625,-0.020751953125,0.094482421875,Before Launch
518,2025-02-22 15:00:28,518.609,1.802,37.149,-117.79519566666667,35.10535183333333,-0.966064453125,-0.0234375,0.112548828125,Before Launch
519,2025-02-22 15:00:29,519.609,1.54,37.136,-117.79519766666667,35.1053525,-0.96435546875,-0.022705078125,0.10400390625,Before Launch
520,2025-02-22 15:00:30,520.609,1.616,37.134,-1,-1,-0.9814453125,-0.019775390625,0.109619140625,Before Launch
521,2025-02-22 15:00:31,521.608,1.736,37.146,-117.7951945,35.10535216666667,-0.96826171875,-0.02587890625,0.109619140625,Before Launch
522,2025-02-22 15:00:32,522.609,1.741,37.139,-117.7951905,35.10535133333333,-0.962646484375,-0.0263671875,0.093994140625,Before Launch
523,2025-02-22 15:00:33,523.609,1.64,37.136,-117.79519233333333,35.10534833333333,-0.953857421875,-0.029541015625,0.09521484375,Before Launch
524,2025-02-22 15:00:34,524.609,1.671,37.136,-117.79519583333334,35.10534916666667,-0.962890625,-0.019775390625,0.107666015625,Before Launch
525,2025-02-22 15:00:35,525.609,1.64,37.134,-1,-1,-0.966796875,-0.017822265625,0.11083984375,Before Launch
526,2025-02-22 15:00:36,526.608,1.73,37.139,-117.795201,35.105347333333334,-0.983154296875,-0.02880859375,0.10546875,Before Launch
527,2025-02-22 15:00:37,527.608,1.787,37.139,-117.7952035,35.105348166666666,-0.982177734375,-0.022216796875,0.10400390625,Before Launch
528,2025-02-22 15:00:38,528.607,1.784,37.136,-117.795208,35.105348166666666,-0.96826171875,-0.037109375,0.117919921875,Before Launch
529,2025-02-22 15:00:39,529.608,1.741,37.146,-117.795212,35.105351166666665,-0.967041015625,-0.0205078125,0.105712890625,Before Launch
530,2025-02-22 15:00:40,530.609,1.723,37.136,-1,-1,-0.96484375,-0.023193359375,0.1005859375,Before Launch
531,2025-02-22 15:00:41,531.609,1.59,37.151,-117.79521183333334,35.1053555,-0.96337890625,-0.018798828125,0.1103515625,Before Launch
532,2025-02-22 15:00:42,532.607,1.787,37.146,-117.79521333333334,35.10535466666666,-0.97314453125,-0.015380859375,0.103759765625,Before Launch
533,2025-02-22 15:00:43,533.609,1.661,37.134,-117.79521566666666,35.105352333333336,-0.966064453125,-0.0185546875,0.1064453125,Before Launch
534,2025-02-22 15:00:44,534.61,1.777,37.144,-117.79521333333334,35.10535383333333,-0.968017578125,-0.023193359375,0.10205078125,Before Launch
535,2025-02-22 15:00:45,535.609,1.784,37.134,-1,-1,-0.972900390625,-0.021240234375,0.104736328125,Before Launch
536,2025-02-22 15:00:46,536.61,1.839,37.146,-117.79521066666666,35.10535016666667,-0.979736328125,-0.024658203125,0.0986328125,Before Launch
537,2025-02-22 15:00:47,537.61,1.726,37.141,-117.79520916666667,35.10534783333333,-0.96923828125,-0.02587890625,0.105712890625,Before Launch
538,2025-02-22 15:00:48,538.61,1.412,37.136,-117.79520766666667,35.1053485,-0.968505859375,-0.0224609375,0.109130859375,Before Launch
539,2025-02-22 15:00:49,539.608,1.996,37.139,-117.7952065,35.105348,-0.966552734375,-0.03173828125,0.103515625,Before Launch
540,2025-02-22 15:00:50,540.61,1.799,37.139,-1,-1,-0.9716796875,-0.030029296875,0.10595703125,Before Launch
541,2025-02-22 15:00:51,541.61,1.827,37.146,-117.79520216666667,35.105345666666665,-0.964111328125,-0.020751953125,0.0966796875,Before Launch
542,2025-02-22 15:00:52,542.61,1.716,37.131,-117.795199,35.1053445,-0.956787109375,-0.0234375,0.10791015625,Before Launch
543,2025-02-22 15:00:53,543.612,1.713,37.129,-117.79519483333333,35.1053465,-0.96484375,-0.021240234375,0.10009765625,Before Launch
544,2025-02-22 15:00:54,544.611,1.545,37.134,-117.7951915,35.105349,-0.962158203125,-0.0205078125,0.105224609375,Before Launch
545,2025-02-22 15:00:55,545.611,1.868,37.131,-1,-1,-0.979736328125,-0.02490234375,0.107421875,Before Launch
546,2025-02-22 15:00:56,546.611,1.763,37.141,-117.79518766666666,35.10535183333333,-0.967041015625,-0.001953125,0.112548828125,Before Launch
547,2025-02-22 15:00:57,547.609,1.92,37.134,-117.79518716666666,35.10535266666667,-0.969482421875,-0.021240234375,0.107421875,Before Launch
548,2025-02-22 15:00:58,548.609,1.738,37.136,-117.79518633333333,35.105351666666664,-0.966552734375,-0.018310546875,0.106201171875,Before Launch
549,2025-02-22 15:00:59,549.609,1.488,37.129,-117.7951865,35.1053515,-0.9716796875,-0.025146484375,0.101318359375,Before Launch
550,2025-02-22 15:01:00,550.607,1.418,37.124,-1,-1,-0.96826171875,-0.02587890625,0.108642578125,Before Launch
551,2025-02-22 15:01:01,551.609,1.549,37.144,-117.7951885,35.10535266666667,-0.983642578125,-0.01904296875,0.103271484375,Before Launch
552,2025-02-22 15:01:02,552.609,1.509,37.134,-117.79518916666666,35.10535266666667,-0.965576171875,-0.0029296875,0.107666015625,Before Launch
553,2025-02-22 15:01:03,553.609,1.439,37.126,-117.79519066666667,35.10535316666667,-0.964111328125,-0.025390625,0.10595703125,Before Launch
554,2025-02-22 15:01:04,554.609,1.454,37.126,-117.79519316666666,35.10535516666667,-0.971923828125,-0.0224609375,0.108154296875,Before Launch
555,2025-02-22 15:01:05,555.608,1.712,37.131,-1,-1,-0.966064453125,-0.02001953125,0.105712890625,Before Launch
556,2025-02-22 15:01:06,556.609,1.518,37.144,-117.79519516666667,35.105353,-0.967529296875,-0.023193359375,0.100830078125,Before Launch
557,2025-02-22 15:01:07,557.609,1.412,37.121,-117.79519766666667,35.105353666666666,-0.9658203125,-0.0224609375,0.099365234375,Before Launch
558,2025-02-22 15:01:08,558.61,1.6,37.129,-117.79519783333333,35.105352833333335,-0.954345703125,-0.021240234375,0.101318359375,Before Launch
559,2025-02-22 15:01:09,559.609,1.63,37.129,-117.79519866666666,35.10535183333333,-0.9697265625,-0.022705078125,0.101806640625,Before Launch
560,2025-02-22 15:01:10,560.609,1.697,37.124,-1,-1,-0.96875,-0.0185546875,0.097900390625,Before Launch
561,2025-02-22 15:01:11,561.608,1.701,37.136,-117.795202,35.105352,-0.968994140625,-0.0302734375,0.103515625,Before Launch
562,2025-02-22 15:01:12,562.609,1.439,37.134,-117.795203,35.10535183333333,-0.970458984375,-0.022705078125,0.1005859375,Before Launch
563,2025-02-22 15:01:13,563.61,1.585,37.129,-117.7952035,35.10535183333333,-0.968017578125,-0.026611328125,0.09619140625,Before Launch
564,2025-02-22 15:01:14,564.61,1.672,37.129,-117.795205,35.105351666666664,-0.966796875,-0.026611328125,0.10107421875,Before Launch
565,2025-02-22 15:01:15,565.61,1.722,37.126,-1,-1,-0.966796875,-0.0263671875,0.094970703125,Before Launch
566,2025-02-22 15:01:16,566.61,1.713,37.129,-117.7952095,35.10535216666667,-0.964111328125,-0.015625,0.108642578125,Before Launch
567,2025-02-22 15:01:17,567.611,1.347,37.129,-117.7952105,35.1053515,-0.9638671875,-0.024658203125,0.099609375,Before Launch
568,2025-02-22 15:01:18,568.609,1.469,37.129,-117.79521666666666,35.105352,-0.968017578125,-0.02587890625,0.099853515625,Before Launch
569,2025-02-22 15:01:19,569.61,1.545,37.119,-117.79522166666666,35.1053505,-0.969482421875,-0.026611328125,0.103759765625,Before Launch
570,2025-02-22 15:01:20,570.609,1.63,37.119,-1,-1,-0.96630859375,-0.02392578125,0.10546875,Before Launch
571,2025-02-22 15:01:21,571.609,1.761,37.126,-117.79522516666667,35.1053475,-0.964111328125,-0.025634765625,0.0986328125,Before Launch
572,2025-02-22 15:01:22,572.61,1.52,37.109,-117.7952265,35.10534633333334,-0.95703125,-0.02294921875,0.11962890625,Before Launch
573,2025-02-22 15:01:23,573.61,1.566,37.116,-117.79522883333334,35.10534583333333,-0.962158203125,-0.0234375,0.095703125,Before Launch
574,2025-02-22 15:01:24,574.609,1.62,37.114,-117.79522983333334,35.105345666666665,-0.96337890625,-0.061279296875,0.1181640625,Before Launch
575,2025-02-22 15:01:25,575.608,1.529,37.116,-1,-1,-0.98388671875,-0.00830078125,0.0986328125,Before Launch
576,2025-02-22 15:01:26,576.61,1.387,37.119,-117.79523283333333,35.10534583333333,-0.961181640625,-0.033447265625,0.09765625,Before Launch
577,2025-02-22 15:01:27,577.61,1.635,37.116,-117.79523283333333,35.1053465,-0.964111328125,-0.02734375,0.100341796875,Before Launch
578,2025-02-22 15:01:28,578.61,1.565,37.106,-117.79523416666666,35.105346833333336,-0.9658203125,-0.02001953125,0.1171875,Before Launch
579,2025-02-22 15:01:29,579.607,1.246,37.109,-117.79523483333334,35.10534666666667,-0.9580078125,-0.024658203125,0.093994140625,Before Launch
580,2025-02-22 15:01:30,580.61,1.434,37.109,-1,-1,-0.956298828125,-0.01318359375,0.098876953125,Before Launch
581,2025-02-22 15:01:31,581.61,1.529,37.121,-117.795231,35.1053535,-0.9716796875,-0.032470703125,0.10888671875,Before Launch
582,2025-02-22 15:01:32,582.609,1.592,37.114,-117.7952285,35.105358833333334,-0.960693359375,-0.02490234375,0.109619140625,Before Launch
583,2025-02-22 15:01:33,583.609,1.732,37.104,-117.79522833333333,35.105361333333335,-0.967041015625,-0.02734375,0.11279296875,Before Launch
584,2025-02-22 15:01:34,584.609,1.753,37.104,-117.795228,35.1053645,-0.970703125,-0.023681640625,0.121337890625,Before Launch
585,2025-02-22 15:01:35,585.61,1.592,37.104,-1,-1,-0.966552734375,-0.021728515625,0.1005859375,Before Launch
586,2025-02-22 15:01:36,586.609,1.585,37.109,-117.79522916666667,35.10536233333333,-0.9716796875,-0.023681640625,0.101806640625,Before Launch
587,2025-02-22 15:01:37,587.611,1.936,37.114,-117.79522966666667,35.10536183333333,-0.96533203125,-0.02978515625,0.102783203125,Before Launch
588,2025-02-22 15:01:38,588.611,1.738,37.109,-117.79523166666667,35.1053615,-0.96484375,-0.024658203125,0.10009765625,Before Launch
589,2025-02-22 15:01:39,589.61,1.753,37.099,-117.79523083333333,35.10536233333333,-0.964111328125,-0.02294921875,0.096435546875,Before Launch
590,2025-02-22 15:01:40,590.608,1.859,37.104,-1,-1,-0.9697265625,-0.025390625,0.105712890625,Before Launch
591,2025-02-22 15:01:41,591.61,1.58,37.111,-117.79523183333333,35.105363,-0.97216796875,-0.02392578125,0.11279296875,Before Launch
592,2025-02-22 15:01:42,592.611,1.501,37.101,-117.79523,35.105362,-0.9658203125,-0.019287109375,0.10205078125,Before Launch
593,2025-02-22 15:01:43,593.611,1.793,37.101,-117.79522766666666,35.10536416666667,-0.964599609375,-0.028564453125,0.0986328125,Before Launch
594,2025-02-22 15:01:44,594.61,1.646,37.104,-117.79522516666667,35.1053655,-0.974609375,-0.024658203125,0.10302734375,Before Launch
595,2025-02-22 15:01:45,595.61,1.783,37.061,-1,-1,-0.967041015625,-0.023681640625,0.10498046875,Before Launch
596,2025-02-22 15:01:46,596.61,1.671,37.096,-117.79522016666667,35.1053625,-0.955078125,-0.02392578125,0.112060546875,Before Launch
597,2025-02-22 15:01:47,597.608,1.616,37.101,-117.79521666666666,35.105361333333335,-0.9658203125,-0.033203125,0.10400390625,Before Launch
598,2025-02-22 15:01:48,598.61,1.494,37.099,-117.7952175,35.105359,-0.96484375,-0.029052734375,0.107177734375,Before Launch
599,2025-02-22 15:01:49,599.61,1.676,37.101,-117.79521366666667,35.10536116666667,-0.955078125,-0.024169921875,0.104736328125,Before Launch
600,2025-02-22 15:01:50,600.61,1.485,37.099,-1,-1,-0.97119140625,-0.02294921875,0.105224609375,Before Launch
601,2025-02-22 15:01:51,601.609,1.464,37.099,-117.79521133333333,35.105362,-0.955810546875,-0.0205078125,0.094482421875,Before Launch
602,2025-02-22 15:01:52,602.609,1.722,37.094,-117.79521283333334,35.105360833333336,-0.972412109375,-0.009033203125,0.0947265625,Before Launch
603,2025-02-22 15:01:53,603.61,1.697,37.089,-117.79521416666667,35.1053615,-0.963623046875,0.000732421875,0.102294921875,Before Launch
604,2025-02-22 15:01:54,604.61,1.521,37.089,-117.795215,35.105362666666664,-0.96923828125,-0.027099609375,0.109375,Before Launch
605,2025-02-22 15:01:55,605.61,1.703,37.094,-1,-1,-0.960205078125,-0.01953125,0.102783203125,Before Launch
606,2025-02-22 15:01:56,606.609,1.501,37.106,-117.79521183333334,35.10536716666667,-0.965576171875,-0.016357421875,0.116455078125,Before Launch
607,2025-02-22 15:01:57,607.611,1.557,37.089,-117.7952115,35.105367,-0.96826171875,-0.03662109375,0.093994140625,Before Launch
608,2025-02-22 15:01:58,608.609,1.764,37.096,-117.795212,35.105368666666664,-0.96435546875,-0.02001953125,0.099609375,Before Launch
609,2025-02-22 15:01:59,609.611,1.642,37.086,-117.7952125,35.10537033333333,-0.968994140625,-0.024169921875,0.115478515625,Before Launch
610,2025-02-22 15:02:00,610.609,1.654,37.079,-1,-1,-0.984130859375,-0.022216796875,0.10888671875,Before Launch
611,2025-02-22 15:02:01,611.61,1.642,37.096,-117.795213,35.105371833333336,-0.96484375,-0.025634765625,0.102783203125,Before Launch
612,2025-02-22 15:02:02,612.611,1.627,37.091,-117.795206,35.105372333333335,-0.9677734375,-0.0224609375,0.101318359375,Before Launch
613,2025-02-22 15:02:03,613.611,1.821,37.084,-117.79520049999999,35.10537433333333,-0.954833984375,-0.0166015625,0.099365234375,Before Launch
614,2025-02-22 15:02:04,614.611,1.693,37.081,-117.79519816666667,35.10537733333334,-0.965087890625,-0.023681640625,0.101318359375,Before Launch
615,2025-02-22 15:02:05,615.609,1.444,37.076,-1,-1,-0.97021484375,-0.026123046875,0.1083984375,Before Launch
616,2025-02-22 15:02:06,616.611,1.393,37.084,-117.79520083333334,35.105375,-0.970458984375,-0.023193359375,0.105224609375,Before Launch
617,2025-02-22 15:02:07,617.611,1.322,37.086,-117.79520183333334,35.10537766666667,-0.9677734375,-0.01611328125,0.106201171875,Before Launch
618,2025-02-22 15:02:08,618.611,1.343,37.081,-117.79520316666667,35.105376666666665,-0.968994140625,-0.025146484375,0.103515625,Before Launch
619,2025-02-22 15:02:09,619.608,1.328,37.074,-117.79520433333333,35.105375,-0.95556640625,-0.026611328125,0.10205078125,Before Launch
620,2025-02-22 15:02:10,620.612,1.52,37.076,-1,-1,-0.983642578125,-0.02685546875,0.118408203125,Before Launch
621,2025-02-22 15:02:11,621.611,1.535,37.084,-117.79519216666667,35.105378,-0.964111328125,-0.030029296875,0.10107421875,Before Launch
622,2025-02-22 15:02:12,622.612,1.455,37.079,-117.795186,35.1053795,-0.96435546875,-0.027587890625,0.1025390625,Before Launch
623,2025-02-22 15:02:13,623.612,1.525,37.071,-117.79518183333333,35.105381,-0.96435546875,-0.021728515625,0.102783203125,Before Launch
624,2025-02-22 15:02:14,624.61,1.644,37.074,-117.79518016666667,35.105384,-0.967041015625,-0.02099609375,0.109619140625,Before Launch
625,2025-02-22 15:02:15,625.611,1.617,37.071,-1,-1,-0.969970703125,-0.0302734375,0.084716796875,Before Launch
626,2025-02-22 15:02:16,626.611,1.471,37.079,-117.79516833333334,35.105390666666665,-0.9677734375,-0.0185546875,0.10546875,Before Launch
627,2025-02-22 15:02:17,627.612,1.491,37.071,-117.79516633333333,35.1053915,-0.97265625,-0.02734375,0.09814453125,Before Launch
628,2025-02-22 15:02:18,628.61,1.464,37.074,-117.79517,35.105393,-0.962646484375,-0.02490234375,0.108154296875,Before Launch
629,2025-02-22 15:02:19,629.61,1.683,37.074,-117.7951715,35.105394,-0.966552734375,-0.025390625,0.09814453125,Before Launch
630,2025-02-22 15:02:20,630.608,1.619,37.069,-1,-1,-0.95849609375,-0.0244140625,0.104248046875,Before Launch
631,2025-02-22 15:02:21,631.611,1.647,37.076,-117.795174,35.1053965,-0.969482421875,-0.02880859375,0.108154296875,Before Launch
632,2025-02-22 15:02:22,632.612,1.643,37.069,-117.7951715,35.10539716666667,-0.968994140625,-0.025634765625,0.1044921875,Before Launch
633,2025-02-22 15:02:23,633.61,1.495,37.064,-117.79517566666667,35.105396666666664,-0.968017578125,-0.02392578125,0.099853515625,Before Launch
634,2025-02-22 15:02:24,634.611,1.5,37.064,-117.79517833333334,35.105395666666666,-0.968017578125,-0.022216796875,0.102294921875,Before Launch
635,2025-02-22 15:02:25,635.611,1.689,37.069,-1,-1,-0.9638671875,-0.029296875,0.101318359375,Before Launch
636,2025-02-22 15:02:26,636.612,1.464,37.074,-117.7951725,35.10539716666667,-0.970703125,-0.02294921875,0.1025390625,Before Launch
637,2025-02-22 15:02:27,637.609,1.415,37.066,-117.79517066666666,35.10539816666667,-0.9609375,-0.02294921875,0.104736328125,Before Launch
638,2025-02-22 15:02:28,638.61,1.537,37.059,-117.7951685,35.105396166666665,-0.97314453125,-0.02392578125,0.09423828125,Before Launch
639,2025-02-22 15:02:29,639.612,1.639,37.059,-117.79516616666666,35.10539716666667,-0.957763671875,-0.021484375,0.10546875,Before Launch
640,2025-02-22 15:02:30,640.612,1.439,37.059,-1,-1,-0.9736328125,-0.018798828125,0.10693359375,Before Launch
641,2025-02-22 15:02:31,641.612,1.525,37.071,-117.79516716666667,35.105399,-0.966796875,-0.023681640625,0.100830078125,Before Launch
642,2025-02-22 15:02:32,642.61,1.749,37.061,-117.79516966666667,35.105397333333336,-0.972900390625,-0.01904296875,0.10546875,Before Launch
643,2025-02-22 15:02:33,643.611,1.497,37.059,-117.79517033333333,35.105397,-0.96484375,-0.0166015625,0.10302734375,Before Launch
644,2025-02-22 15:02:34,644.612,1.628,37.059,-117.79517383333334,35.1053955,-0.972412109375,-0.016357421875,0.099609375,Before Launch
645,2025-02-22 15:02:35,645.612,1.283,37.061,-1,-1,-0.9833984375,-0.029296875,0.104248046875,Before Launch
646,2025-02-22 15:02:36,646.611,1.537,37.059,-117.7951735,35.105395,-0.969482421875,-0.022216796875,0.103759765625,Before Launch
647,2025-02-22 15:02:37,647.61,1.609,37.056,-117.79517366666667,35.105395666666666,-0.96337890625,-0.022705078125,0.1044921875,Before Launch
648,2025-02-22 15:02:38,648.609,1.317,37.059,-117.79517433333334,35.105393166666666,-0.9638671875,-0.02490234375,0.09716796875,Before Launch
649,2025-02-22 15:02:39,649.611,1.557,37.054,-117.79517233333334,35.10539333333333,-0.96875,-0.042724609375,0.099365234375,Before Launch
650,2025-02-22 15:02:40,650.61,1.487,37.046,-1,-1,-0.953369140625,-0.0234375,0.10693359375,Before Launch
651,2025-02-22 15:02:41,651.611,1.446,37.059,-117.795176,35.105391166666664,-0.968505859375,-0.022216796875,0.099853515625,Before Launch
652,2025-02-22 15:02:42,652.61,1.417,37.051,-117.7951765,35.1053895,-0.96630859375,-0.022705078125,0.099365234375,Before Launch
653,2025-02-22 15:02:43,653.611,1.45,37.051,-117.7951775,35.10539083333333,-0.96533203125,-0.023193359375,0.109619140625,Before Launch
654,2025-02-22 15:02:44,654.611,1.776,37.049,-117.7951775,35.10538916666667,-0.96728515625,-0.015380859375,0.12158203125,Before Launch
655,2025-02-22 15:02:45,655.611,1.614,37.051,-1,-1,-0.982666015625,-0.016845703125,0.1240234375,Before Launch
656,2025-02-22 15:02:46,656.612,1.222,37.064,-117.79519033333334,35.10538366666667,-0.961669921875,-0.025146484375,0.10693359375,Before Launch
657,2025-02-22 15:02:47,657.611,1.315,37.046,-117.79518883333333,35.1053845,-0.964111328125,-0.020263671875,0.109130859375,Before Launch
658,2025-02-22 15:02:48,658.61,1.623,37.034,-117.79518816666666,35.10538433333333,-0.96728515625,-0.02734375,0.10546875,Before Launch
659,2025-02-22 15:02:49,659.609,1.563,37.046,-117.79518866666666,35.105383833333335,-0.96484375,-0.02001953125,0.102294921875,Before Launch
660,2025-02-22 15:02:50,660.611,1.507,37.044,-1,-1,-0.984375,-0.020263671875,0.10205078125,Before Launch
661,2025-02-22 15:02:51,661.612,1.508,37.049,-117.7951885,35.1053835,-0.965087890625,-0.02783203125,0.104248046875,Before Launch
662,2025-02-22 15:02:52,662.61,1.392,37.046,-117.795194,35.10538183333333,-0.968017578125,-0.0234375,0.108642578125,Before Launch
663,2025-02-22 15:02:53,663.61,1.392,37.039,-117.79519416666666,35.10538316666667,-0.9677734375,-0.0166015625,0.106689453125,Before Launch
664,2025-02-22 15:02:54,664.611,1.629,37.041,-117.795195,35.10538533333333,-0.9736328125,-0.02685546875,0.106201171875,Before Launch
665,2025-02-22 15:02:55,665.612,1.524,37.039,-1,-1,-0.9541015625,-0.020263671875,0.106201171875,Before Launch
666,2025-02-22 15:02:56,666.609,1.483,37.041,-117.79519983333333,35.10538416666667,-0.972412109375,-0.02685546875,0.105224609375,Before Launch
667,2025-02-22 15:02:57,667.61,1.467,37.034,-117.79519933333333,35.105385166666665,-0.962646484375,-0.02392578125,0.093017578125,Before Launch
668,2025-02-22 15:02:58,668.611,1.71,37.029,-117.79520016666666,35.105382166666665,-0.9658203125,-0.00244140625,0.10302734375,Before Launch
669,2025-02-22 15:02:59,669.61,1.677,37.029,-117.79520283333333,35.1053795,-0.969482421875,-0.017333984375,0.103759765625,Before Launch
670,2025-02-22 15:03:00,670.609,1.482,37.034,-1,-1,-0.974609375,-0.00146484375,0.109619140625,Before Launch
671,2025-02-22 15:03:01,671.611,1.249,37.036,-117.795203,35.10537866666667,-0.9697265625,-0.02587890625,0.105224609375,Before Launch
672,2025-02-22 15:03:02,672.61,1.619,37.029,-117.79520333333333,35.10537883333333,-0.96923828125,-0.028076171875,0.10498046875,Before Launch
673,2025-02-22 15:03:03,673.61,1.458,37.024,-117.79520466666666,35.10537816666667,-0.96875,-0.02587890625,0.1044921875,Before Launch
674,2025-02-22 15:03:04,674.611,1.64,37.021,-117.79520316666667,35.105379,-0.965576171875,-0.02490234375,0.102294921875,Before Launch
675,2025-02-22 15:03:05,675.612,1.533,37.024,-1,-1,-0.966552734375,-0.019775390625,0.093017578125,Before Launch
676,2025-02-22 15:03:06,676.612,1.783,37.031,-117.7952045,35.105378333333334,-0.963623046875,-0.0185546875,0.10400390625,Before Launch
677,2025-02-22 15:03:07,677.61,1.88,37.021,-117.79520316666667,35.105379,-0.96875,-0.02197265625,0.101806640625,Before Launch
678,2025-02-22 15:03:08,678.611,1.783,37.024,-117.79520333333333,35.10537683333333,-0.96875,-0.026123046875,0.101318359375,Before Launch
679,2025-02-22 15:03:09,679.61,1.813,37.016,-117.79520616666667,35.10537083333333,-0.98046875,-0.02294921875,0.110595703125,Before Launch
680,2025-02-22 15:03:10,680.611,1.852,37.021,-1,-1,-0.980224609375,-0.010498046875,0.109619140625,Before Launch
681,2025-02-22 15:03:11,681.611,1.573,37.026,-117.79520883333333,35.10536883333333,-0.966552734375,-0.0185546875,0.1083984375,Before Launch
682,2025-02-22 15:03:12,682.611,1.393,37.019,-117.79521283333334,35.1053665,-0.9658203125,-0.02294921875,0.10888671875,Before Launch
683,2025-02-22 15:03:13,683.611,1.773,37.014,-117.79521716666666,35.1053645,-0.97314453125,-0.03466796875,0.1005859375,Before Launch
684,2025-02-22 15:03:14,684.611,1.697,37.019,-117.795216,35.1053645,-0.971923828125,-0.026123046875,0.097412109375,Before Launch
685,2025-02-22 15:03:15,685.61,1.736,37.019,-1,-1,-0.968505859375,-0.023681640625,0.104736328125,Before Launch
686,2025-02-22 15:03:16,686.611,1.518,37.021,-117.79521366666667,35.10536666666667,-0.968994140625,-0.019775390625,0.099609375,Before Launch
687,2025-02-22 15:03:17,687.611,1.523,37.019,-117.79521483333333,35.10536716666667,-0.964111328125,-0.020751953125,0.10791015625,Before Launch
688,2025-02-22 15:03:18,688.609,1.581,37.016,-117.79521466666667,35.105371166666664,-0.9697265625,-0.01953125,0.1015625,Before Launch
689,2025-02-22 15:03:19,689.611,1.574,37.014,-117.79522216666666,35.105369333333336,-0.97119140625,-0.019287109375,0.101318359375,Before Launch
690,2025-02-22 15:03:20,690.61,1.555,37.004,-1,-1,-0.96533203125,-0.029296875,0.11083984375,Before Launch
691,2025-02-22 15:03:21,691.611,1.545,37.021,-117.79522716666666,35.1053715,-0.96923828125,-0.029052734375,0.10791015625,Before Launch
692,2025-02-22 15:03:22,692.611,1.763,37.004,-117.79522583333333,35.105373666666665,-0.969970703125,-0.021728515625,0.107177734375,Before Launch
693,2025-02-22 15:03:23,693.611,1.433,37.006,-117.79522616666667,35.10537216666667,-0.969482421875,-0.021240234375,0.10595703125,Before Launch
694,2025-02-22 15:03:24,694.611,1.932,36.999,-117.79522783333333,35.105374833333336,-0.96630859375,-0.020751953125,0.09912109375,Before Launch
695,2025-02-22 15:03:25,695.61,1.509,36.994,-1,-1,-0.966552734375,-0.024658203125,0.10498046875,Before Launch
696,2025-02-22 15:03:26,696.612,1.645,37.006,-117.795225,35.10537733333334,-0.9638671875,-0.0283203125,0.10205078125,Before Launch
697,2025-02-22 15:03:27,697.611,1.485,36.996,-117.7952235,35.1053765,-0.970703125,-0.02197265625,0.0986328125,Before Launch
698,2025-02-22 15:03:28,698.611,1.728,36.991,-117.795225,35.1053765,-0.96435546875,-0.0234375,0.103271484375,Before Launch
699,2025-02-22 15:03:29,699.609,1.409,36.991,-117.79522666666666,35.10537766666667,-0.980712890625,-0.016845703125,0.099609375,Before Launch
700,2025-02-22 15:03:30,700.612,1.369,36.994,-1,-1,-0.96826171875,-0.028564453125,0.100341796875,Before Launch
701,2025-02-22 15:03:31,701.612,1.489,37.002,-117.7952285,35.10537433333333,-0.9677734375,-0.019775390625,0.09912109375,Before Launch
702,2025-02-22 15:03:32,702.611,1.6,36.987,-117.79522416666667,35.1053755,-0.963134765625,-0.0224609375,0.100341796875,Before Launch
703,2025-02-22 15:03:33,703.61,1.551,36.991,-117.79522483333334,35.10537883333333,-0.964599609375,-0.022705078125,0.108154296875,Before Launch
704,2025-02-22 15:03:34,704.611,1.52,36.987,-117.79522816666666,35.10537933333333,-0.96533203125,-0.0234375,0.09912109375,Before Launch
705,2025-02-22 15:03:35,705.612,1.654,36.977,-1,-1,-0.9658203125,-0.022216796875,0.109375,Before Launch
706,2025-02-22 15:03:36,706.609,1.479,36.989,-117.795227,35.10538283333333,-0.97216796875,-0.0224609375,0.104248046875,Before Launch
707,2025-02-22 15:03:37,707.611,1.663,36.984,-117.79522566666667,35.10538433333333,-0.968994140625,-0.02587890625,0.1240234375,Before Launch
708,2025-02-22 15:03:38,708.611,1.739,36.984,-117.795224,35.1053855,-0.969970703125,-0.0234375,0.094482421875,Before Launch
709,2025-02-22 15:03:39,709.611,1.511,36.981,-117.7952235,35.10538733333333,-0.964599609375,-0.017578125,0.103271484375,Before Launch
710,2025-02-22 15:03:40,710.612,1.592,36.977,-1,-1,-0.9716796875,-0.04541015625,0.088134765625,Before Launch
711,2025-02-22 15:03:41,711.613,1.551,36.989,-117.79521933333334,35.105392,-0.97265625,-0.0205078125,0.10302734375,Before Launch
712,2025-02-22 15:03:42,712.612,1.705,36.979,-117.79522266666666,35.105390166666666,-0.96875,-0.02392578125,0.1025390625,Before Launch
713,2025-02-22 15:03:43,713.612,1.663,36.969,-117.79522133333333,35.1053895,-0.966552734375,-0.0185546875,0.113525390625,Before Launch
714,2025-02-22 15:03:44,714.612,1.769,36.969,-117.79522133333333,35.1053915,-0.969482421875,-0.026123046875,0.106201171875,Before Launch
715,2025-02-22 15:03:45,715.612,1.659,36.974,-1,-1,-0.967041015625,-0.029541015625,0.10400390625,Before Launch
716,2025-02-22 15:03:46,716.612,1.684,36.974,-117.795214,35.10539466666667,-0.965087890625,-0.027099609375,0.11181640625,Before Launch
717,2025-02-22 15:03:47,717.61,1.598,36.964,-117.79520816666667,35.10539766666667,-0.968017578125,-0.025146484375,0.111083984375,Before Launch
718,2025-02-22 15:03:48,718.613,1.683,36.964,-117.79520733333334,35.10539716666667,-0.96630859375,-0.028564453125,0.109619140625,Before Launch
719,2025-02-22 15:03:49,719.613,1.689,36.959,-117.79520383333333,35.105397333333336,-0.966796875,-0.0283203125,0.101806640625,Before Launch
720,2025-02-22 15:03:50,720.613,1.512,36.962,-1,-1,-0.968017578125,-0.027587890625,0.10205078125,Before Launch
721,2025-02-22 15:03:51,721.614,1.501,36.959,-117.7952035,35.10539633333333,-0.9638671875,-0.026611328125,0.10009765625,Before Launch
722,2025-02-22 15:03:52,722.613,1.567,36.954,-117.79520066666667,35.105396666666664,-0.964111328125,-0.0341796875,0.106689453125,Before Launch
723,2025-02-22 15:03:53,723.612,1.542,36.954,-117.7952015,35.105396166666665,-0.98291015625,-0.030517578125,0.109375,Before Launch
724,2025-02-22 15:03:54,724.612,1.791,36.954,-117.7952025,35.10539516666667,-0.96630859375,-0.023681640625,0.1083984375,Before Launch
725,2025-02-22 15:03:55,725.613,1.724,36.947,-1,-1,-0.973388671875,-0.021484375,0.10693359375,Before Launch
726,2025-02-22 15:03:56,726.613,1.604,36.959,-117.79520116666667,35.105397833333335,-0.95556640625,-0.0234375,0.098876953125,Before Launch
727,2025-02-22 15:03:57,727.613,1.995,36.947,-117.795199,35.105398666666666,-0.978759765625,-0.021240234375,0.101806640625,Before Launch
728,2025-02-22 15:03:58,728.611,1.63,36.937,-117.79519933333333,35.10539833333333,-0.971435546875,-0.024658203125,0.1005859375,Before Launch
729,2025-02-22 15:03:59,729.612,1.65,36.937,-117.7951985,35.1053975,-0.9638671875,-0.024658203125,0.1015625,Before Launch
730,2025-02-22 15:04:00,730.612,1.614,36.934,-1,-1,-0.96484375,-0.025390625,0.108642578125,Before Launch
731,2025-02-22 15:04:01,731.613,1.67,36.939,-117.795193,35.10539883333333,-0.962890625,-0.024169921875,0.10595703125,Before Launch
732,2025-02-22 15:04:02,732.613,1.568,36.947,-117.7951925,35.1053995,-0.969970703125,-0.020751953125,0.10595703125,Before Launch
733,2025-02-22 15:04:03,733.613,1.681,36.939,-117.79518983333334,35.105402166666664,-0.96337890625,-0.020751953125,0.10595703125,Before Launch
734,2025-02-22 15:04:04,734.612,1.501,36.927,-117.795189,35.10540266666667,-0.970458984375,-0.02197265625,0.10791015625,Before Launch
735,2025-02-22 15:04:05,735.61,1.58,36.929,-1,-1,-0.96875,-0.0205078125,0.10302734375,Before Launch
736,2025-02-22 15:04:06,736.613,1.705,36.939,-117.79518716666666,35.105404,-0.96826171875,-0.0224609375,0.121826171875,Before Launch
737,2025-02-22 15:04:07,737.613,1.738,36.922,-117.79518783333333,35.10540433333333,-0.965576171875,-0.022216796875,0.102294921875,Before Launch
738,2025-02-22 15:04:08,738.612,1.707,36.917,-117.79518666666667,35.105405,-0.97412109375,-0.025634765625,0.10693359375,Before Launch
739,2025-02-22 15:04:09,739.611,1.616,36.914,-117.79518666666667,35.105404666666665,-0.956298828125,-0.018798828125,0.10205078125,Before Launch
740,2025-02-22 15:04:10,740.613,1.238,36.914,-1,-1,-0.969482421875,-0.019775390625,0.101806640625,Before Launch
741,2025-02-22 15:04:11,741.613,1.513,36.919,-117.795183,35.1054045,-0.973388671875,-0.021240234375,0.10693359375,Before Launch
742,2025-02-22 15:04:12,742.612,1.454,36.912,-117.7951835,35.105401666666666,-0.964111328125,-0.021240234375,0.105712890625,Before Launch
743,2025-02-22 15:04:13,743.613,1.417,36.907,-117.79518,35.105401666666666,-0.955078125,-0.022705078125,0.106201171875,Before Launch
744,2025-02-22 15:04:14,744.613,1.393,36.909,-117.79518283333333,35.105398,-0.958251953125,-0.02001953125,0.094970703125,Before Launch
745,2025-02-22 15:04:15,745.613,1.63,36.909,-1,-1,-0.967529296875,-0.020263671875,0.10498046875,Before Launch
746,2025-02-22 15:04:16,746.61,1.594,36.917,-117.79517983333334,35.105402,-0.966796875,-0.02490234375,0.106201171875,Before Launch
747,2025-02-22 15:04:17,747.613,1.813,36.904,-117.79517783333333,35.105403333333335,-0.98291015625,-0.022705078125,0.105224609375,Before Launch
748,2025-02-22 15:04:18,748.612,1.584,36.904,-117.79517716666666,35.10540433333333,-0.964111328125,-0.02490234375,0.104248046875,Before Launch
749,2025-02-22 15:04:19,749.613,1.656,36.902,-117.795174,35.10540483333333,-0.963623046875,-0.02490234375,0.097900390625,Before Launch
750,2025-02-22 15:04:20,750.611,1.696,36.894,-1,-1,-0.968994140625,-0.0263671875,0.09912109375,Before Launch
751,2025-02-22 15:04:21,751.612,1.828,36.902,-117.7951785,35.1054045,-0.964111328125,-0.026123046875,0.10400390625,Before Launch
752,2025-02-22 15:04:22,752.613,1.87,36.889,-117.795179,35.1054045,-0.9716796875,-0.030517578125,0.10400390625,Before Launch
753,2025-02-22 15:04:23,753.613,1.677,36.887,-117.79517583333333,35.105405833333336,-0.95361328125,-0.01953125,0.1005859375,Before Launch
754,2025-02-22 15:04:24,754.613,1.617,36.892,-117.79517433333334,35.10540683333333,-0.96875,-0.021240234375,0.1005859375,Before Launch
755,2025-02-22 15:04:25,755.612,1.591,36.884,-1,-1,-0.968017578125,-0.022216796875,0.100830078125,Before Launch
756,2025-02-22 15:04:26,756.613,1.362,36.892,-117.79517083333333,35.105413,-0.96533203125,-0.02734375,0.103515625,Before Launch
757,2025-02-22 15:04:27,757.611,1.562,36.884,-117.79517266666667,35.105413666666664,-0.966064453125,-0.016357421875,0.109375,Before Launch
758,2025-02-22 15:04:28,758.613,1.488,36.882,-117.79517466666667,35.105412,-0.969970703125,-0.0244140625,0.109619140625,Before Launch
759,2025-02-22 15:04:29,759.614,1.57,36.879,-117.79517783333333,35.105412666666666,-0.956298828125,-0.025390625,0.1064453125,Before Launch
760,2025-02-22 15:04:30,760.613,1.369,36.874,-1,-1,-0.965087890625,-0.029052734375,0.106201171875,Before Launch
761,2025-02-22 15:04:31,761.614,1.549,36.889,-117.79518116666667,35.105412666666666,-0.95751953125,-0.0302734375,0.09033203125,Before Launch
762,2025-02-22 15:04:32,762.612,2.559,36.872,-117.79516966666667,35.10541116666667,-2.0,-0.175537109375,0.453125,Before Launch
763,2025-02-22 15:04:33,763.617,39.251,36.879,-117.79511866666667,35.105424166666666,-2.0,-0.1728515625,0.47021484375,Before Launch
764,2025-02-22 15:04:34,764.611,139.067,36.864,-117.79508233333334,35.10543416666667,-2.0,-0.082763671875,0.2802734375,During Launch
765,2025-02-22 15:04:35,765.62,364.775,36.854,-1,-1,0.566650390625,0.0771484375,-0.124755859375,During Launch
766,2025-02-22 15:04:36,766.576,463.492,36.867,0.0,0.0,0.44140625,0.047607421875,-0.01806640625,During Launch
767,2025-02-22 15:04:37,767.576,608.678,36.857,0.0,0.0,0.39111328125,0.0205078125,0.017578125,During Launch
768,2025-02-22 15:04:38,768.576,747.448,36.849,0.0,0.0,0.292236328125,0.026611328125,0.029541015625,During Launch
769,2025-02-22 15:04:39,769.578,874.057,36.847,0.0,0.0,0.292724609375,-0.037109375,0.06005859375,During Launch
770,2025-02-22 15:04:40,770.577,1031.221,36.832,-1,-1,0.248779296875,0.011474609375,0.000732421875,During Launch
771,2025-02-22 15:04:41,771.578,1090.903,36.847,0.0,0.0,0.20849609375,-0.018310546875,0.035888671875,During Launch
772,2025-02-22 15:04:42,772.577,1183.007,36.834,0.0,0.0,0.15576171875,0.008544921875,0.04833984375,During Launch
773,2025-02-22 15:04:43,773.58,1262.322,36.829,0.0,0.0,0.128173828125,0.04296875,0.052001953125,During Launch
774,2025-02-22 15:04:44,774.581,1332.342,36.827,0.0,0.0,0.082763671875,-0.009521484375,0.086181640625,During Launch
775,2025-02-22 15:04:45,775.581,1411.701,36.817,-1,-1,0.077880859375,0.008056640625,0.07080078125,During Launch
776,2025-02-22 15:04:46,776.582,1439.713,36.819,0.0,0.0,0.0595703125,-0.01025390625,0.075927734375,During Launch
777,2025-02-22 15:04:47,777.615,1478.705,36.817,-117.79517683333333,35.1055365,0.046630859375,-0.00927734375,0.0859375,During Launch
778,2025-02-22 15:04:48,778.619,1507.93,36.812,-117.79520416666666,35.10554783333333,0.051513671875,-0.010986328125,0.084228515625,During Launch
779,2025-02-22 15:04:49,779.62,1526.902,36.802,-117.795233,35.105523833333336,0.03955078125,-0.00830078125,0.090576171875,During Launch
780,2025-02-22 15:04:50,780.627,1537.589,36.797,-1,-1,0.052490234375,0.00048828125,0.11279296875,During Launch
781,2025-02-22 15:04:51,781.626,1537.221,36.804,-1,-1,-2.0,-2.0,-1.98443603515625,During Launch
782,2025-02-22 15:04:52,782.62,1536.515,37.219,-117.795335,35.10541416666667,1.232666015625,-1.14794921875,-1.986328125,During Launch
783,2025-02-22 15:04:53,783.618,1516.44,37.089,-117.79534683333333,35.10542516666667,-0.22412109375,0.31982421875,0.154296875,During Launch
784,2025-02-22 15:04:54,784.635,1501.401,37.074,-117.795356,35.105407,1.16162109375,1.71923828125,-0.973876953125,During Launch
785,2025-02-22 15:04:55,785.626,1466.904,37.071,-1,-1,1.952392578125,1.4716796875,-0.844970703125,During Launch
786,2025-02-22 15:04:56,786.616,1456.495,37.089,-117.7953845,35.10532633333333,-0.139892578125,0.06640625,0.05126953125,During Launch
787,2025-02-22 15:04:57,787.618,1453.46,37.086,-117.79543566666666,35.105253833333336,1.99993896484375,-2.0,1.7099609375,During Launch
788,2025-02-22 15:04:58,788.619,1440.204,37.076,-117.79546483333333,35.1051935,0.26220703125,-0.670654296875,-0.6611328125,During Launch
789,2025-02-22 15:04:59,789.622,1433.861,37.076,-117.79548833333334,35.105124833333335,0.43896484375,-0.7666015625,-1.6962890625,During Launch
790,2025-02-22 15:05:00,790.62,1423.851,37.069,-1,-1,1.15283203125,-1.188232421875,-0.77587890625,During Launch
791,2025-02-22 15:05:01,791.62,1419.552,37.091,-117.79542883333333,35.10511266666666,0.400390625,0.4501953125,-0.60888671875,During Launch
792,2025-02-22 15:05:02,792.619,1413.814,37.079,-117.79534816666667,35.10508033333333,0.664794921875,0.015869140625,-0.887939453125,During Launch
793,2025-02-22 15:05:03,793.621,1406.498,37.084,-117.79521216666667,35.105066666666666,1.012939453125,0.68115234375,-0.728515625,During Launch
794,2025-02-22 15:05:04,794.621,1398.352,37.074,-117.79515283333333,35.10501983333333,0.71826171875,0.3232421875,-0.446533203125,During Launch
795,2025-02-22 15:05:05,795.62,1388.186,37.074,-1,-1,1.11181640625,0.226318359375,0.4892578125,During Launch
796,2025-02-22 15:05:06,796.62,1383.432,37.084,-117.79508733333333,35.104992,0.9580078125,0.1474609375,0.19921875,During Launch
797,2025-02-22 15:05:07,797.618,1375.479,37.064,-117.79506666666667,35.104971666666664,1.059814453125,-0.104736328125,-0.203125,During Launch
798,2025-02-22 15:05:08,798.619,1367.932,37.069,-117.795045,35.10493833333334,1.083251953125,-0.18798828125,-0.155029296875,During Launch
799,2025-02-22 15:05:09,799.62,1360.578,37.056,-117.79501016666667,35.1049125,0.872802734375,-0.094970703125,0.0458984375,During Launch
800,2025-02-22 15:05:10,800.621,1350.276,37.054,-1,-1,1.141845703125,0.20458984375,0.080810546875,During Launch
801,2025-02-22 15:05:11,801.621,1346.783,37.069,-117.79492816666666,35.10488766666667,0.996826171875,0.116455078125,-0.173095703125,During Launch
802,2025-02-22 15:05:12,802.62,1339.447,37.054,-117.79490933333334,35.1048795,1.08544921875,0.009033203125,0.1103515625,During Launch
803,2025-02-22 15:05:13,803.621,1331.114,37.044,-117.79491016666667,35.10486783333333,0.980224609375,-0.14404296875,0.0498046875,During Launch
804,2025-02-22 15:05:14,804.618,1323.564,37.049,-117.79490483333333,35.104854333333336,1.151123046875,0.022216796875,0.03125,During Launch
805,2025-02-22 15:05:15,805.62,1313.123,37.044,-1,-1,0.89990234375,0.148193359375,0.095703125,During Launch
806,2025-02-22 15:05:16,806.62,1308.992,37.046,-117.79491516666667,35.104799166666666,1.06689453125,0.070556640625,-0.18896484375,During Launch
807,2025-02-22 15:05:17,807.623,1300.219,37.044,-117.7949335,35.10475383333333,1.021240234375,-0.031494140625,-0.1943359375,During Launch
808,2025-02-22 15:05:18,808.621,1292.26,37.046,-117.79494416666667,35.10470316666667,1.113525390625,0.06640625,-0.133056640625,During Launch
809,2025-02-22 15:05:19,809.622,1284.91,37.036,-117.79493533333333,35.10465466666667,0.964599609375,0.164306640625,0.013916015625,During Launch
810,2025-02-22 15:05:20,810.622,1273.309,37.031,-1,-1,1.086181640625,-0.009765625,0.102294921875,During Launch
811,2025-02-22 15:05:21,811.622,1269.173,37.041,-117.79488733333334,35.104564,1.04248046875,0.010009765625,0.157470703125,During Launch
812,2025-02-22 15:05:22,812.621,1260.881,37.031,-117.7948655,35.10452516666667,1.02783203125,0.0595703125,0.092529296875,During Launch
813,2025-02-22 15:05:23,813.621,1253.448,37.031,-117.79485283333334,35.1044865,1.11572265625,0.083740234375,0.0458984375,During Launch
814,2025-02-22 15:05:24,814.62,1246.228,37.021,-117.7948365,35.104445,1.001220703125,0.0234375,0.0224609375,During Launch
815,2025-02-22 15:05:25,815.62,1235.083,37.012,-1,-1,1.09033203125,-0.005615234375,0.052734375,During Launch
816,2025-02-22 15:05:26,816.621,1230.331,37.014,-117.79475383333333,35.104390333333335,1.056884765625,0.031005859375,0.037353515625,During Launch
817,2025-02-22 15:05:27,817.621,1221.686,36.989,-117.79471283333334,35.104379333333334,1.135009765625,0.06005859375,0.105712890625,During Launch
818,2025-02-22 15:05:28,818.621,1212.967,36.994,-117.79468316666667,35.10435116666667,0.9599609375,0.1279296875,0.091552734375,During Launch
819,2025-02-22 15:05:29,819.621,1205.127,36.996,-117.79465616666667,35.10430133333333,1.205078125,0.11181640625,-0.20849609375,During Launch
820,2025-02-22 15:05:30,820.62,1194.657,36.974,-1,-1,0.838134765625,0.05615234375,-0.19140625,During Launch
821,2025-02-22 15:05:31,821.62,1190.384,36.984,-117.794615,35.10426183333333,1.066162109375,-0.15869140625,-0.220703125,During Launch
822,2025-02-22 15:05:32,822.619,1180.78,36.962,-117.79459566666667,35.10426533333333,0.9794921875,0.18359375,-0.111572265625,During Launch
823,2025-02-22 15:05:33,823.62,1172.797,36.957,-117.79456816666666,35.10424833333333,1.065673828125,-0.092041015625,0.01806640625,During Launch
824,2025-02-22 15:05:34,824.622,1164.241,36.957,-117.79454516666667,35.1042055,1.0556640625,-0.05322265625,0.05908203125,During Launch
825,2025-02-22 15:05:35,825.622,1151.103,36.919,-1,-1,1.07080078125,-0.0927734375,-0.16943359375,During Launch
826,2025-02-22 15:05:36,826.62,1145.813,36.929,-117.794549,35.10409466666667,1.0400390625,0.092041015625,-0.12060546875,During Launch
827,2025-02-22 15:05:37,827.621,1136.897,36.919,-117.79455933333334,35.104047666666666,0.952392578125,0.0390625,-0.063720703125,During Launch
828,2025-02-22 15:05:38,828.621,1128.168,36.884,-117.79456666666667,35.104005666666666,1.1328125,0.03173828125,-0.0068359375,During Launch
829,2025-02-22 15:05:39,829.623,1118.969,36.914,-117.7945775,35.103958166666665,0.9814453125,0.03759765625,-0.07470703125,During Launch
830,2025-02-22 15:05:40,830.623,1105.922,36.904,-1,-1,1.13720703125,0.064208984375,-0.076416015625,During Launch
831,2025-02-22 15:05:41,831.621,1100.671,36.899,-117.7946335,35.103857,1.029541015625,0.056640625,-0.111328125,During Launch
832,2025-02-22 15:05:42,832.622,1090.48,36.889,-117.79466616666667,35.10380883333333,1.075927734375,0.0791015625,-0.0537109375,During Launch
833,2025-02-22 15:05:43,833.622,1081.366,36.884,-117.79469083333333,35.10376216666667,1.047607421875,0.025634765625,-0.02099609375,During Launch
834,2025-02-22 15:05:44,834.622,1072.244,36.882,-117.79471916666667,35.1037165,1.143798828125,0.0615234375,-0.1123046875,During Launch
835,2025-02-22 15:05:45,835.622,1061.055,36.859,-1,-1,0.979248046875,0.095703125,-0.011474609375,During Launch
836,2025-02-22 15:05:46,836.621,1055.11,36.864,-117.79481283333334,35.103645666666665,1.108154296875,0.04345703125,-0.043212890625,During Launch
837,2025-02-22 15:05:47,837.62,1046.204,36.844,-117.79486266666666,35.103613833333334,0.98876953125,0.026123046875,0.020751953125,During Launch
838,2025-02-22 15:05:48,838.622,1037.387,36.842,-117.79490466666667,35.10357833333333,1.14892578125,-0.018798828125,0.043212890625,During Launch
839,2025-02-22 15:05:49,839.621,1029.215,36.834,-117.79494083333333,35.103545,0.90771484375,0.015625,0.068115234375,During Launch
840,2025-02-22 15:05:50,840.621,1017.207,36.819,-1,-1,1.155029296875,-0.02392578125,0.081787109375,During Launch
841,2025-02-22 15:05:51,841.622,1012.7,36.829,-117.794994,35.103480166666664,0.9609375,-0.126953125,0.1064453125,During Launch
842,2025-02-22 15:05:52,842.621,1004.603,36.807,-117.794991,35.103446,1.08251953125,0.11474609375,0.08349609375,During Launch
843,2025-02-22 15:05:53,843.62,996.693,36.792,-117.795002,35.103406666666665,1.04296875,0.162353515625,0.033447265625,During Launch
844,2025-02-22 15:05:54,844.62,988.779,36.782,-117.79503866666667,35.103365833333335,1.158935546875,-0.01953125,-0.043212890625,During Launch
845,2025-02-22 15:05:55,845.623,977.098,36.77,-1,-1,0.923583984375,-0.097900390625,-0.17138671875,During Launch
846,2025-02-22 15:05:56,846.621,972.43,36.774,-117.79508316666667,35.10329483333334,1.015380859375,0.08203125,0.095947265625,During Launch
847,2025-02-22 15:05:57,847.621,963.75,36.752,-117.79507616666666,35.103258333333336,1.121337890625,-0.118896484375,0.027587890625,During Launch
848,2025-02-22 15:05:58,848.62,955.046,36.737,-117.79506883333333,35.103224166666664,1.125732421875,-0.02294921875,-0.065185546875,During Launch
849,2025-02-22 15:05:59,849.621,947.12,36.722,-117.7950695,35.103208333333335,0.960205078125,-0.0380859375,-0.078857421875,During Launch
850,2025-02-22 15:06:00,850.62,935.899,36.712,-1,-1,1.155517578125,-0.0478515625,-0.123046875,During Launch
851,2025-02-22 15:06:01,851.623,931.223,36.722,-117.79509433333334,35.10321866666666,1.05224609375,-0.102294921875,-0.006591796875,During Launch
852,2025-02-22 15:06:02,852.621,925.22,36.7,-117.79510016666667,35.103198,1.18310546875,0.060546875,0.07763671875,During Launch
853,2025-02-22 15:06:03,853.622,917.134,36.702,-117.79510516666667,35.103153166666665,1.080810546875,0.026611328125,0.004638671875,During Launch
854,2025-02-22 15:06:04,854.622,908.588,36.695,-117.795116,35.1031045,0.990478515625,-0.072998046875,-0.04052734375,During Launch
855,2025-02-22 15:06:05,855.619,897.165,36.682,-1,-1,0.968505859375,0.005126953125,0.00048828125,During Launch
856,2025-02-22 15:06:06,856.622,892.81,36.685,-117.795142,35.10305566666667,0.909912109375,0.0029296875,-0.093017578125,During Launch
857,2025-02-22 15:06:07,857.622,884.667,36.677,-117.7951495,35.10303566666666,1.022216796875,0.022705078125,-0.030517578125,During Launch
858,2025-02-22 15:06:08,858.621,877.394,36.66,-117.79515916666666,35.1030105,1.083984375,0.010498046875,-0.038818359375,During Launch
859,2025-02-22 15:06:09,859.621,870.0,36.65,-117.79516266666667,35.10298516666667,1.15771484375,-0.100830078125,-0.09033203125,During Launch
860,2025-02-22 15:06:10,860.62,859.312,36.64,-1,-1,1.044677734375,0.026611328125,0.034912109375,During Launch
861,2025-02-22 15:06:11,861.619,854.506,36.655,-117.79514233333333,35.10297416666667,1.073486328125,-0.08056640625,-0.08642578125,During Launch
862,2025-02-22 15:06:12,862.621,846.901,36.627,-117.79514016666667,35.102984,1.005859375,0.034423828125,-0.20849609375,During Launch
863,2025-02-22 15:06:13,863.622,839.452,36.62,-117.79516,35.102999833333335,1.04052734375,0.09130859375,-0.060791015625,During Launch
864,2025-02-22 15:06:14,864.621,832.486,36.6,-117.79520366666667,35.10301833333333,1.08740234375,-0.00537109375,-0.074462890625,During Launch
865,2025-02-22 15:06:15,865.622,821.404,36.607,-1,-1,1.098388671875,-0.002197265625,-0.056640625,During Launch
866,2025-02-22 15:06:16,866.619,817.208,36.612,-117.79531033333333,35.10304266666667,1.061279296875,-0.01806640625,-0.0146484375,During Launch
867,2025-02-22 15:06:17,867.622,810.151,36.585,-117.79535533333333,35.10304266666667,1.139892578125,0.0244140625,-0.032958984375,During Launch
868,2025-02-22 15:06:18,868.621,802.961,36.58,-117.79540066666667,35.10303916666667,0.986572265625,0.02099609375,-0.021240234375,During Launch
869,2025-02-22 15:06:19,869.621,795.842,36.57,-117.79545116666667,35.10303283333333,1.105224609375,0.02294921875,-0.005859375,During Launch
870,2025-02-22 15:06:20,870.622,786.149,36.552,-1,-1,0.975341796875,0.05029296875,0.0205078125,During Launch
871,2025-02-22 15:06:21,871.622,781.901,36.557,-117.79555766666667,35.1030055,1.07421875,0.084716796875,0.074462890625,During Launch
872,2025-02-22 15:06:22,872.621,775.267,36.532,-117.79559433333333,35.10298216666666,1.019775390625,0.06982421875,0.0908203125,During Launch
873,2025-02-22 15:06:23,873.619,767.51,36.532,-117.79561666666666,35.102958666666666,1.062255859375,0.00634765625,-0.01220703125,During Launch
874,2025-02-22 15:06:24,874.621,759.894,36.522,-117.795629,35.1029455,1.000244140625,-0.023193359375,0.01025390625,During Launch
875,2025-02-22 15:06:25,875.621,749.092,36.52,-1,-1,1.07666015625,-0.019287109375,0.0263671875,During Launch
876,2025-02-22 15:06:26,876.622,744.963,36.52,-117.79564183333333,35.102922166666666,0.99951171875,0.037353515625,0.045654296875,During Launch
877,2025-02-22 15:06:27,877.62,737.868,36.522,-117.7956405,35.102910333333334,1.2021484375,0.0224609375,0.0068359375,During Launch
878,2025-02-22 15:06:28,878.62,731.344,36.5,-117.795635,35.10291816666667,0.959228515625,-0.04150390625,0.073974609375,During Launch
879,2025-02-22 15:06:29,879.621,724.471,36.503,-117.79563666666667,35.10294583333334,1.1591796875,0.050537109375,0.019775390625,During Launch
880,2025-02-22 15:06:30,880.622,713.8,36.493,-1,-1,1.05615234375,0.04248046875,-0.04443359375,During Launch
881,2025-02-22 15:06:31,881.622,709.893,36.495,-117.7956605,35.10300083333333,1.13916015625,0.021240234375,-0.05517578125,During Launch
882,2025-02-22 15:06:32,882.621,703.706,36.48,-117.79565533333333,35.103012,0.971923828125,-0.05029296875,0.07177734375,During Launch
883,2025-02-22 15:06:33,883.62,696.941,36.47,-117.7956355,35.103015,1.0341796875,0.0166015625,-0.010986328125,During Launch
884,2025-02-22 15:06:34,884.618,688.639,36.47,-117.79562316666667,35.103017,1.032470703125,-0.02392578125,-0.03466796875,During Launch
885,2025-02-22 15:06:35,885.622,679.057,36.45,-1,-1,1.052978515625,0.0322265625,-0.03466796875,During Launch
886,2025-02-22 15:06:36,886.622,674.56,36.458,-117.79563633333333,35.103032166666665,0.979248046875,-0.041748046875,-0.03076171875,During Launch
887,2025-02-22 15:06:37,887.621,668.597,36.443,-117.79564233333333,35.103055833333336,1.03369140625,0.01953125,-0.00732421875,During Launch
888,2025-02-22 15:06:38,888.619,661.064,36.415,-117.79563933333333,35.103080166666665,1.126708984375,-0.009033203125,-0.0009765625,During Launch
889,2025-02-22 15:06:39,889.621,654.162,36.415,-117.7956315,35.10309866666667,0.962890625,0.004638671875,0.01318359375,During Launch
890,2025-02-22 15:06:40,890.622,644.112,36.4,-1,-1,1.13671875,0.005615234375,0.003662109375,During Launch
891,2025-02-22 15:06:41,891.62,640.263,36.413,-117.79562633333333,35.103133,0.958251953125,0.058837890625,-0.01611328125,During Launch
892,2025-02-22 15:06:42,892.621,632.991,36.395,-117.79562666666666,35.1031465,1.016845703125,0.025634765625,-0.036865234375,During Launch
893,2025-02-22 15:06:43,893.621,626.158,36.383,-117.79562733333333,35.1031435,1.06689453125,-0.01904296875,-0.0654296875,During Launch
894,2025-02-22 15:06:44,894.622,617.429,36.373,-117.79563116666667,35.103133666666665,1.261962890625,0.0537109375,-0.04248046875,During Launch
895,2025-02-22 15:06:45,895.621,608.982,36.353,-1,-1,0.9501953125,0.008056640625,0.212158203125,During Launch
896,2025-02-22 15:06:46,896.622,604.57,36.363,-117.79564833333333,35.103181,1.38623046875,0.095458984375,0.222412109375,During Launch
897,2025-02-22 15:06:47,897.621,597.121,36.338,-117.79564083333334,35.1031925,0.904052734375,-0.08349609375,0.1279296875,During Launch
898,2025-02-22 15:06:48,898.621,590.667,36.335,-117.79563566666667,35.1031635,1.014404296875,-0.043212890625,-0.168212890625,During Launch
899,2025-02-22 15:06:49,899.622,581.733,36.318,-117.795659,35.103115333333335,1.325927734375,0.056640625,-0.07421875,During Launch
900,2025-02-22 15:06:50,900.622,570.448,36.308,-1,-1,1.091796875,-0.001708984375,-0.023681640625,During Launch
901,2025-02-22 15:06:51,901.624,566.717,36.313,-117.7957135,35.103068,0.8876953125,-0.08056640625,0.06689453125,During Launch
902,2025-02-22 15:06:52,902.62,560.158,36.286,-117.7956955,35.10306383333333,1.055908203125,-0.177490234375,0.06201171875,During Launch
903,2025-02-22 15:06:53,903.62,551.978,36.273,-117.79566666666666,35.103063,1.180419921875,-0.08251953125,0.027099609375,During Launch
904,2025-02-22 15:06:54,904.62,543.976,36.265,-117.79565016666666,35.10306083333333,0.93896484375,0.0068359375,0.056884765625,During Launch
905,2025-02-22 15:06:55,905.622,534.837,36.255,-1,-1,1.16796875,0.007568359375,-0.056884765625,During Launch
906,2025-02-22 15:06:56,906.621,531.31,36.263,-117.79566366666667,35.10302333333333,0.990478515625,-0.006103515625,0.030517578125,During Launch
907,2025-02-22 15:06:57,907.622,523.733,36.238,-117.79566566666666,35.102991333333335,1.13916015625,0.0439453125,-0.087158203125,During Launch
908,2025-02-22 15:06:58,908.622,516.91,36.228,-117.79565216666667,35.1029645,0.999267578125,-0.00634765625,-0.00927734375,During Launch
909,2025-02-22 15:06:59,909.621,509.938,36.223,-117.79563316666666,35.10295,1.103759765625,0.021240234375,0.000732421875,During Launch
910,2025-02-22 15:07:00,910.62,500.329,36.206,-1,-1,0.948974609375,0.049072265625,0.005615234375,During Launch
911,2025-02-22 15:07:01,911.622,495.83,36.218,-117.795601,35.102931,1.1220703125,0.022216796875,0.0068359375,During Launch
912,2025-02-22 15:07:02,912.623,488.338,36.206,-117.79559283333333,35.10291433333333,0.968017578125,0.076904296875,0.0244140625,During Launch
913,2025-02-22 15:07:03,913.62,481.037,36.196,-117.79558716666666,35.10289616666667,1.230712890625,0.0419921875,0.01025390625,During Launch
914,2025-02-22 15:07:04,914.621,474.774,36.196,-117.79559183333333,35.10289816666667,0.960205078125,-0.10009765625,0.09912109375,During Launch
915,2025-02-22 15:07:05,915.621,464.116,36.186,-1,-1,1.138671875,-0.11181640625,-0.086669921875,During Launch
916,2025-02-22 15:07:06,916.622,459.602,36.186,-117.79564633333334,35.102943833333335,1.022705078125,-0.095947265625,-0.11279296875,During Launch
917,2025-02-22 15:07:07,917.624,452.252,36.173,-117.795676,35.1029515,1.1962890625,-0.0029296875,0.105712890625,During Launch
918,2025-02-22 15:07:08,918.622,444.665,36.161,-117.79570466666667,35.10294966666667,0.895751953125,0.0556640625,-0.07568359375,During Launch
919,2025-02-22 15:07:09,919.621,437.637,36.146,-117.79573683333334,35.10295383333333,1.177734375,0.053955078125,0.011474609375,During Launch
920,2025-02-22 15:07:10,920.622,427.571,36.138,-1,-1,0.942626953125,0.03662109375,-0.005615234375,During Launch
921,2025-02-22 15:07:11,921.622,423.22,36.151,-117.79581266666666,35.1029495,1.142578125,-0.012939453125,0.029296875,During Launch
922,2025-02-22 15:07:12,922.622,415.71,36.131,-117.795852,35.102947666666665,0.930419921875,0.064697265625,-0.091552734375,During Launch
923,2025-02-22 15:07:13,923.622,408.993,36.121,-117.79588566666666,35.102964,1.1064453125,0.077392578125,-0.04443359375,During Launch
924,2025-02-22 15:07:14,924.62,401.138,36.108,-117.79591616666667,35.10297683333334,0.990966796875,0.069091796875,0.088623046875,During Launch
925,2025-02-22 15:07:15,925.621,392.176,36.098,-1,-1,1.0625,-0.003662109375,0.07861328125,During Launch
926,2025-02-22 15:07:16,926.621,386.89,36.093,-117.79597583333333,35.102958,1.120361328125,0.01171875,0.002197265625,During Launch
927,2025-02-22 15:07:17,927.622,379.922,36.076,-117.79599683333333,35.102949,0.937255859375,0.029541015625,-0.0283203125,During Launch
928,2025-02-22 15:07:18,928.622,372.495,36.068,-117.79601683333334,35.10295033333333,1.134033203125,-0.000732421875,-0.008544921875,During Launch
929,2025-02-22 15:07:19,929.623,365.254,36.066,-117.7960375,35.102952333333334,0.979248046875,0.04052734375,-0.039794921875,During Launch
930,2025-02-22 15:07:20,930.623,355.428,36.056,-1,-1,1.16943359375,0.0126953125,-0.033935546875,During Launch
931,2025-02-22 15:07:21,931.622,350.947,36.066,-117.79607833333333,35.102951166666664,0.959228515625,-0.081787109375,0.045654296875,During Launch
932,2025-02-22 15:07:22,932.623,344.752,36.051,-117.79608433333334,35.1029765,1.140380859375,-0.019775390625,0.005615234375,During Launch
933,2025-02-22 15:07:23,933.621,337.647,36.046,-117.796074,35.103005333333336,1.046630859375,-0.038330078125,0.0595703125,During Launch
934,2025-02-22 15:07:24,934.621,330.446,36.034,-117.79604766666667,35.1030205,1.00927734375,0.08740234375,-0.047607421875,During Launch
935,2025-02-22 15:07:25,935.62,319.612,36.026,-1,-1,1.03466796875,0.0498046875,-0.013916015625,During Launch
936,2025-02-22 15:07:26,936.622,315.647,36.034,-117.79600466666666,35.103022833333334,1.01953125,0.062255859375,0.041015625,During Launch
937,2025-02-22 15:07:27,937.622,307.962,36.016,-117.79599166666667,35.10302883333333,1.08154296875,0.049560546875,0.017333984375,During Launch
938,2025-02-22 15:07:28,938.621,301.069,36.004,-117.795977,35.1030265,1.01025390625,0.012939453125,0.02587890625,During Launch
939,2025-02-22 15:07:29,939.623,293.344,35.991,-117.79595816666667,35.103004,1.078369140625,-0.022705078125,0.0224609375,During Launch
940,2025-02-22 15:07:30,940.623,281.889,35.986,-1,-1,1.039306640625,-0.015380859375,-0.037353515625,During Launch
941,2025-02-22 15:07:31,941.623,277.133,35.991,-117.79593716666666,35.102952333333334,1.047607421875,0.03369140625,-0.050537109375,During Launch
942,2025-02-22 15:07:32,942.62,270.03,35.984,-117.79594,35.102934166666664,1.021484375,-0.013427734375,-0.060302734375,During Launch
943,2025-02-22 15:07:33,943.623,262.19,35.974,-117.79594316666666,35.10291333333333,1.02587890625,-0.046142578125,-0.06201171875,During Launch
944,2025-02-22 15:07:34,944.622,254.769,35.956,-117.79594083333333,35.1028885,1.103759765625,0.041015625,-0.05712890625,During Launch
945,2025-02-22 15:07:35,945.623,243.813,35.961,-1,-1,1.056640625,0.01953125,-0.1123046875,During Launch
946,2025-02-22 15:07:36,946.621,239.817,35.951,-117.79596633333334,35.102860666666665,1.060302734375,0.10107421875,0.042236328125,During Launch
947,2025-02-22 15:07:37,947.623,231.787,35.939,-117.7960015,35.1028715,1.114013671875,0.04296875,0.040771484375,During Launch
948,2025-02-22 15:07:38,948.622,223.977,35.921,-117.796029,35.10288966666667,1.0478515625,-0.005615234375,0.015380859375,During Launch
949,2025-02-22 15:07:39,949.622,216.869,35.914,-117.796039,35.10290783333333,1.11962890625,-0.020751953125,-0.02880859375,During Launch
950,2025-02-22 15:07:40,950.623,208.198,35.901,-1,-1,0.914306640625,0.009765625,-0.082763671875,During Launch
951,2025-02-22 15:07:41,951.621,203.359,35.896,-117.79600016666667,35.102957333333336,1.15283203125,0.0205078125,-0.042724609375,During Launch
952,2025-02-22 15:07:42,952.621,196.445,35.884,-117.7959675,35.102973166666665,1.038330078125,0.02734375,-0.048828125,During Launch
953,2025-02-22 15:07:43,953.62,188.529,35.871,-117.79594166666666,35.10297716666667,1.15283203125,-0.001220703125,-0.036865234375,During Launch
954,2025-02-22 15:07:44,954.622,181.645,35.874,-117.79592866666667,35.10299216666667,0.8603515625,-0.093505859375,-0.068603515625,During Launch
955,2025-02-22 15:07:45,955.622,171.453,35.839,-1,-1,1.31005859375,0.039794921875,-0.092529296875,During Launch
956,2025-02-22 15:07:46,956.621,167.954,35.851,-117.7958935,35.10303733333333,0.861083984375,0.039794921875,-0.197509765625,During Launch
957,2025-02-22 15:07:47,957.623,161.469,35.837,-117.79586666666667,35.103023666666665,1.1572265625,0.090087890625,-0.1455078125,During Launch
958,2025-02-22 15:07:48,958.623,153.605,35.826,-117.79584,35.103000333333334,0.993896484375,0.069580078125,-0.06396484375,During Launch
959,2025-02-22 15:07:49,959.623,145.64,35.824,-117.79581583333334,35.1029895,1.052490234375,-0.049072265625,-0.159912109375,During Launch
960,2025-02-22 15:07:50,960.623,135.279,35.799,-1,-1,0.9951171875,-0.00537109375,0.16845703125,During Launch
961,2025-02-22 15:07:51,961.623,131.096,35.804,-117.79576783333333,35.102997333333334,1.05810546875,0.1708984375,-0.02978515625,During Launch
962,2025-02-22 15:07:52,962.622,123.93,35.802,-117.79575483333333,35.102988333333336,1.06396484375,0.01806640625,-0.017333984375,During Launch
963,2025-02-22 15:07:53,963.623,116.739,35.782,-117.79576716666666,35.102968,1.14111328125,-0.041015625,0.091064453125,During Launch
964,2025-02-22 15:07:54,964.622,109.456,35.769,-117.79579766666667,35.10295883333333,1.135498046875,-0.100341796875,-0.19189453125,During Launch
965,2025-02-22 15:07:55,965.624,99.827,35.749,-1,-1,1.098388671875,0.0498046875,0.07568359375,During Launch
966,2025-02-22 15:07:56,966.623,95.291,35.759,-117.79584483333333,35.1029995,1.01513671875,-0.066162109375,-0.0859375,During Launch
967,2025-02-22 15:07:57,967.623,88.177,35.737,-117.79584316666667,35.10302383333333,1.029296875,-0.004638671875,-0.001708984375,During Launch
968,2025-02-22 15:07:58,968.621,82.534,35.734,-117.79583766666667,35.1030405,1.04052734375,0.004638671875,0.02001953125,During Launch
969,2025-02-22 15:07:59,969.624,76.265,35.732,-117.79583983333333,35.103055833333336,1.052734375,0.040283203125,0.060791015625,During Launch
970,2025-02-22 15:08:00,970.623,67.039,35.727,-1,-1,1.095703125,0.052001953125,0.0029296875,During Launch
971,2025-02-22 15:08:01,971.623,63.067,35.727,-117.7958675,35.1031,1.119384765625,-0.002685546875,-0.072998046875,During Launch
972,2025-02-22 15:08:02,972.624,56.524,35.714,-117.79588466666667,35.1031165,0.98193359375,-0.068115234375,-0.0009765625,During Launch
973,2025-02-22 15:08:03,973.624,49.058,35.707,-117.79590116666667,35.103126833333334,1.02392578125,-0.038330078125,0.07373046875,During Launch
974,2025-02-22 15:08:04,974.623,42.044,35.694,-117.79591283333333,35.10313383333333,1.038818359375,0.10791015625,0.053466796875,During Launch
975,2025-02-22 15:08:05,975.621,32.72,35.677,-1,-1,1.074951171875,0.11181640625,-0.059814453125,During Launch
976,2025-02-22 15:08:06,976.622,28.628,35.677,-117.79593783333334,35.103167,1.092041015625,-0.018310546875,-0.075927734375,During Launch
977,2025-02-22 15:08:07,977.623,21.742,35.662,-117.79595016666667,35.10318916666667,1.003662109375,-0.0458984375,-0.071044921875,During Launch
978,2025-02-22 15:08:08,978.623,14.363,35.642,-117.79595166666667,35.10320633333333,1.212890625,0.176513671875,-0.02587890625,During Launch
979,2025-02-22 15:08:09,979.622,8.767,35.639,-117.79594016666667,35.103224,0.955078125,-0.003173828125,0.060791015625,During Launch
980,2025-02-22 15:08:10,980.622,2.052,35.627,-1,-1,1.12939453125,0.154052734375,0.02197265625,During Launch
981,2025-02-22 15:08:11,981.616,0.047,35.634,-117.7959235,35.10323783333333,1.99993896484375,-2.0,-2.0,During Launch
982,2025-02-22 15:08:12,982.615,-2.241,35.607,-117.795911,35.10323833333333,1.468994140625,0.3076171875,0.314208984375,During Launch
983,2025-02-22 15:08:13,983.619,-2.204,35.612,-117.79591333333333,35.1032315,0.144287109375,0.089111328125,1.09765625,During Launch
984,2025-02-22 15:08:14,984.62,-2.165,35.609,-117.7959125,35.103231666666666,0.157470703125,0.090576171875,1.10302734375,During Launch
985,2025-02-22 15:08:15,985.624,-2.347,35.607,-1,-1,0.12841796875,-0.14013671875,1.234375,During Launch
986,2025-02-22 15:08:16,986.618,-2.341,35.612,-117.79591083333334,35.10323116666667,0.147216796875,-0.0703125,1.093994140625,During Launch
987,2025-02-22 15:08:17,987.618,-2.256,35.604,-117.7959105,35.103231666666666,0.176025390625,-0.068359375,1.12060546875,After Launch
988,2025-02-22 15:09:13,1043.619,-2.032,35.679,-117.795918,35.1032255,0.14892578125,-0.069091796875,1.094482421875,After Launch
989,2025-02-22 15:10:10,1100.703,-2.005,36.071,-1,-1,0.148193359375,-0.072998046875,1.099365234375,After Launch
990,2025-02-22 15:11:08,1158.623,-1.574,36.71,-117.79592116666667,35.103225,0.150390625,-0.068603515625,1.091552734375,After Launch
991,2025-02-22 15:12:05,1215.625,-2.107,37.538,-117.79591533333334,35.1032245,0.144775390625,-0.07080078125,1.093505859375,After Launch
992,2025-02-22 15:13:02,1272.626,-2.335,38.463,-117.7959115,35.1032205,0.147216796875,-0.09130859375,1.1015625,After Launch
993,2025-02-22 15:13:59,1329.711,-2.323,39.339,-1,-1,0.14453125,-0.072265625,1.095947265625,After Launch
994,2025-02-22 15:14:55,1386.048,-1.755,40.162,-1,-1,0.147216796875,-0.072509765625,1.088134765625,After Launch
995,2025-02-22 15:15:53,1443.628,-1.838,40.968,-117.7959235,35.103225,0.1474609375,-0.070556640625,1.086669921875,After Launch
996,2025-02-22 15:16:50,1500.829,-1.866,41.742,-1,-1,0.150634765625,-0.073974609375,1.0830078125,After Launch
997,2025-02-22 15:17:47,1557.708,-1.87,42.495,-1,-1,0.136962890625,-0.0771484375,1.091796875,After Launch
