n,Datetime (UTC),Timestamp (s),Altitude (ft),Velocity (ft/s),Temperature (C),Longitude,Latitude,Roll (°),Pitch (°),Yaw (°),Flag
0,2025-05-03 22:47:12,0.192,-0.6889763999999999,,26.123,-1,-1,0.0,0.0,0.0,Before Launch
1,2025-05-03 22:47:12,1.561,-1.04002628,,26.128,-1,-1,37.99452488364257,-39.423485748021164,41.67933530896491,Before Launch
2,2025-05-03 22:47:12,1.616,1.0892388800000001,,26.088,0.0,0.0,42.128981237372656,-42.7297972492983,43.645593040654624,Before Launch
3,2025-05-03 22:47:12,1.662,-1.05643048,,26.12,0.0,0.0,20.318924890073173,-29.77569457179724,86.21927419187469,Before Launch
4,2025-05-03 22:47:12,1.713,-0.39370079999999996,,26.09,0.0,0.0,-3.388103782058483,-15.630975517792072,132.37435742762523,Before Launch
5,2025-05-03 22:47:12,1.775,-1.4271654,,26.113,0.0,0.0,-14.755382140454667,-8.793287451532802,154.47279670881002,Before Launch
6,2025-05-03 22:47:13,1.831,1.51246724,,26.118,0.0,0.0,-18.136982458212344,-6.73564850182593,161.12428588976198,Before Launch
7,2025-05-03 22:47:13,1.89,3.12664052,,26.098,0.0,0.0,-22.127757428492743,-4.3188320216511755,169.09846710658312,Before Launch
8,2025-05-03 22:47:13,1.944,-0.43963256,,26.12,0.0,0.0,-24.048169942633443,-3.158264273499639,172.8475727496223,Before Launch
9,2025-05-03 22:47:13,2.092,-0.92847772,,26.11,0.0,0.0,-24.95286942803823,-2.5882576922744116,174.86057973608345,Before Launch
10,2025-05-03 22:47:13,2.152,0.06889764000000001,,26.12,0.0,0.0,-25.408853961290042,-2.318343619583545,175.54739505549864,Before Launch
11,2025-05-03 22:47:13,2.225,1.37467196,,26.118,0.0,0.0,-25.594448601478877,-2.210074173221935,175.8196051000344,Before Launch
12,2025-05-03 22:47:13,2.288,-1.17782156,,26.12,0.0,0.0,-25.665902887203558,-2.1467257982372936,175.93688527598647,Before Launch
13,2025-05-03 22:47:13,2.332,-1.91272972,,26.12,0.0,0.0,-25.67731200070778,-2.191115206627954,175.9959628033631,Before Launch
14,2025-05-03 22:47:13,2.375,-0.07217847999999999,,26.125,0.0,0.0,-25.669315443319622,-2.1664032420208814,176.03858603519913,Before Launch
15,2025-05-03 22:47:13,2.42,-0.19028872,,26.123,0.0,0.0,-25.6371079663129,-2.152264941095017,176.0678697842336,Before Launch
16,2025-05-03 22:47:13,2.463,-0.5577428,,26.058,0.0,0.0,-25.665732427650628,-2.1388675265285686,176.07900298443636,Before Launch
17,2025-05-03 22:47:13,2.506,-1.17782156,,26.12,0.0,0.0,-25.632053763592033,-2.111065921549187,176.0720880547439,Before Launch
18,2025-05-03 22:47:13,2.551,-0.9383202399999999,,26.115,0.0,0.0,-25.62039701697246,-2.078725460196096,176.10765726796586,Before Launch
19,2025-05-03 22:47:13,2.595,0.53805776,,26.115,0.0,0.0,-25.58750040962922,-2.099231580071405,176.09149451872347,Before Launch
20,2025-05-03 22:47:13,2.639,-0.43963256,,26.12,0.0,0.0,-25.57668803013971,-2.1124401795115126,176.07556270323852,Before Launch
21,2025-05-03 22:47:13,2.682,-0.44947508,,26.113,0.0,0.0,-25.58201883663061,-2.0936596589730363,176.07563820609164,Before Launch
22,2025-05-03 22:47:13,2.726,0.9055118400000001,,26.115,0.0,0.0,-25.57029012716674,-2.1162090271191936,176.05421170566493,Before Launch
23,2025-05-03 22:47:13,2.769,-0.31824148,,26.123,0.0,0.0,-25.590792299585154,-2.1182019112783728,176.07924587308256,Before Launch
24,2025-05-03 22:47:13,2.812,-0.92847772,,26.123,0.0,0.0,-25.572360810010053,-2.0895224030634996,176.08978309434565,Before Launch
25,2025-05-03 22:47:14,2.855,-0.21981628,0.176,26.108,0.0,0.0,-25.589657257396468,-2.108195008160452,176.07476622217303,Before Launch
26,2025-05-03 22:47:14,2.898,-0.66929136,0.277,26.123,0.0,0.0,-25.641839449191828,-2.1279085332442866,176.07491298594232,Before Launch
27,2025-05-03 22:47:14,2.941,-0.19028872,-0.966,26.123,0.0,0.0,-25.628083983686228,-2.1310757575215735,176.04309846683975,Before Launch
28,2025-05-03 22:47:14,2.984,0.17716536,0.933,26.123,0.0,0.0,-25.615162825597086,-2.1419993700252666,176.02535466762424,Before Launch
29,2025-05-03 22:47:14,3.026,-0.31824148,0.057,26.118,0.0,0.0,-25.621704368245286,-2.1234587042227813,175.99015985770959,Before Launch
30,2025-05-03 22:47:14,3.07,0.41666668,1.424,26.118,0.0,0.0,-25.617761866715536,-2.1369337186628257,175.99478983272138,Before Launch
31,2025-05-03 22:47:14,3.113,-0.07217847999999999,-1.236,26.123,0.0,0.0,-25.578813369679132,-2.171299529127553,175.96592545325004,Before Launch
32,2025-05-03 22:47:14,3.156,-0.43963256,-2.817,26.115,0.0,0.0,-25.572358888579977,-2.177306255944276,175.95970295584087,Before Launch
33,2025-05-03 22:47:14,3.214,-0.20013124,0.189,26.115,0.0,0.0,-25.560185132575423,-2.1700601742555756,175.97595970219018,Before Launch
34,2025-05-03 22:47:14,3.259,2.41797908,2.868,26.075,0.0,0.0,-25.547211869729367,-2.110060428897667,176.03214523755437,Before Launch
35,2025-05-03 22:47:14,3.303,0.8694226,0.696,26.125,0.0,0.0,-25.56767838090154,-2.0861827134669912,176.05646062286422,Before Launch
36,2025-05-03 22:47:14,3.364,-0.31824148,-1.486,26.11,0.0,0.0,-25.56641036395984,-2.074578022331234,176.02328878682331,Before Launch
37,2025-05-03 22:47:14,3.418,-0.31824148,0.761,26.115,0.0,0.0,-25.586429214920692,-2.1053234343608125,176.02477554613714,Before Launch
38,2025-05-03 22:47:14,3.47,0.8891076400000001,2.462,26.108,0.0,0.0,-25.60698595076394,-2.126541348014654,175.99496798164438,Before Launch
39,2025-05-03 22:47:14,3.523,-1.05643048,-0.857,26.118,0.0,0.0,-25.6414854449663,-2.1434866687459855,175.96474141056933,Before Launch
40,2025-05-03 22:47:14,3.571,-1.17782156,-0.858,26.12,0.0,0.0,-25.614905291424527,-2.144706339326905,175.9436522578797,Before Launch
41,2025-05-03 22:47:14,3.621,-0.79068244,-0.201,26.128,0.0,0.0,-25.60626495174151,-2.1352009742770073,175.9424845183019,Before Launch
42,2025-05-03 22:47:14,3.674,-0.43963256,0.632,26.125,0.0,0.0,-25.616712874140003,-2.163192264581168,175.90689884157055,Before Launch
43,2025-05-03 22:47:14,3.722,0.16732284,0.944,26.115,0.0,0.0,-25.57617144305179,-2.18743186284893,175.9181645792107,Before Launch
44,2025-05-03 22:47:14,3.777,-1.17782156,-1.452,26.12,0.0,0.0,-25.561367680746468,-2.1748129702982584,175.89918143793835,Before Launch
45,2025-05-03 22:47:15,3.826,-0.8366142,-0.334,26.105,0.0,0.0,-25.553729490813073,-2.165161697677836,175.87005400493814,Before Launch
46,2025-05-03 22:47:15,3.876,0.049212599999999995,0.418,26.105,0.0,0.0,-25.57091588548074,-2.1598558717177516,175.85504310561774,Before Launch
47,2025-05-03 22:47:15,3.93,-0.19028872,-0.91,26.13,0.0,0.0,-25.57503794712682,-2.147397637715658,175.84275835112422,Before Launch
48,2025-05-03 22:47:15,3.979,0.66601052,0.813,26.12,0.0,0.0,-25.57346399262969,-2.1998750970522427,175.8194262999072,Before Launch
49,2025-05-03 22:47:15,4.024,1.02690292,1.613,26.113,0.0,0.0,-25.565135004150235,-2.1784627394490497,175.81923005910443,Before Launch
50,2025-05-03 22:47:15,4.079,2.07677172,1.876,26.123,0.0,0.0,-25.536177722706665,-2.1785116629998567,175.8038665578982,Before Launch
51,2025-05-03 22:47:15,4.127,2.7854331599999997,2.811,26.075,0.0,0.0,-25.545766222160115,-2.1671190294331595,175.799543043498,Before Launch
52,2025-05-03 22:47:15,4.178,0.91535436,0.894,26.115,0.0,0.0,-25.521963984657198,-2.182590297824115,175.77784372861706,Before Launch
53,2025-05-03 22:47:15,4.237,-0.43963256,-0.492,26.113,0.0,0.0,-25.502119927316063,-2.1936726803454274,175.77848484851924,Before Launch
54,2025-05-03 22:47:15,4.286,2.92322844,2.573,26.123,0.0,0.0,-25.47181782807723,-2.2037518807409318,175.72702467907817,Before Launch
55,2025-05-03 22:47:15,4.331,-0.05249344,-0.372,26.11,0.0,0.0,-25.46393152287774,-2.1967429854269067,175.75748756800513,Before Launch
56,2025-05-03 22:47:15,4.39,0.29855644,0.29,26.105,0.0,0.0,-25.41410746771953,-2.187078008775525,175.7505567088389,Before Launch
57,2025-05-03 22:47:15,4.447,-0.9383202399999999,-0.386,26.115,0.0,0.0,-25.377240511978677,-2.177673310481064,175.8010912482929,Before Launch
58,2025-05-03 22:47:15,4.5,-0.30183728,-0.079,26.125,0.0,0.0,-25.383701335205934,-2.1636874072752583,175.82303981538607,Before Launch
59,2025-05-03 22:47:15,4.545,0.41666668,-1.556,26.12,0.0,0.0,-25.41231212547055,-2.10610719587257,175.8324466185948,Before Launch
60,2025-05-03 22:47:15,4.604,1.57808404,0.545,26.12,0.0,0.0,-25.40762549056197,-2.11741659817394,175.82712733532313,Before Launch
61,2025-05-03 22:47:15,4.653,-0.31824148,0.0,26.118,0.0,0.0,-25.406212035143376,-2.1707764761497685,175.7785080319833,Before Launch
62,2025-05-03 22:47:15,4.7,-0.81692916,-0.389,26.118,0.0,0.0,-25.42589466589482,-2.1485342251982322,175.76618571275873,Before Launch
63,2025-05-03 22:47:15,4.757,1.40419952,0.4,26.108,0.0,0.0,-25.405846630031384,-2.154179727602198,175.71442644702927,Before Launch
64,2025-05-03 22:47:15,4.813,1.25656172,1.793,26.108,0.0,0.0,-25.402223159628935,-2.122748958786316,175.69612463327064,Before Launch
65,2025-05-03 22:47:16,4.859,1.3287402000000001,1.946,26.12,0.0,0.0,-25.404855164656116,-2.1228939247625997,175.70357566196145,Before Launch
66,2025-05-03 22:47:16,4.905,0.29855644,0.848,26.12,0.0,0.0,-25.43046035314679,-2.129221693101595,175.71590753434972,Before Launch
67,2025-05-03 22:47:16,4.962,-0.07217847999999999,0.285,26.12,0.0,0.0,-25.438260516061472,-2.103019047995544,175.74833734286935,Before Launch
68,2025-05-03 22:47:16,5.013,-0.44947508,-0.478,26.113,0.0,0.0,-25.48130871108502,-2.109297676710226,175.72422654753427,Before Launch
69,2025-05-03 22:47:16,5.06,0.6397638,1.417,26.105,0.0,0.0,-25.482161679838807,-2.070478597437247,175.69495094336378,Before Launch
70,2025-05-03 22:47:16,5.114,-0.43963256,0.308,26.12,0.0,0.0,-25.491225757065944,-2.1201998423975175,175.73729588838506,Before Launch
71,2025-05-03 22:47:16,5.162,-0.6889763999999999,-0.574,26.118,0.0,0.0,-25.475208925788962,-2.164575696374038,175.7192051746048,Before Launch
72,2025-05-03 22:47:16,5.212,-0.30183728,-0.087,26.125,0.0,0.0,-25.474081012307735,-2.175620170343018,175.7255416064513,Before Launch
73,2025-05-03 22:47:16,5.267,0.049212599999999995,-0.479,26.118,0.0,0.0,-25.45807214611734,-2.1627140502399964,175.71293965470048,Before Launch
74,2025-05-03 22:47:16,5.317,1.40419952,0.292,26.12,0.0,0.0,-25.47787214018127,-2.118965688522379,175.66153713974077,Before Launch
75,2025-05-03 22:47:16,5.369,-0.43963256,-1.951,26.115,0.0,0.0,-25.461859540821614,-2.16366115781426,175.6872698037011,Before Launch
76,2025-05-03 22:47:16,5.427,0.049212599999999995,-2.105,26.12,0.0,0.0,-25.461722064729713,-2.1522621421934987,175.70655586862011,Before Launch
77,2025-05-03 22:47:16,5.481,0.51837272,-0.305,26.115,0.0,0.0,-25.458906018884093,-2.136401942798323,175.69319554093457,Before Launch
78,2025-05-03 22:47:16,5.531,0.53805776,0.756,26.115,0.0,0.0,-25.41725254763937,-2.1631872936674825,175.68290817340258,Before Launch
79,2025-05-03 22:47:16,5.577,0.7874015999999999,-1.654,26.115,0.0,0.0,-25.428995565146487,-2.1605771455522524,175.69665120210348,Before Launch
80,2025-05-03 22:47:16,5.634,0.68569556,0.567,26.128,0.0,0.0,-25.437990320264255,-2.183939182639548,175.6833545841551,Before Launch
81,2025-05-03 22:47:16,5.679,0.7874015999999999,0.379,26.12,0.0,0.0,-25.411350905858793,-2.1723286313857892,175.64180099230774,Before Launch
82,2025-05-03 22:47:16,5.73,0.41666668,1.056,26.113,0.0,0.0,-25.435558788237373,-2.145024522497372,175.6377226077453,Before Launch
83,2025-05-03 22:47:16,5.784,-0.07874016,0.174,26.113,0.0,0.0,-25.41529345344472,-2.1991687929921517,175.62158296104215,Before Launch
84,2025-05-03 22:47:17,5.837,-0.6889763999999999,-0.856,26.11,0.0,0.0,-25.413369415700632,-2.238381713942231,175.61664325326646,Before Launch
85,2025-05-03 22:47:17,5.888,-0.33792651999999995,-1.492,26.11,0.0,0.0,-25.438455220440407,-2.2271740080593334,175.5993568230498,Before Launch
86,2025-05-03 22:47:17,5.934,-0.07874016,0.187,26.11,0.0,0.0,-25.43351449108918,-2.218938264011863,175.56197199568655,Before Launch
87,2025-05-03 22:47:17,5.991,-0.33792651999999995,0.371,26.105,0.0,0.0,-25.46853702926435,-2.2095271312643807,175.56602289427374,Before Launch
88,2025-05-03 22:47:17,6.047,0.049212599999999995,-1.05,26.118,0.0,0.0,-25.501066056955896,-2.208486293258444,175.57445792318217,Before Launch
89,2025-05-03 22:47:17,6.101,1.25656172,0.0,26.108,0.0,0.0,-25.486505124846218,-2.2254217502979876,175.57486735279335,Before Launch
90,2025-05-03 22:47:17,6.149,0.029527559999999998,-1.007,26.11,0.0,0.0,-25.471088532310933,-2.1913292197194636,175.55763403698646,Before Launch
91,2025-05-03 22:47:17,6.194,-0.07874016,-0.293,26.113,0.0,0.0,-25.47989056496142,-2.19381258733746,175.55113619936682,Before Launch
92,2025-05-03 22:47:17,6.248,2.76902896,2.209,26.11,0.0,0.0,-25.423129616470302,-2.176107167310294,175.59777450788445,Before Launch
93,2025-05-03 22:47:17,6.306,0.26902888,0.556,26.105,0.0,0.0,-25.40449823762029,-2.1842162306321407,175.59809231778803,Before Launch
94,2025-05-03 22:47:17,6.351,3.2086615199999997,1.99,26.043,0.0,0.0,-25.40377712582238,-2.1935666176373596,175.61490049857886,Before Launch
95,2025-05-03 22:47:17,6.397,-0.33792651999999995,0.079,26.108,0.0,0.0,-25.38520868878799,-2.1490952914437176,175.61876658740562,Before Launch
96,2025-05-03 22:47:17,6.452,0.6397638,1.03,26.105,0.0,0.0,-25.35280303374508,-2.181835622862292,175.62664976344308,Before Launch
97,2025-05-03 22:47:17,6.511,1.37467196,1.291,26.105,0.0,0.0,-25.369968346700293,-2.13276346536409,175.64836734850724,Before Launch
98,2025-05-03 22:47:17,6.556,0.62007876,0.443,26.098,0.0,0.0,-25.355668868479416,-2.1206516807305404,175.7379272053516,Before Launch
99,2025-05-03 22:47:17,6.606,0.8891076400000001,-0.4,26.11,0.0,0.0,-26.16509197546361,-2.1413405871823157,175.83880271692894,Before Launch
100,2025-05-03 22:47:17,6.663,0.6397638,0.834,26.113,0.0,0.0,-26.409467343071466,-2.227186608091827,175.609025097723,Before Launch
101,2025-05-03 22:47:17,6.722,0.51837272,0.362,26.108,0.0,0.0,-26.407867746794075,-2.339712024094204,175.31495554339776,Before Launch
102,2025-05-03 22:47:17,6.78,0.6397638,0.093,26.105,0.0,0.0,-25.481261254888143,-2.2941883024172647,173.9579814557445,Before Launch
103,2025-05-03 22:47:18,6.827,1.6076116,0.825,26.1,0.0,0.0,-25.59671543498939,-2.7898541045615324,172.78494009368853,Before Launch
104,2025-05-03 22:47:18,6.874,-0.07217847999999999,-0.663,26.115,0.0,0.0,-26.277977054575956,-3.437211555533563,172.3195498617424,Before Launch
105,2025-05-03 22:47:18,6.93,0.28871391999999996,-0.306,26.113,0.0,0.0,-26.361561109701732,-3.740668986918318,172.18783011314653,Before Launch
106,2025-05-03 22:47:18,6.976,0.049212599999999995,-0.569,26.108,0.0,0.0,-26.203172465002787,-4.34822062267541,171.7321896495628,Before Launch
107,2025-05-03 22:47:18,7.03,0.40026248,-0.013,26.11,0.0,0.0,-26.181153301113866,-4.562173338765916,172.1193204669827,Before Launch
108,2025-05-03 22:47:18,7.085,-0.56758532,-0.376,26.115,0.0,0.0,-25.872154173716194,-4.544953193794886,172.1399275283644,Before Launch
109,2025-05-03 22:47:18,7.13,-0.07874016,0.472,26.113,0.0,0.0,-26.037781213426936,-3.6811133704845136,173.92200897404433,Before Launch
110,2025-05-03 22:47:18,7.175,1.7650919200000001,1.634,26.103,0.0,0.0,-26.61501773091558,-2.6126086912145166,175.74756914205415,Before Launch
111,2025-05-03 22:47:18,7.229,-0.80708664,-0.562,26.12,0.0,0.0,-26.955513986571596,-2.147645237077886,176.41228893944592,Before Launch
112,2025-05-03 22:47:18,7.279,1.3943569999999998,1.345,26.113,0.0,0.0,-27.196833667080075,-1.5857563452195418,177.2576328262076,Before Launch
113,2025-05-03 22:47:18,7.325,0.41666668,0.288,26.118,0.0,0.0,-27.244858983810765,-1.4638064593010818,177.39957979762204,Before Launch
114,2025-05-03 22:47:18,7.381,0.17716536,-0.843,26.123,0.0,0.0,-26.53334505488252,-1.410158829852702,177.39340775985622,Before Launch
115,2025-05-03 22:47:18,7.428,0.54790028,0.405,26.123,0.0,0.0,-25.595656094821077,-1.5191921765965535,177.17542789546854,Before Launch
116,2025-05-03 22:47:18,7.475,1.50590556,1.237,26.123,0.0,0.0,-25.23945328455604,-1.602534107876795,177.00954831569078,Before Launch
117,2025-05-03 22:47:18,7.528,1.03674544,-1.353,26.12,0.0,0.0,-24.338064477555417,-1.6778772869137137,176.66093505437934,Before Launch
118,2025-05-03 22:47:18,7.579,0.54790028,0.219,26.123,0.0,0.0,-22.600040815056015,-1.9072308321654359,175.83065051699106,Before Launch
119,2025-05-03 22:47:18,7.626,0.7874015999999999,-1.899,26.113,0.0,0.0,-19.97150356020417,-1.98543079697863,175.05153058465527,Before Launch
120,2025-05-03 22:47:18,7.683,1.17454072,1.176,26.12,0.0,0.0,-17.20945718809486,-2.02202009337433,174.15240426947085,Before Launch
121,2025-05-03 22:47:18,7.743,0.28871391999999996,-0.272,26.123,0.0,0.0,-15.192082315247545,-2.0519854509448785,173.39667407278537,Before Launch
122,2025-05-03 22:47:18,7.798,0.06889764000000001,-1.015,26.113,0.0,0.0,-14.154463575088425,-2.153267020687926,173.00131553831133,Before Launch
123,2025-05-03 22:47:19,7.852,1.40419952,0.605,26.12,0.0,0.0,-11.601742007185802,-2.1961813876535805,170.6684595051833,Before Launch
124,2025-05-03 22:47:19,7.899,1.64370084,0.584,26.125,0.0,0.0,-8.256164666624311,-2.1742111652728995,166.85484690264423,Before Launch
125,2025-05-03 22:47:19,7.947,0.8038058,0.128,26.12,0.0,0.0,-6.425605901148235,-2.0466414016804357,165.38376360743746,Before Launch
126,2025-05-03 22:47:19,7.992,-0.58727036,-0.871,26.108,0.0,0.0,-4.431683498703157,-1.9529863422785048,161.6761335302578,Before Launch
127,2025-05-03 22:47:19,8.04,-0.80708664,-1.148,26.113,0.0,0.0,-3.6550805036888034,-1.9321093384250443,156.3594574299591,Before Launch
128,2025-05-03 22:47:19,8.095,-0.31824148,-1.519,26.118,0.0,0.0,-2.130869557152828,-2.0086390485173222,130.1608048613116,Before Launch
129,2025-05-03 22:47:19,8.146,0.7874015999999999,0.676,26.123,0.0,0.0,1.1867649929683346,-2.3291178652814777,81.20078843060335,Before Launch
130,2025-05-03 22:47:19,8.192,-0.6889763999999999,-0.775,26.11,0.0,0.0,3.410368823068756,-2.595142046375072,52.47961787570846,Before Launch
131,2025-05-03 22:47:19,8.243,0.50196852,0.357,26.115,0.0,0.0,4.100914178012198,-2.6891485924906195,42.981368160498,Before Launch
132,2025-05-03 22:47:19,8.299,-0.07874016,-0.377,26.113,0.0,0.0,4.680774326236745,-2.6885388777467614,30.48047103072993,Before Launch
133,2025-05-03 22:47:19,8.347,-1.6732284,-0.876,26.078,0.0,0.0,4.537285429845641,-2.4812662884303585,22.900077936964642,Before Launch
134,2025-05-03 22:47:19,8.399,0.7874015999999999,0.683,26.118,0.0,0.0,3.580542055283465,-2.2928565816500526,19.929905850452933,Before Launch
135,2025-05-03 22:47:19,8.455,0.28871391999999996,-1.153,26.098,0.0,0.0,1.9458140484157558,-2.2258691420563426,20.62966550545726,Before Launch
136,2025-05-03 22:47:19,8.511,0.15091864,0.747,26.118,0.0,0.0,1.2645925855567692,-2.1874092480702223,22.189813268865475,Before Launch
137,2025-05-03 22:47:19,8.557,-0.07217847999999999,-1.148,26.12,0.0,0.0,0.11329958274545548,-2.136116516116996,27.88032807816709,Before Launch
138,2025-05-03 22:47:19,8.603,-1.05643048,-1.153,26.098,0.0,0.0,-3.2231788378990394,-2.003841371740139,80.73519562638249,Before Launch
139,2025-05-03 22:47:19,8.659,0.66601052,0.383,26.1,0.0,0.0,-5.078835134245285,-1.9562124555233398,104.64246140040092,Before Launch
140,2025-05-03 22:47:19,8.704,-0.31824148,-0.679,26.118,0.0,0.0,-8.016666217772064,-1.9042247265854828,135.86011152183647,Before Launch
141,2025-05-03 22:47:19,8.75,0.17716536,-1.042,26.103,0.0,0.0,-11.727010693594792,-1.9539821465062381,153.55370630714907,Before Launch
142,2025-05-03 22:47:19,8.805,0.7874015999999999,-0.195,26.128,0.0,0.0,-13.76054078147383,-1.985072796204488,159.34082579396275,Before Launch
143,2025-05-03 22:47:20,8.851,0.66601052,0.093,26.12,0.0,0.0,-16.474396349313587,-2.041957078247506,166.52039618402574,Before Launch
144,2025-05-03 22:47:20,8.898,0.8038058,0.013,26.125,0.0,0.0,-18.12829317743506,-2.1168127403713273,168.95464711642805,Before Launch
145,2025-05-03 22:47:20,8.953,0.17716536,-0.785,26.123,0.0,0.0,-20.953091237673924,-2.1042919003279708,172.2695116396456,Before Launch
146,2025-05-03 22:47:20,9.0,-1.5255906000000001,-1.443,26.128,0.0,0.0,-23.18952339485371,-2.0714643469124807,174.17102111320418,Before Launch
147,2025-05-03 22:47:20,9.048,1.4960630400000001,1.142,26.103,0.0,0.0,-25.407094262917838,-2.073919263036978,175.34411923835367,Before Launch
148,2025-05-03 22:47:20,9.102,0.54790028,-0.685,26.123,0.0,0.0,-26.176613066404784,-2.1076321172723405,175.67504046185053,Before Launch
149,2025-05-03 22:47:20,9.15,0.06889764000000001,-1.259,26.125,0.0,0.0,-27.4760395784122,-2.190252741583316,176.08676384443265,Before Launch
150,2025-05-03 22:47:20,9.196,0.8694226,0.053,26.108,0.0,0.0,-28.40171519278287,-2.327107370713215,176.28180532099717,Before Launch
151,2025-05-03 22:47:20,9.256,-0.66929136,-0.065,26.12,0.0,0.0,-29.13011220739241,-2.353860395435356,176.4111627063181,Before Launch
152,2025-05-03 22:47:20,9.31,-0.41994752,0.305,26.128,0.0,0.0,-29.263879876785136,-2.400284501052506,176.45753245651508,Before Launch
153,2025-05-03 22:47:20,9.359,0.17716536,0.392,26.12,0.0,0.0,-29.719629582675182,-2.4010871309177193,176.50564760432866,Before Launch
154,2025-05-03 22:47:20,9.405,2.09645676,1.04,26.123,0.0,0.0,-29.960874047370286,-2.444962317390626,176.52541159023488,Before Launch
155,2025-05-03 22:47:20,9.46,-1.04002628,-0.277,26.125,0.0,0.0,-29.22753570075925,-2.3866402250627083,176.45590604524472,Before Launch
156,2025-05-03 22:47:20,9.507,1.9652231599999999,1.158,26.128,0.0,0.0,-28.158501126920452,-2.266753076920787,176.2956893794891,Before Launch
157,2025-05-03 22:47:20,9.554,0.54790028,0.499,26.118,0.0,0.0,-26.900947698165076,-2.1751553345562864,175.98483632043408,Before Launch
158,2025-05-03 22:47:20,9.612,0.41666668,1.652,26.118,0.0,0.0,-26.357358648059762,-2.187794386014353,175.84796007174575,Before Launch
159,2025-05-03 22:47:20,9.66,-0.92847772,-1.361,26.123,0.0,0.0,-25.83036861028058,-2.190456563057608,175.64429242979304,Before Launch
160,2025-05-03 22:47:20,9.71,3.27427832,2.379,26.12,0.0,0.0,-25.806095619796267,-2.2417964826840304,175.52896272175997,Before Launch
161,2025-05-03 22:47:20,9.763,1.02690292,0.7,26.113,0.0,0.0,-26.112148973384887,-2.241106629620458,175.58234579840445,Before Launch
162,2025-05-03 22:47:20,9.817,-0.43963256,-0.292,26.12,0.0,0.0,-27.690688983377836,-2.357010050734277,175.76471466974556,Before Launch
163,2025-05-03 22:47:21,9.866,1.7716536,2.239,26.115,0.0,0.0,-29.894239342454117,-2.478357650352207,176.0667035550184,Before Launch
164,2025-05-03 22:47:21,9.915,0.8891076400000001,0.178,26.11,0.0,0.0,-31.76010511223939,-2.524920036008841,176.44238253691202,Before Launch
165,2025-05-03 22:47:21,9.971,-1.17782156,-0.678,26.118,0.0,0.0,-32.59163537535023,-2.4864392849257597,176.65582913793546,Before Launch
166,2025-05-03 22:47:21,10.02,2.7854331599999997,2.054,26.088,0.0,0.0,-33.195631807020554,-2.419267852682995,176.93413408361474,Before Launch
167,2025-05-03 22:47:21,10.065,1.74540688,0.76,26.105,0.0,0.0,-33.47471773792598,-2.372937752513072,177.02280764587323,Before Launch
168,2025-05-03 22:47:21,10.12,-0.07217847999999999,-0.582,26.125,0.0,0.0,-33.39189019165157,-2.3049573776315184,177.12208300025668,Before Launch
169,2025-05-03 22:47:21,10.168,-0.20013124,-0.791,26.115,0.0,0.0,-31.468610314535383,-2.472148594875022,176.7078762857316,Before Launch
170,2025-05-03 22:47:21,10.218,0.91535436,0.584,26.083,0.0,0.0,-29.44534654090601,-2.5402823650538435,176.30778871500706,Before Launch
171,2025-05-03 22:47:21,10.272,0.17716536,1.339,26.123,0.0,0.0,-28.326720762513066,-2.5313927558233917,176.12170759104131,Before Launch
172,2025-05-03 22:47:21,10.32,1.37467196,-0.095,26.105,0.0,0.0,-25.883065157504276,-2.4805303997527077,175.69313803295026,Before Launch
173,2025-05-03 22:47:21,10.367,1.40419952,0.677,26.12,0.0,0.0,-23.30965278724651,-2.381684808029546,175.28748734753697,Before Launch
174,2025-05-03 22:47:21,10.424,0.76771656,0.549,26.12,0.0,0.0,-21.91808682874373,-2.3181292410626435,174.98548633163435,Before Launch
175,2025-05-03 22:47:21,10.471,0.98753284,0.093,26.098,0.0,0.0,-19.801334230791998,-2.2718413603078544,174.3416022631226,Before Launch
176,2025-05-03 22:47:21,10.517,0.029527559999999998,0.554,26.11,0.0,0.0,-18.08127742729497,-2.2892607226152553,173.47092581514556,Before Launch
177,2025-05-03 22:47:21,10.573,-0.80708664,-0.307,26.123,0.0,0.0,-17.153504112140922,-2.264407980825467,172.9817029290399,Before Launch
178,2025-05-03 22:47:21,10.621,1.52230976,1.066,26.118,0.0,0.0,-15.922714870478078,-2.2055174257649295,172.03799280117062,Before Launch
179,2025-05-03 22:47:21,10.668,0.049212599999999995,-1.621,26.118,0.0,0.0,-15.758135753388128,-2.1491885953997305,171.5145165478852,Before Launch
180,2025-05-03 22:47:21,10.724,0.41666668,1.152,26.063,0.0,0.0,-16.068707224191837,-2.180311152604488,171.26164836888242,Before Launch
181,2025-05-03 22:47:21,10.784,-0.07874016,-1.601,26.113,0.0,0.0,-16.326370807657643,-2.165027901098039,171.28499322933928,Before Launch
182,2025-05-03 22:47:22,10.835,0.40026248,-0.115,26.118,0.0,0.0,-17.42812067767743,-2.216436449059306,171.82516095774466,Before Launch
183,2025-05-03 22:47:22,10.885,-0.6889763999999999,-0.869,26.128,0.0,0.0,-19.78790722754077,-2.2639581544724665,172.88135965469715,Before Launch
184,2025-05-03 22:47:22,10.933,-0.43963256,0.384,26.12,0.0,0.0,-21.129925460599516,-2.3175894248934896,173.26448294415977,Before Launch
185,2025-05-03 22:47:22,10.988,-0.20013124,-2.719,26.115,0.0,0.0,-23.987474882583076,-2.3690474697365573,174.23012382457736,Before Launch
186,2025-05-03 22:47:22,11.035,2.18832028,0.913,26.093,0.0,0.0,-26.74569734132415,-2.4345264806826283,175.07087633515047,Before Launch
187,2025-05-03 22:47:22,11.084,0.049212599999999995,0.386,26.12,0.0,0.0,-28.484836347594474,-2.45639507787338,175.4791584093958,Before Launch
188,2025-05-03 22:47:22,11.132,-0.43963256,-1.747,26.12,0.0,0.0,-31.119926222454005,-2.4472269644742983,176.12945776162107,Before Launch
189,2025-05-03 22:47:22,11.179,-0.30183728,-0.942,26.125,0.0,0.0,-32.041235308608385,-2.4551653493871184,176.31727401683813,Before Launch
190,2025-05-03 22:47:22,11.233,0.66601052,1.461,26.12,0.0,0.0,-32.78787375460863,-2.383601538785721,176.6114141752625,Before Launch
191,2025-05-03 22:47:22,11.28,0.29855644,-1.974,26.12,0.0,0.0,-33.10533939305817,-2.3107785098236815,176.78902943132633,Before Launch
192,2025-05-03 22:47:22,11.327,0.41666668,-1.053,26.113,0.0,0.0,-32.61607162901229,-2.285749121192507,176.80162930796803,Before Launch
193,2025-05-03 22:47:22,11.382,0.9055118400000001,0.775,26.12,0.0,0.0,-31.606304016122024,-2.269318563854024,176.64327028742017,Before Launch
194,2025-05-03 22:47:22,11.429,-0.92847772,-0.578,26.12,0.0,0.0,-30.195765286128804,-2.437680761058626,176.32035144296557,Before Launch
195,2025-05-03 22:47:22,11.476,-0.43963256,-1.077,26.12,0.0,0.0,-28.936844256519027,-2.4589349602913892,176.09743798607548,Before Launch
196,2025-05-03 22:47:22,11.521,-0.31824148,-0.397,26.118,0.0,0.0,-26.612691389267717,-2.5555188272918143,175.54048220741876,Before Launch
197,2025-05-03 22:47:22,11.566,-0.05249344,-1.145,26.12,0.0,0.0,-23.84590699333673,-2.5951466280907165,174.91700453587666,Before Launch
198,2025-05-03 22:47:22,11.623,-0.43963256,-1.468,26.12,0.0,0.0,-22.499416095494144,-2.626961844176722,174.54020607202054,Before Launch
199,2025-05-03 22:47:22,11.669,0.17716536,-0.474,26.123,0.0,0.0,-20.06825494690378,-2.534058803386946,173.9994608072182,Before Launch
200,2025-05-03 22:47:22,11.714,4.28805788,2.655,26.123,0.0,0.0,-17.299640029578224,-2.3983401041023575,173.150248569471,Before Launch
201,2025-05-03 22:47:22,11.768,-0.79068244,-0.656,26.128,0.0,0.0,-15.835703174781809,-2.359076269301181,172.53851172163058,Before Launch
202,2025-05-03 22:47:22,11.814,1.02690292,1.478,26.113,0.0,0.0,-12.728888203141652,-2.2280453933004147,170.77044495541915,Before Launch
203,2025-05-03 22:47:23,11.863,-0.43963256,-1.58,26.12,0.0,0.0,-10.358662590230683,-2.129422796255229,169.14561504662723,Before Launch
204,2025-05-03 22:47:23,11.917,2.76902896,2.178,26.068,0.0,0.0,-9.317177678866802,-2.1172769034225247,167.84540482484493,Before Launch
205,2025-05-03 22:47:23,11.964,0.43635172,0.016,26.113,0.0,0.0,-8.207367823247262,-2.065153052349709,166.15212214216098,Before Launch
206,2025-05-03 22:47:23,12.011,0.53805776,0.503,26.118,0.0,0.0,-7.381805878767141,-2.053621685846724,163.90174395570529,Before Launch
207,2025-05-03 22:47:23,12.065,0.75787404,0.291,26.103,0.0,0.0,-7.118436291634209,-2.048386852659439,162.52566469564573,Before Launch
208,2025-05-03 22:47:23,12.113,0.54790028,1.007,26.115,0.0,0.0,-6.873928538181028,-2.0564689465415786,159.99287311591803,Before Launch
209,2025-05-03 22:47:23,12.159,-0.41994752,0.016,26.128,0.0,0.0,-6.909876157449757,-2.0798270074303375,159.14477655145413,Before Launch
210,2025-05-03 22:47:23,12.215,0.06889764000000001,0.219,26.125,0.0,0.0,-7.080029725278505,-2.0962862117493812,158.11020880351037,Before Launch
211,2025-05-03 22:47:23,12.262,1.1548556799999998,-0.842,26.118,0.0,0.0,-7.906913042585137,-2.110380720921452,159.45631382958757,Before Launch
212,2025-05-03 22:47:23,12.309,-0.05249344,-0.083,26.123,0.0,0.0,-8.620399070140657,-2.17277570983069,160.73797168237832,Before Launch
213,2025-05-03 22:47:23,12.364,-0.5577428,-0.096,26.123,0.0,0.0,-10.081260050710126,-2.1613208870345293,163.57912799844289,Before Launch
214,2025-05-03 22:47:23,12.411,-0.17060367999999998,0.107,26.13,0.0,0.0,-11.84527264547739,-2.122087027411129,166.27629993103196,Before Launch
215,2025-05-03 22:47:23,12.46,-0.92847772,-1.3,26.123,0.0,0.0,-13.18089616081325,-2.1363664667945406,167.7904029547531,Before Launch
216,2025-05-03 22:47:23,12.504,0.06889764000000001,-0.188,26.125,0.0,0.0,-15.371314653387518,-2.1287007158103584,170.11376099904666,Before Launch
217,2025-05-03 22:47:23,12.551,-1.5255906000000001,-1.587,26.113,0.0,0.0,-17.89140702838437,-2.1577202280074466,172.02448172957622,Before Launch
218,2025-05-03 22:47:23,12.607,-0.90879268,-1.481,26.13,0.0,0.0,-19.174306161230238,-2.1317037786654085,172.81360925514284,Before Launch
219,2025-05-03 22:47:23,12.659,-0.07217847999999999,0.696,26.12,0.0,0.0,-21.503630106663632,-2.060543956903808,174.1455622875967,Before Launch
220,2025-05-03 22:47:23,12.709,2.76902896,2.602,26.068,0.0,0.0,-24.76577421802303,-2.003460681527483,175.2004465558109,Before Launch
221,2025-05-03 22:47:23,12.758,-0.30183728,0.013,26.118,0.0,0.0,-26.49761773473073,-1.993088232551024,175.78704920927893,Before Launch
222,2025-05-03 22:47:23,12.812,-0.41994752,-0.295,26.128,0.0,0.0,-27.429549071720597,-2.019198887258273,175.99817320506756,Before Launch
223,2025-05-03 22:47:24,12.859,0.9350394,1.112,26.128,0.0,0.0,-30.05174126758205,-2.109186456860066,176.30842617319595,Before Launch
224,2025-05-03 22:47:24,12.906,0.17716536,0.0,26.123,0.0,0.0,-31.85108114349764,-2.227274733346116,176.41655916166033,Before Launch
225,2025-05-03 22:47:24,12.959,-0.31824148,-3.7,26.123,0.0,0.0,-33.885429127528305,-2.397968527415231,176.54026282317332,Before Launch
226,2025-05-03 22:47:24,13.018,2.296588,2.47,26.073,0.0,0.0,-35.37095440386412,-2.403892047836728,176.64609487959493,Before Launch
227,2025-05-03 22:47:24,13.068,-1.39763784,-1.933,26.123,0.0,0.0,-37.665020495776105,-2.4302991659376345,176.750480462641,Before Launch
228,2025-05-03 22:47:24,13.117,0.68569556,0.897,26.123,0.0,0.0,-38.414064632910396,-2.519640932130251,176.75743334858012,Before Launch
229,2025-05-03 22:47:24,13.172,0.19685039999999998,-2.05,26.13,0.0,0.0,-40.023756156539676,-2.5618009518708207,176.92303730831935,Before Launch
230,2025-05-03 22:47:24,13.218,0.19685039999999998,-0.191,26.123,0.0,0.0,-42.21157081243713,-2.1858769190698797,177.59940337393112,Before Launch
231,2025-05-03 22:47:24,13.264,1.05314964,0.411,26.128,0.0,0.0,-44.55836009386606,-2.090833593098962,177.90420526396093,Before Launch
232,2025-05-03 22:47:24,13.312,1.17454072,0.334,26.123,0.0,0.0,-48.689145304626194,-2.0653627740878093,178.32395783054366,Before Launch
233,2025-05-03 22:47:24,13.358,-0.41994752,-0.777,26.113,0.0,0.0,-50.654567776421736,-2.214744212377337,178.4038140540682,Before Launch
234,2025-05-03 22:47:24,13.417,0.31496064,0.584,26.128,0.0,0.0,-51.32908790228603,-2.4224839331041053,178.32266638288473,Before Launch
235,2025-05-03 22:47:24,13.463,0.31496064,0.197,26.123,0.0,0.0,-51.460308736312264,-2.5053817753714656,178.24408936102648,Before Launch
236,2025-05-03 22:47:24,13.509,0.31496064,-0.674,26.128,0.0,0.0,-50.517128120811,-2.429452194959018,178.2165732216507,Before Launch
237,2025-05-03 22:47:24,13.567,-0.65944884,-0.482,26.133,0.0,0.0,-50.158998419303316,-2.5039281189678024,178.0840491287429,Before Launch
238,2025-05-03 22:47:24,13.621,0.17716536,0.585,26.128,0.0,0.0,-49.05237270312897,-2.6203132552645405,177.95935071168546,Before Launch
239,2025-05-03 22:47:24,13.668,0.68569556,0.681,26.128,0.0,0.0,-46.86445612391116,-2.693125302736506,177.69767092206519,Before Launch
240,2025-05-03 22:47:24,13.722,-0.79068244,0.109,26.128,0.0,0.0,-43.35690449425149,-2.840294406862132,177.31390904564833,Before Launch
241,2025-05-03 22:47:24,13.777,-0.65944884,-0.572,26.125,0.0,0.0,-41.57881742580879,-2.794136904100178,177.14086057127562,Before Launch
242,2025-05-03 22:47:25,13.831,-1.15813652,0.287,26.128,0.0,0.0,-38.61866232412005,-2.963145957391598,176.78350947396777,Before Launch
243,2025-05-03 22:47:25,13.879,-0.41994752,0.384,26.128,0.0,0.0,-35.851625919947054,-3.0845596717400365,176.31082393965445,Before Launch
244,2025-05-03 22:47:25,13.928,0.8038058,0.69,26.125,0.0,0.0,-33.761795476374324,-3.0155812951302496,175.96391864885518,Before Launch
245,2025-05-03 22:47:25,13.983,0.07545932,-2.114,26.13,0.0,0.0,-28.122509455270155,-3.106007309958078,174.45608866829488,Before Launch
246,2025-05-03 22:47:25,14.032,1.03674544,1.051,26.12,0.0,0.0,-20.345657775078237,-3.161799324711573,171.0962821030518,Before Launch
247,2025-05-03 22:47:25,14.078,-0.7709973999999999,-0.277,26.135,0.0,0.0,-17.631758805533064,-3.227151883996773,169.53938605417264,Before Launch
248,2025-05-03 22:47:25,14.133,-0.05249344,-0.775,26.128,0.0,0.0,-14.396149514321092,-3.2840232154115268,167.1203550390053,Before Launch
249,2025-05-03 22:47:25,14.179,-0.0328084,-0.165,26.135,0.0,0.0,-11.418176623157734,-3.4098823075571425,161.67662050725693,Before Launch
250,2025-05-03 22:47:25,14.228,-0.65944884,-0.269,26.128,0.0,0.0,-8.971855453925084,-3.29270600240333,154.8762845653239,Before Launch
251,2025-05-03 22:47:25,14.284,1.03674544,-0.995,26.123,0.0,0.0,-7.490925675421583,-3.215911977773999,151.81784191058856,Before Launch
252,2025-05-03 22:47:25,14.34,0.19685039999999998,1.254,26.133,0.0,0.0,-7.071623174875575,-2.9636258841435192,151.85931520021367,Before Launch
253,2025-05-03 22:47:25,14.385,2.76902896,1.643,26.068,0.0,0.0,-6.914111023516239,-2.781340150508602,155.02946389626135,Before Launch
254,2025-05-03 22:47:25,14.44,1.02690292,0.655,26.113,0.0,0.0,-8.246149385532213,-2.5310971283949963,160.6927723518585,Before Launch
255,2025-05-03 22:47:25,14.488,-0.29199475999999996,-0.385,26.125,0.0,0.0,-9.147382047986945,-2.3879910745980735,164.14359753289716,Before Launch
256,2025-05-03 22:47:25,14.546,0.66601052,-0.302,26.12,0.0,0.0,-9.478335224396247,-2.3513224377612314,165.27387306375027,Before Launch
257,2025-05-03 22:47:25,14.593,-0.0328084,-0.943,26.135,0.0,0.0,-10.098853708525041,-2.259479179620853,166.62380074807962,Before Launch
258,2025-05-03 22:47:25,14.639,0.07545932,0.387,26.128,0.0,0.0,-10.32080566946227,-2.183461856610241,167.10515595228702,Before Launch
259,2025-05-03 22:47:25,14.694,-0.29199475999999996,-0.475,26.133,0.0,0.0,-10.366389626611882,-2.1814489318064263,167.24913614830572,Before Launch
260,2025-05-03 22:47:25,14.741,0.68569556,0.29,26.128,0.0,0.0,-10.467779216928784,-2.182811199660879,167.4657669135583,Before Launch
261,2025-05-03 22:47:25,14.789,0.07545932,-0.187,26.133,0.0,0.0,-10.444866070603462,-2.1575390587652143,167.54786664864156,Before Launch
262,2025-05-03 22:47:26,14.842,0.07545932,0.576,26.13,0.0,0.0,-10.522225237784893,-2.159431537921112,168.0065173948767,Before Launch
263,2025-05-03 22:47:26,14.892,-0.15419948,-0.261,26.137,0.0,0.0,-11.028995570055528,-2.1380295818103856,168.81288533860118,Before Launch
264,2025-05-03 22:47:26,14.941,0.21653544,-0.369,26.14,0.0,0.0,-11.84557891225602,-2.1178202527691106,169.73068808949617,Before Launch
265,2025-05-03 22:47:26,14.996,1.18438324,1.55,26.133,0.0,0.0,-12.111218935605281,-2.124624044130111,170.06100725604028,Before Launch
266,2025-05-03 22:47:26,15.043,0.8038058,1.156,26.137,0.0,0.0,-12.632958346489053,-2.1500787094119365,170.5935681778497,Before Launch
267,2025-05-03 22:47:26,15.088,0.33464568,1.188,26.135,0.0,0.0,-13.11819128749797,-2.1356188254093986,170.9313114847368,Before Launch
268,2025-05-03 22:47:26,15.144,1.05314964,1.165,26.128,0.0,0.0,-13.881993923890036,-1.5419275868977715,171.33405076935213,Before Launch
269,2025-05-03 22:47:26,15.19,0.44619424,-0.283,26.09,0.0,0.0,-13.076076443968166,-0.46538955543936367,170.11301144901768,Before Launch
270,2025-05-03 22:47:26,15.237,0.7053806,0.502,26.135,0.0,0.0,-12.464479204998467,0.12862543383360014,169.2552553410136,Before Launch
271,2025-05-03 22:47:26,15.293,-0.50524936,-1.223,26.145,0.0,0.0,-12.253269036959065,1.089400856870052,168.65603004824797,Before Launch
272,2025-05-03 22:47:26,15.341,1.64370084,1.912,26.115,0.0,0.0,-12.601981464713607,1.1999339665499975,168.831089647799,Before Launch
273,2025-05-03 22:47:26,15.389,-0.0328084,0.016,26.135,0.0,0.0,-13.151229003492624,2.388281991218261,69.64123614368212,Before Launch
274,2025-05-03 22:47:26,15.442,1.9947507199999999,1.605,26.108,0.0,0.0,-13.356627074179904,3.808168350648273,0.15440393685571507,Before Launch
275,2025-05-03 22:47:26,15.495,-0.52165356,0.109,26.137,0.0,0.0,-13.333096648517527,7.479037106325075,-77.49898620018745,Before Launch
276,2025-05-03 22:47:26,15.54,0.9514436,-0.068,26.135,0.0,0.0,-12.680639734876788,11.349498100520412,-110.04384797072339,Before Launch
277,2025-05-03 22:47:26,15.596,1.12860896,0.742,26.137,0.0,0.0,-12.380558687812108,14.864698299882157,-122.13094154281457,Before Launch
278,2025-05-03 22:47:26,15.654,2.55577436,-0.168,26.063,0.0,0.0,-12.357103435508694,16.30765663659516,-124.76014216370675,Before Launch
279,2025-05-03 22:47:26,15.715,2.14238852,0.875,26.12,0.0,0.0,-12.001558302088812,18.35550544036459,-127.27449859278583,Before Launch
280,2025-05-03 22:47:26,15.763,2.9330709600000002,2.529,26.088,0.0,0.0,-11.38596367331141,20.064437670213593,-125.83886506033447,Before Launch
281,2025-05-03 22:47:26,15.813,-0.50524936,-0.924,26.075,0.0,0.0,-11.167393733377166,21.862184927466785,-123.27212298401335,Before Launch
282,2025-05-03 22:47:27,15.866,0.46259843999999994,0.389,26.14,0.0,0.0,-11.072468334855486,22.70117482136332,-122.19314484748342,Before Launch
283,2025-05-03 22:47:27,15.912,0.33464568,0.204,26.135,0.0,0.0,-10.834792126998865,24.10840245068701,-120.64921395221006,Before Launch
284,2025-05-03 22:47:27,15.961,0.09514436,0.306,26.14,0.0,0.0,-10.701766989009004,24.602684148881586,-120.1031370668619,Before Launch
285,2025-05-03 22:47:27,16.02,-0.27230972000000003,-0.749,26.125,0.0,0.0,-10.563049082918868,25.29443837085392,-119.07415226045654,Before Launch
286,2025-05-03 22:47:27,16.067,-0.15419948,-0.18,26.137,0.0,0.0,-10.787515653247377,25.858856513154965,-118.05847096646663,Before Launch
287,2025-05-03 22:47:27,16.118,0.7053806,0.494,26.143,0.0,0.0,-10.929623469386195,26.546431145223348,-116.97626588532674,Before Launch
288,2025-05-03 22:47:27,16.172,-0.6430446400000001,-0.382,26.14,0.0,0.0,-10.867526245700601,26.876038054157487,-116.75828842145827,Before Launch
289,2025-05-03 22:47:27,16.227,-0.6430446400000001,-0.668,26.14,0.0,0.0,-10.352130596813526,27.112945470992834,-116.73870457529874,Before Launch
290,2025-05-03 22:47:27,16.273,1.32217852,0.108,26.14,0.0,0.0,-10.351372395092174,27.039437027566215,-115.98337590877813,Before Launch
291,2025-05-03 22:47:27,16.325,0.46259843999999994,-0.266,26.143,0.0,0.0,-10.44257749670898,26.941551335191804,-115.46406466653099,Before Launch
292,2025-05-03 22:47:27,16.373,0.68569556,0.273,26.147,0.0,0.0,-10.930077374093564,26.691187121795277,-114.8992337006673,Before Launch
293,2025-05-03 22:47:27,16.419,0.83333336,-0.172,26.113,0.0,0.0,-11.071153778333988,26.543515215107654,-114.73034737503369,Before Launch
294,2025-05-03 22:47:27,16.472,2.07677172,1.272,26.143,0.0,0.0,-10.921710426572895,26.220034474888422,-115.14658239431158,Before Launch
295,2025-05-03 22:47:27,16.521,-0.25590552,-0.749,26.137,0.0,0.0,-10.715063480308007,25.25000379157158,-116.28229637491535,Before Launch
296,2025-05-03 22:47:27,16.567,0.54790028,0.827,26.123,0.0,0.0,-10.618249066297244,24.498471366769497,-116.89308316091041,Before Launch
297,2025-05-03 22:47:27,16.62,-0.40354332,-1.601,26.14,0.0,0.0,-10.527711333436818,22.790918601119785,-118.00427648398161,Before Launch
298,2025-05-03 22:47:27,16.666,-1.3779527999999999,-1.053,26.135,0.0,0.0,-10.084748281996909,20.87065208259037,-118.48586905376708,Before Launch
299,2025-05-03 22:47:27,16.715,0.46259843999999994,-1.204,26.14,0.0,0.0,-9.935726375707084,19.8796679903003,-118.93210281157214,Before Launch
300,2025-05-03 22:47:27,16.761,-0.87270344,-0.277,26.145,0.0,0.0,-9.642287133217371,17.81803779010619,-120.44228163810642,Before Launch
301,2025-05-03 22:47:27,16.814,-0.02296588,-0.765,26.135,0.0,0.0,-9.427911545049666,15.971287447258417,-122.20028731711342,Before Launch
302,2025-05-03 22:47:28,16.863,-1.4074803599999999,-2.002,26.125,0.0,0.0,-9.336231024310278,15.217571262263379,-123.10613929085713,Before Launch
303,2025-05-03 22:47:28,16.91,-1.72900268,-3.411,26.147,0.0,0.0,-9.34160180032621,13.772797107485964,-125.177903240284,Before Launch
304,2025-05-03 22:47:28,16.956,0.09514436,-1.65,26.128,0.0,0.0,-9.104356241693894,12.273716445140902,-127.99415639398381,Before Launch
305,2025-05-03 22:47:28,17.011,-0.9908136799999999,-3.144,26.147,0.0,0.0,-8.96888586532769,11.478886311441471,-129.68809444490134,Before Launch
306,2025-05-03 22:47:28,17.058,0.24278216,0.601,26.153,0.0,0.0,-8.63334999248362,10.138663583066235,-132.44139734097357,Before Launch
307,2025-05-03 22:47:28,17.103,-1.47965884,-1.57,26.137,0.0,0.0,-8.480256735601948,8.568835356254409,-136.8136756047653,Before Launch
308,2025-05-03 22:47:28,17.157,-0.61351708,-0.762,26.155,0.0,0.0,-8.308156943944432,7.838934027610269,-139.21639100201168,Before Launch
309,2025-05-03 22:47:28,17.213,-0.86286092,-0.765,26.143,0.0,0.0,-8.232419148774355,6.27512037845447,-144.94280604430892,Before Launch
310,2025-05-03 22:47:28,17.261,-1.60104992,-1.071,26.153,0.0,0.0,-8.369613498509953,5.310821549377054,-148.78755394189568,Before Launch
311,2025-05-03 22:47:28,17.312,0.34448819999999997,0.401,26.143,0.0,0.0,-8.585286750278945,4.283132573264404,-153.44430998373414,Before Launch
312,2025-05-03 22:47:28,17.368,-0.87270344,-1.262,26.145,0.0,0.0,-8.521719212416873,3.775766413707082,-156.13473030900306,Before Launch
313,2025-05-03 22:47:28,17.415,-0.89238848,-0.201,26.137,0.0,0.0,-8.274010660560744,2.8927851115511314,-161.4930828428847,Before Launch
314,2025-05-03 22:47:28,17.462,0.11482940000000001,0.614,26.147,0.0,0.0,-8.281127605862318,2.4762906122768817,-163.98380641578945,Before Launch
315,2025-05-03 22:47:28,17.509,1.32217852,0.0,26.15,0.0,0.0,-8.4501493942198,1.6896511237878473,-169.1822701072748,Before Launch
316,2025-05-03 22:47:28,17.556,-0.74475068,-0.981,26.147,0.0,0.0,-8.493292406391515,1.319332181271507,-171.75723475268973,Before Launch
317,2025-05-03 22:47:28,17.608,0.66601052,-0.016,26.12,0.0,0.0,-8.374847920657889,0.4964051120511266,-70.0440632871295,Before Launch
318,2025-05-03 22:47:28,17.659,-0.00656168,-0.677,26.15,0.0,0.0,-8.249123628097292,-0.25088302965921827,55.70762586756424,Before Launch
319,2025-05-03 22:47:28,17.708,0.5839895199999999,-1.208,26.137,0.0,0.0,-8.253584494704628,-0.5794464726516447,90.90555780215323,Before Launch
320,2025-05-03 22:47:28,17.764,0.34448819999999997,0.483,26.143,0.0,0.0,-8.178080496562082,-0.7652616615569094,132.9367014465518,Before Launch
321,2025-05-03 22:47:28,17.809,0.5839895199999999,0.029,26.137,0.0,0.0,-8.03754696161054,-1.171197085628323,152.48924786620364,Before Launch
322,2025-05-03 22:47:29,17.855,-0.74475068,-0.276,26.15,0.0,0.0,-7.938916474055837,-1.5614577195397867,156.6353577933878,Before Launch
323,2025-05-03 22:47:29,17.905,-0.00656168,1.107,26.15,0.0,0.0,-7.794461547825282,-2.0499862198741248,161.7266035054838,Before Launch
324,2025-05-03 22:47:29,17.951,-0.24606299999999998,-0.573,26.15,0.0,0.0,-7.831346215288947,-2.2391802800398057,163.18548606811146,Before Launch
325,2025-05-03 22:47:29,17.997,-0.86286092,0.008,26.153,0.0,0.0,-7.886113099080706,-2.4472309548859577,165.15263094209428,Before Launch
326,2025-05-03 22:47:29,18.042,1.3484252399999999,1.117,26.143,0.0,0.0,-7.856135275411366,-2.1668974706673296,167.51030089593132,Before Launch
327,2025-05-03 22:47:29,18.1,0.34448819999999997,1.416,26.088,0.0,0.0,-7.8054269433274355,-2.0184263312842923,168.07437357450146,Before Launch
328,2025-05-03 22:47:29,18.145,0.12467191999999999,1.501,26.155,0.0,0.0,-7.663609486742317,-1.7628635362935243,168.62338296049805,Before Launch
329,2025-05-03 22:47:29,18.196,0.8530184000000001,0.611,26.12,0.0,0.0,-7.582848912022294,-1.4929565530350768,168.37706934754635,Before Launch
330,2025-05-03 22:47:29,18.246,1.46981632,1.992,26.15,0.0,0.0,-7.547350169499048,-1.0916620985440275,167.50588303363557,Before Launch
331,2025-05-03 22:47:29,18.3,0.48228348,0.193,26.147,0.0,0.0,-7.476106374825444,-0.8380377502712555,167.11019310834277,Before Launch
332,2025-05-03 22:47:29,18.348,-0.24606299999999998,0.991,26.155,0.0,0.0,-7.369035382951566,-0.390284556480443,166.50786803834788,Before Launch
333,2025-05-03 22:47:29,18.395,0.75131236,1.102,26.155,0.0,0.0,-7.366798626017059,-0.017649724419855572,167.27567109993885,Before Launch
334,2025-05-03 22:47:29,18.449,-0.12467191999999999,0.597,26.15,0.0,0.0,-7.368700388023545,0.974340354817213,173.85708014456387,Before Launch
335,2025-05-03 22:47:29,18.507,0.24278216,1.48,26.153,0.0,0.0,-7.408654602719102,1.8365717429881303,74.03867074928392,Before Launch
336,2025-05-03 22:47:29,18.553,2.08661424,1.404,26.147,0.0,0.0,-7.261139023380565,3.7910189693332987,-40.81382830851545,Before Launch
337,2025-05-03 22:47:29,18.599,1.22047248,1.7,26.147,0.0,0.0,-7.184715330532396,4.865095991606893,-72.46622301283819,Before Launch
338,2025-05-03 22:47:29,18.654,0.61023624,1.213,26.153,0.0,0.0,-7.201036215946691,6.824662505108633,-107.11410913409642,Before Launch
339,2025-05-03 22:47:29,18.708,0.46259843999999994,0.279,26.14,0.0,0.0,-7.270568967280748,8.947170210986034,-120.79538547805507,Before Launch
340,2025-05-03 22:47:29,18.753,-1.09251972,-1.941,26.153,0.0,0.0,-7.453252198078645,11.11163420191415,-124.09832420498488,Before Launch
341,2025-05-03 22:47:29,18.808,0.8530184000000001,1.276,26.143,0.0,0.0,-7.6628154727474165,13.316858509567354,-123.11199794317794,Before Launch
342,2025-05-03 22:47:30,18.864,0.12467191999999999,-0.431,26.155,0.0,0.0,-7.718567653233839,14.224422394830665,-122.17199213895137,Before Launch
343,2025-05-03 22:47:30,18.909,-0.12467191999999999,-0.094,26.145,0.0,0.0,-7.667984658732392,16.099567943069097,-119.84348284820372,Before Launch
344,2025-05-03 22:47:30,18.953,0.73162732,0.119,26.15,0.0,0.0,-7.601468265722497,17.02408434913971,-118.71733583015,Before Launch
345,2025-05-03 22:47:30,19.008,0.75131236,0.327,26.155,0.0,0.0,-7.430060603935761,18.55714982634347,-116.84738434368452,Before Launch
346,2025-05-03 22:47:30,19.057,1.46981632,0.71,26.15,0.0,0.0,-7.285210832962905,19.653046312475468,-115.34182172984123,Before Launch
347,2025-05-03 22:47:30,19.103,0.24278216,0.791,26.147,0.0,0.0,-7.267559935093411,20.949412132863696,-113.71414849209229,Before Launch
348,2025-05-03 22:47:30,19.161,1.59776908,1.277,26.155,0.0,0.0,-7.310868611063017,21.557533052986944,-112.87398285462216,Before Launch
349,2025-05-03 22:47:30,19.208,0.73162732,0.778,26.15,0.0,0.0,-7.247816325283933,22.765838029924353,-111.33931560207074,Before Launch
350,2025-05-03 22:47:30,19.254,2.58202108,2.741,26.095,0.0,0.0,-7.209365600587887,23.38800458921097,-110.61873659820232,Before Launch
351,2025-05-03 22:47:30,19.307,0.73162732,-0.488,26.15,0.0,0.0,-7.328173406531494,24.686839650692505,-109.30994740778702,Before Launch
352,2025-05-03 22:47:30,19.355,0.73162732,0.308,26.15,0.0,0.0,-7.412325814819987,25.99169898399545,-108.24246307163386,Before Launch
353,2025-05-03 22:47:30,19.4,0.01312336,-0.089,26.157,0.0,0.0,-7.443780703139794,26.47639113192239,-107.83422949772265,Before Launch
354,2025-05-03 22:47:30,19.453,0.01312336,-0.668,26.153,0.0,0.0,-7.436043425420544,27.439650742602968,-107.0947063885541,Before Launch
355,2025-05-03 22:47:30,19.501,0.01312336,-1.161,26.157,0.0,0.0,-7.3013942263873135,28.27643898940967,-106.1635124167566,Before Launch
356,2025-05-03 22:47:30,19.549,0.98097116,0.399,26.16,0.0,0.0,-7.091828190760758,28.6770654347497,-105.46332136640916,Before Launch
357,2025-05-03 22:47:30,19.607,0.01312336,0.206,26.155,0.0,0.0,-7.0176995892759875,28.77220125039767,-105.24294264956158,Before Launch
358,2025-05-03 22:47:30,19.66,0.01312336,-0.584,26.157,0.0,0.0,-6.731350814368628,28.75683180868917,-105.10442452291366,Before Launch
359,2025-05-03 22:47:30,19.712,0.48228348,0.481,26.147,0.0,0.0,-6.664507956207984,28.62842516524403,-104.98335085109932,Before Launch
360,2025-05-03 22:47:30,19.762,-1.11220476,-1.08,26.145,0.0,0.0,-6.72217296339178,28.438236761888316,-104.7734566445251,Before Launch
361,2025-05-03 22:47:30,19.82,-0.61351708,-2.131,26.155,0.0,0.0,-6.742490817209833,28.319372894658947,-104.70774354420787,Before Launch
362,2025-05-03 22:47:31,19.867,1.9685039999999998,0.59,26.155,0.0,0.0,-6.650931118126966,27.73430044045802,-104.58956127823551,Before Launch
363,2025-05-03 22:47:31,19.914,0.8595800800000001,0.198,26.15,0.0,0.0,-6.440512758286326,26.65457597143667,-104.79421737128104,Before Launch
364,2025-05-03 22:47:31,19.969,0.01312336,-0.356,26.153,0.0,0.0,-6.2124710111296455,25.28516881354836,-105.17538080263985,Before Launch
365,2025-05-03 22:47:31,20.027,-0.00656168,0.852,26.15,0.0,0.0,-6.121906251624996,24.556956933229216,-105.36171580673181,Before Launch
366,2025-05-03 22:47:31,20.08,-0.25590552,-0.872,26.147,0.0,0.0,-6.094512649374459,22.96616201023828,-105.87015937248356,Before Launch
367,2025-05-03 22:47:31,20.131,0.12467191999999999,0.0,26.155,0.0,0.0,-5.852761038318734,21.5370952627804,-106.48292236487964,Before Launch
368,2025-05-03 22:47:31,20.181,-0.4757218,-0.276,26.157,0.0,0.0,-5.705252643326429,20.133674549005306,-107.25796692031525,Before Launch
369,2025-05-03 22:47:31,20.236,0.2624672,-0.366,26.16,0.0,0.0,-5.711311512835695,19.415394142608758,-107.69007841420552,Before Launch
370,2025-05-03 22:47:31,20.284,0.48228348,-0.211,26.147,0.0,0.0,-5.715041600046615,17.880401437118827,-108.52943400843083,Before Launch
371,2025-05-03 22:47:31,20.329,0.8595800800000001,-0.48,26.153,0.0,0.0,-5.741266172107565,17.02067120799279,-109.10997899135218,Before Launch
372,2025-05-03 22:47:31,20.373,-0.72506564,-0.762,26.157,0.0,0.0,-5.641549012572633,15.395962514656564,-110.41307444740333,Before Launch
373,2025-05-03 22:47:31,20.419,0.51181104,-0.863,26.16,0.0,0.0,-5.607328368860494,14.590148132723193,-111.12196480768628,Before Launch
374,2025-05-03 22:47:31,20.464,3.94028884,2.555,26.098,0.0,0.0,-5.611634344481094,13.071788142534498,-112.57351563028024,Before Launch
375,2025-05-03 22:47:31,20.518,0.75131236,-1.448,26.157,0.0,0.0,-5.772636460913123,11.794192361460684,-113.76016095080135,Before Launch
376,2025-05-03 22:47:31,20.565,2.6574804000000003,1.531,26.157,0.0,0.0,-6.111586048856608,10.434483979133294,-114.96714021850362,Before Launch
377,2025-05-03 22:47:31,20.621,2.19488196,1.156,26.088,0.0,0.0,-6.301517755338538,9.729286949174163,-116.05903238553168,Before Launch
378,2025-05-03 22:47:31,20.667,0.2624672,0.197,26.16,0.0,0.0,-6.1957085518378054,8.708840655836923,-118.96141202274,Before Launch
379,2025-05-03 22:47:31,20.715,0.46259843999999994,0.356,26.16,0.0,0.0,-5.831497637210405,6.674391542816141,-128.5797383802201,Before Launch
380,2025-05-03 22:47:31,20.77,2.7034121599999996,2.12,26.093,0.0,0.0,-5.915124502770032,5.553083661800345,-136.4025046855527,Before Launch
381,2025-05-03 22:47:32,20.826,-0.35761156,-1.048,26.157,0.0,0.0,-6.096992497772805,3.4139128798198635,-151.29880145172257,Before Launch
382,2025-05-03 22:47:32,20.877,0.98097116,0.762,26.153,0.0,0.0,-6.706531872647509,1.6318949102840097,-164.05941774208816,Before Launch
383,2025-05-03 22:47:32,20.922,1.22047248,0.957,26.165,0.0,0.0,-6.8206772771034,0.5041718651518204,-172.2091473499596,Before Launch
384,2025-05-03 22:47:32,20.978,1.40419952,0.728,26.12,0.0,0.0,-6.7388614764077515,0.03715386384036258,-69.42427691228953,Before Launch
385,2025-05-03 22:47:32,21.026,-0.72506564,0.306,26.157,0.0,0.0,-7.112439863288709,0.14131812445784125,56.41367574250213,Before Launch
386,2025-05-03 22:47:32,21.073,0.38057744,0.793,26.153,0.0,0.0,-6.678075492172186,-0.12165508042203871,117.53657955844301,Before Launch
387,2025-05-03 22:47:32,21.128,-0.10826772,-1.647,26.165,0.0,0.0,-6.51809648044675,-0.4750915020857692,133.7914397172177,Before Launch
388,2025-05-03 22:47:32,21.175,-0.22637796000000002,-0.861,26.16,0.0,0.0,-6.702250738692946,-1.4009600278291572,150.01907286041484,Before Launch
389,2025-05-03 22:47:32,21.223,-0.49540683999999996,-0.406,26.153,0.0,0.0,-6.946336014500765,-1.6882730224731248,154.84021965392085,Before Launch
390,2025-05-03 22:47:32,21.269,0.36417324,0.298,26.15,0.0,0.0,-7.291100426702075,-2.078280933114279,160.9835840296113,Before Launch
391,2025-05-03 22:47:32,21.316,-0.84317588,-0.475,26.16,0.0,0.0,-7.628235963371815,-2.1822972477879317,164.73299838746982,Before Launch
392,2025-05-03 22:47:32,21.371,-0.22637796000000002,-0.283,26.163,0.0,0.0,-7.918091679413504,-2.229727157824197,166.26150918397673,Before Launch
393,2025-05-03 22:47:32,21.418,-0.72506564,-0.202,26.157,0.0,0.0,-8.634417520274189,-2.2477564628074957,168.9498096684023,Before Launch
394,2025-05-03 22:47:32,21.465,0.02296588,-0.195,26.15,0.0,0.0,-9.135592259954706,-2.2315903919408178,170.60773068255656,Before Launch
395,2025-05-03 22:47:32,21.521,0.62992128,0.119,26.157,0.0,0.0,-9.464147148834552,-2.175425939970829,171.2883507992818,Before Launch
396,2025-05-03 22:47:32,21.568,-0.24606299999999998,-0.892,26.155,0.0,0.0,-10.385552629627494,-2.1140915120917807,172.10551390680916,Before Launch
397,2025-05-03 22:47:32,21.613,0.61023624,1.077,26.163,0.0,0.0,-11.623766069748848,-2.115618745296713,172.73306025847785,Before Launch
398,2025-05-03 22:47:32,21.669,2.2080053200000003,1.357,26.155,0.0,0.0,-12.06633900122105,-2.0622192994480115,172.9594227019386,Before Launch
399,2025-05-03 22:47:32,21.717,-0.9842519999999999,-3.93,26.155,0.0,0.0,-12.729680636158164,-2.07991949697406,173.51241489513234,Before Launch
400,2025-05-03 22:47:32,21.764,-0.00656168,-0.608,26.15,0.0,0.0,-14.5568575049511,-2.2307187451422577,174.22324669391367,Before Launch
401,2025-05-03 22:47:32,21.819,0.75131236,-1.52,26.157,0.0,0.0,-15.962291357843485,-2.3413363223302777,174.670104187213,Before Launch
402,2025-05-03 22:47:33,21.876,0.75131236,-1.15,26.157,0.0,0.0,-17.817630286987256,-2.533273239198325,175.59498884359272,Before Launch
403,2025-05-03 22:47:33,21.922,0.61023624,0.277,26.153,0.0,0.0,-18.92462040221408,-2.511580687389885,176.55834967812123,Before Launch
404,2025-05-03 22:47:33,21.967,0.98097116,0.414,26.15,0.0,0.0,-21.006961833512662,-2.507256605606391,177.42004491980305,Before Launch
405,2025-05-03 22:47:33,22.018,0.8530184000000001,-1.483,26.147,0.0,0.0,-23.856916279950223,-2.4204340140676086,178.68148864091248,Before Launch
406,2025-05-03 22:47:33,22.067,-0.10826772,0.201,26.16,0.0,0.0,-25.356702643649452,-2.3952726741283725,179.2434531750983,Before Launch
407,2025-05-03 22:47:33,22.12,0.14107612,-0.676,26.15,0.0,0.0,-25.9019189569996,-2.4959350528771016,179.17393601447188,Before Launch
408,2025-05-03 22:47:33,22.174,0.87926512,-0.273,26.157,0.0,0.0,-26.013613040123413,-2.4687069652701545,179.19331615462522,Before Launch
409,2025-05-03 22:47:33,22.229,-0.4757218,-1.503,26.16,0.0,0.0,-26.010879267647596,-2.448692515865531,179.2273864872073,Before Launch
410,2025-05-03 22:47:33,22.276,-0.84317588,-0.094,26.16,0.0,0.0,-25.998470143260075,-2.381017824091368,179.25266691336617,Before Launch
411,2025-05-03 22:47:33,22.321,0.62992128,0.2,26.15,0.0,0.0,-25.94664800812144,-2.3414208350099384,179.25411393139075,Before Launch
412,2025-05-03 22:47:33,22.375,0.14107612,0.2,26.163,0.0,0.0,-25.917093977377828,-2.3394980676880386,179.234683556065,Before Launch
413,2025-05-03 22:47:33,22.423,1.48622052,1.372,26.157,0.0,0.0,-25.925057339675444,-2.2953219189651732,179.2705328908564,Before Launch
414,2025-05-03 22:47:33,22.471,1.48622052,1.588,26.165,0.0,0.0,-25.926378917424124,-2.251488387383986,179.22736804180667,Before Launch
415,2025-05-03 22:47:33,22.526,-0.59711288,-0.765,26.163,0.0,0.0,-25.94127653153314,-2.2385375906705764,179.1443622901985,Before Launch
416,2025-05-03 22:47:33,22.571,0.2788714,0.894,26.167,0.0,0.0,-25.991547112289325,-2.246175219904956,179.05218837974445,Before Launch
417,2025-05-03 22:47:33,22.618,-0.12467191999999999,0.082,26.153,0.0,0.0,-25.983777550826282,-2.242135160990807,178.98727007242596,Before Launch
418,2025-05-03 22:47:33,22.676,0.14107612,0.689,26.163,0.0,0.0,-26.00299522289663,-2.2809733587663543,178.9557363988082,Before Launch
419,2025-05-03 22:47:33,22.732,0.38057744,0.282,26.157,0.0,0.0,-26.034101738413455,-2.2599723369742377,178.93772323562482,Before Launch
420,2025-05-03 22:47:33,22.779,0.49212599999999995,-0.11,26.155,0.0,0.0,-26.04471284647336,-2.2422627815007545,178.9025805575225,Before Launch
421,2025-05-03 22:47:34,22.828,0.49212599999999995,0.586,26.155,0.0,0.0,-26.08703632794612,-2.2366989988358816,178.83832790895406,Before Launch
422,2025-05-03 22:47:34,22.874,0.76115488,0.12,26.16,0.0,0.0,-26.182561158361555,-2.2256416266063246,178.7774760355753,Before Launch
423,2025-05-03 22:47:34,22.919,0.97112864,-0.99,26.145,0.0,0.0,-26.19872456785955,-2.2090926129773365,178.7084226978782,Before Launch
424,2025-05-03 22:47:34,22.974,-0.45603676000000004,0.42,26.167,0.0,0.0,-26.210508147509696,-2.242422737711711,178.67794590419035,Before Launch
425,2025-05-03 22:47:34,23.022,-0.59711288,-0.469,26.165,0.0,0.0,-26.269887825112622,-2.232298910138076,178.610518321234,Before Launch
426,2025-05-03 22:47:34,23.068,0.51181104,-0.192,26.163,0.0,0.0,-26.284280803499243,-2.25222088653526,178.5369646066565,Before Launch
427,2025-05-03 22:47:34,23.122,1.0006561999999999,0.2,26.163,0.0,0.0,-26.250904892104707,-2.28062743013006,178.44385189853924,Before Launch
428,2025-05-03 22:47:34,23.172,-1.0826772,-1.354,26.165,0.0,0.0,-26.246683491798493,-2.2781104282500158,178.29655438137925,Before Launch
429,2025-05-03 22:47:34,23.22,1.1187664400000001,0.11,26.115,0.0,0.0,-26.235054885396327,-2.2773371401690508,178.24427754660098,Before Launch
430,2025-05-03 22:47:34,23.274,-1.2139108,-1.646,26.16,0.0,0.0,-26.216552720270435,-2.3034385022987767,178.15662267068325,Before Launch
431,2025-05-03 22:47:34,23.321,0.38057744,0.39,26.157,0.0,0.0,-26.184043456645497,-2.2874310404818496,178.1728913227838,Before Launch
432,2025-05-03 22:47:34,23.366,-1.09251972,-0.99,26.155,0.0,0.0,-26.161182156194513,-2.254617714829428,178.2078771412546,Before Launch
433,2025-05-03 22:47:34,23.423,0.8530184000000001,-0.021,26.147,0.0,0.0,-26.18146511936933,-2.1910352770432353,178.20059235036422,Before Launch
434,2025-05-03 22:47:34,23.472,0.09514436,0.459,26.14,0.0,0.0,-26.202202086893916,-2.2150684001748444,178.117043690868,Before Launch
435,2025-05-03 22:47:34,23.519,-0.10826772,0.591,26.125,0.0,0.0,-26.227950810222392,-2.169263776667093,178.0875548213427,Before Launch
436,2025-05-03 22:47:34,23.576,0.61023624,-0.016,26.15,0.0,0.0,-26.223967948482972,-2.1501365208431134,178.04792999095568,Before Launch
437,2025-05-03 22:47:34,23.63,2.214567,1.652,26.145,0.0,0.0,-26.190600236436964,-2.1520921314395194,177.9936520108995,Before Launch
438,2025-05-03 22:47:34,23.689,-0.49540683999999996,-1.565,26.153,0.0,0.0,-26.194238763573026,-2.1501649245688714,177.97820415458972,Before Launch
439,2025-05-03 22:47:34,23.744,-0.50524936,-1.564,26.145,0.0,0.0,-26.161886712501552,-2.1685614160141564,177.95875648936547,Before Launch
440,2025-05-03 22:47:34,23.794,0.8530184000000001,1.144,26.147,0.0,0.0,-26.173561354728342,-2.1773061694729776,177.85956818901238,Before Launch
441,2025-05-03 22:47:35,23.841,-0.37401576000000003,-0.514,26.145,0.0,0.0,-26.19086260977672,-2.2090541646490545,177.73662705063626,Before Launch
442,2025-05-03 22:47:35,23.894,0.61023624,0.576,26.153,0.0,0.0,-26.203793495364934,-2.1898629249239603,177.69522537595336,Before Launch
443,2025-05-03 22:47:35,23.941,0.83333336,0.547,26.14,0.0,0.0,-26.2180991572856,-2.1905410390398568,177.64301389861978,Before Launch
444,2025-05-03 22:47:35,23.987,1.50590556,0.897,26.15,0.0,0.0,-26.27158278240013,-2.263918386517418,177.58364637242894,Before Launch
445,2025-05-03 22:47:35,24.042,3.17257228,2.122,26.083,0.0,0.0,-26.28505702451612,-2.259090360484753,177.55476215055114,Before Launch
446,2025-05-03 22:47:35,24.089,0.97112864,0.38,26.145,0.0,0.0,-26.233906879082074,-2.2405150860076413,177.48551173754612,Before Launch
447,2025-05-03 22:47:35,24.136,1.70931764,0.751,26.145,0.0,0.0,-26.240775130740023,-2.2448549559576714,177.46821141668778,Before Launch
448,2025-05-03 22:47:35,24.191,0.97112864,0.0,26.145,0.0,0.0,-26.251429124463073,-2.232640964268092,177.42703751579782,Before Launch
449,2025-05-03 22:47:35,24.238,0.60367456,0.838,26.145,0.0,0.0,-26.237390524799302,-2.200633292711455,177.48941594950963,Before Launch
450,2025-05-03 22:47:35,24.285,0.34448819999999997,0.746,26.143,0.0,0.0,-26.24185687738819,-2.1951224252268045,177.50359088175657,Before Launch
451,2025-05-03 22:47:35,24.338,0.24278216,-0.212,26.153,0.0,0.0,-26.24832474536777,-2.1780309237990587,177.47520717388116,Before Launch
452,2025-05-03 22:47:35,24.386,0.75131236,-0.197,26.157,0.0,0.0,-26.271354072607807,-2.1432979440118256,177.48582720372562,Before Launch
453,2025-05-03 22:47:35,24.432,0.75131236,1.456,26.157,0.0,0.0,-26.27305101853971,-2.1705217154963705,177.4893275982328,Before Launch
454,2025-05-03 22:47:35,24.485,0.8530184000000001,-0.21,26.147,0.0,0.0,-26.316435265918855,-2.141625163026257,177.46484021685657,Before Launch
455,2025-05-03 22:47:35,24.535,0.46259843999999994,1.33,26.14,0.0,0.0,-26.304823409971355,-2.13858210053706,177.42628075736957,Before Launch
456,2025-05-03 22:47:35,24.581,1.5879265599999999,0.958,26.155,0.0,0.0,-26.330921893304197,-2.127754795045056,177.39059535483352,Before Launch
457,2025-05-03 22:47:35,24.64,0.46259843999999994,1.221,26.14,0.0,0.0,-26.334384935735233,-2.1455833242484075,177.29486072703125,Before Launch
458,2025-05-03 22:47:35,24.698,0.36417324,-0.383,26.147,0.0,0.0,-26.328538644441768,-2.1637470972723585,177.26688341506633,Before Launch
459,2025-05-03 22:47:35,24.746,-0.12467191999999999,-0.173,26.153,0.0,0.0,-26.328826746356093,-2.1459911707872372,177.21886718311694,Before Launch
460,2025-05-03 22:47:35,24.792,-0.35761156,-0.196,26.157,0.0,0.0,-26.341787062861254,-2.140463572199365,177.23461966645374,Before Launch
461,2025-05-03 22:47:36,24.848,0.24278216,-0.289,26.153,0.0,0.0,-26.315811100796314,-2.125783833065912,177.19648632618032,Before Launch
462,2025-05-03 22:47:36,24.898,-0.6233596,-2.238,26.147,0.0,0.0,-26.31608441638369,-2.1203406408458743,177.11437349743892,Before Launch
463,2025-05-03 22:47:36,24.943,0.12467191999999999,0.494,26.155,0.0,0.0,-26.317501888815613,-2.1508232323434155,177.10059979044686,Before Launch
464,2025-05-03 22:47:36,24.992,0.11482940000000001,0.497,26.147,0.0,0.0,-26.352999030565787,-2.1532597410543044,177.09294416918254,Before Launch
465,2025-05-03 22:47:36,25.039,1.64370084,0.635,26.15,0.0,0.0,-26.344112104306944,-2.2013995223714398,177.03468763698226,Before Launch
466,2025-05-03 22:47:36,25.105,-0.25590552,0.093,26.147,0.0,0.0,-26.336436053024762,-2.2169615867994756,177.0223545639417,Before Launch
467,2025-05-03 22:47:36,25.193,1.0826772,0.364,26.145,0.0,0.0,-26.353469501628243,-2.269675106518,177.14262942830163,Before Launch
468,2025-05-03 22:47:36,25.245,1.45013128,0.473,26.147,0.0,0.0,-26.40030268390671,-2.22549022944185,176.8527377064801,Before Launch
469,2025-05-03 22:47:36,25.305,0.33464568,-0.889,26.108,0.0,0.0,-26.293337087482474,-2.335391669194095,176.75383054403306,Before Launch
470,2025-05-03 22:47:36,25.37,2.92322844,-0.188,26.147,0.0,0.0,-26.26552249027364,-2.324544605785215,176.70365709818296,Before Launch
471,2025-05-03 22:47:36,25.433,0.71194228,-0.193,26.143,0.0,0.0,-26.282587926999714,-2.3141588342808017,176.67155098324235,Before Launch
472,2025-05-03 22:47:36,25.493,3.21850404,1.112,26.103,0.0,0.0,-26.327116035396866,-2.261719818377684,176.72590601382336,Before Launch
473,2025-05-03 22:47:36,25.559,-0.00656168,-0.715,26.15,0.0,0.0,-26.305859139563424,-2.251307739289641,176.74316712362761,Before Launch
474,2025-05-03 22:47:36,25.611,0.34448819999999997,-0.189,26.135,0.0,0.0,-26.322972036770068,-2.2475904533226063,176.661809821406,Before Launch
475,2025-05-03 22:47:36,25.661,-0.0328084,-0.274,26.135,0.0,0.0,-26.333861986851023,-2.2735934020461475,176.58851640414852,Before Launch
476,2025-05-03 22:47:36,25.72,-0.02296588,-0.192,26.143,0.0,0.0,-26.339702613518146,-2.259839565234468,176.5843976621342,Before Launch
477,2025-05-03 22:47:36,25.78,-0.00656168,-0.544,26.15,0.0,0.0,-26.35801329851213,-2.23247177669109,176.57423396885824,Before Launch
478,2025-05-03 22:47:37,25.83,1.66994756,0.657,26.13,0.0,0.0,-26.403537731318224,-2.1804492661847714,176.5920636645798,Before Launch
479,2025-05-03 22:47:37,25.879,0.24278216,-0.438,26.118,0.0,0.0,-26.366653825094524,-2.147413130399416,176.59965654875563,Before Launch
480,2025-05-03 22:47:37,25.932,0.97112864,0.364,26.143,0.0,0.0,-26.358225032409567,-2.137829777722759,176.60115314842207,Before Launch
481,2025-05-03 22:47:37,25.985,0.48228348,-0.787,26.147,0.0,0.0,-26.355132769373363,-2.1336220293378525,176.62375585536947,Before Launch
482,2025-05-03 22:47:37,26.034,0.97112864,0.365,26.145,0.0,0.0,-26.249937369854855,-2.1842936298398885,176.51546458278835,Before Launch
483,2025-05-03 22:47:37,26.084,1.22047248,0.618,26.128,0.0,0.0,-26.17053513640282,-2.201217444719322,176.40677381217154,Before Launch
484,2025-05-03 22:47:37,26.142,0.8530184000000001,0.7,26.147,0.0,0.0,-26.14503776192886,-2.233062644031867,176.36906353409194,Before Launch
485,2025-05-03 22:47:37,26.189,0.11482940000000001,0.338,26.113,0.0,0.0,-26.154020075439625,-2.2830150865288905,176.26010358110668,Before Launch
486,2025-05-03 22:47:37,26.235,0.48228348,0.173,26.147,0.0,0.0,-26.165924229723135,-2.316829875910457,176.20317282474917,Before Launch
487,2025-05-03 22:47:37,26.292,-0.50524936,0.085,26.145,0.0,0.0,-26.185805432608046,-2.3613660901298466,176.14996060448948,Before Launch
488,2025-05-03 22:47:37,26.341,-0.02296588,-0.106,26.143,0.0,0.0,-26.205173793222645,-2.354751356613197,176.09092820871038,Before Launch
489,2025-05-03 22:47:37,26.388,1.45013128,0.957,26.147,0.0,0.0,-26.215555978580667,-2.397688676363805,176.06947376776145,Before Launch
490,2025-05-03 22:47:37,26.442,0.61023624,-0.737,26.147,0.0,0.0,-26.289022790848353,-2.3355226153186064,176.12148225552303,Before Launch
491,2025-05-03 22:47:37,26.502,0.71194228,0.693,26.147,0.0,0.0,-26.28977478566748,-2.304790887907987,176.14861406979261,Before Launch
492,2025-05-03 22:47:37,26.554,0.11482940000000001,-0.711,26.147,0.0,0.0,-26.303662515536754,-2.3222514903187244,176.15074568484195,Before Launch
493,2025-05-03 22:47:37,26.6,-0.13451444,-1.169,26.147,0.0,0.0,-26.312710743521126,-2.300829238380374,176.16194157860204,Before Launch
494,2025-05-03 22:47:37,26.656,1.70931764,1.018,26.145,0.0,0.0,-26.308777169503596,-2.2715902763169353,176.18003603639454,Before Launch
495,2025-05-03 22:47:37,26.703,1.5419947999999999,-1.036,26.125,0.0,0.0,-26.3075202789624,-2.243639088160578,176.18020758550068,Before Launch
496,2025-05-03 22:47:37,26.757,-1.11220476,-1.378,26.145,0.0,0.0,-26.330106252958792,-2.2347672706078194,176.18371705575848,Before Launch
497,2025-05-03 22:47:37,26.808,0.23293963999999998,-2.27,26.145,0.0,0.0,-26.326439450673906,-2.2365137671065463,176.195989742839,Before Launch
498,2025-05-03 22:47:38,26.861,0.36417324,0.285,26.15,0.0,0.0,-26.313297631651483,-2.2221516969970323,176.20554712642485,Before Launch
499,2025-05-03 22:47:38,26.909,-0.50524936,-0.655,26.145,0.0,0.0,-26.284728811150078,-2.2130231182452818,176.20836202709071,Before Launch
500,2025-05-03 22:47:38,26.963,0.24278216,0.212,26.145,0.0,0.0,-26.187817045759356,-2.1552635199376295,176.2485360713353,Before Launch
501,2025-05-03 22:47:38,27.018,1.7716536,1.383,26.147,0.0,0.0,-26.24183779218492,-2.1536698357840516,176.27149149589414,Before Launch
502,2025-05-03 22:47:38,27.072,1.0990814,0.856,26.15,0.0,0.0,-26.283126320065612,-2.1496530795970843,176.343508050572,Before Launch
503,2025-05-03 22:47:38,27.12,-0.9842519999999999,-2.058,26.155,0.0,0.0,-26.30571903508258,-2.070327535220842,176.42970899350473,Before Launch
504,2025-05-03 22:47:38,27.165,-0.37401576000000003,-0.48,26.15,0.0,0.0,-26.32179064365893,-2.0416752604411443,176.47430040371484,Before Launch
505,2025-05-03 22:47:38,27.216,-0.37401576000000003,-1.048,26.103,0.0,0.0,-26.358561224251993,-2.093758169817282,176.43896946256024,Before Launch
506,2025-05-03 22:47:38,27.266,-0.12467191999999999,-0.474,26.153,0.0,0.0,-26.3020669234815,-2.222771216845976,176.1533596797276,Before Launch
507,2025-05-03 22:47:38,27.318,-0.74475068,-1.336,26.155,0.0,0.0,-26.284921695085405,-2.28397485757635,176.00432185633505,Before Launch
508,2025-05-03 22:47:38,27.376,0.61023624,-0.472,26.135,0.0,0.0,-26.27418208354288,-2.2856989631690023,175.92613843107583,Before Launch
509,2025-05-03 22:47:38,27.432,0.12467191999999999,-0.565,26.143,0.0,0.0,-26.276029123251618,-2.261987550558288,175.93958499109107,Before Launch
510,2025-05-03 22:47:38,27.479,0.36417324,0.193,26.15,0.0,0.0,-26.28581812954012,-2.263729187768311,175.98720942762085,Before Launch
511,2025-05-03 22:47:38,27.524,1.02690292,0.423,26.113,0.0,0.0,-26.289536844110224,-2.252139548889198,176.00469991106024,Before Launch
512,2025-05-03 22:47:38,27.581,0.24278216,0.58,26.155,0.0,0.0,-26.270994559871465,-2.2298818498010355,175.97087666257772,Before Launch
513,2025-05-03 22:47:38,27.627,1.48622052,1.174,26.157,0.0,0.0,-26.293687114675333,-2.2301783919712412,175.92162192896097,Before Launch
514,2025-05-03 22:47:38,27.674,0.01312336,-1.117,26.157,0.0,0.0,-26.313051792308322,-2.2266174434340766,175.94881001899049,Before Launch
515,2025-05-03 22:47:38,27.731,0.7053806,0.074,26.135,0.0,0.0,-26.29609141830338,-2.2496396749530345,175.9248300960664,Before Launch
516,2025-05-03 22:47:38,27.778,0.38057744,-0.26,26.157,0.0,0.0,-26.26493734010762,-2.2810909240910284,175.89569456958185,Before Launch
517,2025-05-03 22:47:39,27.823,0.75131236,0.502,26.145,0.0,0.0,-26.30856570475365,-2.2982208609285792,175.92253135786245,Before Launch
518,2025-05-03 22:47:39,27.879,0.71194228,0.662,26.143,0.0,0.0,-26.32241288439867,-2.2621718565148936,175.93254988636738,Before Launch
519,2025-05-03 22:47:39,27.934,-0.35761156,-1.617,26.155,0.0,0.0,-26.306975690568837,-2.2115811908353886,175.95964889587933,Before Launch
520,2025-05-03 22:47:39,27.988,-0.86286092,-1.871,26.153,0.0,0.0,-26.25098156377967,-2.206618272149844,175.96874330661726,Before Launch
521,2025-05-03 22:47:39,28.033,-0.61351708,0.391,26.147,0.0,0.0,-26.25894806737842,-2.1844670962577757,175.93803396916675,Before Launch
522,2025-05-03 22:47:39,28.083,0.12467191999999999,-0.085,26.155,0.0,0.0,-26.349552768442905,-2.242735793355548,175.84494453052736,Before Launch
523,2025-05-03 22:47:39,28.129,0.51181104,0.116,26.163,0.0,0.0,-26.36594403167871,-2.2571758950339467,175.7816539780853,Before Launch
524,2025-05-03 22:47:39,28.176,-0.84317588,-0.267,26.16,0.0,0.0,-26.37241318328355,-2.2789820897288853,175.7245575760521,Before Launch
525,2025-05-03 22:47:39,28.222,0.51181104,0.214,26.157,0.0,0.0,-26.355784810386382,-2.2483013743676543,175.7029198051309,Before Launch
526,2025-05-03 22:47:39,28.278,0.87926512,-0.708,26.15,0.0,0.0,-26.34168370899037,-2.241377635158297,175.7741189453205,Before Launch
527,2025-05-03 22:47:39,28.328,0.98097116,-0.094,26.16,0.0,0.0,-26.337555242248936,-2.2420611024708768,175.85803304211478,Before Launch
528,2025-05-03 22:47:39,28.375,1.7191601600000002,2.154,26.157,0.0,0.0,-26.320466407776177,-2.2069253160977085,175.9115631113009,Before Launch
529,2025-05-03 22:47:39,28.434,0.62992128,0.791,26.16,0.0,0.0,-26.303907067204218,-2.1937482082487882,175.92204384719557,Before Launch
530,2025-05-03 22:47:39,28.481,-0.49540683999999996,-0.096,26.153,0.0,0.0,-26.30307743335165,-2.182790776549003,175.94731410352404,Before Launch
531,2025-05-03 22:47:39,28.527,1.0006561999999999,0.892,26.15,0.0,0.0,-26.305607612687048,-2.1863351598692673,175.9459677413379,Before Launch
532,2025-05-03 22:47:39,28.58,1.48622052,1.768,26.157,0.0,0.0,-26.319456832780823,-2.172428681574964,175.98710432978197,Before Launch
533,2025-05-03 22:47:39,28.631,3.34973764,2.183,26.11,0.0,0.0,-26.29927575996244,-2.153902875840814,176.01715845784614,Before Launch
534,2025-05-03 22:47:39,28.676,0.38057744,0.206,26.157,0.0,0.0,-26.291525617991635,-2.148004917724281,176.01430837408247,Before Launch
535,2025-05-03 22:47:39,28.724,0.12467191999999999,-0.192,26.157,0.0,0.0,-26.26134774213447,-2.170889417948868,176.0105888991889,Before Launch
536,2025-05-03 22:47:39,28.771,-1.09251972,-1.7,26.163,0.0,0.0,-26.266756517296443,-2.141516325458604,175.96898316642418,Before Launch
537,2025-05-03 22:47:40,28.827,0.73162732,0.392,26.15,0.0,0.0,-26.262450850617704,-2.1621033506110616,175.91937391788883,Before Launch
538,2025-05-03 22:47:40,28.882,0.11482940000000001,-1.093,26.157,0.0,0.0,-26.269161704070353,-2.165765354666795,175.91371550420783,Before Launch
539,2025-05-03 22:47:40,28.929,0.97112864,0.763,26.145,0.0,0.0,-26.253589421544227,-2.165189611051864,175.91186869665202,Before Launch
540,2025-05-03 22:47:40,28.982,0.61023624,-0.076,26.153,0.0,0.0,-26.26032332139064,-2.1826676996059837,175.90769973929144,Before Launch
541,2025-05-03 22:47:40,29.04,-0.12467191999999999,-0.4,26.157,0.0,0.0,-26.25800007016693,-2.157110028226496,175.91276011060103,Before Launch
542,2025-05-03 22:47:40,29.098,0.5839895199999999,-0.131,26.137,0.0,0.0,-26.25760947510136,-2.125858962858374,175.98918566744808,Before Launch
543,2025-05-03 22:47:40,29.147,-0.84317588,-1.226,26.163,0.0,0.0,-26.273047263796794,-2.1543149584663177,175.92197558608083,Before Launch
544,2025-05-03 22:47:40,29.216,0.8530184000000001,0.944,26.153,0.0,0.0,-26.265160361438756,-2.165236405371133,175.89843940650857,Before Launch
545,2025-05-03 22:47:40,29.261,-0.72506564,0.108,26.15,0.0,0.0,-26.298251564348327,-2.2409795622465727,175.86913470982432,Before Launch
546,2025-05-03 22:47:40,29.317,0.38057744,0.774,26.157,0.0,0.0,-26.263430835134248,-2.1937372370056445,175.83351448299277,Before Launch
547,2025-05-03 22:47:40,29.369,1.32217852,0.931,26.137,0.0,0.0,-26.263526172573247,-2.200513301246574,175.77063656259202,Before Launch
548,2025-05-03 22:47:40,29.42,-0.35761156,-0.673,26.157,0.0,0.0,-26.275071474864475,-2.205118306553239,175.7171374712932,Before Launch
549,2025-05-03 22:47:40,29.485,0.01312336,0.654,26.155,0.0,0.0,-26.26490026540323,-2.209264422581236,175.69980262950895,Before Launch
550,2025-05-03 22:47:40,29.555,0.61023624,0.074,26.157,0.0,0.0,-26.31937607464563,-2.2133088150670286,175.71334687142843,Before Launch
551,2025-05-03 22:47:40,29.619,0.12467191999999999,-0.563,26.137,0.0,0.0,-26.32585411252713,-2.2196376256921146,175.6913879470402,Before Launch
552,2025-05-03 22:47:40,29.679,1.7650919200000001,0.58,26.16,0.0,0.0,-26.343348380817766,-2.1976446011614,175.6999343288237,Before Launch
553,2025-05-03 22:47:40,29.73,-0.4757218,-1.62,26.153,0.0,0.0,-26.31116237828894,-2.2196230754650745,175.67244624821953,Before Launch
554,2025-05-03 22:47:40,29.795,-1.33202104,-1.442,26.153,0.0,0.0,-26.265971776177686,-2.264418461394207,175.6314339367795,Before Launch
555,2025-05-03 22:47:41,29.859,0.8530184000000001,0.979,26.157,0.0,0.0,-26.271310925738042,-2.2740554639757047,175.60874589257864,Before Launch
556,2025-05-03 22:47:41,29.922,-1.45341212,-1.759,26.165,0.0,0.0,-26.288356633085353,-2.263099010041914,175.6226398853267,Before Launch
557,2025-05-03 22:47:41,29.971,0.49212599999999995,-0.715,26.15,0.0,0.0,-26.26754086290398,-2.3180403303240613,175.54940843172093,Before Launch
558,2025-05-03 22:47:41,30.03,-0.59711288,-2.821,26.163,0.0,0.0,-26.276685203514095,-2.3549669916830482,175.53600423976656,Before Launch
559,2025-05-03 22:47:41,30.09,-0.96456696,-0.951,26.16,0.0,0.0,-26.296042625496202,-2.3256677271059636,175.52984309432142,Before Launch
560,2025-05-03 22:47:41,30.161,-1.0826772,-0.84,26.165,0.0,0.0,-26.292465965966464,-2.3443428975599874,175.5568024000147,Before Launch
561,2025-05-03 22:47:41,30.223,-0.96456696,0.088,26.167,0.0,0.0,-26.230522160078937,-2.3137137652699606,175.57886880166217,Before Launch
562,2025-05-03 22:47:41,30.285,-0.59711288,-0.911,26.163,0.0,0.0,-26.22518195507464,-2.2807946099553593,175.621959382449,Before Launch
563,2025-05-03 22:47:41,30.335,-0.59711288,-0.49,26.163,0.0,0.0,-26.23092509789108,-2.2674577395163618,175.64254412006673,Before Launch
564,2025-05-03 22:47:41,30.393,-0.35761156,-0.908,26.157,0.0,0.0,-26.212074336317105,-2.220485987436526,175.6469500894339,Before Launch
565,2025-05-03 22:47:41,30.441,-0.22637796000000002,-0.573,26.137,0.0,0.0,-26.19325194995612,-2.211917455745716,175.63433415002612,Before Launch
566,2025-05-03 22:47:41,30.486,-1.45341212,-0.919,26.137,0.0,0.0,-26.227169451507656,-2.2402185582565157,175.64880454405971,Before Launch
567,2025-05-03 22:47:41,30.543,0.49212599999999995,-0.064,26.155,0.0,0.0,-26.245109728905078,-2.2479499374913545,175.65504684862887,Before Launch
568,2025-05-03 22:47:41,30.588,-0.71522312,0.089,26.165,0.0,0.0,-26.233035324258605,-2.2162604791925857,175.7113033012092,Before Launch
569,2025-05-03 22:47:41,30.634,-0.45603676000000004,-0.923,26.157,0.0,0.0,-26.24171437942182,-2.1840765820738386,175.74322310589005,Before Launch
570,2025-05-03 22:47:41,30.688,0.62992128,0.95,26.165,0.0,0.0,-26.22319947835878,-2.1614422596001814,175.73762864612013,Before Launch
571,2025-05-03 22:47:41,30.735,0.14107612,-0.169,26.163,0.0,0.0,-26.249656359366792,-2.143503404874147,175.73474668941844,Before Launch
572,2025-05-03 22:47:41,30.781,1.0170604,-0.216,26.157,0.0,0.0,-26.27866963953725,-2.1494980448390613,175.72943994377582,Before Launch
573,2025-05-03 22:47:42,30.836,0.39041995999999995,0.528,26.17,0.0,0.0,-26.27329726154619,-2.1713211544515154,175.71939579698443,Before Launch
574,2025-05-03 22:47:42,30.882,-1.2139108,-0.878,26.16,0.0,0.0,-26.25707552277566,-2.1715129150564145,175.71370620293098,Before Launch
575,2025-05-03 22:47:42,30.928,0.39041995999999995,-0.16,26.165,0.0,0.0,-26.235005597655153,-2.168826166265992,175.70917314860336,Before Launch
576,2025-05-03 22:47:42,30.982,-1.56496068,-1.24,26.167,0.0,0.0,-26.23107582687559,-2.192348848168695,175.71034714416828,Before Launch
577,2025-05-03 22:47:42,31.03,-2.29986884,-3.009,26.167,0.0,0.0,-26.22870759972815,-2.243034382323931,175.6819443422897,Before Launch
578,2025-05-03 22:47:42,31.074,-0.34776904,0.095,26.165,0.0,0.0,-26.258612381029486,-2.2542134525006734,175.67696754871713,Before Launch
579,2025-05-03 22:47:42,31.127,-0.96456696,0.276,26.163,0.0,0.0,-26.284900162006508,-2.2114832050373665,175.6540077987008,Before Launch
580,2025-05-03 22:47:42,31.177,-1.2139108,-1.568,26.16,0.0,0.0,-26.31011934689641,-2.2309008816036853,175.6690545569082,Before Launch
581,2025-05-03 22:47:42,31.224,1.230315,2.061,26.155,0.0,0.0,-26.296357654643234,-2.250948345760163,175.66157974029426,Before Launch
582,2025-05-03 22:47:42,31.279,0.75131236,0.198,26.163,0.0,0.0,-26.28285540884333,-2.244187375570941,175.61840137851144,Before Launch
583,2025-05-03 22:47:42,31.324,-0.72506564,-0.099,26.157,0.0,0.0,-26.238933762870722,-2.2616650750199527,175.59791018153246,Before Launch
584,2025-05-03 22:47:42,31.384,0.38057744,1.04,26.157,0.0,0.0,-26.18601992648219,-2.3054486959535687,175.56876370166307,Before Launch
585,2025-05-03 22:47:42,31.439,2.952756,3.158,26.095,0.0,0.0,-26.21686886982589,-2.2797783241701284,175.52385892548256,Before Launch
586,2025-05-03 22:47:42,31.487,0.51181104,1.168,26.172,0.0,0.0,-26.30710625075624,-2.235449498396033,175.48616103027123,Before Launch
587,2025-05-03 22:47:42,31.548,-0.96456696,-0.291,26.165,0.0,0.0,-26.24877409645257,-2.1772316970155745,175.5782837640621,Before Launch
588,2025-05-03 22:47:42,31.627,-0.22637796000000002,0.287,26.16,0.0,0.0,-26.192357863759675,-2.1729454155705636,175.58278261277917,Before Launch
589,2025-05-03 22:47:42,31.698,1.46981632,1.4,26.157,0.0,0.0,-26.159034636073258,-2.1361916115061743,175.5387489433183,Before Launch
590,2025-05-03 22:47:42,31.759,-0.22637796000000002,0.0,26.118,0.0,0.0,-26.171947071716005,-2.1506347190352875,175.5796998512579,Before Launch
591,2025-05-03 22:47:42,31.823,-0.00656168,1.082,26.13,0.0,0.0,-26.17047129033416,-2.1557458167276207,175.63536477582105,Before Launch
592,2025-05-03 22:47:43,31.881,0.52821524,0.027,26.165,0.0,0.0,-26.196005266035,-2.1988481975734038,175.6856502278994,Before Launch
593,2025-05-03 22:47:43,31.928,0.14107612,0.639,26.163,0.0,0.0,-26.178336705503213,-2.19874509089028,175.7093620502323,Before Launch
594,2025-05-03 22:47:43,31.992,0.87926512,0.983,26.153,0.0,0.0,-26.26868381159087,-2.1589266417665596,175.67776289422852,Before Launch
595,2025-05-03 22:47:43,32.05,0.38057744,-0.183,26.157,0.0,0.0,-26.286176823028256,-2.16033149654577,175.6555860580096,Before Launch
596,2025-05-03 22:47:43,32.106,0.2624672,0.089,26.155,0.0,0.0,-26.273659035515568,-2.1797524992614714,175.63303534216666,Before Launch
597,2025-05-03 22:47:43,32.158,2.26049876,0.903,26.167,0.0,0.0,-26.233858522107617,-2.230745920773545,175.6201473090692,Before Launch
598,2025-05-03 22:47:43,32.205,0.75131236,0.264,26.157,0.0,0.0,-26.235154133939634,-2.223182906697407,175.6018344734014,Before Launch
599,2025-05-03 22:47:43,32.259,0.39041995999999995,1.165,26.165,0.0,0.0,-26.24201696285112,-2.2649648716722024,175.59800603456466,Before Launch
600,2025-05-03 22:47:43,32.307,-0.08858268,-0.347,26.167,0.0,0.0,-26.22671606843336,-2.213887008120033,175.62399356259996,Before Launch
601,2025-05-03 22:47:43,32.361,0.62992128,1.592,26.165,0.0,0.0,-26.333871463043742,-2.2195306141715325,175.53824872854346,Before Launch
602,2025-05-03 22:47:43,32.423,1.8208662000000002,2.958,26.16,0.0,0.0,-26.32924965605898,-2.2737905155572187,175.465740836997,Before Launch
603,2025-05-03 22:47:43,32.483,0.01312336,0.256,26.155,0.0,0.0,-26.30107476302474,-2.275586169807659,175.42250335113314,Before Launch
604,2025-05-03 22:47:43,32.548,2.08661424,2.147,26.157,0.0,0.0,-26.30401766175158,-2.2797390027052318,175.3951350318732,Before Launch
605,2025-05-03 22:47:43,32.616,0.62992128,1.281,26.16,0.0,0.0,-26.29366554134471,-2.3073676874842914,175.37907925493136,Before Launch
606,2025-05-03 22:47:43,32.671,0.62992128,-0.415,26.16,0.0,0.0,-26.275152626761525,-2.316336291371067,175.38480147652842,Before Launch
607,2025-05-03 22:47:43,32.722,0.01312336,-0.512,26.157,0.0,0.0,-26.296569239674866,-2.269722495090492,175.46126625259927,Before Launch
608,2025-05-03 22:47:43,32.788,1.7355643600000001,1.681,26.157,0.0,0.0,-26.26623492255746,-2.264853420972896,175.52394591634896,Before Launch
609,2025-05-03 22:47:44,32.844,1.9192913999999999,1.054,26.133,0.0,0.0,-26.213194454319538,-2.2436883687375344,175.55561821527445,Before Launch
610,2025-05-03 22:47:44,32.904,0.73162732,-1.516,26.15,0.0,0.0,-26.246111426572725,-2.222063351255489,175.59618351418214,Before Launch
611,2025-05-03 22:47:44,32.955,1.7191601600000002,0.822,26.153,0.0,0.0,-26.295471587703652,-2.243891996416292,175.62149078816338,Before Launch
612,2025-05-03 22:47:44,33.0,0.23293963999999998,0.825,26.157,0.0,0.0,-26.322810371926053,-2.226298287687298,175.6416767359451,Before Launch
613,2025-05-03 22:47:44,33.052,1.48622052,1.202,26.163,0.0,0.0,-26.31663084335258,-2.200090566148442,175.67632810462032,Before Launch
614,2025-05-03 22:47:44,33.102,1.230315,-0.171,26.155,0.0,0.0,-26.346064659099167,-2.225100972085502,175.66592639381042,Before Launch
615,2025-05-03 22:47:44,33.152,0.49212599999999995,0.516,26.15,0.0,0.0,-26.34637197878994,-2.1938390002225763,175.62071100742924,Before Launch
616,2025-05-03 22:47:44,33.209,0.12467191999999999,0.095,26.155,0.0,0.0,-26.33690570227498,-2.1913745872916595,175.59424818725128,Before Launch
617,2025-05-03 22:47:44,33.266,0.12467191999999999,-0.291,26.155,0.0,0.0,-26.300706873880692,-2.195046835457677,175.5718348737845,Before Launch
618,2025-05-03 22:47:44,33.318,0.62992128,0.352,26.157,0.0,0.0,-26.28783218053509,-2.2342214607269306,175.5429118101693,Before Launch
619,2025-05-03 22:47:44,33.365,0.6496063200000001,-0.167,26.153,0.0,0.0,-26.263613474242742,-2.2187417974335886,175.57448400970333,Before Launch
620,2025-05-03 22:47:44,33.422,-0.10826772,-0.356,26.16,0.0,0.0,-26.25383401519125,-2.2098825360134517,175.57499724301564,Before Launch
621,2025-05-03 22:47:44,33.47,0.38057744,0.087,26.157,0.0,0.0,-26.265743705056035,-2.2140678512406007,175.60843338805242,Before Launch
622,2025-05-03 22:47:44,33.519,-0.9842519999999999,-2.384,26.155,0.0,0.0,-26.29388871075542,-2.174442634577361,175.608891067846,Before Launch
623,2025-05-03 22:47:44,33.581,-0.00656168,-0.551,26.15,0.0,0.0,-26.293533451890546,-2.1750956760384867,175.6165877075401,Before Launch
624,2025-05-03 22:47:44,33.635,0.87926512,0.355,26.155,0.0,0.0,-26.302756943458856,-2.216371147676863,175.57407351811162,Before Launch
625,2025-05-03 22:47:44,33.706,0.38057744,0.335,26.153,0.0,0.0,-26.40499040383488,-2.267687395961088,175.4904376215478,Before Launch
626,2025-05-03 22:47:44,33.776,-0.35761156,-0.698,26.157,0.0,0.0,-26.380646149970282,-2.250571050969161,175.4800901669156,Before Launch
627,2025-05-03 22:47:45,33.83,0.62992128,-0.846,26.15,0.0,0.0,-26.3749084452368,-2.2500388075282687,175.4772798746541,Before Launch
628,2025-05-03 22:47:45,33.884,0.01312336,0.0,26.137,0.0,0.0,-26.40445858671492,-2.256843234723467,175.47300064446043,Before Launch
629,2025-05-03 22:47:45,33.944,0.12467191999999999,-1.405,26.155,0.0,0.0,-26.720323603208175,-2.2022630903284144,175.67854014613306,Before Launch
630,2025-05-03 22:47:45,33.997,-0.24606299999999998,-0.634,26.155,0.0,0.0,-26.981524266157585,-2.1658008407363685,175.83604921502933,Before Launch
631,2025-05-03 22:47:45,34.051,0.51181104,-0.086,26.157,0.0,0.0,-27.02154968872764,-2.1372979588730785,175.87063403513346,Before Launch
632,2025-05-03 22:47:45,34.109,1.230315,0.878,26.16,0.0,0.0,-26.92533607294336,-2.166498973552049,175.84982525935732,Before Launch
633,2025-05-03 22:47:45,34.167,0.14107612,-1.156,26.163,0.0,0.0,-26.67329600106653,-2.1670504571645437,175.75011552025776,Before Launch
634,2025-05-03 22:47:45,34.225,0.01312336,-1.38,26.157,0.0,0.0,-26.60568009873266,-2.1715640107688094,175.72109618863175,Before Launch
635,2025-05-03 22:47:45,34.272,0.61023624,-0.089,26.153,0.0,0.0,-26.488192266476222,-2.16061443429464,175.67645888086892,Before Launch
636,2025-05-03 22:47:45,34.32,-0.71522312,-1.783,26.165,0.0,0.0,-26.3939400821586,-2.200428792838889,175.57623233398328,Before Launch
637,2025-05-03 22:47:45,34.381,1.36811028,0.822,26.143,0.0,0.0,-26.31005954168889,-2.2261520133525803,175.48678991014103,Before Launch
638,2025-05-03 22:47:45,34.446,0.87926512,-0.435,26.153,0.0,0.0,-26.299723620190512,-2.2327713264239595,175.48140541061312,Before Launch
639,2025-05-03 22:47:45,34.497,-0.71522312,-1.395,26.16,0.0,0.0,-26.24049722596504,-2.237512263460491,175.50000889774682,Before Launch
640,2025-05-03 22:47:45,34.553,0.36417324,-0.091,26.153,0.0,0.0,-26.23768641084681,-2.2131592673272444,175.5534280961314,Before Launch
641,2025-05-03 22:47:45,34.626,0.49212599999999995,0.259,26.155,0.0,0.0,-26.291466936472435,-2.20077349958201,175.59354480792373,Before Launch
642,2025-05-03 22:47:45,34.675,0.38057744,0.182,26.15,0.0,0.0,-26.27667104961668,-2.2330280989937643,175.6056660578964,Before Launch
643,2025-05-03 22:47:45,34.745,0.51181104,-0.083,26.12,0.0,0.0,-26.30437596883904,-2.2025415048054486,175.5992461399216,Before Launch
644,2025-05-03 22:47:45,34.817,0.8595800800000001,0.145,26.153,0.0,0.0,-26.271749642990248,-2.258841727678863,175.5927963578265,Before Launch
645,2025-05-03 22:47:46,34.877,0.38057744,0.336,26.165,0.0,0.0,-26.25677755487683,-2.240949537109525,175.603373686276,Before Launch
646,2025-05-03 22:47:46,34.927,0.14107612,-0.164,26.157,0.0,0.0,-26.26875559464296,-2.2381065950949015,175.52636329469078,Before Launch
647,2025-05-03 22:47:46,34.982,0.62992128,1.103,26.163,0.0,0.0,-26.287891613444085,-2.251336737917114,175.50358787484996,Before Launch
648,2025-05-03 22:47:46,35.043,-0.71522312,-0.485,26.163,0.0,0.0,-26.260257483107758,-2.2038406890286297,175.55711462450503,Before Launch
649,2025-05-03 22:47:46,35.104,-0.37401576000000003,-0.853,26.15,0.0,0.0,-26.263777067209844,-2.2014773766690388,175.53280685515844,Before Launch
650,2025-05-03 22:47:46,35.154,0.76115488,0.263,26.165,0.0,0.0,-26.250586948080365,-2.25802992554284,175.53751976585622,Before Launch
651,2025-05-03 22:47:46,35.2,-1.33202104,-0.684,26.15,0.0,0.0,-26.229255578542006,-2.2567232848869834,175.52905840148102,Before Launch
652,2025-05-03 22:47:46,35.253,1.1187664400000001,0.344,26.157,0.0,0.0,-26.236353180400226,-2.208386912086642,175.59224220629665,Before Launch
653,2025-05-03 22:47:46,35.322,-0.35761156,-0.258,26.157,0.0,0.0,-26.25534405809008,-2.2469047370404582,175.52609511270333,Before Launch
654,2025-05-03 22:47:46,35.377,1.7355643600000001,1.124,26.16,0.0,0.0,-26.28771951826652,-2.2557117918743823,175.49429395578295,Before Launch
655,2025-05-03 22:47:46,35.439,0.2624672,0.353,26.16,0.0,0.0,-26.278989952667366,-2.22194642565405,175.5251916149506,Before Launch
656,2025-05-03 22:47:46,35.492,-0.08858268,-0.417,26.137,0.0,0.0,-26.280493166483257,-2.2186212674390764,175.52720334590884,Before Launch
657,2025-05-03 22:47:46,35.567,1.1187664400000001,-0.077,26.157,0.0,0.0,-26.30886089166815,-2.2128528828945293,175.5786984844984,Before Launch
658,2025-05-03 22:47:46,35.616,1.17454072,0.713,26.125,0.0,0.0,-26.29262643356784,-2.2000535583343668,175.60000405952925,Before Launch
659,2025-05-03 22:47:46,35.665,-0.4757218,-0.339,26.16,0.0,0.0,-26.287672349258436,-2.1944464508876473,175.65221094818097,Before Launch
660,2025-05-03 22:47:46,35.712,-0.71522312,-0.92,26.147,0.0,0.0,-26.305503877806238,-2.1731490733673438,175.64218752887336,Before Launch
661,2025-05-03 22:47:46,35.769,0.62992128,0.928,26.16,0.0,0.0,-26.289945111211498,-2.1673114206439115,175.6036205265029,Before Launch
662,2025-05-03 22:47:47,35.817,0.2624672,-0.77,26.145,0.0,0.0,-26.262564777364187,-2.196359707674118,175.58909974318237,Before Launch
663,2025-05-03 22:47:47,35.876,-0.84317588,-1.205,26.15,0.0,0.0,-26.262843082103174,-2.166683325967721,175.57232783231865,Before Launch
664,2025-05-03 22:47:47,35.933,0.38057744,0.763,26.157,0.0,0.0,-26.281922330831794,-2.1940173458274543,175.58397522974025,Before Launch
665,2025-05-03 22:47:47,35.99,0.02296588,-0.237,26.165,0.0,0.0,-26.249212677335763,-2.1814103093174393,175.5736053208139,Before Launch
666,2025-05-03 22:47:47,36.036,-1.70275596,-1.557,26.163,0.0,0.0,-26.248989912669124,-2.191512030092994,175.61300128392162,Before Launch
667,2025-05-03 22:47:47,36.086,0.2624672,-0.084,26.153,0.0,0.0,-26.226718609834215,-2.204783785772205,175.60942819531144,Before Launch
668,2025-05-03 22:47:47,36.14,0.75131236,0.172,26.153,0.0,0.0,-26.253938461074494,-2.1882833747692914,175.59825654348555,Before Launch
669,2025-05-03 22:47:47,36.193,1.7355643600000001,0.637,26.16,0.0,0.0,-26.214397289136617,-2.174696363922198,175.61812954920958,Before Launch
670,2025-05-03 22:47:47,36.244,1.1187664400000001,0.54,26.157,0.0,0.0,-26.220650389453947,-2.177197577820679,175.62767031535506,Before Launch
671,2025-05-03 22:47:47,36.294,1.0006561999999999,0.629,26.153,0.0,0.0,-26.239021035941008,-2.159749957534234,175.64881723135272,Before Launch
672,2025-05-03 22:47:47,36.35,0.12467191999999999,-0.369,26.16,0.0,0.0,-26.25216789847231,-2.152339172393583,175.65191403365998,Before Launch
673,2025-05-03 22:47:47,36.398,0.2624672,0.722,26.155,0.0,0.0,-26.274489706230046,-2.1496314709026985,175.61055674390528,Before Launch
674,2025-05-03 22:47:47,36.444,-0.72506564,-0.262,26.157,0.0,0.0,-26.28163761099331,-2.1317909115136127,175.6165418688555,Before Launch
675,2025-05-03 22:47:47,36.499,-0.84317588,-1.193,26.155,0.0,0.0,-26.28346614571515,-2.1354006971452426,175.63145303633948,Before Launch
676,2025-05-03 22:47:47,36.559,-1.33202104,0.0,26.16,0.0,0.0,-26.273343076113047,-2.158110591337442,175.64709381303194,Before Launch
677,2025-05-03 22:47:47,36.613,-0.71522312,-1.349,26.157,0.0,0.0,-26.25208180923587,-2.168330254815323,175.65704328887557,Before Launch
678,2025-05-03 22:47:47,36.673,2.38188984,2.028,26.11,0.0,0.0,-26.265819334791036,-2.2087023812822952,175.5516294636568,Before Launch
679,2025-05-03 22:47:47,36.732,0.49212599999999995,-0.918,26.155,0.0,0.0,-26.25771837608178,-2.1982345633532008,175.5478801653904,Before Launch
680,2025-05-03 22:47:47,36.787,1.36811028,0.82,26.16,0.0,0.0,-26.323803148060946,-2.196023950053297,175.58415188529287,Before Launch
681,2025-05-03 22:47:48,36.838,1.2467192,0.992,26.163,0.0,0.0,-26.321562469179494,-2.2181960666137597,175.56382413003374,Before Launch
682,2025-05-03 22:47:48,36.883,-0.61351708,-1.316,26.163,0.0,0.0,-26.304225787319485,-2.2429748806891667,175.54031047663125,Before Launch
683,2025-05-03 22:47:48,36.94,0.87926512,-0.223,26.16,0.0,0.0,-26.33474956625156,-2.2616954005380747,175.53258444315563,Before Launch
684,2025-05-03 22:47:48,36.99,1.2467192,1.3,26.163,0.0,0.0,-26.3709620404809,-2.256867251665304,175.53028217861277,Before Launch
685,2025-05-03 22:47:48,37.04,0.87926512,1.201,26.163,0.0,0.0,-26.36621600523322,-2.274293897895653,175.5079029854002,Before Launch
686,2025-05-03 22:47:48,37.088,1.7355643600000001,0.838,26.167,0.0,0.0,-26.39085638217081,-2.2339856171947403,175.50131107102843,Before Launch
687,2025-05-03 22:47:48,37.145,1.12860896,0.652,26.165,0.0,0.0,-26.400497783517945,-2.2326681822135885,175.48377484506955,Before Launch
688,2025-05-03 22:47:48,37.191,1.36811028,1.682,26.16,0.0,0.0,-26.35923288025122,-2.238713509244862,175.480701817608,Before Launch
689,2025-05-03 22:47:48,37.238,1.12860896,0.573,26.155,0.0,0.0,-26.345205076259035,-2.2789153861424984,175.4985559060236,Before Launch
690,2025-05-03 22:47:48,37.291,-0.4757218,-0.383,26.16,0.0,0.0,-26.333701031506113,-2.2753293360818763,175.47071920860623,Before Launch
691,2025-05-03 22:47:48,37.349,0.02296588,1.314,26.165,0.0,0.0,-26.32254808773399,-2.300412082261696,175.43961845228645,Before Launch
692,2025-05-03 22:47:48,37.399,1.48622052,0.932,26.157,0.0,0.0,-26.343149779000147,-2.3040531433589484,175.41991423938234,Before Launch
693,2025-05-03 22:47:48,37.446,0.14107612,-0.467,26.153,0.0,0.0,-26.354969989190458,-2.2717067182051545,175.42086229362036,Before Launch
694,2025-05-03 22:47:48,37.5,0.2788714,-1.115,26.167,0.0,0.0,-26.36055308880148,-2.294968500059343,175.43071626430134,Before Launch
695,2025-05-03 22:47:48,37.547,0.87926512,-0.184,26.163,0.0,0.0,-26.361319579839723,-2.302404233956307,175.39523395329866,Before Launch
696,2025-05-03 22:47:48,37.593,0.14107612,-0.662,26.147,0.0,0.0,-26.351497121638037,-2.2965380173423546,175.39591488308332,Before Launch
697,2025-05-03 22:47:48,37.652,0.2788714,0.118,26.167,0.0,0.0,-26.313612731085524,-2.302246270426199,175.40269025114185,Before Launch
698,2025-05-03 22:47:48,37.718,-0.34776904,-0.462,26.163,0.0,0.0,-26.235175679052666,-2.2617165822999286,175.49122061324704,Before Launch
699,2025-05-03 22:47:48,37.784,0.87926512,1.197,26.165,0.0,0.0,-26.24700101428723,-2.238516183161423,175.53657830393036,Before Launch
700,2025-05-03 22:47:49,37.853,1.91272972,2.035,26.153,0.0,0.0,-26.2208911666082,-2.2118032616700853,175.5644371027957,Before Launch
701,2025-05-03 22:47:49,37.914,1.18438324,1.857,26.157,0.0,0.0,-26.214215186414172,-2.2024667126795756,175.55134229572718,Before Launch
702,2025-05-03 22:47:49,37.974,0.14107612,0.629,26.163,0.0,0.0,-26.247968385928015,-2.1685430749882,175.55915199729463,Before Launch
703,2025-05-03 22:47:49,38.022,0.8530184000000001,-1.133,26.155,0.0,0.0,-26.217224185870045,-2.1779551052493034,175.5635158312729,Before Launch
704,2025-05-03 22:47:49,38.072,-0.22637796000000002,-0.536,26.163,0.0,0.0,-26.239126475294402,-2.1936351903345397,175.52351604716762,Before Launch
705,2025-05-03 22:47:49,38.131,0.76115488,-0.452,26.157,0.0,0.0,-26.232225357474267,-2.261691748021668,175.48230945817437,Before Launch
706,2025-05-03 22:47:49,38.187,1.48622052,0.178,26.157,0.0,0.0,-26.23892272504734,-2.263328068075705,175.47214516122492,Before Launch
707,2025-05-03 22:47:49,38.232,-0.9448819199999999,-0.246,26.17,0.0,0.0,-26.254820385165836,-2.2723735305967856,175.41165732713912,Before Launch
708,2025-05-03 22:47:49,38.282,1.0006561999999999,0.09,26.163,0.0,0.0,-26.23981963538393,-2.204360061182589,175.48061792010486,Before Launch
709,2025-05-03 22:47:49,38.338,0.75131236,-0.368,26.157,0.0,0.0,-26.251155889100772,-2.214361621443975,175.49917235539166,Before Launch
710,2025-05-03 22:47:49,38.384,0.75131236,-0.095,26.157,0.0,0.0,-26.291615074356276,-2.1977601271056404,175.52085712228228,Before Launch
711,2025-05-03 22:47:49,38.431,1.2467192,-0.364,26.163,0.0,0.0,-26.278889768112318,-2.212129780498947,175.51664916421277,Before Launch
712,2025-05-03 22:47:49,38.487,1.3484252399999999,0.164,26.153,0.0,0.0,-26.283522176390083,-2.2239496677338235,175.52258293431615,Before Launch
713,2025-05-03 22:47:49,38.535,-0.10826772,-1.098,26.16,0.0,0.0,-26.31073928085249,-2.1997721045926135,175.5196986500278,Before Launch
714,2025-05-03 22:47:49,38.582,1.0006561999999999,-0.095,26.16,0.0,0.0,-26.29226721300604,-2.218939733018789,175.51504433847464,Before Launch
715,2025-05-03 22:47:49,38.636,1.0006561999999999,1.098,26.157,0.0,0.0,-26.280141163155978,-2.2118933243544174,175.5113707835572,Before Launch
716,2025-05-03 22:47:49,38.683,0.61023624,0.44,26.153,0.0,0.0,-26.249702607178662,-2.1668419827722545,175.55260092396674,Before Launch
717,2025-05-03 22:47:49,38.729,0.76115488,-0.545,26.16,0.0,0.0,-26.20324301698628,-2.181118707401997,175.52695212374988,Before Launch
718,2025-05-03 22:47:49,38.785,0.97112864,0.62,26.145,0.0,0.0,-26.18918264987251,-2.1588733850531088,175.52205779617827,Before Launch
719,2025-05-03 22:47:50,38.83,1.1187664400000001,0.632,26.157,0.0,0.0,-26.16931815667334,-2.2281124416136,175.51684261556392,Before Launch
720,2025-05-03 22:47:50,38.875,1.0006561999999999,0.091,26.16,0.0,0.0,-26.161732020933716,-2.211735133536863,175.50461644970312,Before Launch
721,2025-05-03 22:47:50,38.933,2.10629928,1.467,26.16,0.0,0.0,-26.165734115336694,-2.269764841648245,175.42605103681262,Before Launch
722,2025-05-03 22:47:50,38.986,0.02296588,-0.192,26.165,0.0,0.0,-26.21736063002771,-2.261047843423151,175.4133961164241,Before Launch
723,2025-05-03 22:47:50,39.03,-0.49540683999999996,-0.113,26.153,0.0,0.0,-26.20546632552246,-2.3083840409876117,175.36150475748514,Before Launch
724,2025-05-03 22:47:50,39.096,2.02099744,0.87,26.167,0.0,0.0,-26.26226452140622,-2.340731794116725,175.31694773766847,Before Launch
725,2025-05-03 22:47:50,39.152,1.0006561999999999,-0.702,26.16,0.0,0.0,-26.26141504569653,-2.3643843232046367,175.3065532316813,Before Launch
726,2025-05-03 22:47:50,39.202,0.46259843999999994,-0.56,26.14,0.0,0.0,-26.246564424029884,-2.3441453953534905,175.32359392583888,Before Launch
727,2025-05-03 22:47:50,39.257,1.0006561999999999,0.67,26.167,0.0,0.0,-26.265768100195054,-2.2926926312292815,175.31627381244218,Before Launch
728,2025-05-03 22:47:50,39.321,1.8667979599999998,0.78,26.155,0.0,0.0,-26.262472769350968,-2.281966285586866,175.34192411362565,Before Launch
729,2025-05-03 22:47:50,39.385,0.51181104,0.562,26.165,0.0,0.0,-26.295855080752197,-2.2849618519055106,175.35106377602602,Before Launch
730,2025-05-03 22:47:50,39.438,-1.066273,-1.398,26.163,0.0,0.0,-26.24519871533729,-2.2937619142375207,175.43383717780787,Before Launch
731,2025-05-03 22:47:50,39.486,0.62992128,-0.659,26.155,0.0,0.0,-26.22811876882796,-2.3100434704890818,175.3865575124883,Before Launch
732,2025-05-03 22:47:50,39.555,-0.5774278399999999,0.278,26.16,0.0,0.0,-26.269060544199746,-2.3049856079818554,175.37679153641284,Before Launch
733,2025-05-03 22:47:50,39.624,0.2788714,-0.538,26.16,0.0,0.0,-26.283283443618735,-2.2614941239550714,175.4546977731588,Before Launch
734,2025-05-03 22:47:50,39.687,0.87926512,0.095,26.155,0.0,0.0,-26.275203381080466,-2.2830472170025002,175.43382151444112,Before Launch
735,2025-05-03 22:47:50,39.753,1.28280844,0.388,26.135,0.0,0.0,-26.243449688913124,-2.240693688681006,175.43005694093313,Before Launch
736,2025-05-03 22:47:50,39.817,0.87926512,-0.265,26.163,0.0,0.0,-26.221357334134307,-2.2196977402826876,175.47644371045527,Before Launch
737,2025-05-03 22:47:51,39.87,-0.5774278399999999,-1.393,26.17,0.0,0.0,-26.21843544386288,-2.2391077563089445,175.48330094396354,Before Launch
738,2025-05-03 22:47:51,39.916,2.18832028,1.663,26.17,0.0,0.0,-26.230879513092617,-2.191938890230499,175.51903625095764,Before Launch
739,2025-05-03 22:47:51,39.976,0.87926512,-0.087,26.15,0.0,0.0,-26.256553610332364,-2.1542284311694226,175.54280731864006,Before Launch
740,2025-05-03 22:47:51,40.045,0.14107612,-0.61,26.163,0.0,0.0,-26.266956009704867,-2.2026573782049477,175.59120044497843,Before Launch
741,2025-05-03 22:47:51,40.112,0.87926512,0.188,26.163,0.0,0.0,-26.28879182175484,-2.179268496878342,175.5936526866568,Before Launch
742,2025-05-03 22:47:51,40.169,1.38779532,0.435,26.167,0.0,0.0,-26.313120515830498,-2.19156885883015,175.55944182436252,Before Launch
743,2025-05-03 22:47:51,40.219,0.16076116000000001,-0.565,26.17,0.0,0.0,-26.282001908834363,-2.1762859267404817,175.55679933345976,Before Launch
744,2025-05-03 22:47:51,40.269,1.26640424,0.103,26.17,0.0,0.0,-26.308943173588695,-2.1855512476723336,175.4798575459186,Before Launch
745,2025-05-03 22:47:51,40.322,-0.82677168,-1.263,26.17,0.0,0.0,-26.301433003584897,-2.2490512404847767,175.4256821844035,Before Launch
746,2025-05-03 22:47:51,40.372,0.52821524,-1.097,26.175,0.0,0.0,-26.31796293577988,-2.271043074326587,175.41540543887402,Before Launch
747,2025-05-03 22:47:51,40.417,0.410105,0.271,26.172,0.0,0.0,-26.347546793672933,-2.285697826230356,175.4005917825355,Before Launch
748,2025-05-03 22:47:51,40.473,0.6496063200000001,0.793,26.167,0.0,0.0,-26.310582008296926,-2.308633029967957,175.38249073230986,Before Launch
749,2025-05-03 22:47:51,40.525,0.2788714,-1.219,26.167,0.0,0.0,-26.333141120452897,-2.3064997196325203,175.39193171277145,Before Launch
750,2025-05-03 22:47:51,40.58,0.89895016,-0.071,26.167,0.0,0.0,-26.31197496861884,-2.3338699903651543,175.3910717781237,Before Launch
751,2025-05-03 22:47:51,40.627,-0.08858268,-0.387,26.145,0.0,0.0,-26.26307586784025,-2.3345517314251882,175.4266032149817,Before Launch
752,2025-05-03 22:47:51,40.683,1.63385832,0.444,26.17,0.0,0.0,-26.26291698515731,-2.326206344606171,175.43942275616163,Before Launch
753,2025-05-03 22:47:51,40.73,0.75131236,-0.792,26.157,0.0,0.0,-26.30240969133618,-2.30675708324677,175.44490287956475,Before Launch
754,2025-05-03 22:47:51,40.776,0.53805776,0.019,26.172,0.0,0.0,-27.518829748844386,-2.3467331567748833,175.56299039566366,Before Launch
755,2025-05-03 22:47:52,40.832,0.65944884,1.238,26.175,0.0,0.0,-28.050636990718793,-2.33318044377423,175.64423448119214,Before Launch
756,2025-05-03 22:47:52,40.892,0.77755908,0.105,26.172,0.0,0.0,-28.652909423436384,-2.2246673637014327,175.95065029655424,Before Launch
757,2025-05-03 22:47:52,40.939,2.07677172,1.918,26.145,0.0,0.0,-28.71769282314817,-2.1438757758482656,176.12594144179286,Before Launch
758,2025-05-03 22:47:52,40.985,0.6496063200000001,0.272,26.172,0.0,0.0,-28.429887358394872,-2.118295132750407,176.14199516387623,Before Launch
759,2025-05-03 22:47:52,41.042,1.64370084,0.564,26.167,0.0,0.0,-27.492764985797763,-2.0473951188327835,176.04357999466646,Before Launch
760,2025-05-03 22:47:52,41.108,1.0170604,-0.196,26.175,0.0,0.0,-27.063226136736482,-2.1467214725847144,175.86021864411936,Before Launch
761,2025-05-03 22:47:52,41.164,-0.32808400000000004,-0.896,26.172,0.0,0.0,-26.823047378213708,-2.1900867333854865,175.7492732190114,Before Launch
762,2025-05-03 22:47:52,41.218,1.02690292,1.19,26.175,0.0,0.0,-26.5690417404544,-2.2069496975539633,175.6216938048164,Before Launch
763,2025-05-03 22:47:52,41.262,1.7552494,-0.322,26.172,0.0,0.0,-26.48308133199301,-2.228325298958392,175.5550665607556,Before Launch
764,2025-05-03 22:47:52,41.311,1.51574808,0.477,26.17,0.0,0.0,-26.31495735600085,-2.2560509744199115,175.49308275873398,Before Launch
765,2025-05-03 22:47:52,41.356,0.28871391999999996,0.113,26.175,0.0,0.0,-26.289171515927016,-2.248727279096763,175.46061011171713,Before Launch
766,2025-05-03 22:47:52,41.414,0.65944884,-0.169,26.175,0.0,0.0,-26.25311569455379,-2.24331498645961,175.46496020732584,Before Launch
767,2025-05-03 22:47:52,41.461,0.6496063200000001,-0.571,26.167,0.0,0.0,-26.232070584289026,-2.236858176935621,175.47598700277044,Before Launch
768,2025-05-03 22:47:52,41.508,0.30839896,0.115,26.17,0.0,0.0,-26.241240749956898,-2.1896318544862865,175.5066065801629,Before Launch
769,2025-05-03 22:47:52,41.562,1.7650919200000001,0.386,26.175,0.0,0.0,-26.25320327256046,-2.2030061008980617,175.51587648360712,Before Launch
770,2025-05-03 22:47:52,41.613,1.0170604,1.428,26.167,0.0,0.0,-26.302891595345283,-2.196903011415877,175.5613524108898,Before Launch
771,2025-05-03 22:47:52,41.661,-0.20013124,-0.565,26.178,0.0,0.0,-26.31348234819369,-2.179611297071784,175.61169501419099,Before Launch
772,2025-05-03 22:47:52,41.74,1.26640424,0.647,26.172,0.0,0.0,-26.235515289790957,-2.255545107142469,175.53523881539954,Before Launch
773,2025-05-03 22:47:52,41.798,3.5629922400000003,2.199,26.13,0.0,0.0,-26.304708781374647,-2.1310174712447885,175.6070477854012,Before Launch
774,2025-05-03 22:47:53,41.857,0.90879268,0.473,26.133,0.0,0.0,-26.258655662696004,-2.1066792802523127,175.65515149899946,Before Launch
775,2025-05-03 22:47:53,41.93,1.0006561999999999,0.075,26.16,0.0,0.0,-26.25311294990613,-2.115149968166157,175.67010615876484,Before Launch
776,2025-05-03 22:47:53,41.984,1.8832021599999997,1.453,26.167,0.0,0.0,-26.23821170306838,-2.1164836544618826,175.67678464135722,Before Launch
777,2025-05-03 22:47:53,42.045,1.53543312,-0.072,26.167,0.0,0.0,-26.256136377955457,-2.1331804701139165,175.6467983078361,Before Launch
778,2025-05-03 22:47:53,42.108,1.3943569999999998,0.467,26.172,0.0,0.0,-26.28531155072185,-2.170997580662752,175.60206297599612,Before Launch
779,2025-05-03 22:47:53,42.161,0.28871391999999996,-0.18,26.167,0.0,0.0,-26.236549523841163,-2.1910738245299703,175.52487285038453,Before Launch
780,2025-05-03 22:47:53,42.22,1.148294,0.352,26.172,0.0,0.0,-26.256909175909772,-2.1804512547532333,175.5059262802809,Before Launch
781,2025-05-03 22:47:53,42.264,0.77755908,0.0,26.137,0.0,0.0,-26.27405991131804,-2.2088573172853048,175.4757264397225,Before Launch
782,2025-05-03 22:47:53,42.314,1.148294,-0.675,26.175,0.0,0.0,-26.286606517567613,-2.225908193970711,175.4532869196637,Before Launch
783,2025-05-03 22:47:53,42.371,0.53805776,-0.08,26.178,0.0,0.0,-26.296536049449436,-2.2502666783173884,175.43584700834563,Before Launch
784,2025-05-03 22:47:53,42.432,1.27624676,-0.264,26.178,0.0,0.0,-26.29245476547008,-2.2073270947769323,175.47399590899215,Before Launch
785,2025-05-03 22:47:53,42.48,0.059055119999999996,-0.698,26.175,0.0,0.0,-26.305999213457863,-2.2307970905324557,175.4549113764016,Before Launch
786,2025-05-03 22:47:53,42.538,1.02690292,0.986,26.172,0.0,0.0,-26.339599828170318,-2.1834014334030227,175.49357795905587,Before Launch
787,2025-05-03 22:47:53,42.601,1.38779532,0.261,26.135,0.0,0.0,-26.316312972475938,-2.2067349325632235,175.48450542485978,Before Launch
788,2025-05-03 22:47:53,42.656,0.52821524,-0.88,26.172,0.0,0.0,-26.292005609993563,-2.249327258051138,175.47678194157896,Before Launch
789,2025-05-03 22:47:53,42.724,0.77755908,-0.522,26.17,0.0,0.0,-26.31187033328769,-2.263240090080704,175.46841750113595,Before Launch
790,2025-05-03 22:47:53,42.783,2.4278216,1.499,26.137,0.0,0.0,-26.34935405891816,-2.2370451262180366,175.49403815720146,Before Launch
791,2025-05-03 22:47:54,42.838,0.79724412,0.097,26.178,0.0,0.0,-26.375634323722238,-2.2156046230607505,175.49411355658165,Before Launch
792,2025-05-03 22:47:54,42.888,0.17060367999999998,-0.336,26.178,0.0,0.0,-26.361968253980827,-2.2231769363984606,175.5073732199652,Before Launch
793,2025-05-03 22:47:54,42.935,0.90879268,0.421,26.178,0.0,0.0,-26.343450299252254,-2.206394151877928,175.52784484038244,Before Launch
794,2025-05-03 22:47:54,42.995,1.7650919200000001,0.0,26.153,0.0,0.0,-26.295964386597348,-2.1879178922393248,175.61030277227462,Before Launch
795,2025-05-03 22:47:54,43.072,1.64370084,0.429,26.135,0.0,0.0,-26.355544536391815,-2.1556223371461787,175.63350301584907,Before Launch
796,2025-05-03 22:47:54,43.131,2.00459324,1.5,26.16,0.0,0.0,-26.35678528062027,-2.144237459075812,175.66658746591472,Before Launch
797,2025-05-03 22:47:54,43.193,1.27624676,0.007,26.178,0.0,0.0,-26.334696903801447,-2.1738679895991675,175.67144441692386,Before Launch
798,2025-05-03 22:47:54,43.242,0.42650920000000003,-2.172,26.18,0.0,0.0,-26.360386024750643,-2.1927235807783076,175.66997900454638,Before Launch
799,2025-05-03 22:47:54,43.296,2.47375336,1.088,26.16,0.0,0.0,-26.35255231133968,-2.1853476519796864,175.68433969483854,Before Launch
800,2025-05-03 22:47:54,43.356,1.63385832,0.444,26.17,0.0,0.0,-26.355113014179786,-2.1970166127765745,175.65162824600316,Before Launch
801,2025-05-03 22:47:54,43.406,1.1646982,-0.505,26.18,0.0,0.0,-26.39582976892699,-2.1689049395414575,175.60841689802777,Before Launch
802,2025-05-03 22:47:54,43.459,4.23556444,1.91,26.123,0.0,0.0,-26.39115776736203,-2.1632027423671314,175.62239877634164,Before Launch
803,2025-05-03 22:47:54,43.507,1.51574808,0.087,26.17,0.0,0.0,-26.362111499212133,-2.187554469287529,175.59011821629943,Before Launch
804,2025-05-03 22:47:54,43.555,0.77755908,0.351,26.155,0.0,0.0,-26.338312848411906,-2.219071011688633,175.56718290040305,Before Launch
805,2025-05-03 22:47:54,43.615,0.30839896,-0.602,26.167,0.0,0.0,-26.33198449050252,-2.2277449916847667,175.53931793441933,Before Launch
806,2025-05-03 22:47:54,43.673,0.79724412,0.014,26.18,0.0,0.0,-26.30924472976775,-2.2401576695041876,175.5512933582752,Before Launch
807,2025-05-03 22:47:54,43.724,2.25393708,0.784,26.172,0.0,0.0,-26.273793811689657,-2.2748988856494865,175.5101175246954,Before Launch
808,2025-05-03 22:47:54,43.769,1.02690292,0.35,26.175,0.0,0.0,-26.26756603843667,-2.30611698196062,175.5219622759086,Before Launch
809,2025-05-03 22:47:54,43.817,1.02690292,-0.18,26.172,0.0,0.0,-26.283633124181655,-2.264516997545319,175.49540572536682,Before Launch
810,2025-05-03 22:47:55,43.872,0.90879268,0.61,26.167,0.0,0.0,-26.2848285605015,-2.2520330900721066,175.48318503004907,Before Launch
811,2025-05-03 22:47:55,43.92,-0.67913388,-1.234,26.18,0.0,0.0,-26.27269934185238,-2.259985738617889,175.49508053994415,Before Launch
812,2025-05-03 22:47:55,43.979,1.02690292,-0.262,26.175,0.0,0.0,-26.28732001347933,-2.240334400361659,175.52095392885857,Before Launch
813,2025-05-03 22:47:55,44.025,1.02690292,0.364,26.175,0.0,0.0,-26.255769353991212,-2.2353004611164375,175.55488842206816,Before Launch
814,2025-05-03 22:47:55,44.077,2.132546,1.001,26.167,0.0,0.0,-26.26009879600381,-2.2183561039075324,175.58211203783355,Before Launch
815,2025-05-03 22:47:55,44.136,1.51574808,-0.674,26.17,0.0,0.0,-26.240594094057872,-2.2010373347686274,175.59985165794168,Before Launch
816,2025-05-03 22:47:55,44.197,1.7650919200000001,0.712,26.172,0.0,0.0,-26.224488467779906,-2.2350631500918983,175.54666314927792,Before Launch
817,2025-05-03 22:47:55,44.261,2.45406832,1.663,26.14,0.0,0.0,-26.259307519214314,-2.2003165485082485,175.54907893018432,Before Launch
818,2025-05-03 22:47:55,44.323,2.92650928,1.454,26.143,0.0,0.0,-26.284099559192196,-2.2153150835691093,175.5346515329788,Before Launch
819,2025-05-03 22:47:55,44.38,1.148294,-0.445,26.172,0.0,0.0,-26.32604130191101,-2.219486840962404,175.466764571154,Before Launch
820,2025-05-03 22:47:55,44.434,-0.20013124,-1.354,26.18,0.0,0.0,-26.30387073841857,-2.1951248246189734,175.54633974626987,Before Launch
821,2025-05-03 22:47:55,44.484,2.2342520400000003,0.17,26.17,0.0,0.0,-26.311999184589364,-2.187692016602197,175.5509010997827,Before Launch
822,2025-05-03 22:47:55,44.542,1.63385832,0.265,26.17,0.0,0.0,-26.298094962594295,-2.2096343701325147,175.57843299899577,Before Launch
823,2025-05-03 22:47:55,44.591,1.148294,0.535,26.163,0.0,0.0,-26.254878901349784,-2.183792126839294,175.58547601263564,Before Launch
824,2025-05-03 22:47:55,44.65,2.132546,-0.252,26.172,0.0,0.0,-26.27383074077511,-2.1952826576243956,175.59902437209996,Before Launch
825,2025-05-03 22:47:55,44.728,2.06036752,0.311,26.175,0.0,0.0,-26.30238761159818,-2.1851109866323597,175.59124887600913,Before Launch
826,2025-05-03 22:47:55,44.786,1.59776908,0.314,26.155,0.0,0.0,-26.37351006250548,-2.118704707076475,175.62252745178475,Before Launch
827,2025-05-03 22:47:56,44.858,1.0170604,-2.301,26.165,0.0,0.0,-26.403067576305254,-2.1894610632938467,175.61709532651153,Before Launch
828,2025-05-03 22:47:56,44.919,1.8667979599999998,0.249,26.12,0.0,0.0,-26.39178714610184,-2.1693780130083065,175.5993088322694,Before Launch
829,2025-05-03 22:47:56,44.996,1.8832021599999997,0.767,26.165,0.0,0.0,-26.342625823088643,-2.1581759172612696,175.6090557277623,Before Launch
830,2025-05-03 22:47:56,45.049,0.51181104,0.142,26.167,0.0,0.0,-26.301549643392892,-2.184067893683865,175.60065695937362,Before Launch
831,2025-05-03 22:47:56,45.114,1.2467192,0.312,26.167,0.0,0.0,-26.261800816081475,-2.2190254720240152,175.5604276377467,Before Launch
832,2025-05-03 22:47:56,45.175,1.0170604,-0.852,26.17,0.0,0.0,-26.24106992716877,-2.1942496009275363,175.5581720541817,Before Launch
833,2025-05-03 22:47:56,45.23,0.76115488,-0.182,26.165,0.0,0.0,-26.23509520407832,-2.2208836879762517,175.4982640100569,Before Launch
834,2025-05-03 22:47:56,45.28,1.26640424,0.164,26.17,0.0,0.0,-26.17112820411779,-2.2267924046811656,175.5188605720846,Before Launch
835,2025-05-03 22:47:56,45.336,1.95866148,0.717,26.165,0.0,0.0,-26.264809037358756,-2.1824662597281597,175.48903014052422,Before Launch
836,2025-05-03 22:47:56,45.39,1.26640424,1.323,26.155,0.0,0.0,-26.287246442561155,-2.2078288689182064,175.478833733203,Before Launch
837,2025-05-03 22:47:56,45.443,1.1187664400000001,0.063,26.163,0.0,0.0,-26.30710817874703,-2.242271703356306,175.48209455534845,Before Launch
838,2025-05-03 22:47:56,45.502,0.6496063200000001,-0.255,26.163,0.0,0.0,-26.31449248093264,-2.2247976647459353,175.49117656745153,Before Launch
839,2025-05-03 22:47:56,45.557,1.4960630400000001,-0.43,26.165,0.0,0.0,-26.32198939988349,-2.24397963877488,175.51644601589905,Before Launch
840,2025-05-03 22:47:56,45.619,0.52821524,-0.666,26.17,0.0,0.0,-26.323183187475173,-2.1972032093765512,175.49472986422887,Before Launch
841,2025-05-03 22:47:56,45.667,0.49212599999999995,-0.866,26.155,0.0,0.0,-26.29221558369558,-2.1945569863889864,175.51563739241922,Before Launch
842,2025-05-03 22:47:56,45.729,3.60564316,0.784,26.103,0.0,0.0,-26.296353952937263,-2.178557552161026,175.57982857931594,Before Launch
843,2025-05-03 22:47:56,45.789,0.87926512,-1.396,26.163,0.0,0.0,-26.261288912038868,-2.1449394420351324,175.6429133900738,Before Launch
844,2025-05-03 22:47:57,45.856,1.0006561999999999,-0.1,26.14,0.0,0.0,-26.206101795981798,-2.1253138893758514,175.63013170844144,Before Launch
845,2025-05-03 22:47:57,45.905,2.92650928,2.126,26.165,0.0,0.0,-26.193711704677185,-2.1147970750399674,175.6110046105959,Before Launch
846,2025-05-03 22:47:57,45.969,1.63385832,-0.404,26.17,0.0,0.0,-26.201925050699927,-2.1626472853370364,175.5734399351114,Before Launch
847,2025-05-03 22:47:57,46.032,0.52821524,-0.742,26.175,0.0,0.0,-26.24958000888747,-2.2057801319799824,175.52397951117155,Before Launch
848,2025-05-03 22:47:57,46.102,1.02690292,-0.08,26.163,0.0,0.0,-26.25857838504098,-2.261264122213367,175.5047426868861,Before Launch
849,2025-05-03 22:47:57,46.163,1.02690292,-0.731,26.172,0.0,0.0,-26.24849104911754,-2.2652834807995275,175.45397789011184,Before Launch
850,2025-05-03 22:47:57,46.23,1.3943569999999998,-0.443,26.178,0.0,0.0,-26.242347171088674,-2.2810961689349583,175.43614771711253,Before Launch
851,2025-05-03 22:47:57,46.28,1.51574808,-0.055,26.178,0.0,0.0,-26.2553984296211,-2.2757561062857317,175.42934243582104,Before Launch
852,2025-05-03 22:47:57,46.337,1.0170604,0.0,26.167,0.0,0.0,-26.229971805815048,-2.2504133739199705,175.43464636735513,Before Launch
853,2025-05-03 22:47:57,46.387,1.26640424,-0.409,26.17,0.0,0.0,-26.231893377552254,-2.2421465835854097,175.43579107564932,Before Launch
854,2025-05-03 22:47:57,46.437,0.2788714,-1.113,26.163,0.0,0.0,-26.261427949960243,-2.24017852842281,175.4576889166579,Before Launch
855,2025-05-03 22:47:57,46.512,-0.71522312,-0.839,26.175,0.0,0.0,-26.192787662577693,-2.2090581257880313,175.48976158147707,Before Launch
856,2025-05-03 22:47:57,46.586,1.7650919200000001,0.352,26.163,0.0,0.0,-26.19929131298578,-2.2041244670173503,175.52216121191915,Before Launch
857,2025-05-03 22:47:57,46.648,1.51574808,0.339,26.118,0.0,0.0,-26.218252838814845,-2.1985404051952457,175.5409241547715,Before Launch
858,2025-05-03 22:47:57,46.709,2.35564312,1.078,26.165,0.0,0.0,-26.27208894699625,-2.1908122731385187,175.53408526279762,Before Launch
859,2025-05-03 22:47:57,46.762,0.65944884,-0.41,26.175,0.0,0.0,-26.316935895661896,-2.228673061476247,175.4859894219185,Before Launch
860,2025-05-03 22:47:57,46.812,1.7552494,-0.138,26.167,0.0,0.0,-26.280396226313353,-2.224710624106448,175.46232437046405,Before Launch
861,2025-05-03 22:47:58,46.865,2.12270348,0.581,26.167,0.0,0.0,-26.284516387187985,-2.240506406047034,175.46598597910886,Before Launch
862,2025-05-03 22:47:58,46.921,1.02690292,-0.062,26.155,0.0,0.0,-26.293838507994128,-2.2527480417311154,175.44017177917632,Before Launch
863,2025-05-03 22:47:58,46.976,1.38779532,0.501,26.172,0.0,0.0,-26.27068908784009,-2.258029844938261,175.46059862920578,Before Launch
864,2025-05-03 22:47:58,47.029,1.148294,-0.236,26.172,0.0,0.0,-26.27036994453337,-2.27126665765892,175.43738536538865,Before Launch
865,2025-05-03 22:47:58,47.084,1.9849082,0.994,26.163,0.0,0.0,-26.273883669628464,-2.2660423837982653,175.42616394012413,Before Launch
866,2025-05-03 22:47:58,47.133,1.0170604,0.358,26.165,0.0,0.0,-26.25501467092096,-2.285011726477566,175.40397880126653,Before Launch
867,2025-05-03 22:47:58,47.185,2.00459324,-1.1,26.17,0.0,0.0,-26.26456013766756,-2.2862219671121173,175.4154904366737,Before Launch
868,2025-05-03 22:47:58,47.24,2.12270348,0.857,26.167,0.0,0.0,-26.26703569942644,-2.2754178271763585,175.4269034167058,Before Launch
869,2025-05-03 22:47:58,47.287,0.6496063200000001,-0.245,26.175,0.0,0.0,-26.2766950289967,-2.254360662163686,175.42085489962,Before Launch
870,2025-05-03 22:47:58,47.334,1.2467192,-1.176,26.163,0.0,0.0,-26.282414649925126,-2.323849774229682,175.42833489349906,Before Launch
871,2025-05-03 22:47:58,47.386,1.2467192,-0.273,26.13,0.0,0.0,-26.383995752511055,-2.3152242508340777,175.4637692471904,Before Launch
872,2025-05-03 22:47:58,47.444,0.6496063200000001,0.086,26.123,0.0,0.0,-26.372420547898784,-2.3155832716168194,175.50309075987747,Before Launch
873,2025-05-03 22:47:58,47.504,1.148294,0.087,26.167,0.0,0.0,-26.337450405564145,-2.2787038264699273,175.4598187502851,Before Launch
874,2025-05-03 22:47:58,47.559,0.6496063200000001,-0.27,26.128,0.0,0.0,-26.299689905990313,-2.2743820872183615,175.4674599868093,Before Launch
875,2025-05-03 22:47:58,47.621,-0.08858268,-1.066,26.17,0.0,0.0,-26.28225549514537,-2.217917831760759,175.47953794829704,Before Launch
876,2025-05-03 22:47:58,47.686,1.45013128,-0.047,26.143,0.0,0.0,-26.329114632931372,-2.1752150276957054,175.4930137157004,Before Launch
877,2025-05-03 22:47:58,47.75,2.12270348,0.782,26.128,0.0,0.0,-26.308716939286473,-2.2147393706228944,175.50710603373258,Before Launch
878,2025-05-03 22:47:58,47.809,2.12270348,0.602,26.172,0.0,0.0,-26.321550061269303,-2.2039430568825673,175.50494452230075,Before Launch
879,2025-05-03 22:47:59,47.862,1.7552494,1.036,26.167,0.0,0.0,-26.714523738657704,-2.202100439490053,175.58863033605817,Before Launch
880,2025-05-03 22:47:59,47.91,1.4960630400000001,1.582,26.165,0.0,0.0,-26.86944398382432,-2.1704314706837606,175.6565894762497,Before Launch
881,2025-05-03 22:47:59,47.969,0.02296588,-1.26,26.167,0.0,0.0,-26.921580586831023,-2.1631253394396435,175.71363494486158,Before Launch
882,2025-05-03 22:47:59,48.028,0.6496063200000001,-0.628,26.165,0.0,0.0,-26.813028292107028,-2.14221207472439,175.72334184471586,Before Launch
883,2025-05-03 22:47:59,48.084,2.35564312,0.0,26.163,0.0,0.0,-26.718678867045654,-2.1265306094061263,175.7022898174948,Before Launch
884,2025-05-03 22:47:59,48.133,1.38779532,0.531,26.167,0.0,0.0,-26.52844400017909,-2.1241365598858954,175.658261020071,Before Launch
885,2025-05-03 22:47:59,48.181,1.7650919200000001,0.007,26.167,0.0,0.0,-26.456143943764957,-2.154233178063279,175.63550770283723,Before Launch
886,2025-05-03 22:47:59,48.239,0.17060367999999998,-1.421,26.178,0.0,0.0,-26.392577358932122,-2.166400488799604,175.65390484832722,Before Launch
887,2025-05-03 22:47:59,48.297,0.77755908,-0.181,26.172,0.0,0.0,-26.356312587619016,-2.1480380599563977,175.66552035791887,Before Launch
888,2025-05-03 22:47:59,48.352,0.42650920000000003,-0.699,26.18,0.0,0.0,-26.294556355950178,-2.174609725244508,175.66382166053035,Before Launch
889,2025-05-03 22:47:59,48.403,0.90879268,-0.174,26.167,0.0,0.0,-26.26312306007505,-2.1453813405764737,175.65337662967102,Before Launch
890,2025-05-03 22:47:59,48.449,2.12270348,0.101,26.167,0.0,0.0,-26.276445281189467,-2.1312735990287375,175.66732728915395,Before Launch
891,2025-05-03 22:47:59,48.502,2.62139116,1.172,26.172,0.0,0.0,-26.262564010565107,-2.1679204306555038,175.6284704730262,Before Launch
892,2025-05-03 22:47:59,48.551,-0.44947508,-1.797,26.175,0.0,0.0,-26.283977993714434,-2.1733189176972014,175.5784208038066,Before Launch
893,2025-05-03 22:47:59,48.605,1.7355643600000001,-0.284,26.157,0.0,0.0,-26.25455671782516,-2.1904246954551625,175.51190324119517,Before Launch
894,2025-05-03 22:47:59,48.67,1.8110236800000001,0.84,26.175,0.0,0.0,-26.2813790931657,-2.21047540984125,175.52828590812902,Before Launch
895,2025-05-03 22:47:59,48.733,0.2624672,-0.704,26.16,0.0,0.0,-26.245123484462454,-2.255553505299669,175.47583695746923,Before Launch
896,2025-05-03 22:47:59,48.781,1.7552494,0.365,26.167,0.0,0.0,-26.291169533902213,-2.2741307436240636,175.45475429426313,Before Launch
897,2025-05-03 22:48:00,48.829,1.02690292,0.272,26.17,0.0,0.0,-26.27074213337077,-2.292217995248165,175.4631188476174,Before Launch
898,2025-05-03 22:48:00,48.884,0.90879268,-0.174,26.18,0.0,0.0,-26.25933257703912,-2.2790399803750248,175.46442831582658,Before Launch
899,2025-05-03 22:48:00,48.941,1.148294,0.361,26.172,0.0,0.0,-26.244384525165856,-2.2804180387526247,175.46976822802506,Before Launch
900,2025-05-03 22:48:00,48.997,1.27624676,0.992,26.178,0.0,0.0,-26.27725288261354,-2.2606213357947516,175.46141893940202,Before Launch
901,2025-05-03 22:48:00,49.046,1.63385832,0.135,26.17,0.0,0.0,-26.294347886171245,-2.247830533653613,175.46644018303334,Before Launch
902,2025-05-03 22:48:00,49.092,1.63385832,-0.364,26.172,0.0,0.0,-26.30218745811454,-2.237046296620791,175.47310111783565,Before Launch
903,2025-05-03 22:48:00,49.148,-0.30839896,-1.816,26.18,0.0,0.0,-26.314918247183872,-2.221276023853036,175.47809726324965,Before Launch
904,2025-05-03 22:48:00,49.198,0.52821524,-0.918,26.17,0.0,0.0,-26.317543363589397,-2.2426946805977868,175.49266066928575,Before Launch
905,2025-05-03 22:48:00,49.247,-0.08858268,-1.185,26.167,0.0,0.0,-26.31885426883686,-2.230716198997798,175.50152690453191,Before Launch
906,2025-05-03 22:48:00,49.294,2.10629928,1.572,26.16,0.0,0.0,-26.332994539601888,-2.196162931706106,175.4957713020469,Before Launch
907,2025-05-03 22:48:00,49.34,2.4934384,1.405,26.172,0.0,0.0,-26.3201982522061,-2.2187074372349067,175.50857801869873,Before Launch
908,2025-05-03 22:48:00,49.396,0.17060367999999998,-1.665,26.178,0.0,0.0,-26.3045327994972,-2.234907524614608,175.498253057375,Before Launch
909,2025-05-03 22:48:00,49.45,1.63385832,0.187,26.17,0.0,0.0,-26.28248404728768,-2.2913491660810443,175.4637216648808,Before Launch
910,2025-05-03 22:48:00,49.497,1.0170604,-0.568,26.167,0.0,0.0,-26.266634068306384,-2.3002183086155004,175.4156118072439,Before Launch
911,2025-05-03 22:48:00,49.546,1.7191601600000002,1.185,26.178,0.0,0.0,-26.273046278583717,-2.315086805592619,175.37957897586293,Before Launch
912,2025-05-03 22:48:00,49.615,0.90879268,0.1,26.16,0.0,0.0,-26.260519977079053,-2.258205486583073,175.35580604635484,Before Launch
913,2025-05-03 22:48:00,49.685,-0.08858268,-0.386,26.167,0.0,0.0,-26.27665519585859,-2.228971449609222,175.33393861911605,Before Launch
914,2025-05-03 22:48:00,49.734,1.6174541199999999,0.532,26.16,0.0,0.0,-26.296499120492694,-2.259959355927998,175.37085038355605,Before Launch
915,2025-05-03 22:48:00,49.78,1.38779532,-0.552,26.16,0.0,0.0,-26.318781009367946,-2.2826837130540585,175.36611722869745,Before Launch
916,2025-05-03 22:48:01,49.834,1.12860896,-1.121,26.165,0.0,0.0,-26.305218062919522,-2.292074787982226,175.35202179545706,Before Launch
917,2025-05-03 22:48:01,49.886,1.6174541199999999,1.548,26.163,0.0,0.0,-26.280943468393254,-2.2895935377703296,175.40627434436118,Before Launch
918,2025-05-03 22:48:01,49.935,0.90879268,-0.622,26.167,0.0,0.0,-26.299813895528,-2.254242603597642,175.45630286513833,Before Launch
919,2025-05-03 22:48:01,49.991,0.52821524,-0.971,26.172,0.0,0.0,-26.32808611650359,-2.252297149775542,175.44308083492945,Before Launch
920,2025-05-03 22:48:01,50.042,1.38779532,0.86,26.167,0.0,0.0,-26.23336471007861,-2.2524067968854786,175.4572034971605,Before Launch
921,2025-05-03 22:48:01,50.089,0.89895016,-0.655,26.172,0.0,0.0,-26.255865487028917,-2.229894257312889,175.44924751077335,Before Launch
922,2025-05-03 22:48:01,50.145,0.77755908,-0.189,26.172,0.0,0.0,-26.230433561967967,-2.2550893889395582,175.478526806815,Before Launch
923,2025-05-03 22:48:01,50.19,0.89895016,-0.008,26.17,0.0,0.0,-26.24725246573628,-2.2838428929980767,175.43663512801476,Before Launch
924,2025-05-03 22:48:01,50.237,1.7552494,0.468,26.167,0.0,0.0,-26.25082682655402,-2.3051739735549686,175.38810514084142,Before Launch
925,2025-05-03 22:48:01,50.291,2.00459324,0.563,26.17,0.0,0.0,-26.244355048677843,-2.3544796558709744,175.30789586583873,Before Launch
926,2025-05-03 22:48:01,50.338,1.0170604,-0.477,26.167,0.0,0.0,-26.23414456795279,-2.322018631553169,175.33535438908112,Before Launch
927,2025-05-03 22:48:01,50.388,1.12860896,-0.39,26.163,0.0,0.0,-26.243780927645194,-2.3401459136602787,175.30723095274,Before Launch
928,2025-05-03 22:48:01,50.445,1.51574808,1.406,26.167,0.0,0.0,-26.268374823144168,-2.3469354079182563,175.28822907487694,Before Launch
929,2025-05-03 22:48:01,50.495,2.38188984,1.429,26.178,0.0,0.0,-26.31061034816531,-2.307314030719085,175.34485498541076,Before Launch
930,2025-05-03 22:48:01,50.543,1.02690292,0.861,26.175,0.0,0.0,-26.337218143214955,-2.2620882360251526,175.42038585574142,Before Launch
931,2025-05-03 22:48:01,50.597,0.53805776,-1.204,26.178,0.0,0.0,-26.3511594613363,-2.252715351777842,175.43329492915194,Before Launch
932,2025-05-03 22:48:01,50.644,1.3943569999999998,-0.843,26.175,0.0,0.0,-26.281311059931806,-2.261486101746951,175.46396175824256,Before Launch
933,2025-05-03 22:48:01,50.692,1.1646982,0.767,26.175,0.0,0.0,-26.240551306025765,-2.2215167572475467,175.50757248692108,Before Launch
934,2025-05-03 22:48:01,50.747,1.8832021599999997,0.192,26.172,0.0,0.0,-26.2475438163561,-2.223528225567846,175.52461514162673,Before Launch
935,2025-05-03 22:48:01,50.801,1.148294,0.101,26.178,0.0,0.0,-26.21569065402614,-2.2032001568532533,175.55147509997627,Before Launch
936,2025-05-03 22:48:02,50.849,2.12270348,0.31,26.167,0.0,0.0,-26.24745579797528,-2.248497835372068,175.51533380885058,Before Launch
937,2025-05-03 22:48:02,50.899,1.148294,0.187,26.172,0.0,0.0,-26.258382338964477,-2.2693194811603776,175.49590415609697,Before Launch
938,2025-05-03 22:48:02,50.954,1.7650919200000001,1.461,26.175,0.0,0.0,-26.263478580291146,-2.254389149636852,175.49342911839247,Before Launch
939,2025-05-03 22:48:02,51.008,1.26640424,-0.276,26.178,0.0,0.0,-26.25691342522432,-2.239887871572253,175.45644800908244,Before Launch
940,2025-05-03 22:48:02,51.056,2.62139116,0.967,26.172,0.0,0.0,-26.256774065654938,-2.2037749779742124,175.473386305705,Before Launch
941,2025-05-03 22:48:02,51.107,1.7650919200000001,0.5,26.175,0.0,0.0,-26.284306134377193,-2.2186493682821378,175.49636296389892,Before Launch
942,2025-05-03 22:48:02,51.162,2.50328092,0.694,26.18,0.0,0.0,-26.285754710739756,-2.2039021290057774,175.51066361694532,Before Launch
943,2025-05-03 22:48:02,51.211,2.870735,1.538,26.175,0.0,0.0,-26.25319796154332,-2.185297619271484,175.50414046469854,Before Launch
944,2025-05-03 22:48:02,51.256,2.132546,1.268,26.175,0.0,0.0,-26.221535351095643,-2.174854713224851,175.4927886664181,Before Launch
945,2025-05-03 22:48:02,51.311,1.3943569999999998,0.005,26.18,0.0,0.0,-26.226122828815726,-2.1914355202595877,175.49845849849092,Before Launch
946,2025-05-03 22:48:02,51.361,1.9028872,0.789,26.18,0.0,0.0,-26.24068259684312,-2.2025113181231575,175.4781922290483,Before Launch
947,2025-05-03 22:48:02,51.41,3.00853028,1.764,26.18,0.0,0.0,-26.253369711124908,-2.205812711718473,175.4699062241482,Before Launch
948,2025-05-03 22:48:02,51.466,1.41404204,0.404,26.182,0.0,0.0,-26.277584532507316,-2.2294541389238662,175.47579216030124,Before Launch
949,2025-05-03 22:48:02,51.513,1.8832021599999997,0.1,26.172,0.0,0.0,-26.274971892303945,-2.2125142303988654,175.4723270188954,Before Launch
950,2025-05-03 22:48:02,51.56,0.6758530399999999,-1.047,26.178,0.0,0.0,-26.270700810244463,-2.244123653316876,175.4652129572877,Before Launch
951,2025-05-03 22:48:02,51.617,2.01443576,0.78,26.178,0.0,0.0,-26.243821635725382,-2.216839646937252,175.46912060276142,Before Launch
952,2025-05-03 22:48:02,51.671,1.9028872,0.603,26.18,0.0,0.0,-26.240268171479084,-2.199250964187014,175.4592463232383,Before Launch
953,2025-05-03 22:48:02,51.721,1.2959318,-0.172,26.185,0.0,0.0,-26.251269429485756,-2.2441473569585813,175.42605488021584,Before Launch
954,2025-05-03 22:48:02,51.77,2.0308399599999998,-0.275,26.182,0.0,0.0,-26.257047984247773,-2.254243563705214,175.4185253091761,Before Launch
955,2025-05-03 22:48:02,51.823,3.00853028,1.548,26.18,0.0,0.0,-26.282740671748755,-2.266140376636516,175.4163588737496,Before Launch
956,2025-05-03 22:48:03,51.879,0.6758530399999999,0.107,26.182,0.0,0.0,-26.273112553794768,-2.265500972364922,175.42468491196544,Before Launch
957,2025-05-03 22:48:03,51.933,1.5452756399999998,0.117,26.185,0.0,0.0,-26.25733290930599,-2.243467765426993,175.46874700998814,Before Launch
958,2025-05-03 22:48:03,51.984,0.43635172,-0.564,26.188,0.0,0.0,-26.255153593910396,-2.260078093262405,175.47966705851456,Before Launch
959,2025-05-03 22:48:03,52.033,2.2801837999999996,0.309,26.19,0.0,0.0,-26.2651071338712,-2.2678965076932034,175.4758693750972,Before Launch
960,2025-05-03 22:48:03,52.094,2.15223104,0.776,26.182,0.0,0.0,-26.2758077530147,-2.212346949571204,175.47867737522506,Before Launch
961,2025-05-03 22:48:03,52.15,1.66338588,-0.353,26.182,0.0,0.0,-26.281181093168435,-2.223707546296052,175.45192073826527,Before Launch
962,2025-05-03 22:48:03,52.198,0.6758530399999999,-0.364,26.17,0.0,0.0,-26.27351695887757,-2.2570316102473327,175.4310977237901,Before Launch
963,2025-05-03 22:48:03,52.245,1.91272972,0.114,26.178,0.0,0.0,-26.298117013981106,-2.2330723964745918,175.4774176968361,Before Launch
964,2025-05-03 22:48:03,52.3,2.40157488,0.879,26.185,0.0,0.0,-26.2901139253376,-2.2350862574106767,175.49686201648757,Before Launch
965,2025-05-03 22:48:03,52.347,0.9251968799999999,-1.314,26.18,0.0,0.0,-26.253322217032483,-2.260107867127172,175.48577259321888,Before Launch
966,2025-05-03 22:48:03,52.395,0.30839896,-1.131,26.182,0.0,0.0,-26.25637498950781,-2.2578779331161605,175.44354346349883,Before Launch
967,2025-05-03 22:48:03,52.449,1.43372708,-0.831,26.145,0.0,0.0,-26.250303643680223,-2.222444966732838,175.4146968154689,Before Launch
968,2025-05-03 22:48:03,52.496,2.0308399599999998,-0.654,26.188,0.0,0.0,-26.25595231689025,-2.261177459893866,175.4188264815216,Before Launch
969,2025-05-03 22:48:03,52.542,1.41404204,-0.559,26.182,0.0,0.0,-26.25553920777859,-2.2687470321487613,175.39564187999522,Before Launch
970,2025-05-03 22:48:03,52.588,2.2801837999999996,0.694,26.188,0.0,0.0,-26.22375265003853,-2.2729235476181957,175.4167356831331,Before Launch
971,2025-05-03 22:48:03,52.64,2.2801837999999996,0.295,26.188,0.0,0.0,-26.22055421721798,-2.285314965584387,175.41314240695584,Before Launch
972,2025-05-03 22:48:03,52.697,3.7467192799999998,0.574,26.175,0.0,0.0,-26.24215361521004,-2.276741599477915,175.42597961287962,Before Launch
973,2025-05-03 22:48:03,52.753,3.0183728000000003,1.247,26.19,0.0,0.0,-26.23530218649756,-2.2827115629863712,175.42985761834356,Before Launch
974,2025-05-03 22:48:03,52.799,2.29986884,0.324,26.185,0.0,0.0,-26.20747850599835,-2.251823589430281,175.44584987495742,Before Launch
975,2025-05-03 22:48:04,52.85,2.01443576,1.038,26.19,0.0,0.0,-26.207065124979152,-2.215397317948632,175.48292493614883,Before Launch
976,2025-05-03 22:48:04,52.905,1.78477696,-0.178,26.182,0.0,0.0,-26.213018013846856,-2.17917497909751,175.47522076781578,Before Launch
977,2025-05-03 22:48:04,52.953,2.050525,0.115,26.192,0.0,0.0,-26.219825199224825,-2.171758247448822,175.52813003887812,Before Launch
978,2025-05-03 22:48:04,52.999,1.91272972,0.483,26.195,0.0,0.0,-26.212986931550436,-2.190628365554843,175.54390873099936,Before Launch
979,2025-05-03 22:48:04,53.053,1.06299216,-0.754,26.19,0.0,0.0,-26.211259156482875,-2.1996476873580577,175.54964391045064,Before Launch
980,2025-05-03 22:48:04,53.106,2.40157488,-0.473,26.185,0.0,0.0,-26.23307059625685,-2.2150810976932735,175.51934957221283,Before Launch
981,2025-05-03 22:48:04,53.151,2.5393701600000003,1.465,26.175,0.0,0.0,-26.234453584647728,-2.209865872080989,175.4832775182395,Before Launch
982,2025-05-03 22:48:04,53.205,2.65091872,0.869,26.197,0.0,0.0,-26.247798302279275,-2.1953927884518922,175.47539327243,Before Launch
983,2025-05-03 22:48:04,53.252,1.19422576,0.598,26.195,0.0,0.0,-26.275557335384068,-2.216009702262969,175.4593787641424,Before Launch
984,2025-05-03 22:48:04,53.297,0.574147,-1.35,26.192,0.0,0.0,-26.272267273506028,-2.233034656310327,175.49698338694336,Before Launch
985,2025-05-03 22:48:04,53.354,2.2801837999999996,0.102,26.197,0.0,0.0,-26.266219213288093,-2.245681480373954,175.51592607622695,Before Launch
986,2025-05-03 22:48:04,53.402,2.17191608,0.406,26.192,0.0,0.0,-26.27157859682023,-2.2081387632613825,175.5372158444933,Before Launch
987,2025-05-03 22:48:04,53.45,1.07283468,0.317,26.197,0.0,0.0,-26.309686736631683,-2.2117576187592625,175.53141522921769,Before Launch
988,2025-05-03 22:48:04,53.507,1.5616798399999998,-0.278,26.195,0.0,0.0,-26.374511996676237,-2.230186805679766,175.61335994787106,Before Launch
989,2025-05-03 22:48:04,53.557,0.574147,-1.454,26.192,0.0,0.0,-26.339537549536118,-2.2139245911858567,175.64210260465876,Before Launch
990,2025-05-03 22:48:04,53.604,2.2801837999999996,1.078,26.192,0.0,0.0,-26.323653413017865,-2.149054643346215,175.70742782354625,Before Launch
991,2025-05-03 22:48:04,53.664,2.29986884,1.569,26.195,0.0,0.0,-26.31347224091268,-2.0665544070942428,175.77090581536947,Before Launch
992,2025-05-03 22:48:04,53.726,1.41404204,-0.015,26.188,0.0,0.0,-26.22262412386136,-2.064854784799161,175.7610613677729,Before Launch
993,2025-05-03 22:48:04,53.788,2.27034128,0.185,26.19,0.0,0.0,-26.2122755850993,-2.0855086875447166,175.77767954282456,Before Launch
994,2025-05-03 22:48:05,53.844,5.0360894,2.782,26.19,0.0,0.0,-26.222198577742766,-2.1013334178966807,175.77247251618257,Before Launch
995,2025-05-03 22:48:05,53.905,2.2801837999999996,0.0,26.188,0.0,0.0,-26.19986161413079,-2.0885740676142945,175.73091900954995,During Launch
996,2025-05-03 22:48:05,53.954,0.82349084,-1.109,26.192,0.0,0.0,-26.243266085995653,-2.0993521283341083,175.70594166484295,During Launch
997,2025-05-03 22:48:05,54.007,2.5393701600000003,-0.922,26.19,0.0,0.0,-26.208132964094347,-2.1401197680853965,175.66539216126435,During Launch
998,2025-05-03 22:48:05,54.057,0.45603676000000004,-1.965,26.185,0.0,0.0,-26.20306855623434,-2.1689099348366367,175.59077199298895,During Launch
999,2025-05-03 22:48:05,54.116,1.91272972,-0.294,26.192,0.0,0.0,-26.200941884370852,-2.173052629588273,175.55352255903014,During Launch
1000,2025-05-03 22:48:05,54.164,1.2959318,-0.547,26.188,0.0,0.0,-26.204560933758785,-2.194568350686686,175.5169438455021,During Launch
1001,2025-05-03 22:48:05,54.21,0.33464568,-1.111,26.197,0.0,0.0,-26.220597309803765,-2.2177051991940964,175.50946686542105,During Launch
1002,2025-05-03 22:48:05,54.265,-0.0328084,-1.588,26.197,0.0,0.0,-26.24066411163491,-2.19775755785347,175.51059034169438,During Launch
1003,2025-05-03 22:48:05,54.318,1.3123360000000002,-0.455,26.192,0.0,0.0,-26.216874696719692,-2.189378075019017,175.52377304921765,During Launch
1004,2025-05-03 22:48:05,54.367,2.0308399599999998,0.737,26.19,0.0,0.0,-26.264558888939312,-1.9754095143717931,175.9157731085892,During Launch
1005,2025-05-03 22:48:05,54.416,0.45603676000000004,-1.485,26.182,0.0,0.0,-26.268880118242592,-1.8999682779293896,176.15419871156027,During Launch
1006,2025-05-03 22:48:05,54.473,2.050525,-0.37,26.192,0.0,0.0,-26.289619575188848,-1.8583203425606665,176.21933627143392,During Launch
1007,2025-05-03 22:48:05,54.526,1.17454072,-1.118,26.188,0.0,0.0,-26.265408347664273,-1.9138211906323346,176.12594243337534,During Launch
1008,2025-05-03 22:48:05,54.575,0.9448819199999999,-0.188,26.19,0.0,0.0,-26.31794453628928,-2.0066232421034416,175.96263053717328,During Launch
1009,2025-05-03 22:48:05,54.625,0.32808400000000004,-0.185,26.188,0.0,0.0,-26.27443607114878,-2.0669572834138523,175.786925685272,During Launch
1010,2025-05-03 22:48:05,54.683,1.41404204,-0.652,26.182,0.0,0.0,-26.277182303403816,-2.0838001185745734,175.7184783759729,During Launch
1011,2025-05-03 22:48:05,54.739,1.43372708,-0.552,26.19,0.0,0.0,-26.288923927825444,-2.1660879677941582,175.64015230208406,During Launch
1012,2025-05-03 22:48:05,54.783,0.69553808,-0.283,26.182,0.0,0.0,-26.272160936636684,-2.1732959262365577,175.60884313474133,During Launch
1013,2025-05-03 22:48:06,54.83,1.78477696,0.169,26.182,0.0,0.0,-26.263393197448863,-2.181562907241411,175.6125152481323,During Launch
1014,2025-05-03 22:48:06,54.888,1.17454072,0.451,26.188,0.0,0.0,-26.26850756927051,-2.194230662997664,175.58861764799093,During Launch
1015,2025-05-03 22:48:06,54.938,-0.059055119999999996,-1.754,26.18,0.0,0.0,-26.22074522667731,-2.1945295455062883,175.58892922696657,During Launch
1016,2025-05-03 22:48:06,54.988,1.1646982,-0.857,26.18,0.0,0.0,-26.229058201630412,-2.1953896358217144,175.60126592809058,During Launch
1017,2025-05-03 22:48:06,55.042,1.9028872,0.371,26.18,0.0,0.0,-26.23397590482801,-2.203684933515502,175.6206627139061,During Launch
1018,2025-05-03 22:48:06,55.09,0.30839896,-1.507,26.178,0.0,0.0,-26.239621958662244,-2.1734852085689553,175.63802172016557,During Launch
1019,2025-05-03 22:48:06,55.138,1.2467192,-2.928,26.17,0.0,0.0,-26.22894099804171,-2.1682317953288512,175.61108680040584,During Launch
1020,2025-05-03 22:48:06,55.194,2.08661424,-0.15,26.153,0.0,0.0,-26.231172820970023,-2.165378559231879,175.60785283318052,During Launch
1021,2025-05-03 22:48:06,55.243,1.53543312,0.552,26.18,0.0,0.0,-26.278146364201874,-2.139099550624454,175.55289285448413,During Launch
1022,2025-05-03 22:48:06,55.294,1.51574808,-0.795,26.172,0.0,0.0,-26.227542994814335,-2.171450486562353,175.5706086481493,During Launch
1023,2025-05-03 22:48:06,55.352,2.4934384,1.573,26.178,0.0,0.0,-26.20042431078908,-2.212053226030973,175.55702217749007,During Launch
1024,2025-05-03 22:48:06,55.414,1.12860896,-0.604,26.165,0.0,0.0,-26.241083223930904,-2.203384737864301,175.55396766488244,During Launch
1025,2025-05-03 22:48:06,55.471,0.52821524,-0.587,26.17,0.0,0.0,-26.25014006641551,-2.2046982539231355,175.5622468606013,During Launch
1026,2025-05-03 22:48:06,55.52,0.77755908,0.338,26.18,0.0,0.0,-26.25127805374819,-2.2159675716817118,175.56279307118587,During Launch
1027,2025-05-03 22:48:06,55.57,-0.20013124,-0.128,26.172,0.0,0.0,-26.23869959259526,-2.2112407043503386,175.53291640756868,During Launch
1028,2025-05-03 22:48:06,55.625,1.38779532,0.058,26.163,0.0,0.0,-26.22118064902475,-2.2085900699850027,175.53106890068418,During Launch
1029,2025-05-03 22:48:06,55.679,1.51574808,-0.393,26.172,0.0,0.0,-26.207601079255795,-2.1867267502735226,175.54229637216363,During Launch
1030,2025-05-03 22:48:06,55.735,1.85695544,1.062,26.157,0.0,0.0,-26.2817063087479,-2.138694519819897,175.55459669120228,During Launch
1031,2025-05-03 22:48:06,55.78,2.18832028,0.105,26.143,0.0,0.0,-26.2464296066399,-2.182336653654423,175.50214991119546,During Launch
1032,2025-05-03 22:48:07,55.834,1.9849082,0.62,26.163,0.0,0.0,-26.23754920697766,-2.2316447168731024,175.48855183190813,During Launch
1033,2025-05-03 22:48:07,55.902,4.22572192,2.472,26.172,0.0,0.0,-26.234008252474148,-2.225329827624888,175.4660679086661,During Launch
1034,2025-05-03 22:48:07,55.95,0.51181104,0.139,26.167,0.0,0.0,-26.230854362112858,-2.259724482025876,175.4450142825731,During Launch
1035,2025-05-03 22:48:07,56.001,2.2342520400000003,0.622,26.165,0.0,0.0,-26.249271927485093,-2.260977380376955,175.4189571250466,During Launch
1036,2025-05-03 22:48:07,56.049,0.6496063200000001,-0.599,26.157,0.0,0.0,-26.309723958162465,-2.2402945575843005,175.4302676380274,During Launch
1037,2025-05-03 22:48:07,56.107,0.38057744,-0.238,26.16,0.0,0.0,-26.322080543748566,-2.2487339680262206,175.4446303142077,During Launch
1038,2025-05-03 22:48:07,56.164,1.9849082,0.15,26.163,0.0,0.0,-26.364206073514264,-2.253947494426074,175.429394116374,During Launch
1039,2025-05-03 22:48:07,56.215,1.26640424,0.069,26.17,0.0,0.0,-26.398474360057058,-2.2703180227384454,175.42216682171832,During Launch
1040,2025-05-03 22:48:07,56.264,1.6174541199999999,1.264,26.163,0.0,0.0,-26.3879987214491,-2.2736451587666293,175.42181435310698,During Launch
1041,2025-05-03 22:48:07,56.322,1.7355643600000001,0.428,26.16,0.0,0.0,-26.355707183967734,-2.27127102226472,175.40729686100957,During Launch
1042,2025-05-03 22:48:07,56.37,1.1187664400000001,-0.59,26.157,0.0,0.0,-26.311001933261377,-2.2699832587450732,175.43752598104385,During Launch
1043,2025-05-03 22:48:07,56.415,0.14107612,-0.126,26.163,0.0,0.0,-26.297891477351126,-2.274951431457053,175.44024477134732,During Launch
1044,2025-05-03 22:48:07,56.463,0.87926512,-0.277,26.128,0.0,0.0,-26.300120667316577,-2.2430994366551524,175.42338454380757,During Launch
1045,2025-05-03 22:48:07,56.509,1.70931764,-0.287,26.153,0.0,0.0,-26.29482976350634,-2.268722192775368,175.42149900086574,During Launch
1046,2025-05-03 22:48:07,56.565,1.9685039999999998,0.328,26.155,0.0,0.0,-26.312164233238533,-2.2526720294058302,175.4165025055069,During Launch
1047,2025-05-03 22:48:07,56.612,2.07677172,0.426,26.155,0.0,0.0,-26.33876614483029,-2.275900926790919,175.45684905569448,During Launch
1048,2025-05-03 22:48:07,56.658,1.59776908,-0.686,26.153,0.0,0.0,-26.351674573244217,-2.2557469484238335,175.49179229954711,During Launch
1049,2025-05-03 22:48:07,56.714,0.75131236,-0.29,26.157,0.0,0.0,-26.343504756414763,-2.2501427777776577,175.50281626538973,During Launch
1050,2025-05-03 22:48:07,56.761,1.7355643600000001,0.936,26.16,0.0,0.0,-26.341918703048794,-2.2152528583484723,175.58886922966104,During Launch
1051,2025-05-03 22:48:07,56.808,1.0990814,0.25,26.115,0.0,0.0,-26.339525459203323,-2.1939959867114003,175.58463145994156,During Launch
1052,2025-05-03 22:48:08,56.855,2.22440952,1.887,26.145,0.0,0.0,-26.299922015682746,-2.182267038851663,175.63911148840364,During Launch
1053,2025-05-03 22:48:08,56.906,0.23293963999999998,-0.902,26.143,0.0,0.0,-26.29023072209895,-2.167661488140302,175.62776435994886,During Launch
1054,2025-05-03 22:48:08,56.959,3.19225732,1.31,26.153,0.0,0.0,-26.29407223347661,-2.189960176203527,175.60215255461932,During Launch
1055,2025-05-03 22:48:08,57.007,0.73162732,-0.885,26.153,0.0,0.0,-26.23622826535041,-2.2267781061030565,175.540289073656,During Launch
1056,2025-05-03 22:48:08,57.054,2.5754594,0.304,26.16,0.0,0.0,-26.23391131723905,-2.225199842052843,175.51925126935353,During Launch
1057,2025-05-03 22:48:08,57.108,1.0990814,-0.695,26.15,0.0,0.0,-26.232775279052827,-2.244411015967393,175.4994477295222,During Launch
1058,2025-05-03 22:48:08,57.16,0.61023624,-2.874,26.153,0.0,0.0,-26.228205181125162,-2.254273958343935,175.48647928437848,During Launch
1059,2025-05-03 22:48:08,57.208,0.97112864,0.365,26.145,0.0,0.0,-26.215575181277032,-2.2226936842237253,175.4261668973643,During Launch
1060,2025-05-03 22:48:08,57.263,0.38057744,-1.469,26.157,0.0,0.0,-26.229132908290534,-2.2145846085050604,175.432745380273,During Launch
1061,2025-05-03 22:48:08,57.32,2.2801837999999996,1.283,26.143,0.0,0.0,-26.222496455175367,-2.2063653453658953,175.47027383075982,During Launch
1062,2025-05-03 22:48:08,57.368,2.1784777600000003,1.426,26.135,0.0,0.0,-26.242956064954402,-2.233153272450936,175.49503457018577,During Launch
1063,2025-05-03 22:48:08,57.417,0.73162732,-1.0,26.153,0.0,0.0,-26.29348879481451,-2.2303529196356577,175.51534070907064,During Launch
1064,2025-05-03 22:48:08,57.471,1.1187664400000001,-0.118,26.157,0.0,0.0,-26.318602231729695,-2.245109272465111,175.50801728711966,During Launch
1065,2025-05-03 22:48:08,57.527,0.49212599999999995,-0.891,26.16,0.0,0.0,-26.312331376285652,-2.2303282152180914,175.45762857676,During Launch
1066,2025-05-03 22:48:08,57.578,1.1187664400000001,-0.491,26.155,0.0,0.0,-26.35751305818169,-2.1934822908190816,175.45266262372704,During Launch
1067,2025-05-03 22:48:08,57.624,1.95866148,0.67,26.115,0.0,0.0,-26.321052280639208,-2.2404087676228834,175.46525497887913,During Launch
1068,2025-05-03 22:48:08,57.682,1.22047248,0.852,26.147,0.0,0.0,-26.31707973738954,-2.261595607152038,175.46406417127864,During Launch
1069,2025-05-03 22:48:08,57.739,1.95866148,0.846,26.147,0.0,0.0,-26.310371032042614,-2.2549773592415656,175.46121101776788,During Launch
1070,2025-05-03 22:48:08,57.786,2.2080053200000003,0.391,26.147,0.0,0.0,-26.331294508997157,-2.2582253230169447,175.44542033001122,During Launch
1071,2025-05-03 22:48:09,57.832,1.95866148,-0.008,26.133,0.0,0.0,-26.302384323067045,-2.2893477540516973,175.39221302274092,During Launch
1072,2025-05-03 22:48:09,57.887,1.5879265599999999,-0.383,26.147,0.0,0.0,-26.294629061737666,-2.265200644817808,175.40828995296036,During Launch
1073,2025-05-03 22:48:09,57.944,2.40813656,0.63,26.155,0.0,0.0,-26.33168164714985,-2.2161443611119798,175.3776575326782,During Launch
1074,2025-05-03 22:48:09,57.993,1.0990814,0.272,26.15,0.0,0.0,-26.293887801360277,-2.2702161114275428,175.42539078052667,During Launch
1075,2025-05-03 22:48:09,58.046,1.0990814,-0.495,26.145,0.0,0.0,-26.254236525360508,-2.2324446393363235,175.4349804920837,During Launch
1076,2025-05-03 22:48:09,58.097,1.7191601600000002,0.481,26.153,0.0,0.0,-26.267702091368115,-2.2350331021231735,175.45218745694666,During Launch
1077,2025-05-03 22:48:09,58.146,3.4153544399999998,0.922,26.14,0.0,0.0,-26.308351211845636,-2.244225945912766,175.48207764684446,During Launch
1078,2025-05-03 22:48:09,58.192,2.5754594,1.822,26.15,0.0,0.0,-26.281093992203463,-2.2451239834257715,175.47789876230595,During Launch
1079,2025-05-03 22:48:09,58.237,0.97112864,-1.738,26.145,0.0,0.0,-26.242862189357265,-2.251662787319832,175.4558242956369,During Launch
1080,2025-05-03 22:48:09,58.284,1.3484252399999999,0.483,26.135,0.0,0.0,-26.244226728804286,-2.2431000232700473,175.48935442379883,During Launch
1081,2025-05-03 22:48:09,58.338,1.70931764,-0.675,26.145,0.0,0.0,-26.23897703121671,-2.2218255328550467,175.50966629077408,During Launch
1082,2025-05-03 22:48:09,58.395,1.46981632,0.288,26.147,0.0,0.0,-26.199199525049917,-2.20717243270323,175.5882052273587,During Launch
1083,2025-05-03 22:48:09,58.445,2.71325468,1.637,26.1,0.0,0.0,-26.228430506990914,-2.178015053874666,175.62403216420248,During Launch
1084,2025-05-03 22:48:09,58.493,1.95866148,0.769,26.15,0.0,0.0,-26.23422635755036,-2.1559533109610385,175.6392073679305,During Launch
1085,2025-05-03 22:48:09,58.549,0.73162732,0.273,26.15,0.0,0.0,-26.258108008110543,-2.13703326407115,175.64005275913607,During Launch
1086,2025-05-03 22:48:09,58.596,1.46981632,-0.635,26.143,0.0,0.0,-26.306768823275693,-2.144154033639613,175.6282845309622,During Launch
1087,2025-05-03 22:48:09,58.648,1.59776908,-0.454,26.133,0.0,0.0,-26.28837143196793,-2.12558654989812,175.5617666890711,During Launch
1088,2025-05-03 22:48:09,58.704,1.230315,0.387,26.155,0.0,0.0,-26.283028895866806,-2.139337474680394,175.56516294127127,During Launch
1089,2025-05-03 22:48:09,58.761,2.91666676,1.394,26.147,0.0,0.0,-26.293859357051165,-2.1469672654402476,175.541818731621,During Launch
1090,2025-05-03 22:48:09,58.81,0.38057744,-0.087,26.157,0.0,0.0,-26.29838473155609,-2.185752920022439,175.53829217136717,During Launch
1091,2025-05-03 22:48:10,58.856,1.5879265599999999,0.367,26.153,0.0,0.0,-26.28974531245266,-2.1872794701740905,175.54172367154985,During Launch
1092,2025-05-03 22:48:10,58.913,1.8372704000000002,-0.094,26.15,0.0,0.0,-26.318459887190524,-2.2056654764377104,175.55715556959376,During Launch
1093,2025-05-03 22:48:10,58.96,2.5098426,1.009,26.12,0.0,0.0,-26.31036724006732,-2.2008645027866844,175.5507336279954,During Launch
1094,2025-05-03 22:48:10,59.01,1.3484252399999999,-0.48,26.143,0.0,0.0,-26.2945098375467,-2.183076756341367,175.57848386577768,During Launch
1095,2025-05-03 22:48:10,59.065,1.7191601600000002,-0.382,26.153,0.0,0.0,-26.289829168858528,-2.1770478347093354,175.571794623322,During Launch
1096,2025-05-03 22:48:10,59.112,1.59776908,-0.282,26.155,0.0,0.0,-26.296960550209857,-2.2143154843459074,175.55982216102498,During Launch
1097,2025-05-03 22:48:10,59.156,2.89698172,1.032,26.128,0.0,0.0,-26.268564625474994,-2.2069631574699855,175.5394261013729,During Launch
1098,2025-05-03 22:48:10,59.205,1.8110236800000001,-0.474,26.125,0.0,0.0,-26.293603193893183,-2.206905870565975,175.52097955603043,During Launch
1099,2025-05-03 22:48:10,59.253,1.32217852,0.177,26.147,0.0,0.0,-26.297291218358374,-2.256540876445814,175.53316025821098,During Launch
1100,2025-05-03 22:48:10,59.305,2.07677172,0.777,26.147,0.0,0.0,-26.31284354179027,-2.2351155156942553,175.52090917074756,During Launch
1101,2025-05-03 22:48:10,59.36,0.73162732,-0.782,26.15,0.0,0.0,-26.292509691188346,-2.2565755197251978,175.52550583829859,During Launch
1102,2025-05-03 22:48:10,59.407,-0.12467191999999999,-2.807,26.143,0.0,0.0,-26.295836016592805,-2.2376192698323925,175.547575092552,During Launch
1103,2025-05-03 22:48:10,59.464,1.5879265599999999,-0.776,26.147,0.0,0.0,-26.304348748233853,-2.250406584941417,175.55370597475678,During Launch
1104,2025-05-03 22:48:10,59.52,1.33858272,0.286,26.145,0.0,0.0,-26.296449889802442,-2.254497718009321,175.5429790203624,During Launch
1105,2025-05-03 22:48:10,59.571,1.33858272,-0.008,26.147,0.0,0.0,-26.2481944244093,-2.2542302546063504,175.51815784806976,During Launch
1106,2025-05-03 22:48:10,59.618,2.77887148,0.836,26.13,0.0,0.0,-26.287604775216316,-2.274101920173901,175.46077085493258,During Launch
1107,2025-05-03 22:48:10,59.676,0.60367456,-0.676,26.137,0.0,0.0,-26.288981348582595,-2.258537315281666,175.42818846998605,During Launch
1108,2025-05-03 22:48:10,59.734,1.0990814,-1.252,26.15,0.0,0.0,-26.27996708067808,-2.266768433642499,175.42334417942914,During Launch
1109,2025-05-03 22:48:10,59.791,2.14238852,0.142,26.12,0.0,0.0,-26.26410141537405,-2.2682578666701483,175.39779059891384,During Launch
1110,2025-05-03 22:48:11,59.843,1.46981632,0.57,26.15,0.0,0.0,-26.23437197398796,-2.240662797497756,175.48062578303774,During Launch
1111,2025-05-03 22:48:11,59.889,0.97112864,-0.386,26.145,0.0,0.0,-26.22929058467284,-2.224059498779735,175.5292061846354,During Launch
1112,2025-05-03 22:48:11,59.936,-0.49540683999999996,-1.625,26.157,0.0,0.0,-26.244886536771883,-2.1681187619775963,175.61623958891576,During Launch
1113,2025-05-03 22:48:11,59.981,-0.49540683999999996,-1.351,26.153,0.0,0.0,-26.23955930295134,-2.1496049371377457,175.62624268078866,During Launch
1114,2025-05-03 22:48:11,60.037,0.11482940000000001,-2.196,26.147,0.0,0.0,-26.244265760609704,-2.1585955950835065,175.6369056476228,During Launch
1115,2025-05-03 22:48:11,60.085,0.8530184000000001,0.371,26.147,0.0,0.0,-26.248800475135287,-2.156987272777018,175.66328827287373,During Launch
1116,2025-05-03 22:48:11,60.137,1.46981632,-0.092,26.15,0.0,0.0,-26.28272084015615,-2.107319787944536,175.7015106369648,During Launch
1117,2025-05-03 22:48:11,60.195,1.46981632,-0.287,26.15,0.0,0.0,-26.284599162636543,-2.094616619754551,175.728841726292,During Launch
1118,2025-05-03 22:48:11,60.255,0.97112864,-1.188,26.145,0.0,0.0,-26.274391625230333,-2.1280821980175304,175.723630869448,During Launch
1119,2025-05-03 22:48:11,60.316,2.07677172,0.558,26.145,0.0,0.0,-26.302186301689797,-2.1246075808103972,175.72791711477475,During Launch
1120,2025-05-03 22:48:11,60.372,2.6017061200000002,0.675,26.103,0.0,0.0,-26.28905582392675,-2.1239251208318994,175.75981048320162,During Launch
1121,2025-05-03 22:48:11,60.427,2.29002632,0.526,26.143,0.0,0.0,-26.26282070639073,-2.102069344331831,175.7445404198655,During Launch
1122,2025-05-03 22:48:11,60.491,1.33858272,-1.167,26.145,0.0,0.0,-26.22545488461754,-2.0962179295906047,175.68933816414236,During Launch
1123,2025-05-03 22:48:11,60.548,2.1784777600000003,0.274,26.118,0.0,0.0,-26.133413343738344,-2.1739740415874507,175.66491897497087,During Launch
1124,2025-05-03 22:48:11,60.615,1.22047248,-0.075,26.145,0.0,0.0,-26.13585492239001,-2.1756436276968185,175.65949129038952,During Launch
1125,2025-05-03 22:48:11,60.666,1.3484252399999999,-0.535,26.147,0.0,0.0,-26.184950349494677,-2.1668145670860497,175.62404054871047,During Launch
1126,2025-05-03 22:48:11,60.72,1.3484252399999999,0.454,26.15,0.0,0.0,-26.219748560578555,-2.1670145703622175,175.59630421204687,During Launch
1127,2025-05-03 22:48:11,60.772,-0.13451444,-0.007,26.145,0.0,0.0,-26.255521975196924,-2.1575597463141674,175.58665754215562,During Launch
1128,2025-05-03 22:48:11,60.819,1.0990814,-0.361,26.15,0.0,0.0,-26.292205342686817,-2.1246079225727788,175.68949263413964,During Launch
1129,2025-05-03 22:48:12,60.867,1.22047248,-0.088,26.147,0.0,0.0,-26.26743618054283,-2.190912879819006,175.63041104141095,During Launch
1130,2025-05-03 22:48:12,60.929,1.9389764399999998,0.442,26.14,0.0,0.0,-26.261859329042707,-2.213636075040549,175.58620177245913,During Launch
1131,2025-05-03 22:48:12,60.985,0.60367456,-1.591,26.145,0.0,0.0,-26.09359816022751,-2.3101187208317886,175.23333735646622,During Launch
1132,2025-05-03 22:48:12,61.034,1.20078744,0.44,26.14,0.0,0.0,-26.032793950984537,-2.3803204515395233,175.11265899531392,During Launch
1133,2025-05-03 22:48:12,61.081,1.45013128,0.261,26.145,0.0,0.0,-25.96082668225048,-2.452734588941692,174.98472515690403,During Launch
1134,2025-05-03 22:48:12,61.15,0.9514436,-0.876,26.137,0.0,0.0,-26.041370537312446,-2.33779252980728,175.1904083289836,During Launch
1135,2025-05-03 22:48:12,61.205,0.23293963999999998,-0.908,26.145,0.0,0.0,-26.108732235583677,-2.316131974111082,175.28435985605904,During Launch
1136,2025-05-03 22:48:12,61.253,1.9389764399999998,0.71,26.14,0.0,0.0,-26.158634606826205,-2.27710214701296,175.43733947183972,During Launch
1137,2025-05-03 22:48:12,61.304,1.57152236,1.511,26.14,0.0,0.0,-26.19505692350653,-2.2010921883518786,175.542764809545,During Launch
1138,2025-05-03 22:48:12,61.356,0.60367456,0.799,26.137,0.0,0.0,-26.19324528291391,-2.194468924360746,175.58527301318583,During Launch
1139,2025-05-03 22:48:12,61.412,0.23293963999999998,0.086,26.1,0.0,0.0,-26.214048744543398,-2.1566856155894354,175.6405913125481,During Launch
1140,2025-05-03 22:48:12,61.462,1.44028876,0.426,26.135,0.0,0.0,-26.2296961663212,-2.181753171203328,175.62452501146564,During Launch
1141,2025-05-03 22:48:12,61.521,0.83333336,-0.46,26.133,0.0,0.0,-26.25506169633491,-2.1500127956994857,175.61914754645306,During Launch
1142,2025-05-03 22:48:12,61.589,1.0826772,-0.278,26.137,0.0,0.0,-26.241761529411843,-2.1533024335104516,175.618966155491,During Launch
1143,2025-05-03 22:48:12,61.644,1.0826772,0.08,26.143,0.0,0.0,-26.251280728580262,-2.1494046654591714,175.60793236836898,During Launch
1144,2025-05-03 22:48:12,61.69,1.44028876,-0.463,26.113,0.0,0.0,-26.212802619840282,-2.1327870254801966,175.6016901850178,During Launch
1145,2025-05-03 22:48:12,61.759,1.32217852,-0.923,26.135,0.0,0.0,-26.22083763774724,-2.1459150139748004,175.5847595300249,During Launch
1146,2025-05-03 22:48:12,61.825,1.18438324,-0.791,26.133,0.0,0.0,-26.211602912440362,-2.211902447664246,175.44768766185734,During Launch
1147,2025-05-03 22:48:13,61.871,1.44028876,0.074,26.135,0.0,0.0,-26.232266652270287,-2.242962639440157,175.34110199971022,During Launch
1148,2025-05-03 22:48:13,61.922,0.9514436,-0.893,26.137,0.0,0.0,-26.272227279834876,-2.3071899359228527,175.2349680791028,During Launch
1149,2025-05-03 22:48:13,61.97,0.5839895199999999,-0.47,26.133,0.0,0.0,-26.281501590106775,-2.3682444620628478,175.19253027438768,During Launch
1150,2025-05-03 22:48:13,62.027,1.8110236800000001,0.34,26.133,0.0,0.0,-26.301169337824195,-2.370410916695611,175.19249772980194,During Launch
1151,2025-05-03 22:48:13,62.076,-0.40354332,-1.292,26.133,0.0,0.0,-26.26975194586756,-2.3168529349439746,175.35978156654093,During Launch
1152,2025-05-03 22:48:13,62.124,1.20078744,0.988,26.143,0.0,0.0,-26.258555140030918,-2.2316976158591055,175.5139052841407,During Launch
1153,2025-05-03 22:48:13,62.18,0.83333336,-0.195,26.14,0.0,0.0,-26.233654862865446,-2.200788481902248,175.56439825815892,During Launch
1154,2025-05-03 22:48:13,62.237,1.30249348,0.06,26.13,0.0,0.0,-26.227490330381396,-2.1556699671357795,175.63361042378963,During Launch
1155,2025-05-03 22:48:13,62.288,0.83333336,-0.814,26.133,0.0,0.0,-26.218266609037723,-2.179684332492793,175.59598303817032,During Launch
1156,2025-05-03 22:48:13,62.346,0.9514436,0.256,26.135,0.0,0.0,-26.199515182852323,-2.1989452762536144,175.53855090207853,During Launch
1157,2025-05-03 22:48:13,62.406,1.20078744,0.0,26.14,0.0,0.0,-26.239234970750307,-2.216024779691289,175.51827942578817,During Launch
1158,2025-05-03 22:48:13,62.462,1.6896326,0.173,26.14,0.0,0.0,-26.266826586688374,-2.261115546681433,175.51093322667288,During Launch
1159,2025-05-03 22:48:13,62.538,0.9350394,-0.012,26.13,0.0,0.0,-26.311956707069076,-2.2249530714676498,175.4907980758831,During Launch
1160,2025-05-03 22:48:13,62.606,0.11482940000000001,-0.084,26.125,0.0,0.0,-26.312739830102352,-2.2519924468561108,175.4894707833798,During Launch
1161,2025-05-03 22:48:13,62.666,1.20078744,-0.522,26.14,0.0,0.0,-26.307419790792217,-2.239036452023255,175.49271524725242,During Launch
1162,2025-05-03 22:48:13,62.728,1.32217852,-0.175,26.143,0.0,0.0,-26.264143288572075,-2.239916625854831,175.52063352681742,During Launch
1163,2025-05-03 22:48:13,62.796,-0.15419948,-0.526,26.143,0.0,0.0,-26.21953491873619,-2.2165641308862423,175.595168731564,During Launch
1164,2025-05-03 22:48:14,62.856,1.9389764399999998,1.181,26.11,0.0,0.0,-26.225811727905818,-2.1445563864686727,175.6873398770905,During Launch
1165,2025-05-03 22:48:14,62.925,1.0826772,-0.244,26.137,0.0,0.0,-26.23859453223486,-2.1370237935883067,175.6455044499494,During Launch
1166,2025-05-03 22:48:14,62.977,1.07283468,0.164,26.135,0.0,0.0,-26.280449347821342,-2.164086466898703,175.591966567173,During Launch
1167,2025-05-03 22:48:14,63.034,0.9514436,-0.091,26.137,0.0,0.0,-26.24626279836257,-2.2094981875745847,175.55114088451327,During Launch
1168,2025-05-03 22:48:14,63.09,1.22047248,0.095,26.147,0.0,0.0,-26.280250875197424,-2.232310060052617,175.5396955664633,During Launch
1169,2025-05-03 22:48:14,63.145,0.83333336,-0.417,26.14,0.0,0.0,-26.274132371884438,-2.2523084036644128,175.485179798526,During Launch
1170,2025-05-03 22:48:14,63.204,1.57152236,0.173,26.14,0.0,0.0,-26.27151682555787,-2.221363721398086,175.48192105233042,During Launch
1171,2025-05-03 22:48:14,63.26,1.20078744,0.011,26.128,0.0,0.0,-26.290926227105032,-2.191111133513618,175.52582688366235,During Launch
1172,2025-05-03 22:48:14,63.309,0.97112864,-0.326,26.147,0.0,0.0,-26.295108627221634,-2.193171581213035,175.54946792331242,During Launch
1173,2025-05-03 22:48:14,63.358,2.52952764,1.099,26.128,0.0,0.0,-26.289043395925315,-2.189059756318221,175.5415395523915,During Launch
1174,2025-05-03 22:48:14,63.409,3.02821532,1.699,26.15,0.0,0.0,-26.30207214919221,-2.204977608448535,175.545763827809,During Launch
1175,2025-05-03 22:48:14,63.466,1.0990814,-0.495,26.14,0.0,0.0,-26.365699032777837,-2.1891958171950683,175.56598582461382,During Launch
1176,2025-05-03 22:48:14,63.534,1.45013128,1.271,26.143,0.0,0.0,-26.358789306931683,-2.2194984751393987,175.58377495003512,During Launch
1177,2025-05-03 22:48:14,63.582,1.0826772,-0.081,26.14,0.0,0.0,-26.34253562434777,-2.2300215591021577,175.54265050214278,During Launch
1178,2025-05-03 22:48:14,63.634,-0.02296588,-0.589,26.14,0.0,0.0,-26.355486461767153,-2.2820164455323435,175.49158065562403,During Launch
1179,2025-05-03 22:48:14,63.69,-0.13451444,-0.989,26.145,0.0,0.0,-26.34215361151682,-2.2746146750268545,175.48751062792917,During Launch
1180,2025-05-03 22:48:14,63.748,1.57152236,0.506,26.14,0.0,0.0,-26.314551227176786,-2.2441194011968437,175.4788020449765,During Launch
1181,2025-05-03 22:48:14,63.798,1.45013128,0.343,26.143,0.0,0.0,-26.34391550756363,-2.242986158884557,175.4512835962522,During Launch
1182,2025-05-03 22:48:15,63.844,2.18832028,0.687,26.14,0.0,0.0,-26.33234827245147,-2.2519391911052042,175.42214948979893,During Launch
1183,2025-05-03 22:48:15,63.904,0.97112864,-0.498,26.145,0.0,0.0,-26.298957822393582,-2.2272395480559797,175.42141701066464,During Launch
1184,2025-05-03 22:48:15,63.969,0.8530184000000001,-0.057,26.15,0.0,0.0,-26.2499507126045,-2.2108039621062465,175.43556709508317,During Launch
1185,2025-05-03 22:48:15,64.038,1.8208662000000002,1.191,26.143,0.0,0.0,-26.197640165841634,-2.2411737256683075,175.4500636559915,During Launch
1186,2025-05-03 22:48:15,64.085,1.0826772,-0.083,26.137,0.0,0.0,-26.203844051842683,-2.2062360369690133,175.49006461200108,During Launch
1187,2025-05-03 22:48:15,64.144,1.46981632,0.104,26.145,0.0,0.0,-26.161368715700455,-2.1865187450234145,175.52715929409388,During Launch
1188,2025-05-03 22:48:15,64.201,1.58792655999999