n,Datetime (UTC),Timestamp (s),Altitude (ft),Velocity (ft/s),Temperature (C),Longitude,Latitude,Roll (°),Pitch (°),Yaw (°),Flag
0,2025-03-22 12:33:33,0.004,0.17060367999999998,,22.104,-1,-1,0.0,0.0,0.0,Before Launch
1,2025-03-22 12:33:33,0.047,-1.42060372,,22.102,-1,-1,0.0,0.0,0.0,Before Launch
2,2025-03-22 12:33:33,0.095,-1.52887144,,22.109,-1,-1,0.0,0.0,0.0,Before Launch
3,2025-03-22 12:33:33,0.139,-0.08858268,,22.094,-1,-1,0.0,0.0,0.0,Before Launch
4,2025-03-22 12:33:33,0.181,-0.07545932,,22.102,-1,-1,0.0,0.0,0.0,Before Launch
5,2025-03-22 12:33:33,0.224,-1.3943569999999998,,22.114,-1,-1,0.0,0.0,0.0,Before Launch
6,2025-03-22 12:33:33,0.266,-1.2860892800000001,,22.104,-1,-1,0.0,0.0,0.0,Before Launch
7,2025-03-22 12:33:33,0.309,-0.69225724,,22.109,-1,-1,0.0,0.0,0.0,Before Launch
8,2025-03-22 12:33:33,0.353,0.049212599999999995,,22.107,-1,-1,0.0,0.0,0.0,Before Launch
9,2025-03-22 12:33:33,0.395,-1.7716536,,22.107,-1,-1,0.0,0.0,0.0,Before Launch
10,2025-03-22 12:33:33,0.438,-1.1679790399999999,,22.102,-1,-1,0.0,0.0,0.0,Before Launch
11,2025-03-22 12:33:33,0.481,-0.67913388,,22.107,-1,-1,0.0,0.0,0.0,Before Launch
12,2025-03-22 12:33:34,0.523,0.29199475999999996,,22.104,-1,-1,0.0,0.0,0.0,Before Launch
13,2025-03-22 12:33:34,0.569,-0.66601052,,22.114,0.0,0.0,0.0,0.0,0.0,Before Launch
14,2025-03-22 12:33:34,0.614,-1.27296592,,22.107,0.0,0.0,0.0,0.0,0.0,Before Launch
15,2025-03-22 12:33:34,0.658,-0.69553808,,22.092,0.0,0.0,0.0,0.0,0.0,Before Launch
16,2025-03-22 12:33:34,0.701,-0.45275592000000003,,22.094,0.0,0.0,0.0,0.0,0.0,Before Launch
17,2025-03-22 12:33:34,0.744,0.54790028,,22.112,0.0,0.0,0.0,0.0,0.0,Before Launch
18,2025-03-22 12:33:34,0.786,-0.31496064,,22.107,0.0,0.0,0.0,0.0,0.0,Before Launch
19,2025-03-22 12:33:34,0.829,-2.0013123999999998,,22.112,0.0,0.0,0.0,0.0,0.0,Before Launch
20,2025-03-22 12:33:34,0.872,-1.4074803599999999,,22.107,0.0,0.0,0.0,0.0,0.0,Before Launch
21,2025-03-22 12:33:34,0.916,-0.90879268,,22.112,0.0,0.0,0.0,0.0,0.0,Before Launch
22,2025-03-22 12:33:34,0.959,-1.2992126400000001,,22.109,0.0,0.0,0.0,0.0,0.0,Before Launch
23,2025-03-22 12:33:34,1.002,0.17060367999999998,,22.099,0.0,0.0,25.32449465124929,-22.800126730137148,25.781492033864097,Before Launch
24,2025-03-22 12:33:34,1.055,-0.92191604,,22.104,0.0,0.0,34.09197526756904,-33.5481787075541,33.67220122250298,Before Launch
25,2025-03-22 12:33:34,1.1,0.89895016,0.665,22.104,0.0,0.0,40.215144780717864,-39.997234737739966,40.02724815620946,Before Launch
26,2025-03-22 12:33:34,1.143,0.18372704,1.464,22.112,0.0,0.0,26.81155461174867,-28.51874650209087,74.98850974957247,Before Launch
27,2025-03-22 12:33:34,1.187,-1.63713916,-0.099,22.112,0.0,0.0,11.120627235441528,-15.317949905660772,113.51281918136473,Before Launch
28,2025-03-22 12:33:34,1.232,-1.1646982,-0.985,22.109,0.0,0.0,6.6925777445316115,-11.616502909445243,123.96970844452389,Before Launch
29,2025-03-22 12:33:34,1.276,-0.31496064,-0.219,22.107,0.0,0.0,1.3067211651835282,-7.13065388422082,136.9442437022298,Before Launch
30,2025-03-22 12:33:34,1.318,-0.67913388,0.654,22.107,0.0,0.0,-0.27516010956989057,-5.824156914858275,140.57389454130168,Before Launch
31,2025-03-22 12:33:34,1.363,-1.04330712,0.221,22.109,0.0,0.0,-2.2165146286182322,-4.222492818747183,145.13493126993728,Before Launch
32,2025-03-22 12:33:34,1.405,0.28871391999999996,0.895,22.102,0.0,0.0,-2.795734811755952,-3.7441317257349973,146.41303245153796,Before Launch
33,2025-03-22 12:33:34,1.448,-1.52887144,-1.441,22.109,0.0,0.0,-3.4835448439060075,-3.1919862406646953,147.86171885466248,Before Launch
34,2025-03-22 12:33:34,1.494,-0.90879268,0.785,22.112,0.0,0.0,-3.6852686466954667,-3.006928232819937,148.22855008892085,Before Launch
35,2025-03-22 12:33:35,1.536,-1.1646982,0.003,22.109,0.0,0.0,-3.9365176230142143,-2.801385963840885,148.50613383898917,Before Launch
36,2025-03-22 12:33:35,1.579,-1.4074803599999999,-0.663,22.107,0.0,0.0,-4.018937846265878,-2.7633049872228734,148.62708777118544,Before Launch
37,2025-03-22 12:33:35,1.622,-2.12270348,-2.197,22.114,0.0,0.0,-4.115517717663776,-2.718389819924917,148.79929401036983,Before Launch
38,2025-03-22 12:33:35,1.666,-1.1646982,-0.455,22.089,0.0,0.0,-4.141728987541323,-2.6550642173391847,149.0589887254772,Before Launch
39,2025-03-22 12:33:35,1.717,-1.1646982,0.098,22.109,0.0,0.0,-4.150792097033058,-2.646779454965658,149.17826319171635,Before Launch
40,2025-03-22 12:33:35,1.76,-1.52887144,-0.756,22.109,0.0,0.0,-4.194473599055697,-2.6060761810282878,149.3390563048071,Before Launch
41,2025-03-22 12:33:35,1.803,-1.1515748399999999,-0.634,22.117,0.0,0.0,-4.206377966827333,-2.5867348744440353,149.37218167376432,Before Launch
42,2025-03-22 12:33:35,1.846,-0.43635172,-0.893,22.114,0.0,0.0,-4.21467930420548,-2.5981486488766246,149.32315851432045,Before Launch
43,2025-03-22 12:33:35,1.889,-1.52887144,-1.101,22.109,0.0,0.0,-4.245997624723449,-2.6045320641294323,149.23948377537602,Before Launch
44,2025-03-22 12:33:35,1.932,-0.43635172,1.419,22.109,0.0,0.0,-4.2125404328739116,-2.588575856439169,149.1140483646549,Before Launch
45,2025-03-22 12:33:35,1.974,-1.63713916,-0.208,22.092,0.0,0.0,-4.203905608202954,-2.609458051920422,149.03381536390435,Before Launch
46,2025-03-22 12:33:35,2.019,-1.63713916,-0.66,22.112,0.0,0.0,-4.203201924223831,-2.6262590727767843,148.91909551589927,Before Launch
47,2025-03-22 12:33:35,2.065,-0.67913388,0.561,22.107,0.0,0.0,-4.211875765490102,-2.6375095063042187,148.88142533017128,Before Launch
48,2025-03-22 12:33:35,2.107,-0.43963256,-0.552,22.102,0.0,0.0,-4.206658288687921,-2.641531682924367,148.84530189299736,Before Launch
49,2025-03-22 12:33:35,2.149,-0.90879268,0.012,22.112,0.0,0.0,-4.190299480182368,-2.6365447540366267,148.8430420625934,Before Launch
50,2025-03-22 12:33:35,2.193,-0.31496064,-1.111,22.107,0.0,0.0,-4.183681239027751,-2.650557843814814,148.9235847200891,Before Launch
51,2025-03-22 12:33:35,2.236,-0.31496064,-0.456,22.107,0.0,0.0,-4.192161953558747,-2.63373020703213,148.94840206824668,Before Launch
52,2025-03-22 12:33:35,2.28,-0.19356956,1.321,22.104,0.0,0.0,-4.160190206228552,-2.611531672804771,149.0035539127317,Before Launch
53,2025-03-22 12:33:35,2.323,-0.67913388,0.445,22.107,0.0,0.0,-4.175769772787368,-2.6233802619333235,149.04882506182804,Before Launch
54,2025-03-22 12:33:35,2.365,-0.5577428,-0.223,22.104,0.0,0.0,-4.1916324902699325,-2.6012282623444882,149.08061644348967,Before Launch
55,2025-03-22 12:33:35,2.408,-0.31496064,0.334,22.117,0.0,0.0,-4.199687844137558,-2.598868658177966,149.0873337418927,Before Launch
56,2025-03-22 12:33:35,2.45,-0.7874015999999999,0.235,22.117,0.0,0.0,-4.165337582060663,-2.5784761495041546,149.03568359729098,Before Launch
57,2025-03-22 12:33:35,2.493,-0.08858268,-0.347,22.094,0.0,0.0,-4.152969757232857,-2.6214713142290678,148.96367088647725,Before Launch
58,2025-03-22 12:33:36,2.543,-1.4074803599999999,0.111,22.107,0.0,0.0,-4.161141000164583,-2.6183551959549263,148.96205635616448,Before Launch
59,2025-03-22 12:33:36,2.589,0.41338584,1.207,22.107,0.0,0.0,-4.111703195000173,-2.613849258468554,148.96514961584361,Before Launch
60,2025-03-22 12:33:36,2.634,-1.52887144,-0.332,22.099,0.0,0.0,-4.101320480737995,-2.610355021985225,148.93979069239253,Before Launch
61,2025-03-22 12:33:36,2.676,-0.43963256,0.882,22.102,0.0,0.0,-4.12795582929556,-2.5847005069572595,148.92835109348823,Before Launch
62,2025-03-22 12:33:36,2.719,-2.25393708,-0.12,22.109,0.0,0.0,-4.132695420763303,-2.595225708357424,148.9366819372614,Before Launch
63,2025-03-22 12:33:36,2.762,-2.3654856399999997,-1.096,22.112,0.0,0.0,-4.138264830273959,-2.5979548952244302,148.88638439517118,Before Launch
64,2025-03-22 12:33:36,2.805,-0.30183728,0.793,22.114,0.0,0.0,-4.138277786236067,-2.6033601837014366,148.84959920381692,Before Launch
65,2025-03-22 12:33:36,2.848,-1.63713916,-0.1,22.112,0.0,0.0,-4.131609225676764,-2.591364544770408,148.77343368150133,Before Launch
66,2025-03-22 12:33:36,2.891,-2.13582684,-0.905,22.104,0.0,0.0,-4.122747701270338,-2.594865585469365,148.75670243321156,Before Launch
67,2025-03-22 12:33:36,2.933,-0.92191604,-0.447,22.104,0.0,0.0,-4.122189819216758,-2.6101894913505275,148.70711282721282,Before Launch
68,2025-03-22 12:33:36,2.978,-0.5446194400000001,0.904,22.112,0.0,0.0,-4.126090785602119,-2.6027112472341853,148.71905680575637,Before Launch
69,2025-03-22 12:33:36,3.02,-0.5577428,-0.112,22.104,0.0,0.0,-4.129130832188914,-2.5819358912235,148.71456312481695,Before Launch
70,2025-03-22 12:33:36,3.063,-0.67913388,0.88,22.107,0.0,0.0,-4.12789733523382,-2.5761188491484925,148.715013499254,Before Launch
71,2025-03-22 12:33:36,3.105,-1.27296592,0.335,22.112,0.0,0.0,-4.130880099678886,-2.5678099832317964,148.76823382405092,Before Launch
72,2025-03-22 12:33:36,3.148,-0.19356956,0.448,22.104,0.0,0.0,-4.12455269659692,-2.55650039288631,148.79060493625684,Before Launch
73,2025-03-22 12:33:36,3.192,-0.31496064,0.115,22.107,0.0,0.0,-4.14580801503652,-2.5299695231658026,148.97071103556792,Before Launch
74,2025-03-22 12:33:36,3.236,-0.43635172,0.435,22.107,0.0,0.0,-4.129575187057198,-2.5360943061503147,149.0429596543118,Before Launch
75,2025-03-22 12:33:36,3.279,-2.24409456,-1.776,22.117,0.0,0.0,-4.13879305219744,-2.5320610822353715,149.15132995961238,Before Launch
76,2025-03-22 12:33:36,3.322,1.74540688,1.897,22.107,0.0,0.0,-4.145074307750702,-2.5123187098683726,149.18888970628475,Before Launch
77,2025-03-22 12:33:36,3.367,-0.07217847999999999,0.112,22.109,0.0,0.0,-4.150179451943687,-2.531124274729843,149.33925810359412,Before Launch
78,2025-03-22 12:33:36,3.412,-0.43635172,0.223,22.109,0.0,0.0,-4.147805795200584,-2.5319956074661207,149.46178238792075,Before Launch
79,2025-03-22 12:33:36,3.465,-1.27296592,-0.65,22.112,0.0,0.0,-4.173045458319275,-2.5085587704638495,149.50610876288468,Before Launch
80,2025-03-22 12:33:37,3.507,-1.3943569999999998,-0.982,22.114,0.0,0.0,-4.202208953680857,-2.5096266936349894,149.42004155785602,Before Launch
81,2025-03-22 12:33:37,3.551,-0.059055119999999996,0.662,22.107,0.0,0.0,-4.195377481102109,-2.5572257579575535,149.40069835006307,Before Launch
82,2025-03-22 12:33:37,3.597,-0.5446194400000001,-0.413,22.112,0.0,0.0,-4.1919904524460785,-2.569112094725914,149.37080015168175,Before Launch
83,2025-03-22 12:33:37,3.64,-1.1646982,0.221,22.109,0.0,0.0,-4.205013561197522,-2.537433544510592,149.37454989078228,Before Launch
84,2025-03-22 12:33:37,3.683,-0.1804462,-0.543,22.112,0.0,0.0,-4.18087710480855,-2.5403966930429966,149.4152425059044,Before Launch
85,2025-03-22 12:33:37,3.728,0.41338584,1.775,22.109,0.0,0.0,-4.162297250829115,-2.5545951021540807,149.45507449259452,Before Launch
86,2025-03-22 12:33:37,3.771,-1.4074803599999999,-0.884,22.107,0.0,0.0,-4.127236263573814,-2.5318176269383494,149.50194095147182,Before Launch
87,2025-03-22 12:33:37,3.817,-0.07217847999999999,1.987,22.097,0.0,0.0,-4.129448513406343,-2.5513706026898926,149.52300921529567,Before Launch
88,2025-03-22 12:33:37,3.865,-0.30183728,1.871,22.112,0.0,0.0,-4.132647399625715,-2.483358361262033,149.52925539401275,Before Launch
89,2025-03-22 12:33:37,3.909,-2.12270348,-1.649,22.114,0.0,0.0,-4.141989475650173,-2.4736479511350353,149.50344029947755,Before Launch
90,2025-03-22 12:33:37,3.953,0.062335959999999996,1.538,22.114,0.0,0.0,-4.160090963079873,-2.5074511103898,149.420856099793,Before Launch
91,2025-03-22 12:33:37,3.997,-1.52887144,0.549,22.109,0.0,0.0,-4.167550876773001,-2.5106140367402756,149.36356035910995,Before Launch
92,2025-03-22 12:33:37,4.041,-1.2696850800000001,-0.314,22.119,0.0,0.0,-4.145766229348827,-2.5073111179356142,149.09236397125602,Before Launch
93,2025-03-22 12:33:37,4.086,-1.8799213199999998,-1.205,22.117,0.0,0.0,-4.143734678425585,-2.5272308013674487,148.9948582638647,Before Launch
94,2025-03-22 12:33:37,4.13,-0.90879268,-0.316,22.112,0.0,0.0,-4.1406193561802676,-2.5608733262967807,148.8890602982958,Before Launch
95,2025-03-22 12:33:37,4.173,-0.43635172,0.219,22.109,0.0,0.0,-4.127229410736558,-2.5934119536930136,148.84380160916547,Before Launch
96,2025-03-22 12:33:37,4.22,-0.07217847999999999,1.077,22.109,0.0,0.0,-4.150007234303431,-2.5892140350737387,148.96113743908938,Before Launch
97,2025-03-22 12:33:37,4.262,-0.07217847999999999,0.109,22.109,0.0,0.0,-4.151574426615914,-2.5740099118689086,149.04008166493924,Before Launch
98,2025-03-22 12:33:37,4.311,-0.92191604,-0.542,22.104,0.0,0.0,-4.192219283189602,-2.588193858308732,149.19087240486033,Before Launch
99,2025-03-22 12:33:37,4.356,-1.4074803599999999,-0.867,22.107,0.0,0.0,-4.215644003411583,-2.549762747282561,149.23534922168193,Before Launch
100,2025-03-22 12:33:37,4.399,-2.0013123999999998,0.217,22.112,0.0,0.0,-4.209998250783766,-2.529757118337862,149.38794487214955,Before Launch
101,2025-03-22 12:33:37,4.441,-0.5446194400000001,-2.046,22.112,0.0,0.0,-4.203116665368703,-2.537947191275771,149.4384934746888,Before Launch
102,2025-03-22 12:33:37,4.486,-1.1515748399999999,-0.965,22.114,0.0,0.0,-4.188988625710207,-2.5267833353656295,149.42356730272846,Before Launch
103,2025-03-22 12:33:38,4.529,-2.24409456,-1.618,22.117,0.0,0.0,-4.161214712550774,-2.52532482724336,149.40358583581533,Before Launch
104,2025-03-22 12:33:38,4.572,-0.80052496,0.427,22.109,0.0,0.0,-4.188054526128711,-2.518049777371646,149.45243229500608,Before Launch
105,2025-03-22 12:33:38,4.623,-1.8799213199999998,-0.435,22.117,0.0,0.0,-4.185195571879408,-2.500672898233037,149.4711555060398,Before Launch
106,2025-03-22 12:33:38,4.666,-1.1646982,-0.992,22.109,0.0,0.0,-4.1916274303839804,-2.496467505062918,149.43701459483063,Before Launch
107,2025-03-22 12:33:38,4.713,0.77755908,1.185,22.107,0.0,0.0,-4.202738577273478,-2.532040467522347,149.42338007089694,Before Launch
108,2025-03-22 12:33:38,4.764,0.6561680000000001,1.62,22.109,0.0,0.0,-4.191403368719104,-2.534814171241939,149.3866168857061,Before Launch
109,2025-03-22 12:33:38,4.817,-0.66601052,-0.428,22.112,0.0,0.0,-4.173080344883017,-2.534885180761814,149.30566534175696,Before Launch
110,2025-03-22 12:33:38,4.894,-0.80052496,-1.041,22.109,0.0,0.0,-4.174062304229236,-2.5571799180428307,149.24186923049842,Before Launch
111,2025-03-22 12:33:38,4.946,-0.67913388,0.62,22.107,0.0,0.0,-4.177531400463721,-2.574938405868426,149.10462310333716,Before Launch
112,2025-03-22 12:33:38,4.99,-0.43635172,-0.31,22.109,0.0,0.0,-4.168404050590984,-2.5773981039705256,149.0603732947352,Before Launch
113,2025-03-22 12:33:38,5.048,-0.07217847999999999,0.194,22.104,0.0,0.0,-4.171819425254448,-2.5554385996422937,148.94471633085308,Before Launch
114,2025-03-22 12:33:38,5.095,-1.03018376,0.921,22.114,0.0,0.0,-4.147966845698777,-2.5452578103514023,148.911263026873,Before Launch
115,2025-03-22 12:33:38,5.139,-0.67913388,-0.625,22.114,0.0,0.0,-4.12925616716174,-2.557606035346191,148.96110672093457,Before Launch
116,2025-03-22 12:33:38,5.203,0.42650920000000003,1.621,22.114,0.0,0.0,-4.1326642088411125,-2.553896173611017,149.01520226941975,Before Launch
117,2025-03-22 12:33:38,5.258,0.27559056000000004,1.27,22.094,0.0,0.0,-4.132728274498938,-2.5245365346142203,149.17846666513864,Before Launch
118,2025-03-22 12:33:38,5.306,-1.04330712,0.686,22.107,0.0,0.0,-4.142546206112604,-2.4939053999438556,149.15342583480643,Before Launch
119,2025-03-22 12:33:38,5.353,1.02034124,1.577,22.087,0.0,0.0,-4.150936709401235,-2.5019369674446117,149.07447661404655,Before Launch
120,2025-03-22 12:33:38,5.397,0.77755908,0.992,22.117,0.0,0.0,-4.193412265198275,-2.534347583509825,149.19011334822568,Before Launch
121,2025-03-22 12:33:38,5.445,-0.80052496,-0.595,22.109,0.0,0.0,-4.207796268055363,-2.51310531283402,149.2079943443064,Before Launch
122,2025-03-22 12:33:38,5.49,-0.07545932,-0.003,22.102,0.0,0.0,-4.216761077458971,-2.5328584403167347,149.28714263720488,Before Launch
123,2025-03-22 12:33:39,5.534,-0.67913388,0.199,22.107,0.0,0.0,-4.2299672823499606,-2.529802212333357,149.29839068761547,Before Launch
124,2025-03-22 12:33:39,5.576,-1.27296592,0.11,22.112,0.0,0.0,-4.183090193648819,-2.5362568910507743,149.29185639747195,Before Launch
125,2025-03-22 12:33:39,5.619,-0.80052496,0.984,22.114,0.0,0.0,-4.171150968439138,-2.519802535115369,149.30708106223477,Before Launch
126,2025-03-22 12:33:39,5.662,-0.5577428,-0.011,22.104,0.0,0.0,-4.144793370696089,-2.532305839660672,149.3128232828224,Before Launch
127,2025-03-22 12:33:39,5.705,-0.90879268,0.199,22.112,0.0,0.0,-4.127418361588005,-2.5374798086234125,149.23863463549148,Before Launch
128,2025-03-22 12:33:39,5.755,-0.90879268,1.089,22.112,0.0,0.0,-4.1081442828858465,-2.5167109277045907,149.06233957185808,Before Launch
129,2025-03-22 12:33:39,5.798,-0.5446194400000001,0.209,22.112,0.0,0.0,-4.1181960756951534,-2.549769746138459,148.7552527364946,Before Launch
130,2025-03-22 12:33:39,5.841,-0.30183728,1.296,22.114,0.0,0.0,-4.096343065421152,-2.5737705061235667,148.49543170362423,Before Launch
131,2025-03-22 12:33:39,5.886,-1.1515748399999999,0.011,22.114,0.0,0.0,-4.0927770107502965,-2.576783615179004,148.1006842445802,Before Launch
132,2025-03-22 12:33:39,5.929,-0.5446194400000001,-1.087,22.112,0.0,0.0,-4.0813127447800905,-2.5991341064385924,147.92903312080423,Before Launch
133,2025-03-22 12:33:39,5.976,-0.31496064,-0.801,22.107,0.0,0.0,-4.0684078083008135,-2.609142774717477,147.73632547391253,Before Launch
134,2025-03-22 12:33:39,6.019,-1.1646982,-0.415,22.109,0.0,0.0,-4.079475820499206,-2.601845205275305,147.72295325025763,Before Launch
135,2025-03-22 12:33:39,6.063,-1.7716536,-0.831,22.107,0.0,0.0,-4.104159146909713,-2.5876670550150065,148.01344836126293,Before Launch
136,2025-03-22 12:33:39,6.109,-1.52887144,-0.731,22.109,0.0,0.0,-4.092522341799853,-2.5486569189581925,148.1651118868488,Before Launch
137,2025-03-22 12:33:39,6.156,-0.43635172,0.0,22.109,0.0,0.0,-4.114241465595616,-2.524561255065288,148.56387249474247,Before Launch
138,2025-03-22 12:33:39,6.201,-0.31496064,-0.211,22.112,0.0,0.0,-4.12480909215068,-2.50059394381452,148.79146273976343,Before Launch
139,2025-03-22 12:33:39,6.243,-0.43963256,0.514,22.102,0.0,0.0,-4.131160938423063,-2.4817494873781105,149.13959343998258,Before Launch
140,2025-03-22 12:33:39,6.285,-0.32808400000000004,0.306,22.099,0.0,0.0,-4.1404737533778215,-2.4990593095715843,149.30875544496212,Before Launch
141,2025-03-22 12:33:39,6.329,0.2624672,-0.146,22.087,0.0,0.0,-4.1774926120264215,-2.458388276195237,149.58336952597364,Before Launch
142,2025-03-22 12:33:39,6.373,-0.43635172,-0.639,22.109,0.0,0.0,-4.196674207383304,-2.4641973743025454,149.69427884269516,Before Launch
143,2025-03-22 12:33:39,6.416,-0.19356956,0.766,22.117,0.0,0.0,-4.206432922362791,-2.437298786204099,149.83223052727234,Before Launch
144,2025-03-22 12:33:39,6.46,-1.04330712,-1.864,22.107,0.0,0.0,-4.204707940942525,-2.425718657078663,149.85705536755313,Before Launch
145,2025-03-22 12:33:40,6.503,-0.19356956,-0.878,22.104,0.0,0.0,-4.222027075853886,-2.4213319517757457,149.7727332379083,Before Launch
146,2025-03-22 12:33:40,6.545,-0.67913388,0.11,22.107,0.0,0.0,-4.248325818272691,-2.420212433867657,149.69707451645561,Before Launch
147,2025-03-22 12:33:40,6.587,-0.43635172,-0.329,22.109,0.0,0.0,-4.214775728465807,-2.469313182648394,149.7164567430751,Before Launch
148,2025-03-22 12:33:40,6.63,-1.8799213199999998,-1.096,22.117,0.0,0.0,-4.214990082396289,-2.475512561029395,149.76077542615542,Before Launch
149,2025-03-22 12:33:40,6.672,-0.67913388,0.542,22.107,0.0,0.0,-4.196806030431647,-2.439448749826538,149.7299320701895,Before Launch
150,2025-03-22 12:33:40,6.715,-1.8897638399999999,-0.994,22.109,0.0,0.0,-4.167305359347612,-2.439098262042686,149.6486392848355,Before Launch
151,2025-03-22 12:33:40,6.757,-1.04330712,-0.443,22.107,0.0,0.0,-4.1825708207585315,-2.4883600357057767,149.4838664470105,Before Launch
152,2025-03-22 12:33:40,6.799,-0.92191604,-0.012,22.104,0.0,0.0,-4.174510233239098,-2.5181664499572673,149.39324449983243,Before Launch
153,2025-03-22 12:33:40,6.842,-1.1646982,-0.235,22.109,0.0,0.0,-4.174166725113833,-2.5461952930739327,149.1666985782506,Before Launch
154,2025-03-22 12:33:40,6.884,-0.90879268,-0.335,22.112,0.0,0.0,-4.163435403184525,-2.5591236308995726,149.07718280518029,Before Launch
155,2025-03-22 12:33:40,6.927,-0.31496064,-0.012,22.107,0.0,0.0,-4.173510697123302,-2.5333519369508024,148.91239130982655,Before Launch
156,2025-03-22 12:33:40,6.969,-0.19356956,0.885,22.104,0.0,0.0,-4.16709210794588,-2.5061081310078666,148.8538506278899,Before Launch
157,2025-03-22 12:33:40,7.017,-0.67913388,-0.124,22.107,0.0,0.0,-4.14650483858705,-2.5216620878750553,148.71023564381434,Before Launch
158,2025-03-22 12:33:40,7.064,0.41338584,0.669,22.107,0.0,0.0,-4.1357495695283655,-2.5687191377223226,148.6315079739194,Before Launch
159,2025-03-22 12:33:40,7.107,-0.92191604,0.223,22.104,0.0,0.0,-4.113592297261493,-2.5727594213926688,148.65657194061708,Before Launch
160,2025-03-22 12:33:40,7.149,0.76443572,2.335,22.099,0.0,0.0,-4.155814505586456,-2.5209909990154413,148.66624160281674,Before Launch
161,2025-03-22 12:33:40,7.191,0.049212599999999995,1.458,22.107,0.0,0.0,-4.144418444196035,-2.529180445095244,148.61577451826133,Before Launch
162,2025-03-22 12:33:40,7.234,-1.52887144,-1.013,22.109,0.0,0.0,-4.128200562446047,-2.532562743029737,148.6012041515608,Before Launch
163,2025-03-22 12:33:40,7.276,-0.31496064,0.0,22.107,0.0,0.0,-4.12455921721598,-2.531665416541246,148.68970233965538,Before Launch
164,2025-03-22 12:33:40,7.321,-0.5446194400000001,-0.097,22.112,0.0,0.0,-4.151269104280038,-2.5556159849417717,148.7812871639158,Before Launch
165,2025-03-22 12:33:40,7.366,-0.80052496,-0.437,22.109,0.0,0.0,-4.155414735669052,-2.5106760971211126,148.90241591038685,Before Launch
166,2025-03-22 12:33:40,7.408,-0.81692916,-1.0,22.094,0.0,0.0,-4.134203005044145,-2.5288189245082604,149.05468616795002,Before Launch
167,2025-03-22 12:33:40,7.451,-1.27296592,-0.776,22.112,0.0,0.0,-4.124760057700629,-2.520665206287683,149.09524682806386,Before Launch
168,2025-03-22 12:33:40,7.494,0.049212599999999995,0.225,22.107,0.0,0.0,-4.14219984952041,-2.4867812733241865,149.1208194574463,Before Launch
169,2025-03-22 12:33:41,7.536,-1.04330712,0.0,22.107,0.0,0.0,-4.129827821072484,-2.472338117924303,149.0953518525003,Before Launch
170,2025-03-22 12:33:41,7.579,-1.4074803599999999,-1.128,22.107,0.0,0.0,-4.135997585004296,-2.470299669435709,149.09781960324972,Before Launch
171,2025-03-22 12:33:41,7.621,-0.67913388,0.0,22.107,0.0,0.0,-4.133506102580379,-2.4809847331694175,149.09767511133242,Before Launch
172,2025-03-22 12:33:41,7.664,-1.52887144,-1.014,22.109,0.0,0.0,-4.124999013709472,-2.4571955368144383,149.12917272620766,Before Launch
173,2025-03-22 12:33:41,7.707,-0.31496064,1.453,22.092,0.0,0.0,-4.112437303270713,-2.4626008425635972,149.05578087767884,Before Launch
174,2025-03-22 12:33:41,7.757,-0.31496064,0.336,22.102,0.0,0.0,-4.108007381213034,-2.4841588117067612,148.89025548693644,Before Launch
175,2025-03-22 12:33:41,7.802,0.77755908,2.454,22.107,0.0,0.0,-4.1221138885548925,-2.5166560859758014,148.70087551058992,Before Launch
176,2025-03-22 12:33:41,7.848,0.40026248,1.323,22.099,0.0,0.0,-4.11915229887091,-2.5232207360232257,148.62953101648418,Before Launch
177,2025-03-22 12:33:41,7.902,-0.31496064,0.55,22.107,0.0,0.0,-4.103227711766462,-2.5348691315994105,148.5812333778225,Before Launch
178,2025-03-22 12:33:41,7.946,-0.19356956,0.88,22.104,0.0,0.0,-4.098299330406658,-2.5114669577331354,148.72991979502595,Before Launch
179,2025-03-22 12:33:41,7.991,-0.07217847999999999,0.756,22.109,0.0,0.0,-4.103390695205302,-2.516700621219758,148.82271096014614,Before Launch
180,2025-03-22 12:33:41,8.034,-1.1646982,-0.768,22.114,0.0,0.0,-4.093529197447957,-2.508090427546446,148.9987248167052,Before Launch
181,2025-03-22 12:33:41,8.076,-1.1646982,-0.877,22.109,0.0,0.0,-4.134656975062332,-2.474587717648884,149.06109444024057,Before Launch
182,2025-03-22 12:33:41,8.119,-1.2860892800000001,-0.551,22.104,0.0,0.0,-4.1420885530695735,-2.46815710669787,149.12333109161187,Before Launch
183,2025-03-22 12:33:41,8.161,-1.52887144,-1.771,22.107,0.0,0.0,-4.140664922203641,-2.4629531444048647,149.13326768189359,Before Launch
184,2025-03-22 12:33:41,8.204,-1.3943569999999998,-0.431,22.114,0.0,0.0,-4.107834230706104,-2.4530126023696788,149.04366667489586,Before Launch
185,2025-03-22 12:33:41,8.246,-0.66601052,-1.304,22.114,0.0,0.0,-4.10513350959322,-2.4577265999179088,149.02915245370224,Before Launch
186,2025-03-22 12:33:41,8.289,0.53477692,0.442,22.104,0.0,0.0,-4.107834495714806,-2.467175429473446,149.00703286135874,Before Launch
187,2025-03-22 12:33:41,8.331,-0.31496064,1.107,22.107,0.0,0.0,-4.1067259084149645,-2.4541536073012558,148.97957540224306,Before Launch
188,2025-03-22 12:33:41,8.373,0.41338584,0.664,22.107,0.0,0.0,-4.098628017973015,-2.4999848480797917,148.96632466162384,Before Launch
189,2025-03-22 12:33:41,8.416,-1.1515748399999999,-0.554,22.117,0.0,0.0,-4.119234137525917,-2.4957153924297177,149.03357458890048,Before Launch
190,2025-03-22 12:33:41,8.458,-1.04330712,-0.222,22.107,0.0,0.0,-4.118033910034452,-2.5053059919611234,149.11822846696947,Before Launch
191,2025-03-22 12:33:42,8.501,1.11220476,1.765,22.084,0.0,0.0,-4.145557132453341,-2.5236881721733377,149.13627350988526,Before Launch
192,2025-03-22 12:33:42,8.545,-1.2696850800000001,0.003,22.102,0.0,0.0,-4.176816416554082,-2.5249514282117356,149.1244722797983,Before Launch
193,2025-03-22 12:33:42,8.588,0.28871391999999996,0.219,22.102,0.0,0.0,-4.179679221572965,-2.5100139182756864,149.11058435838575,Before Launch
194,2025-03-22 12:33:42,8.635,-1.65026252,-0.552,22.104,0.0,0.0,-4.148380965896218,-2.52220695185594,149.09971979402314,Before Launch
195,2025-03-22 12:33:42,8.68,-0.31496064,0.992,22.107,0.0,0.0,-4.150423127008851,-2.521410287510829,149.0913216146459,Before Launch
196,2025-03-22 12:33:42,8.725,-1.4074803599999999,-0.66,22.107,0.0,0.0,-4.144964201993998,-2.507439504465528,149.09524298519614,Before Launch
197,2025-03-22 12:33:42,8.769,0.17060367999999998,1.538,22.104,0.0,0.0,-4.148948900832159,-2.5154060012138904,149.11425992296736,Before Launch
198,2025-03-22 12:33:42,8.814,-0.67913388,-0.329,22.107,0.0,0.0,-4.140262687901441,-2.5038535810202425,149.08388771188152,Before Launch
199,2025-03-22 12:33:42,8.856,-0.92191604,-0.552,22.104,0.0,0.0,-4.146254649157278,-2.4809757361923714,149.06337872164576,Before Launch
200,2025-03-22 12:33:42,8.898,0.28871391999999996,-0.446,22.102,0.0,0.0,-4.12961859703429,-2.493089885907737,148.99426776805592,Before Launch
201,2025-03-22 12:33:42,8.941,-0.67913388,-0.988,22.107,0.0,0.0,-4.126599346788167,-2.4846482580943987,148.9160830688485,Before Launch
202,2025-03-22 12:33:42,8.985,-0.43963256,-0.115,22.102,0.0,0.0,-4.1160632308704965,-2.5029750984737382,148.82886522937568,Before Launch
203,2025-03-22 12:33:42,9.029,-0.80052496,-0.56,22.109,0.0,0.0,-4.098889420446297,-2.4822311405291666,148.762916634969,Before Launch
204,2025-03-22 12:33:42,9.072,-1.78477696,-1.584,22.099,0.0,0.0,-4.098526767893772,-2.5420774838827302,148.69647417057465,Before Launch
205,2025-03-22 12:33:42,9.114,-0.80052496,0.337,22.109,0.0,0.0,-4.093662882120149,-2.5506503101699574,148.65034430073464,Before Launch
206,2025-03-22 12:33:42,9.156,-0.5446194400000001,0.574,22.109,0.0,0.0,-4.081105499074537,-2.5322350813940275,148.674942829763,Before Launch
207,2025-03-22 12:33:42,9.199,-2.12270348,-0.775,22.114,0.0,0.0,-4.092876291937765,-2.5363296383994864,148.68377072840806,Before Launch
208,2025-03-22 12:33:42,9.241,0.28871391999999996,1.683,22.102,0.0,0.0,-4.078133033402165,-2.535033304904634,148.71538150646995,Before Launch
209,2025-03-22 12:33:42,9.283,-1.52887144,-0.125,22.109,0.0,0.0,-4.080011305881186,-2.508092110519421,148.7334148442684,Before Launch
210,2025-03-22 12:33:42,9.326,-1.63713916,-0.899,22.112,0.0,0.0,-4.1007031121905335,-2.492276628962634,148.7992691519304,Before Launch
211,2025-03-22 12:33:42,9.368,-1.2860892800000001,-1.688,22.104,0.0,0.0,-4.091856628506266,-2.4811128961880176,148.83618840761616,Before Launch
212,2025-03-22 12:33:42,9.41,-0.43635172,-0.113,22.109,0.0,0.0,-4.145491959516522,-2.453400934974131,148.91781878592485,Before Launch
213,2025-03-22 12:33:42,9.453,-0.07217847999999999,-0.45,22.114,0.0,0.0,-4.164144520933905,-2.4589992634697992,148.95343934205493,Before Launch
214,2025-03-22 12:33:42,9.495,-1.4074803599999999,-0.237,22.107,0.0,0.0,-4.185519773761733,-2.4507481326735547,148.9640814216785,Before Launch
215,2025-03-22 12:33:43,9.537,-0.67913388,0.338,22.107,0.0,0.0,-4.145082682710963,-2.4370502698218406,148.95565645121994,Before Launch
216,2025-03-22 12:33:43,9.58,-0.5446194400000001,-1.536,22.112,0.0,0.0,-4.135349490583183,-2.4443789970756646,148.93611140668767,Before Launch
217,2025-03-22 12:33:43,9.622,-1.1646982,0.097,22.109,0.0,0.0,-4.1302956049356006,-2.46974188771522,148.9470085867212,Before Launch
218,2025-03-22 12:33:43,9.664,-0.43635172,-0.674,22.109,0.0,0.0,-4.129970385815488,-2.5028214747348203,148.8996665390992,Before Launch
219,2025-03-22 12:33:43,9.707,-0.31496064,1.246,22.107,0.0,0.0,-4.134772275471648,-2.518819085662096,148.9010753916943,Before Launch
220,2025-03-22 12:33:43,9.749,-0.67913388,-0.341,22.107,0.0,0.0,-4.11910640466768,-2.570834705025033,148.77044612927028,Before Launch
221,2025-03-22 12:33:43,9.791,-0.43635172,0.911,22.109,0.0,0.0,-4.128253878808795,-2.5822003181101456,148.7117753824221,Before Launch
222,2025-03-22 12:33:43,9.834,-0.19356956,-0.342,22.104,0.0,0.0,-4.106142829900274,-2.576091975542071,148.51297160706372,Before Launch
223,2025-03-22 12:33:43,9.876,-1.63713916,-0.902,22.112,0.0,0.0,-4.09765661224839,-2.5407557280821838,148.3800179324125,Before Launch
224,2025-03-22 12:33:43,9.918,-0.31496064,0.572,22.107,0.0,0.0,-4.077206518964916,-2.564857891925453,148.31168317861966,Before Launch
225,2025-03-22 12:33:43,9.961,0.53477692,0.231,22.104,0.0,0.0,-4.088369577244278,-2.516298371488079,148.30456723951514,Before Launch
226,2025-03-22 12:33:43,10.003,-0.31496064,0.343,22.107,0.0,0.0,-4.1027700755014,-2.519093170161753,148.41620368740027,Before Launch
227,2025-03-22 12:33:43,10.045,1.14173232,1.492,22.107,0.0,0.0,-4.099706696964737,-2.5148712792976244,148.43890565425988,Before Launch
228,2025-03-22 12:33:43,10.088,-1.52887144,-0.688,22.109,0.0,0.0,-4.129268075409252,-2.536445237623836,148.49520814314434,Before Launch
229,2025-03-22 12:33:43,10.13,-0.66601052,1.057,22.114,0.0,0.0,-4.146147333933998,-2.526014498906908,148.52513550686132,Before Launch
230,2025-03-22 12:33:43,10.172,-1.03018376,-0.217,22.114,0.0,0.0,-4.168749191215597,-2.5210711139996667,148.75683261902245,Before Launch
231,2025-03-22 12:33:43,10.215,0.29199475999999996,0.79,22.109,0.0,0.0,-4.17804189625518,-2.4904417475637666,148.8427819593803,Before Launch
232,2025-03-22 12:33:43,10.257,0.049212599999999995,2.053,22.107,0.0,0.0,-4.180096903425225,-2.490987159224142,148.930177950234,Before Launch
233,2025-03-22 12:33:43,10.299,-0.5577428,-0.8,22.112,0.0,0.0,-4.16640681115703,-2.4773226701043134,148.97252760504492,Before Launch
234,2025-03-22 12:33:43,10.342,-0.67913388,0.802,22.107,0.0,0.0,-4.15428379231951,-2.5045498775962423,149.02475292842502,Before Launch
235,2025-03-22 12:33:43,10.384,-0.80052496,0.791,22.109,0.0,0.0,-4.152132579773167,-2.508116247553446,149.08242699003827,Before Launch
236,2025-03-22 12:33:43,10.426,-0.80052496,0.459,22.109,0.0,0.0,-4.156266799898837,-2.5212580363729282,149.1246663363097,Before Launch
237,2025-03-22 12:33:43,10.469,-0.43635172,0.0,22.109,0.0,0.0,-4.158842424058671,-2.4908936816564418,149.14599959575045,Before Launch
238,2025-03-22 12:33:44,10.511,-1.4074803599999999,-1.262,22.107,0.0,0.0,-4.159352773532588,-2.4830892758168086,149.228424626523,Before Launch
239,2025-03-22 12:33:44,10.554,0.17060367999999998,1.49,22.104,0.0,0.0,-4.158614100212256,-2.480101665780291,149.26149434031598,Before Launch
240,2025-03-22 12:33:44,10.596,-0.43635172,0.229,22.109,0.0,0.0,-4.148364885948545,-2.4858159154470867,149.16446057719344,Before Launch
241,2025-03-22 12:33:44,10.638,-1.03018376,-0.459,22.114,0.0,0.0,-4.1455721751593835,-2.48143751662442,149.11040814122012,Before Launch
242,2025-03-22 12:33:44,10.681,-0.90879268,0.242,22.112,0.0,0.0,-4.148878787774448,-2.5058729612098407,148.9254534692802,Before Launch
243,2025-03-22 12:33:44,10.723,-1.3943569999999998,-0.905,22.114,0.0,0.0,-4.159052303501052,-2.5048820532456206,148.89362152679487,Before Launch
244,2025-03-22 12:33:44,10.766,-1.27296592,-0.905,22.112,0.0,0.0,-4.126661440654803,-2.540816119559975,148.79045666350513,Before Launch
245,2025-03-22 12:33:44,10.809,-0.31496064,0.344,22.107,0.0,0.0,-4.125866540111424,-2.522102530418251,148.73053578931115,Before Launch
246,2025-03-22 12:33:44,10.852,-0.80052496,-0.343,22.104,0.0,0.0,-4.141261748157317,-2.536573893977922,148.6436659048689,Before Launch
247,2025-03-22 12:33:44,10.894,-1.7716536,-1.489,22.107,0.0,0.0,-4.135492197742685,-2.541984937540769,148.59268800183526,Before Launch
248,2025-03-22 12:33:44,10.936,-1.75853024,-0.115,22.114,0.0,0.0,-4.119198013781981,-2.5141851951396026,148.5040566783068,Before Launch
249,2025-03-22 12:33:44,10.979,-1.04330712,-0.686,22.107,0.0,0.0,-4.0960109464370165,-2.5161516437076825,148.41967083385816,Before Launch
250,2025-03-22 12:33:44,11.021,-0.43635172,-0.916,22.109,0.0,0.0,-4.059968157909664,-2.4919466659274243,148.47566241433495,Before Launch
251,2025-03-22 12:33:44,11.064,0.40026248,0.674,22.099,0.0,0.0,-4.070689111426797,-2.473676314871204,148.49612625522136,Before Launch
252,2025-03-22 12:33:44,11.106,-0.5446194400000001,-1.589,22.112,0.0,0.0,-4.094884026826895,-2.467479917315553,148.52334748114862,Before Launch
253,2025-03-22 12:33:44,11.148,-1.3943569999999998,0.127,22.114,0.0,0.0,-4.078133408676339,-2.482271735783797,148.5283890071103,Before Launch
254,2025-03-22 12:33:44,11.191,-0.5446194400000001,0.114,22.112,0.0,0.0,-4.067911030491739,-2.4577142629266375,148.70109957560388,Before Launch
255,2025-03-22 12:33:44,11.233,-1.4074803599999999,-0.356,22.107,0.0,0.0,-4.096534592174126,-2.451319949093516,148.90074944969328,Before Launch
256,2025-03-22 12:33:44,11.275,0.54790028,0.241,22.112,0.0,0.0,-4.120585871414412,-2.4206979115005116,149.31491364840178,Before Launch
257,2025-03-22 12:33:44,11.318,-0.1804462,-0.216,22.112,0.0,0.0,-4.1467792429846515,-2.394881833638136,149.4334381330362,Before Launch
258,2025-03-22 12:33:44,11.36,-0.31496064,0.229,22.107,0.0,0.0,-4.155963236085205,-2.4185848008634285,149.58920724058814,Before Launch
259,2025-03-22 12:33:44,11.402,0.28871391999999996,0.913,22.102,0.0,0.0,-4.132997480774852,-2.4531953632363432,149.48192782452477,Before Launch
260,2025-03-22 12:33:44,11.445,0.90879268,1.611,22.112,0.0,0.0,-4.133509845640604,-2.4542094238195085,149.34597639618914,Before Launch
261,2025-03-22 12:33:44,11.487,0.049212599999999995,0.801,22.107,0.0,0.0,-4.1374230179092475,-2.455711917800204,149.2879036509213,Before Launch
262,2025-03-22 12:33:45,11.53,-0.5446194400000001,-0.102,22.112,0.0,0.0,-4.18180617369694,-2.460729675124294,149.16875108105475,Before Launch
263,2025-03-22 12:33:45,11.574,0.28871391999999996,1.596,22.102,0.0,0.0,-4.19800800610518,-2.4434704097779454,149.1396533436304,Before Launch
264,2025-03-22 12:33:45,11.616,-0.67913388,-0.8,22.107,0.0,0.0,-4.178670559388046,-2.4804526536075935,149.10292548931676,Before Launch
265,2025-03-22 12:33:45,11.658,-0.90879268,-0.445,22.112,0.0,0.0,-4.153278603626752,-2.4748955761228317,149.00667838563436,Before Launch
266,2025-03-22 12:33:45,11.702,0.6561680000000001,1.585,22.109,0.0,0.0,-4.122814747432349,-2.503916946184581,148.90535963301187,Before Launch
267,2025-03-22 12:33:45,11.744,0.17060367999999998,1.015,22.104,0.0,0.0,-4.123847837013771,-2.528387378815202,148.86183989868567,Before Launch
268,2025-03-22 12:33:45,11.787,-0.80052496,0.558,22.107,0.0,0.0,-4.135653243532337,-2.5252760308921935,148.95527816612528,Before Launch
269,2025-03-22 12:33:45,11.829,-0.07217847999999999,1.13,22.109,0.0,0.0,-4.1405628245260395,-2.5308906140396785,149.05363926110994,Before Launch
270,2025-03-22 12:33:45,11.872,0.41338584,0.685,22.107,0.0,0.0,-4.174365427481227,-2.5040542887734456,149.25631348568456,Before Launch
271,2025-03-22 12:33:45,11.914,-0.32808400000000004,0.445,22.099,0.0,0.0,-4.170208501882145,-2.4971215136220652,149.3423566531684,Before Launch
272,2025-03-22 12:33:45,11.956,-0.1804462,1.498,22.112,0.0,0.0,-4.14290674732146,-2.479600421792803,149.2816309376138,Before Launch
273,2025-03-22 12:33:45,11.999,0.53477692,2.157,22.104,0.0,0.0,-4.141574184902685,-2.468175793126262,149.22698695192335,Before Launch
274,2025-03-22 12:33:45,12.042,-1.27296592,-0.216,22.107,0.0,0.0,-4.125920257277837,-2.4662467081414303,149.06580984816327,Before Launch
275,2025-03-22 12:33:45,12.086,-0.90879268,-0.444,22.112,0.0,0.0,-4.113114621835584,-2.4884095149834935,149.00712012600943,Before Launch
276,2025-03-22 12:33:45,12.128,-0.5446194400000001,-0.888,22.112,0.0,0.0,-4.14340225468392,-2.455331167585489,148.95728482078593,Before Launch
277,2025-03-22 12:33:45,12.17,-0.31496064,0.216,22.107,0.0,0.0,-4.136091864673443,-2.4811031032140893,148.90397780441026,Before Launch
278,2025-03-22 12:33:45,12.213,-1.1646982,0.216,22.109,0.0,0.0,-4.121251582042517,-2.504904892413662,148.80575801138212,Before Launch
279,2025-03-22 12:33:45,12.256,-1.63713916,-1.026,22.112,0.0,0.0,-4.086187688865218,-2.4913926616205018,148.76333704513976,Before Launch
280,2025-03-22 12:33:45,12.298,-0.66601052,0.696,22.114,0.0,0.0,-4.08476029612155,-2.4994841362181677,148.67777565407823,Before Launch
281,2025-03-22 12:33:45,12.341,-1.04330712,-1.493,22.107,0.0,0.0,-4.085458938017113,-2.513970088152153,148.65654601514797,Before Launch
282,2025-03-22 12:33:45,12.383,-0.31496064,-0.126,22.107,0.0,0.0,-4.097406088628097,-2.539752549937393,148.62449763864024,Before Launch
283,2025-03-22 12:33:45,12.425,0.28871391999999996,0.567,22.102,0.0,0.0,-4.118058426837252,-2.540264820766253,148.5933636354944,Before Launch
284,2025-03-22 12:33:45,12.468,-0.57086616,-0.806,22.104,0.0,0.0,-4.106383377662772,-2.550643990957295,148.54208430307187,Before Launch
285,2025-03-22 12:33:46,12.51,-0.67913388,-1.491,22.107,0.0,0.0,-4.103627151785027,-2.566342397394444,148.52470341065302,Before Launch
286,2025-03-22 12:33:46,12.554,-0.5577428,-0.569,22.104,0.0,0.0,-4.108381747791456,-2.5347158649739745,148.58064944267676,Before Launch
287,2025-03-22 12:33:46,12.596,-0.43635172,0.102,22.109,0.0,0.0,-4.127888218502947,-2.5149646708262576,148.56884416411705,Before Launch
288,2025-03-22 12:33:46,12.638,-0.07545932,-0.342,22.102,0.0,0.0,-4.116640154661317,-2.503415038759473,148.5404435997368,Before Launch
289,2025-03-22 12:33:46,12.681,-1.4074803599999999,-0.684,22.107,0.0,0.0,-4.1226912743577495,-2.5085489691767413,148.54809395010398,Before Launch
290,2025-03-22 12:33:46,12.723,-1.52887144,-0.582,22.104,0.0,0.0,-4.111360033683862,-2.509411306146904,148.60265250080158,Before Launch
291,2025-03-22 12:33:46,12.766,-0.67913388,-1.255,22.107,0.0,0.0,-4.116515621874724,-2.518292834798088,148.59747834319722,Before Launch
292,2025-03-22 12:33:46,12.808,0.17060367999999998,0.0,22.104,0.0,0.0,-4.1139696135689325,-2.509530288384288,148.64157624291954,Before Launch
293,2025-03-22 12:33:46,12.85,-0.43635172,0.343,22.109,0.0,0.0,-4.080813582268121,-2.4981328047682925,148.619846768459,Before Launch
294,2025-03-22 12:33:46,12.893,-1.8963255199999998,-1.714,22.102,0.0,0.0,-4.100154317410102,-2.5013020262841392,148.60312779103202,Before Launch
295,2025-03-22 12:33:46,12.935,-1.1679790399999999,-1.488,22.102,0.0,0.0,-4.099494047574691,-2.490830621753139,148.564759735869,Before Launch
296,2025-03-22 12:33:46,12.977,-1.65026252,-1.244,22.104,0.0,0.0,-4.124988675049318,-2.4997428680501983,148.48790317279,Before Launch
297,2025-03-22 12:33:46,13.02,-1.04330712,-0.811,22.107,0.0,0.0,-4.122591940306153,-2.4954400873748317,148.46828692287602,Before Launch
298,2025-03-22 12:33:46,13.062,-0.1804462,-0.673,22.112,0.0,0.0,-4.125351475003553,-2.48693075381358,148.43716660594873,Before Launch
299,2025-03-22 12:33:46,13.105,-1.65026252,-0.355,22.104,0.0,0.0,-4.148154089233449,-2.515077504228707,148.44539407255004,Before Launch
300,2025-03-22 12:33:46,13.147,-0.57086616,0.318,22.102,0.0,0.0,-4.159173681440631,-2.5229557824123647,148.4552938911569,Before Launch
301,2025-03-22 12:33:46,13.19,0.65288716,1.128,22.102,0.0,0.0,-4.14547164323776,-2.521243889609291,148.50299837713908,Before Launch
302,2025-03-22 12:33:46,13.232,-1.7716536,-1.372,22.107,0.0,0.0,-4.156624299254728,-2.5308887939212736,148.60985966283468,Before Launch
303,2025-03-22 12:33:46,13.274,-1.7716536,-0.572,22.107,0.0,0.0,-4.156146973855891,-2.5215614099557953,148.6451111323322,Before Launch
304,2025-03-22 12:33:46,13.317,-1.75853024,-0.114,22.114,0.0,0.0,-4.15154212649205,-2.5038129018341406,148.74133382315142,Before Launch
305,2025-03-22 12:33:46,13.359,-1.52887144,-0.813,22.109,0.0,0.0,-4.134095847574321,-2.4980796600841026,148.83063245730406,Before Launch
306,2025-03-22 12:33:46,13.401,-0.32808400000000004,0.675,22.099,0.0,0.0,-4.135991582290119,-2.4776409601758713,148.91342345436163,Before Launch
307,2025-03-22 12:33:46,13.444,-0.43963256,-0.118,22.102,0.0,0.0,-4.12081560099404,-2.4669283705121177,148.90020163479824,Before Launch
308,2025-03-22 12:33:46,13.486,0.40026248,0.105,22.099,0.0,0.0,-4.129454801399228,-2.4450089853063797,148.97569515301302,Before Launch
309,2025-03-22 12:33:47,13.53,-0.5577428,0.012,22.104,0.0,0.0,-4.109853081977618,-2.4412167099292237,148.98599949143815,Before Launch
310,2025-03-22 12:33:47,13.575,-0.67913388,0.0,22.107,0.0,0.0,-4.108405472515994,-2.443086693943497,148.9162535036502,Before Launch
311,2025-03-22 12:33:47,13.618,-0.8038058,-0.231,22.102,0.0,0.0,-4.109433199280405,-2.4520256372525377,148.90095965691316,Before Launch
312,2025-03-22 12:33:47,13.66,-0.8038058,-0.345,22.102,0.0,0.0,-4.141974574337298,-2.471755507299484,148.86944165320267,Before Launch
313,2025-03-22 12:33:47,13.703,0.28871391999999996,0.342,22.102,0.0,0.0,-4.140173022447284,-2.4835927136613467,148.83842330970438,Before Launch
314,2025-03-22 12:33:47,13.745,-1.8897638399999999,-0.453,22.109,0.0,0.0,-4.0995886782926965,-2.501264140019744,148.86969871169308,Before Launch
315,2025-03-22 12:33:47,13.788,-1.52887144,0.0,22.107,0.0,0.0,-4.093267181513073,-2.4967506628405767,148.94576580242645,Before Launch
316,2025-03-22 12:33:47,13.83,-0.5577428,0.114,22.104,0.0,0.0,-4.122736831225162,-2.4809897115883235,149.05888119919905,Before Launch
317,2025-03-22 12:33:47,13.872,-1.1679790399999999,-1.258,22.102,0.0,0.0,-4.143318342785313,-2.486396671419617,149.08506102042864,Before Launch
318,2025-03-22 12:33:47,13.915,-0.67913388,-0.228,22.107,0.0,0.0,-4.14654747331493,-2.4789609726470725,149.20030482058246,Before Launch
319,2025-03-22 12:33:47,13.957,-0.45275592000000003,1.357,22.094,0.0,0.0,-4.148709620200149,-2.4714964115908162,149.2889875100566,Before Launch
320,2025-03-22 12:33:47,14.001,-0.69225724,0.446,22.099,0.0,0.0,-4.145236169558197,-2.5005670255545027,149.43957578150798,Before Launch
321,2025-03-22 12:33:47,14.046,-1.53215228,0.11,22.102,0.0,0.0,-4.146668252833025,-2.4891253400599616,149.48813693580885,Before Launch
322,2025-03-22 12:33:47,14.09,-0.07545932,0.905,22.102,0.0,0.0,-4.161820076462916,-2.4711507769104144,149.50751551344007,Before Launch
323,2025-03-22 12:33:47,14.133,-1.2860892800000001,-1.032,22.104,0.0,0.0,-4.157851547832085,-2.487545416575977,149.4583954826038,Before Launch
324,2025-03-22 12:33:47,14.179,-0.19356956,1.356,22.104,0.0,0.0,-4.118992363509198,-2.4841796761429547,149.3148237369344,Before Launch
325,2025-03-22 12:33:47,14.221,-0.43963256,0.122,22.097,0.0,0.0,-4.11922320522565,-2.487709388608475,149.2479884240124,Before Launch
326,2025-03-22 12:33:47,14.263,0.15748032,-0.462,22.097,0.0,0.0,-4.14598281802832,-2.5296183436558852,149.0546429173976,Before Launch
327,2025-03-22 12:33:47,14.306,-0.8038058,0.901,22.102,0.0,0.0,-4.136485603813733,-2.5038662969720056,148.9639671866266,Before Launch
328,2025-03-22 12:33:47,14.348,-0.92191604,0.791,22.104,0.0,0.0,-4.1391987703850255,-2.509648680968619,148.86569794091747,Before Launch
329,2025-03-22 12:33:47,14.39,-0.67913388,1.006,22.107,0.0,0.0,-4.138432456561443,-2.523471943131334,148.87104719666732,Before Launch
330,2025-03-22 12:33:47,14.433,0.28871391999999996,1.692,22.102,0.0,0.0,-4.177396871179568,-2.5508157721181184,148.6530648223921,Before Launch
331,2025-03-22 12:33:47,14.475,-0.69553808,-0.342,22.092,0.0,0.0,-4.177866343487334,-2.534163011529958,148.5480737858481,Before Launch
332,2025-03-22 12:33:48,14.517,0.29199475999999996,0.682,22.109,0.0,0.0,-4.17406732086309,-2.537187030999836,148.40801802525053,Before Launch
333,2025-03-22 12:33:48,14.56,-0.92191604,-1.231,22.104,0.0,0.0,-4.180729847883354,-2.563961786115013,148.37729165028296,Before Launch
334,2025-03-22 12:33:48,14.602,0.76443572,1.233,22.099,0.0,0.0,-4.122841736714148,-2.585327950425082,148.2573892281913,Before Launch
335,2025-03-22 12:33:48,14.645,0.15748032,0.782,22.107,0.0,0.0,-4.132180762444641,-2.572278249955954,148.35424684866882,Before Launch
336,2025-03-22 12:33:48,14.687,-0.8038058,0.0,22.102,0.0,0.0,-4.092281167812611,-2.519346363180099,148.57098700324516,Before Launch
337,2025-03-22 12:33:48,14.73,-1.52887144,-0.678,22.109,0.0,0.0,-4.108507202572255,-2.540588628076713,148.63343874499358,Before Launch
338,2025-03-22 12:33:48,14.772,-0.8038058,-1.022,22.102,0.0,0.0,-4.122274330868853,-2.5358859616860085,148.7848212448416,Before Launch
339,2025-03-22 12:33:48,14.814,-0.92191604,0.905,22.104,0.0,0.0,-4.1330436823233585,-2.5319828029480975,148.8358663893459,Before Launch
340,2025-03-22 12:33:48,14.858,-0.31496064,1.134,22.107,0.0,0.0,-4.1268247260935995,-2.5137900917284774,148.89831450468492,Before Launch
341,2025-03-22 12:33:48,14.901,-1.1679790399999999,-0.57,22.102,0.0,0.0,-4.122872901117866,-2.471058235165565,148.9287491785076,Before Launch
342,2025-03-22 12:33:48,14.943,-1.1646982,0.003,22.109,0.0,0.0,-4.11520155929734,-2.4765274445210164,148.96329283318877,Before Launch
343,2025-03-22 12:33:48,14.985,0.2624672,0.88,22.087,0.0,0.0,-4.103095639152076,-2.481307516278116,148.95973189217577,Before Launch
344,2025-03-22 12:33:48,15.036,-1.53215228,-1.0,22.102,0.0,0.0,-4.109690978113709,-2.461854097868638,148.90975671965484,Before Launch
345,2025-03-22 12:33:48,15.08,-0.92191604,-0.213,22.104,0.0,0.0,-4.075750169358462,-2.4830564957766454,148.8355377522912,Before Launch
346,2025-03-22 12:33:48,15.122,-0.07545932,1.354,22.102,0.0,0.0,-4.06955378998074,-2.4867503317047617,148.82528032688157,Before Launch
347,2025-03-22 12:33:48,15.165,-1.1646982,-1.013,22.109,0.0,0.0,-4.075771861924491,-2.5257984029791327,148.80187853357552,Before Launch
348,2025-03-22 12:33:48,15.207,-0.43963256,0.788,22.102,0.0,0.0,-4.075083663302746,-2.531528124192614,148.78833208497656,Before Launch
349,2025-03-22 12:33:48,15.25,-0.67913388,-0.453,22.107,0.0,0.0,-4.0702083396767845,-2.4988587904720045,148.9043740576639,Before Launch
350,2025-03-22 12:33:48,15.292,-0.32808400000000004,0.104,22.099,0.0,0.0,-4.086825299454793,-2.5090297854217596,148.93971774014236,Before Launch
351,2025-03-22 12:33:48,15.334,-0.80052496,-0.894,22.102,0.0,0.0,-4.096905205664081,-2.4882543683822576,148.93984217588655,Before Launch
352,2025-03-22 12:33:48,15.377,-1.05643048,-0.236,22.099,0.0,0.0,-4.098115375043132,-2.4677710332785443,148.94318984037463,Before Launch
353,2025-03-22 12:33:48,15.419,-0.32808400000000004,0.554,22.099,0.0,0.0,-4.116688346155494,-2.48890007396997,148.79161425641684,Before Launch
354,2025-03-22 12:33:48,15.462,0.28871391999999996,0.903,22.102,0.0,0.0,-4.096917889370866,-2.4757523684295126,148.7334945376281,Before Launch
355,2025-03-22 12:33:49,15.504,-0.19356956,-0.45,22.104,0.0,0.0,-4.115165128607419,-2.4541533755834464,148.79054283609358,Before Launch
356,2025-03-22 12:33:49,15.546,-0.43963256,0.239,22.102,0.0,0.0,-4.111122807602884,-2.46953862043349,148.80599934413146,Before Launch
357,2025-03-22 12:33:49,15.588,-0.8038058,-1.023,22.102,0.0,0.0,-4.081903530048583,-2.4746008367242887,148.78624360491781,Before Launch
358,2025-03-22 12:33:49,15.631,-0.5577428,0.34,22.104,0.0,0.0,-4.067281127823391,-2.4809121123550053,148.75005003257056,Before Launch
359,2025-03-22 12:33:49,15.673,-0.57086616,-1.247,22.097,0.0,0.0,-4.057482060482603,-2.489870834281038,148.7372115225481,Before Launch
360,2025-03-22 12:33:49,15.715,-0.67913388,-0.782,22.107,0.0,0.0,-4.071774080178813,-2.481442745916524,148.73858082266207,Before Launch
361,2025-03-22 12:33:49,15.758,0.049212599999999995,0.796,22.109,0.0,0.0,-4.069750520175444,-2.487709792426663,148.69054904021544,Before Launch
362,2025-03-22 12:33:49,15.8,0.6397638,2.027,22.094,0.0,0.0,-4.076446883948461,-2.4700097459434893,148.6738129637643,Before Launch
363,2025-03-22 12:33:49,15.843,-0.90879268,-0.098,22.112,0.0,0.0,-4.112869319794601,-2.487801855251746,148.56619883515017,Before Launch
364,2025-03-22 12:33:49,15.885,-1.04330712,-0.113,22.107,0.0,0.0,-4.104111105943583,-2.5091606301598937,148.50621603051235,Before Launch
365,2025-03-22 12:33:49,15.927,0.17060367999999998,0.454,22.104,0.0,0.0,-4.087307585193723,-2.5062717898964735,148.4202807678902,Before Launch
366,2025-03-22 12:33:49,15.97,-1.4074803599999999,-0.224,22.107,0.0,0.0,-4.079917893856519,-2.5404301410976697,148.40620331893834,Before Launch
367,2025-03-22 12:33:49,16.012,-0.69225724,0.442,22.099,0.0,0.0,-4.08428050250774,-2.5394765259522942,148.41278697165566,Before Launch
368,2025-03-22 12:33:49,16.054,-0.43963256,-0.657,22.102,0.0,0.0,-4.09017300090015,-2.553977648777107,148.4162735302189,Before Launch
369,2025-03-22 12:33:49,16.105,-0.67913388,0.798,22.107,0.0,0.0,-4.091237034118158,-2.524994344061903,148.4482956065437,Before Launch
370,2025-03-22 12:33:49,16.149,0.40026248,1.237,22.099,0.0,0.0,-4.101493945551477,-2.526960261804703,148.48269052774654,Before Launch
371,2025-03-22 12:33:49,16.191,0.049212599999999995,0.117,22.107,0.0,0.0,-4.094883604205742,-2.5169573926417863,148.48921446301955,Before Launch
372,2025-03-22 12:33:49,16.234,-0.5577428,0.568,22.104,0.0,0.0,-4.097454699116739,-2.524381783164166,148.50394373727033,Before Launch
373,2025-03-22 12:33:49,16.276,-1.04330712,-0.565,22.107,0.0,0.0,-4.117285055354763,-2.513055067161512,148.491303524847,Before Launch
374,2025-03-22 12:33:49,16.318,0.6397638,1.235,22.094,0.0,0.0,-4.143030953967861,-2.4971339240694035,148.62371342992034,Before Launch
375,2025-03-22 12:33:49,16.361,0.65288716,0.918,22.102,0.0,0.0,-4.144563575848351,-2.5151967864746765,148.7267507371905,Before Launch
376,2025-03-22 12:33:49,16.403,-0.8038058,-0.003,22.102,0.0,0.0,-4.165477168520277,-2.5117236777861653,148.95095948103716,Before Launch
377,2025-03-22 12:33:49,16.446,0.40026248,1.363,22.099,0.0,0.0,-4.186378975977986,-2.5101100797658202,148.9607932909532,Before Launch
378,2025-03-22 12:33:49,16.488,0.036089239999999995,0.341,22.099,0.0,0.0,-4.190018031100078,-2.5127938262662406,149.06639835643944,Before Launch
379,2025-03-22 12:33:50,16.53,-0.5577428,-0.793,22.104,0.0,0.0,-4.199608647947587,-2.5246298020135622,149.08760189501115,Before Launch
380,2025-03-22 12:33:50,16.573,-1.4074803599999999,-1.136,22.107,0.0,0.0,-4.18634798042534,-2.5783663002810333,148.65328417418658,Before Launch
381,2025-03-22 12:33:50,16.615,-0.8038058,-0.341,22.109,0.0,0.0,-4.165881270921222,-2.6250653642442874,148.24415086384852,Before Launch
382,2025-03-22 12:33:50,16.657,-0.92191604,-0.11,22.104,0.0,0.0,-4.11239514623319,-2.6307493593994966,147.63974605814295,Before Launch
383,2025-03-22 12:33:50,16.7,0.049212599999999995,0.568,22.107,0.0,0.0,-4.097060007462859,-2.64697355790236,147.45367322323435,Before Launch
384,2025-03-22 12:33:50,16.742,-0.43635172,0.126,22.109,0.0,0.0,-4.105149892753784,-2.6340903154997117,147.50101990040704,Before Launch
385,2025-03-22 12:33:50,16.784,-1.4074803599999999,-0.681,22.107,0.0,0.0,-4.086022334534571,-2.593772503580796,147.74946135538517,Before Launch
386,2025-03-22 12:33:50,16.827,-0.10170604,-0.141,22.087,0.0,0.0,-4.070469127618733,-2.5731972979093864,148.13109066332015,Before Launch
387,2025-03-22 12:33:50,16.869,-0.67913388,-1.234,22.107,0.0,0.0,-4.091780268142575,-2.5378635857520937,148.30958471705696,Before Launch
388,2025-03-22 12:33:50,16.912,-1.1679790399999999,-0.242,22.102,0.0,0.0,-4.09933868696983,-2.5266784822816852,148.65751937479047,Before Launch
389,2025-03-22 12:33:50,16.954,-0.92191604,0.114,22.104,0.0,0.0,-4.100060630526738,-2.5086516117565467,148.7400287328009,Before Launch
390,2025-03-22 12:33:50,16.996,-1.27296592,-1.35,22.112,0.0,0.0,-4.1200373401702715,-2.532064347805607,148.79658745444925,Before Launch
391,2025-03-22 12:33:50,17.039,-0.43963256,0.905,22.102,0.0,0.0,-4.143053951404351,-2.514401466579588,148.79217222113851,Before Launch
392,2025-03-22 12:33:50,17.081,-0.67913388,0.012,22.107,0.0,0.0,-4.153458150629003,-2.524204903643373,148.81545804839365,Before Launch
393,2025-03-22 12:33:50,17.124,-1.04330712,-0.564,22.107,0.0,0.0,-4.144433357924032,-2.53399444930233,148.8067545193247,Before Launch
394,2025-03-22 12:33:50,17.166,-0.43963256,0.226,22.102,0.0,0.0,-4.116284610124154,-2.518640731284922,148.7807670434262,Before Launch
395,2025-03-22 12:33:50,17.208,-1.63713916,-1.924,22.112,0.0,0.0,-4.121838303400507,-2.4996497576801144,148.82298144580807,Before Launch
396,2025-03-22 12:33:50,17.251,-0.67913388,-0.687,22.107,0.0,0.0,-4.108052737745212,-2.4740220998665086,149.01731092249864,Before Launch
397,2025-03-22 12:33:50,17.293,-1.04330712,-0.459,22.107,0.0,0.0,-4.093679695431305,-2.469924174338681,149.08990354033168,Before Launch
398,2025-03-22 12:33:50,17.335,0.39698163999999997,1.36,22.092,0.0,0.0,-4.102813485172294,-2.4716708579195554,149.14593557209582,Before Launch
399,2025-03-22 12:33:50,17.378,-0.5577428,-1.13,22.104,0.0,0.0,-4.112438596933607,-2.4796269077621287,149.13058726407613,Before Launch
400,2025-03-22 12:33:50,17.42,-0.92191604,-1.487,22.104,0.0,0.0,-4.104141855203852,-2.477768811412919,148.9007806163312,Before Launch
401,2025-03-22 12:33:50,17.462,0.036089239999999995,0.793,22.104,0.0,0.0,-4.098653869188172,-2.494847318116293,148.78366574803266,Before Launch
402,2025-03-22 12:33:51,17.505,-0.20669292,-0.573,22.097,0.0,0.0,-4.091629928187203,-2.522681029191904,148.56352389051074,Before Launch
403,2025-03-22 12:33:51,17.547,-0.45275592000000003,-0.462,22.094,0.0,0.0,-4.102805478889925,-2.5193777031474127,148.4937832062541,Before Launch
404,2025-03-22 12:33:51,17.589,0.53477692,1.032,22.104,0.0,0.0,-4.13592451781401,-2.528410579025687,148.48059857052993,Before Launch
405,2025-03-22 12:33:51,17.632,0.8858268,2.166,22.097,0.0,0.0,-4.15090652538071,-2.542373998814962,148.46045711527748,Before Launch
406,2025-03-22 12:33:51,17.675,-0.9350394,-0.124,22.097,0.0,0.0,-4.152332794122699,-2.536925565013727,148.44641911766809,Before Launch
407,2025-03-22 12:33:51,17.717,-0.67913388,0.229,22.107,0.0,0.0,-4.127211487798769,-2.5099707907323183,148.52145227089443,Before Launch
408,2025-03-22 12:33:51,17.759,-0.92191604,-0.917,22.104,0.0,0.0,-4.127009972105288,-2.5037658665312272,148.6301975338423,Before Launch
409,2025-03-22 12:33:51,17.802,-0.67913388,-0.229,22.107,0.0,0.0,-4.140093021462674,-2.476992771909503,148.66299344073647,Before Launch
410,2025-03-22 12:33:51,17.844,-0.43635172,0.916,22.109,0.0,0.0,-4.155208137134334,-2.544314680405087,148.55879691345345,Before Launch
411,2025-03-22 12:33:51,17.887,-0.90879268,-0.761,22.104,0.0,0.0,-4.1572492425850935,-2.5313427955219234,148.58613148622155,Before Launch
412,2025-03-22 12:33:51,17.929,-1.65026252,-0.916,22.104,0.0,0.0,-4.133049915536837,-2.547746250715481,148.4724443787043,Before Launch
413,2025-03-22 12:33:51,17.971,0.17060367999999998,1.264,22.104,0.0,0.0,-4.121678586089289,-2.541893939372549,148.41046346386136,Before Launch
414,2025-03-22 12:33:51,18.022,-0.31496064,0.568,22.107,0.0,0.0,-4.112229150564119,-2.560061423080307,148.47835464369302,Before Launch
415,2025-03-22 12:33:51,18.066,-1.04330712,0.215,22.107,0.0,0.0,-4.100995241460628,-2.506810081997729,148.49348674612136,Before Launch
416,2025-03-22 12:33:51,18.108,-1.04330712,-0.565,22.107,0.0,0.0,-4.0921760276675,-2.492556104579282,148.42387921650234,Before Launch
417,2025-03-22 12:33:51,18.153,-0.32808400000000004,0.327,22.099,0.0,0.0,-4.083569915803143,-2.5229985040982346,148.32769435837548,Before Launch
418,2025-03-22 12:33:51,18.2,-0.07545932,0.899,22.097,0.0,0.0,-4.0663016698296115,-2.5295393055007973,148.33481627421847,Before Launch
419,2025-03-22 12:33:51,18.252,0.0328084,0.435,22.092,0.0,0.0,-4.071709780470466,-2.5365711489121745,148.3393805817443,Before Launch
420,2025-03-22 12:33:51,18.294,-0.32808400000000004,1.205,22.099,0.0,0.0,-4.0769083531091965,-2.548862013187373,148.36173204133286,Before Launch
421,2025-03-22 12:33:51,18.341,0.15748032,0.768,22.097,0.0,0.0,-4.063323625554961,-2.5296939109768397,148.41497676674786,Before Launch
422,2025-03-22 12:33:51,18.383,-1.53215228,-0.448,22.102,0.0,0.0,-4.110486930113415,-2.553499719907782,148.51757305997955,Before Launch
423,2025-03-22 12:33:51,18.43,-1.04330712,-1.315,22.107,0.0,0.0,-4.102564611661821,-2.569556731049168,148.5620814336921,Before Launch
424,2025-03-22 12:33:51,18.473,-0.8038058,-0.225,22.102,0.0,0.0,-4.104784962824046,-2.550390939824762,148.59686923276539,Before Launch
425,2025-03-22 12:33:52,18.516,-1.8963255199999998,-0.889,22.102,0.0,0.0,-4.0822656289128645,-2.54130083876077,148.6236711477458,Before Launch
426,2025-03-22 12:33:52,18.558,-2.0013123999999998,-1.859,22.112,0.0,0.0,-4.100807765077629,-2.4981801425493946,148.63282098672394,Before Launch
427,2025-03-22 12:33:52,18.601,-1.4074803599999999,-1.096,22.107,0.0,0.0,-4.094920318792813,-2.500328088532264,148.67299754771298,Before Launch
428,2025-03-22 12:33:52,18.643,-1.1646982,-0.65,22.109,0.0,0.0,-4.105827234168746,-2.4843267402257627,148.5589124597616,Before Launch
429,2025-03-22 12:33:52,18.686,-0.67913388,-1.107,22.107,0.0,0.0,-4.085880019885629,-2.4995447416376777,148.48865066418452,Before Launch
430,2025-03-22 12:33:52,18.728,0.41338584,-0.431,22.107,0.0,0.0,-4.0951866594682205,-2.511466533899012,148.4236017531228,Before Launch
431,2025-03-22 12:33:52,18.77,0.17060367999999998,1.01,22.104,0.0,0.0,-4.106833670235822,-2.5046466990205483,148.41682154030102,Before Launch
432,2025-03-22 12:33:52,18.813,-0.19356956,0.443,22.109,0.0,0.0,-4.101066296737063,-2.5080777564714563,148.39704944530214,Before Launch
433,2025-03-22 12:33:52,18.855,-0.8038058,0.108,22.102,0.0,0.0,-4.1059978454154,-2.5173893388004522,148.3775265822128,Before Launch
434,2025-03-22 12:33:52,18.897,-0.5577428,0.111,22.104,0.0,0.0,-4.1184485756903895,-2.5217762854882753,148.4009219920634,Before Launch
435,2025-03-22 12:33:52,18.94,0.41338584,0.775,22.102,0.0,0.0,-4.135403330207817,-2.5357020319803594,148.45633652150525,Before Launch
436,2025-03-22 12:33:52,18.982,-0.92191604,-0.012,22.104,0.0,0.0,-4.124810958347455,-2.5190563742287932,148.50193750207865,Before Launch
437,2025-03-22 12:33:52,19.024,0.17060367999999998,1.663,22.104,0.0,0.0,-4.142876987172512,-2.5190210620401654,148.53157340083834,Before Launch
438,2025-03-22 12:33:52,19.075,-0.8038058,-0.883,22.102,0.0,0.0,-4.1645706054671825,-2.5451263424267254,148.5516551425834,Before Launch
439,2025-03-22 12:33:52,19.119,-0.8038058,-0.446,22.102,0.0,0.0,-4.16398731609926,-2.5483401908336165,148.5544680914957,Before Launch
440,2025-03-22 12:33:52,19.161,0.17060367999999998,1.109,22.104,0.0,0.0,-4.163828247245813,-2.5349549339783315,148.47986848870934,Before Launch
441,2025-03-22 12:33:52,19.203,-0.5577428,0.443,22.104,0.0,0.0,-4.128853640422891,-2.541408559995533,148.4472266149684,Before Launch
442,2025-03-22 12:33:52,19.246,-0.19356956,0.123,22.102,0.0,0.0,-4.130385515448031,-2.5546147250600595,148.42995795676944,Before Launch
443,2025-03-22 12:33:52,19.288,-0.19356956,-0.109,22.104,0.0,0.0,-4.127697684412476,-2.550630152736597,148.33342980758783,Before Launch
444,2025-03-22 12:33:52,19.33,0.65288716,0.575,22.102,0.0,0.0,-4.107981348766112,-2.537479534211742,148.29880001580017,Before Launch
445,2025-03-22 12:33:52,19.373,0.049212599999999995,0.35,22.107,0.0,0.0,-4.1222047691167765,-2.502481370287158,148.2043275371282,Before Launch
446,2025-03-22 12:33:52,19.415,-1.8963255199999998,-1.912,22.102,0.0,0.0,-4.099900394624365,-2.507968160954851,148.19550206819204,Before Launch
447,2025-03-22 12:33:52,19.457,0.76443572,2.138,22.099,0.0,0.0,-4.105388081679486,-2.5374641871295,148.14444835804701,Before Launch
448,2025-03-22 12:33:53,19.5,-1.2860892800000001,-0.227,22.104,0.0,0.0,-4.094656439312779,-2.5316167769036415,148.15965397056814,Before Launch
449,2025-03-22 12:33:53,19.542,-0.92191604,-0.11,22.104,0.0,0.0,-4.087294969163607,-2.5473832822248306,148.33384783305985,Before Launch
450,2025-03-22 12:33:53,19.584,-1.78477696,0.104,22.099,0.0,0.0,-4.083491988874846,-2.5162077855739917,148.39468680754513,Before Launch
451,2025-03-22 12:33:53,19.627,-1.7716536,0.215,22.107,0.0,0.0,-4.087794959686748,-2.500548365409811,148.5101300902127,Before Launch
452,2025-03-22 12:33:53,19.671,-1.2860892800000001,0.113,22.104,0.0,0.0,-4.0765618969451705,-2.489500500913163,148.53866165912444,Before Launch
453,2025-03-22 12:33:53,19.714,-1.1646982,0.0,22.109,0.0,0.0,-4.091860735403612,-2.514786364166851,148.6657004070984,Before Launch
454,2025-03-22 12:33:53,19.756,-0.9350394,-0.239,22.097,0.0,0.0,-4.123248136366405,-2.4884715130654715,148.69778832198935,Before Launch
455,2025-03-22 12:33:53,19.798,-0.5577428,-0.908,22.104,0.0,0.0,-4.124709200964728,-2.5189538890784773,148.7352918451086,Before Launch
456,2025-03-22 12:33:53,19.841,-1.1679790399999999,-1.25,22.102,0.0,0.0,-4.117600406433236,-2.5183595706846797,148.6573100029122,Before Launch
457,2025-03-22 12:33:53,19.885,-1.05643048,-0.805,22.099,0.0,0.0,-4.141946989574741,-2.5608277924940297,148.56276967230318,Before Launch
458,2025-03-22 12:33:53,19.927,-1.53215228,-0.679,22.102,0.0,0.0,-4.142107446805437,-2.5556343332845812,148.5124538517921,Before Launch
459,2025-03-22 12:33:53,19.97,-0.8038058,-0.229,22.102,0.0,0.0,-4.136245521088163,-2.563497378941611,148.33436255277823,Before Launch
460,2025-03-22 12:33:53,20.012,-1.4074803599999999,-1.699,22.107,0.0,0.0,-4.147915289688337,-2.567260978346045,148.2268859334619,Before Launch
461,2025-03-22 12:33:53,20.054,-1.2860892800000001,-0.34,22.104,0.0,0.0,-4.160189301317115,-2.5498668153754447,148.32235103515143,Before Launch
462,2025-03-22 12:33:53,20.097,-0.67913388,-0.792,22.107,0.0,0.0,-4.1816889050463795,-2.531184712648727,148.38793229776988,Before Launch
463,2025-03-22 12:33:53,20.14,-0.69225724,0.105,22.099,0.0,0.0,-4.136782741732017,-2.5284457073750937,148.5258831722796,Before Launch
464,2025-03-22 12:33:53,20.183,-0.43963256,0.342,22.102,0.0,0.0,-4.121712873154719,-2.5028791827298806,148.6502511074832,Before Launch
465,2025-03-22 12:33:53,20.225,-0.92191604,-1.027,22.104,0.0,0.0,-4.099750612370626,-2.4722645090335478,148.78982441040174,Before Launch
466,2025-03-22 12:33:53,20.268,-0.19356956,0.342,22.104,0.0,0.0,-4.104309246514111,-2.490210305690054,148.85496945255557,Before Launch
467,2025-03-22 12:33:53,20.31,-0.45275592000000003,-0.244,22.097,0.0,0.0,-4.101330248061202,-2.4609626886556524,148.87414467725398,Before Launch
468,2025-03-22 12:33:53,20.352,-1.05643048,-0.811,22.099,0.0,0.0,-4.104543491778023,-2.4575947223066197,148.82454528452095,Before Launch
469,2025-03-22 12:33:53,20.395,-0.20669292,-0.807,22.097,0.0,0.0,-4.082368727560664,-2.479471662365362,148.6212478978262,Before Launch
470,2025-03-22 12:33:53,20.437,-0.9350394,-0.925,22.097,0.0,0.0,-4.085202530492594,-2.510977115530899,148.49427275653886,Before Launch
471,2025-03-22 12:33:53,20.479,-0.20669292,1.588,22.097,0.0,0.0,-4.1132951234009685,-2.5438088782167907,148.38732694292574,Before Launch
472,2025-03-22 12:33:54,20.522,-1.53215228,-2.156,22.102,0.0,0.0,-4.096376741755129,-2.5294275480136696,148.42427689756676,Before Launch
473,2025-03-22 12:33:54,20.564,-0.9350394,0.33,22.097,0.0,0.0,-4.117301189590907,-2.562174008351596,148.467449656235,Before Launch
474,2025-03-22 12:33:54,20.607,-0.92191604,0.0,22.104,0.0,0.0,-4.124006774609495,-2.5587620171220418,148.45242392916754,Before Launch
475,2025-03-22 12:33:54,20.649,0.40026248,2.052,22.099,0.0,0.0,-4.134165474315242,-2.5726945694469294,148.40314412307148,Before Launch
476,2025-03-22 12:33:54,20.692,-1.05643048,0.672,22.099,0.0,0.0,-4.1209543162920115,-2.5633635233809393,148.40680381026564,Before Launch
477,2025-03-22 12:33:54,20.735,-1.2860892800000001,0.0,22.104,0.0,0.0,-4.10790515316191,-2.5493261616272767,148.38729969997368,Before Launch
478,2025-03-22 12:33:54,20.78,-1.78477696,-0.582,22.099,0.0,0.0,-4.144053380162131,-2.5552463563930012,148.33871427347344,Before Launch
479,2025-03-22 12:33:54,20.822,-1.1811023999999999,-0.231,22.104,0.0,0.0,-4.126779265451719,-2.5442839877760193,148.26998555170343,Before Launch
480,2025-03-22 12:33:54,20.865,-1.1679790399999999,-0.572,22.102,0.0,0.0,-4.12120049633134,-2.534982666638757,148.24603428923191,Before Launch
481,2025-03-22 12:33:54,20.907,-0.32808400000000004,0.788,22.099,0.0,0.0,-4.15059131883621,-2.5354337211131552,148.2683663088218,Before Launch
482,2025-03-22 12:33:54,20.949,-0.32808400000000004,0.685,22.099,0.0,0.0,-4.12939825791263,-2.5119235298443083,148.3210433613261,Before Launch
483,2025-03-22 12:33:54,20.992,-0.20669292,1.245,22.097,0.0,0.0,-4.124706945904823,-2.514562221270118,148.43948556359143,Before Launch
484,2025-03-22 12:33:54,21.034,-0.32808400000000004,0.447,22.099,0.0,0.0,-4.104604951361376,-2.523472998123817,148.47891939436562,Before Launch
485,2025-03-22 12:33:54,21.076,-0.43963256,0.91,22.102,0.0,0.0,-4.105414945204609,-2.5265537744823163,148.52162844582585,Before Launch
486,2025-03-22 12:33:54,21.119,-0.43963256,0.795,22.102,0.0,0.0,-4.088755601462007,-2.5101458131706673,148.5263389845926,Before Launch
487,2025-03-22 12:33:54,21.161,1.2631234,1.825,22.104,0.0,0.0,-4.08677626352879,-2.4963610744425724,148.5414841014316,Before Launch
488,2025-03-22 12:33:54,21.204,-1.65026252,-0.9,22.104,0.0,0.0,-4.083810782166819,-2.5130681743705345,148.48842721828473,Before Launch
489,2025-03-22 12:33:54,21.246,-0.92191604,-0.454,22.102,0.0,0.0,-4.077681358487605,-2.5480271087870747,148.3853719570605,Before Launch
490,2025-03-22 12:33:54,21.288,-0.07545932,0.796,22.102,0.0,0.0,-4.080694495020174,-2.5296200782402587,148.3959112707024,Before Launch
491,2025-03-22 12:33:54,21.331,-0.92191604,-0.685,22.104,0.0,0.0,-4.116595528912759,-2.533434841810046,148.38336538094174,Before Launch
492,2025-03-22 12:33:54,21.373,-1.05643048,-0.568,22.099,0.0,0.0,-4.123190795869222,-2.5126548440000396,148.39317472943168,Before Launch
493,2025-03-22 12:33:54,21.415,0.40026248,1.37,22.099,0.0,0.0,-4.129106681924934,-2.5247510267068884,148.48024048175486,Before Launch
494,2025-03-22 12:33:54,21.458,-0.43963256,-0.219,22.102,0.0,0.0,-4.135249477547717,-2.49720683813541,148.59843045279007,Before Launch
495,2025-03-22 12:33:55,21.5,-0.67913388,0.241,22.107,0.0,0.0,-4.130769902759195,-2.4886662128040533,148.8086756866404,Before Launch
496,2025-03-22 12:33:55,21.542,-0.31496064,-0.102,22.107,0.0,0.0,-4.137453933514526,-2.4903102810598403,148.86055519546102,Before Launch
497,2025-03-22 12:33:55,21.585,0.52165356,1.932,22.097,0.0,0.0,-4.1276004832342785,-2.4783184857487606,148.85990908566976,Before Launch
498,2025-03-22 12:33:55,21.627,0.036089239999999995,0.914,22.099,0.0,0.0,-4.120435353939965,-2.5057972041466146,148.85010045196984,Before Launch
499,2025-03-22 12:33:55,21.669,-0.07545932,0.797,22.104,0.0,0.0,-4.078062338937948,-2.4653407148697486,148.78630619562298,Before Launch
500,2025-03-22 12:33:55,21.712,-0.92191604,-1.244,22.104,0.0,0.0,-4.093139346203417,-2.468659843824704,148.7609499831532,Before Launch
501,2025-03-22 12:33:55,21.755,-1.04330712,0.012,22.107,0.0,0.0,-4.094972762031505,-2.4720657596049453,148.70072145883182,Before Launch
502,2025-03-22 12:33:55,21.797,-0.19356956,1.029,22.099,0.0,0.0,-4.084768912445005,-2.4993533683664797,148.62921225244685,Before Launch
503,2025-03-22 12:33:55,21.84,-1.53215228,0.238,22.102,0.0,0.0,-4.079177775805034,-2.535359400979697,148.56680476562906,Before Launch
504,2025-03-22 12:33:55,21.882,-0.19356956,0.932,22.097,0.0,0.0,-4.087374916221178,-2.577906388471699,148.32253918159213,Before Launch
505,2025-03-22 12:33:55,21.932,0.17060367999999998,1.255,22.104,0.0,0.0,-4.085849614177666,-2.621328223269431,147.89886851140537,Before Launch
506,2025-03-22 12:33:55,21.976,-1.78477696,-1.363,22.099,0.0,0.0,-4.127412498471257,-2.6772039705619,147.4182221343688,Before Launch
507,2025-03-22 12:33:55,22.02,-1.7716536,-1.348,22.107,0.0,0.0,-4.109904498889426,-2.6653312384449186,147.37469805886764,Before Launch
508,2025-03-22 12:33:55,22.063,0.65288716,0.803,22.107,0.0,0.0,-4.079319427464818,-2.6432199179772553,147.46887656175502,Before Launch
509,2025-03-22 12:33:55,22.105,-1.1646982,-0.781,22.109,0.0,0.0,-4.056347681316697,-2.6154234254582933,147.6497746566874,Before Launch
510,2025-03-22 12:33:55,22.147,-1.2860892800000001,-0.79,22.104,0.0,0.0,-4.065307521569044,-2.5844401650297577,147.8598495767376,Before Launch
511,2025-03-22 12:33:55,22.19,-0.5446194400000001,-0.098,22.112,0.0,0.0,-4.070764990448624,-2.5845802036031373,147.96373905535827,Before Launch
512,2025-03-22 12:33:55,22.233,-0.8038058,-1.928,22.102,0.0,0.0,-4.087363812807673,-2.5192881486434846,148.1545174954355,Before Launch
513,2025-03-22 12:33:55,22.275,-1.05643048,0.554,22.099,0.0,0.0,-4.084184628696301,-2.5227829068030414,148.21615255144695,Before Launch
514,2025-03-22 12:33:55,22.318,-0.69225724,0.214,22.099,0.0,0.0,-4.090505766795199,-2.5289091606696608,148.32183880846418,Before Launch
515,2025-03-22 12:33:55,22.36,-0.32808400000000004,-0.236,22.099,0.0,0.0,-4.09003813685641,-2.5149156069556473,148.40640196014272,Before Launch
516,2025-03-22 12:33:55,22.402,-0.8038058,0.11,22.102,0.0,0.0,-4.1019313418910865,-2.4968977752560337,148.52790258385738,Before Launch
517,2025-03-22 12:33:55,22.445,-0.32808400000000004,0.679,22.099,0.0,0.0,-4.088646703065721,-2.4960970089378147,148.55587572594223,Before Launch
518,2025-03-22 12:33:55,22.487,-2.01443576,-2.253,22.104,0.0,0.0,-4.112271764508561,-2.510941081894792,148.5673034722725,Before Launch
519,2025-03-22 12:33:56,22.53,-1.05643048,-0.575,22.099,0.0,0.0,-4.121112022070585,-2.5094143146354275,148.57397373928734,Before Launch
520,2025-03-22 12:33:56,22.572,-1.04330712,-0.34,22.107,0.0,0.0,-4.083111459761788,-2.5099449533787923,148.55750330586406,Before Launch
521,2025-03-22 12:33:56,22.614,0.28871391999999996,0.563,22.102,0.0,0.0,-4.0734412366877235,-2.5043137961632773,148.5217203347526,Before Launch
522,2025-03-22 12:33:56,22.657,-0.5577428,-1.007,22.104,0.0,0.0,-4.071302197141211,-2.509193949974458,148.46595696762492,Before Launch
523,2025-03-22 12:33:56,22.699,0.17060367999999998,0.125,22.104,0.0,0.0,-4.0901932801910785,-2.5191308683316054,148.47168263735023,Before Launch
524,2025-03-22 12:33:56,22.742,-1.1679790399999999,-1.018,22.102,0.0,0.0,-4.066755965583993,-2.5165858101052647,148.4392574946004,Before Launch
525,2025-03-22 12:33:56,22.785,-1.4074803599999999,-0.453,22.107,0.0,0.0,-4.067405877119258,-2.512960631286519,148.41750936769213,Before Launch
526,2025-03-22 12:33:56,22.828,-0.07545932,0.902,22.102,0.0,0.0,-4.106968401782175,-2.5186962121198926,148.36131887240478,Before Launch
527,2025-03-22 12:33:56,22.87,-0.57086616,-0.352,22.097,0.0,0.0,-4.115279639733751,-2.515398007531822,148.30497958975485,Before Launch
528,2025-03-22 12:33:56,22.913,0.049212599999999995,1.474,22.107,0.0,0.0,-4.076230525468026,-2.529523145970624,148.2265574180378,Before Launch
529,2025-03-22 12:33:56,22.955,-0.8038058,-0.569,22.102,0.0,0.0,-4.058309217695945,-2.534492542944689,148.19771833693815,Before Launch
530,2025-03-22 12:33:56,22.997,-0.19356956,-0.342,22.104,0.0,0.0,-4.081605700905534,-2.530359830025723,148.22102617432188,Before Launch
531,2025-03-22 12:33:56,23.04,0.28871391999999996,1.949,22.102,0.0,0.0,-4.06408702701158,-2.533318844453978,148.20903310635782,Before Launch
532,2025-03-22 12:33:56,23.082,-0.20669292,1.474,22.097,0.0,0.0,-4.0723914518241555,-2.540390600019432,148.31325223699366,Before Launch
533,2025-03-22 12:33:56,23.125,0.40026248,-0.238,22.099,0.0,0.0,-4.06957436602765,-2.540981925870583,148.43751050976604,Before Launch
534,2025-03-22 12:33:56,23.167,-1.65026252,-0.457,22.099,0.0,0.0,-4.115171182268764,-2.529575489057707,148.64000592126112,Before Launch
535,2025-03-22 12:33:56,23.21,-1.2860892800000001,0.0,22.104,0.0,0.0,-4.094612504800363,-2.513930096286844,148.66956387904696,Before Launch
536,2025-03-22 12:33:56,23.252,-0.9350394,-0.368,22.097,0.0,0.0,-4.0916988554043145,-2.4875750977536533,148.73624190914617,Before Launch
537,2025-03-22 12:33:56,23.295,-0.8038058,0.0,22.102,0.0,0.0,-4.090840902761646,-2.4994790460813454,148.75481984416695,Before Launch
538,2025-03-22 12:33:56,23.337,-1.2992126400000001,-0.229,22.097,0.0,0.0,-4.10138605923999,-2.439769859951349,148.70267851834373,Before Launch
539,2025-03-22 12:33:56,23.379,-0.32808400000000004,0.343,22.099,0.0,0.0,-4.129514883009671,-2.422673419909593,148.761653454512,Before Launch
540,2025-03-22 12:33:56,23.422,-0.32808400000000004,0.0,22.099,0.0,0.0,-4.127938584075417,-2.476116391394968,148.83497928286042,Before Launch
541,2025-03-22 12:33:56,23.464,-0.32808400000000004,0.448,22.099,0.0,0.0,-4.134945097989804,-2.502519880559742,148.8467282391568,Before Launch
542,2025-03-22 12:33:57,23.507,-0.9350394,-0.572,22.097,0.0,0.0,-4.139880731874348,-2.4760142342376934,148.90564531277272,Before Launch
543,2025-03-22 12:33:57,23.549,0.036089239999999995,1.931,22.099,0.0,0.0,-4.146204826226643,-2.4778138796700317,148.93484338406924,Before Launch
544,2025-03-22 12:33:57,23.592,0.036089239999999995,1.029,22.099,0.0,0.0,-4.155528569778827,-2.4721007681801557,148.95779393410237,Before Launch
545,2025-03-22 12:33:57,23.635,-0.43963256,0.568,22.102,0.0,0.0,-4.139419333804068,-2.4923546530518856,148.96164065404736,Before Launch
546,2025-03-22 12:33:57,23.677,-0.8038058,-1.028,22.102,0.0,0.0,-4.150869331024713,-2.508459154203692,148.89169806363682,Before Launch
547,2025-03-22 12:33:57,23.72,-1.8963255199999998,-1.259,22.102,0.0,0.0,-4.140067263455933,-2.4827356336688813,148.95804158007692,Before Launch
548,2025-03-22 12:33:57,23.762,-0.9350394,-1.04,22.097,0.0,0.0,-4.155796716550516,-2.4932521491432333,148.90466448417817,Before Launch
549,2025-03-22 12:33:57,23.805,-0.57086616,0.562,22.097,0.0,0.0,-4.140375223896159,-2.46942643825441,148.8815385448652,Before Launch
550,2025-03-22 12:33:57,23.848,-0.45275592000000003,0.898,22.094,0.0,0.0,-4.108286909750599,-2.480519764227214,148.80774242884974,Before Launch
551,2025-03-22 12:33:57,23.891,-0.9350394,-0.809,22.097,0.0,0.0,-4.106601667232875,-2.4880703757199276,148.7515470471517,Before Launch
552,2025-03-22 12:33:57,23.934,-0.20669292,0.342,22.097,0.0,0.0,-4.084129708110124,-2.510128956092596,148.6691333952959,Before Launch
553,2025-03-22 12:33:57,23.977,-2.378609,-2.282,22.104,0.0,0.0,-4.079542433280335,-2.5133034720809517,148.6183112895041,Before Launch
554,2025-03-22 12:33:57,24.02,-0.32808400000000004,0.447,22.099,0.0,0.0,-4.056989807418452,-2.539770599886138,148.53169430358648,Before Launch
555,2025-03-22 12:33:57,24.063,-0.69225724,-0.468,22.099,0.0,0.0,-4.079225891655138,-2.511913897308154,148.46681613875847,Before Launch
556,2025-03-22 12:33:57,24.105,-1.05643048,-1.263,22.099,0.0,0.0,-4.055145142897876,-2.5406801052067327,148.36901517216754,Before Launch
557,2025-03-22 12:33:57,24.147,-0.07545932,0.123,22.102,0.0,0.0,-4.047559648515803,-2.5347689808788556,148.3234688510542,Before Launch
558,2025-03-22 12:33:57,24.19,-1.1679790399999999,-1.473,22.102,0.0,0.0,-4.042023832101019,-2.5477580793835606,148.23056593336298,Before Launch
559,2025-03-22 12:33:57,24.232,-1.05643048,0.558,22.099,0.0,0.0,-4.060531148583184,-2.551669470793349,148.19938004924927,Before Launch
560,2025-03-22 12:33:57,24.275,-1.53215228,-0.231,22.102,0.0,0.0,-4.049235971021814,-2.5347796289077005,148.13901310495095,Before Launch
561,2025-03-22 12:33:57,24.317,-0.08858268,0.795,22.094,0.0,0.0,-4.086209057322412,-2.538067673444734,148.1055095759096,Before Launch
562,2025-03-22 12:33:57,24.36,-0.69225724,0.105,22.099,0.0,0.0,-4.083221392732982,-2.522443295007362,148.05123472899928,Before Launch
563,2025-03-22 12:33:57,24.402,-1.78477696,-0.456,22.099,0.0,0.0,-4.092827843627641,-2.5210028461417306,148.03230053233142,Before Launch
564,2025-03-22 12:33:57,24.445,-1.8963255199999998,-1.471,22.102,0.0,0.0,-4.064846583728104,-2.536417069652252,147.98621260333442,Before Launch
565,2025-03-22 12:33:57,24.487,-0.33136484,-0.003,22.097,0.0,0.0,-4.0540577068403145,-2.5355308137482653,148.00241135778404,Before Launch
566,2025-03-22 12:33:58,24.531,-1.42060372,-1.024,22.099,0.0,0.0,-4.053210589413163,-2.5140831489283824,148.13112198440618,Before Launch
567,2025-03-22 12:33:58,24.575,-0.92191604,0.012,22.092,0.0,0.0,-4.078904819331713,-2.517211846147835,148.1718339895427,Before Launch
568,2025-03-22 12:33:58,24.618,-1.0597113200000001,-1.025,22.092,0.0,0.0,-4.0797616094580915,-2.5173932860714063,148.2445690510686,Before Launch
569,2025-03-22 12:33:58,24.661,-1.66338588,-1.59,22.097,0.0,0.0,-4.086254895363665,-2.5235089272479376,148.4020118722886,Before Launch
570,2025-03-22 12:33:58,24.703,-1.1679790399999999,-0.682,22.097,0.0,0.0,-4.098354915440492,-2.5412200355548866,148.55102499200888,Before Launch
571,2025-03-22 12:33:58,24.746,-1.2860892800000001,-0.451,22.104,0.0,0.0,-4.081968684053262,-2.5530924307420766,148.58044501269825,Before Launch
572,2025-03-22 12:33:58,24.789,-0.8038058,1.022,22.102,0.0,0.0,-4.092390496323356,-2.533162203559641,148.641745329643,Before Launch
573,2025-03-22 12:33:58,24.832,-0.69225724,0.227,22.099,0.0,0.0,-4.090195750702219,-2.5014195361814915,148.6664601454413,Before Launch
574,2025-03-22 12:33:58,24.874,-0.8038058,-0.218,22.102,0.0,0.0,-4.131610046051311,-2.515885322327256,148.66986111690733,Before Launch
575,2025-03-22 12:33:58,24.919,0.52165356,0.91,22.097,0.0,0.0,-4.13358000574635,-2.5156659554725533,148.69787630971217,Before Launch
576,2025-03-22 12:33:58,24.962,-0.57086616,0.34,22.097,0.0,0.0,-4.12013124959258,-2.5117413438458445,148.7667056739083,Before Launch
577,2025-03-22 12:33:58,25.005,-1.42060372,-1.133,22.099,0.0,0.0,-4.114850742002584,-2.514434498468643,148.79082737493792,Before Launch
578,2025-03-22 12:33:58,25.051,-1.1811023999999999,1.115,22.094,0.0,0.0,-4.124605708931863,-2.4726795068675305,148.715667056527,Before Launch
579,2025-03-22 12:33:58,25.094,-0.08858268,0.223,22.094,0.0,0.0,-4.137684311110521,-2.4741107595133265,148.66811824584045,Before Launch
580,2025-03-22 12:33:58,25.142,-0.43963256,0.234,22.102,0.0,0.0,-4.15896597815223,-2.4925360033817707,148.63671345716813,Before Launch
581,2025-03-22 12:33:58,25.188,-0.32808400000000004,0.673,22.099,0.0,0.0,-4.139326575572493,-2.5009168329411398,148.61524728943974,Before Launch
582,2025-03-22 12:33:58,25.23,-0.8038058,-0.673,22.102,0.0,0.0,-4.1477181872787625,-2.4980353661194927,148.5432505883812,Before Launch
583,2025-03-22 12:33:58,25.273,-0.19356956,0.9,22.104,0.0,0.0,-4.1565208618409,-2.514546654545881,148.5172537514269,Before Launch
584,2025-03-22 12:33:58,25.316,0.17060367999999998,1.132,22.104,0.0,0.0,-4.102373831422189,-2.5355560346623687,148.44660599874345,Before Launch
585,2025-03-22 12:33:58,25.358,-0.32808400000000004,1.112,22.099,0.0,0.0,-4.097527942534944,-2.5495000562394003,148.38490041366293,Before Launch
586,2025-03-22 12:33:58,25.401,-0.19356956,-0.097,22.104,0.0,0.0,-4.098036642899732,-2.543738371791447,148.32129546803466,Before Launch
587,2025-03-22 12:33:58,25.443,0.15748032,0.785,22.097,0.0,0.0,-4.084361106284635,-2.5572906723769013,148.29662959947737,Before Launch
588,2025-03-22 12:33:58,25.486,-0.5577428,1.132,22.104,0.0,0.0,-4.102150079142978,-2.5585009909052383,148.2728705303612,Before Launch
589,2025-03-22 12:33:59,25.529,0.40026248,2.119,22.099,0.0,0.0,-4.103200551007698,-2.5783738578676325,148.2999520682696,Before Launch
590,2025-03-22 12:33:59,25.571,-0.67913388,-0.321,22.097,0.0,0.0,-4.091317111222201,-2.540369908986074,148.49299487914072,Before Launch
591,2025-03-22 12:33:59,25.614,-0.92191604,0.46,22.104,0.0,0.0,-4.102959521454341,-2.5262794332809637,148.55597123426207,Before Launch
592,2025-03-22 12:33:59,25.656,-0.5577428,0.337,22.104,0.0,0.0,-4.0903775178686885,-2.516386657118797,148.61230604450625,Before Launch
593,2025-03-22 12:33:59,25.699,-0.43963256,0.574,22.099,0.0,0.0,-4.0898181769894215,-2.532291818961316,148.55733407658394,Before Launch
594,2025-03-22 12:33:59,25.741,0.036089239999999995,1.574,22.099,0.0,0.0,-4.113721338061678,-2.54812979939551,148.5107961114732,Before Launch
595,2025-03-22 12:33:59,25.784,0.15748032,1.226,22.097,0.0,0.0,-4.109857946208148,-2.533167617216055,148.50618692080926,Before Launch
596,2025-03-22 12:33:59,25.826,-0.67913388,0.562,22.107,0.0,0.0,-4.105944040602818,-2.537168345149124,148.40929507780737,Before Launch
597,2025-03-22 12:33:59,25.868,0.76115488,1.45,22.092,0.0,0.0,-4.10217327859192,-2.547909711835816,148.3759575967606,Before Launch
598,2025-03-22 12:33:59,25.911,-0.07545932,0.572,22.102,0.0,0.0,-4.12380164128784,-2.5436437908686766,148.3444271563813,Before Launch
599,2025-03-22 12:33:59,25.953,-0.07545932,0.675,22.102,0.0,0.0,-4.1200931095332525,-2.535127278824749,148.34315967065123,Before Launch
600,2025-03-22 12:33:59,25.998,0.8858268,0.338,22.097,0.0,0.0,-4.128059021695385,-2.55507721722864,148.3707418323515,Before Launch
601,2025-03-22 12:33:59,26.042,1.9783465199999999,2.36,22.097,0.0,0.0,-4.111607809935522,-2.534159032156647,148.3938148145885,Before Launch
602,2025-03-22 12:33:59,26.085,-0.43963256,0.908,22.102,0.0,0.0,-4.1163611030959,-2.5095082673023925,148.61016838973833,Before Launch
603,2025-03-22 12:33:59,26.13,0.8694226,1.9,22.082,0.0,0.0,-4.105353846324353,-2.502710000874698,148.73831006202394,Before Launch
604,2025-03-22 12:33:59,26.174,0.036089239999999995,0.115,22.099,0.0,0.0,-4.1127644736819216,-2.505350623825847,148.80791547932438,Before Launch
605,2025-03-22 12:33:59,26.218,-0.32808400000000004,0.104,22.099,0.0,0.0,-4.094804472497052,-2.4710287823129695,148.80168341157778,Before Launch
606,2025-03-22 12:33:59,26.264,0.14107612,0.436,22.082,0.0,0.0,-4.076175892230205,-2.5088054331939222,148.56264481417523,Before Launch
607,2025-03-22 12:33:59,26.307,-1.1811023999999999,-0.35,22.094,0.0,0.0,-4.072947460974028,-2.526958359506662,148.46691666438858,Before Launch
608,2025-03-22 12:33:59,26.352,-1.42060372,-1.137,22.099,0.0,0.0,-4.085004852812078,-2.518570409648786,148.38894116243313,Before Launch
609,2025-03-22 12:33:59,26.394,-0.58727036,-0.703,22.082,0.0,0.0,-4.0775596828380545,-2.4818716646528167,148.38970178349956,Before Launch
610,2025-03-22 12:33:59,26.441,-1.05643048,-0.673,22.099,0.0,0.0,-4.079033115489545,-2.5307462733608466,148.4126195922031,Before Launch
611,2025-03-22 12:33:59,26.484,0.036089239999999995,0.212,22.099,0.0,0.0,-4.09691382077713,-2.5408864020090123,148.37157662461394,Before Launch
612,2025-03-22 12:34:00,26.528,0.39698163999999997,0.221,22.092,0.0,0.0,-4.127953011629757,-2.508904092078798,148.52800494258162,Before Launch
613,2025-03-22 12:34:00,26.572,1.0170604,1.45,22.102,0.0,0.0,-4.123776561740585,-2.507731874626535,148.6574542169954,Before Launch
614,2025-03-22 12:34:00,26.618,0.62664044,0.208,22.087,0.0,0.0,-4.112201570717509,-2.483480026403165,148.85568033774427,Before Launch
615,2025-03-22 12:34:00,26.669,-0.92191604,-0.221,22.097,0.0,0.0,-4.126133081788429,-2.465066176895428,149.03256731121445,Before Launch
616,2025-03-22 12:34:00,26.721,-1.2992126400000001,-0.341,22.097,0.0,0.0,-4.1089895435334105,-2.4598271201247988,149.09229984067815,Before Launch
617,2025-03-22 12:34:00,26.765,-0.9350394,-0.34,22.097,0.0,0.0,-4.087043845173057,-2.4616081275274198,149.04779011788736,Before Launch
618,2025-03-22 12:34:00,26.808,-0.20669292,0.21,22.097,0.0,0.0,-4.108910338949451,-2.466555080510339,149.04118116761117,Before Launch
619,2025-03-22 12:34:00,26.851,0.036089239999999995,0.0,22.099,0.0,0.0,-4.113855109238472,-2.4717300146518895,149.0167902243683,Before Launch
620,2025-03-22 12:34:00,26.893,-0.45275592000000003,-0.55,22.094,0.0,0.0,-4.123182140650883,-2.4759203533420657,149.02726105469745,Before Launch
621,2025-03-22 12:34:00,26.94,-0.43635172,0.218,22.097,0.0,0.0,-4.154190115256181,-2.4671975192850435,149.0977032927846,Before Launch
622,2025-03-22 12:34:00,26.983,-0.20669292,-0.868,22.097,0.0,0.0,-4.183395046078235,-2.486426691209225,149.11862352526845,Before Launch
623,2025-03-22 12:34:00,27.025,-0.69225724,-0.554,22.099,0.0,0.0,-4.168657518590523,-2.4587470728232788,149.2477798443863,Before Launch
624,2025-03-22 12:34:00,27.068,-0.45275592000000003,-0.338,22.104,0.0,0.0,-4.162424876528406,-2.4710312610757277,149.3565738120623,Before Launch
625,2025-03-22 12:34:00,27.111,-0.5577428,-1.297,22.104,0.0,0.0,-4.14471480781224,-2.4379183120985832,149.39338252583534,Before Launch
626,2025-03-22 12:34:00,27.153,-1.05643048,-2.732,22.099,0.0,0.0,-4.143130860328284,-2.4714652161618096,149.25887102205854,Before Launch
627,2025-03-22 12:34:00,27.196,-0.81692916,-0.34,22.099,0.0,0.0,-4.1252352687587015,-2.481128147906246,149.06555298495837,Before Launch
628,2025-03-22 12:34:00,27.242,-0.8038058,-1.505,22.097,0.0,0.0,-4.096275814534776,-2.454497710194651,148.92149950517754,Before Launch
629,2025-03-22 12:34:00,27.293,-0.9350394,-0.868,22.097,0.0,0.0,-4.11781016003699,-2.4632238585609274,148.82918219317594,Before Launch
630,2025-03-22 12:34:00,27.337,0.036089239999999995,0.325,22.099,0.0,0.0,-4.104760219342748,-2.48570439072526,148.5504911012603,Before Launch
631,2025-03-22 12:34:00,27.379,-0.08858268,-0.206,22.094,0.0,0.0,-4.078192240857585,-2.496534776431135,148.38079439796422,Before Launch
632,2025-03-22 12:34:00,27.422,0.15748032,1.201,22.097,0.0,0.0,-4.07285372564233,-2.549116565421943,148.1757847283086,Before Launch
633,2025-03-22 12:34:00,27.464,-0.9350394,0.437,22.097,0.0,0.0,-4.045747928622396,-2.5436289894141217,148.10258532823258,Before Launch
634,2025-03-22 12:34:01,27.506,-0.69225724,-0.094,22.099,0.0,0.0,-4.030062819513863,-2.5115655610745793,148.0556048629031,Before Launch
635,2025-03-22 12:34:01,27.549,0.65288716,1.543,22.102,0.0,0.0,-4.044161771524483,-2.521158131158161,148.08247778196682,Before Launch
636,2025-03-22 12:34:01,27.591,-0.57086616,-0.548,22.094,0.0,0.0,-4.031957480040551,-2.5061080452025313,148.18682593151186,Before Launch
637,2025-03-22 12:34:01,27.633,-1.04330712,-1.303,22.107,0.0,0.0,-4.031439013628769,-2.530451634559451,148.20432987851657,Before Launch
638,2025-03-22 12:34:01,27.676,-0.81692916,-1.661,22.094,0.0,0.0,-4.028854425416519,-2.4873038551868176,148.23328895235903,Before Launch
639,2025-03-22 12:34:01,27.718,-0.5577428,-1.077,22.104,0.0,0.0,-4.041773401079991,-2.471828168792828,148.24999413359018,Before Launch
640,2025-03-22 12:34:01,27.761,-0.81692916,0.096,22.094,0.0,0.0,-4.05290035800668,-2.5023643670014173,148.3062678244571,Before Launch
641,2025-03-22 12:34:01,27.803,-0.67913388,0.573,22.107,0.0,0.0,-4.058055283821579,-2.4614085580422733,148.33844512353227,Before Launch
642,2025-03-22 12:34:01,27.845,-0.57086616,0.337,22.097,0.0,0.0,-4.046366410979435,-2.465356166437885,148.39723199008802,Before Launch
643,2025-03-22 12:34:01,27.888,-0.8038058,-0.553,22.102,0.0,0.0,-4.049695063707768,-2.4607645920708037,148.4156679356849,Before Launch
644,2025-03-22 12:34:01,27.931,-1.53215228,-1.452,22.102,0.0,0.0,-4.06231882976447,-2.510277747692358,148.50543177805028,Before Launch
645,2025-03-22 12:34:01,27.974,-0.19356956,0.24,22.104,0.0,0.0,-4.072836355388267,-2.517495946009401,148.5197991347998,Before Launch
646,2025-03-22 12:34:01,28.016,-0.57086616,-0.125,22.097,0.0,0.0,-4.085968545821177,-2.4820066309217297,148.52673662212985,Before Launch
647,2025-03-22 12:34:01,28.059,-1.4074803599999999,-1.116,22.107,0.0,0.0,-4.107772585939713,-2.487153500603608,148.51220406579532,Before Launch
648,2025-03-22 12:34:01,28.101,-1.53215228,-0.781,22.102,0.0,0.0,-4.126814352145433,-2.4945572368793965,148.55384567015145,Before Launch
649,2025-03-22 12:34:01,28.144,-0.45275592000000003,0.0,22.094,0.0,0.0,-4.116049828226402,-2.5024206083896288,148.60351986399348,Before Launch
650,2025-03-22 12:34:01,28.187,-1.2992126400000001,-0.689,22.097,0.0,0.0,-4.117233591485869,-2.497173221436908,148.7100876397795,Before Launch
651,2025-03-22 12:34:01,28.23,-1.53215228,-0.442,22.102,0.0,0.0,-4.108585440935478,-2.4772309699239106,148.73320257715034,Before Launch
652,2025-03-22 12:34:01,28.272,-0.20669292,0.567,22.097,0.0,0.0,-4.10913512011255,-2.4590436201770807,148.76000197350717,Before Launch
653,2025-03-22 12:34:01,28.315,0.38385828,1.107,22.084,0.0,0.0,-4.104574160276168,-2.4480122640715822,148.75517597676327,Before Launch
654,2025-03-22 12:34:01,28.358,-1.2992126400000001,-0.342,22.099,0.0,0.0,-4.067457936094019,-2.484283641925833,148.75016408370578,Before Launch
655,2025-03-22 12:34:01,28.401,-1.53215228,-1.474,22.102,0.0,0.0,-4.059127383965774,-2.452974765122429,148.7448452828709,Before Launch
656,2025-03-22 12:34:01,28.444,0.40026248,0.459,22.099,0.0,0.0,-4.059334558731479,-2.46833778771034,148.8034226739089,Before Launch
657,2025-03-22 12:34:01,28.487,-0.69225724,-0.798,22.102,0.0,0.0,-4.074045778109034,-2.470495172450732,148.85227084413563,Before Launch
658,2025-03-22 12:34:02,28.529,-1.8963255199999998,-0.903,22.102,0.0,0.0,-4.0840131700589755,-2.4780107852402913,148.85302029959996,Before Launch
659,2025-03-22 12:34:02,28.572,-1.05643048,-0.342,22.099,0.0,0.0,-4.098965730803836,-2.454013463023057,148.79234937297963,Before Launch
660,2025-03-22 12:34:02,28.614,0.15748032,-0.465,22.097,0.0,0.0,-4.078489987894951,-2.498681923485421,148.69164460021264,Before Launch
661,2025-03-22 12:34:02,28.657,-0.8038058,-0.219,22.102,0.0,0.0,-4.1081540843128925,-2.501507409467945,148.6096376826133,Before Launch
662,2025-03-22 12:34:02,28.699,-0.69225724,0.329,22.099,0.0,0.0,-4.084807692487594,-2.547361734853291,148.2931073869847,Before Launch
663,2025-03-22 12:34:02,28.741,-0.57086616,0.231,22.097,0.0,0.0,-4.092792320720236,-2.55179183518875,148.19580806511013,Before Launch
664,2025-03-22 12:34:02,28.784,-0.69225724,-0.126,22.099,0.0,0.0,-4.091397949292605,-2.5394206933956927,148.14572261973564,Before Launch
665,2025-03-22 12:34:02,28.826,0.15748032,0.915,22.097,0.0,0.0,-4.088547764494051,-2.5476961364664468,148.1461493235151,Before Launch
666,2025-03-22 12:34:02,28.869,-1.42060372,-0.696,22.099,0.0,0.0,-4.1357826255866135,-2.578799568827664,148.1680521452318,Before Launch
667,2025-03-22 12:34:02,28.911,-1.05643048,-0.456,22.099,0.0,0.0,-4.127133135715641,-2.5701525261737137,148.1551665583264,Before Launch
668,2025-03-22 12:34:02,28.954,1.00393704,1.696,22.094,0.0,0.0,-4.159171792637612,-2.5597855863492383,148.15417355681066,Before Launch
669,2025-03-22 12:34:02,28.997,-0.9350394,0.56,22.097,0.0,0.0,-4.123518946705202,-2.5558208741066397,148.14251268959237,Before Launch
670,2025-03-22 12:34:02,29.04,0.28871391999999996,0.452,22.102,0.0,0.0,-4.113109956393889,-2.549427376006914,148.40875185280697,Before Launch
671,2025-03-22 12:34:02,29.083,-0.69225724,-0.114,22.099,0.0,0.0,-4.095877933084001,-2.5329052530385794,148.49453924997746,Before Launch
672,2025-03-22 12:34:02,29.126,-0.45275592000000003,0.895,22.094,0.0,0.0,-4.068867985001922,-2.5341456219910987,148.4276895039938,Before Launch
673,2025-03-22 12:34:02,29.169,-0.69225724,0.786,22.092,0.0,0.0,-4.0776111052129425,-2.521888370976804,148.14199361806823,Before Launch
674,2025-03-22 12:34:02,29.232,-0.8038058,-0.323,22.102,0.0,0.0,-4.050188008897272,-2.505379523081204,148.05277360095394,Before Launch
675,2025-03-22 12:34:02,29.282,-0.20669292,0.998,22.097,0.0,0.0,-4.032374019025962,-2.490299921801989,147.94830098930709,Before Launch
676,2025-03-22 12:34:02,29.331,-0.34448819999999997,1.079,22.084,0.0,0.0,-4.070728338257094,-2.5145496003554757,147.9606720581293,Before Launch
677,2025-03-22 12:34:02,29.386,-0.19356956,0.012,22.092,0.0,0.0,-4.05803676453117,-2.4939851082379034,148.00531365971352,Before Launch
678,2025-03-22 12:34:02,29.444,-1.2860892800000001,-1.479,22.094,0.0,0.0,-4.059992149319097,-2.511827779797391,148.00792978768573,Before Launch
679,2025-03-22 12:34:03,29.506,0.17060367999999998,1.28,22.104,0.0,0.0,-4.08442930993697,-2.5156445984903097,148.16152794834647,Before Launch
680,2025-03-22 12:34:03,29.551,-1.65026252,-0.103,22.097,0.0,0.0,-4.099181179487498,-2.5027402493354582,148.36928924697995,Before Launch
681,2025-03-22 12:34:03,29.606,-1.8963255199999998,-1.976,22.102,0.0,0.0,-4.08252091763915,-2.506753699066896,148.55258536768574,Before Launch
682,2025-03-22 12:34:03,29.651,-1.05643048,-0.313,22.099,0.0,0.0,-4.110169543873691,-2.5043489178867833,148.74526061801419,Before Launch
683,2025-03-22 12:34:03,29.696,-0.92191604,0.835,22.104,0.0,0.0,-4.123443714622925,-2.519459055263058,148.81550102852472,Before Launch
684,2025-03-22 12:34:03,29.739,-0.20669292,0.728,22.097,0.0,0.0,-4.104813468342587,-2.534538292450782,148.89694564262862,Before Launch
685,2025-03-22 12:34:03,29.783,-0.32808400000000004,-0.415,22.099,0.0,0.0,-4.145527875986405,-2.5299873514634696,148.9271249274942,Before Launch
686,2025-03-22 12:34:03,29.827,0.28871391999999996,0.934,22.087,0.0,0.0,-4.146138004092506,-2.500258480541191,148.90741749550932,Before Launch
687,2025-03-22 12:34:03,29.869,-0.32808400000000004,0.311,22.099,0.0,0.0,-4.148151840709762,-2.526301431346388,148.88058621096198,Before Launch
688,2025-03-22 12:34:03,29.913,-0.19356956,0.322,22.099,0.0,0.0,-4.155023542381988,-2.5214173533653166,148.80824948745865,Before Launch
689,2025-03-22 12:34:03,29.958,-1.2860892800000001,-0.506,22.104,0.0,0.0,-4.140113971072949,-2.5255898774724423,148.63555433028583,Before Launch
690,2025-03-22 12:34:03,30.002,-0.5577428,-0.608,22.104,0.0,0.0,-4.137521768756071,-2.5306953873399407,148.39801721886508,Before Launch
691,2025-03-22 12:34:03,30.045,-0.07545932,1.144,22.102,0.0,0.0,-4.144372521326129,-2.5321008947747017,148.36256231779132,Before Launch
692,2025-03-22 12:34:03,30.088,0.8858268,1.65,22.097,0.0,0.0,-4.152132640671493,-2.521136663679485,148.31595502532286,Before Launch
693,2025-03-22 12:34:03,30.131,-1.0597113200000001,-1.753,22.092,0.0,0.0,-4.141148413391919,-2.509612389230721,148.27439392161068,Before Launch
694,2025-03-22 12:34:03,30.177,0.036089239999999995,0.823,22.099,0.0,0.0,-4.1468473414198055,-2.5093303463964363,148.29296789442589,Before Launch
695,2025-03-22 12:34:03,30.219,0.65288716,0.309,22.102,0.0,0.0,-4.139952514328192,-2.510203320289516,148.33027737483172,Before Launch
696,2025-03-22 12:34:03,30.262,0.036089239999999995,0.618,22.099,0.0,0.0,-4.09597480376014,-2.5134779822858477,148.31915205270332,Before Launch
697,2025-03-22 12:34:03,30.304,-0.9350394,-0.409,22.097,0.0,0.0,-4.100385779281008,-2.5262459201503566,148.269793533576,Before Launch
698,2025-03-22 12:34:03,30.347,-0.10170604,0.501,22.087,0.0,0.0,-4.092005094075028,-2.5336361464615025,148.13920132960328,Before Launch
699,2025-03-22 12:34:03,30.389,-0.8038058,0.0,22.094,0.0,0.0,-4.067185632302084,-2.541903005006618,148.08457561267184,Before Launch
700,2025-03-22 12:34:03,30.432,-1.1646982,-0.833,22.109,0.0,0.0,-4.047962336892821,-2.5328145140314215,148.01718154969313,Before Launch
701,2025-03-22 12:34:03,30.477,-0.07545932,0.235,22.089,0.0,0.0,-4.040110357334123,-2.5332092195862086,148.0264194518025,Before Launch
702,2025-03-22 12:34:04,30.519,-0.9350394,-0.654,22.097,0.0,0.0,-4.026516714781003,-2.5467878089861937,148.0367981405869,Before Launch
703,2025-03-22 12:34:04,30.562,-0.8038058,0.431,22.102,0.0,0.0,-4.029822107877335,-2.5480711399968365,148.04214147924444,Before Launch
704,2025-03-22 12:34:04,30.604,-0.08858268,-0.236,22.094,0.0,0.0,-4.04356606226618,-2.538900278273312,147.98978577867345,Before Launch
705,2025-03-22 12:34:04,30.647,0.40026248,1.871,22.099,0.0,0.0,-4.056434460540268,-2.55957625073197,147.94711573495147,Before Launch
706,2025-03-22 12:34:04,30.69,-0.43963256,1.344,22.102,0.0,0.0,-4.073033673666847,-2.5568853187375233,147.87795877878406,Before Launch
707,2025-03-22 12:34:04,30.732,-0.19356956,0.798,22.104,0.0,0.0,-4.058362245147439,-2.561758249427803,147.84939640128465,Before Launch
708,2025-03-22 12:34:04,30.775,-0.07545932,0.784,22.102,0.0,0.0,-4.0715889760228325,-2.573089446769878,147.9478072618722,Before Launch
709,2025-03-22 12:34:04,30.817,-0.92191604,-0.663,22.104,0.0,0.0,-4.068092554410189,-2.5705047868433293,148.04204992137608,Before Launch
710,2025-03-22 12:34:04,30.86,0.01968504,0.323,22.084,0.0,0.0,-4.0655075440925135,-2.532048080833563,148.21755761712885,Before Launch
711,2025-03-22 12:34:04,30.902,-0.20669292,-0.461,22.097,0.0,0.0,-4.058837540891023,-2.5555968775975684,148.2639378593366,Before Launch
712,2025-03-22 12:34:04,30.945,-0.8038058,-0.442,22.102,0.0,0.0,-4.070127924693117,-2.5283530056587873,148.3812329712451,Before Launch
713,2025-03-22 12:34:04,30.987,-1.78477696,-1.482,22.099,0.0,0.0,-4.075555008513579,-2.529850301218271,148.41221092214965,Before Launch
714,2025-03-22 12:34:04,31.03,-1.1679790399999999,0.11,22.099,0.0,0.0,-4.093282958756772,-2.519634405753763,148.49689880769333,Before Launch
715,2025-03-22 12:34:04,31.072,-0.32808400000000004,0.215,22.092,0.0,0.0,-4.053989321081438,-2.4907354224583824,148.43576611038952,Before Launch
716,2025-03-22 12:34:04,31.124,0.52165356,0.553,22.097,0.0,0.0,-4.0352296268359495,-2.5016277934631113,148.25755477740267,Before Launch
717,2025-03-22 12:34:04,31.168,-0.08858268,-0.902,22.094,0.0,0.0,-4.012534749174489,-2.4882279993530987,148.2245150444789,Before Launch
718,2025-03-22 12:34:04,31.212,0.15748032,1.126,22.097,0.0,0.0,-4.013425701813927,-2.4738793260700067,148.2138323175709,Before Launch
719,2025-03-22 12:34:04,31.255,-0.32808400000000004,-0.338,22.099,0.0,0.0,-4.0611633440012564,-2.457197026819636,148.3641934432273,Before Launch
720,2025-03-22 12:34:04,31.297,-0.69225724,-1.248,22.099,0.0,0.0,-4.118085340286202,-2.458523903566789,148.46210301782733,Before Launch
721,2025-03-22 12:34:04,31.34,0.049212599999999995,0.012,22.107,0.0,0.0,-4.139129057813535,-2.456039582909826,148.62982437587684,Before Launch
722,2025-03-22 12:34:04,31.382,-1.04330712,-0.1,22.107,0.0,0.0,-4.12843706586933,-2.4443143738862063,148.67779469244766,Before Launch
723,2025-03-22 12:34:04,31.425,-1.1679790399999999,-0.989,22.102,0.0,0.0,-4.113612288088221,-2.4511417549526238,148.72971166083497,Before Launch
724,2025-03-22 12:34:04,31.467,-2.378609,-1.461,22.104,0.0,0.0,-4.092070407793956,-2.4635931330859795,148.7202948240707,Before Launch
725,2025-03-22 12:34:05,31.51,-1.0597113200000001,0.097,22.092,0.0,0.0,-4.084440171417808,-2.502088190597459,148.65762293524173,Before Launch
726,2025-03-22 12:34:05,31.555,-1.2992126400000001,-1.135,22.097,0.0,0.0,-4.114578474831181,-2.5007430604836838,148.59683591166473,Before Launch
727,2025-03-22 12:34:05,31.597,-0.9350394,0.0,22.097,0.0,0.0,-4.102749466728477,-2.5237186983565008,148.43321607137236,Before Launch
728,2025-03-22 12:34:05,31.64,-0.69553808,0.1,22.097,0.0,0.0,-4.087624067289229,-2.5427132158742847,148.3793390609999,Before Launch
729,2025-03-22 12:34:05,31.683,-0.19356956,-0.097,22.104,0.0,0.0,-4.067832763268298,-2.545745439002197,148.21392879841162,Before Launch
730,2025-03-22 12:34:05,31.726,-0.69225724,-1.013,22.099,0.0,0.0,-4.054642538026315,-2.565450525848933,148.13295306578718,Before Launch
731,2025-03-22 12:34:05,31.769,-0.32808400000000004,0.103,22.099,0.0,0.0,-4.064436592741676,-2.532023207661183,148.2772179652341,Before Launch
732,2025-03-22 12:34:05,31.811,-0.19356956,0.0,22.104,0.0,0.0,-4.049860401785369,-2.499867565010645,148.32844437348547,Before Launch
733,2025-03-22 12:34:05,31.854,-1.7716536,-1.572,22.107,0.0,0.0,-4.042053683213492,-2.5325811141647363,148.41879252109368,Before Launch
734,2025-03-22 12:34:05,31.897,-0.43963256,0.447,22.102,0.0,0.0,-4.0665087489107465,-2.463467256250041,148.43215886857357,Before Launch
735,2025-03-22 12:34:05,31.939,0.8858268,0.803,22.097,0.0,0.0,-4.062919614976202,-2.481631240444797,148.44326982588515,Before Launch
736,2025-03-22 12:34:05,31.982,-0.43963256,-0.216,22.102,0.0,0.0,-4.05666668307899,-2.4803384244677282,148.45573163531537,Before Launch
737,2025-03-22 12:34:05,32.024,-1.4074803599999999,-0.559,22.107,0.0,0.0,-4.061581155235508,-2.50536795695925,148.53171595305832,Before Launch
738,2025-03-22 12:34:05,32.067,-1.2992126400000001,0.45,22.097,0.0,0.0,-4.094084737921185,-2.501958762233591,148.57282002693054,Before Launch
739,2025-03-22 12:34:05,32.109,0.28871391999999996,1.35,22.102,0.0,0.0,-4.092228172119627,-2.4932580635800212,148.7704527412649,Before Launch
740,2025-03-22 12:34:05,32.152,-0.92191604,-0.55,22.099,0.0,0.0,-4.112147041336829,-2.504896121784162,148.79138787533725,Before Launch
741,2025-03-22 12:34:05,32.194,-0.32808400000000004,-0.794,22.099,0.0,0.0,-4.136444277705876,-2.5264028488304415,148.82901564246103,Before Launch
742,2025-03-22 12:34:05,32.237,-0.20669292,-0.11,22.097,0.0,0.0,-4.145408870527306,-2.5032930114864698,148.8684148561937,Before Launch
743,2025-03-22 12:34:05,32.279,-1.05643048,-1.138,22.099,0.0,0.0,-4.14228265574858,-2.4971585843780995,148.8778059456548,Before Launch
744,2025-03-22 12:34:05,32.321,-0.67913388,-0.329,22.107,0.0,0.0,-4.124126209116924,-2.5022860912962925,148.8555321178114,Before Launch
745,2025-03-22 12:34:05,32.364,-1.78477696,-1.024,22.099,0.0,0.0,-4.142781580824363,-2.512958447153552,148.77568284493978,Before Launch
746,2025-03-22 12:34:05,32.406,-0.8038058,-0.8,22.102,0.0,0.0,-4.124190875708446,-2.5038044064903713,148.73336010961884,Before Launch
747,2025-03-22 12:34:05,32.448,-0.45275592000000003,0.554,22.097,0.0,0.0,-4.121981166229369,-2.495166111187218,148.62682822130958,Before Launch
748,2025-03-22 12:34:05,32.491,-0.8038058,0.342,22.102,0.0,0.0,-4.106854731372551,-2.4734575107910888,148.5576185192692,Before Launch
749,2025-03-22 12:34:06,32.542,-0.8038058,1.465,22.102,0.0,0.0,-4.076817330131104,-2.4878277303635956,148.44410176873626,Before Launch
750,2025-03-22 12:34:06,32.588,0.28871391999999996,1.251,22.102,0.0,0.0,-4.082329245792967,-2.5086633992851537,148.4600681224336,Before Launch
751,2025-03-22 12:34:06,32.631,-2.01443576,-0.665,22.104,0.0,0.0,-4.0937909227968525,-2.489175131920675,148.5305893300968,Before Launch
752,2025-03-22 12:34:06,32.674,0.28871391999999996,1.136,22.102,0.0,0.0,-4.119781467436129,-2.5346995342579612,148.706688211793,Before Launch
753,2025-03-22 12:34:06,32.716,-0.5577428,0.128,22.104,0.0,0.0,-4.1240687961049085,-2.521361971438146,148.8453621690715,Before Launch
754,2025-03-22 12:34:06,32.758,-0.20669292,-0.012,22.097,0.0,0.0,-4.136128736010235,-2.3749009758412702,149.76164278479962,Before Launch
755,2025-03-22 12:34:06,32.802,0.036089239999999995,0.677,22.099,0.0,0.0,-4.09768072771164,-2.357658101160838,150.07100375196762,Before Launch
756,2025-03-22 12:34:06,32.844,-1.1679790399999999,-0.781,22.102,0.0,0.0,-4.098928300821601,-2.3432495323448306,150.49721977002645,Before Launch
757,2025-03-22 12:34:06,32.887,0.036089239999999995,0.213,22.099,0.0,0.0,-4.08984942467259,-2.3312306541835106,150.58938039994175,Before Launch
758,2025-03-22 12:34:06,32.93,0.53477692,2.144,22.102,0.0,0.0,-4.078647192566604,-2.3240603461869322,150.55537867215975,Before Launch
759,2025-03-22 12:34:06,32.974,0.28871391999999996,0.676,22.102,0.0,0.0,-4.07784922087084,-2.3101669421716937,150.2878725110458,Before Launch
760,2025-03-22 12:34:06,33.025,-0.8038058,-1.556,22.102,0.0,0.0,-4.101870663205472,-2.4041929903656136,149.42098885452612,Before Launch
761,2025-03-22 12:34:06,33.07,0.40026248,0.772,22.099,0.0,0.0,-4.067419134212502,-2.443891292172944,148.74170988890884,Before Launch
762,2025-03-22 12:34:06,33.113,-0.43963256,0.889,22.102,0.0,0.0,-4.0749503568584355,-2.486719975748957,148.47913090204395,Before Launch
763,2025-03-22 12:34:06,33.157,0.8858268,2.005,22.104,0.0,0.0,-4.075450427525121,-2.5246301738535024,148.07378314906714,Before Launch
764,2025-03-22 12:34:06,33.199,-1.2860892800000001,-1.445,22.104,0.0,0.0,-4.059372717766949,-2.532339267165289,147.91047657082277,Before Launch
765,2025-03-22 12:34:06,33.242,-0.31496064,0.557,22.107,0.0,0.0,-4.057120162641505,-2.5482192605613205,147.66525812542946,Before Launch
766,2025-03-22 12:34:06,33.284,-1.04330712,-0.656,22.104,0.0,0.0,-4.082077527111141,-2.5786010696322808,147.6480786961715,Before Launch
767,2025-03-22 12:34:06,33.327,0.036089239999999995,0.223,22.099,0.0,0.0,-4.063039622058112,-2.558739465467159,147.67967783544856,Before Launch
768,2025-03-22 12:34:06,33.37,-0.32808400000000004,0.668,22.099,0.0,0.0,-4.075184139900161,-2.58688131930819,147.62681490260556,Before Launch
769,2025-03-22 12:34:06,33.414,0.5085302,1.087,22.089,0.0,0.0,-4.069796811130272,-2.5717076455360397,147.6540832972722,Before Launch
770,2025-03-22 12:34:06,33.458,-0.22309712,1.427,22.094,0.0,0.0,-4.070628028103964,-2.538076820581733,147.77390838870477,Before Launch
771,2025-03-22 12:34:07,33.513,-0.32808400000000004,0.43,22.099,0.0,0.0,-4.0792441215587685,-2.5276122749171606,147.8273340194847,Before Launch
772,2025-03-22 12:34:07,33.56,-1.65026252,-1.077,22.104,0.0,0.0,-4.0618438763464155,-2.562789737911636,147.94863535009995,Before Launch
773,2025-03-22 12:34:07,33.608,-0.69225724,0.1,22.104,0.0,0.0,-4.063865550286832,-2.5563724677274253,148.00396627633268,Before Launch
774,2025-03-22 12:34:07,33.657,-0.69225724,0.1,22.099,0.0,0.0,-4.061003778860277,-2.5546301767881263,148.06603254013172,Before Launch
775,2025-03-22 12:34:07,33.708,-1.1679790399999999,-1.301,22.102,0.0,0.0,-4.030234342297723,-2.5468337632272466,148.19525110617863,Before Launch
776,2025-03-22 12:34:07,33.765,-1.1679790399999999,0.746,22.102,0.0,0.0,-4.0755526193719,-2.548765178935844,148.34600803585147,Before Launch
777,2025-03-22 12:34:07,33.815,0.76115488,0.414,22.102,0.0,0.0,-4.119468770356511,-2.5435126901719887,148.44486075609095,Before Launch
778,2025-03-22 12:34:07,33.861,0.6397638,1.046,22.094,0.0,0.0,-4.100868811046887,-2.541183826374832,148.44908639098895,Before Launch
779,2025-03-22 12:34:07,33.911,0.39698163999999997,0.524,22.092,0.0,0.0,-4.111019104621483,-2.533204598059705,148.44255571181642,Before Launch
780,2025-03-22 12:34:07,33.963,0.6397638,0.52,22.092,0.0,0.0,-4.111850456183556,-2.5336611542787444,148.4519427604729,Before Launch
781,2025-03-22 12:34:07,34.02,-0.20669292,0.817,22.097,0.0,0.0,-4.117286441283308,-2.5232042687464142,148.4530295588603,Before Launch
782,2025-03-22 12:34:07,34.07,-0.08858268,-0.105,22.094,0.0,0.0,-4.091346067166818,-2.5228994267318874,148.45009874857317,Before Launch
783,2025-03-22 12:34:07,34.121,0.76443572,0.193,22.102,0.0,0.0,-4.098683584267105,-2.5130002494884742,148.53959151990279,Before Launch
784,2025-03-22 12:34:07,34.179,-1.42060372,-1.419,22.099,0.0,0.0,-4.104005399366439,-2.47807773183646,148.6834539305347,Before Launch
785,2025-03-22 12:34:07,34.224,-1.9061680399999998,-0.919,22.094,0.0,0.0,-4.077046908375808,-2.5118333306357075,148.73603394601759,Before Launch
786,2025-03-22 12:34:07,34.27,-0.57086616,-0.809,22.099,0.0,0.0,-4.128008100030418,-2.4908178355592243,148.77308162564384,Before Launch
787,2025-03-22 12:34:07,34.316,-0.81692916,-0.314,22.094,0.0,0.0,-4.115267579791944,-2.483241041593181,148.75338305431546,Before Launch
788,2025-03-22 12:34:07,34.36,0.52165356,-0.303,22.097,0.0,0.0,-4.124058717763064,-2.4768249493886265,148.7401881676201,Before Launch
789,2025-03-22 12:34:07,34.406,-1.8963255199999998,-0.506,22.099,0.0,0.0,-4.121556223029378,-2.4708419749243182,148.75631742295738,Before Launch
790,2025-03-22 12:34:07,34.464,-0.92191604,-0.497,22.104,0.0,0.0,-4.116491205134482,-2.4833539806565494,148.8621577821345,Before Launch
791,2025-03-22 12:34:08,34.511,-0.5577428,0.396,22.104,0.0,0.0,-4.108089757835868,-2.469484652982961,148.9517261916758,Before Launch
792,2025-03-22 12:34:08,34.557,0.5085302,0.384,22.089,0.0,0.0,-4.116354548824388,-2.4714702016119836,148.99559418879335,Before Launch
793,2025-03-22 12:34:08,34.601,0.036089239999999995,0.296,22.099,0.0,0.0,-4.152267878889452,-2.4393818598520394,149.01513904376455,Before Launch
794,2025-03-22 12:34:08,34.654,-1.42060372,-1.556,22.097,0.0,0.0,-4.139945224031209,-2.4645215975432273,148.89998569270261,Before Launch
795,2025-03-22 12:34:08,34.698,0.15748032,0.307,22.097,0.0,0.0,-4.16811609257737,-2.5100382511798003,148.56167648748198,Before Launch
796,2025-03-22 12:34:08,34.741,0.5085302,0.681,22.089,0.0,0.0,-4.154695552684099,-2.555347546180342,148.37176849669467,Before Launch
797,2025-03-22 12:34:08,34.783,-0.57086616,0.883,22.092,0.0,0.0,-4.115588387221191,-2.592023883428253,148.08985886437037,Before Launch
798,2025-03-22 12:34:08,34.829,-0.57086616,0.099,22.097,0.0,0.0,-4.095559992086058,-2.581153855754483,148.01489966966696,Before Launch
799,2025-03-22 12:34:08,34.873,-0.82677168,-0.111,22.087,0.0,0.0,-4.072947145443187,-2.5432230360138317,148.13593743605134,Before Launch
800,2025-03-22 12:34:08,34.918,0.15748032,1.095,22.097,0.0,0.0,-4.047843354910917,-2.510439776757617,148.22968595116336,Before Launch
801,2025-03-22 12:34:08,34.962,-1.2992126400000001,-0.11,22.097,0.0,0.0,-4.08643241264143,-2.5524719997713934,148.3488115046753,Before Launch
802,2025-03-22 12:34:08,35.008,-0.92191604,-1.411,22.102,0.0,0.0,-4.079056446474556,-2.514575140561557,148.3999750753911,Before Launch
803,2025-03-22 12:34:08,35.063,-0.43963256,-0.898,22.102,0.0,0.0,-4.081649539568333,-2.5099250912850017,148.40277092390178,Before Launch
804,2025-03-22 12:34:08,35.114,-0.67913388,-0.895,22.107,0.0,0.0,-4.06081942998952,-2.5136302162082207,148.41487832924327,Before Launch
805,2025-03-22 12:34:08,35.158,-0.57086616,-1.013,22.097,0.0,0.0,-4.08234223878181,-2.527750599737814,148.42137638601005,Before Launch
806,2025-03-22 12:34:08,35.202,-1.53215228,-1.121,22.102,0.0,0.0,-4.06716688087846,-2.5058600138576557,148.3641180734761,Before Launch
807,2025-03-22 12:34:08,35.244,-0.92191604,-0.71,22.104,0.0,0.0,-4.0746588785670586,-2.519815023514762,148.3622060869416,Before Launch
808,2025-03-22 12:34:08,35.288,-1.65026252,-2.069,22.104,0.0,0.0,-4.058368953099209,-2.5591878124127425,148.42918111760125,Before Launch
809,2025-03-22 12:34:08,35.33,-0.32808400000000004,0.949,22.099,0.0,0.0,-4.0538681610509295,-2.552993365647576,148.4778806024595,Before Launch
810,2025-03-22 12:34:08,35.374,-0.20669292,1.478,22.097,0.0,0.0,-4.067149391144431,-2.5096177273448217,148.54861044816238,Before Launch
811,2025-03-22 12:34:08,35.418,-0.8038058,-0.203,22.102,0.0,0.0,-4.088510323210426,-2.5062965203320893,148.56972280871224,Before Launch
812,2025-03-22 12:34:08,35.461,-0.69225724,0.109,22.099,0.0,0.0,-4.092845897509385,-2.497791626353412,148.6043052931413,Before Launch
813,2025-03-22 12:34:09,35.504,-1.42060372,-1.698,22.099,0.0,0.0,-4.0675648776486995,-2.516803528481547,148.5019876208623,Before Launch
814,2025-03-22 12:34:09,35.546,-0.20669292,1.482,22.097,0.0,0.0,-4.065611603914237,-2.515187366627661,148.33593924471566,Before Launch
815,2025-03-22 12:34:09,35.589,0.53477692,1.295,22.104,0.0,0.0,-4.069339496655498,-2.5333750265688906,148.27009038901016,Before Launch
816,2025-03-22 12:34:09,35.633,0.15748032,0.637,22.097,0.0,0.0,-4.072991931903923,-2.5425211241862717,148.22898085670292,Before Launch
817,2025-03-22 12:34:09,35.675,-0.69225724,-1.074,22.099,0.0,0.0,-4.075904639765251,-2.5315542185809665,148.23914066228554,Before Launch
818,2025-03-22 12:34:09,35.719,-0.69225724,-0.651,22.107,0.0,0.0,-4.073658358860367,-2.5133269735020027,148.3960459647325,Before Launch
819,2025-03-22 12:34:09,35.762,-0.19356956,1.107,22.104,0.0,0.0,-4.058455529866169,-2.530498509605239,148.4358695981549,Before Launch
820,2025-03-22 12:34:09,35.805,-0.67913388,-0.756,22.107,0.0,0.0,-4.0469261679221535,-2.5490725398891603,148.384128093297,Before Launch
821,2025-03-22 12:34:09,35.849,-0.67913388,-1.072,22.107,0.0,0.0,-4.063487962084995,-2.5375035971187927,148.33666969170596,Before Launch
822,2025-03-22 12:34:09,35.892,-1.2992126400000001,-0.657,22.097,0.0,0.0,-4.077019815009014,-2.5205164286302923,148.2110527309596,Before Launch
823,2025-03-22 12:34:09,35.936,-0.20669292,0.329,22.104,0.0,0.0,-4.080712010149715,-2.5213592529412496,148.1827509794728,Before Launch
824,2025-03-22 12:34:09,35.978,-0.45275592000000003,0.338,22.094,0.0,0.0,-4.051680908483727,-2.5475002834946077,148.1017063456536,Before Launch
825,2025-03-22 12:34:09,36.021,-0.8038058,-0.872,22.102,0.0,0.0,-4.080160361273784,-2.5914937712646013,148.0831741109173,Before Launch
826,2025-03-22 12:34:09,36.064,0.036089239999999995,1.212,22.099,0.0,0.0,-4.0647819324281755,-2.584729782099957,148.02985576822542,Before Launch
827,2025-03-22 12:34:09,36.106,-0.81692916,0.096,22.094,0.0,0.0,-4.08538741835256,-2.59702202009793,148.06618694537644,Before Launch
828,2025-03-22 12:34:09,36.15,0.89895016,1.231,22.104,0.0,0.0,-4.0655564623732285,-2.593362992647707,148.09494362190625,Before Launch
829,2025-03-22 12:34:09,36.192,0.27559056000000004,0.886,22.094,0.0,0.0,-4.076264644416317,-2.583679951422168,148.13092540365915,Before Launch
830,2025-03-22 12:34:09,36.235,-0.19356956,0.35,22.104,0.0,0.0,-4.068511757977695,-2.5530606689773743,148.32171718288427,Before Launch
831,2025-03-22 12:34:09,36.278,-0.32808400000000004,1.119,22.099,0.0,0.0,-4.07598178553734,-2.552863161854773,148.41057487169303,Before Launch
832,2025-03-22 12:34:09,36.322,0.52165356,1.339,22.097,0.0,0.0,-4.087164572704186,-2.5180945672788697,148.57013337211845,Before Launch
833,2025-03-22 12:34:09,36.377,-0.5446194400000001,1.015,22.099,0.0,0.0,-4.076151166093871,-2.501061769820763,148.596614503665,Before Launch
834,2025-03-22 12:34:09,36.429,1.12860896,1.325,22.099,0.0,0.0,-4.090304732670926,-2.501269554027343,148.57704387479095,Before Launch
835,2025-03-22 12:34:09,36.476,-0.32808400000000004,-0.11,22.094,0.0,0.0,-4.0921468618232755,-2.4832145360404945,148.6441508939941,Before Launch
836,2025-03-22 12:34:10,36.522,-0.9350394,-0.119,22.097,0.0,0.0,-4.079469827210805,-2.4837929344723286,148.67398365461816,Before Launch
837,2025-03-22 12:34:10,36.569,-0.8038058,-0.101,22.092,0.0,0.0,-4.094571595861176,-2.453686322229093,148.63373286176915,Before Launch
838,2025-03-22 12:34:10,36.625,-1.8963255199999998,-0.424,22.094,0.0,0.0,-4.078969372543823,-2.461259252187985,148.61155028303753,Before Launch
839,2025-03-22 12:34:10,36.669,0.76443572,0.865,22.104,0.0,0.0,-4.0446749630034615,-2.4389291231355017,148.6000223993139,Before Launch
840,2025-03-22 12:34:10,36.726,-0.07545932,-0.537,22.102,0.0,0.0,-4.068123628558124,-2.476386543602207,148.60389326877512,Before Launch
841,2025-03-22 12:34:10,36.777,-0.5577428,-0.625,22.104,0.0,0.0,-4.055078341477228,-2.512071183046673,148.54751283364766,Before Launch
842,2025-03-22 12:34:10,36.82,-0.07545932,0.539,22.102,0.0,0.0,-4.056379708779992,-2.5211646572395012,148.50892243149113,Before Launch
843,2025-03-22 12:34:10,36.863,-1.8963255199999998,-1.053,22.102,0.0,0.0,-4.067672860609799,-2.4953886880717633,148.39836262579402,Before Launch
844,2025-03-22 12:34:10,36.906,0.17060367999999998,0.318,22.104,0.0,0.0,-4.041154279479649,-2.505808750627034,148.3729602055062,Before Launch
845,2025-03-22 12:34:10,36.948,-2.378609,-1.487,22.097,0.0,0.0,-4.055768394230936,-2.5336487915892505,148.2784638908153,Before Launch
846,2025-03-22 12:34:10,36.993,-0.92191604,-0.212,22.104,0.0,0.0,-4.046574000576891,-2.531695388221561,148.23921678536996,Before Launch
847,2025-03-22 12:34:10,37.036,-2.01443576,-0.625,22.104,0.0,0.0,-4.077862436700516,-2.542338873047578,148.28775389608361,Before Launch
848,2025-03-22 12:34:10,37.078,-1.65026252,-1.264,22.107,0.0,0.0,-4.072145329667422,-2.536662907388269,148.19093057381204,Before Launch
849,2025-03-22 12:34:10,37.121,-0.19356956,0.227,22.104,0.0,0.0,-4.087156732699475,-2.5250649038039166,148.0827281061838,Before Launch
850,2025-03-22 12:34:10,37.163,0.40026248,1.054,22.099,0.0,0.0,-4.064776541910855,-2.528775413476491,148.0299054142093,Before Launch
851,2025-03-22 12:34:10,37.206,-1.7716536,-1.583,22.107,0.0,0.0,-4.067250714865587,-2.551941482475487,147.8638286797097,Before Launch
852,2025-03-22 12:34:10,37.25,-0.07545932,0.648,22.102,0.0,0.0,-4.066784068503063,-2.5836584039117283,147.7547854232926,Before Launch
853,2025-03-22 12:34:10,37.296,-0.81692916,-1.497,22.094,0.0,0.0,-4.05625129774724,-2.5888371368995817,147.54170708556552,Before Launch
854,2025-03-22 12:34:10,37.339,-1.4074803599999999,-1.467,22.107,0.0,0.0,-4.051087188347936,-2.594166351168617,147.46976698751715,Before Launch
855,2025-03-22 12:34:10,37.383,-0.92191604,-0.634,22.094,0.0,0.0,-4.028646397138455,-2.6045749630504234,147.39071564829777,Before Launch
856,2025-03-22 12:34:10,37.427,-1.1679790399999999,-0.731,22.102,0.0,0.0,-4.031730977061057,-2.5690755340400435,147.35776831328778,Before Launch
857,2025-03-22 12:34:10,37.473,-0.19356956,-0.621,22.104,0.0,0.0,-4.054823923084625,-2.5392726696432986,147.43093910292214,Before Launch
858,2025-03-22 12:34:11,37.518,-1.1679790399999999,-0.546,22.102,0.0,0.0,-4.096294604044902,-2.5603152514865126,147.5113644773086,Before Launch
859,2025-03-22 12:34:11,37.563,-1.65026252,-2.451,22.104,0.0,0.0,-4.097380800019489,-2.5541050150269937,147.83614471774897,Before Launch
860,2025-03-22 12:34:11,37.609,-0.19356956,0.119,22.092,0.0,0.0,-4.135635066107195,-2.547056984826066,148.01935931861493,Before Launch
861,2025-03-22 12:34:11,37.652,-0.08858268,0.749,22.094,0.0,0.0,-4.146277169506941,-2.5475119443387495,148.25742851701395,Before Launch
862,2025-03-22 12:34:11,37.695,-0.07545932,0.647,22.102,0.0,0.0,-4.139840136309507,-2.55571543765361,148.31317581462417,Before Launch
863,2025-03-22 12:34:11,37.737,-0.9350394,0.864,22.097,0.0,0.0,-4.120373762251738,-2.540064784773255,148.20274127977197,Before Launch
864,2025-03-22 12:34:11,37.78,-0.8038058,-1.412,22.102,0.0,0.0,-4.125428462015059,-2.5507610407571324,148.2163578852079,Before Launch
865,2025-03-22 12:34:11,37.822,-1.5419947999999999,-1.338,22.094,0.0,0.0,-4.112410343639835,-2.6033766210498657,148.1856567937226,Before Launch
866,2025-03-22 12:34:11,37.864,-1.42060372,-0.794,22.099,0.0,0.0,-4.0937827027665765,-2.586136280331178,148.10095114319387,Before Launch
867,2025-03-22 12:34:11,37.907,-0.5577428,-0.444,22.104,0.0,0.0,-4.115824650988297,-2.578059296986868,148.0335204784144,Before Launch
868,2025-03-22 12:34:11,37.951,-0.69225724,1.107,22.099,0.0,0.0,-4.14825436745845,-2.5716941164430467,148.18421420283352,Before Launch
869,2025-03-22 12:34:11,38.005,-0.19356956,-0.331,22.109,0.0,0.0,-4.122967923214557,-2.5349565758943773,148.30648125897778,Before Launch
870,2025-03-22 12:34:11,38.051,0.17060367999999998,2.311,22.104,0.0,0.0,-4.131699863292965,-2.5123252482123823,148.40047491073335,Before Launch
871,2025-03-22 12:34:11,38.095,-0.67913388,0.22,22.107,0.0,0.0,-4.107266556128767,-2.493146763560583,148.438203063163,Before Launch
872,2025-03-22 12:34:11,38.14,-0.69225724,1.198,22.094,0.0,0.0,-4.1109567474199,-2.541076252025251,148.56882211014454,Before Launch
873,2025-03-22 12:34:11,38.186,-0.32808400000000004,1.193,22.099,0.0,0.0,-4.098876323855538,-2.555650545162817,148.58927208560073,Before Launch
874,2025-03-22 12:34:11,38.229,-1.42060372,-1.107,22.099,0.0,0.0,-4.0758565512379565,-2.5266661316369334,148.70983970900855,Before Launch
875,2025-03-22 12:34:11,38.272,-0.80052496,-1.083,22.109,0.0,0.0,-4.079145692961446,-2.5041552054050715,148.85929147279998,Before Launch
876,2025-03-22 12:34:11,38.314,-0.57086616,1.084,22.097,0.0,0.0,-4.0922338421468725,-2.4594322607558214,149.05658785151488,Before Launch
877,2025-03-22 12:34:11,38.357,0.036089239999999995,0.101,22.099,0.0,0.0,-4.119260675106415,-2.4538341531966337,149.17229039306332,Before Launch
878,2025-03-22 12:34:11,38.4,-0.20669292,0.553,22.097,0.0,0.0,-4.1270884168525335,-2.421168767139707,149.409820661537,Before Launch
879,2025-03-22 12:34:11,38.442,0.036089239999999995,1.309,22.099,0.0,0.0,-4.127570486075333,-2.3980173110195544,149.5017693000878,Before Launch
880,2025-03-22 12:34:11,38.485,-1.53215228,-0.554,22.102,0.0,0.0,-4.120331806370979,-2.3989881236679893,149.77388854400638,Before Launch
881,2025-03-22 12:34:12,38.527,0.036089239999999995,1.095,22.099,0.0,0.0,-4.137342654578546,-2.3788676654912932,149.91449830704832,Before Launch
882,2025-03-22 12:34:12,38.572,-1.4074803599999999,-1.105,22.107,0.0,0.0,-4.097288558347803,-2.3834224568443867,150.11419259225283,Before Launch
883,2025-03-22 12:34:12,38.615,-0.07545932,0.996,22.107,0.0,0.0,-4.0920037139128835,-2.3362731728906443,150.1406638615304,Before Launch
884,2025-03-22 12:34:12,38.658,-0.07545932,1.438,22.104,0.0,0.0,-4.106464587773394,-2.345981194535075,150.04176621180758,Before Launch
885,2025-03-22 12:34:12,38.708,-1.65026252,-1.325,22.104,0.0,0.0,-4.112074485837853,-2.3648399081787486,149.81061558392884,Before Launch
886,2025-03-22 12:34:12,38.753,0.41338584,0.456,22.107,0.0,0.0,-4.091504115930295,-2.3785042019658986,149.49829438511762,Before Launch
887,2025-03-22 12:34:12,38.8,-1.05643048,-0.888,22.099,0.0,0.0,-4.090620966764876,-2.420266230541724,149.38314044488953,Before Launch
888,2025-03-22 12:34:12,38.846,-0.21981628,0.645,22.089,0.0,0.0,-4.082205205736739,-2.4594720660656706,149.13401534566023,Before Launch
889,2025-03-22 12:34:12,38.889,-0.20669292,0.538,22.099,0.0,0.0,-4.078628416067465,-2.466428436767228,149.02410341931477,Before Launch
890,2025-03-22 12:34:12,38.937,-0.8038058,0.662,22.102,0.0,0.0,-4.054849955638516,-2.50085281548809,148.85547231266793,Before Launch
891,2025-03-22 12:34:12,38.982,-0.8038058,0.552,22.102,0.0,0.0,-4.0481364197317715,-2.521489795042704,148.78308685964646,Before Launch
892,2025-03-22 12:34:12,39.029,0.40026248,0.854,22.097,0.0,0.0,-4.0360366725829735,-2.4968012083869318,148.67703244321945,Before Launch
893,2025-03-22 12:34:12,39.072,-1.05643048,-0.325,22.099,0.0,0.0,-4.025946625343777,-2.4995342233122515,148.64136734767018,Before Launch
894,2025-03-22 12:34:12,39.117,-1.2992126400000001,-0.994,22.097,0.0,0.0,-4.073755901758386,-2.4804765630712224,148.6898273196124,Before Launch
895,2025-03-22 12:34:12,39.159,-1.04330712,-1.096,22.107,0.0,0.0,-4.0847870566839894,-2.477397021401059,148.72765237942727,Before Launch
896,2025-03-22 12:34:12,39.202,-0.5577428,0.11,22.104,0.0,0.0,-4.089233870368029,-2.4889281363081883,148.7920135287548,Before Launch
897,2025-03-22 12:34:12,39.245,-0.69225724,0.0,22.099,0.0,0.0,-4.089519148487159,-2.4701938899313536,148.8040339176989,Before Launch
898,2025-03-22 12:34:12,39.287,-0.31496064,0.012,22.107,0.0,0.0,-4.111037904051452,-2.4748699995666725,148.83690589747852,Before Launch
899,2025-03-22 12:34:12,39.329,-1.4074803599999999,0.012,22.107,0.0,0.0,-4.103504566749089,-2.4665605536139137,148.8380564775381,Before Launch
900,2025-03-22 12:34:12,39.372,-0.69225724,0.098,22.099,0.0,0.0,-4.075934893381194,-2.466387792232152,148.83598006521376,Before Launch
901,2025-03-22 12:34:12,39.414,0.036089239999999995,0.552,22.099,0.0,0.0,-4.071743330764,-2.4492554384119045,148.80411957610755,Before Launch
902,2025-03-22 12:34:12,39.456,-1.0597113200000001,-0.997,22.092,0.0,0.0,-4.0789352567271235,-2.466736235559915,148.6375435500479,Before Launch
903,2025-03-22 12:34:12,39.499,-1.53215228,-1.206,22.102,0.0,0.0,-4.07067916789798,-2.473257371854881,148.4658390110349,Before Launch
904,2025-03-22 12:34:13,39.541,-0.69225724,-0.663,22.107,0.0,0.0,-4.076056333561984,-2.5637558075075657,148.29008528205205,Before Launch
905,2025-03-22 12:34:13,39.583,0.27559056000000004,1.646,22.094,0.0,0.0,-4.1045727146888,-2.567593511918885,148.22376648633227,Before Launch
906,2025-03-22 12:34:13,39.626,1.2631234,1.117,22.104,0.0,0.0,-4.122403444585115,-2.5683289938513116,148.13375016462194,Before Launch
907,2025-03-22 12:34:13,39.668,-1.55511816,-0.135,22.087,0.0,0.0,-4.12042371710109,-2.581729053165325,148.08996427653673,Before Launch
908,2025-03-22 12:34:13,39.71,-0.43963256,-0.333,22.102,0.0,0.0,-4.081246967126022,-2.577008931331345,147.99042792795285,Before Launch
909,2025-03-22 12:34:13,39.753,-0.69553808,-0.566,22.092,0.0,0.0,-4.06003832662571,-2.6164635051743237,147.9738405619925,Before Launch
910,2025-03-22 12:34:13,39.803,-0.57086616,0.986,22.097,0.0,0.0,-4.060417468210302,-2.5972662646529128,147.9117547731902,Before Launch
911,2025-03-22 12:34:13,39.847,-1.1679790399999999,-1.445,22.097,0.0,0.0,-4.060515215249486,-2.560870761128467,148.01640612918624,Before Launch
912,2025-03-22 12:34:13,39.889,-1.05643048,0.0,22.099,0.0,0.0,-4.071038220084018,-2.5453106833684176,148.09239997489863,Before Launch
913,2025-03-22 12:34:13,39.932,-1.53215228,-1.208,22.102,0.0,0.0,-4.085148025277219,-2.535411159232272,148.33966292727882,Before Launch
914,2025-03-22 12:34:13,39.974,-0.08858268,0.109,22.102,0.0,0.0,-4.09765468108465,-2.5337585950377486,148.4140422611824,Before Launch
915,2025-03-22 12:34:13,40.016,-1.05643048,-0.234,22.099,0.0,0.0,-4.1134715694400095,-2.5303942581836365,148.5093737844028,Before Launch
916,2025-03-22 12:34:13,40.059,-1.42060372,-0.573,22.099,0.0,0.0,-4.1162165159803425,-2.5284603185721095,148.54041520462795,Before Launch
917,2025-03-22 12:34:13,40.101,-1.78477696,-2.038,22.099,0.0,0.0,-4.088762299112376,-2.547568027027706,148.54954333360993,Before Launch
918,2025-03-22 12:34:13,40.144,-1.1679790399999999,-0.104,22.102,0.0,0.0,-4.083218596337702,-2.55919504360248,148.501762128958,Before Launch
919,2025-03-22 12:34:13,40.186,-0.5577428,0.694,22.104,0.0,0.0,-4.095062092524518,-2.510473933355437,148.4305188280404,Before Launch
920,2025-03-22 12:34:13,40.228,-0.8038058,0.224,22.102,0.0,0.0,-4.091442487259788,-2.5023890544597163,148.46137487770864,Before Launch
921,2025-03-22 12:34:13,40.271,-1.66338588,-1.034,22.102,0.0,0.0,-4.0661439537505455,-2.4904940923683565,148.39255914611226,Before Launch
922,2025-03-22 12:34:13,40.313,-1.1646982,-0.442,22.109,0.0,0.0,-4.079869544130226,-2.498304483519738,148.39441136554154,Before Launch
923,2025-03-22 12:34:13,40.355,-1.1679790399999999,-0.799,22.102,0.0,0.0,-4.098077902822072,-2.496395492330131,148.48323919390566,Before Launch
924,2025-03-22 12:34:13,40.399,-0.32808400000000004,1.009,22.099,0.0,0.0,-4.0966943389337676,-2.4987848045542753,148.51011157688615,Before Launch
925,2025-03-22 12:34:13,40.448,-0.32808400000000004,0.338,22.097,0.0,0.0,-4.096837181002227,-2.475115440061782,148.56117149177774,Before Launch
926,2025-03-22 12:34:13,40.492,-0.69225724,-0.676,22.099,0.0,0.0,-4.109923075851422,-2.45891018847686,148.57121463192308,Before Launch
927,2025-03-22 12:34:14,40.536,0.036089239999999995,1.015,22.099,0.0,0.0,-4.119667942062246,-2.4479041806821376,148.54804884703196,Before Launch
928,2025-03-22 12:34:14,40.583,0.036089239999999995,1.447,22.097,0.0,0.0,-4.111628883892895,-2.452648465211539,148.54611905333206,Before Launch
929,2025-03-22 12:34:14,40.629,-1.7716536,-0.992,22.107,0.0,0.0,-4.07518439487466,-2.4895911001247666,148.39570437480194,Before Launch
930,2025-03-22 12:34:14,40.672,-1.05643048,-1.223,22.099,0.0,0.0,-4.064804572726147,-2.5077280594418596,148.28547198410953,Before Launch
931,2025-03-22 12:34:14,40.715,0.15748032,-1.015,22.097,0.0,0.0,-4.051881942558359,-2.4760194811784686,148.1691004221131,Before Launch
932,2025-03-22 12:34:14,40.758,-1.1679790399999999,0.355,22.102,0.0,0.0,-4.015274475498919,-2.514267135533025,148.13671651539306,Before Launch
933,2025-03-22 12:34:14,40.8,0.0328084,0.433,22.092,0.0,0.0,-4.059768198822978,-2.5165783292312613,148.23391516849182,Before Launch
934,2025-03-22 12:34:14,40.843,-0.43963256,0.235,22.102,0.0,0.0,-4.0714884619854645,-2.536398219773628,148.3113305734423,Before Launch
935,2025-03-22 12:34:14,40.885,-0.32808400000000004,0.224,22.099,0.0,0.0,-4.106233742514954,-2.5558264649506244,148.28188199730712,Before Launch
936,2025-03-22 12:34:14,40.927,-0.19356956,0.902,22.104,0.0,0.0,-4.094300568153147,-2.560979068819553,148.2235427054388,Before Launch
937,2025-03-22 12:34:14,40.972,0.53477692,1.469,22.104,0.0,0.0,-4.127737347686399,-2.523267988659797,148.1474953763358,Before Launch
938,2025-03-22 12:34:14,41.016,0.52165356,1.895,22.097,0.0,0.0,-4.107051846621128,-2.5050831577652413,148.25439787496092,Before Launch
939,2025-03-22 12:34:14,41.059,0.049212599999999995,0.127,22.102,0.0,0.0,-4.123048811199339,-2.515461019674373,148.31491646843742,Before Launch
940,2025-03-22 12:34:14,41.101,-0.20669292,0.783,22.097,0.0,0.0,-4.12012080781303,-2.4913419025608325,148.30278260942472,Before Launch
941,2025-03-22 12:34:14,41.146,1.4927822,2.68,22.099,0.0,0.0,-4.102364464387708,-2.5211802251378717,148.39151858806872,Before Launch
942,2025-03-22 12:34:14,41.191,-1.05643048,0.668,22.099,0.0,0.0,-4.085845447202936,-2.5160782458948208,148.48218382719196,Before Launch
943,2025-03-22 12:34:14,41.24,0.14435695999999998,1.197,22.089,0.0,0.0,-4.071046856438739,-2.4906085282761543,148.57668267587434,Before Launch
944,2025-03-22 12:34:14,41.284,-1.5419947999999999,-0.896,22.099,0.0,0.0,-4.095495054660519,-2.483751067141588,148.5797949219753,Before Launch
945,2025-03-22 12:34:14,41.329,-0.8038058,0.0,22.102,0.0,0.0,-4.107929313072308,-2.522339516240129,148.55780447520232,Before Launch
946,2025-03-22 12:34:14,41.375,-1.1679790399999999,0.449,22.102,0.0,0.0,-4.108061379102772,-2.514876622720875,148.5475784292664,Before Launch
947,2025-03-22 12:34:14,41.421,0.6397638,1.629,22.094,0.0,0.0,-4.108008096728778,-2.497843843078506,148.54319740765155,Before Launch
948,2025-03-22 12:34:14,41.468,0.15748032,1.191,22.097,0.0,0.0,-4.119364853461677,-2.497636730706023,148.55339954627732,Before Launch
949,2025-03-22 12:34:15,41.519,0.15748032,0.434,22.097,0.0,0.0,-4.064226097528394,-2.46787581611646,148.64986667294164,Before Launch
950,2025-03-22 12:34:15,41.563,-0.32808400000000004,0.0,22.099,0.0,0.0,-4.084025190597372,-2.46737769420459,148.66689010651942,Before Launch
951,2025-03-22 12:34:15,41.607,-0.31496064,0.338,22.107,0.0,0.0,-4.071875929669465,-2.4614336127799943,148.68885059692067,Before Launch
952,2025-03-22 12:34:15,41.651,0.049212599999999995,0.012,22.107,0.0,0.0,-4.088766931909044,-2.4363788453471202,148.70462506305202,Before Launch
953,2025-03-22 12:34:15,41.695,0.40026248,0.327,22.099,0.0,0.0,-4.089691811074558,-2.4937732645884583,148.4784771828084,Before Launch
954,2025-03-22 12:34:15,41.738,-0.92191604,0.766,22.102,0.0,0.0,-4.0669882381000635,-2.5110662425064505,148.38151846097284,Before Launch
955,2025-03-22 12:34:15,41.782,-0.07545932,0.884,22.102,0.0,0.0,-4.093123359555361,-2.5170974069882144,148.2805000221295,Before Launch
956,2025-03-22 12:34:15,41.824,-0.9350394,-0.985,22.097,0.0,0.0,-4.101465394062775,-2.541527401820258,148.26961254500839,Before Launch
957,2025-03-22 12:34:15,41.866,0.036089239999999995,1.087,22.107,0.0,0.0,-4.1001602325928745,-2.5717288699192564,148.266510331696,Before Launch
958,2025-03-22 12:34:15,41.909,-1.8897638399999999,-1.734,22.109,0.0,0.0,-4.102791971518907,-2.56995914240386,148.31212386080622,Before Launch
959,2025-03-22 12:34:15,41.952,-1.42060372,-0.885,22.099,0.0,0.0,-4.084875528652618,-2.5513122723714496,148.43404013845839,Before Launch
960,2025-03-22 12:34:15,41.996,-1.2992126400000001,-0.874,22.097,0.0,0.0,-4.066673241277758,-2.543370110097275,148.4542175705079,Before Launch
961,2025-03-22 12:34:15,42.045,-0.32808400000000004,-0.12,22.099,0.0,0.0,-4.085307998222236,-2.5369825955122725,148.47893242277885,Before Launch
962,2025-03-22 12:34:15,42.088,-0.43963256,-0.873,22.102,0.0,0.0,-4.0875197118695565,-2.557927952549859,148.458119916231,Before Launch
963,2025-03-22 12:34:15,42.133,-0.69225724,-1.087,22.099,0.0,0.0,-4.075767407413576,-2.559116087751099,148.49138910555791,Before Launch
964,2025-03-22 12:34:15,42.179,-0.32808400000000004,-0.337,22.099,0.0,0.0,-4.075274760566653,-2.5375574290125202,148.42295660850007,Before Launch
965,2025-03-22 12:34:15,42.227,0.27559056000000004,0.428,22.094,0.0,0.0,-4.095461642080099,-2.542847379919856,148.34096119193393,Before Launch
966,2025-03-22 12:34:15,42.272,-0.32808400000000004,-1.617,22.099,0.0,0.0,-4.092907469601798,-2.531213623046598,148.33550658575592,Before Launch
967,2025-03-22 12:34:15,42.315,0.17060367999999998,1.092,22.104,0.0,0.0,-4.094098026539615,-2.5212772501315435,148.29792187147058,Before Launch
968,2025-03-22 12:34:15,42.358,-0.43963256,-0.522,22.094,0.0,0.0,-4.104605056289188,-2.5418251014719684,148.30939497311746,Before Launch
969,2025-03-22 12:34:15,42.402,-1.2992126400000001,0.217,22.097,0.0,0.0,-4.087317365600499,-2.506391163693514,148.4420637717484,Before Launch
970,2025-03-22 12:34:15,42.452,-0.43963256,0.324,22.102,0.0,0.0,-4.103351050546364,-2.509167980470942,148.49125252951808,Before Launch
971,2025-03-22 12:34:15,42.496,0.14435695999999998,1.171,22.089,0.0,0.0,-4.096415207427331,-2.489470291610633,148.47319842417258,Before Launch
972,2025-03-22 12:34:16,42.539,-0.69225724,-1.191,22.099,0.0,0.0,-4.075757495581884,-2.5158316572296524,148.42921476487624,Before Launch
973,2025-03-22 12:34:16,42.585,0.76443572,0.543,22.099,0.0,0.0,-4.100305058523999,-2.522579419318592,148.34658243026496,Before Launch
974,2025-03-22 12:34:16,42.629,-2.02755912,-1.969,22.097,0.0,0.0,-4.096317956661089,-2.5047737382224797,148.3051979640373,Before Launch
975,2025-03-22 12:34:16,42.678,0.40026248,0.653,22.099,0.0,0.0,-4.0683899051503545,-2.5474875034117184,148.0360456282739,Before Launch
976,2025-03-22 12:34:16,42.724,-0.69225724,-0.338,22.099,0.0,0.0,-4.062831433024348,-2.5523253059999598,147.93908908520538,Before Launch
977,2025-03-22 12:34:16,42.769,-0.57086616,-0.555,22.097,0.0,0.0,-4.0716241902829555,-2.5842614585422767,147.89358692932672,Before Launch
978,2025-03-22 12:34:16,42.811,-1.1811023999999999,-1.417,22.094,0.0,0.0,-4.096143603422613,-2.540992453538856,147.86527645448237,Before Launch
979,2025-03-22 12:34:16,42.854,-0.69225724,0.206,22.099,0.0,0.0,-4.078249274204767,-2.5393480761918696,147.84720689626167,Before Launch
980,2025-03-22 12:34:16,42.896,0.52165356,0.536,22.097,0.0,0.0,-4.066643268295419,-2.5440609920319943,147.819424239429,Before Launch
981,2025-03-22 12:34:16,42.939,-0.07545932,0.771,22.102,0.0,0.0,-4.063422486221853,-2.5348979995717196,147.92161778414516,Before Launch
982,2025-03-22 12:34:16,42.981,-1.42060372,-1.306,22.099,0.0,0.0,-4.071107560251299,-2.5210202495838194,148.03773205030515,Before Launch
983,2025-03-22 12:34:16,43.023,-1.05643048,0.748,22.099,0.0,0.0,-4.0526621425918865,-2.5073328980531087,148.08148928731453,Before Launch
984,2025-03-22 12:34:16,43.066,-1.5419947999999999,-0.109,22.094,0.0,0.0,-4.052257494688136,-2.5374152337332663,148.17277754753124,Before Launch
985,2025-03-22 12:34:16,43.108,-1.65026252,-0.316,22.094,0.0,0.0,-4.09549733485665,-2.579927113714116,148.21478074378274,Before Launch
986,2025-03-22 12:34:16,43.154,-0.69225724,-0.328,22.099,0.0,0.0,-4.095728682781863,-2.5378797671426447,148.37813759714757,Before Launch
987,2025-03-22 12:34:16,43.197,-0.32808400000000004,0.101,22.097,0.0,0.0,-4.089558517803489,-2.543047887455459,148.472961316532,Before Launch
988,2025-03-22 12:34:16,43.24,0.14435695999999998,0.756,22.089,0.0,0.0,-4.142332595857724,-2.535489865617159,148.54859330272694,Before Launch
989,2025-03-22 12:34:16,43.283,-0.32808400000000004,0.0,22.099,0.0,0.0,-4.1038464397850865,-2.532808519649344,148.54908487797553,Before Launch
990,2025-03-22 12:34:16,43.325,-0.43963256,-0.651,22.097,0.0,0.0,-4.108063222432138,-2.496529835667459,148.62150109204077,Before Launch
991,2025-03-22 12:34:16,43.367,-0.57086616,-0.222,22.097,0.0,0.0,-4.099598248256427,-2.531824164764173,148.6419780209195,Before Launch
992,2025-03-22 12:34:16,43.41,-0.20669292,-0.345,22.097,0.0,0.0,-4.081434747180531,-2.537095731614972,148.54648441843702,Before Launch
993,2025-03-22 12:34:16,43.452,-1.42060372,-0.897,22.094,0.0,0.0,-4.0620693133279415,-2.526346773611748,148.47404099428593,Before Launch
994,2025-03-22 12:34:16,43.495,-0.08858268,1.108,22.094,0.0,0.0,-4.05474832600216,-2.502520235952881,148.39658440909585,Before Launch
995,2025-03-22 12:34:17,43.538,0.76443572,1.109,22.099,0.0,0.0,-4.068570424957763,-2.528592378082493,148.3688252961317,Before Launch
996,2025-03-22 12:34:17,43.581,-0.81692916,-0.886,22.099,0.0,0.0,-4.063305283000382,-2.579390342063728,148.14831758487568,Before Launch
997,2025-03-22 12:34:17,43.624,-0.5577428,0.124,22.089,0.0,0.0,-4.068009467783202,-2.601333906735269,148.02824503854762,Before Launch
998,2025-03-22 12:34:17,43.682,-0.8038058,-1.43,22.102,0.0,0.0,-4.042791764904456,-2.586832923018329,147.99468244527463,Before Launch
999,2025-03-22 12:34:17,43.728,-0.69225724,1.215,22.099,0.0,0.0,-4.03368275518683,-2.5557802434273493,148.02117463246947,Before Launch
1000,2025-03-22 12:34:17,43.77,-1.53215228,-1.77,22.102,0.0,0.0,-4.02557719705539,-2.552748291218608,148.0516430457351,Before Launch
1001,2025-03-22 12:34:17,43.813,-0.20669292,0.446,22.097,0.0,0.0,-4.022973651668339,-2.549389554632317,148.0894406645525,Before Launch
1002,2025-03-22 12:34:17,43.855,1.36811028,1.785,22.094,0.0,0.0,-4.0457747016817835,-2.5624239923792325,148.03213987657932,Before Launch
1003,2025-03-22 12:34:17,43.898,-0.81692916,0.335,22.094,0.0,0.0,-4.037616793483638,-2.5387759908879857,147.94608165636075,Before Launch
1004,2025-03-22 12:34:17,43.94,-1.53215228,-0.773,22.102,0.0,0.0,-4.053380974693787,-2.5527882018013806,147.8840728145296,Before Launch
1005,2025-03-22 12:34:17,43.987,-1.42060372,-1.78,22.099,0.0,0.0,-4.073793434463869,-2.555600074353013,147.85119569630433,Before Launch
1006,2025-03-22 12:34:17,44.03,-1.78477696,-1.567,22.099,0.0,0.0,-4.0696908623166035,-2.576136706944506,147.73109081227042,Before Launch
1007,2025-03-22 12:34:17,44.074,0.15748032,1.444,22.104,0.0,0.0,-4.069920668730194,-2.582505859793175,147.5882938576328,Before Launch
1008,2025-03-22 12:34:17,44.117,-1.53215228,-0.435,22.102,0.0,0.0,-4.046232857551101,-2.5883354326020203,147.56002333626694,Before Launch
1009,2025-03-22 12:34:17,44.162,-0.33136484,1.105,22.092,0.0,0.0,-4.103921958199032,-2.6006182147956953,147.81241199529114,Before Launch
1010,2025-03-22 12:34:17,44.209,-0.32808400000000004,1.201,22.099,0.0,0.0,-4.1171860205354855,-2.610939366247357,147.87530342872577,Before Launch
1011,2025-03-22 12:34:17,44.256,-0.69225724,0.0,22.099,0.0,0.0,-4.098776255295644,-2.577227457260525,148.16574347835714,Before Launch
1012,2025-03-22 12:34:17,44.299,-0.8038058,-0.432,22.102,0.0,0.0,-4.086222955178166,-2.572806035483049,148.24447243504312,Before Launch
1013,2025-03-22 12:34:17,44.342,0.036089239999999995,-0.098,22.099,0.0,0.0,-4.123281578008809,-2.5125157873216715,148.36194127252313,Before Launch
1014,2025-03-22 12:34:17,44.384,-0.92191604,-0.539,22.104,0.0,0.0,-4.101016028059411,-2.528607762065739,148.35806862318933,Before Launch
1015,2025-03-22 12:34:17,44.431,-2.61811032,-1.97,22.109,0.0,0.0,-4.079112681028113,-2.527600786543355,148.3164201785418,Before Launch
1016,2025-03-22 12:34:17,44.475,-1.1679790399999999,-0.539,22.102,0.0,0.0,-4.061846932359089,-2.511777217292886,148.28937015854768,Before Launch
1017,2025-03-22 12:34:18,44.517,-2.02755912,-1.645,22.097,0.0,0.0,-4.070036266551913,-2.5140069911264322,148.26589578063997,Before Launch
1018,2025-03-22 12:34:18,44.56,-1.05643048,0.329,22.099,0.0,0.0,-4.062261813090072,-2.508570638146132,148.2950993283776,Before Launch
1019,2025-03-22 12:34:18,44.602,-1.05643048,-0.874,22.099,0.0,0.0,-4.065179513147262,-2.4805901880002774,148.34999239362315,Before Launch
1020,2025-03-22 12:34:18,44.645,-1.2860892800000001,-1.852,22.102,0.0,0.0,-4.056875101182678,-2.4963805131871424,148.43036979515404,Before Launch
1021,2025-03-22 12:34:18,44.687,-1.4074803599999999,-0.534,22.107,0.0,0.0,-4.058409028168915,-2.4804824159102377,148.51961306259727,Before Launch
1022,2025-03-22 12:34:18,44.729,-0.57086616,-0.012,22.097,0.0,0.0,-4.0587628157779845,-2.462151480240775,148.5447718409066,Before Launch
1023,2025-03-22 12:34:18,44.773,-0.20669292,0.547,22.102,0.0,0.0,-4.0759066503535575,-2.49589824162884,148.62315284148363,Before Launch
1024,2025-03-22 12:34:18,44.816,-1.05643048,-0.335,22.099,0.0,0.0,-4.062389486849995,-2.498545073033818,148.63382873622783,Before Launch
1025,2025-03-22 12:34:18,44.859,-0.45275592000000003,0.991,22.094,0.0,0.0,-4.105111342055903,-2.486583659636206,148.66136643866622,Before Launch
1026,2025-03-22 12:34:18,44.902,0.036089239999999995,0.223,22.097,0.0,0.0,-4.104664937843971,-2.477541309790322,148.6739773603321,Before Launch
1027,2025-03-22 12:34:18,44.95,-0.69225724,-1.882,22.102,0.0,0.0,-4.116007728875405,-2.4895237473769334,148.6628998728182,Before Launch
1028,2025-03-22 12:34:18,44.995,-0.45275592000000003,0.332,22.094,0.0,0.0,-4.094946161493671,-2.470740659290672,148.7178190938568,Before Launch
1029,2025-03-22 12:34:18,45.038,-0.07545932,1.327,22.099,0.0,0.0,-4.089447386207168,-2.431351690539975,148.94077932862848,Before Launch
1030,2025-03-22 12:34:18,45.082,1.12532812,2.325,22.092,0.0,0.0,-4.058905463384011,-2.440818480551593,149.00112265695793,Before Launch
1031,2025-03-22 12:34:18,45.125,-2.01443576,-0.21,22.104,0.0,0.0,-4.067767288458498,-2.4299722627202023,149.01838185936984,Before Launch
1032,2025-03-22 12:34:18,45.167,-0.32808400000000004,-0.444,22.097,0.0,0.0,-4.065494098771509,-2.435070422507986,149.03396695333853,Before Launch
1033,2025-03-22 12:34:18,45.21,-0.9350394,0.546,22.097,0.0,0.0,-4.06387810803925,-2.4332508981461904,148.99412794029757,Before Launch
1034,2025-03-22 12:34:18,45.252,-1.2992126400000001,-0.888,22.097,0.0,0.0,-4.061010693945077,-2.425551143053245,148.97697210190148,Before Launch
1035,2025-03-22 12:34:18,45.298,-0.8038058,-0.437,22.102,0.0,0.0,-4.064778393792717,-2.4873241111257305,148.84364602901286,Before Launch
1036,2025-03-22 12:34:18,45.343,-0.45275592000000003,0.22,22.094,0.0,0.0,-4.062277301663523,-2.5072879974044557,148.81365973676122,Before Launch
1037,2025-03-22 12:34:18,45.386,1.0990814,1.751,22.077,0.0,0.0,-4.08075099337191,-2.5024015697774793,148.84279141176575,Before Launch
1038,2025-03-22 12:34:18,45.429,-0.8038058,-0.773,22.102,0.0,0.0,-4.049401006134412,-2.517235226505985,148.81603534269954,Before Launch
1039,2025-03-22 12:34:18,45.472,-0.32808400000000004,0.546,22.099,0.0,0.0,-4.065158152889655,-2.5015414936951363,148.76134949956526,Before Launch
1040,2025-03-22 12:34:19,45.514,0.76443572,3.123,22.099,0.0,0.0,-4.066295916942984,-2.5148524364381584,148.77021622612375,Before Launch
1041,2025-03-22 12:34:19,45.558,-0.69225724,0.439,22.092,0.0,0.0,-4.095940114532943,-2.484996527454926,148.77179647101852,Before Launch
1042,2025-03-22 12:34:19,45.604,-0.32808400000000004,1.563,22.099,0.0,0.0,-4.113798021480006,-2.495018458402599,148.78169263239468,Before Launch
1043,2025-03-22 12:34:19,45.648,-1.05643048,0.0,22.099,0.0,0.0,-4.075513128427791,-2.4836215357946503,148.77246350527324,Before Launch
1044,2025-03-22 12:34:19,45.691,0.40026248,1.338,22.099,0.0,0.0,-4.072346362292879,-2.4823659809882925,148.7555843224762,Before Launch
1045,2025-03-22 12:34:19,45.734,0.036089239999999995,1.214,22.099,0.0,0.0,-4.115960547944883,-2.4886591157905675,148.75742918140602,Before Launch
1046,2025-03-22 12:34:19,45.776,0.29199475999999996,1.561,22.109,0.0,0.0,-4.106428084912272,-2.4820504517486066,148.76609976894275,Before Launch
1047,2025-03-22 12:34:19,45.819,0.27559056000000004,0.777,22.097,0.0,0.0,-4.107709931578921,-2.474079852000981,148.77365696850723,Before Launch
1048,2025-03-22 12:34:19,45.861,0.6397638,0.778,22.094,0.0,0.0,-4.0953345901225955,-2.500542545547126,148.78651533337808,Before Launch
1049,2025-03-22 12:34:19,45.904,1.12860896,2.008,22.099,0.0,0.0,-4.088876862678438,-2.488308338108095,148.78232531053936,Before Launch
1050,2025-03-22 12:34:19,45.948,0.65288716,1.015,22.102,0.0,0.0,-4.110694531047541,-2.4861687294470314,148.80848715989106,Before Launch
1051,2025-03-22 12:34:19,45.994,0.15748032,0.111,22.097,0.0,0.0,-4.121858600624562,-2.4942908516776177,148.78969660115823,Before Launch
1052,2025-03-22 12:34:19,46.037,-1.53215228,-0.773,22.102,0.0,0.0,-4.112661080957095,-2.4891804811545652,148.7405745854331,Before Launch
1053,2025-03-22 12:34:19,46.081,1.25000004,1.568,22.097,0.0,0.0,-4.095409360512945,-2.5184021305248425,148.5011086377293,Before Launch
1054,2025-03-22 12:34:19,46.125,-0.20669292,-0.121,22.097,0.0,0.0,-4.113261936879828,-2.522495333635054,148.41621832586333,Before Launch
1055,2025-03-22 12:34:19,46.17,-0.80052496,-1.77,22.109,0.0,0.0,-4.076195689565156,-2.5192874906861324,148.32035700465778,Before Launch
1056,2025-03-22 12:34:19,46.214,0.2624672,2.091,22.087,0.0,0.0,-4.082250741689981,-2.530711575011489,148.2432320227989,Before Launch
1057,2025-03-22 12:34:19,46.256,-0.9350394,-0.557,22.097,0.0,0.0,-4.09529960055889,-2.548311640133636,148.20955524807013,Before Launch
1058,2025-03-22 12:34:19,46.298,0.17060367999999998,1.016,22.104,0.0,0.0,-4.096800976878913,-2.573467786895365,148.21983960211784,Before Launch
1059,2025-03-22 12:34:19,46.341,-0.69225724,0.557,22.097,0.0,0.0,-4.072679733048581,-2.4983673470927448,148.45861994520274,Before Launch
1060,2025-03-22 12:34:19,46.383,-0.07545932,0.671,22.102,0.0,0.0,-4.078807192021754,-2.4633038475811726,148.51646139761124,Before Launch
1061,2025-03-22 12:34:19,46.425,-0.32808400000000004,0.115,22.099,0.0,0.0,-4.081814769153044,-2.506338369534377,148.57661141558395,Before Launch
1062,2025-03-22 12:34:19,46.469,0.27559056000000004,-0.76,22.094,0.0,0.0,-4.077095117735034,-2.477767991368143,148.60462765013023,Before Launch
1063,2025-03-22 12:34:20,46.512,-0.9350394,-0.121,22.097,0.0,0.0,-4.075905295598893,-2.4827802231022726,148.62656499179036,Before Launch
1064,2025-03-22 12:34:20,46.555,-0.07545932,0.233,22.102,0.0,0.0,-4.066322692276297,-2.487576958794616,148.64622471253574,Before Launch
1065,2025-03-22 12:34:20,46.598,-0.57086616,-1.232,22.097,0.0,0.0,-4.113541320823225,-2.4802568817902166,148.702175914273,Before Launch
1066,2025-03-22 12:34:20,46.64,0.036089239999999995,0.673,22.099,0.0,0.0,-4.104900996305648,-2.483098812472784,148.7318106258547,Before Launch
1067,2025-03-22 12:34:20,46.684,-1.04330712,-0.662,22.107,0.0,0.0,-4.083126332399617,-2.476826505320438,148.79660511317184,Before Launch
1068,2025-03-22 12:34:20,46.726,0.2624672,1.223,22.087,0.0,0.0,-4.07267467808162,-2.475924126755925,148.81377995472155,Before Launch
1069,2025-03-22 12:34:20,46.771,-1.2860892800000001,-1.561,22.104,0.0,0.0,-4.072323238198858,-2.4654243462977865,148.7948547992689,Before Launch
1070,2025-03-22 12:34:20,46.814,-0.8038058,-0.778,22.102,0.0,0.0,-4.076736625162106,-2.4606253234075592,148.71240434443362,Before Launch
1071,2025-03-22 12:34:20,46.862,0.53477692,0.224,22.099,0.0,0.0,-4.0719209265175165,-2.4691604415030386,148.46627588862907,Before Launch
1072,2025-03-22 12:34:20,46.906,-1.8963255199999998,-1.998,22.102,0.0,0.0,-4.047365883274208,-2.4627591168182286,148.3721979573331,Before Launch
1073,2025-03-22 12:34:20,46.95,-0.20669292,-0.777,22.097,0.0,0.0,-4.028592045250934,-2.4746795240574078,148.15788838490494,Before Launch
1074,2025-03-22 12:34:20,46.993,-0.8038058,-1.774,22.102,0.0,0.0,-4.033409079955178,-2.511018362954559,148.09166859262834,Before Launch
1075,2025-03-22 12:34:20,47.038,-0.33136484,-0.903,22.092,0.0,0.0,-4.043950373769464,-2.521094035413127,148.08368649684058,Before Launch
1076,2025-03-22 12:34:20,47.081,-0.69225724,-0.782,22.099,0.0,0.0,-4.047498037632313,-2.5240337630682177,148.09279040357148,Before Launch
1077,2025-03-22 12:34:20,47.124,0.17060367999999998,1.566,22.104,0.0,0.0,-4.052227992208095,-2.5237918632757124,148.1213328651325,Before Launch
1078,2025-03-22 12:34:20,47.166,0.15748032,-1.007,22.099,0.0,0.0,-4.064051340148027,-2.510131328757537,148.13346183104176,Before Launch
1079,2025-03-22 12:34:20,47.21,0.52165356,0.671,22.097,0.0,0.0,-4.03673774722873,-2.5170155373387684,148.13394884418722,Before Launch
1080,2025-03-22 12:34:20,47.252,-0.19356956,0.561,22.104,0.0,0.0,-4.021206291578243,-2.5426516706349567,148.12650868064935,Before Launch
1081,2025-03-22 12:34:20,47.295,0.17060367999999998,-0.085,22.104,0.0,0.0,-4.032235661695942,-2.5220505975218184,148.3414046206294,Before Launch
1082,2025-03-22 12:34:20,47.338,0.65288716,1.468,22.102,0.0,0.0,-4.053095586116253,-2.524998406285829,148.44046383597498,Before Launch
1083,2025-03-22 12:34:20,47.382,-0.19356956,-0.336,22.104,0.0,0.0,-4.0808335006568095,-2.5224365381977494,148.55219608675287,Before Launch
1084,2025-03-22 12:34:20,47.426,-0.32808400000000004,0.336,22.099,0.0,0.0,-4.08506458366769,-2.5173004335345013,148.5882153918407,Before Launch
1085,2025-03-22 12:34:20,47.479,-0.07545932,0.0,22.102,0.0,0.0,-4.088891222314193,-2.4863666380990055,148.59657060692027,Before Launch
1086,2025-03-22 12:34:21,47.527,0.40026248,0.661,22.099,0.0,0.0,-4.065783143739023,-2.47029718724926,148.58960548832064,Before Launch
1087,2025-03-22 12:34:21,47.573,-0.92191604,-1.085,22.104,0.0,0.0,-4.039788865370808,-2.462663921095118,148.57691246002727,Before Launch
1088,2025-03-22 12:34:21,47.619,0.036089239999999995,0.877,22.099,0.0,0.0,-4.072037274038625,-2.4636268433159074,148.63015087132177,Before Launch
1089,2025-03-22 12:34:21,47.663,-0.8038058,-0.657,22.102,0.0,0.0,-4.065211469420346,-2.4599424474968554,148.64689004003304,Before Launch
1090,2025-03-22 12:34:21,47.707,-1.1811023999999999,-0.55,22.102,0.0,0.0,-4.082678489471358,-2.466751910662878,148.65997618304272,Before Launch
1091,2025-03-22 12:34:21,47.755,1.35498692,1.183,22.097,0.0,0.0,-4.101124605963726,-2.4982740766007265,148.6737192321297,Before Launch
1092,2025-03-22 12:34:21,47.816,-0.8038058,0.212,22.102,0.0,0.0,-4.096181443114461,-2.504790779842769,148.66062836300924,Before Launch
1093,2025-03-22 12:34:21,47.86,0.52165356,0.229,22.097,0.0,0.0,-4.135569346231627,-2.4958553802092602,148.64290265576065,Before Launch
1094,2025-03-22 12:34:21,47.903,-0.57086616,0.632,22.097,0.0,0.0,-4.135777883547209,-2.4834985716495006,148.64678910748293,Before Launch
1095,2025-03-22 12:34:21,47.948,-0.33136484,0.417,22.092,0.0,0.0,-4.139089348717406,-2.509957182266203,148.6259033413235,Before Launch
1096,2025-03-22 12:34:21,47.997,-0.69225724,-1.081,22.089,0.0,0.0,-4.14348550030147,-2.5183204002722714,148.58199525562026,Before Launch
1097,2025-03-22 12:34:21,48.051,-0.69225724,1.052,22.099,0.0,0.0,-4.123916605407421,-2.506364302807674,148.58338035037684,Before Launch
1098,2025-03-22 12:34:21,48.095,-0.20669292,0.0,22.097,0.0,0.0,-4.143330449593225,-2.4778971130790626,148.572924189348,Before Launch
1099,2025-03-22 12:34:21,48.145,0.15748032,0.834,22.097,0.0,0.0,-4.148814130589462,-2.508693404879902,148.62415562303522,Before Launch
1100,2025-03-22 12:34:21,48.202,-0.08858268,0.209,22.094,0.0,0.0,-4.125162386403179,-2.497561791499901,148.67993407041314,Before Launch
1101,2025-03-22 12:34:21,48.25,0.036089239999999995,0.623,22.102,0.0,0.0,-4.123122102362986,-2.4818020453247596,148.7534437969492,Before Launch
1102,2025-03-22 12:34:21,48.297,-0.69225724,-0.736,22.099,0.0,0.0,-4.122308746286179,-2.4770386466350844,148.77403871380997,Before Launch
1103,2025-03-22 12:34:21,48.34,0.036089239999999995,-0.103,22.094,0.0,0.0,-4.112679674816608,-2.4425840064185143,148.8633380558553,Before Launch
1104,2025-03-22 12:34:21,48.383,0.036089239999999995,-0.414,22.099,0.0,0.0,-4.124466585182627,-2.4428478655676487,148.88587940615852,Before Launch
1105,2025-03-22 12:34:21,48.439,0.0328084,0.191,22.104,0.0,0.0,-4.128619861033882,-2.4825388146481058,148.8380035611575,Before Launch
1106,2025-03-22 12:34:21,48.482,-0.43963256,-0.514,22.092,0.0,0.0,-4.108011254332382,-2.498383454533415,148.6647282015903,Before Launch
1107,2025-03-22 12:34:22,48.531,0.40026248,-0.212,22.099,0.0,0.0,-4.096386619618658,-2.4688673354567006,148.59733704582374,Before Launch
1108,2025-03-22 12:34:22,48.59,0.27559056000000004,0.388,22.094,0.0,0.0,-4.090281035346812,-2.495584862616774,148.57550503043797,Before Launch
1109,2025-03-22 12:34:22,48.634,0.52165356,0.703,22.097,0.0,0.0,-4.084371956073165,-2.4656734956946758,148.52386135506987,Before Launch
1110,2025-03-22 12:34:22,48.679,0.27559056000000004,0.293,22.094,0.0,0.0,-4.0809109425685595,-2.456626059532468,148.48441452028757,Before Launch
1111,2025-03-22 12:34:22,48.722,0.036089239999999995,-0.305,22.099,0.0,0.0,-4.070194870767018,-2.5258796324942576,148.28212703750194,Before Launch
1112,2025-03-22 12:34:22,48.765,-0.32808400000000004,0.498,22.099,0.0,0.0,-4.072712673989561,-2.55040748343123,148.22221703138362,Before Launch
1113,2025-03-22 12:34:22,48.809,1.12532812,0.915,22.092,0.0,0.0,-4.063327014214974,-2.5621562819821673,148.13927845568173,Before Launch
1114,2025-03-22 12:34:22,48.852,0.15748032,0.808,22.097,0.0,0.0,-4.06773305698071,-2.550130515872585,148.1165742950486,Before Launch
1115,2025-03-22 12:34:22,48.895,0.52165356,1.433,22.097,0.0,0.0,-4.040153955191275,-2.5180532454532005,148.14525703531817,Before Launch
1116,2025-03-22 12:34:22,48.938,-0.32808400000000004,-1.423,22.099,0.0,0.0,-4.037415692438646,-2.5182298651561377,148.15839358125154,Before Launch
1117,2025-03-22 12:34:22,48.981,1.11220476,1.645,22.102,0.0,0.0,-4.026236273877412,-2.498262177009266,148.1776231141542,Before Launch
1118,2025-03-22 12:34:22,49.023,-0.19356956,-0.615,22.104,0.0,0.0,-4.030414736309451,-2.51686798061259,148.21843860948482,Before Launch
1119,2025-03-22 12:34:22,49.065,-1.1811023999999999,-0.525,22.094,0.0,0.0,-4.066004060872823,-2.550656232249375,148.2568008641459,Before Launch
1120,2025-03-22 12:34:22,49.108,-0.19356956,0.119,22.104,0.0,0.0,-4.082616598175203,-2.53830370423084,148.24681969223462,Before Launch
1121,2025-03-22 12:34:22,49.15,-0.20669292,0.421,22.097,0.0,0.0,-4.062056098773057,-2.509717193231212,148.21891941701284,Before Launch
1122,2025-03-22 12:34:22,49.193,-1.7716536,-0.945,22.107,0.0,0.0,-4.077720111528109,-2.5374266987565575,148.21196940688503,Before Launch
1123,2025-03-22 12:34:22,49.237,-0.67913388,-0.414,22.107,0.0,0.0,-4.039754135482448,-2.497681553717844,148.09133354335924,Before Launch
1124,2025-03-22 12:34:22,49.28,0.15748032,0.0,22.097,0.0,0.0,-4.030204760363463,-2.502427160725696,148.02964741102227,Before Launch
1125,2025-03-22 12:34:22,49.323,-0.20669292,-0.105,22.097,0.0,0.0,-4.0158549369755745,-2.541718225752114,147.82625902426747,Before Launch
1126,2025-03-22 12:34:22,49.366,0.28871391999999996,0.226,22.102,0.0,0.0,-4.004314969767226,-2.5605965102675445,147.77387196774595,Before Launch
1127,2025-03-22 12:34:22,49.41,-0.31496064,0.339,22.107,0.0,0.0,-4.035855728492438,-2.52486010760345,147.9380850074635,Before Launch
1128,2025-03-22 12:34:22,49.453,-0.43963256,-0.427,22.097,0.0,0.0,-4.052479790088212,-2.54851817898735,148.05002021224115,Before Launch
1129,2025-03-22 12:34:23,49.505,-0.20669292,-0.216,22.097,0.0,0.0,-4.043833784894384,-2.525637491145332,148.2449881843952,Before Launch
1130,2025-03-22 12:34:23,49.548,-0.10170604,-0.121,22.094,0.0,0.0,-4.0877795266197055,-2.4983288420411913,148.66550056171204,Before Launch
1131,2025-03-22 12:34:23,49.603,0.29199475999999996,0.653,22.109,0.0,0.0,-4.087535485768293,-2.489266696175817,148.86169267199537,Before Launch
1132,2025-03-22 12:34:23,49.65,-0.20669292,-0.542,22.097,0.0,0.0,-4.0971362368284625,-2.50465811032771,148.9733512179634,Before Launch
1133,2025-03-22 12:34:23,49.698,-0.43963256,-0.646,22.102,0.0,0.0,-4.093903008891604,-2.4586981290646914,148.9204003708192,Before Launch
1134,2025-03-22 12:34:23,49.743,-0.20669292,-0.657,22.097,0.0,0.0,-4.085744905116561,-2.467470934874378,148.85886657060033,Before Launch
1135,2025-03-22 12:34:23,49.787,-1.1679790399999999,-1.303,22.102,0.0,0.0,-4.069055172596515,-2.461776736429633,148.83422098519517,Before Launch
1136,2025-03-22 12:34:23,49.829,-0.81692916,-0.771,22.094,0.0,0.0,-4.108344569222628,-2.468074522575898,148.79582963584906,Before Launch
1137,2025-03-22 12:34:23,49.873,-1.4074803599999999,-0.974,22.107,0.0,0.0,-4.10531932187789,-2.469608146610746,148.78765922556562,Before Launch
1138,2025-03-22 12:34:23,49.915,1.0170604,-0.098,22.102,0.0,0.0,-4.089444702902139,-2.4748592592476073,148.71680576699782,Before Launch
1139,2025-03-22 12:34:23,49.959,-0.45275592000000003,-0.551,22.094,0.0,0.0,-4.096817783403905,-2.47655626846814,148.60003939859442,Before Launch
1140,2025-03-22 12:34:23,50.002,0.17060367999999998,-0.317,22.104,0.0,0.0,-4.077161519627162,-2.509748159029429,148.51122655516374,Before Launch
1141,2025-03-22 12:34:23,50.045,-0.20669292,0.11,22.097,0.0,0.0,-4.057784960591262,-2.5227029116452937,148.4508665716464,Before Launch
1142,2025-03-22 12:34:23,50.087,-0.20669292,-1.192,22.097,0.0,0.0,-4.042493653349481,-2.5277818876500997,148.30917363475,Before Launch
1143,2025-03-22 12:34:23,50.13,-0.43963256,-0.222,22.102,0.0,0.0,-4.047605875758493,-2.5448752442997558,148.2951464218634,Before Launch
1144,2025-03-22 12:34:23,50.172,-0.81692916,0.329,22.094,0.0,0.0,-4.0691489984635085,-2.542428348645567,148.2708112575838,Before Launch
1145,2025-03-22 12:34:23,50.215,-0.8038058,-0.551,22.102,0.0,0.0,-4.085128025244051,-2.546597886360957,148.26178870555194,Before Launch
1146,2025-03-22 12:34:23,50.257,-0.57086616,-0.329,22.097,0.0,0.0,-4.075187866818624,-2.5162222555187803,148.27952486414384,Before Launch
1147,2025-03-22 12:34:23,50.3,0.76443572,2.291,22.099,0.0,0.0,-4.0457463458952985,-2.5223929446003726,148.2727006076856,Before Launch
