n,Datetime (UTC),Timestamp (s),Altitude (ft),Velocity (ft/s),Temperature (C),Longitude,Latitude,Roll (°),Pitch (°),Yaw (°),Flag
0,2025-05-04 12:07:26,0.004,-0.5839895199999999,,21.912,-1,-1,0.0,0.0,0.0,Before Launch
1,2025-05-04 12:07:26,0.046,-0.07217847999999999,,21.917,-1,-1,0.0,0.0,0.0,Before Launch
2,2025-05-04 12:07:26,0.089,0.30183728,,21.917,-1,-1,0.0,0.0,0.0,Before Launch
3,2025-05-04 12:07:26,0.132,0.41338584,,21.915,-1,-1,0.0,0.0,0.0,Before Launch
4,2025-05-04 12:07:26,0.174,0.00984252,,21.9,-1,-1,0.0,0.0,0.0,Before Launch
5,2025-05-04 12:07:26,0.216,-0.19028872,,21.92,-1,-1,0.0,0.0,0.0,Before Launch
6,2025-05-04 12:07:26,0.259,0.14107612,,21.915,-1,-1,0.0,0.0,0.0,Before Launch
7,2025-05-04 12:07:26,0.301,-0.23293963999999998,,21.905,-1,-1,0.0,0.0,0.0,Before Launch
8,2025-05-04 12:07:26,0.344,0.03937008,,21.915,-1,-1,0.0,0.0,0.0,Before Launch
9,2025-05-04 12:07:26,0.386,-1.3287402000000001,,21.915,-1,-1,0.0,0.0,0.0,Before Launch
10,2025-05-04 12:07:26,0.429,0.40026248,,21.907,-1,-1,0.0,0.0,0.0,Before Launch
11,2025-05-04 12:07:26,0.471,0.03937008,,21.915,-1,-1,0.0,0.0,0.0,Before Launch
12,2025-05-04 12:07:26,0.514,2.46063,,21.887,-1,-1,0.0,0.0,0.0,Before Launch
13,2025-05-04 12:07:26,0.556,-0.7053806,,21.915,-1,-1,0.0,0.0,0.0,Before Launch
14,2025-05-04 12:07:26,0.599,-0.7053806,,21.915,-1,-1,0.0,0.0,0.0,Before Launch
15,2025-05-04 12:07:26,0.641,-0.81364832,,21.917,-1,-1,0.0,0.0,0.0,Before Launch
16,2025-05-04 12:07:26,0.684,0.12795276,,21.897,-1,-1,0.0,0.0,0.0,Before Launch
17,2025-05-04 12:07:26,0.727,-0.7053806,,21.915,-1,-1,0.0,0.0,0.0,Before Launch
18,2025-05-04 12:07:27,0.769,-0.07217847999999999,,21.917,-1,-1,0.0,0.0,0.0,Before Launch
19,2025-05-04 12:07:27,0.812,-1.3287402000000001,,21.912,-1,-1,0.0,0.0,0.0,Before Launch
20,2025-05-04 12:07:27,0.854,-1.30577432,,21.92,-1,-1,0.0,0.0,0.0,Before Launch
21,2025-05-04 12:07:27,0.896,-0.20997376,,21.912,-86.61431616666667,34.763765166666666,0.0,0.0,0.0,Before Launch
22,2025-05-04 12:07:27,0.939,-1.3287402000000001,,21.91,-86.61431616666667,34.763765166666666,0.0,0.0,0.0,Before Launch
23,2025-05-04 12:07:27,0.981,0.65288716,,21.91,-86.61431616666667,34.763765166666666,0.0,0.0,0.0,Before Launch
24,2025-05-04 12:07:27,1.024,-0.5839895199999999,,21.912,-86.61431616666667,34.763765166666666,32.465748581918625,-32.924858547238436,33.32192965940139,Before Launch
25,2025-05-04 12:07:27,1.069,-0.33136484,0.237,21.915,-86.61431616666667,34.763765166666666,40.6090149115124,-40.92503931016461,41.075289670218154,Before Launch
26,2025-05-04 12:07:27,1.114,-0.07217847999999999,0.0,21.917,-86.61431616666667,34.763765166666666,41.92465273401959,-42.337445911225124,42.41700490137155,Before Launch
27,2025-05-04 12:07:27,1.157,0.3608924,0.055,21.892,-86.61431616666667,34.763765166666666,28.468757577207498,-15.880617298498207,4.307272027278975,Before Launch
28,2025-05-04 12:07:27,1.199,-0.9350394,-1.264,21.92,-86.61431616666667,34.763765166666666,24.895326744781492,-8.564186271406154,-5.700884193321026,Before Launch
29,2025-05-04 12:07:27,1.241,-1.9520997999999998,-1.839,21.91,-86.61431616666667,34.763765166666666,20.1736519361227,0.16955597671894562,-17.937327097923372,Before Launch
30,2025-05-04 12:07:27,1.284,2.18832028,2.227,21.877,-86.61431616666667,34.763765166666666,18.75345290739619,2.674147171628191,-21.398250199609954,Before Launch
31,2025-05-04 12:07:27,1.327,-1.5583989999999999,-1.591,21.917,-86.61431616666667,34.763765166666666,17.022498635184043,5.76268640181218,-25.572125578057687,Before Launch
32,2025-05-04 12:07:27,1.369,-0.09186352,0.132,21.91,-86.61431616666667,34.763765166666666,16.417208401869317,6.7975480367126515,-27.1674477185566,Before Launch
33,2025-05-04 12:07:27,1.412,-1.30577432,-1.259,21.897,-86.61431616666667,34.763765166666666,15.782997783870643,8.225191549140328,-29.708474798205472,Before Launch
34,2025-05-04 12:07:27,1.455,-1.92913392,-0.562,21.917,-86.61431616666667,34.763765166666666,15.603781722816603,8.705802787526725,-30.587341259341567,Before Launch
35,2025-05-04 12:07:27,1.497,-1.92913392,-2.181,21.917,-86.61431616666667,34.763765166666666,15.28609254841346,9.340140752618629,-32.0439824224607,Before Launch
36,2025-05-04 12:07:27,1.539,-1.18766408,-1.149,21.9,-86.61431616666667,34.763765166666666,15.192775527583173,9.589388876229041,-32.6782156402701,Before Launch
37,2025-05-04 12:07:27,1.582,-0.9547244399999999,-3.198,21.912,-86.61431616666667,34.763765166666666,14.942227471860644,10.012962382322083,-33.948675236967674,Before Launch
38,2025-05-04 12:07:27,1.624,-0.7053806,0.0,21.915,-86.61431616666667,34.763765166666666,14.794264022809719,10.183071731977947,-34.35257845609065,Before Launch
39,2025-05-04 12:07:27,1.667,-1.30577432,-0.562,21.92,-86.61431616666667,34.763765166666666,14.604803926599306,10.425778782055652,-34.80047726709193,Before Launch
40,2025-05-04 12:07:27,1.709,-0.410105,0.378,21.932,-86.61431616666667,34.763765166666666,14.607858547729615,10.485992158817206,-34.96936401645944,Before Launch
41,2025-05-04 12:07:27,1.751,-1.67979008,-1.694,21.92,-86.61431616666667,34.763765166666666,14.709529925117922,10.467330888619326,-35.13642159546992,Before Launch
42,2025-05-04 12:07:28,1.794,-0.6824147199999999,0.022,21.922,-86.61431616666667,34.763765166666666,14.743700904084243,10.467146649706123,-35.13509513903648,Before Launch
43,2025-05-04 12:07:28,1.836,-0.81364832,-0.695,21.917,-86.61431616666667,34.763765166666666,14.885889127006042,10.435182312966484,-35.09514250725226,Before Launch
44,2025-05-04 12:07:28,1.879,-1.30577432,0.022,21.92,-86.61431616666667,34.763765166666666,14.94707849145951,10.430844057107032,-35.07934971056467,Before Launch
45,2025-05-04 12:07:28,1.921,0.30183728,1.507,21.917,-86.61431566666667,34.76376283333333,15.154170275151936,10.422196906887091,-34.9256352354434,Before Launch
46,2025-05-04 12:07:28,1.963,-0.46259843999999994,-0.237,21.86,-86.61431566666667,34.76376283333333,15.166282423462505,10.395643118809819,-34.84540364167351,Before Launch
47,2025-05-04 12:07:28,2.006,0.1804462,1.414,21.92,-86.61431566666667,34.76376283333333,15.263808693426823,10.33552282577919,-34.641916973125596,Before Launch
48,2025-05-04 12:07:28,2.049,0.30183728,-0.329,21.917,-86.61431566666667,34.76376283333333,15.309325509707252,10.287524647349612,-34.44492315432242,Before Launch
49,2025-05-04 12:07:28,2.091,0.28215224,0.812,21.925,-86.61431566666667,34.76376283333333,15.205736125873608,10.254063806069714,-33.92007142301411,Before Launch
50,2025-05-04 12:07:28,2.134,0.20013124,0.499,21.927,-86.61431566666667,34.76376283333333,15.015056419274204,10.265273733067197,-33.75501224512483,Before Launch
51,2025-05-04 12:07:28,2.176,0.8038058,0.825,21.922,-86.61431566666667,34.76376283333333,15.253837367675802,10.337387047159014,-33.555762488568156,Before Launch
52,2025-05-04 12:07:28,2.219,-0.6824147199999999,-0.982,21.922,-86.61431566666667,34.76376283333333,15.355490151388347,10.136810200123634,-33.11846234442339,Before Launch
53,2025-05-04 12:07:28,2.261,-0.91535436,0.019,21.927,-86.61431566666667,34.76376283333333,14.919730390281456,9.858984622380179,-33.08884097225656,Before Launch
54,2025-05-04 12:07:28,2.304,-0.8038058,1.08,21.925,-86.61431566666667,34.76376283333333,14.71717418787667,9.778791252461973,-33.29786243170263,Before Launch
55,2025-05-04 12:07:28,2.354,0.43307088,-1.64,21.929,-86.61431566666667,34.76376283333333,14.409784798788074,9.58845929005302,-33.70700391914814,Before Launch
56,2025-05-04 12:07:28,2.4,0.75131236,2.153,21.9,-86.61431566666667,34.76376283333333,13.99622198450372,9.563717549027682,-34.4804956209879,Before Launch
57,2025-05-04 12:07:28,2.443,1.17454072,1.179,21.922,-86.61431566666667,34.76376283333333,13.794000170681036,9.48291435357469,-34.85912443773615,Before Launch
58,2025-05-04 12:07:28,2.486,1.37467196,2.496,21.89,-86.61431566666667,34.76376283333333,13.3954707835226,9.369846372598884,-35.04250932793759,Before Launch
59,2025-05-04 12:07:28,2.528,-0.6824147199999999,1.162,21.922,-86.61431566666667,34.76376283333333,13.33424515444226,9.412071179822547,-35.055321196700184,Before Launch
60,2025-05-04 12:07:28,2.571,-0.6824147199999999,1.161,21.922,-86.61431566666667,34.76376283333333,13.192775196225067,9.412856146710855,-35.229347905120946,Before Launch
61,2025-05-04 12:07:28,2.615,3.6253282,4.473,21.895,-86.61431566666667,34.76376283333333,12.970968205801547,9.310309326384337,-35.309773073318034,Before Launch
62,2025-05-04 12:07:28,2.658,0.3116798,1.177,21.925,-86.61431566666667,34.76376283333333,12.674555320498321,9.153272506056929,-35.486397821043944,Before Launch
63,2025-05-04 12:07:28,2.7,-0.19028872,0.479,21.92,-86.61431566666667,34.76376283333333,12.469971868268859,9.095830387390624,-35.514085507782376,Before Launch
64,2025-05-04 12:07:28,2.744,1.25656172,2.379,21.905,-86.61431566666667,34.76376283333333,11.212857986501506,9.276401746273097,-35.99350896433965,Before Launch
65,2025-05-04 12:07:29,2.786,0.20013124,0.567,21.927,-86.61431566666667,34.76376283333333,10.615642814335278,9.70338107180993,-36.373682607345565,Before Launch
66,2025-05-04 12:07:29,2.828,0.3116798,1.849,21.925,-86.61431566666667,34.76376283333333,10.954133071950912,10.634345682296212,-36.0595873401114,Before Launch
67,2025-05-04 12:07:29,2.872,0.75131236,1.33,21.9,-86.61431566666667,34.76376283333333,11.714774338261371,10.943621544679342,-36.149382329291825,Before Launch
68,2025-05-04 12:07:29,2.914,0.059055119999999996,0.81,21.922,-86.61431633333333,34.76376066666667,12.894779595143419,11.578346288395355,-37.63750570645041,Before Launch
69,2025-05-04 12:07:29,2.956,-0.17060367999999998,1.054,21.927,-86.61431633333333,34.76376066666667,13.999809606760273,13.919497070659347,-43.21152190309292,Before Launch
70,2025-05-04 12:07:29,3.008,-0.5839895199999999,-0.815,21.912,-86.61431633333333,34.76376066666667,14.443770681320775,15.58403167519657,-46.32255577365539,Before Launch
71,2025-05-04 12:07:29,3.053,-0.059055119999999996,0.37,21.925,-86.61431633333333,34.76376066666667,15.168528651477715,18.742615053110086,-52.74898413167708,Before Launch
72,2025-05-04 12:07:29,3.096,-0.91535436,-1.005,21.927,-86.61431633333333,34.76376066666667,15.144036234577868,19.842993728914767,-55.042602239335615,Before Launch
73,2025-05-04 12:07:29,3.14,-0.5446194400000001,-0.776,21.927,-86.61431633333333,34.76376066666667,16.57203239123312,20.914995918697848,-54.88864512756836,Before Launch
74,2025-05-04 12:07:29,3.182,0.059055119999999996,-0.204,21.922,-86.61431633333333,34.76376066666667,16.845134429312754,21.261792359522374,-54.53801926918114,Before Launch
75,2025-05-04 12:07:29,3.226,1.98818904,1.637,21.917,-86.61431633333333,34.76376066666667,16.623878317643484,21.885656524743847,-53.54584286128192,Before Launch
76,2025-05-04 12:07:29,3.268,0.20013124,-0.553,21.927,-86.61431633333333,34.76376066666667,16.334566038063517,21.672362555220356,-52.70454031494732,Before Launch
77,2025-05-04 12:07:29,3.311,0.9251968799999999,1.472,21.92,-86.61431633333333,34.76376066666667,15.27737312133203,21.609207741601207,-51.20685857954003,Before Launch
78,2025-05-04 12:07:29,3.353,2.46063,3.092,21.915,-86.61431633333333,34.76376066666667,14.758806219734812,22.02375911598072,-50.745573164193026,Before Launch
79,2025-05-04 12:07:29,3.395,0.78412076,1.455,21.915,-86.61431633333333,34.76376066666667,14.968121260707376,22.994817826721853,-49.504574285069246,Before Launch
80,2025-05-04 12:07:29,3.438,1.64698168,1.12,21.912,-86.61431633333333,34.76376066666667,15.388635306965519,23.024504343229324,-49.26312958215523,Before Launch
81,2025-05-04 12:07:29,3.481,2.9855644,2.067,21.9,-86.61431633333333,34.76376066666667,15.949005504159308,23.59552416235725,-48.866627482027,Before Launch
82,2025-05-04 12:07:29,3.523,2.26049876,1.006,21.907,-86.61431633333333,34.76376066666667,16.09928092019099,24.343492104724913,-48.93523423601464,Before Launch
83,2025-05-04 12:07:29,3.566,2.51312344,1.054,21.91,-86.61431633333333,34.76376066666667,16.29493347661467,25.645422601616843,-50.08140388599555,Before Launch
84,2025-05-04 12:07:29,3.608,1.51574808,2.035,21.907,-86.61431633333333,34.76376066666667,16.503554203837524,26.266282602987893,-51.08294875752241,Before Launch
85,2025-05-04 12:07:29,3.651,3.1167979999999997,3.518,21.905,-86.61431633333333,34.76376066666667,16.621951836558168,26.367821314221334,-53.66178027655147,Before Launch
86,2025-05-04 12:07:29,3.694,2.88385836,-0.687,21.91,-86.61431633333333,34.76376066666667,16.03266298214282,26.11105723974194,-55.95650679375772,Before Launch
87,2025-05-04 12:07:29,3.736,2.39173236,1.93,21.912,-86.61431633333333,34.76376066666667,11.566726766433542,24.76032689544546,-63.504596392743885,Before Launch
88,2025-05-04 12:07:30,3.778,3.13648304,3.086,21.912,-86.61431633333333,34.76376066666667,10.07555172736431,23.547279624891214,-66.27155291493617,Before Launch
89,2025-05-04 12:07:30,3.821,3.84842532,2.407,21.897,-86.61431633333333,34.76376066666667,7.505289563790252,20.4476490794008,-70.41770684889605,Before Launch
90,2025-05-04 12:07:30,3.864,3.88123372,3.415,21.912,-86.61431633333333,34.76376066666667,7.175038191362697,19.80922012592377,-72.05181135610388,Before Launch
91,2025-05-04 12:07:30,3.908,2.74278224,2.251,21.905,-86.6143145,34.7637595,6.660229133044941,17.359486930017898,-73.58022332110563,Before Launch
92,2025-05-04 12:07:30,3.95,2.8543308,1.951,21.895,-86.6143145,34.7637595,6.576843956790569,16.150729339032285,-73.49940338897805,Before Launch
93,2025-05-04 12:07:30,3.993,2.13910768,1.928,21.91,-86.6143145,34.7637595,6.898990899719296,14.110372151723563,-72.86830792848315,Before Launch
94,2025-05-04 12:07:30,4.036,2.74278224,2.698,21.905,-86.6143145,34.7637595,7.112061451996986,13.006298371090006,-70.167411886556,Before Launch
95,2025-05-04 12:07:30,4.079,2.2408137200000002,2.638,21.9,-86.6143145,34.7637595,7.540633949107498,11.437498273248078,-63.110661862648605,Before Launch
96,2025-05-04 12:07:30,4.121,3.22506572,3.075,21.895,-86.6143145,34.7637595,7.514338288052145,10.873010132800674,-60.4787996336281,Before Launch
97,2025-05-04 12:07:30,4.164,4.21916024,4.808,21.897,-86.6143145,34.7637595,8.245515502836378,9.654965435529206,-54.80872140061678,Before Launch
98,2025-05-04 12:07:30,4.206,2.10958012,2.49,21.895,-86.6143145,34.7637595,9.486392565292682,9.12307439577755,-49.766000700166806,Before Launch
99,2025-05-04 12:07:30,4.249,3.7270342399999996,3.438,21.9,-86.6143145,34.7637595,11.066776466014604,8.356565986499954,-42.0871359817052,Before Launch
100,2025-05-04 12:07:30,4.291,2.61154864,0.585,21.9,-86.6143145,34.7637595,11.54985369589275,8.09114809064585,-39.534715764999625,Before Launch
101,2025-05-04 12:07:30,4.342,3.2349082399999998,2.826,21.902,-86.6143145,34.7637595,11.830354617982024,7.779052940903772,-36.103789888453704,Before Launch
102,2025-05-04 12:07:30,4.384,2.88385836,1.825,21.91,-86.6143145,34.7637595,13.654735961356563,7.742794900994752,-31.085158361633823,Before Launch
103,2025-05-04 12:07:30,4.429,3.6089240000000005,1.067,21.87,-86.6143145,34.7637595,14.787205989659093,7.855813441116261,-28.95592214274542,Before Launch
104,2025-05-04 12:07:30,4.472,4.37335972,3.333,21.91,-86.6143145,34.7637595,16.63811195775381,8.081851600816677,-26.345143522655178,Before Launch
105,2025-05-04 12:07:30,4.515,4.37335972,2.531,21.91,-86.6143145,34.7637595,17.292990633417638,8.200818798221253,-25.620216567078383,Before Launch
106,2025-05-04 12:07:30,4.558,4.0682416,1.005,21.885,-86.6143145,34.7637595,18.266183460953368,8.433370103824611,-24.565629999112954,Before Launch
107,2025-05-04 12:07:30,4.6,4.6916012,2.257,21.887,-86.6143145,34.7637595,18.694166694178538,8.532462793182109,-23.929769913370986,Before Launch
108,2025-05-04 12:07:30,4.642,4.019029000000001,1.4,21.917,-86.6143145,34.7637595,19.04879338829829,8.587287085018106,-22.929187163289964,Before Launch
109,2025-05-04 12:07:30,4.685,4.66207364,2.921,21.872,-86.6143145,34.7637595,18.982586473442908,8.50748385149191,-22.520778336983174,Before Launch
110,2025-05-04 12:07:30,4.731,4.019029000000001,0.835,21.917,-86.6143145,34.7637595,18.930626212709182,8.080552538574993,-21.18165074600968,Before Launch
111,2025-05-04 12:07:31,4.773,2.64435704,-0.222,21.915,-86.6143145,34.7637595,18.965705414394158,7.604240749822295,-19.910348143899274,Before Launch
112,2025-05-04 12:07:31,4.816,3.59580064,1.115,21.895,-86.6143145,34.7637595,19.05751774719424,6.80892415898205,-18.029849214451293,Before Launch
113,2025-05-04 12:07:31,4.859,3.00524944,-0.121,21.907,-86.6143145,34.7637595,19.4177186917557,6.447752718032567,-17.488326711067604,Before Launch
114,2025-05-04 12:07:31,4.901,4.37335972,0.486,21.912,-86.61431033333334,34.76375683333333,20.04189241308104,5.73854206278715,-16.519133759209904,Before Launch
115,2025-05-04 12:07:31,4.943,4.12073504,0.222,21.907,-86.61431033333334,34.76375683333333,20.02304085452017,5.447617089719231,-16.10391346351358,Before Launch
116,2025-05-04 12:07:31,4.987,3.7598426399999996,0.943,21.915,-86.61431033333334,34.76375683333333,19.539898817161355,5.0345095699331,-15.672964461401145,Before Launch
117,2025-05-04 12:07:31,5.029,2.51312344,-0.316,21.91,-86.61431033333334,34.76375683333333,19.218006656913083,4.889715844850476,-15.49592806903239,Before Launch
118,2025-05-04 12:07:31,5.072,5.7775592399999995,3.372,21.872,-86.61431033333334,34.76375683333333,18.710839475347942,4.8734587862949565,-15.518238088104606,Before Launch
119,2025-05-04 12:07:31,5.114,4.350393840000001,1.491,21.902,-86.61431033333334,34.76375683333333,18.52421985983531,5.246457310678472,-16.285725928033322,Before Launch
120,2025-05-04 12:07:31,5.156,4.10105,1.727,21.9,-86.61431033333334,34.76375683333333,18.5276928957363,6.285293263285666,-18.75879590623712,Before Launch
121,2025-05-04 12:07:31,5.199,4.96391092,1.613,21.897,-86.61431033333334,34.76375683333333,18.42628235879998,6.5967221136301575,-19.935858603701192,Before Launch
122,2025-05-04 12:07:31,5.241,3.5072179599999997,-0.661,21.912,-86.61431033333334,34.76375683333333,18.173617811130136,7.246480242250155,-22.12460071212542,Before Launch
123,2025-05-04 12:07:31,5.283,4.13057756,1.877,21.915,-86.61431033333334,34.76375683333333,18.054562077429864,7.507182061683359,-23.325447688602107,Before Launch
124,2025-05-04 12:07:31,5.326,4.32086628,0.551,21.887,-86.61431033333334,34.76375683333333,19.240622564202475,8.077097950468094,-23.924845871758972,Before Launch
125,2025-05-04 12:07:31,5.369,3.6482940800000003,0.962,21.917,-86.61431033333334,34.76375683333333,19.820616726459296,8.385950667512688,-24.20470730744108,Before Launch
126,2025-05-04 12:07:31,5.419,3.7598426399999996,0.487,21.915,-86.61431033333334,34.76375683333333,20.537624646145407,9.086918392316255,-25.40264441128115,Before Launch
127,2025-05-04 12:07:31,5.464,3.27755916,0.365,21.917,-86.61431033333334,34.76375683333333,21.16622020262804,9.67399679597394,-26.19148514669341,Before Launch
128,2025-05-04 12:07:31,5.506,3.15616808,-0.42,21.92,-86.61431033333334,34.76375683333333,21.438998795317662,9.951080221797188,-26.472090578679563,Before Launch
129,2025-05-04 12:07:31,5.549,3.13648304,-1.148,21.912,-86.61431033333334,34.76375683333333,22.476256128076752,10.090658150023177,-25.096690340002887,Before Launch
130,2025-05-04 12:07:31,5.591,4.593176,0.204,21.917,-86.61431033333334,34.76375683333333,23.022775319392046,9.965333573989124,-24.08477464473717,Before Launch
131,2025-05-04 12:07:31,5.634,3.526903,-0.503,21.92,-86.61431033333334,34.76375683333333,24.20295486263355,9.008748689639916,-21.468440266388804,Before Launch
132,2025-05-04 12:07:31,5.676,2.16207356,-2.351,21.917,-86.61431033333334,34.76375683333333,24.55808129766513,8.529800102302863,-20.283902387364936,Before Launch
133,2025-05-04 12:07:31,5.719,4.10105,0.076,21.917,-86.61431033333334,34.76375683333333,24.61848193186524,7.897462710985992,-18.724564033343604,Before Launch
134,2025-05-04 12:07:32,5.761,6.90288736,2.083,21.88,-86.61431033333334,34.76375683333333,24.41998212689067,7.736513513565288,-17.97958147045546,Before Launch
135,2025-05-04 12:07:32,5.804,3.37598436,-0.599,21.907,-86.61431033333334,34.76375683333333,23.190695094159224,7.527081621339913,-17.125073454776132,Before Launch
136,2025-05-04 12:07:32,5.846,4.62270356,1.844,21.912,-86.61431033333334,34.76375683333333,22.63004976556596,7.293715729129526,-17.526148925723227,Before Launch
137,2025-05-04 12:07:32,5.889,4.3930447599999995,0.743,21.917,-86.61430866666667,34.763757,22.219677664237775,7.056800318285712,-18.39596089558815,Before Launch
138,2025-05-04 12:07:32,5.931,3.526903,0.487,21.92,-86.61430866666667,34.763757,21.963878162364857,6.913330904520295,-18.753387948236426,Before Launch
139,2025-05-04 12:07:32,5.974,3.9698164,-0.376,21.895,-86.61430866666667,34.763757,21.632856831612518,7.041843532433684,-19.760824274726595,Before Launch
140,2025-05-04 12:07:32,6.016,5.36745424,1.162,21.912,-86.61430866666667,34.763757,21.622207896561232,7.133095184035464,-19.783273517096653,Before Launch
141,2025-05-04 12:07:32,6.059,6.0793965199999995,2.164,21.897,-86.61430866666667,34.763757,22.071158618602787,7.414390577427,-19.660500785388606,Before Launch
142,2025-05-04 12:07:32,6.101,5.8891078,3.149,21.87,-86.61430866666667,34.763757,22.682588378275913,7.693868549966312,-19.833428238608253,Before Launch
143,2025-05-04 12:07:32,6.143,3.88123372,-1.771,21.92,-86.61430866666667,34.763757,23.48779331705086,7.963465967284461,-20.16038489573504,Before Launch
144,2025-05-04 12:07:32,6.186,7.31299236,2.764,21.84,-86.61430866666667,34.763757,23.665563631901122,8.057713200068697,-20.28746556350782,Before Launch
145,2025-05-04 12:07:32,6.228,7.053806,2.754,21.837,-86.61430866666667,34.763757,24.795637571716945,8.11065440377205,-19.83547226503427,Before Launch
146,2025-05-04 12:07:32,6.271,3.7270342399999996,-1.154,21.9,-86.61430866666667,34.763757,25.902147754117717,8.19253503610957,-18.914642058953397,Before Launch
147,2025-05-04 12:07:32,6.321,5.29527576,1.656,21.91,-86.61430866666667,34.763757,26.211016677573404,7.8095875999941775,-17.791300423249098,Before Launch
148,2025-05-04 12:07:32,6.365,3.526903,-0.558,21.92,-86.61430866666667,34.763757,26.704395852241646,7.294459257676437,-15.822328212789087,Before Launch
149,2025-05-04 12:07:32,6.408,1.76837276,-2.359,21.91,-86.61430866666667,34.763757,26.883171190729357,7.151565185051859,-15.2468011616823,Before Launch
150,2025-05-04 12:07:32,6.45,3.5072179599999997,-0.131,21.912,-86.61430866666667,34.763757,27.076082594127634,6.951084098969289,-14.562029007724705,Before Launch
151,2025-05-04 12:07:32,6.493,4.019029000000001,0.241,21.917,-86.61430866666667,34.763757,27.1074339684571,6.965686168967835,-14.551673673656884,Before Launch
152,2025-05-04 12:07:32,6.536,3.7598426399999996,0.45,21.915,-86.61430866666667,34.763757,26.916554768727778,7.318444954921482,-14.770109378534483,Before Launch
153,2025-05-04 12:07:32,6.578,5.61679808,2.295,21.86,-86.61430866666667,34.763757,26.680961717577635,7.44403552360407,-14.868540086373281,Before Launch
154,2025-05-04 12:07:32,6.621,4.12073504,0.918,21.907,-86.61430866666667,34.763757,26.24637960385842,7.746706009009568,-15.108109694974994,Before Launch
155,2025-05-04 12:07:32,6.663,4.12073504,-0.441,21.907,-86.61430866666667,34.763757,26.246226937788908,7.949448271572626,-15.305020196033675,Before Launch
156,2025-05-04 12:07:32,6.706,2.64435704,-0.823,21.915,-86.61430866666667,34.763757,25.792921939063845,8.495170902675564,-15.831492922345724,Before Launch
157,2025-05-04 12:07:32,6.749,3.27755916,1.04,21.917,-86.61430866666667,34.763757,25.582224206927727,8.793851190623283,-16.149709316324113,Before Launch
158,2025-05-04 12:07:33,6.799,3.25787412,-0.781,21.91,-86.61430866666667,34.763757,25.5199008805786,8.91877947294764,-16.686859914369997,Before Launch
159,2025-05-04 12:07:33,6.842,2.53280848,-4.043,21.917,-86.61430866666667,34.763757,25.52150179623354,8.757193998818279,-17.100361394283958,Before Launch
160,2025-05-04 12:07:33,6.887,4.92454084,1.43,21.882,-86.61430433333334,34.76375733333333,26.073980549591504,8.898250738049281,-17.274369934786296,Before Launch
161,2025-05-04 12:07:33,6.93,3.62860904,-0.917,21.91,-86.61430433333334,34.76375733333333,27.51391172656433,9.097667969341806,-17.15582853670416,Before Launch
162,2025-05-04 12:07:33,6.972,2.9035434,-1.375,21.917,-86.61430433333334,34.76375733333333,27.907799826862316,9.074066818413913,-17.07108908957132,Before Launch
163,2025-05-04 12:07:33,7.016,3.75000012,0.206,21.907,-86.61430433333334,34.76375733333333,28.454818343907515,9.417094555346312,-17.50285894960393,Before Launch
164,2025-05-04 12:07:33,7.058,3.90091876,-0.064,21.92,-86.61430433333334,34.76375733333333,28.63919310789309,9.632078435853398,-17.83931793527257,Before Launch
165,2025-05-04 12:07:33,7.101,3.7598426399999996,-1.482,21.915,-86.61430433333334,34.76375733333333,28.911619352360038,9.996808314994933,-18.384757256235748,Before Launch
166,2025-05-04 12:07:33,7.143,3.15616808,-2.697,21.92,-86.61430433333334,34.76375733333333,28.749975677603047,10.099657543634793,-18.663695641439876,Before Launch
167,2025-05-04 12:07:33,7.186,3.6581365999999997,-2.056,21.925,-86.61430433333334,34.76375733333333,28.08694132781226,10.312236926899692,-18.965590647283445,Before Launch
168,2025-05-04 12:07:33,7.229,3.6581365999999997,-0.205,21.925,-86.61430433333334,34.76375733333333,27.873206972391877,10.36850192421481,-19.02468152192412,Before Launch
169,2025-05-04 12:07:33,7.271,4.340551319999999,-2.74,21.895,-86.61430433333334,34.76375733333333,27.455205791969686,10.20507561355233,-19.191974502992167,Before Launch
170,2025-05-04 12:07:33,7.313,6.568241679999999,-0.448,21.84,-86.61430433333334,34.76375733333333,27.277758079187112,10.067075377239707,-19.281305745081514,Before Launch
171,2025-05-04 12:07:33,7.356,4.019029000000001,0.269,21.917,-86.61430433333334,34.76375733333333,27.018695888655643,9.502702234180134,-18.634291090185826,Before Launch
172,2025-05-04 12:07:33,7.398,7.122703639999999,1.697,21.867,-86.61430433333334,34.76375733333333,27.331743872382013,9.246680875561163,-18.09546214449852,Before Launch
173,2025-05-04 12:07:33,7.441,2.17191608,-1.259,21.925,-86.61430433333334,34.76375733333333,28.07037082960085,8.976978617242795,-17.212163571425197,Before Launch
174,2025-05-04 12:07:33,7.483,3.6581365999999997,1.758,21.925,-86.61430433333334,34.76375733333333,28.205969623664096,8.908814736865354,-16.853735632695134,Before Launch
175,2025-05-04 12:07:33,7.525,4.71128624,1.12,21.895,-86.61430433333334,34.76375733333333,28.300154872031808,8.966989508922328,-16.43538194462978,Before Launch
176,2025-05-04 12:07:33,7.568,4.52427836,0.47,21.922,-86.61430433333334,34.76375733333333,28.290869576507568,8.98722620801687,-16.329574053422597,Before Launch
177,2025-05-04 12:07:33,7.611,4.57349096,0.757,21.89,-86.61430433333334,34.76375733333333,28.86027713312266,9.245826117771859,-16.067781040073584,Before Launch
178,2025-05-04 12:07:33,7.653,5.09514452,-0.485,21.902,-86.61430433333334,34.76375733333333,29.224432500630748,9.311058802349214,-15.913327374933552,Before Launch
179,2025-05-04 12:07:33,7.696,3.6581365999999997,-0.43,21.925,-86.61430433333334,34.76375733333333,29.84699397613482,9.38118449402328,-15.451994033678,Before Launch
180,2025-05-04 12:07:33,7.738,3.7795276799999997,-0.317,21.917,-86.61430433333334,34.76375733333333,30.226635521629216,8.96871766746048,-14.304763920735788,Before Launch
181,2025-05-04 12:07:34,7.789,4.96391092,2.142,21.92,-86.61430433333334,34.76375733333333,30.35320788765232,8.707470227312786,-13.748232184912796,Before Launch
182,2025-05-04 12:07:34,7.834,3.7795276799999997,0.463,21.922,-86.61430433333334,34.76375733333333,30.308478390827144,8.379631284554488,-13.046355187945906,Before Launch
183,2025-05-04 12:07:34,7.876,5.24606316,1.846,21.915,-86.61430433333334,34.76375733333333,30.785985517371458,8.254852833130228,-12.745290089600003,Before Launch
184,2025-05-04 12:07:34,7.92,4.15354344,1.503,21.922,-86.61430133333333,34.76375816666667,28.173117034873332,7.943212535375197,-10.24788656583128,Before Launch
185,2025-05-04 12:07:34,7.962,3.3891077199999997,-1.428,21.915,-86.61430133333333,34.76375816666667,26.60446354752283,7.658027610087407,-8.914039953291107,Before Launch
186,2025-05-04 12:07:34,8.005,3.15616808,-0.439,21.92,-86.61430133333333,34.76375816666667,27.132527941307075,6.658859833542573,-8.537900863192757,Before Launch
187,2025-05-04 12:07:34,8.047,3.526903,0.58,21.92,-86.61430133333333,34.76375816666667,28.216735084517765,6.557234377361203,-8.373127749509708,Before Launch
188,2025-05-04 12:07:34,8.092,3.526903,-0.207,21.92,-86.61430133333333,34.76375816666667,27.603514846950794,6.471796659835808,-9.265171743974758,Before Launch
189,2025-05-04 12:07:34,8.134,4.3930447599999995,0.457,21.915,-86.61430133333333,34.76375816666667,26.79867603454609,6.207408681774924,-9.837011570204886,Before Launch
190,2025-05-04 12:07:34,8.178,3.3891077199999997,-0.344,21.915,-86.61430133333333,34.76375816666667,24.622862341908537,5.750524511090328,-11.071429212726589,Before Launch
191,2025-05-04 12:07:34,8.22,2.43110244,-0.673,21.927,-86.61430133333333,34.76375816666667,23.43893443774639,6.055648140982034,-12.375667728535124,Before Launch
192,2025-05-04 12:07:34,8.263,3.40879276,-0.232,21.907,-86.61430133333333,34.76375816666667,22.27147413726977,6.377947829475038,-14.330482834798776,Before Launch
193,2025-05-04 12:07:34,8.306,2.17191608,-1.38,21.925,-86.61430133333333,34.76375816666667,22.25891997969589,5.933871435559297,-14.086567734038557,Before Launch
194,2025-05-04 12:07:34,8.348,2.04068248,-2.135,21.92,-86.61430133333333,34.76375816666667,22.39997545726077,5.440105908403785,-13.492906028992563,Before Launch
195,2025-05-04 12:07:34,8.391,1.54855648,-4.656,21.917,-86.61430133333333,34.76375816666667,22.192854092103705,5.147653340480856,-13.018355647085114,Before Launch
196,2025-05-04 12:07:34,8.433,2.04068248,-1.837,21.92,-86.61430133333333,34.76375816666667,21.41694587530871,4.550691078096984,-11.897023645449506,Before Launch
197,2025-05-04 12:07:34,8.476,2.16207356,-4.602,21.917,-86.61430133333333,34.76375816666667,20.872452966938194,4.4284027693146255,-11.546721424467501,Before Launch
198,2025-05-04 12:07:34,8.518,3.1758531199999998,0.932,21.927,-86.61430133333333,34.76375816666667,20.171642424437266,4.311078814777511,-11.048956359972527,Before Launch
199,2025-05-04 12:07:34,8.56,3.40879276,-0.232,21.922,-86.61430133333333,34.76375816666667,19.797687175486118,4.130985610409884,-10.848342647243113,Before Launch
200,2025-05-04 12:07:34,8.603,3.6482940800000003,-0.986,21.917,-86.61430133333333,34.76375816666667,19.055404718598005,3.9999070506815477,-10.479058924334403,Before Launch
201,2025-05-04 12:07:34,8.645,6.54855664,1.88,21.832,-86.61430133333333,34.76375816666667,18.828623982993452,3.974992612581045,-10.398916416053705,Before Launch
202,2025-05-04 12:07:34,8.687,3.034777,-1.43,21.922,-86.61430133333333,34.76375816666667,17.745491778861066,3.7576957099570816,-10.242693825230132,Before Launch
203,2025-05-04 12:07:34,8.73,4.91141748,-0.171,21.875,-86.61430133333333,34.76375816666667,17.52227523479367,3.693729112352791,-10.238467124597332,Before Launch
204,2025-05-04 12:07:35,8.772,2.542651,-1.037,21.925,-86.61430133333333,34.76375816666667,17.27920770936088,3.55729528583903,-10.389257293340323,Before Launch
205,2025-05-04 12:07:35,8.815,4.96391092,1.1,21.927,-86.61430133333333,34.76375816666667,17.293463459406084,3.4667134311899153,-10.64315258828255,Before Launch
206,2025-05-04 12:07:35,8.857,3.40879276,-1.456,21.922,-86.61430133333333,34.76375816666667,18.332913692767203,3.4252152733579084,-10.802810415153427,Before Launch
207,2025-05-04 12:07:35,8.899,3.6581365999999997,-0.114,21.925,-86.6143015,34.76376,18.78013426503779,3.4037204937428993,-10.886852557383355,Before Launch
208,2025-05-04 12:07:35,8.95,2.06036752,-2.966,21.927,-86.6143015,34.76376,19.1742802828143,3.9846931147969746,-12.575224177789565,Before Launch
209,2025-05-04 12:07:35,8.993,3.28740168,-0.807,21.925,-86.6143015,34.76376,19.72707085709941,4.65884774874136,-14.122795257408928,Before Launch
210,2025-05-04 12:07:35,9.036,4.49146996,1.026,21.907,-86.6143015,34.76376,19.991356784504962,4.89925448633226,-14.610304242846425,Before Launch
211,2025-05-04 12:07:35,9.078,3.15616808,0.0,21.92,-86.6143015,34.76376,20.508444361277938,5.202526943353551,-15.059900372899731,Before Launch
212,2025-05-04 12:07:35,9.121,4.60301852,1.002,21.927,-86.6143015,34.76376,20.819074517993393,5.254601662488767,-15.044049959389863,Before Launch
213,2025-05-04 12:07:35,9.163,3.4284777999999996,-0.092,21.929,-86.6143015,34.76376,21.343996386265946,5.36490838310965,-14.921147674006267,Before Launch
214,2025-05-04 12:07:35,9.206,1.80118116,-2.418,21.925,-86.6143015,34.76376,21.39633616876503,5.3912922815458115,-14.72734964138897,Before Launch
215,2025-05-04 12:07:35,9.248,6.36154876,2.778,21.925,-86.6143015,34.76376,21.22124490022018,5.382876564158772,-14.457855147438945,Before Launch
216,2025-05-04 12:07:35,9.29,2.542651,0.104,21.925,-86.6143015,34.76376,21.16745481362008,5.42912728549109,-14.303674352736682,Before Launch
217,2025-05-04 12:07:35,9.333,3.40879276,0.0,21.922,-86.6143015,34.76376,21.362589972929744,5.409674063992658,-14.014991651914007,Before Launch
218,2025-05-04 12:07:35,9.375,4.60301852,2.274,21.905,-86.6143015,34.76376,21.366756234434657,5.349405227244869,-13.974901042160917,Before Launch
219,2025-05-04 12:07:35,9.418,4.52427836,2.321,21.922,-86.6143015,34.76376,21.257866786821612,5.173401167657656,-13.74967569379121,Before Launch
220,2025-05-04 12:07:35,9.46,3.3891077199999997,1.722,21.915,-86.6143015,34.76376,21.121275769720054,5.1388039871354065,-13.635620477597953,Before Launch
221,2025-05-04 12:07:35,9.503,2.68372712,0.601,21.929,-86.6143015,34.76376,21.068070084916425,4.991432101165976,-13.24242335732321,Before Launch
222,2025-05-04 12:07:35,9.545,3.1167979999999997,0.893,21.905,-86.6143015,34.76376,21.143338563501175,4.916021418257491,-13.103287810464028,Before Launch
223,2025-05-04 12:07:35,9.588,3.25787412,0.077,21.91,-86.6143015,34.76376,21.662229349649316,4.790726038316638,-12.99727128872698,Before Launch
224,2025-05-04 12:07:35,9.63,4.30118124,0.834,21.88,-86.6143015,34.76376,21.9075187749699,4.792097253493696,-12.921882743576825,Before Launch
225,2025-05-04 12:07:35,9.673,3.9206038000000003,0.254,21.927,-86.6143015,34.76376,21.934802048923068,4.965042008003796,-13.024548867601256,Before Launch
226,2025-05-04 12:07:35,9.715,3.4875329199999996,-2.861,21.905,-86.6143015,34.76376,21.913786392415677,5.122198687018459,-13.154756167280722,Before Launch
227,2025-05-04 12:07:35,9.759,5.55774296,2.354,21.885,-86.6143015,34.76376,21.76155791500276,5.379914849514516,-13.258564267599793,Before Launch
228,2025-05-04 12:07:36,9.801,2.8149607199999997,-1.957,21.935,-86.6143015,34.76376,21.584157925243826,5.3902152214511565,-13.265829975341116,Before Launch
229,2025-05-04 12:07:36,9.844,2.7854331599999997,0.226,21.92,-86.6143015,34.76376,21.654643561209642,5.468161408571758,-13.358282703203217,Before Launch
230,2025-05-04 12:07:36,9.886,3.3891077199999997,-1.47,21.915,-86.6143015,34.76376,21.736365412502934,5.476429900166705,-13.42793098563988,Before Launch
231,2025-05-04 12:07:36,9.929,3.1758531199999998,-0.217,21.927,-86.6143015,34.76376,21.90481553939739,5.154491746872131,-12.813143060184709,Before Launch
232,2025-05-04 12:07:36,9.971,4.865485720000001,1.126,21.907,-86.61430266666666,34.763762166666666,21.967489259669858,4.97775635518579,-12.390536051266889,Before Launch
233,2025-05-04 12:07:36,10.013,4.0518374,1.873,21.932,-86.61430266666666,34.763762166666666,22.17092601376317,4.715700476618278,-11.703683881262641,Before Launch
234,2025-05-04 12:07:36,10.056,2.56561688,-0.679,21.932,-86.61430266666666,34.763762166666666,22.373217659233536,4.595481214558551,-11.335773275306712,Before Launch
235,2025-05-04 12:07:36,10.098,4.8228348,0.312,21.892,-86.61430266666666,34.763762166666666,22.73004868112223,4.464476653607875,-10.86354809531472,Before Launch
236,2025-05-04 12:07:36,10.141,3.4284777999999996,0.256,21.929,-86.61430266666666,34.763762166666666,23.03523406326699,4.465354445158939,-10.801217298041848,Before Launch
237,2025-05-04 12:07:36,10.183,2.19160112,-2.271,21.932,-86.61430266666666,34.763762166666666,23.66512103267119,4.403149132530382,-10.623255707556087,Before Launch
238,2025-05-04 12:07:36,10.226,5.314960800000001,1.775,21.89,-86.61430266666666,34.763762166666666,23.84069540376677,4.430112885441879,-10.41563005976787,Before Launch
239,2025-05-04 12:07:36,10.268,5.9383204,3.896,21.892,-86.61430266666666,34.763762166666666,24.034174198332508,4.798364065537611,-10.516600195470074,Before Launch
240,2025-05-04 12:07:36,10.311,4.03215236,-2.191,21.925,-86.61430266666666,34.763762166666666,24.193427949270294,5.0390287259881115,-10.596386891961075,Before Launch
241,2025-05-04 12:07:36,10.354,4.47178492,1.813,21.9,-86.61430266666666,34.763762166666666,23.98545734598155,5.460090112099493,-10.156637301799819,Before Launch
242,2025-05-04 12:07:36,10.396,4.6653544799999995,1.182,21.92,-86.61430266666666,34.763762166666666,24.95363574691344,5.52845874700349,-9.30832000984592,Before Launch
243,2025-05-04 12:07:36,10.446,2.8149607199999997,-1.67,21.935,-86.61430266666666,34.763762166666666,25.785979531077114,5.687096650393465,-9.056781107044266,Before Launch
244,2025-05-04 12:07:36,10.49,3.6811024800000003,-0.787,21.929,-86.61430266666666,34.763762166666666,26.254002409306093,5.772080327511117,-9.31568212949145,Before Launch
245,2025-05-04 12:07:36,10.533,2.9363518,-0.422,21.932,-86.61430266666666,34.763762166666666,26.13100100934282,5.965722654444201,-9.289537994024434,Before Launch
246,2025-05-04 12:07:36,10.575,6.04002644,3.131,21.882,-86.61430266666666,34.763762166666666,25.922367472780238,6.554465454214906,-10.288011207499412,Before Launch
247,2025-05-04 12:07:36,10.618,2.56561688,-0.514,21.932,-86.61430266666666,34.763762166666666,25.88193734134749,7.0134695434511976,-11.11678956836044,Before Launch
248,2025-05-04 12:07:36,10.66,2.9363518,-0.3,21.932,-86.61430266666666,34.763762166666666,26.845655575459144,8.039592785079893,-12.810580817006402,Before Launch
249,2025-05-04 12:07:36,10.702,2.8149607199999997,-1.386,21.935,-86.61430266666666,34.763762166666666,27.313328221132675,8.429368703184934,-13.503294592393237,Before Launch
250,2025-05-04 12:07:36,10.746,2.3129922,-1.498,21.929,-86.61430266666666,34.763762166666666,28.13832522269526,8.811734143720152,-13.93179654730493,Before Launch
251,2025-05-04 12:07:37,10.788,3.18897648,-0.278,21.935,-86.61430266666666,34.763762166666666,28.155930010641512,8.784356923412147,-14.2365084968677,Before Launch
252,2025-05-04 12:07:37,10.831,2.07021004,-3.253,21.935,-86.61430266666666,34.763762166666666,28.146018975827523,8.059000034952318,-13.905568175860612,Before Launch
253,2025-05-04 12:07:37,10.873,1.9520997999999998,-0.805,21.937,-86.61430266666666,34.763762166666666,27.609101352684537,7.719176889785635,-13.859303866249114,Before Launch
254,2025-05-04 12:07:37,10.916,1.69947512,-1.013,21.935,-86.614302,34.763762,27.254630906643897,7.625307804162058,-14.646108153078526,Before Launch
255,2025-05-04 12:07:37,10.958,1.6896326,-1.585,21.927,-86.614302,34.763762,26.74880427091376,7.759370010317388,-15.098188818164232,Before Launch
256,2025-05-04 12:07:37,11.001,1.69947512,-1.377,21.935,-86.614302,34.763762,24.95257758921632,8.869991309910244,-17.365095533751614,Before Launch
257,2025-05-04 12:07:37,11.043,2.06036752,-2.617,21.927,-86.614302,34.763762,22.780862565376836,9.2729073289058,-18.951280609986924,Before Launch
258,2025-05-04 12:07:37,11.093,-0.5446194400000001,-4.256,21.927,-86.614302,34.763762,19.41781791880149,11.779162905814234,-27.681754173927366,Before Launch
259,2025-05-04 12:07:37,11.136,1.62729664,-0.869,21.905,-86.614302,34.763762,15.404648638319776,12.984634785189535,-37.65740277503033,Before Launch
260,2025-05-04 12:07:37,11.18,1.9389764399999998,-2.665,21.929,-86.614302,34.763762,14.279189364883866,13.676962521111452,-42.72010410734882,Before Launch
261,2025-05-04 12:07:37,11.222,0.9251968799999999,-2.316,21.92,-86.614302,34.763762,13.303626609538856,14.877535108098444,-50.41282539641042,Before Launch
262,2025-05-04 12:07:37,11.265,0.7053806,-1.374,21.932,-86.614302,34.763762,12.971501361234266,15.24461825643981,-53.13059068590142,Before Launch
263,2025-05-04 12:07:37,11.307,0.33136484,-4.61,21.932,-86.614302,34.763762,13.658555451493411,15.737735051327322,-55.44045059811289,Before Launch
264,2025-05-04 12:07:37,11.349,0.78412076,-4.768,21.915,-86.614302,34.763762,14.312598096081514,16.283633171948143,-55.47200326909374,Before Launch
265,2025-05-04 12:07:37,11.392,1.51574808,-2.328,21.907,-86.614302,34.763762,16.057890778721863,18.120770528285256,-56.096480268003575,Before Launch
266,2025-05-04 12:07:37,11.434,0.20013124,-3.955,21.927,-86.614302,34.763762,17.12516253835449,19.07157556209063,-56.212247877867846,Before Launch
267,2025-05-04 12:07:37,11.477,0.21325460000000002,-4.119,21.92,-86.614302,34.763762,19.600180942715195,20.646442405199537,-56.55201808627141,Before Launch
268,2025-05-04 12:07:37,11.519,-1.52887144,-4.048,21.932,-86.614302,34.763762,20.122875425194156,21.32101656201873,-56.39806128009211,Before Launch
269,2025-05-04 12:07:37,11.562,1.62729664,-1.916,21.905,-86.614302,34.763762,19.15701165068355,22.41629637942532,-55.666732557255855,Before Launch
270,2025-05-04 12:07:37,11.604,1.3648294399999998,-1.467,21.915,-86.614302,34.763762,18.51000285250928,22.61831370774103,-54.61724481809807,Before Launch
271,2025-05-04 12:07:37,11.647,-0.29199475999999996,-5.907,21.929,-86.614302,34.763762,18.244224880974897,22.821178458505933,-51.43566498673957,Before Launch
272,2025-05-04 12:07:37,11.691,0.5839895199999999,-1.847,21.935,-86.614302,34.763762,19.519317399951227,22.74153726619562,-49.77294253601765,Before Launch
273,2025-05-04 12:07:37,11.733,0.20013124,-2.55,21.912,-86.614302,34.763762,21.53236356245179,21.599078013407855,-47.09517435165173,Before Launch
274,2025-05-04 12:07:38,11.776,-0.16076116000000001,-2.771,21.935,-86.614302,34.763762,21.99249823896814,20.97742188073008,-45.9908952441795,Before Launch
275,2025-05-04 12:07:38,11.818,-0.9055118400000001,-3.002,21.935,-86.614302,34.763762,19.573892798323747,19.37434154513667,-47.41555650507651,Before Launch
276,2025-05-04 12:07:38,11.86,-1.13517064,-4.034,21.929,-86.614302,34.763762,18.528693754659955,18.77578582961155,-48.74842860097571,Before Launch
277,2025-05-04 12:07:38,11.903,0.77427824,-1.209,21.907,-86.6143005,34.76376316666666,18.208328331382994,17.12537907660496,-48.94591564698482,Before Launch
278,2025-05-04 12:07:38,11.945,-0.65288716,-2.43,21.937,-86.6143005,34.76376316666666,17.54432001426479,16.25300770308929,-47.815290346349535,Before Launch
279,2025-05-04 12:07:38,11.988,-0.65288716,-2.194,21.937,-86.6143005,34.76376316666666,15.243479292370669,14.975446081869094,-46.56508391214002,Before Launch
280,2025-05-04 12:07:38,12.03,-1.25656172,-2.748,21.942,-86.6143005,34.76376316666666,14.467549168565103,14.676977838459328,-46.172941585111666,Before Launch
281,2025-05-04 12:07:38,12.079,-1.8799213199999998,-3.32,21.939,-86.6143005,34.76376316666666,15.357261305295175,14.806595259219764,-44.47316523393979,Before Launch
282,2025-05-04 12:07:38,12.124,-0.5446194400000001,-2.41,21.927,-86.6143005,34.76376316666666,16.14594186599798,15.366137046442237,-44.865760180880145,Before Launch
283,2025-05-04 12:07:38,12.167,-0.78412076,-0.223,21.932,-86.6143005,34.76376316666666,16.273464140151304,15.569730661074475,-45.006598517842065,Before Launch
284,2025-05-04 12:07:38,12.21,0.21325460000000002,-1.317,21.935,-86.6143005,34.76376316666666,16.100674159133344,16.0990453899129,-45.94403983706197,Before Launch
285,2025-05-04 12:07:38,12.252,-0.76443572,-2.522,21.939,-86.6143005,34.76376316666666,15.841055691979987,16.43813305451596,-46.504706404297615,Before Launch
286,2025-05-04 12:07:38,12.295,-0.76443572,-1.575,21.935,-86.6143005,34.76376316666666,15.34040024211558,16.80538209620965,-47.68210382247114,Before Launch
287,2025-05-04 12:07:38,12.337,0.20013124,-0.471,21.927,-86.6143005,34.76376316666666,15.465871018516706,16.923430565363844,-48.21916251449509,Before Launch
288,2025-05-04 12:07:38,12.379,-1.8799213199999998,-2.063,21.939,-86.6143005,34.76376316666666,15.880171912975555,16.497266735731056,-48.15253628019594,Before Launch
289,2025-05-04 12:07:38,12.422,1.6174541199999999,0.777,21.935,-86.6143005,34.76376316666666,15.178614297757754,15.927876223870461,-49.12633437460492,Before Launch
290,2025-05-04 12:07:38,12.464,-0.20997376,-1.61,21.912,-86.6143005,34.76376316666666,13.891540865419248,14.499182343513514,-49.15194596989323,Before Launch
291,2025-05-04 12:07:38,12.507,-0.65288716,-0.795,21.937,-86.6143005,34.76376316666666,13.639046542438782,13.951958755057714,-49.016655546049286,Before Launch
292,2025-05-04 12:07:38,12.549,-0.2788714,-0.459,21.937,-86.6143005,34.76376316666666,12.977673910617243,12.816222893388431,-48.41578741124401,Before Launch
293,2025-05-04 12:07:38,12.591,-0.09186352,1.34,21.91,-86.6143005,34.76376316666666,12.799089062473099,12.004451765748769,-47.38310029818465,Before Launch
294,2025-05-04 12:07:38,12.634,-1.37467196,-2.8,21.945,-86.6143005,34.76376316666666,12.705403901482512,10.67557125621862,-45.948933474036565,Before Launch
295,2025-05-04 12:07:38,12.676,-0.65288716,-1.882,21.937,-86.6143005,34.76376316666666,12.663932297755913,10.055120295446502,-45.4611540259399,Before Launch
296,2025-05-04 12:07:38,12.719,-1.00393704,-0.664,21.902,-86.6143005,34.76376316666666,11.506085466697538,9.466967934621072,-46.59154752144088,Before Launch
297,2025-05-04 12:07:39,12.761,-1.25656172,-1.72,21.942,-86.6143005,34.76376316666666,11.303250687295282,9.750794797704033,-48.67169411283597,Before Launch
298,2025-05-04 12:07:39,12.803,0.21325460000000002,0.012,21.935,-86.6143005,34.76376316666666,10.51935147517475,11.585856269260265,-52.9723255198581,Before Launch
299,2025-05-04 12:07:39,12.846,-0.39041995999999995,-0.215,21.929,-86.6143005,34.76376316666666,10.555349651765884,12.217268032598543,-55.340305956872356,Before Launch
300,2025-05-04 12:07:39,12.888,-0.01968504,0.828,21.939,-86.61430116666666,34.76376283333333,10.975293716719982,13.307587875239754,-58.35234291989131,Before Launch
301,2025-05-04 12:07:39,12.931,2.31955388,3.226,21.882,-86.61430116666666,34.76376283333333,10.46587747443937,13.786219005538607,-59.105938240131714,Before Launch
302,2025-05-04 12:07:39,12.973,-1.25656172,-1.898,21.942,-86.61430116666666,34.76376283333333,10.825943687557176,14.805034806983969,-61.5065840685878,Before Launch
303,2025-05-04 12:07:39,13.016,0.9547244399999999,1.501,21.935,-86.61430116666666,34.76376283333333,10.434142522628298,15.450564840557613,-62.37407114245614,Before Launch
304,2025-05-04 12:07:39,13.06,-1.25656172,-0.563,21.942,-86.61430116666666,34.76376283333333,9.666877530368279,17.68322377710924,-63.752503112938165,Before Launch
305,2025-05-04 12:07:39,13.102,-1.23687668,0.018,21.949,-86.61430116666666,34.76376283333333,9.508505670875143,18.172039742983497,-63.02027738767747,Before Launch
306,2025-05-04 12:07:39,13.144,-1.00393704,0.823,21.945,-86.61430116666666,34.76376283333333,9.072126972179634,18.42234708262869,-58.93151521402749,Before Launch
307,2025-05-04 12:07:39,13.187,0.11154856,0.617,21.945,-86.61430116666666,34.76376283333333,8.915993907147609,17.543402144685707,-54.33785145321082,Before Launch
308,2025-05-04 12:07:39,13.23,-0.51181104,0.256,21.942,-86.61430116666666,34.76376283333333,8.807314595882133,15.123717867774692,-44.224896492663845,Before Launch
309,2025-05-04 12:07:39,13.272,0.46259843999999994,0.235,21.937,-86.61430116666666,34.76376283333333,8.925495561370408,14.149330942805193,-40.22538152636253,Before Launch
310,2025-05-04 12:07:39,13.317,-1.13517064,-0.348,21.939,-86.61430116666666,34.76376283333333,8.802893008018136,13.013130120718492,-33.42663977484327,Before Launch
311,2025-05-04 12:07:39,13.359,-1.00393704,-0.225,21.945,-86.61430116666666,34.76376283333333,8.611531669991045,12.571784172207318,-30.214239385470346,Before Launch
312,2025-05-04 12:07:39,13.404,-0.39041995999999995,-0.553,21.939,-86.61430116666666,34.76376283333333,8.49484076389532,10.648119480713516,-26.636778600246856,Before Launch
313,2025-05-04 12:07:39,13.447,0.87270344,2.577,21.897,-86.61430116666666,34.76376283333333,8.69292023620578,9.864222235438486,-26.79256730794244,Before Launch
314,2025-05-04 12:07:39,13.49,0.65288716,-0.903,21.91,-86.61430116666666,34.76376283333333,8.105342225434423,10.206797070814753,-30.865522893096287,Before Launch
315,2025-05-04 12:07:39,13.532,-0.65288716,-0.415,21.937,-86.61430116666666,34.76376283333333,7.359487919149888,11.446882041540606,-36.04932254677924,Before Launch
316,2025-05-04 12:07:39,13.575,-1.02362208,-0.347,21.937,-86.61430116666666,34.76376283333333,6.888396485389826,11.470871653627126,-39.90007950943566,Before Launch
317,2025-05-04 12:07:39,13.618,0.75131236,0.964,21.9,-86.61430116666666,34.76376283333333,7.265947319868233,11.154597809219164,-39.76245472776293,Before Launch
318,2025-05-04 12:07:39,13.66,-1.02362208,-0.872,21.937,-86.61430116666666,34.76376283333333,8.949479861222109,10.475381048255759,-39.152288641605764,Before Launch
319,2025-05-04 12:07:39,13.703,-0.2788714,1.025,21.937,-86.61430116666666,34.76376283333333,9.07119052814522,9.44361600140011,-38.05937541378016,Before Launch
320,2025-05-04 12:07:39,13.754,1.22375332,1.741,21.942,-86.61430116666666,34.76376283333333,9.302426069994155,6.432399639538969,-32.15130489067349,Before Launch
321,2025-05-04 12:07:40,13.796,-0.39041995999999995,0.57,21.939,-86.61430116666666,34.76376283333333,9.281317862030999,3.649773599882298,-24.535344586072654,Before Launch
322,2025-05-04 12:07:40,13.842,-1.62729664,-0.343,21.939,-86.61430116666666,34.76376283333333,9.335379527599706,2.6461323932645873,-21.69275545578534,Before Launch
323,2025-05-04 12:07:40,13.885,-1.23687668,-1.34,21.949,-86.61430216666666,34.763760166666664,8.984472420743659,0.574223558122488,-13.866068178497677,Before Launch
324,2025-05-04 12:07:40,13.927,-2.37204732,-1.833,21.942,-86.61430216666666,34.763760166666664,8.767403925141815,-0.3122994440997361,-9.743950035752565,Before Launch
325,2025-05-04 12:07:40,13.97,-1.25656172,-1.143,21.945,-86.61430216666666,34.763760166666664,7.27457636102628,-2.4496600816533647,6.354468124351098,Before Launch
326,2025-05-04 12:07:40,14.013,-1.37467196,-3.414,21.945,-86.61430216666666,34.763760166666664,5.9762880972039945,-3.4478884522607807,18.775084880757113,Before Launch
327,2025-05-04 12:07:40,14.055,-1.02362208,0.215,21.937,-86.61430216666666,34.763760166666664,4.589356051331229,-4.026751179137767,36.36888380621297,Before Launch
328,2025-05-04 12:07:40,14.097,-1.50590556,-2.276,21.939,-86.61430216666666,34.763760166666664,4.267527950644482,-4.222559303335837,43.94332003071516,Before Launch
329,2025-05-04 12:07:40,14.141,-1.12532812,0.121,21.947,-86.61430216666666,34.763760166666664,3.8198269442805475,-4.739019048849736,54.009301669629494,Before Launch
330,2025-05-04 12:07:40,14.183,-1.37467196,-0.127,21.945,-86.61430216666666,34.763760166666664,3.4412866192222484,-4.420817458212085,53.80925904199926,Before Launch
331,2025-05-04 12:07:40,14.227,-0.4429134,0.518,21.947,-86.61430216666666,34.763760166666664,2.806581222300836,-3.763438809019699,49.8981718612386,Before Launch
332,2025-05-04 12:07:40,14.27,-1.13517064,-1.151,21.939,-86.61430216666666,34.763760166666664,2.5029280828138516,-3.8387058758834653,48.790221818914496,Before Launch
333,2025-05-04 12:07:40,14.313,-2.5918636,-1.921,21.954,-86.61430216666666,34.763760166666664,1.5814733828187824,-4.413269118656649,58.97781457700453,Before Launch
334,2025-05-04 12:07:40,14.355,-1.52887144,-1.839,21.947,-86.61430216666666,34.763760166666664,0.6533946006886733,-4.894468770395767,71.67890181051924,Before Launch
335,2025-05-04 12:07:40,14.399,-2.35236228,-1.125,21.949,-86.61430216666666,34.763760166666664,-0.5396835117599854,-5.946980964760742,93.63646552779835,Before Launch
336,2025-05-04 12:07:40,14.441,-2.35236228,-1.246,21.949,-86.61430216666666,34.763760166666664,-0.6181383487210481,-6.492351376301563,101.30955308544864,Before Launch
337,2025-05-04 12:07:40,14.483,-0.51181104,-0.113,21.954,-86.61430216666666,34.763760166666664,-0.3207818215846673,-7.3406800376582275,111.39100112316915,Before Launch
338,2025-05-04 12:07:40,14.526,-2.8444882799999998,-3.445,21.952,-86.61430216666666,34.763760166666664,-0.25519745761863843,-7.279818880614209,114.35147915115736,Before Launch
339,2025-05-04 12:07:40,14.569,-0.6824147199999999,-1.238,21.922,-86.61430216666666,34.763760166666664,0.2518285012345962,-6.29676671738048,117.39545841159733,Before Launch
340,2025-05-04 12:07:40,14.611,-0.9547244399999999,-0.28,21.947,-86.61430216666666,34.763760166666664,0.5997221701179459,-5.624357687983148,116.13522649309682,Before Launch
341,2025-05-04 12:07:40,14.653,-1.4960630400000001,-0.438,21.947,-86.61430216666666,34.763760166666664,2.814395710418466,-4.482174700551563,91.46442382885613,Before Launch
342,2025-05-04 12:07:40,14.696,-2.37204732,-2.897,21.942,-86.61430216666666,34.763760166666664,3.9395539679120737,-4.607734440463738,83.09605101804857,Before Launch
343,2025-05-04 12:07:40,14.738,-0.9055118400000001,0.11,21.935,-86.61430216666666,34.763760166666664,5.4121407903159735,-5.039196661601517,70.06539879447361,Before Launch
344,2025-05-04 12:07:41,14.781,-0.75131236,-0.438,21.947,-86.61430216666666,34.763760166666664,6.098809469575701,-5.268962468210476,65.95368046997173,Before Launch
345,2025-05-04 12:07:41,14.824,-0.20997376,-1.34,21.912,-86.61430216666666,34.763760166666664,7.484696980932305,-5.803253822658169,60.49867601136209,Before Launch
346,2025-05-04 12:07:41,14.866,-1.12532812,-0.687,21.947,-86.61430216666666,34.763760166666664,8.26997020123158,-6.115090468081407,59.00015784797632,Before Launch
347,2025-05-04 12:07:41,14.909,-0.63320212,0.932,21.945,-86.61430416666667,34.76375616666667,8.450410105627283,-6.066084886626626,59.21501093253544,Before Launch
348,2025-05-04 12:07:41,14.952,-1.03674544,0.188,21.929,-86.61430416666667,34.76375616666667,6.839018988538395,-5.02458379173748,60.1532710329573,Before Launch
349,2025-05-04 12:07:41,15.002,-0.51181104,1.73,21.942,-86.61430416666667,34.76375616666667,6.1226160976746105,-3.7580266453306166,53.224280278361604,Before Launch
350,2025-05-04 12:07:41,15.045,1.22703416,2.31,21.929,-86.61430416666667,34.76375616666667,4.605899190396286,-0.4869144355191425,16.799108117083197,Before Launch
351,2025-05-04 12:07:41,15.088,-0.25918636,1.038,21.945,-86.61430416666667,34.76375616666667,3.3414261121380675,0.7662004352341413,2.463911418434657,Before Launch
352,2025-05-04 12:07:41,15.13,-0.8825459600000001,0.131,21.942,-86.61430416666667,34.76375616666667,0.9098137359945528,2.3883834869923897,-14.55437642352841,Before Launch
353,2025-05-04 12:07:41,15.174,-1.00393704,0.466,21.937,-86.61430416666667,34.76375616666667,0.9538314080486185,3.303667774475071,-17.368994863861396,Before Launch
354,2025-05-04 12:07:41,15.216,0.46259843999999994,1.477,21.937,-86.61430416666667,34.76375616666667,0.8407477725573025,3.795423151338541,-7.33147049651174,Before Launch
355,2025-05-04 12:07:41,15.258,-2.13910768,-0.711,21.937,-86.61430416666667,34.76375616666667,1.0087485186308536,1.4543601216805717,7.702839052347684,Before Launch
356,2025-05-04 12:07:41,15.301,-0.01968504,0.394,21.935,-86.61430416666667,34.76375616666667,2.435115569088653,-2.509467331718275,25.209754573927498,Before Launch
357,2025-05-04 12:07:41,15.344,-1.13517064,0.0,21.939,-86.61430416666667,34.76375616666667,3.4329020341661813,-3.2545275368249476,28.92636515478722,Before Launch
358,2025-05-04 12:07:41,15.394,-1.76837276,0.762,21.937,-86.61430416666667,34.76375616666667,5.11749472733257,-4.100550434413239,29.578077408681484,Before Launch
359,2025-05-04 12:07:41,15.441,-1.37467196,0.142,21.945,-86.61430416666667,34.76375616666667,4.682120367306038,-3.4578656004467714,17.986411200390556,Before Launch
360,2025-05-04 12:07:41,15.484,-2.37204732,-0.018,21.942,-86.61430416666667,34.76375616666667,4.452821122229932,-2.488066371796914,6.438484914016774,Before Launch
361,2025-05-04 12:07:41,15.526,-1.62729664,0.668,21.942,-86.61430416666667,34.76375616666667,4.632589644285433,0.016775263738967094,-14.465411027617954,Before Launch
362,2025-05-04 12:07:41,15.569,-2.25065624,-1.601,21.939,-86.61430416666667,34.76375616666667,5.090939846008958,0.7711392996548079,-20.536939456836855,Before Launch
363,2025-05-04 12:07:41,15.611,-1.64698168,1.104,21.935,-86.61430416666667,34.76375616666667,6.82408268990185,2.5171223684059423,-26.495580374623387,Before Launch
364,2025-05-04 12:07:41,15.654,-2.88385836,-2.029,21.937,-86.61430416666667,34.76375616666667,7.605595791242882,3.162089845211084,-27.655699102712493,Before Launch
365,2025-05-04 12:07:41,15.697,-2.02099744,-0.982,21.935,-86.61430416666667,34.76375616666667,9.114741299181048,3.594529803390831,-21.946453293988313,Before Launch
366,2025-05-04 12:07:41,15.74,-2.27034128,-0.712,21.912,-86.61430416666667,34.76375616666667,9.156990648873073,3.08913124263955,-8.593851254957661,Before Launch
367,2025-05-04 12:07:42,15.79,-2.76246728,-0.357,21.935,-86.61430416666667,34.76375616666667,8.872738101966494,2.8348874010534653,-3.6847700112962603,Before Launch
368,2025-05-04 12:07:42,15.834,-1.99803156,-0.997,21.939,-86.61430416666667,34.76375616666667,8.943504014806525,1.506646346327373,2.5317106517082024,Before Launch
369,2025-05-04 12:07:42,15.877,0.14107612,0.814,21.905,-86.61430416666667,34.76375616666667,8.722886425219608,1.0592832128486664,4.233922046349801,Before Launch
370,2025-05-04 12:07:42,15.919,-1.39763784,-1.085,21.937,-86.6143025,34.76374916666666,8.48652698690183,1.8945105529168773,-5.1481834178245425,Before Launch
371,2025-05-04 12:07:42,15.962,-2.02099744,-0.817,21.935,-86.6143025,34.76374916666666,9.216816101030256,2.4501477458099874,-10.565528253452174,Before Launch
372,2025-05-04 12:07:42,16.004,1.1548556799999998,1.633,21.915,-86.6143025,34.76374916666666,11.202558937911062,3.0884545391384903,-21.053047470264698,Before Launch
373,2025-05-04 12:07:42,16.047,-0.9055118400000001,0.12,21.935,-86.6143025,34.76374916666666,9.794915215684696,3.4582938888180554,-42.52570518964748,Before Launch
374,2025-05-04 12:07:42,16.09,-0.65288716,-0.13,21.932,-86.6143025,34.76374916666666,6.404635668900919,4.9384215095941615,-68.48857110871091,Before Launch
375,2025-05-04 12:07:42,16.133,0.99409452,-0.214,21.895,-86.6143025,34.76374916666666,4.672288381161449,6.7415182447070165,-75.96988609070473,Before Launch
376,2025-05-04 12:07:42,16.176,-0.03937008,0.202,21.932,-86.6143025,34.76374916666666,3.585052989608068,12.18230675431585,-79.04204988008178,Before Launch
377,2025-05-04 12:07:42,16.218,-1.02362208,-0.13,21.937,-86.6143025,34.76374916666666,8.257565980073657,15.629514978454166,-65.76814413849183,Before Launch
378,2025-05-04 12:07:42,16.269,-1.64698168,-0.587,21.935,-86.6143025,34.76374916666666,10.87444514161668,16.72098761176061,-59.67131993624698,Before Launch
379,2025-05-04 12:07:42,16.312,-0.3116798,-0.706,21.922,-86.6143025,34.76374916666666,13.836529796537553,17.32642848083198,-51.1253693790323,Before Launch
380,2025-05-04 12:07:42,16.355,-2.64435704,-0.461,21.932,-86.6143025,34.76374916666666,13.777296825097395,15.721490947809597,-47.1399437136399,Before Launch
381,2025-05-04 12:07:42,16.397,-1.27624676,-1.146,21.935,-86.6143025,34.76374916666666,13.413094253717993,12.084935001058515,-40.43093159279059,Before Launch
382,2025-05-04 12:07:42,16.441,-0.91535436,0.2,21.927,-86.6143025,34.76374916666666,13.67673294834695,10.632078713882265,-37.53782426961085,Before Launch
383,2025-05-04 12:07:42,16.484,-1.1548556799999998,0.563,21.932,-86.6143025,34.76374916666666,14.695523175667665,7.801991672890503,-30.629193403797572,Before Launch
384,2025-05-04 12:07:42,16.526,-1.27624676,0.091,21.935,-86.6143025,34.76374916666666,14.301700720053836,6.608185812969326,-27.891247585772216,Before Launch
385,2025-05-04 12:07:42,16.569,-2.99540692,-0.575,21.939,-86.6143025,34.76374916666666,14.281494911593922,5.172212486691947,-24.10776242680489,Before Launch
386,2025-05-04 12:07:42,16.612,-2.74278224,-1.027,21.942,-86.6143025,34.76374916666666,15.360421941678489,4.273124388073273,-19.58651369838907,Before Launch
387,2025-05-04 12:07:42,16.654,0.63320212,2.658,21.902,-86.6143025,34.76374916666666,16.31079851517078,2.109517660560896,-11.054554695322292,Before Launch
388,2025-05-04 12:07:42,16.697,-1.39763784,0.23,21.937,-86.6143025,34.76374916666666,16.57519237197853,1.111746816230831,-7.241067995625925,Before Launch
389,2025-05-04 12:07:42,16.739,-1.13517064,1.612,21.939,-86.6143025,34.76374916666666,16.77621194331199,-0.6975976674137596,-1.0949356662257412,Before Launch
390,2025-05-04 12:07:43,16.782,-1.7486877200000002,0.251,21.945,-86.6143025,34.76374916666666,16.50083300091748,-1.188460092631367,0.9925527332217841,Before Launch
391,2025-05-04 12:07:43,16.832,-3.85826784,-1.454,21.942,-86.6143025,34.76374916666666,16.716001787858495,-1.8977076189856124,4.466276764575362,Before Launch
392,2025-05-04 12:07:43,16.875,-2.13910768,0.575,21.937,-86.6143025,34.76374916666666,15.933273043522561,-2.324965538284454,6.712385624609106,Before Launch
393,2025-05-04 12:07:43,16.919,-1.99803156,0.0,21.897,-86.61429816666667,34.763745166666666,15.617197527636002,-2.3851739391652442,7.356363575569329,Before Launch
394,2025-05-04 12:07:43,16.961,0.029527559999999998,-0.103,21.907,-86.61429816666667,34.763745166666666,14.613854397380264,-2.4763281132594788,8.040815466888988,Before Launch
395,2025-05-04 12:07:43,17.004,-2.86417332,-1.352,21.945,-86.61429816666667,34.763745166666666,14.042257262717031,-2.7176682324823367,7.733907069836179,Before Launch
396,2025-05-04 12:07:43,17.047,-1.00393704,0.937,21.942,-86.61429816666667,34.763745166666666,13.695146297489165,-2.9504774233421953,7.209616568431607,Before Launch
397,2025-05-04 12:07:43,17.089,-1.69947512,-2.631,21.912,-86.61429816666667,34.763745166666666,14.224366568465507,-2.790898960029619,6.856545266104543,Before Launch
398,2025-05-04 12:07:43,17.131,0.28215224,1.096,21.91,-86.61429816666667,34.763745166666666,15.653510931816214,-2.7644895322499896,7.405621298878288,Before Launch
399,2025-05-04 12:07:43,17.174,-2.0997376,-1.335,21.942,-86.61429816666667,34.763745166666666,16.2147198761591,-3.4381395109993864,9.762871430055421,Before Launch
400,2025-05-04 12:07:43,17.217,1.14501316,0.139,21.907,-86.61429816666667,34.763745166666666,17.375315924711202,-4.7301054938879,12.805467494196867,Before Launch
401,2025-05-04 12:07:43,17.259,-2.88385836,-2.626,21.937,-86.61429816666667,34.763745166666666,18.074944408802484,-5.306536796236287,13.808176532913716,Before Launch
402,2025-05-04 12:07:43,17.302,-1.1548556799999998,-0.121,21.932,-86.61429816666667,34.763745166666666,18.357532912263945,-5.93307584326312,14.63873165722148,Before Launch
403,2025-05-04 12:07:43,17.345,-0.48228348,1.082,21.902,-86.61429816666667,34.763745166666666,18.230790473318066,-6.038197421194058,14.947619814900474,Before Launch
404,2025-05-04 12:07:43,17.387,-1.99803156,-1.569,21.942,-86.61429816666667,34.763745166666666,17.901913898008313,-5.7719997070742,15.938597399820663,Before Launch
405,2025-05-04 12:07:43,17.429,-1.27624676,1.274,21.935,-86.61429816666667,34.763745166666666,17.878942824762643,-5.313247628487584,16.164603198924013,Before Launch
406,2025-05-04 12:07:43,17.472,0.5511811200000001,1.7,21.92,-86.61429816666667,34.763745166666666,16.574263068693426,-5.358094297585984,18.90506980150347,Before Launch
407,2025-05-04 12:07:43,17.514,-1.27624676,-0.336,21.935,-86.61429816666667,34.763745166666666,15.589491822840031,-5.552532813742172,19.92020832978752,Before Launch
408,2025-05-04 12:07:43,17.556,-1.00393704,0.141,21.945,-86.61429816666667,34.763745166666666,14.680452153415114,-5.449268319706451,19.550094888410825,Before Launch
409,2025-05-04 12:07:43,17.599,-0.65288716,0.581,21.927,-86.61429816666667,34.763745166666666,14.860929042037455,-5.366073379166761,18.97485772975694,Before Launch
410,2025-05-04 12:07:43,17.641,1.05643048,3.78,21.925,-86.61429816666667,34.763745166666666,16.46171422477164,-4.749502188186181,16.332279436987452,Before Launch
411,2025-05-04 12:07:43,17.683,0.09186352,2.647,21.937,-86.61429816666667,34.763745166666666,17.627014863350343,-3.8162125367903204,13.227362462434494,Before Launch
412,2025-05-04 12:07:43,17.734,-0.29199475999999996,-0.857,21.929,-86.61429816666667,34.763745166666666,16.171075080078317,-0.7504980853509537,-0.5507777161186382,Before Launch
413,2025-05-04 12:07:44,17.778,-2.51312344,-1.032,21.937,-86.61429816666667,34.763745166666666,11.608851370054234,3.7125139865420813,-31.531808144269128,Before Launch
414,2025-05-04 12:07:44,17.821,-0.5839895199999999,0.509,21.912,-86.61429816666667,34.763745166666666,9.507482488677582,5.230007097405425,-42.73002032657254,Before Launch
415,2025-05-04 12:07:44,17.863,-1.02362208,0.671,21.937,-86.61429816666667,34.763745166666666,5.881454306782862,7.35305577901107,-56.61158499948796,Before Launch
416,2025-05-04 12:07:44,17.906,-2.13910768,1.601,21.937,-86.6142945,34.76374283333333,4.8930525371381375,8.115545257940463,-60.83229775434072,Before Launch
417,2025-05-04 12:07:44,17.948,0.25918636,2.235,21.902,-86.6142945,34.76374283333333,4.645791698131463,8.972774305830686,-63.53473130404397,Before Launch
418,2025-05-04 12:07:44,17.991,-1.76837276,0.214,21.937,-86.6142945,34.76374283333333,4.863009254198349,9.06878019501154,-64.13416950871841,Before Launch
419,2025-05-04 12:07:44,18.033,-0.03937008,-0.064,21.932,-86.6142945,34.76374283333333,5.293139297513556,9.247355622840212,-63.699684843801016,Before Launch
420,2025-05-04 12:07:44,18.075,-0.33136484,2.365,21.915,-86.6142945,34.76374283333333,5.244019845731359,9.566454824420463,-64.0366943673634,Before Launch
421,2025-05-04 12:07:44,18.118,-2.25065624,-1.164,21.939,-86.6142945,34.76374283333333,4.858026077452805,10.150763141745323,-64.51767968278604,Before Launch
422,2025-05-04 12:07:44,18.161,-1.1548556799999998,0.508,21.935,-86.6142945,34.76374283333333,5.014131398204351,10.407497772354395,-63.601918282021224,Before Launch
423,2025-05-04 12:07:44,18.203,0.8038058,0.487,21.922,-86.6142945,34.76374283333333,5.25383244354088,10.703987397562365,-62.259019941777595,Before Launch
424,2025-05-04 12:07:44,18.245,-1.37467196,0.677,21.945,-86.6142945,34.76374283333333,5.612401995188967,10.610683491694417,-61.45291873167361,Before Launch
425,2025-05-04 12:07:44,18.288,-1.25656172,-2.242,21.937,-86.6142945,34.76374283333333,5.879136304658553,10.464247944650175,-60.85835239190665,Before Launch
426,2025-05-04 12:07:44,18.331,0.51181104,3.168,21.905,-86.6142945,34.76374283333333,5.568453459314149,10.451988876120964,-61.97042271814117,Before Launch
427,2025-05-04 12:07:44,18.381,-0.2788714,0.812,21.937,-86.6142945,34.76374283333333,4.892653628341349,10.407047333404718,-65.00953964168764,Before Launch
428,2025-05-04 12:07:44,18.425,-1.18766408,-0.653,21.917,-86.6142945,34.76374283333333,4.680447528146874,10.808356492326332,-67.84306249785578,Before Launch
429,2025-05-04 12:07:44,18.467,-0.14107612,1.719,21.942,-86.6142945,34.76374283333333,4.470502929873522,11.018170388872853,-69.46306589447046,Before Launch
430,2025-05-04 12:07:44,18.51,0.20013124,1.366,21.927,-86.6142945,34.76374283333333,3.8866620924703477,11.22327963954768,-73.25806559025838,Before Launch
431,2025-05-04 12:07:44,18.552,-0.03937008,-0.547,21.932,-86.6142945,34.76374283333333,3.588177600479036,11.295329446928601,-75.1238264820668,Before Launch
432,2025-05-04 12:07:44,18.595,2.38845152,3.39,21.939,-86.6142945,34.76374283333333,3.0269960562695766,11.331193036871573,-77.55839734035737,Before Launch
433,2025-05-04 12:07:44,18.637,-1.00393704,0.0,21.945,-86.6142945,34.76374283333333,2.818178971977383,11.305325383547435,-78.29792563519153,Before Launch
434,2025-05-04 12:07:44,18.679,-1.39763784,-0.69,21.937,-86.6142945,34.76374283333333,2.562746165943052,11.352043769894092,-78.1733956557998,Before Launch
435,2025-05-04 12:07:44,18.722,-0.14107612,-1.108,21.945,-86.6142945,34.76374283333333,2.6392410497321777,11.422292704915485,-77.2737120602926,Before Launch
436,2025-05-04 12:07:45,18.764,0.5511811200000001,0.425,21.92,-86.6142945,34.76374283333333,2.9507631373928294,11.29051270625432,-75.11010951346306,Before Launch
437,2025-05-04 12:07:45,18.806,-0.8825459600000001,-0.551,21.942,-86.6142945,34.76374283333333,3.217863251919015,10.997955068529944,-73.74233168087085,Before Launch
438,2025-05-04 12:07:45,18.849,-0.49212599999999995,1.887,21.949,-86.6142945,34.76374283333333,3.594918837160732,10.408514587975821,-71.37846372783687,Before Launch
439,2025-05-04 12:07:45,18.892,3.03149616,3.376,21.867,-86.61429516666666,34.76374633333333,3.726688447163475,10.092714283071295,-69.50982741127922,Before Launch
440,2025-05-04 12:07:45,18.942,-1.37467196,-0.325,21.945,-86.61429516666666,34.76374633333333,3.8917315733531463,9.967392361181263,-68.18441956838691,Before Launch
441,2025-05-04 12:07:45,18.985,-0.39041995999999995,1.621,21.939,-86.61429516666666,34.76374633333333,4.5442735586734235,9.8648561372875,-65.0733109226182,Before Launch
442,2025-05-04 12:07:45,19.028,-1.02362208,-1.188,21.954,-86.61429516666666,34.76374633333333,4.80287134557736,9.856639056109858,-64.1083953119558,Before Launch
443,2025-05-04 12:07:45,19.072,-0.19028872,1.46,21.92,-86.61429516666666,34.76374633333333,5.04174463268561,9.763892631512226,-62.64500159661625,Before Launch
444,2025-05-04 12:07:45,19.114,-2.2408137200000002,-2.036,21.947,-86.61429516666666,34.76374633333333,5.010335166844367,9.678488715117735,-62.84006037605287,Before Launch
445,2025-05-04 12:07:45,19.157,-2.2408137200000002,-1.765,21.947,-86.61429516666666,34.76374633333333,4.256413702811178,9.55603900335902,-65.98084501790763,Before Launch
446,2025-05-04 12:07:45,19.199,-2.25065624,0.0,21.939,-86.61429516666666,34.76374633333333,3.7068336233682486,9.51634071881222,-68.86831577733584,Before Launch
447,2025-05-04 12:07:45,19.242,-2.61154864,-1.348,21.947,-86.61429516666666,34.76374633333333,2.7721302762086686,9.583342782591306,-75.07129854178208,Before Launch
448,2025-05-04 12:07:45,19.284,0.6824147199999999,-0.112,21.949,-86.61429516666666,34.76374633333333,2.304889235747337,9.66688452604008,-77.90279260516608,Before Launch
449,2025-05-04 12:07:45,19.326,-2.61154864,-1.144,21.947,-86.61429516666666,34.76374633333333,1.6301634424054903,9.833560261447117,-81.44287954729616,Before Launch
450,2025-05-04 12:07:45,19.369,-2.2408137200000002,-0.911,21.947,-86.61429516666666,34.76374633333333,1.4546940441643053,9.842648030998848,-82.55240703571923,Before Launch
451,2025-05-04 12:07:45,19.411,-0.9055118400000001,-1.312,21.935,-86.61429516666666,34.76374633333333,1.242415122651257,9.880875573859399,-83.87924166163458,Before Launch
452,2025-05-04 12:07:45,19.454,-1.37467196,-1.021,21.945,-86.61429516666666,34.76374633333333,1.2225884921718873,9.887041062995372,-84.03825897966517,Before Launch
453,2025-05-04 12:07:45,19.496,-0.65288716,0.499,21.937,-86.61429516666666,34.76374633333333,1.2446398333224922,9.97025366229402,-83.64736322282926,Before Launch
454,2025-05-04 12:07:45,19.538,-0.39041995999999995,-0.233,21.939,-86.61429516666666,34.76374633333333,1.2193120444143593,10.000789627254958,-83.41178944214568,Before Launch
455,2025-05-04 12:07:45,19.581,0.03937008,-0.15,21.915,-86.61429516666666,34.76374633333333,1.2964004819707415,9.963890469560607,-83.12168616559185,Before Launch
456,2025-05-04 12:07:45,19.624,-1.13517064,-1.022,21.939,-86.61429516666666,34.76374633333333,1.3626624280082698,9.905071162324672,-83.04534924242854,Before Launch
457,2025-05-04 12:07:45,19.666,-1.8667979599999998,-3.973,21.947,-86.61429516666666,34.76374633333333,1.2792404093177043,9.9300273314237,-82.95619477630062,Before Launch
458,2025-05-04 12:07:45,19.71,-0.75131236,0.235,21.917,-86.61429516666666,34.76374633333333,1.1189185248505962,10.054422391299383,-83.12898292270123,Before Launch
459,2025-05-04 12:07:46,19.76,-0.75131236,0.598,21.947,-86.61429516666666,34.76374633333333,1.1477301947501533,10.178411336968278,-83.1878543203272,Before Launch
460,2025-05-04 12:07:46,19.803,-2.25065624,-1.952,21.939,-86.61429516666666,34.76374633333333,1.4810594473254346,10.733671813382223,-82.02762369306531,Before Launch
461,2025-05-04 12:07:46,19.846,-0.9055118400000001,-1.346,21.929,-86.61429516666666,34.76374633333333,2.0029874702485606,10.987259201316006,-81.71109580480636,Before Launch
462,2025-05-04 12:07:46,19.888,-0.9055118400000001,-0.021,21.935,-86.61429133333333,34.763749833333335,4.307662398421223,11.87202978416487,-81.32405515308103,Before Launch
463,2025-05-04 12:07:46,19.931,-1.12532812,-0.585,21.947,-86.61429133333333,34.763749833333335,5.1089943486699685,12.36622110569891,-80.64628382230615,Before Launch
464,2025-05-04 12:07:46,19.973,-0.63320212,-3.39,21.945,-86.61429133333333,34.763749833333335,4.946179024751967,13.731637739986185,-79.05196509773293,Before Launch
465,2025-05-04 12:07:46,20.016,-0.75131236,0.58,21.947,-86.61429133333333,34.763749833333335,4.542533909297596,14.545066251072209,-77.8952324187649,Before Launch
466,2025-05-04 12:07:46,20.058,-0.51181104,-0.113,21.942,-86.61429133333333,34.763749833333335,4.305545954610324,15.292814871282264,-72.26682453551575,Before Launch
467,2025-05-04 12:07:46,20.101,1.8471129199999998,2.675,21.892,-86.61429133333333,34.763749833333335,4.459209578658672,15.652461515782367,-70.2551089966741,Before Launch
468,2025-05-04 12:07:46,20.143,-0.51181104,-0.3,21.942,-86.61429133333333,34.763749833333335,5.598443497205661,16.674674040072595,-67.44344394760098,Before Launch
469,2025-05-04 12:07:46,20.186,0.09186352,2.176,21.937,-86.61429133333333,34.763749833333335,5.963404206486588,17.338786766859247,-66.93734799828427,Before Launch
470,2025-05-04 12:07:46,20.228,-0.2788714,1.832,21.937,-86.61429133333333,34.763749833333335,5.749524507837514,19.249718071938034,-72.44652152368154,Before Launch
471,2025-05-04 12:07:46,20.271,0.72506564,2.776,21.939,-86.61429133333333,34.763749833333335,5.546588861828015,20.6373578593877,-75.16664452235987,Before Launch
472,2025-05-04 12:07:46,20.313,2.3097113599999997,4.595,21.875,-86.61429133333333,34.763749833333335,5.321120749507015,24.142451666653372,-79.11440986401284,Before Launch
473,2025-05-04 12:07:46,20.356,-0.16076116000000001,-0.787,21.935,-86.61429133333333,34.763749833333335,4.884009909593513,26.666104090912388,-81.02372030363065,Before Launch
474,2025-05-04 12:07:46,20.398,1.51574808,3.85,21.925,-86.61429133333333,34.763749833333335,4.2461732967211026,29.96873177886137,-81.48701035854734,Before Launch
475,2025-05-04 12:07:46,20.441,1.05643048,3.076,21.925,-86.61429133333333,34.763749833333335,4.51622296916615,31.004938312925677,-80.03283248266291,Before Launch
476,2025-05-04 12:07:46,20.483,1.54855648,2.289,21.922,-86.61429133333333,34.763749833333335,7.971822694147381,32.03140428811685,-74.77637033547202,Before Launch
477,2025-05-04 12:07:46,20.525,2.02099744,3.171,21.912,-86.61429133333333,34.763749833333335,9.26432902350481,32.661748228814474,-73.3079490424856,Before Launch
478,2025-05-04 12:07:46,20.568,0.6824147199999999,1.246,21.925,-86.61429133333333,34.763749833333335,11.176585752433704,35.34835922245727,-71.9682842347634,Before Launch
479,2025-05-04 12:07:46,20.611,3.8976379199999998,3.996,21.865,-86.61429133333333,34.763749833333335,12.604306390416001,36.363864161464825,-71.66639914487048,Before Launch
480,2025-05-04 12:07:46,20.653,2.13910768,1.959,21.91,-86.61429133333333,34.763749833333335,14.770509303477771,38.11059840342157,-72.11356819686989,Before Launch
481,2025-05-04 12:07:46,20.696,2.16207356,3.076,21.917,-86.61429133333333,34.763749833333335,15.084959678337881,39.01890022299672,-72.6076368079254,Before Launch
482,2025-05-04 12:07:46,20.738,1.62729664,3.259,21.905,-86.61429133333333,34.763749833333335,14.972178820609544,39.98232864710139,-73.39247936241908,Before Launch
483,2025-05-04 12:07:47,20.78,0.6725722,1.331,21.917,-86.61429133333333,34.763749833333335,14.944663710830312,40.79178668216436,-73.70555959076519,Before Launch
484,2025-05-04 12:07:47,20.823,1.66994756,2.278,21.92,-86.61429133333333,34.763749833333335,18.53253943944437,43.240406220390625,-71.05732813982799,Before Launch
485,2025-05-04 12:07:47,20.865,1.41732288,3.454,21.917,-86.61429133333333,34.763749833333335,20.31735312078418,44.816799058859324,-69.8187726178975,Before Launch
486,2025-05-04 12:07:47,20.908,2.16207356,2.888,21.917,-86.6142905,34.763752,23.391645306496166,48.156701828493425,-68.49428243292931,Before Launch
487,2025-05-04 12:07:47,20.95,2.9035434,3.587,21.917,-86.6142905,34.763752,24.75826807503998,49.958139167106175,-68.35131739953884,Before Launch
488,2025-05-04 12:07:47,20.993,2.952756,3.84,21.885,-86.6142905,34.763752,27.098625840959915,53.25539053548054,-68.79381645543056,Before Launch
489,2025-05-04 12:07:47,21.035,0.3116798,0.89,21.925,-86.6142905,34.763752,28.128887533719872,54.46465827637524,-69.04948205947402,Before Launch
490,2025-05-04 12:07:47,21.078,1.7880578,2.391,21.917,-86.6142905,34.763752,29.89265021236947,55.897096669353985,-69.44232188412471,Before Launch
491,2025-05-04 12:07:47,21.121,3.7565618,4.015,21.86,-86.6142905,34.763752,30.701645164897094,56.50021096061111,-69.5368825489275,Before Launch
492,2025-05-04 12:07:47,21.163,-0.3116798,-2.033,21.922,-86.6142905,34.763752,32.93871459061747,58.55608488968722,-69.69943219765382,Before Launch
493,2025-05-04 12:07:47,21.206,1.89960636,2.269,21.915,-86.6142905,34.763752,34.22204094126348,59.88100405037932,-69.77708803499371,Before Launch
494,2025-05-04 12:07:47,21.248,1.9488189599999999,1.749,21.882,-86.6142905,34.763752,37.49530511293028,62.69433066604704,-69.80216594429598,Before Launch
495,2025-05-04 12:07:47,21.29,1.25656172,1.446,21.905,-86.6142905,34.763752,38.746501404080504,63.86928669461425,-70.08594468160697,Before Launch
496,2025-05-04 12:07:47,21.337,0.53149608,-0.182,21.912,-86.6142905,34.763752,40.06980731019194,65.79839790017671,-70.76199144082689,Before Launch
497,2025-05-04 12:07:47,21.379,0.8038058,-1.413,21.922,-86.6142905,34.763752,40.226892882169565,66.44596869400482,-71.13060795198469,Before Launch
498,2025-05-04 12:07:47,21.422,1.2959318,1.367,21.92,-86.6142905,34.763752,39.41333726587975,66.44894411757342,-71.67385325299972,Before Launch
499,2025-05-04 12:07:47,21.465,2.952756,1.347,21.885,-86.6142905,34.763752,38.76947752105878,66.08645351020455,-71.88101322406948,Before Launch
500,2025-05-04 12:07:47,21.508,0.8038058,-0.237,21.922,-86.6142905,34.763752,36.5816609252158,64.90921909763748,-72.2661733913684,Before Launch
501,2025-05-04 12:07:47,21.55,1.54855648,0.0,21.922,-86.6142905,34.763752,35.20604075528976,64.19731595726753,-72.49903803336149,Before Launch
502,2025-05-04 12:07:47,21.594,2.5918636,0.534,21.892,-86.6142905,34.763752,32.758856234430375,62.937607124012814,-72.96848408724134,Before Launch
503,2025-05-04 12:07:47,21.636,4.97375344,4.018,21.85,-86.6142905,34.763752,31.365285093606104,62.194094126404345,-73.25791919251344,Before Launch
504,2025-05-04 12:07:47,21.679,1.80118116,-1.963,21.92,-86.6142905,34.763752,28.718471835158958,60.582053972781715,-73.84260332647425,Before Launch
505,2025-05-04 12:07:47,21.722,3.54658804,1.317,21.872,-86.6142905,34.763752,27.78180998173409,59.63141882346148,-73.94297345681329,Before Launch
506,2025-05-04 12:07:48,21.765,1.05643048,-1.034,21.925,-86.6142905,34.763752,26.739951811398136,58.34717379845003,-73.88396357527128,Before Launch
507,2025-05-04 12:07:48,21.807,2.04068248,0.387,21.925,-86.6142905,34.763752,26.501326962651447,57.98450638208088,-73.8414909478304,Before Launch
508,2025-05-04 12:07:48,21.85,2.6935696399999998,1.889,21.882,-86.6142905,34.763752,26.97091278594554,57.681324431941526,-73.19194407427996,Before Launch
509,2025-05-04 12:07:48,21.893,0.059055119999999996,-1.506,21.922,-86.6142905,34.76375266666667,27.199124592935107,57.70804878605972,-72.91195686300644,Before Launch
510,2025-05-04 12:07:48,21.935,2.17191608,0.705,21.925,-86.6142905,34.76375266666667,27.73024617964838,58.170777897214386,-72.63882999724188,Before Launch
511,2025-05-04 12:07:48,21.977,2.44094496,0.261,21.88,-86.6142905,34.76375266666667,28.024099908780823,58.476310749067565,-72.59111071621749,Before Launch
512,2025-05-04 12:07:48,22.02,1.9192913999999999,-0.92,21.922,-86.6142905,34.76375266666667,28.416906627573848,58.92415488930221,-72.65600917679657,Before Launch
513,2025-05-04 12:07:48,22.062,1.6896326,-1.182,21.927,-86.6142905,34.76375266666667,28.528308864413212,59.086011269683766,-72.74642244781002,Before Launch
514,2025-05-04 12:07:48,22.105,2.3622047999999998,1.916,21.897,-86.6142905,34.76375266666667,28.759960874039063,59.32836863926807,-72.82489616639387,Before Launch
515,2025-05-04 12:07:48,22.147,2.31955388,0.497,21.882,-86.6142905,34.76375266666667,28.784750086139898,59.38374624817616,-72.8456419376124,Before Launch
516,2025-05-04 12:07:48,22.189,0.7053806,-2.857,21.932,-86.6142905,34.76375266666667,28.998072941031467,59.46940510378556,-72.76552473661799,Before Launch
517,2025-05-04 12:07:48,22.232,0.82349084,1.062,21.902,-86.6142905,34.76375266666667,29.335625543190353,59.494482117602935,-72.60747487596208,Before Launch
518,2025-05-04 12:07:48,22.275,0.7053806,-1.117,21.932,-86.6142905,34.76375266666667,30.01522449654312,59.558726567175405,-72.00582513941876,Before Launch
519,2025-05-04 12:07:48,22.32,2.17191608,0.208,21.929,-86.6142905,34.76375266666667,30.240143086205183,59.51424996500773,-71.78825754916177,Before Launch
520,2025-05-04 12:07:48,22.363,2.3622047999999998,1.03,21.897,-86.6142905,34.76375266666667,30.984834954847813,58.93544954936161,-71.30466445174964,Before Launch
521,2025-05-04 12:07:48,22.406,1.80118116,1.188,21.925,-86.6142905,34.76375266666667,31.89864163792672,58.604774064122154,-70.89415970571166,Before Launch
522,2025-05-04 12:07:48,22.448,1.6896326,0.829,21.872,-86.6142905,34.76375266666667,34.144789344354024,58.40449260844733,-69.83181922695718,Before Launch
523,2025-05-04 12:07:48,22.492,5.21325476,3.661,21.845,-86.6142905,34.76375266666667,35.11494470113131,58.873141577530305,-69.52734348193985,Before Launch
524,2025-05-04 12:07:48,22.534,1.2959318,-1.55,21.92,-86.6142905,34.76375266666667,35.782744103080766,59.41536876853653,-68.94424884147907,Before Launch
525,2025-05-04 12:07:48,22.577,1.6896326,0.829,21.925,-86.6142905,34.76375266666667,35.939197967875685,59.52228966588126,-68.74930006571961,Before Launch
526,2025-05-04 12:07:48,22.619,2.8543308,1.221,21.895,-86.6142905,34.76375266666667,36.70452783867125,58.63565016503347,-67.87506738503417,Before Launch
527,2025-05-04 12:07:48,22.662,0.33136484,-2.117,21.932,-86.6142905,34.76375266666667,35.43551786398132,56.723173040482756,-67.346018437017,Before Launch
528,2025-05-04 12:07:48,22.704,0.6824147199999999,-4.018,21.927,-86.6142905,34.76375266666667,32.70574574137414,51.706483121530745,-65.63388217265305,Before Launch
529,2025-05-04 12:07:48,22.747,2.10958012,0.289,21.895,-86.6142905,34.76375266666667,31.157169973516336,48.79306454746607,-64.53655833271587,Before Launch
530,2025-05-04 12:07:49,22.79,1.9192913999999999,-1.524,21.922,-86.6142905,34.76375266666667,28.87134749307654,44.93954995645735,-62.31759096572724,Before Launch
531,2025-05-04 12:07:49,22.833,0.45275592000000003,-0.565,21.929,-86.6142905,34.76375266666667,28.351551338843738,43.49431583647933,-61.25662977664798,Before Launch
532,2025-05-04 12:07:49,22.875,1.8897638399999999,-0.141,21.907,-86.6142905,34.76375266666667,29.240230679218946,41.758350692057036,-59.13208224308964,Before Launch
533,2025-05-04 12:07:49,22.917,0.33136484,-2.214,21.932,-86.61429316666667,34.7637515,29.030743395640204,41.34585402581045,-58.61009438412628,Before Launch
534,2025-05-04 12:07:49,22.96,-0.78412076,-0.79,21.932,-86.61429316666667,34.7637515,26.621112039454275,39.149452225415104,-57.94346474080513,Before Launch
535,2025-05-04 12:07:49,23.003,1.8667979599999998,-0.286,21.9,-86.61429316666667,34.7637515,25.599552818415603,38.2460824077743,-58.40503470130032,Before Launch
536,2025-05-04 12:07:49,23.045,-0.9055118400000001,-3.133,21.935,-86.61429316666667,34.7637515,23.93894128691569,36.850777586877896,-59.30486524020452,Before Launch
537,2025-05-04 12:07:49,23.087,-1.02362208,-2.758,21.937,-86.61429316666667,34.7637515,22.309487813155066,36.68704668009946,-60.93410648434574,Before Launch
538,2025-05-04 12:07:49,23.13,-2.02099744,-3.474,21.935,-86.61429316666667,34.7637515,19.38700908492824,36.252774260735656,-63.912154231372966,Before Launch
539,2025-05-04 12:07:49,23.173,1.98818904,-0.35,21.897,-86.61429316666667,34.7637515,18.551063101546163,36.580355191394894,-65.07501429423053,Before Launch
540,2025-05-04 12:07:49,23.215,-0.65288716,-2.783,21.937,-86.61429316666667,34.7637515,17.540393216814195,37.83402895507896,-67.42398421520838,Before Launch
541,2025-05-04 12:07:49,23.258,-0.2788714,-0.921,21.905,-86.61429316666667,34.7637515,16.917703145245465,38.405934547218216,-68.7020133047886,Before Launch
542,2025-05-04 12:07:49,23.302,-0.9055118400000001,-1.616,21.935,-86.61429316666667,34.7637515,16.037112754144538,38.89692809611535,-70.53359049355959,Before Launch
543,2025-05-04 12:07:49,23.344,-0.25918636,-0.902,21.945,-86.61429316666667,34.7637515,15.567456929901102,38.99643823421096,-71.63375071195458,Before Launch
544,2025-05-04 12:07:49,23.387,0.8825459600000001,-1.208,21.905,-86.61429316666667,34.7637515,14.730368096247863,38.125237756660155,-72.81764629055736,Before Launch
545,2025-05-04 12:07:49,23.429,-1.50590556,-3.629,21.939,-86.61429316666667,34.7637515,14.257378798950466,37.10939904230832,-72.72477818890741,Before Launch
546,2025-05-04 12:07:49,23.472,-0.2788714,-1.951,21.937,-86.61429316666667,34.7637515,13.70527722476627,36.143358304252196,-72.59053249444784,Before Launch
547,2025-05-04 12:07:49,23.515,0.63320212,-0.99,21.902,-86.61429316666667,34.7637515,13.72377123393299,36.04033397179425,-72.40368045726586,Before Launch
548,2025-05-04 12:07:49,23.557,-1.52887144,-6.331,21.932,-86.61429316666667,34.7637515,13.629209945546252,36.56291212766498,-72.17033658538764,Before Launch
549,2025-05-04 12:07:49,23.6,-0.78412076,-1.951,21.932,-86.61429316666667,34.7637515,13.534005622297181,37.207197814975984,-72.39217228360384,Before Launch
550,2025-05-04 12:07:49,23.643,-0.5839895199999999,-2.133,21.912,-86.61429316666667,34.7637515,13.689210588254562,38.131746723948915,-73.11704621285698,Before Launch
551,2025-05-04 12:07:49,23.685,0.09186352,-2.591,21.937,-86.61429316666667,34.7637515,13.345429309824803,38.36672652131043,-73.47650326115743,Before Launch
552,2025-05-04 12:07:49,23.736,-0.17060367999999998,-0.467,21.927,-86.61429316666667,34.7637515,11.538224265708111,38.54110390949343,-74.3062169575175,Before Launch
553,2025-05-04 12:07:50,23.78,0.9448819199999999,0.244,21.877,-86.61429316666667,34.7637515,10.498992428946396,38.67771098993617,-75.25244234687116,Before Launch
554,2025-05-04 12:07:50,23.822,-0.78412076,-2.692,21.932,-86.61429316666667,34.7637515,10.86542817043623,38.981456410940176,-75.60441426917227,Before Launch
555,2025-05-04 12:07:50,23.865,0.6824147199999999,-1.151,21.925,-86.61429316666667,34.7637515,11.098653051790498,39.86178228773334,-77.92613372384889,Before Launch
556,2025-05-04 12:07:50,23.908,3.0839895999999998,2.448,21.922,-86.61429133333333,34.76375383333333,10.28483042316302,40.51837958395629,-79.94679425613401,Before Launch
557,2025-05-04 12:07:50,23.95,0.8038058,-1.01,21.922,-86.61429133333333,34.76375383333333,9.251848250668148,41.720877936484015,-82.07836359526952,Before Launch
558,2025-05-04 12:07:50,23.993,1.9356955999999998,1.491,21.875,-86.61429133333333,34.76375383333333,9.095476111357584,42.56496989882372,-82.39425918474613,Before Launch
559,2025-05-04 12:07:50,24.035,1.8897638399999999,2.487,21.917,-86.61429133333333,34.76375383333333,9.034874929014691,44.08931018522884,-82.46683019507024,Before Launch
560,2025-05-04 12:07:50,24.078,0.3116798,-1.447,21.925,-86.61429133333333,34.76375383333333,8.812403669638437,44.850100989399294,-82.29870906006461,Before Launch
561,2025-05-04 12:07:50,24.12,1.04330712,1.813,21.917,-86.61429133333333,34.76375383333333,9.687622904972894,47.09344845129777,-81.23234351495292,Before Launch
562,2025-05-04 12:07:50,24.163,2.58202108,3.351,21.885,-86.61429133333333,34.76375383333333,11.326884671939442,48.235861422878195,-80.13137290992093,Before Launch
563,2025-05-04 12:07:50,24.206,0.6725722,2.503,21.917,-86.61429133333333,34.76375383333333,13.715322169962464,50.18167195257667,-78.72420922857712,Before Launch
564,2025-05-04 12:07:50,24.248,2.0013123999999998,0.012,21.905,-86.61429133333333,34.76375383333333,14.827730346362031,50.98251714927108,-78.05535752645184,Before Launch
565,2025-05-04 12:07:50,24.291,1.1548556799999998,1.68,21.915,-86.61429133333333,34.76375383333333,16.329074090780768,52.08387313204745,-77.26224497150642,Before Launch
566,2025-05-04 12:07:50,24.333,1.02362208,1.212,21.91,-86.61429133333333,34.76375383333333,17.384293065900223,52.67627725525286,-76.63538422284034,Before Launch
567,2025-05-04 12:07:50,24.376,0.1804462,1.011,21.92,-86.61429133333333,34.76375383333333,19.11345924957337,53.11709498649421,-75.23947812309228,Before Launch
568,2025-05-04 12:07:50,24.419,1.66994756,1.795,21.92,-86.61429133333333,34.76375383333333,19.683510426075497,53.018254693205584,-74.75078717253973,Before Launch
569,2025-05-04 12:07:50,24.461,0.53149608,-0.327,21.912,-86.61429133333333,34.76375383333333,20.8035116749069,52.96326109807512,-73.77533152665184,Before Launch
570,2025-05-04 12:07:50,24.504,0.40026248,1.773,21.907,-86.61429133333333,34.76375383333333,21.14006453501906,53.19632080481198,-73.62319813205642,Before Launch
571,2025-05-04 12:07:50,24.546,0.30183728,0.541,21.917,-86.61429133333333,34.76375383333333,21.441615512697215,53.66835351576798,-73.7862288420721,Before Launch
572,2025-05-04 12:07:50,24.589,0.43307088,-0.186,21.922,-86.61429133333333,34.76375383333333,21.408233066143435,53.88883508305053,-73.99500233033392,Before Launch
573,2025-05-04 12:07:50,24.632,3.5236221600000004,4.7,21.865,-86.61429133333333,34.76375383333333,21.035822345772967,53.939859103299135,-74.28737208875859,Before Launch
574,2025-05-04 12:07:50,24.674,2.37204732,2.939,21.905,-86.61429133333333,34.76375383333333,20.710100238930632,53.79922197557273,-74.40949871349292,Before Launch
575,2025-05-04 12:07:50,24.717,2.2080053200000003,2.6,21.885,-86.61429133333333,34.76375383333333,19.64340164128731,53.33092538549319,-74.96341540415231,Before Launch
576,2025-05-04 12:07:50,24.76,1.14501316,0.98,21.907,-86.61429133333333,34.76375383333333,19.284404916247,53.06936342767782,-75.19177983454641,Before Launch
577,2025-05-04 12:07:51,24.802,1.2959318,1.376,21.92,-86.61429133333333,34.76375383333333,18.600979156472008,52.695269313208584,-75.63397323199618,Before Launch
578,2025-05-04 12:07:51,24.845,2.952756,1.885,21.922,-86.61429133333333,34.76375383333333,18.319829009509387,52.477212337746934,-75.8034228815779,Before Launch
579,2025-05-04 12:07:51,24.887,0.51181104,1.217,21.905,-86.6142865,34.763761333333335,17.917243461300945,52.059285737787306,-75.98693614866166,Before Launch
580,2025-05-04 12:07:51,24.93,1.04330712,0.339,21.917,-86.6142865,34.763761333333335,17.81195683363764,51.90075711725415,-75.98613500013488,Before Launch
581,2025-05-04 12:07:51,24.973,0.43307088,-2.489,21.927,-86.6142865,34.763761333333335,17.735268312568362,51.57078556877419,-75.79261195411405,Before Launch
582,2025-05-04 12:07:51,25.015,1.22375332,0.394,21.89,-86.6142865,34.763761333333335,18.061795892420548,51.399813460990366,-75.66073579481392,Before Launch
583,2025-05-04 12:07:51,25.058,2.16207356,0.213,21.917,-86.6142865,34.763761333333335,18.528573649837615,50.89101141601064,-75.29334085369713,Before Launch
584,2025-05-04 12:07:51,25.1,0.8038058,-1.02,21.917,-86.6142865,34.763761333333335,18.64509609812965,50.76918701862385,-75.06909066824323,Before Launch
585,2025-05-04 12:07:51,25.143,1.7355643600000001,1.337,21.895,-86.6142865,34.763761333333335,19.83500995367014,51.54002029256308,-74.50400725634441,Before Launch
586,2025-05-04 12:07:51,25.185,1.9192913999999999,0.823,21.922,-86.6142865,34.763761333333335,20.94728414683607,52.29438551682402,-73.96525262956023,Before Launch
587,2025-05-04 12:07:51,25.236,0.20013124,-2.22,21.927,-86.6142865,34.763761333333335,21.670341392597543,52.29890379246527,-73.26206392515553,Before Launch
588,2025-05-04 12:07:51,25.28,1.6174541199999999,0.88,21.897,-86.6142865,34.763761333333335,22.652087137274894,51.733153441516166,-72.10901546589932,Before Launch
589,2025-05-04 12:07:51,25.322,2.46063,0.428,21.887,-86.6142865,34.763761333333335,22.69865228383396,50.84525545315455,-71.6356465664494,Before Launch
590,2025-05-04 12:07:51,25.365,0.574147,-0.541,21.927,-86.6142865,34.763761333333335,21.761226173192412,47.06889108335412,-71.04620821908271,Before Launch
591,2025-05-04 12:07:51,25.408,-0.19028872,-1.129,21.92,-86.6142865,34.763761333333335,21.206104630961875,44.81700823885991,-70.21294541007413,Before Launch
592,2025-05-04 12:07:51,25.45,0.6824147199999999,0.467,21.925,-86.6142865,34.763761333333335,21.373500757951593,40.44762542174733,-67.51206396888271,Before Launch
593,2025-05-04 12:07:51,25.493,0.1804462,-1.387,21.92,-86.6142865,34.763761333333335,22.152639974744705,37.71007135315582,-64.48291291293988,Before Launch
594,2025-05-04 12:07:51,25.535,-0.29199475999999996,-0.767,21.929,-86.6142865,34.763761333333335,22.314115751084586,33.37052613756033,-58.914689519316916,Before Launch
595,2025-05-04 12:07:51,25.578,-0.8038058,-1.121,21.915,-86.6142865,34.763761333333335,22.595375201362984,28.862808002405238,-52.66844833813896,Before Launch
596,2025-05-04 12:07:51,25.629,0.58070868,0.257,21.88,-86.6142865,34.763761333333335,22.379083818077962,27.072420980640672,-49.42649119860884,Before Launch
597,2025-05-04 12:07:51,25.673,-1.30577432,-1.604,21.92,-86.6142865,34.763761333333335,21.956147594034572,23.669616612875117,-43.77712434895393,Before Launch
598,2025-05-04 12:07:51,25.721,0.48228348,-2.793,21.89,-86.6142865,34.763761333333335,21.835688806418247,21.438047091420593,-40.862460932153326,Before Launch
599,2025-05-04 12:07:52,25.766,-0.6824147199999999,-2.797,21.922,-86.6142865,34.763761333333335,20.097674295958786,16.466936015896174,-36.712623254804974,Before Launch
600,2025-05-04 12:07:52,25.808,-0.43307088,-2.421,21.925,-86.6142865,34.763761333333335,18.073461709730182,14.45084517199831,-36.75783309265764,Before Launch
601,2025-05-04 12:07:52,25.85,-0.91535436,-1.89,21.922,-86.6142865,34.763761333333335,15.052963514218396,11.515045866799563,-38.55435867593667,Before Launch
602,2025-05-04 12:07:52,25.893,-0.11154856,-1.29,21.902,-86.61429016666666,34.763764333333334,14.545448919257474,10.59888645203906,-39.233518275726745,Before Launch
603,2025-05-04 12:07:52,25.937,1.59776908,-1.241,21.89,-86.61429016666666,34.763764333333334,14.09912475595756,9.850683811258536,-41.2037459473256,Before Launch
604,2025-05-04 12:07:52,25.979,-0.5446194400000001,-0.967,21.927,-86.61429016666666,34.763764333333334,14.026703998614188,9.841150017784026,-41.82605700681676,Before Launch
605,2025-05-04 12:07:52,26.022,0.20013124,-0.772,21.927,-86.61429016666666,34.763764333333334,13.200704502165259,9.233846725856358,-39.95163106028582,Before Launch
606,2025-05-04 12:07:52,26.065,2.25721792,1.67,21.852,-86.61429016666666,34.763764333333334,12.675821898042168,9.008408976192221,-38.74952148282953,Before Launch
607,2025-05-04 12:07:52,26.107,-0.20997376,-1.313,21.912,-86.61429016666666,34.763764333333334,12.747986394674482,8.908564694753561,-36.55743903486466,Before Launch
608,2025-05-04 12:07:52,26.15,0.43307088,-1.583,21.922,-86.61429016666666,34.763764333333334,12.75669922696727,8.66811755893357,-35.420442007709745,Before Launch
609,2025-05-04 12:07:52,26.192,0.3116798,-0.451,21.925,-86.61429016666666,34.763764333333334,12.35772666568389,7.410824188817794,-30.709547768242572,Before Launch
610,2025-05-04 12:07:52,26.235,1.52887144,-0.189,21.915,-86.61429016666666,34.763764333333334,12.215923124210672,6.437562144382673,-26.384637195216342,Before Launch
611,2025-05-04 12:07:52,26.285,1.04330712,-0.796,21.917,-86.61429016666666,34.763764333333334,12.275421462367131,6.170544487472748,-24.963968006095918,Before Launch
612,2025-05-04 12:07:52,26.33,0.20013124,0.0,21.927,-86.61429016666666,34.763764333333334,12.136890725229959,5.531337723881104,-22.79224859975463,Before Launch
613,2025-05-04 12:07:52,26.372,-0.059055119999999996,-1.535,21.917,-86.61429016666666,34.763764333333334,13.075309055684535,5.409768387042643,-22.07907078393667,Before Launch
614,2025-05-04 12:07:52,26.415,0.1804462,-2.086,21.92,-86.61429016666666,34.763764333333334,14.112447808824365,5.264722030637997,-21.098817345310703,Before Launch
615,2025-05-04 12:07:52,26.457,0.3116798,-0.24,21.925,-86.61429016666666,34.763764333333334,14.243413717473468,5.031700230761841,-20.855089661339697,Before Launch
616,2025-05-04 12:07:52,26.5,0.16076116000000001,0.321,21.887,-86.61429016666666,34.763764333333334,14.392466362107289,4.578776525521552,-20.373726726027765,Before Launch
617,2025-05-04 12:07:52,26.542,0.059055119999999996,-0.571,21.922,-86.61429016666666,34.763764333333334,14.887837764360665,4.495835952479741,-19.246736909535404,Before Launch
618,2025-05-04 12:07:52,26.585,1.04330712,0.79,21.917,-86.61429016666666,34.763764333333334,17.597539275168046,4.69731542442035,-16.46533284630843,Before Launch
619,2025-05-04 12:07:52,26.628,0.41338584,0.645,21.902,-86.61429016666666,34.763764333333334,19.320580383629,4.924898927054013,-15.62366427395884,Before Launch
620,2025-05-04 12:07:52,26.67,0.30183728,1.012,21.917,-86.61429016666666,34.763764333333334,24.27469849489061,5.631225979881377,-13.495495738763555,Before Launch
621,2025-05-04 12:07:52,26.713,1.1548556799999998,0.53,21.915,-86.61429016666666,34.763764333333334,28.62274223068303,5.891756452643705,-11.690837639228189,Before Launch
622,2025-05-04 12:07:53,26.764,1.27624676,2.367,21.912,-86.61429016666666,34.763764333333334,30.057710831834388,5.712650980093782,-10.757942075565897,Before Launch
623,2025-05-04 12:07:53,26.808,1.52887144,0.963,21.915,-86.61429016666666,34.763764333333334,32.37701804523464,4.362467884788028,-7.544187706363935,Before Launch
624,2025-05-04 12:07:53,26.851,2.5918636,3.018,21.892,-86.61429016666666,34.763764333333334,33.35052266679427,3.6994415138856396,-6.098923904483309,Before Launch
625,2025-05-04 12:07:53,26.893,2.04068248,2.28,21.92,-86.61429333333334,34.76376166666667,34.879739512326786,2.66532054441433,-4.239164671281347,Before Launch
626,2025-05-04 12:07:53,26.936,0.6725722,1.462,21.917,-86.61429333333334,34.76376166666667,35.68366269596237,2.3121828874829267,-3.64378818606776,Before Launch
627,2025-05-04 12:07:53,26.979,1.14501316,1.157,21.907,-86.61429333333334,34.76376166666667,38.28641505119948,1.7608507154488489,-2.6979002475698506,Before Launch
628,2025-05-04 12:07:53,27.021,1.39763784,-0.185,21.91,-86.61429333333334,34.76376166666667,39.34320130462162,1.5834353762984783,-2.452338834513442,Before Launch
629,2025-05-04 12:07:53,27.064,1.1548556799999998,1.566,21.915,-86.61429333333334,34.76376166666667,40.84690345523089,1.7169050319020152,-2.5324902966022402,Before Launch
630,2025-05-04 12:07:53,27.106,0.28215224,0.076,21.91,-86.61429333333334,34.76376166666667,41.20142711364207,1.9012144307399237,-2.719132174081432,Before Launch
631,2025-05-04 12:07:53,27.149,2.83136492,0.53,21.887,-86.61429333333334,34.76376166666667,41.38805778713383,1.9899717957405707,-3.175915821653249,Before Launch
632,2025-05-04 12:07:53,27.191,0.9251968799999999,1.047,21.92,-86.61429333333334,34.76376166666667,38.460681944236015,1.787638179283598,-3.415397406677606,Before Launch
633,2025-05-04 12:07:53,27.241,0.1804462,-0.232,21.92,-86.61429333333334,34.76376166666667,36.71549595361786,1.2721234123246044,-3.3420231000856315,Before Launch
634,2025-05-04 12:07:53,27.286,0.65288716,0.312,21.91,-86.61429333333334,34.76376166666667,32.76536059175333,0.3476544947720058,-2.307976365671316,Before Launch
635,2025-05-04 12:07:53,27.328,-0.7053806,-2.044,21.915,-86.61429333333334,34.76376166666667,30.835237245907464,-0.19982244357796136,-1.7172071309932186,Before Launch
636,2025-05-04 12:07:53,27.372,0.1804462,-0.794,21.92,-86.61429333333334,34.76376166666667,26.79634888078287,-1.1180548647263724,-0.3687048626280256,Before Launch
637,2025-05-04 12:07:53,27.417,0.30183728,0.094,21.912,-86.61429333333334,34.76376166666667,25.196928104062486,-1.6616199199086927,0.7640160529574584,Before Launch
638,2025-05-04 12:07:53,27.459,1.9488189599999999,1.847,21.882,-86.61429333333334,34.76376166666667,22.441954690736743,-2.3872010978404927,2.7193942053247313,Before Launch
639,2025-05-04 12:07:53,27.502,0.30183728,0.112,21.917,-86.61429333333334,34.76376166666667,21.14835891223109,-2.9153691426948294,4.364770687871263,Before Launch
640,2025-05-04 12:07:53,27.544,1.52887144,1.12,21.922,-86.61429333333334,34.76376166666667,19.867182895016864,-3.5741997071875824,7.175394052601497,Before Launch
641,2025-05-04 12:07:53,27.587,2.71325468,2.348,21.89,-86.61429333333334,34.76376166666667,19.64740561527874,-3.8196980529078193,8.265052738349558,Before Launch
642,2025-05-04 12:07:53,27.63,-1.7782152800000002,-1.689,21.929,-86.61429333333334,34.76376166666667,18.32849947984305,-4.167939355854166,10.951453858759681,Before Launch
643,2025-05-04 12:07:53,27.672,-0.7053806,-1.609,21.915,-86.61429333333334,34.76376166666667,17.436755674213185,-4.124754098314759,12.42565594073349,Before Launch
644,2025-05-04 12:07:53,27.715,1.8372704000000002,1.31,21.885,-86.61429333333334,34.76376166666667,15.241626393288325,-3.968209246966265,15.988035691565024,Before Launch
645,2025-05-04 12:07:53,27.757,-0.91535436,-1.12,21.927,-86.61429333333334,34.76376166666667,13.850446714196714,-3.9664640786731873,18.840788864033957,Before Launch
646,2025-05-04 12:07:54,27.799,1.05643048,-0.091,21.925,-86.61429333333334,34.76376166666667,11.01502699242854,-4.0905966874125195,25.46945892849611,Before Launch
647,2025-05-04 12:07:54,27.843,0.99409452,-0.261,21.895,-86.61429333333334,34.76376166666667,9.840408374839644,-4.324520360356687,28.754457982073557,Before Launch
648,2025-05-04 12:07:54,27.893,0.43307088,-1.01,21.922,-86.61429783333334,34.76376,7.945152000093612,-4.65487835031065,34.84204599099243,Before Launch
649,2025-05-04 12:07:54,27.936,-0.09186352,-2.473,21.91,-86.61429783333334,34.76376,6.274335919499727,-4.186618128414826,37.42579848943885,Before Launch
650,2025-05-04 12:07:54,27.979,0.1804462,-1.713,21.87,-86.61429783333334,34.76376,5.605970089951455,-3.8390238161008963,38.096949270615866,Before Launch
651,2025-05-04 12:07:54,28.021,-0.3116798,-0.907,21.922,-86.61429783333334,34.76376,4.391089612701088,-2.9220164983828067,38.63386734070475,Before Launch
652,2025-05-04 12:07:54,28.064,0.9251968799999999,-0.203,21.92,-86.61429783333334,34.76376,3.943483905683948,-2.4419737681882103,38.40985911948713,Before Launch
653,2025-05-04 12:07:54,28.106,-0.07217847999999999,-1.355,21.917,-86.61429783333334,34.76376,3.1436773697851814,-1.2429135622602123,38.84338352549396,Before Launch
654,2025-05-04 12:07:54,28.149,0.03937008,-1.028,21.915,-86.61429783333334,34.76376,2.8952257871214107,-0.6118205739012472,39.44171566279069,Before Launch
655,2025-05-04 12:07:54,28.192,1.51574808,1.136,21.907,-86.61429783333334,34.76376,2.629980464937743,0.6214898950089172,41.043561853810814,Before Launch
656,2025-05-04 12:07:54,28.234,-0.43307088,-3.009,21.925,-86.61429783333334,34.76376,2.7708935678752655,1.1180510344556553,41.57024751668265,Before Launch
657,2025-05-04 12:07:54,28.276,-1.05643048,-1.826,21.922,-86.61429783333334,34.76376,2.8517612472864386,1.8535530704192829,37.4263380234925,Before Launch
658,2025-05-04 12:07:54,28.319,-0.3116798,-0.457,21.922,-86.61429783333334,34.76376,2.7263908389644875,2.4422281046334575,25.97421724041228,Before Launch
659,2025-05-04 12:07:54,28.37,-0.43307088,-1.002,21.925,-86.61429783333334,34.76376,2.645635951283853,5.359540391424122,-15.578091439227013,Before Launch
660,2025-05-04 12:07:54,28.413,-0.43307088,0.251,21.925,-86.61429783333334,34.76376,2.7589200966850176,9.170044649001232,-45.202373392792694,Before Launch
661,2025-05-04 12:07:54,28.456,-0.19028872,-0.342,21.92,-86.61429783333334,34.76376,2.9067567040648075,10.901757758766422,-55.08881839470094,Before Launch
662,2025-05-04 12:07:54,28.499,2.44094496,1.977,21.88,-86.61429783333334,34.76376,2.9560330594730577,14.360760576222571,-68.97871533749581,Before Launch
663,2025-05-04 12:07:54,28.541,0.28215224,-1.54,21.92,-86.61429783333334,34.76376,2.872929915577664,16.108036643683498,-73.82972862337766,Before Launch
664,2025-05-04 12:07:54,28.583,0.1804462,-0.112,21.92,-86.61429783333334,34.76376,2.655572244964687,18.260230439580077,-79.79852757809643,Before Launch
665,2025-05-04 12:07:54,28.626,-0.19028872,-1.589,21.92,-86.61429783333334,34.76376,2.44328898085867,18.957569420368216,-81.71395760516164,Before Launch
666,2025-05-04 12:07:54,28.668,-0.33136484,-2.816,21.925,-86.61429783333334,34.76376,1.8926191394998368,19.765182680649495,-84.33208636388521,Before Launch
667,2025-05-04 12:07:54,28.711,-0.43307088,1.244,21.925,-86.61429783333334,34.76376,1.6423913297881618,19.98076984181144,-85.1265483947088,Before Launch
668,2025-05-04 12:07:54,28.754,0.1804462,0.819,21.92,-86.61429783333334,34.76376,1.4041541979100318,20.437269960476062,-86.29000830768919,Before Launch
669,2025-05-04 12:07:55,28.796,0.03937008,-1.663,21.915,-86.61429783333334,34.76376,1.2229031161428134,20.656151033211227,-87.41605960972161,Before Launch
670,2025-05-04 12:07:55,28.839,-0.3116798,0.558,21.922,-86.61429783333334,34.76376,-0.10484490990487838,21.013236559933457,-91.40000599135229,Before Launch
671,2025-05-04 12:07:55,28.882,-0.46259843999999994,-1.403,21.922,-86.61429833333334,34.76375683333333,-2.440495696511997,20.003831021068468,-97.77676816999714,Before Launch
672,2025-05-04 12:07:55,28.932,-0.059055119999999996,-0.967,21.925,-86.61429833333334,34.76375683333333,-3.09278743844674,19.482705303656477,-100.52280864567688,Before Launch
673,2025-05-04 12:07:55,28.975,-2.17191608,-2.408,21.907,-86.61429833333334,34.76375683333333,-3.634650813785573,18.656845845595583,-104.92400297231521,Before Launch
674,2025-05-04 12:07:55,29.017,0.6824147199999999,0.716,21.925,-86.61429833333334,34.76375683333333,-3.817573715754444,17.93248858132204,-106.9232329126451,Before Launch
675,2025-05-04 12:07:55,29.06,-0.17060367999999998,-0.325,21.927,-86.61429833333334,34.76375683333333,-4.18137171443616,15.1363381194542,-111.14179863938014,Before Launch
676,2025-05-04 12:07:55,29.102,2.15879272,2.285,21.892,-86.61429833333334,34.76375683333333,-4.300511938461494,13.868602793869654,-112.7951391099554,Before Launch
677,2025-05-04 12:07:55,29.144,-0.43307088,-1.258,21.925,-86.61429833333334,34.76375683333333,-4.518887322625678,12.149620065995757,-114.7567291460949,Before Launch
678,2025-05-04 12:07:55,29.187,-2.0308399599999998,-1.812,21.927,-86.61429833333334,34.76375683333333,-4.436994045151009,11.756590915919716,-115.36432046174775,Before Launch
679,2025-05-04 12:07:55,29.229,0.5511811200000001,0.474,21.92,-86.61429833333334,34.76375683333333,-3.904148113218991,10.873826159657861,-117.2469071157039,Before Launch
680,2025-05-04 12:07:55,29.272,0.78412076,-0.677,21.915,-86.61429833333334,34.76375683333333,-3.930687587536755,10.594588814220009,-119.28868205545244,Before Launch
681,2025-05-04 12:07:55,29.314,0.3608924,0.735,21.892,-86.61429833333334,34.76375683333333,-3.8791030188965117,10.17764014171458,-122.0837464078451,Before Launch
682,2025-05-04 12:07:55,29.357,-0.29199475999999996,0.707,21.929,-86.61429833333334,34.76375683333333,-3.549210739940937,10.143210339632065,-123.22235580740471,Before Launch
683,2025-05-04 12:07:55,29.399,-0.410105,-0.091,21.932,-86.61429833333334,34.76375683333333,-3.212953459124834,11.19281676526069,-121.56797273019622,Before Launch
684,2025-05-04 12:07:55,29.442,-0.43307088,0.0,21.925,-86.61429833333334,34.76375683333333,-3.350478318981106,11.631655488444574,-120.23418619910089,Before Launch
685,2025-05-04 12:07:55,29.484,-0.53149608,-0.092,21.935,-86.61429833333334,34.76375683333333,-3.019683495396309,12.183009088236297,-117.13652653699289,Before Launch
686,2025-05-04 12:07:55,29.527,1.1056430800000001,1.21,21.932,-86.61429833333334,34.76375683333333,-2.184699528431589,12.308023230493257,-113.66429172225398,Before Launch
687,2025-05-04 12:07:55,29.569,-0.9055118400000001,-3.128,21.935,-86.61429833333334,34.76375683333333,-0.37850167414975866,12.488261999510152,-105.64401439037353,Before Launch
688,2025-05-04 12:07:55,29.612,-0.03937008,-0.3,21.932,-86.61429833333334,34.76375683333333,0.2631524324015274,12.758935127931636,-101.88741515178475,Before Launch
689,2025-05-04 12:07:55,29.655,-0.5446194400000001,-0.676,21.932,-86.61429833333334,34.76375683333333,1.9920857731477217,13.230558925640134,-92.05139583822734,Before Launch
690,2025-05-04 12:07:55,29.697,0.20013124,0.365,21.927,-86.61429833333334,34.76375683333333,2.7590924730079567,13.429684357168108,-87.18334562244435,Before Launch
691,2025-05-04 12:07:55,29.745,0.33136484,0.615,21.932,-86.61429833333334,34.76375683333333,3.9545442168798584,13.572991754294204,-79.50491440871026,Before Launch
692,2025-05-04 12:07:56,29.793,-0.65288716,-0.203,21.932,-86.61429833333334,34.76375683333333,5.03133344161512,13.430696054667264,-74.99390426705017,Before Launch
693,2025-05-04 12:07:56,29.836,-1.03674544,-1.125,21.929,-86.61429833333334,34.76375683333333,5.249178065249432,13.417678371180568,-73.24599766546315,Before Launch
694,2025-05-04 12:07:56,29.878,-0.66272968,-0.649,21.929,-86.61430233333333,34.76375633333333,5.478815313136334,13.250145308107639,-70.09164022197416,Before Launch
695,2025-05-04 12:07:56,29.921,-0.29199475999999996,0.018,21.91,-86.61430233333333,34.76375633333333,5.376758318517267,13.247648853190604,-68.88989378166114,Before Launch
696,2025-05-04 12:07:56,29.964,-0.03937008,0.391,21.932,-86.61430233333333,34.76375633333333,5.146612992992767,13.306160837242999,-67.44112065395475,Before Launch
697,2025-05-04 12:07:56,30.006,-1.27624676,-1.133,21.935,-86.61430233333333,34.76375633333333,5.334888070330901,13.383851752714714,-67.01766607060605,Before Launch
698,2025-05-04 12:07:56,30.049,-0.9055118400000001,1.179,21.907,-86.61430233333333,34.76375633333333,5.51678868756717,13.606979232827717,-66.87699613975349,Before Launch
699,2025-05-04 12:07:56,30.092,-0.53149608,-1.129,21.935,-86.61430233333333,34.76375633333333,5.07327208795312,13.858138558522125,-67.9275669327723,Before Launch
700,2025-05-04 12:07:56,30.142,0.82349084,0.919,21.929,-86.61430233333333,34.76375633333333,4.197600867918724,14.183628441736007,-69.25281208181245,Before Launch
701,2025-05-04 12:07:56,30.185,0.08202100000000001,-1.918,21.935,-86.61430233333333,34.76375633333333,3.5592619021320937,14.63147107996854,-70.32953463808748,Before Launch
702,2025-05-04 12:07:56,30.23,-0.059055119999999996,0.344,21.925,-86.61430233333333,34.76375633333333,3.180109098055133,14.930199131486347,-70.76750087626928,Before Launch
703,2025-05-04 12:07:56,30.272,2.0669292,3.777,21.88,-86.61430233333333,34.76375633333333,2.883985918869972,15.423169900915154,-71.61531440357628,Before Launch
704,2025-05-04 12:07:56,30.314,-0.03937008,-0.544,21.932,-86.61430233333333,34.76375633333333,3.0591296811461177,15.839782489537384,-71.98308900166379,Before Launch
705,2025-05-04 12:07:56,30.357,-0.16076116000000001,-0.871,21.935,-86.61430233333333,34.76375633333333,3.295663070789452,16.74422408652479,-72.80094518587305,Before Launch
706,2025-05-04 12:07:56,30.4,1.64698168,1.184,21.912,-86.61430233333333,34.76375633333333,3.028386905406112,17.021121456551636,-74.67890574587777,Before Launch
707,2025-05-04 12:07:56,30.442,0.43307088,0.668,21.922,-86.61430233333333,34.76375633333333,2.214890920169924,17.6324083735744,-78.92472599258117,Before Launch
708,2025-05-04 12:07:56,30.485,2.22112868,2.423,21.892,-86.61430233333333,34.76375633333333,1.5873486814238662,18.193629688259605,-81.61265564224067,Before Launch
709,2025-05-04 12:07:56,30.527,0.3116798,0.686,21.925,-86.61430233333333,34.76375633333333,0.4422878712031864,18.941091284172646,-85.21475551372811,Before Launch
710,2025-05-04 12:07:56,30.569,0.6824147199999999,1.119,21.925,-86.61430233333333,34.76375633333333,0.016011304631376094,19.229878124744648,-86.40336637912729,Before Launch
711,2025-05-04 12:07:56,30.612,-1.03674544,-1.975,21.929,-86.61430233333333,34.76375633333333,-0.45464890115496215,19.64674215568901,-88.20347212040207,Before Launch
712,2025-05-04 12:07:56,30.654,-0.19028872,0.659,21.92,-86.61430233333333,34.76375633333333,-0.5913669662924075,19.786205650636486,-88.76631896447448,Before Launch
713,2025-05-04 12:07:56,30.697,-0.5446194400000001,-0.466,21.927,-86.61430233333333,34.76375633333333,-0.9039972760869105,19.822581216409148,-90.08081435572248,Before Launch
714,2025-05-04 12:07:56,30.739,-0.9055118400000001,-0.333,21.937,-86.61430233333333,34.76375633333333,-1.2133342247064045,19.809126186877666,-91.28426103393204,Before Launch
715,2025-05-04 12:07:57,30.781,2.56233604,2.179,21.877,-86.61430233333333,34.76375633333333,-1.3749875608799695,19.92634397724009,-93.02171672329168,Before Launch
716,2025-05-04 12:07:57,30.824,-1.66010504,-1.846,21.927,-86.61430233333333,34.76375633333333,-1.3916891850401825,20.0038830947303,-93.56201346078934,Before Launch
717,2025-05-04 12:07:57,30.866,0.45275592000000003,1.03,21.932,-86.61430233333333,34.76375633333333,-1.6619180843450307,20.041551324469147,-94.70834314854254,Before Launch
718,2025-05-04 12:07:57,30.909,2.61154864,3.4,21.9,-86.61431,34.76375266666667,-1.6462058045932124,20.083010193599698,-95.14765179114164,Before Launch
719,2025-05-04 12:07:57,30.951,1.1548556799999998,1.694,21.915,-86.61431,34.76375266666667,-1.5152295392736916,20.005262305496835,-95.81285034049675,Before Launch
720,2025-05-04 12:07:57,30.994,-0.059055119999999996,0.217,21.925,-86.61431,34.76375266666667,-1.3222058078980379,19.92510366595078,-95.98446968630044,Before Launch
721,2025-05-04 12:07:57,31.036,1.37467196,1.319,21.902,-86.61431,34.76375266666667,-0.1160891713580947,19.480176997551464,-94.69520534305667,Before Launch
722,2025-05-04 12:07:57,31.079,-0.16076116000000001,1.04,21.935,-86.61431,34.76375266666667,0.49155478348919274,19.37393440320801,-93.70276286429991,Before Launch
723,2025-05-04 12:07:57,31.122,0.3116798,1.134,21.925,-86.61431,34.76375266666667,1.148181223939794,19.137177085600865,-92.20852995787452,Before Launch
724,2025-05-04 12:07:57,31.164,1.00393704,1.432,21.902,-86.61431,34.76375266666667,1.2915423449756345,19.069399241459088,-91.65545978344403,Before Launch
725,2025-05-04 12:07:57,31.207,-0.17060367999999998,-0.933,21.927,-86.61431,34.76375266666667,1.3796158874574704,18.544230009259074,-90.78507357930624,Before Launch
726,2025-05-04 12:07:57,31.249,0.3116798,0.216,21.925,-86.61431,34.76375266666667,1.3771987579385425,18.017346256624773,-90.2870116108471,Before Launch
727,2025-05-04 12:07:57,31.291,0.6824147199999999,0.699,21.907,-86.61431,34.76375266666667,1.8106384947998109,17.078062778749594,-88.15406517780657,Before Launch
728,2025-05-04 12:07:57,31.334,-0.16076116000000001,-2.098,21.935,-86.61431,34.76375266666667,2.718273592923641,16.703164152412583,-85.48304703686503,Before Launch
729,2025-05-04 12:07:57,31.376,0.9448819199999999,0.927,21.927,-86.61431,34.76375266666667,4.382342166383004,16.125812566691497,-79.9302272029025,Before Launch
730,2025-05-04 12:07:57,31.419,0.7053806,0.816,21.905,-86.61431,34.76375266666667,4.897509481725535,15.778249236853874,-77.46159239786886,Before Launch
731,2025-05-04 12:07:57,31.462,2.8543308,1.137,21.895,-86.61431,34.76375266666667,6.017205991479205,15.39014578710338,-72.4864984785221,Before Launch
732,2025-05-04 12:07:57,31.506,1.2959318,0.811,21.92,-86.61431,34.76375266666667,6.617808503142923,15.355399615347894,-69.69917187750356,Before Launch
733,2025-05-04 12:07:57,31.549,1.98818904,-0.219,21.897,-86.61431,34.76375266666667,7.8196623440549375,15.310845992364284,-64.29695207790287,Before Launch
734,2025-05-04 12:07:57,31.591,0.5511811200000001,0.225,21.92,-86.61431,34.76375266666667,8.223680797473405,15.271885466038462,-61.769742995123025,Before Launch
735,2025-05-04 12:07:57,31.635,-0.8038058,-1.394,21.925,-86.61431,34.76375266666667,8.998275393985475,15.12073214703923,-58.09036512488146,Before Launch
736,2025-05-04 12:07:57,31.678,1.78477696,2.647,21.862,-86.61431,34.76375266666667,9.291297858762618,15.08988034643114,-56.8904797388637,Before Launch
737,2025-05-04 12:07:57,31.72,-0.6824147199999999,-0.462,21.922,-86.61431,34.76375266666667,9.945585231681592,15.256307619925481,-55.744244935462085,Before Launch
738,2025-05-04 12:07:58,31.763,3.5564305600000004,3.847,21.88,-86.61431,34.76375266666667,9.726666246003274,15.36787380130684,-56.727463514321414,Before Launch
739,2025-05-04 12:07:58,31.806,0.12795276,0.969,21.897,-86.61431,34.76375266666667,9.243849391396427,15.540901899796612,-58.2365767637573,Before Launch
740,2025-05-04 12:07:58,31.848,-1.54855648,-3.853,21.925,-86.61431,34.76375266666667,8.983013657393041,16.009219262427855,-59.4743711540734,Before Launch
741,2025-05-04 12:07:58,31.891,-1.17454072,0.455,21.925,-86.6143135,34.763748166666666,8.774090324916216,17.013941477159275,-61.795759449967186,Before Launch
742,2025-05-04 12:07:58,31.933,0.8530184000000001,0.375,21.89,-86.6143135,34.763748166666666,8.537909765162704,17.299362443662982,-62.71029969841856,Before Launch
743,2025-05-04 12:07:58,31.976,0.8530184000000001,-1.648,21.89,-86.6143135,34.763748166666666,8.201761983533672,17.567991129797296,-63.85413952735784,Before Launch
744,2025-05-04 12:07:58,32.018,-0.17060367999999998,-1.242,21.927,-86.6143135,34.763748166666666,7.909982160680231,17.722278899574814,-64.43862077488642,Before Launch
745,2025-05-04 12:07:58,32.069,0.5511811200000001,0.568,21.922,-86.6143135,34.763748166666666,7.762221005598661,17.817041943818207,-64.66046530641765,Before Launch
746,2025-05-04 12:07:58,32.112,-0.17060367999999998,-1.436,21.927,-86.6143135,34.763748166666666,7.628405366174909,17.51365142974147,-64.94609485132024,Before Launch
747,2025-05-04 12:07:58,32.157,-0.8038058,-0.597,21.925,-86.6143135,34.763748166666666,7.607115330273392,17.309732734615906,-64.94672323346367,Before Launch
748,2025-05-04 12:07:58,32.199,0.08202100000000001,-0.213,21.929,-86.6143135,34.763748166666666,7.285664972360188,17.07895652316744,-65.07487916868357,Before Launch
749,2025-05-04 12:07:58,32.243,0.059055119999999996,-0.876,21.922,-86.6143135,34.763748166666666,7.12981827274039,17.022670617054153,-65.17007130358422,Before Launch
750,2025-05-04 12:07:58,32.286,-0.9350394,-0.708,21.92,-86.6143135,34.763748166666666,6.927203952634892,17.060125790616215,-65.9700111111954,Before Launch
751,2025-05-04 12:07:58,32.328,-1.03674544,-1.25,21.929,-86.6143135,34.763748166666666,6.7856482145825865,17.1963782796372,-66.35545179225824,Before Launch
752,2025-05-04 12:07:58,32.37,-1.02362208,-1.581,21.937,-86.6143135,34.763748166666666,6.65731963728801,17.42071287724164,-67.03119284029455,Before Launch
753,2025-05-04 12:07:58,32.413,0.3116798,0.438,21.925,-86.6143135,34.763748166666666,6.672646626370872,17.470192706042223,-67.3135190293827,Before Launch
754,2025-05-04 12:07:58,32.456,-0.43307088,-1.276,21.925,-86.6143135,34.763748166666666,6.370511071156898,17.572455830181624,-68.20772599660134,Before Launch
755,2025-05-04 12:07:58,32.498,-0.17060367999999998,-0.812,21.927,-86.6143135,34.763748166666666,6.149841900099039,17.607511634757564,-68.63485208310335,Before Launch
756,2025-05-04 12:07:58,32.547,-0.17060367999999998,-2.788,21.927,-86.6143135,34.763748166666666,5.338366716971174,17.623371060639105,-70.96575979947626,Before Launch
757,2025-05-04 12:07:58,32.595,0.08202100000000001,-1.115,21.929,-86.6143135,34.763748166666666,3.741836894762006,17.66859361038603,-75.08907190067788,Before Launch
758,2025-05-04 12:07:58,32.638,0.6725722,-1.208,21.917,-86.6143135,34.763748166666666,3.1841942425137604,17.80682907219799,-76.55454960767744,Before Launch
759,2025-05-04 12:07:58,32.681,0.82349084,0.25,21.932,-86.6143135,34.763748166666666,2.471080654402327,17.978729592036476,-78.8746969448254,Before Launch
760,2025-05-04 12:07:58,32.724,1.8667979599999998,2.452,21.9,-86.6143135,34.763748166666666,2.3004931880972546,18.062118444978516,-80.04281300483828,Before Launch
761,2025-05-04 12:07:59,32.766,-0.53149608,-2.129,21.935,-86.6143135,34.763748166666666,1.8683545326401707,18.16727687796694,-81.31789945705094,Before Launch
762,2025-05-04 12:07:59,32.809,-1.2860892800000001,-0.554,21.929,-86.6143135,34.763748166666666,1.4205872907561867,18.2034749621817,-82.51754234537043,Before Launch
763,2025-05-04 12:07:59,32.851,0.51181104,-2.798,21.905,-86.6143135,34.763748166666666,0.634370617657954,18.17293957283412,-85.12460358361318,Before Launch
764,2025-05-04 12:07:59,32.893,-0.29199475999999996,-0.386,21.929,-86.614318,34.76374633333333,0.474680210798853,18.24400742268673,-86.0045330140764,Before Launch
765,2025-05-04 12:07:59,32.937,-0.66272968,0.813,21.929,-86.614318,34.76374633333333,-0.05787779235452842,18.536658262593363,-88.43201039402396,Before Launch
766,2025-05-04 12:07:59,32.979,0.77427824,1.791,21.907,-86.614318,34.76374633333333,-0.3338383034485037,18.637429830424242,-89.82607045623642,Before Launch
767,2025-05-04 12:07:59,33.022,-1.03674544,-1.735,21.929,-86.614318,34.76374633333333,-0.9311347076895837,18.920557845477706,-91.91409610059085,Before Launch
768,2025-05-04 12:07:59,33.064,0.33136484,-0.479,21.932,-86.614318,34.76374633333333,-1.199526137327984,19.09017141485145,-92.58752485543833,Before Launch
769,2025-05-04 12:07:59,33.107,1.8897638399999999,1.892,21.907,-86.614318,34.76374633333333,-1.8019465188639936,19.330418537026507,-93.91376162854468,Before Launch
770,2025-05-04 12:07:59,33.149,-0.53149608,-1.002,21.935,-86.614318,34.76374633333333,-1.9474031935168357,19.426700343565052,-94.51451840299273,Before Launch
771,2025-05-04 12:07:59,33.192,-0.78412076,-0.568,21.932,-86.614318,34.76374633333333,-1.9936978799902065,19.493459669177305,-95.39044022000937,Before Launch
772,2025-05-04 12:07:59,33.234,-1.4074803599999999,-0.561,21.929,-86.614318,34.76374633333333,-2.3996526422108184,19.472658209867134,-96.50429256780379,Before Launch
773,2025-05-04 12:07:59,33.276,-0.410105,-0.457,21.932,-86.614318,34.76374633333333,-3.22606310866147,19.45668948870911,-98.59681626570999,Before Launch
774,2025-05-04 12:07:59,33.319,-0.29199475999999996,-0.326,21.929,-86.614318,34.76374633333333,-3.4713822851416345,19.454204133376678,-99.40530890266281,Before Launch
775,2025-05-04 12:07:59,33.362,1.7355643600000001,2.482,21.895,-86.614318,34.76374633333333,-3.922807227006017,19.45102719203134,-101.14396958594676,Before Launch
776,2025-05-04 12:07:59,33.404,-0.410105,0.582,21.932,-86.614318,34.76374633333333,-4.100599501686336,19.37060108363214,-101.68712231440647,Before Launch
777,2025-05-04 12:07:59,33.446,0.46259843999999994,1.381,21.937,-86.614318,34.76374633333333,-4.23278134070075,19.20370210231678,-102.15782788370034,Before Launch
778,2025-05-04 12:07:59,33.489,-1.4074803599999999,-1.598,21.92,-86.614318,34.76374633333333,-4.208347700059493,19.15780434624632,-102.3208143264805,Before Launch
779,2025-05-04 12:07:59,33.539,0.33136484,0.706,21.932,-86.614318,34.76374633333333,-4.218870687518403,19.040503065088032,-102.52319321156561,Before Launch
780,2025-05-04 12:07:59,33.582,0.40026248,0.527,21.907,-86.614318,34.76374633333333,-4.279080691936447,18.898068805075344,-102.62810679665344,Before Launch
781,2025-05-04 12:07:59,33.626,-0.29199475999999996,-0.113,21.932,-86.614318,34.76374633333333,-4.234357979375956,18.82050307115103,-102.60494861402174,Before Launch
782,2025-05-04 12:07:59,33.669,0.51181104,0.4,21.905,-86.614318,34.76374633333333,-4.307310201478536,18.59312154793369,-102.65966258730586,Before Launch
783,2025-05-04 12:07:59,33.711,0.45275592000000003,-0.205,21.929,-86.614318,34.76374633333333,-4.261384403473617,18.496416560720704,-102.70549159074928,Before Launch
784,2025-05-04 12:07:59,33.755,-1.52887144,-2.19,21.935,-86.614318,34.76374633333333,-4.090577848997433,18.31265062932717,-102.75019414080748,Before Launch
785,2025-05-04 12:08:00,33.797,1.25656172,-0.569,21.905,-86.614318,34.76374633333333,-4.079332837655996,18.15023569606402,-102.7696255798059,Before Launch
786,2025-05-04 12:08:00,33.84,-0.76443572,-0.217,21.939,-86.614318,34.76374633333333,-4.01141127075125,17.917709710382624,-102.79939516851078,Before Launch
787,2025-05-04 12:08:00,33.882,-1.02362208,0.245,21.929,-86.614318,34.76374633333333,-4.000231257117772,17.88128993046988,-102.77517002278003,Before Launch
788,2025-05-04 12:08:00,33.925,2.51312344,1.863,21.91,-86.614318,34.76374633333333,-4.104994663054334,17.77012539644389,-102.75603579575672,Before Launch
789,2025-05-04 12:08:00,33.968,-0.16076116000000001,0.122,21.935,-86.61431683333333,34.763748666666665,-4.085650895198544,17.756437743183902,-102.74729557683953,Before Launch
790,2025-05-04 12:08:00,34.01,-0.9842519999999999,-0.3,21.952,-86.61431683333333,34.763748666666665,-3.9978234616184642,17.67788267885384,-102.82971000607564,Before Launch
791,2025-05-04 12:08:00,34.053,1.14501316,0.345,21.907,-86.61431683333333,34.763748666666665,-3.9606805292043936,17.614495986285895,-102.9023853986572,Before Launch
792,2025-05-04 12:08:00,34.096,0.85629924,1.763,21.945,-86.61431683333333,34.763748666666665,-3.953006085836266,17.524032235248512,-102.94686270489699,Before Launch
793,2025-05-04 12:08:00,34.14,0.21325460000000002,-0.11,21.937,-86.61431683333333,34.763748666666665,-4.039016732047147,17.51723962939263,-102.95507147923297,Before Launch
794,2025-05-04 12:08:00,34.183,-0.3116798,-2.046,21.922,-86.61431683333333,34.763748666666665,-3.97541116481773,17.39697120179152,-103.01562773706087,Before Launch
795,2025-05-04 12:08:00,34.225,1.20734912,1.616,21.937,-86.61431683333333,34.763748666666665,-4.030467709377838,17.390995864829545,-102.98632328029281,Before Launch
796,2025-05-04 12:08:00,34.268,-1.13517064,-0.326,21.942,-86.61431683333333,34.763748666666665,-4.040843111331573,17.338522454622865,-102.8774640758613,Before Launch
797,2025-05-04 12:08:00,34.31,1.14501316,2.372,21.907,-86.61431683333333,34.763748666666665,-3.9535186706197014,17.21695771144941,-102.86920159727691,Before Launch
798,2025-05-04 12:08:00,34.353,0.08202100000000001,0.457,21.929,-86.61431683333333,34.763748666666665,-3.833289652275526,16.95146661533226,-102.08849935934937,Before Launch
799,2025-05-04 12:08:00,34.395,1.09580056,1.29,21.939,-86.61431683333333,34.763748666666665,-3.757746631420475,16.741349377688714,-101.94170038728787,Before Launch
800,2025-05-04 12:08:00,34.438,1.1548556799999998,-0.54,21.915,-86.61431683333333,34.763748666666665,-3.5829369041750043,16.6118883543122,-101.80207956423739,Before Launch
801,2025-05-04 12:08:00,34.481,-1.76837276,-1.261,21.937,-86.61431683333333,34.763748666666665,-3.5015713216356663,16.565947635038484,-101.77310633199448,Before Launch
802,2025-05-04 12:08:00,34.531,0.46259843999999994,0.0,21.937,-86.61431683333333,34.763748666666665,-3.884512069126558,16.54597673709121,-102.91986779064007,Before Launch
803,2025-05-04 12:08:00,34.575,0.33136484,1.601,21.932,-86.61431683333333,34.763748666666665,-4.042025021119234,16.62166825016959,-103.6928087475494,Before Launch
804,2025-05-04 12:08:00,34.62,1.09580056,0.707,21.939,-86.61431683333333,34.763748666666665,-4.148788949640051,16.74152608558899,-104.01870110934564,Before Launch
805,2025-05-04 12:08:00,34.662,0.09186352,-0.286,21.937,-86.61431683333333,34.763748666666665,-4.66319421092669,17.156963398161658,-104.66574130922635,Before Launch
806,2025-05-04 12:08:00,34.705,-0.25918636,0.03,21.945,-86.61431683333333,34.763748666666665,-4.899648074213263,17.354860354034574,-104.8731957091905,Before Launch
807,2025-05-04 12:08:00,34.747,-0.01968504,-0.493,21.939,-86.61431683333333,34.763748666666665,-5.120903637461471,17.861868524425383,-105.01373382240344,Before Launch
808,2025-05-04 12:08:01,34.79,-0.75131236,-1.116,21.945,-86.61431683333333,34.763748666666665,-5.131410077626524,18.076556906416393,-105.03928969224533,Before Launch
809,2025-05-04 12:08:01,34.832,0.97769032,2.327,21.942,-86.61431683333333,34.763748666666665,-5.298461514150448,18.410672497897327,-105.43580806396632,Before Launch
810,2025-05-04 12:08:01,34.875,-0.51181104,-1.64,21.942,-86.61431683333333,34.763748666666665,-5.508467589136806,18.53910017257815,-105.92234913871953,Before Launch
811,2025-05-04 12:08:01,34.918,-0.39041995999999995,0.347,21.939,-86.61431816666666,34.76374783333333,-5.822519489768946,18.654456175615326,-106.57603771470872,Before Launch
812,2025-05-04 12:08:01,34.96,1.7191601600000002,2.544,21.942,-86.61431816666666,34.76374783333333,-5.875896117462672,18.681795292387815,-106.84009697388984,Before Launch
813,2025-05-04 12:08:01,35.003,0.11154856,-2.228,21.945,-86.61431816666666,34.76374783333333,-5.945511774790366,18.640958620622616,-107.32637365523219,Before Launch
814,2025-05-04 12:08:01,35.046,2.46391084,2.435,21.942,-86.61431816666666,34.76374783333333,-6.068559481843984,18.668287889786367,-107.62227875879742,Before Launch
815,2025-05-04 12:08:01,35.096,1.57808404,2.359,21.939,-86.61431816666666,34.76374783333333,-6.084800935232821,18.649978495057166,-107.89258827844186,Before Launch
816,2025-05-04 12:08:01,35.139,2.13910768,0.915,21.91,-86.61431816666666,34.76374783333333,-6.14919905585872,18.578044383285086,-108.22231340410937,Before Launch
817,2025-05-04 12:08:01,35.182,0.35104988,-0.465,21.939,-86.61431816666666,34.76374783333333,-6.202401233091084,18.50687360746144,-108.40072576603006,Before Launch
818,2025-05-04 12:08:01,35.224,1.09580056,0.814,21.927,-86.61431816666666,34.76374783333333,-6.303803279808731,18.505364321484443,-108.5045670984914,Before Launch
819,2025-05-04 12:08:01,35.267,1.25656172,1.447,21.905,-86.61431816666666,34.76374783333333,-6.3570028160871805,18.5161096808543,-108.55027365090992,Before Launch
820,2025-05-04 12:08:01,35.309,0.35104988,-0.79,21.939,-86.61431816666666,34.76374783333333,-6.432205231856171,18.533211193678643,-108.58224144308173,Before Launch
821,2025-05-04 12:08:01,35.352,3.2053806799999998,4.004,21.887,-86.61431816666666,34.76374783333333,-6.408861085125134,18.508285706222015,-108.60002009452849,Before Launch
822,2025-05-04 12:08:01,35.396,0.78412076,-0.332,21.915,-86.61431816666666,34.76374783333333,-6.385274642087745,18.362867541356422,-108.6273488857084,Before Launch
823,2025-05-04 12:08:01,35.438,-0.410105,-0.454,21.932,-86.61431816666666,34.76374783333333,-6.353026266696514,18.255461492352012,-108.70814908043086,Before Launch
824,2025-05-04 12:08:01,35.48,-0.03937008,-1.046,21.937,-86.61431816666666,34.76374783333333,-6.287021667850758,18.002242788734442,-108.95536526874028,Before Launch
825,2025-05-04 12:08:01,35.523,1.25656172,0.094,21.905,-86.61431816666666,34.76374783333333,-6.233300600331103,17.90495733473449,-108.97275613139091,Before Launch
826,2025-05-04 12:08:01,35.573,-0.14107612,1.49,21.942,-86.61431816666666,34.76374783333333,-6.143797291187528,17.777474468820394,-108.94392792056897,Before Launch
827,2025-05-04 12:08:01,35.617,-0.66272968,-1.036,21.929,-86.61431816666666,34.76374783333333,-6.116912468679428,17.762203176373895,-108.85563815142262,Before Launch
828,2025-05-04 12:08:01,35.66,1.8471129199999998,1.397,21.892,-86.61431816666666,34.76374783333333,-6.128070700888571,17.76080125659999,-108.86065731401247,Before Launch
829,2025-05-04 12:08:01,35.703,0.20013124,-0.827,21.927,-86.61431816666666,34.76374783333333,-6.24856381445495,17.746745489885967,-108.77842596660038,Before Launch
830,2025-05-04 12:08:01,35.745,-1.62729664,-1.587,21.942,-86.61431816666666,34.76374783333333,-6.262884273136535,17.727499650782672,-108.8014280309467,Before Launch
831,2025-05-04 12:08:02,35.787,-1.13517064,-0.81,21.939,-86.61431816666666,34.76374783333333,-6.2426760336104135,17.664824977978192,-109.00905129432012,Before Launch
832,2025-05-04 12:08:02,35.83,0.43307088,0.418,21.922,-86.61431816666666,34.76374783333333,-6.331931846873293,17.650161071950716,-109.14337834695311,Before Launch
833,2025-05-04 12:08:02,35.873,0.75131236,1.387,21.9,-86.61431816666666,34.76374783333333,-6.539228276623863,17.735217747015792,-109.37740713012347,Before Launch
834,2025-05-04 12:08:02,35.915,1.3287402000000001,0.324,21.935,-86.61431816666666,34.76374783333333,-6.646169249418166,17.822663281478874,-109.50730981568019,Before Launch
835,2025-05-04 12:08:02,35.958,-0.56430448,-0.048,21.92,-86.61431816666666,34.76374783333333,-6.841402653582036,17.974090893433914,-109.73168120089781,Before Launch
836,2025-05-04 12:08:02,36.0,-0.39041995999999995,0.0,21.939,-86.61431833333333,34.763748,-7.1346735042048275,18.079532814792096,-109.38208672947663,Before Launch
837,2025-05-04 12:08:02,36.05,0.9547244399999999,-0.701,21.935,-86.61431833333333,34.763748,-7.3177879062216755,18.156764790235602,-109.3555560817673,Before Launch
838,2025-05-04 12:08:02,36.094,1.04330712,0.854,21.917,-86.61431833333333,34.763748,-7.506986051148622,18.246711252957084,-109.83802740648805,Before Launch
839,2025-05-04 12:08:02,36.136,0.23293963999999998,-2.047,21.942,-86.61431833333333,34.763748,-7.41326385248934,18.276003376862292,-110.02922244176963,Before Launch
840,2025-05-04 12:08:02,36.178,3.2053806799999998,1.504,21.887,-86.61431833333333,34.763748,-7.540276827154873,18.362975031852873,-110.61363755882209,Before Launch
841,2025-05-04 12:08:02,36.222,0.9448819199999999,-1.103,21.927,-86.61431833333333,34.763748,-7.816939697852342,18.474712575781627,-111.31919167719842,Before Launch
842,2025-05-04 12:08:02,36.264,0.46259843999999994,0.103,21.937,-86.61431833333333,34.763748,-8.214067547921799,18.860477027859506,-112.29035707874775,Before Launch
843,2025-05-04 12:08:02,36.306,0.7053806,-0.361,21.932,-86.61431833333333,34.763748,-8.407538727809978,19.097347280984916,-112.53991406237037,Before Launch
844,2025-05-04 12:08:02,36.349,0.65288716,-0.558,21.91,-86.61431833333333,34.763748,-8.707671739448303,19.444375732758107,-112.94496317248887,Before Launch
845,2025-05-04 12:08:02,36.392,4.7408138,4.053,21.855,-86.61431833333333,34.763748,-8.766024757135519,19.54870353488135,-113.14852595985629,Before Launch
846,2025-05-04 12:08:02,36.434,3.59580064,0.361,21.895,-86.61431833333333,34.763748,-8.84424668266545,19.651419866056635,-113.57017090561938,Before Launch
847,2025-05-04 12:08:02,36.477,2.952756,2.006,21.885,-86.61431833333333,34.763748,-8.909558220870176,19.675783630315014,-113.81672471783565,Before Launch
848,2025-05-04 12:08:02,36.52,0.72506564,1.049,21.939,-86.61431833333333,34.763748,-9.003109736438143,19.718385104377504,-114.11784704460926,Before Launch
849,2025-05-04 12:08:02,36.563,0.21325460000000002,0.233,21.935,-86.61431833333333,34.763748,-9.011371252587885,19.768955344289292,-114.24934601775107,Before Launch
850,2025-05-04 12:08:02,36.606,3.3038058799999996,1.89,21.877,-86.61431833333333,34.763748,-9.03591231968962,19.70770224030281,-114.54757979518538,Before Launch
851,2025-05-04 12:08:02,36.648,-0.2788714,-0.128,21.937,-86.61431833333333,34.763748,-8.997986546522482,19.701322824047026,-114.62680493815101,Before Launch
852,2025-05-04 12:08:02,36.691,2.6935696399999998,3.125,21.882,-86.61431833333333,34.763748,-8.801355080003548,19.641938337925502,-114.70526912777464,Before Launch
853,2025-05-04 12:08:02,36.733,2.27034128,0.394,21.915,-86.61431833333333,34.763748,-8.74889040459356,19.567754231826704,-114.73778286714044,Before Launch
854,2025-05-04 12:08:03,36.776,0.82349084,0.581,21.929,-86.61431833333333,34.763748,-8.908150109813016,19.570008037455644,-114.88448763955905,Before Launch
855,2025-05-04 12:08:03,36.819,0.33136484,1.824,21.932,-86.61431833333333,34.763748,-9.059282613944111,19.5391608027466,-115.18408727725702,Before Launch
856,2025-05-04 12:08:03,36.861,1.39763784,2.358,21.91,-86.61431833333333,34.763748,-9.281092315892483,19.423747231202103,-115.64979383375372,Before Launch
857,2025-05-04 12:08:03,36.904,0.82349084,0.364,21.929,-86.61431966666666,34.763746,-9.32939642111792,19.357317405391072,-115.85698554702005,Before Launch
858,2025-05-04 12:08:03,36.949,-0.2788714,-0.957,21.939,-86.61431966666666,34.763746,-9.389780842318528,19.232196207829578,-116.11336512450296,Before Launch
859,2025-05-04 12:08:03,36.991,2.6935696399999998,1.268,21.882,-86.61431966666666,34.763746,-9.371189924682934,19.1849121626022,-116.23175886318357,Before Launch
860,2025-05-04 12:08:03,37.036,-1.13517064,-0.53,21.939,-86.61431966666666,34.763746,-9.450770581693414,18.94187655376443,-116.43127641056002,Before Launch
861,2025-05-04 12:08:03,37.078,0.08202100000000001,0.438,21.929,-86.61431966666666,34.763746,-9.453196799408712,18.764890256019694,-116.55289254372134,Before Launch
862,2025-05-04 12:08:03,37.12,0.5839895199999999,-0.346,21.935,-86.61431966666666,34.763746,-9.479226369410682,18.577537555017184,-116.7305475282274,Before Launch
863,2025-05-04 12:08:03,37.163,-0.9055118400000001,-1.823,21.935,-86.61431966666666,34.763746,-9.476969929835954,18.5131367649048,-116.79044029969661,Before Launch
864,2025-05-04 12:08:03,37.205,2.10958012,1.756,21.927,-86.61431966666666,34.763746,-9.324067152904503,18.173762205874244,-116.96795366558916,Before Launch
865,2025-05-04 12:08:03,37.248,-0.8825459600000001,-3.82,21.942,-86.61431966666666,34.763746,-9.23496676353529,18.068046467538426,-116.98075380586458,Before Launch
866,2025-05-04 12:08:03,37.291,-0.63320212,-1.476,21.945,-86.61431966666666,34.763746,-9.178394083435368,17.97916597733031,-117.00330413960717,Before Launch
867,2025-05-04 12:08:03,37.334,0.9547244399999999,0.46,21.935,-86.61431966666666,34.763746,-9.154832594894447,17.93794914372016,-116.91771770560878,Before Launch
868,2025-05-04 12:08:03,37.377,0.5839895199999999,-0.113,21.935,-86.61431966666666,34.763746,-9.131735502409603,17.90660926387169,-116.80184836944542,Before Launch
869,2025-05-04 12:08:03,37.419,0.35104988,-0.282,21.939,-86.61431966666666,34.763746,-9.118754800625272,17.894767778448788,-116.73379577374656,Before Launch
870,2025-05-04 12:08:03,37.462,0.60367456,-3.866,21.937,-86.61431966666666,34.763746,-8.986798852688569,17.814155424633594,-116.62539740101184,Before Launch
871,2025-05-04 12:08:03,37.504,2.9625985200000002,-0.592,21.892,-86.61431966666666,34.763746,-8.968341351682147,17.791532441909162,-116.56543417623281,Before Launch
872,2025-05-04 12:08:03,37.549,0.11154856,-2.65,21.945,-86.61431966666666,34.763746,-8.889317982390095,17.707477807067633,-116.51775313749968,Before Launch
873,2025-05-04 12:08:03,37.591,-0.17060367999999998,-0.836,21.927,-86.61431966666666,34.763746,-8.848960733518927,17.662034141090608,-116.46472446088379,Before Launch
874,2025-05-04 12:08:03,37.635,0.46259843999999994,0.233,21.937,-86.61431966666666,34.763746,-8.767389862491317,17.6512233065665,-116.30685103913164,Before Launch
875,2025-05-04 12:08:03,37.678,-0.86286092,-3.887,21.949,-86.61431966666666,34.763746,-8.743334958496453,17.63489333071081,-116.2276274595178,Before Launch
876,2025-05-04 12:08:03,37.72,3.06430456,3.119,21.882,-86.61431966666666,34.763746,-8.685557291334398,17.705570598195536,-116.08042334965755,Before Launch
877,2025-05-04 12:08:04,37.763,-0.00984252,-2.522,21.947,-86.61431966666666,34.763746,-8.669732907234525,17.717159034045874,-116.07865632179667,Before Launch
878,2025-05-04 12:08:04,37.805,-0.00984252,-2.127,21.947,-86.61431966666666,34.763746,-8.67152468569778,17.708797300698446,-116.21038929644953,Before Launch
879,2025-05-04 12:08:04,37.848,-0.059055119999999996,-0.823,21.925,-86.61431966666666,34.763746,-8.74611029162322,17.767499075608782,-116.2920225857644,Before Launch
880,2025-05-04 12:08:04,37.89,-0.51181104,-0.787,21.942,-86.61432,34.76374533333333,-8.904076602052555,17.787983286465725,-116.34098403544026,Before Launch
881,2025-05-04 12:08:04,37.933,0.11154856,-1.2,21.945,-86.61432,34.76374533333333,-8.9499608793713,17.806963126371897,-116.33409171435615,Before Launch
882,2025-05-04 12:08:04,37.983,0.5511811200000001,-0.252,21.92,-86.61432,34.76374533333333,-8.952540493337027,17.81011580839389,-116.41654185456962,Before Launch
883,2025-05-04 12:08:04,38.028,-1.23687668,-0.888,21.949,-86.61432,34.76374533333333,-9.026986689744751,17.814944646131313,-116.28764449441688,Before Launch
884,2025-05-04 12:08:04,38.071,-1.4960630400000001,-3.879,21.947,-86.61432,34.76374533333333,-9.086091734786875,17.824447317861324,-116.17275358548486,Before Launch
885,2025-05-04 12:08:04,38.115,-0.8825459600000001,0.234,21.942,-86.61432,34.76374533333333,-9.081090632783802,17.836776131448474,-116.02594847788372,Before Launch
886,2025-05-04 12:08:04,38.158,-1.4960630400000001,-1.461,21.947,-86.61432,34.76374533333333,-9.071018861238548,17.922384485861212,-116.08797733143047,Before Launch
887,2025-05-04 12:08:04,38.2,-0.49212599999999995,-0.996,21.949,-86.61432,34.76374533333333,-9.157050496995591,17.923651922869876,-116.30440108743447,Before Launch
888,2025-05-04 12:08:04,38.242,-1.00393704,-0.091,21.945,-86.61432,34.76374533333333,-9.24068439813416,17.914811319913145,-116.57264690000115,Before Launch
889,2025-05-04 12:08:04,38.285,-1.6076116,-3.442,21.949,-86.61432,34.76374533333333,-9.371886881377664,17.92090501455274,-116.99590034937958,Before Launch
890,2025-05-04 12:08:04,38.328,1.76837276,2.455,21.91,-86.61432,34.76374533333333,-9.465019392488635,17.938461861970858,-117.19802833668133,Before Launch
891,2025-05-04 12:08:04,38.37,0.60367456,1.146,21.942,-86.61432,34.76374533333333,-9.567433749407034,17.973331620028638,-117.4118071657547,Before Launch
892,2025-05-04 12:08:04,38.413,0.09186352,-0.8,21.937,-86.61432,34.76374533333333,-9.607033938507152,17.97736122917311,-117.47755282448706,Before Launch
893,2025-05-04 12:08:04,38.455,-1.23687668,-1.689,21.949,-86.61432,34.76374533333333,-9.677281608495546,17.995217992599713,-117.70431998740482,Before Launch
894,2025-05-04 12:08:04,38.498,-0.49212599999999995,-0.781,21.949,-86.61432,34.76374533333333,-9.72030149686475,18.001293205294804,-117.78602678685284,Before Launch
895,2025-05-04 12:08:04,38.54,-0.29199475999999996,-0.831,21.929,-86.61432,34.76374533333333,-9.756927792660333,17.972188429212316,-118.15573410594429,Before Launch
896,2025-05-04 12:08:04,38.582,-0.8825459600000001,-3.567,21.942,-86.61432,34.76374533333333,-9.799439975780684,17.941328352317534,-118.31280963752332,Before Launch
897,2025-05-04 12:08:04,38.626,-0.38057744,-0.457,21.947,-86.61432,34.76374533333333,-9.878162119361003,17.915595220676952,-118.53027988882914,Before Launch
898,2025-05-04 12:08:04,38.668,0.8038058,0.905,21.922,-86.61432,34.76374533333333,-9.941559925680494,17.889641211877073,-118.59151441536174,Before Launch
899,2025-05-04 12:08:04,38.714,-0.75131236,-1.125,21.945,-86.61432,34.76374533333333,-9.932200650080443,17.81358991331187,-118.78965540852431,Before Launch
900,2025-05-04 12:08:04,38.756,-0.86286092,0.0,21.949,-86.61432,34.76374533333333,-9.97497051925637,17.825902621908174,-118.88416342170332,Before Launch
901,2025-05-04 12:08:05,38.799,-0.38057744,-3.193,21.947,-86.61432,34.76374533333333,-10.008485645365713,17.77954005568497,-118.90143875322165,Before Launch
902,2025-05-04 12:08:05,38.841,0.8825459600000001,0.828,21.905,-86.61432,34.76374533333333,-10.041913595931486,17.808593619139053,-118.86715306284857,Before Launch
903,2025-05-04 12:08:05,38.884,-0.49212599999999995,-0.447,21.949,-86.6143195,34.763745,-10.103730370982205,17.77254341416976,-119.0445907350775,Before Launch
904,2025-05-04 12:08:05,38.927,-0.63320212,-0.532,21.945,-86.6143195,34.763745,-10.106865689780626,17.759145303450865,-119.15562556727272,Before Launch
905,2025-05-04 12:08:05,38.969,-1.25656172,-0.69,21.942,-86.6143195,34.763745,-10.133350545542692,17.811110283187787,-119.33859425079571,Before Launch
906,2025-05-04 12:08:05,39.012,-1.35498692,-1.359,21.952,-86.6143195,34.763745,-10.185692743015327,17.826910892776937,-119.34593188111494,Before Launch
907,2025-05-04 12:08:05,39.054,-1.00393704,-1.452,21.945,-86.6143195,34.763745,-10.209377728534001,17.8463456341948,-119.30406569912405,Before Launch
908,2025-05-04 12:08:05,39.097,-0.76443572,0.442,21.939,-86.6143195,34.763745,-10.216666338437966,17.873567614882553,-119.28105581166407,Before Launch
909,2025-05-04 12:08:05,39.139,-0.2788714,1.14,21.937,-86.6143195,34.763745,-10.229624702258288,17.909892415646556,-119.0333553491939,Before Launch
910,2025-05-04 12:08:05,39.182,-0.76443572,0.111,21.939,-86.6143195,34.763745,-10.196193417176474,17.925768472424302,-118.95667593343836,Before Launch
911,2025-05-04 12:08:05,39.225,-0.75131236,0.698,21.947,-86.6143195,34.763745,-10.120094398042783,17.954555434253237,-118.87369839961242,Before Launch
912,2025-05-04 12:08:05,39.267,-1.7486877200000002,-1.178,21.945,-86.6143195,34.763745,-10.192934089866828,18.007343933758165,-118.84308700479556,Before Launch
913,2025-05-04 12:08:05,39.31,0.21325460000000002,1.14,21.935,-86.6143195,34.763745,-10.364891118019374,18.15043758132837,-118.7708794969918,Before Launch
914,2025-05-04 12:08:05,39.352,1.51574808,2.927,21.907,-86.6143195,34.763745,-10.302134739667135,18.216085268218357,-118.69635093634616,Before Launch
915,2025-05-04 12:08:05,39.394,-0.14107612,-1.791,21.945,-86.6143195,34.763745,-10.339335245033514,18.312010944111385,-118.66246844036978,Before Launch
916,2025-05-04 12:08:05,39.437,1.41732288,0.763,21.917,-86.6143195,34.763745,-10.395840177484919,18.363011287575503,-118.66680146506256,Before Launch
917,2025-05-04 12:08:05,39.48,-0.8825459600000001,-0.913,21.942,-86.6143195,34.763745,-10.462387488206371,18.463571475800947,-118.74505631950056,Before Launch
918,2025-05-04 12:08:05,39.522,-0.23950132,0.935,21.949,-86.6143195,34.763745,-10.480981106612761,18.53583859913102,-118.78875692639589,Before Launch
919,2025-05-04 12:08:05,39.573,-0.49212599999999995,0.0,21.949,-86.6143195,34.763745,-10.472881968121543,18.622344952662946,-118.63596232009226,Before Launch
920,2025-05-04 12:08:05,39.616,0.23293963999999998,0.488,21.942,-86.6143195,34.763745,-10.500249063054792,18.816173463590843,-118.45806564855049,Before Launch
921,2025-05-04 12:08:05,39.66,0.6725722,1.443,21.945,-86.6143195,34.763745,-10.517378525124483,19.03168409562682,-118.21982616824052,Before Launch
922,2025-05-04 12:08:05,39.703,-1.13517064,-0.701,21.939,-86.6143195,34.763745,-11.013481566418417,19.565681295368346,-118.52152700669801,Before Launch
923,2025-05-04 12:08:05,39.745,-1.12532812,-1.791,21.947,-86.6143195,34.763745,-11.190189468909942,19.751152382353762,-118.65282138558125,Before Launch
924,2025-05-04 12:08:06,39.788,0.36417324,1.039,21.947,-86.6143195,34.763745,-11.33835582891693,19.882762579002883,-118.8792554071337,Before Launch
925,2025-05-04 12:08:06,39.83,-2.2408137200000002,-1.283,21.947,-86.6143195,34.763745,-11.384757267954685,19.85154174672598,-118.9604878749506,Before Launch
926,2025-05-04 12:08:06,39.873,-1.35498692,-0.907,21.952,-86.6143195,34.763745,-11.279520912619644,19.792780783554022,-119.00774535610634,Before Launch
927,2025-05-04 12:08:06,39.916,-0.23950132,-1.044,21.952,-86.6143195,34.763745,-11.2146022555242,19.72995429198012,-118.95357816837631,Before Launch
928,2025-05-04 12:08:06,39.959,-0.61023624,-0.11,21.952,-86.61431816666666,34.76374583333333,-11.195340093676032,19.688479046522907,-118.8781331334123,Before Launch
929,2025-05-04 12:08:06,40.002,-0.25918636,0.348,21.945,-86.61431816666666,34.76374583333333,-11.106291666830092,19.72730458872032,-118.85337614578806,Before Launch
930,2025-05-04 12:08:06,40.044,-1.4960630400000001,-0.223,21.947,-86.61431816666666,34.76374583333333,-11.069058030153302,19.695580778678,-118.89624920674791,Before Launch
931,2025-05-04 12:08:06,40.086,-0.49212599999999995,0.803,21.949,-86.61431816666666,34.76374583333333,-10.947212054766185,19.702859471655803,-118.86696261746708,Before Launch
932,2025-05-04 12:08:06,40.132,-0.11811023999999999,0.822,21.949,-86.61431816666666,34.76374583333333,-10.595461476131227,19.59032378523934,-118.85700583052868,Before Launch
933,2025-05-04 12:08:06,40.174,1.17454072,1.8,21.922,-86.61431816666666,34.76374583333333,-10.470197913547915,19.58554701035781,-118.88353590140552,Before Launch
934,2025-05-04 12:08:06,40.216,-0.9842519999999999,-0.655,21.952,-86.61431816666666,34.76374583333333,-10.039682428397462,19.512196954786358,-118.88941415388241,Before Launch
935,2025-05-04 12:08:06,40.259,-0.38057744,0.356,21.947,-86.61431816666666,34.76374583333333,-9.996407527588525,19.474821060374392,-118.82334295230312,Before Launch
936,2025-05-04 12:08:06,40.302,-0.23950132,0.475,21.942,-86.61431816666666,34.76374583333333,-10.197953150049416,19.48127438568775,-118.04646227975651,Before Launch
937,2025-05-04 12:08:06,40.344,-0.10826772,1.523,21.957,-86.61431816666666,34.76374583333333,-10.205230854403426,19.429165942004133,-117.95369744618591,Before Launch
938,2025-05-04 12:08:06,40.389,-0.23950132,-0.42,21.952,-86.61431816666666,34.76374583333333,-10.267378786299705,19.231584614243726,-118.0032689950349,Before Launch
939,2025-05-04 12:08:06,40.432,0.60367456,-0.845,21.942,-86.61431816666666,34.76374583333333,-10.41403452622509,19.134787292551653,-117.97059842078428,Before Launch
940,2025-05-04 12:08:06,40.474,0.01312336,0.143,21.954,-86.61431816666666,34.76374583333333,-10.300402555043204,18.955393397105237,-118.08039812306218,Before Launch
941,2025-05-04 12:08:06,40.519,1.69947512,0.261,21.935,-86.61431816666666,34.76374583333333,-10.336118920159688,18.813024281278985,-118.2715186269572,Before Launch
942,2025-05-04 12:08:06,40.564,0.9251968799999999,1.668,21.92,-86.61431816666666,34.76374583333333,-10.496684853049507,18.672913994533648,-118.67886488286948,Before Launch
943,2025-05-04 12:08:06,40.609,0.38385828,0.573,21.954,-86.61431816666666,34.76374583333333,-10.546940764293288,18.56750366450412,-119.14472878467792,Before Launch
944,2025-05-04 12:08:06,40.651,1.4271654,1.78,21.925,-86.61431816666666,34.76374583333333,-10.836264003759588,18.516921284109717,-119.77904493683097,Before Launch
945,2025-05-04 12:08:06,40.694,0.9973753599999999,0.709,21.949,-86.61431816666666,34.76374583333333,-10.996767781266833,18.516009365946463,-119.9294176276741,Before Launch
946,2025-05-04 12:08:06,40.736,-0.49212599999999995,-1.082,21.949,-86.61431816666666,34.76374583333333,-11.088204106229725,18.521585868805975,-120.06354721273459,Before Launch
947,2025-05-04 12:08:07,40.779,-0.9842519999999999,0.14,21.952,-86.61431816666666,34.76374583333333,-11.115590890650369,18.557146960844932,-120.07745515765566,Before Launch
948,2025-05-04 12:08:07,40.823,-0.11811023999999999,0.934,21.952,-86.61431816666666,34.76374583333333,-11.157536285696333,18.49878739210874,-120.08990372373005,Before Launch
949,2025-05-04 12:08:07,40.866,-0.03937008,-0.374,21.932,-86.61431816666666,34.76374583333333,-11.18448302657723,18.50984286986777,-120.14708991135755,Before Launch
950,2025-05-04 12:08:07,40.909,-1.35498692,0.821,21.952,-86.614319,34.763747333333335,-11.744379830702478,18.49293748326764,-121.38446171329552,Before Launch
951,2025-05-04 12:08:07,40.952,1.60104992,2.74,21.954,-86.614319,34.763747333333335,-11.916918645691577,18.532200444350465,-121.86472916865796,Before Launch
952,2025-05-04 12:08:07,40.994,0.08202100000000001,0.298,21.929,-86.614319,34.763747333333335,-12.163429253381326,18.563556537311268,-122.38664365473339,Before Launch
953,2025-05-04 12:08:07,41.036,-0.47900264,0.122,21.957,-86.614319,34.763747333333335,-12.177876109896346,18.50949063694219,-122.56798672577189,Before Launch
954,2025-05-04 12:08:07,41.079,-0.00984252,0.232,21.947,-86.614319,34.763747333333335,-12.180698930208196,18.52867730160613,-122.56162967184173,Before Launch
955,2025-05-04 12:08:07,41.122,0.9448819199999999,2.264,21.927,-86.614319,34.763747333333335,-12.178231225949434,18.50568979570669,-122.52575227116503,Before Launch
956,2025-05-04 12:08:07,41.165,0.50524936,0.924,21.952,-86.614319,34.763747333333335,-12.117200064090078,18.518721741133028,-122.57363633388051,Before Launch
957,2025-05-04 12:08:07,41.209,-0.11811023999999999,0.0,21.949,-86.614319,34.763747333333335,-12.111652752858046,18.491129100393852,-122.5469129855038,Before Launch
958,2025-05-04 12:08:07,41.252,-0.23950132,-1.312,21.952,-86.614319,34.763747333333335,-12.332150268828157,18.487415851353582,-123.05805177990666,Before Launch
959,2025-05-04 12:08:07,41.294,-0.75131236,0.216,21.947,-86.614319,34.763747333333335,-12.413445188100523,18.444978783786738,-123.26855173297905,Before Launch
960,2025-05-04 12:08:07,41.338,-0.61023624,-0.213,21.952,-86.614319,34.763747333333335,-12.561042334671203,18.39175807412424,-123.58049926367711,Before Launch
961,2025-05-04 12:08:07,41.38,1.17454072,1.312,21.922,-86.614319,34.763747333333335,-12.556700845774838,18.35780047012556,-123.81123145381044,Before Launch
962,2025-05-04 12:08:07,41.423,-0.00984252,0.091,21.957,-86.614319,34.763747333333335,-12.64974803039116,18.269287099905494,-124.11673640379495,Before Launch
963,2025-05-04 12:08:07,41.467,0.85629924,1.017,21.945,-86.614319,34.763747333333335,-12.692550265956703,18.23103088456689,-124.24320377937354,Before Launch
964,2025-05-04 12:08:07,41.51,0.48228348,-0.113,21.945,-86.614319,34.763747333333335,-12.612339657375509,18.132421060509444,-124.63425893283937,Before Launch
965,2025-05-04 12:08:07,41.552,-0.49212599999999995,-0.469,21.949,-86.614319,34.763747333333335,-12.611869085674597,18.068058199529364,-124.77818709969664,Before Launch
966,2025-05-04 12:08:07,41.595,-0.3608924,-1.915,21.954,-86.614319,34.763747333333335,-12.634314630333037,17.987056556716112,-124.99031142483366,Before Launch
967,2025-05-04 12:08:07,41.638,0.6233596,-0.281,21.949,-86.614319,34.763747333333335,-12.681717591974627,17.957216177400735,-125.05766889962555,Before Launch
968,2025-05-04 12:08:07,41.681,1.99146988,1.5,21.952,-86.614319,34.763747333333335,-12.750463447465863,17.93263565564628,-125.31678233674293,Before Launch
969,2025-05-04 12:08:07,41.725,-0.23950132,-1.552,21.952,-86.614319,34.763747333333335,-12.782053783936231,17.90262601045778,-125.31961552107774,Before Launch
970,2025-05-04 12:08:08,41.77,-0.8530184000000001,-1.72,21.957,-86.614319,34.763747333333335,-12.77327510741534,17.890330945875917,-125.27645010959151,Before Launch
971,2025-05-04 12:08:08,41.813,-0.3608924,0.122,21.954,-86.614319,34.763747333333335,-12.689157871097631,17.90929009687188,-125.08031947039292,Before Launch
972,2025-05-04 12:08:08,41.856,-0.49212599999999995,0.457,21.949,-86.614319,34.763747333333335,-12.572677593496655,17.87665245481548,-124.6868471641545,Before Launch
973,2025-05-04 12:08:08,41.899,1.1975065999999999,1.223,21.949,-86.61432083333334,34.763748666666665,-12.52940587649965,17.910666061251515,-124.4988056650778,Before Launch
974,2025-05-04 12:08:08,41.943,-0.63320212,-0.551,21.945,-86.61432083333334,34.763748666666665,-12.488408297057497,17.965443020108136,-124.21440464026149,Before Launch
975,2025-05-04 12:08:08,41.985,1.12860896,2.308,21.954,-86.61432083333334,34.763748666666665,-12.362162920804268,17.93368366271928,-124.02843251682515,Before Launch
976,2025-05-04 12:08:08,42.028,0.25262468,-1.253,21.949,-86.61432083333334,34.763748666666665,-12.239642731458437,17.867099466391775,-123.7515148614733,Before Launch
977,2025-05-04 12:08:08,42.071,-1.1023622400000002,-1.1,21.954,-86.61432083333334,34.763748666666665,-12.202809223556825,17.834787551276346,-123.6746280154659,Before Launch
978,2025-05-04 12:08:08,42.113,-1.7060368000000001,-1.139,21.959,-86.61432083333334,34.763748666666665,-12.1199152179507,17.80061113697047,-123.59008035093855,Before Launch
979,2025-05-04 12:08:08,42.155,-0.23950132,-0.213,21.952,-86.61432083333334,34.763748666666665,-12.069303524664631,17.803309161525238,-123.60309901846124,Before Launch
980,2025-05-04 12:08:08,42.198,-0.49212599999999995,-1.336,21.949,-86.61432083333334,34.763748666666665,-12.168757390511127,17.748530876416094,-123.83549727115074,Before Launch
981,2025-05-04 12:08:08,42.241,1.22703416,0.671,21.945,-86.61432083333334,34.763748666666665,-12.199357897384374,17.748104331794245,-123.97004474016018,Before Launch
982,2025-05-04 12:08:08,42.283,1.80118116,1.787,21.949,-86.61432083333334,34.763748666666665,-12.213584688044799,17.699208908237253,-124.14896189537356,Before Launch
983,2025-05-04 12:08:08,42.326,-0.61023624,-0.345,21.952,-86.61432083333334,34.763748666666665,-12.244129800116436,17.688864027012695,-124.18863228783655,Before Launch
984,2025-05-04 12:08:08,42.376,0.23293963999999998,0.91,21.942,-86.61432083333334,34.763748666666665,-12.205962893738787,17.67844866002061,-124.23606090931668,Before Launch
985,2025-05-04 12:08:08,42.419,-0.10826772,0.464,21.957,-86.61432083333334,34.763748666666665,-12.151081144858702,17.55010264674082,-124.28123339206839,Before Launch
986,2025-05-04 12:08:08,42.464,1.69947512,0.484,21.935,-86.61432083333334,34.763748666666665,-12.144527507047354,17.54004229096387,-124.29704613537402,Before Launch
987,2025-05-04 12:08:08,42.507,-0.10826772,-0.091,21.959,-86.61432083333334,34.763748666666665,-12.050935386489463,17.512907531340733,-124.33146633718778,Before Launch
988,2025-05-04 12:08:08,42.552,0.50524936,-0.324,21.952,-86.61432083333334,34.763748666666665,-12.034479220218408,17.49612822967366,-124.26567436096833,Before Launch
989,2025-05-04 12:08:08,42.595,-1.59776908,-1.917,21.957,-86.61432083333334,34.763748666666665,-11.986956477766869,17.454549791448613,-124.18344252576273,Before Launch
990,2025-05-04 12:08:08,42.638,-0.21981628,0.251,21.947,-86.61432083333334,34.763748666666665,-11.888062006440306,17.45587462617103,-124.17886538345489,Before Launch
991,2025-05-04 12:08:08,42.684,0.15419948,0.473,21.959,-86.61432083333334,34.763748666666665,-11.9440016601146,17.458147724793612,-124.16641298294863,Before Launch
992,2025-05-04 12:08:08,42.726,-1.45669296,-1.912,21.952,-86.61432083333334,34.763748666666665,-11.931306856929746,17.468099520187632,-124.12225721398241,Before Launch
993,2025-05-04 12:08:09,42.769,-0.14107612,-1.96,21.942,-86.61432083333334,34.763748666666665,-11.96892588586312,17.455046763617197,-124.05962749526391,Before Launch
994,2025-05-04 12:08:09,42.811,0.28543308,0.483,21.964,-86.61432083333334,34.763748666666665,-11.91216271643904,17.442280730573927,-124.1038076238424,Before Launch
995,2025-05-04 12:08:09,42.854,-2.0669292,-1.12,21.974,-86.61432083333334,34.763748666666665,-11.860162545045473,17.392007192326126,-124.06052971810338,Before Launch
996,2025-05-04 12:08:09,42.896,1.3484252399999999,1.578,21.942,-86.61432133333334,34.76375016666667,-11.836110757210145,17.373868983290258,-124.02121216303243,Before Launch
997,2025-05-04 12:08:09,42.939,-0.32808400000000004,0.151,21.97,-86.61432133333334,34.76375016666667,-11.802142727646876,17.345620064116652,-124.03313183927824,Before Launch
998,2025-05-04 12:08:09,42.981,0.30511812,-0.825,21.972,-86.61432133333334,34.76375016666667,-11.823590774704606,17.322193552943936,-124.02003270647187,Before Launch
999,2025-05-04 12:08:09,43.024,-0.11811023999999999,0.476,21.949,-86.61432133333334,34.76375016666667,-11.916208739584892,17.32752498220139,-124.03116896487657,Before Launch
1000,2025-05-04 12:08:09,43.066,0.55446196,-0.531,21.974,-86.61432133333334,34.76375016666667,-11.833198672786553,17.288940135236007,-124.0101097227861,Before Launch
1001,2025-05-04 12:08:09,43.109,0.16404200000000002,-0.082,21.967,-86.61432133333334,34.76375016666667,-11.775167041234894,17.255157524463584,-123.98428565014987,Before Launch
1002,2025-05-04 12:08:09,43.151,1.22703416,2.157,21.945,-86.61432133333334,34.76375016666667,-11.719404055448145,17.26256637384698,-123.95260020496615,Before Launch
1003,2025-05-04 12:08:09,43.194,-0.81036748,0.829,21.972,-86.61432133333334,34.76375016666667,-11.634908061700186,17.236874884033465,-123.89138530334792,Before Launch
1004,2025-05-04 12:08:09,43.236,0.16404200000000002,0.373,21.967,-86.61432133333334,34.76375016666667,-11.434129029861165,17.27180747373247,-123.35544305994965,Before Launch
1005,2025-05-04 12:08:09,43.279,-0.45931760000000005,0.03,21.952,-86.61432133333334,34.76375016666667,-11.185486793282536,17.25803300276298,-122.641246857192,Before Launch
1006,2025-05-04 12:08:09,43.321,-0.71194228,-1.795,21.962,-86.61432133333334,34.76375016666667,-11.129732160164297,17.27584774329312,-122.45488420082486,Before Launch
1007,2025-05-04 12:08:09,43.363,-1.4435696,-3.004,21.97,-86.61432133333334,34.76375016666667,-11.393478897340158,17.209605895464577,-123.0776949889692,Before Launch
1008,2025-05-04 12:08:09,43.406,-0.43963256,0.158,21.972,-86.61432133333334,34.76375016666667,-11.49974056216377,17.19275450750012,-123.28282519470633,Before Launch
1009,2025-05-04 12:08:09,43.449,0.53477692,0.281,21.967,-86.61432133333334,34.76375016666667,-11.638255876193403,17.258530322207413,-123.44728550047746,Before Launch
1010,2025-05-04 12:08:09,43.494,-1.32545936,-1.132,21.967,-86.61432133333334,34.76375016666667,-11.65797331315311,17.265026537481553,-123.5591975419493,Before Launch
1011,2025-05-04 12:08:09,43.537,0.6233596,-1.003,21.949,-86.61432133333334,34.76375016666667,-11.74677597966316,17.249993369867685,-123.61703102083592,Before Launch
1012,2025-05-04 12:08:09,43.579,-0.70209976,-0.554,21.97,-86.61432133333334,34.76375016666667,-11.732921327963412,17.238773255733065,-123.62562500300679,Before Launch
1013,2025-05-04 12:08:09,43.622,0.16404200000000002,-0.319,21.967,-86.61432133333334,34.76375016666667,-11.728183293255327,17.205989038407942,-123.66929794850729,Before Launch
1014,2025-05-04 12:08:09,43.664,-0.5905511999999999,0.942,21.959,-86.61432133333334,34.76375016666667,-11.686340801019263,17.173069113293977,-123.72499612027333,Before Launch
1015,2025-05-04 12:08:09,43.707,-0.43963256,-0.206,21.972,-86.61432133333334,34.76375016666667,-11.559634890021602,16.99513870263012,-123.74902175474558,Before Launch
1016,2025-05-04 12:08:09,43.75,-3.04461952,-3.001,21.972,-86.61432133333334,34.76375016666667,-11.439002080293342,16.987245781709507,-123.74489536122431,Before Launch
1017,2025-05-04 12:08:10,43.792,0.01312336,1.379,21.954,-86.61432133333334,34.76375016666667,-11.197872627598535,17.14310979323636,-123.68679061488638,Before Launch
1018,2025-05-04 12:08:10,43.835,-0.06889764000000001,0.068,21.972,-86.61432133333334,34.76375016666667,-11.150795201266611,17.161137951999557,-123.75024982574999,Before Launch
1019,2025-05-04 12:08:10,43.877,-0.20997376,-0.465,21.967,-86.6143275,34.763753333333334,-10.946292697102045,17.187289122945955,-124.04495800864214,Before Launch
1020,2025-05-04 12:08:10,43.92,0.97769032,2.856,21.942,-86.6143275,34.763753333333334,-9.819676532559416,17.05726947182357,-123.83093430368007,Before Launch
1021,2025-05-04 12:08:10,43.97,-1.69619428,-2.835,21.967,-86.6143275,34.763753333333334,-9.012295310687039,16.931873991334857,-123.37735172762129,Before Launch
1022,2025-05-04 12:08:10,44.013,-0.83333336,-0.47,21.964,-86.6143275,34.763753333333334,-8.232914954914968,16.744083283046436,-122.10577962622159,Before Launch
1023,2025-05-04 12:08:10,44.055,0.042650919999999995,-0.244,21.97,-86.6143275,34.763753333333334,-8.072947961365367,16.755280418518304,-121.49131166501225,Before Launch
1024,2025-05-04 12:08:10,44.1,0.41666668,0.497,21.97,-86.6143275,34.763753333333334,-7.72396019066446,16.926772843886805,-119.5074587477649,Before Launch
1025,2025-05-04 12:08:10,44.143,0.6561680000000001,0.094,21.964,-86.6143275,34.763753333333334,-7.550684980005341,16.959326770482747,-118.00411755521588,Before Launch
1026,2025-05-04 12:08:10,44.185,-1.32545936,-1.384,21.967,-86.6143275,34.763753333333334,-7.228213934600255,16.922891584741897,-114.86126644014585,Before Launch
1027,2025-05-04 12:08:10,44.228,0.30511812,-0.856,21.972,-86.6143275,34.763753333333334,-6.7799586465426485,16.89492558125619,-112.62868028167799,Before Launch
1028,2025-05-04 12:08:10,44.271,-1.4435696,-0.588,21.97,-86.6143275,34.763753333333334,-5.702931528215921,17.248329639670448,-108.09832086397117,Before Launch
1029,2025-05-04 12:08:10,44.313,-0.10826772,-0.253,21.972,-86.6143275,34.763753333333334,-5.170767994733824,17.46475071183246,-106.00967555150778,Before Launch
1030,2025-05-04 12:08:10,44.356,-0.58070868,-0.113,21.967,-86.6143275,34.763753333333334,-4.177614088656314,17.787242294893765,-102.73717270847753,Before Launch
1031,2025-05-04 12:08:10,44.398,0.7874015999999999,1.392,21.97,-86.6143275,34.763753333333334,-3.87378725528316,17.881466486224603,-101.66737241006447,Before Launch
1032,2025-05-04 12:08:10,44.441,0.77755908,2.06,21.962,-86.6143275,34.763753333333334,-3.602510674286149,17.55153601311304,-100.51189788568234,Before Launch
1033,2025-05-04 12:08:10,44.483,-0.56102364,-0.113,21.974,-86.6143275,34.763753333333334,-3.366015166149052,17.267174414626826,-99.84068753583077,Before Launch
1034,2025-05-04 12:08:10,44.526,-0.32808400000000004,-0.801,21.97,-86.6143275,34.763753333333334,-3.0056706253422583,16.75318514651511,-98.84639423054455,Before Launch
1035,2025-05-04 12:08:10,44.568,1.05643048,2.218,21.925,-86.6143275,34.763753333333334,-2.8694212484043646,16.600696965347062,-98.51220559009019,Before Launch
1036,2025-05-04 12:08:10,44.61,0.63648296,0.012,21.957,-86.6143275,34.763753333333334,-2.611761355431663,16.373374961602902,-98.12484791797479,Before Launch
1037,2025-05-04 12:08:10,44.653,0.5249344,1.142,21.959,-86.6143275,34.763753333333334,-2.5113919648376855,16.23503287128254,-98.03676534425348,Before Launch
1038,2025-05-04 12:08:10,44.695,0.6561680000000001,0.459,21.964,-86.6143275,34.763753333333334,-2.4449143205359505,16.163201074739007,-97.97386187231162,Before Launch
1039,2025-05-04 12:08:10,44.738,-0.43963256,0.141,21.972,-86.6143275,34.763753333333334,-2.5279374577972136,16.180347245772797,-97.95069398871667,Before Launch
1040,2025-05-04 12:08:11,44.789,-0.06889764000000001,0.343,21.972,-86.6143275,34.763753333333334,-2.539407764671432,16.165345715483685,-98.06149679346399,Before Launch
1041,2025-05-04 12:08:11,44.836,-1.32545936,1.583,21.967,-86.6143275,34.763753333333334,-2.5764939179174675,16.235815019590497,-98.12369459087246,Before Launch
1042,2025-05-04 12:08:11,44.879,0.6725722,0.607,21.917,-86.6143275,34.763753333333334,-2.6865028270829754,16.25383407468498,-98.4565877481947,Before Launch
1043,2025-05-04 12:08:11,44.921,0.16404200000000002,0.214,21.967,-86.6143295,34.76375566666667,-2.6481856604478122,16.322982831988373,-98.83218017523228,Before Launch
1044,2025-05-04 12:08:11,44.964,-1.07283468,-0.794,21.957,-86.6143295,34.76375566666667,-2.7348220608545226,16.343822873985484,-98.94172478426373,Before Launch
1045,2025-05-04 12:08:11,45.006,0.30511812,-0.619,21.972,-86.6143295,34.76375566666667,-2.8507360957277843,16.479814008388008,-99.09722917552392,Before Launch
1046,2025-05-04 12:08:11,45.049,-0.32808400000000004,1.268,21.97,-86.6143295,34.76375566666667,-2.917206918979996,16.56219617405963,-99.1453525596979,Before Launch
1047,2025-05-04 12:08:11,45.092,-0.47900264,0.328,21.962,-86.6143295,34.76375566666667,-3.0452502774385604,16.76989051428852,-99.57924069752886,Before Launch
1048,2025-05-04 12:08:11,45.134,0.16404200000000002,0.113,21.967,-86.6143295,34.76375566666667,-3.137326554955816,16.81756107372997,-99.82245517682185,Before Launch
1049,2025-05-04 12:08:11,45.177,-1.32545936,-1.618,21.967,-86.6143295,34.76375566666667,-3.261517386513544,16.914982596209338,-100.03578176123187,Before Launch
1050,2025-05-04 12:08:11,45.22,-0.83333336,-1.383,21.964,-86.6143295,34.76375566666667,-3.273663368322406,16.931007376507296,-100.36797260487504,Before Launch
1051,2025-05-04 12:08:11,45.262,-1.5748031999999998,-0.232,21.964,-86.6143295,34.76375566666667,-3.3906682770076633,17.0482622029802,-100.79200119566613,Before Launch
1052,2025-05-04 12:08:11,45.305,-1.07283468,-1.279,21.97,-86.6143295,34.76375566666667,-3.4123808468223085,17.1218463206253,-100.9261670738838,Before Launch
1053,2025-05-04 12:08:11,45.348,-0.58070868,0.801,21.967,-86.6143295,34.76375566666667,-3.1492555507551363,17.262759700294108,-100.67464043025343,Before Launch
1054,2025-05-04 12:08:11,45.39,1.54855648,1.538,21.922,-86.6143295,34.76375566666667,-2.814656824687635,17.386539838903506,-100.50593152915239,Before Launch
1055,2025-05-04 12:08:11,45.433,-1.9488189599999999,-1.27,21.964,-86.6143295,34.76375566666667,-1.7869906176926194,17.54783691242528,-100.24886228077702,Before Launch
1056,2025-05-04 12:08:11,45.476,0.0328084,-0.7,21.962,-86.6143295,34.76375566666667,-1.2405918276392738,17.632168193459627,-100.1140873632336,Before Launch
1057,2025-05-04 12:08:11,45.519,-0.45931760000000005,-1.147,21.964,-86.6143295,34.76375566666667,0.5257491693423926,17.70400632263604,-98.99844315492064,Before Launch
1058,2025-05-04 12:08:11,45.561,-2.6706037599999997,-1.957,21.972,-86.6143295,34.76375566666667,1.3083106044241726,17.757077882100297,-98.49328474231442,Before Launch
1059,2025-05-04 12:08:11,45.604,0.6561680000000001,0.913,21.964,-86.6143295,34.76375566666667,2.412705431342127,17.97955602354493,-96.54784017391091,Before Launch
1060,2025-05-04 12:08:11,45.647,-1.32545936,-2.207,21.967,-86.6143295,34.76375566666667,3.0067821878966514,18.096192683436986,-94.8271385481111,Before Launch
1061,2025-05-04 12:08:11,45.689,-1.8274278800000001,-2.284,21.962,-86.6143295,34.76375566666667,4.789290306963292,18.27435072367409,-87.63225765177783,Before Launch
1062,2025-05-04 12:08:11,45.732,0.0328084,-0.456,21.962,-86.6143295,34.76375566666667,6.083815247942482,18.367741391018615,-82.57668781668211,Before Launch
1063,2025-05-04 12:08:12,45.774,0.18372704,-0.438,21.974,-86.6143295,34.76375566666667,9.009538113032143,18.828162892606414,-71.98082551425848,Before Launch
1064,2025-05-04 12:08:12,45.817,-1.20406828,-0.708,21.964,-86.6143295,34.76375566666667,10.65275360896146,19.176909199373235,-66.93411238665436,Before Launch
1065,2025-05-04 12:08:12,45.865,0.16404200000000002,0.216,21.967,-86.6143295,34.76375566666667,14.09424661088655,19.84470569792562,-58.5958256229445,Before Launch
1066,2025-05-04 12:08:12,45.91,-1.18438324,0.131,21.972,-86.6143325,34.76375933333333,17.01175749914652,20.45653800488926,-52.04293193080166,Before Launch
1067,2025-05-04 12:08:12,45.956,0.85629924,0.171,21.945,-86.6143325,34.76375933333333,18.051044491816196,20.612512538684584,-49.87500623617896,Before Launch
1068,2025-05-04 12:08:12,46.0,0.23293963999999998,0.064,21.942,-86.6143325,34.76375933333333,19.72885465693864,20.943019764496647,-46.56016676166321,Before Launch
1069,2025-05-04 12:08:12,46.043,0.5839895199999999,1.536,21.935,-86.6143325,34.76375933333333,20.32406865731968,20.970201867996447,-45.418766048935645,Before Launch
1070,2025-05-04 12:08:12,46.086,-0.20997376,-0.477,21.964,-86.6143325,34.76375933333333,21.120702574887424,21.0443429999868,-43.99099250934973,Before Launch
1071,2025-05-04 12:08:12,46.131,-0.45931760000000005,-0.121,21.964,-86.6143325,34.76375933333333,21.41801037025049,21.135175880072058,-43.55057658920904,Before Launch
1072,2025-05-04 12:08:12,46.173,0.042650919999999995,0.483,21.97,-86.6143325,34.76375933333333,21.825096063348642,21.228866936864133,-42.96364567178712,Before Launch
1073,2025-05-04 12:08:12,46.216,2.61154864,2.262,21.967,-86.6143325,34.76375933333333,22.004770938450516,21.266233736054588,-42.79919403084618,Before Launch
1074,2025-05-04 12:08:12,46.258,0.042650919999999995,1.266,21.97,-86.6143325,34.76375933333333,22.31190597761707,21.3112304304222,-42.32663953991755,Before Launch
1075,2025-05-04 12:08:12,46.301,-0.32808400000000004,0.467,21.97,-86.6143325,34.76375933333333,22.48038690214569,21.314556954539146,-42.118644483022926,Before Launch
1076,2025-05-04 12:08:12,46.344,0.16404200000000002,1.607,21.977,-86.6143325,34.76375933333333,22.760028444928384,21.33423979942987,-41.73276156376528,Before Launch
1077,2025-05-04 12:08:12,46.386,-1.32545936,-0.234,21.967,-86.6143325,34.76375933333333,22.906192561822426,21.331153228073767,-41.56540735275249,Before Launch
1078,2025-05-04 12:08:12,46.429,-0.56102364,0.018,21.974,-86.6143325,34.76375933333333,22.99358163152695,21.267875662831095,-41.338032402429214,Before Launch
1079,2025-05-04 12:08:12,46.471,-0.20997376,-1.627,21.967,-86.6143325,34.76375933333333,23.040076600896167,21.294495476500046,-41.25034546149531,Before Launch
1080,2025-05-04 12:08:12,46.514,2.06036752,3.709,21.927,-86.6143325,34.76375933333333,23.180565663043186,21.314649646119246,-40.96226990788728,Before Launch
1081,2025-05-04 12:08:12,46.556,-0.06889764000000001,-0.094,21.972,-86.6143325,34.76375933333333,23.257959941776093,21.261754983505906,-40.8001166069679,Before Launch
1082,2025-05-04 12:08:12,46.599,-0.81036748,-0.325,21.972,-86.6143325,34.76375933333333,23.415470838393798,21.22933447227493,-40.51555489782582,Before Launch
1083,2025-05-04 12:08:12,46.642,0.7874015999999999,3.199,21.97,-86.6143325,34.76375933333333,23.452173674013217,21.200684987105785,-40.348445933091725,Before Launch
1084,2025-05-04 12:08:12,46.684,1.7388452,1.002,21.949,-86.6143325,34.76375933333333,23.59314320761735,21.037450775211234,-40.04807171230217,Before Launch
1085,2025-05-04 12:08:12,46.726,1.09580056,2.244,21.939,-86.6143325,34.76375933333333,23.64078784120383,20.9889341399761,-39.88040736461716,Before Launch
1086,2025-05-04 12:08:13,46.769,0.30511812,1.975,21.967,-86.6143325,34.76375933333333,23.646682346245402,20.85993863187111,-39.646532347132315,Before Launch
1087,2025-05-04 12:08:13,46.811,-0.45931760000000005,-0.456,21.964,-86.6143325,34.76375933333333,23.699416864672042,20.80229778563681,-39.56241423336754,Before Launch
1088,2025-05-04 12:08:13,46.854,0.062335959999999996,-0.112,21.977,-86.6143325,34.76375933333333,23.534161755534754,20.662980395870196,-39.485599613672186,Before Launch
1089,2025-05-04 12:08:13,46.896,0.30511812,1.399,21.957,-86.61433716666667,34.763760833333336,23.178623568175126,20.638629497371923,-39.50999356289725,Before Launch
1090,2025-05-04 12:08:13,46.938,0.8759842800000001,0.664,21.952,-86.61433716666667,34.763760833333336,22.004492684127836,20.471040111977562,-38.909716213610594,Before Launch
1091,2025-05-04 12:08:13,46.981,-0.56102364,0.582,21.974,-86.61433716666667,34.763760833333336,21.51648511021392,20.38540239496132,-38.48543061733511,Before Launch
1092,2025-05-04 12:08:13,47.024,-0.20997376,-0.998,21.967,-86.61433716666667,34.763760833333336,21.202917595958326,20.27449912219819,-37.95762739530484,Before Launch
1093,2025-05-04 12:08:13,47.066,1.47965884,1.17,21.947,-86.61433716666667,34.763760833333336,21.348778952037247,20.193134299642086,-37.62386845770895,Before Launch
1094,2025-05-04 12:08:13,47.117,-0.67913388,-1.176,21.977,-86.61433716666667,34.763760833333336,20.68713193425,19.379800841763696,-38.587664143021954,Before Launch
1095,2025-05-04 12:08:13,47.16,0.30511812,0.48,21.972,-86.61433716666667,34.763760833333336,17.862086549133785,19.007325066285652,-42.80307938041124,Before Launch
1096,2025-05-04 12:08:13,47.204,-0.80052496,-0.318,21.979,-86.61433716666667,34.763760833333336,16.11662081774885,18.906504739528277,-45.12210362229004,Before Launch
1097,2025-05-04 12:08:13,47.247,0.18372704,0.131,21.974,-86.61433716666667,34.763760833333336,13.642764290216608,18.72852720754654,-49.3359091112408,Before Launch
1098,2025-05-04 12:08:13,47.289,0.30511812,-2.15,21.972,-86.61433716666667,34.763760833333336,12.400758863599462,18.632628772529426,-51.21202217051409,Before Launch
1099,2025-05-04 12:08:13,47.332,0.9973753599999999,0.889,21.949,-86.61433716666667,34.763760833333336,9.601223571345814,18.311103825187754,-56.30214412676145,Before Launch
1100,2025-05-04 12:08:13,47.375,0.7874015999999999,1.039,21.97,-86.61433716666667,34.763760833333336,8.686198869481721,18.141570180721796,-58.57430983997299,Before Launch
1101,2025-05-04 12:08:13,47.419,0.55446196,0.363,21.974,-86.61433716666667,34.763760833333336,8.03989476272093,18.858014801096235,-62.616304051568164,Before Launch
1102,2025-05-04 12:08:13,47.463,-0.18700788000000002,1.057,21.974,-86.61433716666667,34.763760833333336,7.680128755344271,19.400955418767193,-64.45948529839112,Before Launch
1103,2025-05-04 12:08:13,47.506,-0.80052496,-0.222,21.979,-86.61433716666667,34.763760833333336,7.217120362424054,20.13113620369087,-67.17352617263079,Before Launch
1104,2025-05-04 12:08:13,47.548,3.84842532,3.768,21.979,-86.61433716666667,34.763760833333336,7.069258302131332,20.226874665756135,-68.26949709195934,Before Launch
1105,2025-05-04 12:08:13,47.59,-0.67913388,-2.546,21.977,-86.61433716666667,34.763760833333336,6.835207279076357,20.354790748058885,-70.27639638554767,Before Launch
1106,2025-05-04 12:08:13,47.633,-1.05314964,-0.914,21.977,-86.61433716666667,34.763760833333336,6.6182204056447365,20.466937507736272,-70.9265704026752,Before Launch
1107,2025-05-04 12:08:13,47.675,-1.0826772,-0.253,21.979,-86.61433716666667,34.763760833333336,6.38459016545318,19.966098380293975,-70.88618679075746,Before Launch
1108,2025-05-04 12:08:13,47.718,0.31496064,-0.439,21.979,-86.61433716666667,34.763760833333336,6.367860905917627,19.354726882936063,-70.51615915969938,Before Launch
1109,2025-05-04 12:08:14,47.761,-0.42979004000000004,-2.014,21.979,-86.61433716666667,34.763760833333336,5.929487627192258,18.37864072578774,-68.8641392745481,Before Launch
1110,2025-05-04 12:08:14,47.803,-0.56102364,-1.538,21.974,-86.61433716666667,34.763760833333336,6.044617607070528,18.08247077029356,-67.78437632963211,Before Launch
1111,2025-05-04 12:08:14,47.846,1.00721788,0.652,21.957,-86.61433716666667,34.763760833333336,6.463757310370903,17.833909283003642,-66.66891015753436,Before Launch
1112,2025-05-04 12:08:14,47.889,-0.18700788000000002,0.253,21.974,-86.61433716666667,34.763760833333336,6.482619937436156,17.93277856268506,-66.43520764871124,Before Launch
1113,2025-05-04 12:08:14,47.931,0.16404200000000002,0.094,21.974,-86.61433716666667,34.763760833333336,5.850093153987317,19.296294463228968,-69.02783360001222,Before Launch
1114,2025-05-04 12:08:14,47.974,0.41666668,0.103,21.97,-86.61433733333334,34.76376166666667,5.249794141651216,20.42216632666028,-71.94037552674759,Before Launch
1115,2025-05-04 12:08:14,48.022,0.55446196,-0.297,21.974,-86.61433733333334,34.76376166666667,4.142117636395662,22.649056181659333,-77.57734638697816,Before Launch
1116,2025-05-04 12:08:14,48.066,0.20341208,0.705,21.982,-86.61433733333334,34.76376166666667,2.2052662844752353,24.168992534319123,-83.92713490400884,Before Launch
1117,2025-05-04 12:08:14,48.11,-1.30249348,-1.006,21.974,-86.61433733333334,34.76376166666667,1.1952670714236238,25.19560191132153,-86.92432113007061,Before Launch
1118,2025-05-04 12:08:14,48.153,0.41666668,-0.978,21.97,-86.61433733333334,34.76376166666667,-0.6473474469166687,27.32482426080491,-92.01614589478669,Before Launch
1119,2025-05-04 12:08:14,48.196,-1.05314964,-0.347,21.977,-86.61433733333334,34.76376166666667,-1.5770676670494652,28.891446396476802,-94.06859110902835,Before Launch
1120,2025-05-04 12:08:14,48.238,0.18372704,-0.113,21.974,-86.61433733333334,34.76376166666667,-2.6827436021146456,32.60798918064479,-96.55621214508182,Before Launch
1121,2025-05-04 12:08:14,48.283,1.7191601600000002,2.335,21.942,-86.61433733333334,34.76376166666667,-2.846696277535376,34.147849908793106,-97.21764417110677,Before Launch
1122,2025-05-04 12:08:14,48.325,0.55446196,0.344,21.974,-86.61433733333334,34.76376166666667,-4.013752043770384,36.4591255551531,-98.70151028446377,Before Launch
1123,2025-05-04 12:08:14,48.367,-0.81036748,-1.035,21.972,-86.61433733333334,34.76376166666667,-4.602346048252431,37.22155557101729,-99.37972245241592,Before Launch
1124,2025-05-04 12:08:14,48.41,-0.42979004000000004,-1.324,21.979,-86.61433733333334,34.76376166666667,-5.520610004834764,38.11173534325769,-100.41819691387575,Before Launch
1125,2025-05-04 12:08:14,48.453,-0.18700788000000002,-0.904,21.974,-86.61433733333334,34.76376166666667,-6.009389217514752,38.361960382888526,-100.70464706581076,Before Launch
1126,2025-05-04 12:08:14,48.495,-0.67913388,-1.146,21.977,-86.61433733333334,34.76376166666667,-7.099886901596066,38.53312098899265,-100.5109100266771,Before Launch
1127,2025-05-04 12:08:14,48.537,0.41666668,0.562,21.97,-86.61433733333334,34.76376166666667,-7.5157814378497125,38.42557436573988,-100.40642254108658,Before Launch
1128,2025-05-04 12:08:14,48.58,-0.80052496,0.0,21.979,-86.61433733333334,34.76376166666667,-8.053854807762885,38.191394983022015,-100.18562316542375,Before Launch
1129,2025-05-04 12:08:14,48.622,0.77755908,-2.859,21.982,-86.61433733333334,34.76376166666667,-8.450896842108326,38.051571643885936,-100.06690576627173,Before Launch
1130,2025-05-04 12:08:14,48.665,1.49934388,2.026,21.954,-86.61433733333334,34.76376166666667,-9.15250940527281,37.55319917319097,-99.96949105221064,Before Launch
1131,2025-05-04 12:08:14,48.708,-0.67913388,0.348,21.977,-86.61433733333334,34.76376166666667,-9.633164123857373,37.102631293082894,-100.31010356695984,Before Launch
1132,2025-05-04 12:08:14,48.75,0.73490816,1.691,21.972,-86.61433733333334,34.76376166666667,-10.959643366411353,35.56191686772253,-102.1485685293394,Before Launch
1133,2025-05-04 12:08:15,48.794,0.18372704,-0.122,21.974,-86.61433733333334,34.76376166666667,-11.991504572265557,34.73497247605691,-103.83706109890842,Before Launch
1134,2025-05-04 12:08:15,48.844,0.43635172,0.8,21.977,-86.61433733333334,34.76376166666667,-14.359179200975992,32.70466609019928,-108.61994008693024,Before Launch
1135,2025-05-04 12:08:15,48.889,0.55446196,1.027,21.974,-86.61433916666667,34.7637625,-16.977396526812573,30.676731618631578,-114.13366772409643,Before Launch
1136,2025-05-04 12:08:15,48.931,0.85629924,-0.139,21.945,-86.61433916666667,34.7637625,-17.96275306352023,29.828230088484123,-116.28147252234206,Before Launch
1137,2025-05-04 12:08:15,48.974,0.80708664,0.916,21.977,-86.61433916666667,34.7637625,-19.172579251281675,28.455514659038275,-119.28043358631501,Before Launch
1138,2025-05-04 12:08:15,49.017,-0.9317585599999999,-1.009,21.952,-86.61433916666667,34.7637625,-19.507561372571743,27.98159289552047,-120.207817544608,Before Launch
1139,2025-05-04 12:08:15,49.059,-0.9120735200000001,-1.225,21.982,-86.61433916666667,34.7637625,-19.93579136830151,27.42569943291045,-121.49461421103558,Before Launch
1140,2025-05-04 12:08:15,49.101,0.55446196,0.0,21.974,-86.61433916666667,34.7637625,-19.945537288873727,27.249549394277608,-121.97505200666242,Before Launch
1141,2025-05-04 12:08:15,49.144,-1.5452756399999998,-1.622,21.979,-86.61433916666667,34.7637625,-20.00007981402036,27.120426708333614,-122.64658804106179,Before Launch
1142,2025-05-04 12:08:15,49.186,-0.56102364,0.689,21.974,-86.61433916666667,34.7637625,-20.209007568903914,27.10411449167117,-122.97170597433762,Before Launch
1143,2025-05-04 12:08:15,49.229,0.43635172,0.018,21.977,-86.61433916666667,34.7637625,-20.57575146843755,27.13621236248144,-123.82769138080025,Before Launch
1144,2025-05-04 12:08:15,49.272,-0.42979004000000004,0.579,21.979,-86.61433916666667,34.7637625,-20.711622537359332,27.156540643157307,-124.28999490780355,Before Launch
1145,2025-05-04 12:08:15,49.314,-0.65944884,-0.784,21.984,-86.61433916666667,34.7637625,-21.051653401209702,27.13433833003646,-125.18627618432917,Before Launch
1146,2025-05-04 12:08:15,49.356,-0.67913388,-2.235,21.977,-86.61433916666667,34.7637625,-21.085370977650406,27.054724552230535,-125.51932064027166,Before Launch
1147,2025-05-04 12:08:15,49.399,0.43635172,-0.11,21.977,-86.61433916666667,34.7637625,-21.09447891303311,26.798135166837252,-125.98740068237653,Before Launch
1148,2025-05-04 12:08:15,49.441,0.43635172,1.161,21.977,-86.61433916666667,34.7637625,-21.11009554751628,26.653765773402306,-126.2196973428181,Before Launch
1149,2025-05-04 12:08:15,49.484,-0.18700788000000002,0.226,21.974,-86.61433916666667,34.7637625,-20.930883098142058,26.538678003857537,-126.5374174795712,Before Launch
1150,2025-05-04 12:08:15,49.527,-0.18700788000000002,0.0,21.974,-86.61433916666667,34.7637625,-20.677105481515287,26.530816332435382,-126.47491358587703,Before Launch
1151,2025-05-04 12:08:15,49.569,-0.18700788000000002,0.458,21.974,-86.61433916666667,34.7637625,-20.370407295420595,26.48573761347008,-126.15215179911692,Before Launch
1152,2025-05-04 12:08:15,49.612,-0.9317585599999999,-1.254,21.974,-86.61433916666667,34.7637625,-20.249066151507513,26.59894574830705,-125.85395894061384,Before Launch
1153,2025-05-04 12:08:15,49.654,0.80708664,1.497,21.977,-86.61433916666667,34.7637625,-19.990674103573973,27.166865300721167,-125.06988539208947,Before Launch
1154,2025-05-04 12:08:15,49.696,3.25787412,2.309,21.977,-86.61433916666667,34.7637625,-19.886691088539365,27.43626585509147,-124.70658716673178,Before Launch
1155,2025-05-04 12:08:15,49.739,0.31496064,-1.103,21.979,-86.61433916666667,34.7637625,-19.626962980899215,27.648198743940913,-124.25139607127554,Before Launch
1156,2025-05-04 12:08:16,49.782,0.43635172,1.039,21.977,-86.61433916666667,34.7637625,-19.513358103328926,27.700083359728406,-124.1098543649425,Before Launch
1157,2025-05-04 12:08:16,49.824,-0.18700788000000002,-0.858,21.974,-86.61433916666667,34.7637625,-19.310954013705953,27.664539540016378,-123.98014046054995,Before Launch
1158,2025-05-04 12:08:16,49.866,-0.43963256,-0.581,21.972,-86.61433916666667,34.7637625,-19.1287958924594,27.658359907473397,-123.90308427555622,Before Launch
1159,2025-05-04 12:08:16,49.917,-0.67913388,-1.04,21.977,-86.61433916666667,34.763764,-18.898729875401127,27.725713617259114,-123.81641652786914,Before Launch
1160,2025-05-04 12:08:16,49.96,-0.30839896,-0.806,21.972,-86.61433916666667,34.763764,-18.705434514290154,27.76065640716856,-123.76530364476045,Before Launch
1161,2025-05-04 12:08:16,50.005,-0.20997376,-0.993,21.967,-86.61433916666667,34.763764,-18.667488053850974,27.751551462406844,-123.69183655661092,Before Launch
1162,2025-05-04 12:08:16,50.048,0.18372704,-0.58,21.974,-86.61433916666667,34.763764,-18.49332460943705,27.89263494905667,-123.32472263512233,Before Launch
1163,2025-05-04 12:08:16,50.09,1.9028872,2.642,21.97,-86.61433916666667,34.763764,-18.2726840700698,27.970659945300767,-123.05818551097563,Before Launch
1164,2025-05-04 12:08:16,50.134,-0.18700788000000002,0.674,21.974,-86.61433916666667,34.763764,-17.82554269480086,28.210473021032737,-122.46598090337343,Before Launch
1165,2025-05-04 12:08:16,50.178,1.1811023999999999,0.582,21.977,-86.61433916666667,34.763764,-17.73663130219058,28.319293883194018,-122.16252700275246,Before Launch
1166,2025-05-04 12:08:16,50.221,1.46981632,2.8,21.939,-86.61433916666667,34.763764,-18.47142484627063,28.618708717657867,-121.27527986466836,Before Launch
1167,2025-05-04 12:08:16,50.264,-0.18700788000000002,0.347,21.974,-86.61433916666667,34.763764,-18.60002997326619,28.879400425074696,-120.75165062051458,Before Launch
1168,2025-05-04 12:08:16,50.31,1.55183732,1.032,21.977,-86.61433916666667,34.763764,-17.664466664967012,29.012211773605017,-119.23788473881352,Before Launch
1169,2025-05-04 12:08:16,50.353,2.6968504799999997,2.892,21.937,-86.61433916666667,34.763764,-17.159849533328934,28.953048454236104,-118.53489754050716,Before Launch
1170,2025-05-04 12:08:16,50.399,1.2992126400000001,1.805,21.974,-86.61433916666667,34.763764,-16.39682576571011,29.332230712165227,-117.26338830677031,Before Launch
1171,2025-05-04 12:08:16,50.441,1.7191601600000002,2.21,21.942,-86.61433916666667,34.763764,-16.23972663434431,29.910603047131968,-116.61498588400413,Before Launch
1172,2025-05-04 12:08:16,50.484,-1.05314964,-1.373,21.977,-86.61433916666667,34.763764,-15.58650405943101,30.94227831343595,-114.66384259758199,Before Launch
1173,2025-05-04 12:08:16,50.527,1.62073496,1.091,21.952,-86.61433916666667,34.763764,-14.83824001543939,31.414151621104548,-113.56125800272244,Before Launch
1174,2025-05-04 12:08:16,50.57,-0.9120735200000001,-0.668,21.982,-86.61433916666667,34.763764,-14.052117872127265,31.854664189672828,-111.88585196564667,Before Launch
1175,2025-05-04 12:08:16,50.614,-1.5452756399999998,-1.25,21.974,-86.61433916666667,34.763764,-13.557225327539077,31.843945244298904,-111.3488482045175,Before Launch
1176,2025-05-04 12:08:16,50.657,0.6758530399999999,0.793,21.972,-86.61433916666667,34.763764,-12.720706944389907,31.761688449370283,-110.76978144053975,Before Launch
1177,2025-05-04 12:08:16,50.699,0.20341208,1.044,21.982,-86.61433916666667,34.763764,-12.997222320086207,31.626344263270063,-111.1817133339534,Before Launch
1178,2025-05-04 12:08:16,50.742,0.45603676000000004,-0.323,21.979,-86.61433916666667,34.763764,-13.4709395124036,31.645123469490574,-111.73129768689111,Before Launch
1179,2025-05-04 12:08:17,50.784,-0.08858268,-3.076,21.964,-86.61433916666667,34.763764,-13.590103134901797,31.67643443027383,-111.89248009432977,Before Launch
1180,2025-05-04 12:08:17,50.828,0.80708664,0.452,21.977,-86.61433916666667,34.763764,-13.816600384664568,31.806728968511568,-112.19352217239711,Before Launch
1181,2025-05-04 12:08:17,50.872,-0.16732284,-0.554,21.982,-86.61433916666667,34.763764,-13.890956031409146,31.92022136970335,-112.16562081649076,Before Launch
1182,2025-05-04 12:08:17,50.915,-0.67913388,-0.451,21.977,-86.61434016666666,34.76376833333333,-13.911083503836705,32.00390727606959,-111.99733081899944,Before Launch
1183,2025-05-04 12:08:17,50.957,-0.30839896,0.12,21.977,-86.61434016666666,34.76376833333333,-13.736768238728981,31.930793916806724,-111.97765884052482,Before Launch
1184,2025-05-04 12:08:17,51.002,0.80708664,1.37,21.977,-86.61434016666666,34.76376833333333,-13.33845787533126,31.5618808375335,-111.91162598167865,Before Launch
1185,2025-05-04 12:08:17,51.044,1.0597113200000001,1.262,21.979,-86.61434016666666,34.76376833333333,-13.191845032510784,31.387659918195006,-111.86297602392484,Before Launch
1186,2025-05-04 12:08:17,51.086,0.82677168,0.959,21.979,-86.61434016666666,34.76376833333333,-13.096322789195959,31.146871337218826,-111.92969799029508,Before Launch
1187,2025-05-04 12:08:17,51.129,0.08530183999999999,-0.091,21.984,-86.61434016666666,34.76376833333333,-13.060926100796694,31.068554598865344,-111.8944776712481,Before Launch
1188,2025-05-04 12:08:17,51.171,-0.28871391999999996,-2.027,21.984,-86.61434016666666,34.76376833333333,-13.099623909900558,31.040184167549896,-111.70059918693991,Before Launch
1189,2025-05-04 12:08:17,51.214,1.40091868,1.47,21.964,-86.61434016666666,34.76376833333333,-13.045671960278506,31.14965877856155,-111.59077066395321,Before Launch
1190,2025-05-04 12:08:17,51.256,-0.7808399199999999,-1.82,21.987,-86.61434016666666,34.76376833333333,-12.727317261488064,31.319257089799102,-110.79040846701757,Before Launch
1191,2025-05-04 12:08:17,51.299,-1.40419952,-2.666,21.984,-86.61434016666666,34.76376833333333,-12.464809294694053,31.33334941659995,-110.31429445954542,Before Launch
1192,2025-05-04 12:08:17,51.342,-0.05577428,0.122,21.979,-86.61434016666666,34.76376833333333,-12.014472095059324,31.4109837672036,-109.62408693356184,Before Launch
1193,2025-05-04 12:08:17,51.385,-0.16732284,-1.599,21.982,-86.61434016666666,34.76376833333333,-11.778145809636387,31.33567563303841,-109.57635650169435,Before Launch
1194,2025-05-04 12:08:17,51.427,-0.42979004000000004,-2.911,21.979,-86.61434016666666,34.76376833333333,-11.608433732041997,31.139530857921475,-109.35676931613496,Before Launch
1195,2025-05-04 12:08:17,51.47,0.92847772,-0.346,21.974,-86.61434016666666,34.76376833333333,-11.515603339251385,30.91136989712711,-109.34229813735266,Before Launch
1196,2025-05-04 12:08:17,51.512,0.45603676000000004,-1.179,21.984,-86.61434016666666,34.76376833333333,-11.534302703669551,30.571294229102943,-109.47826152982957,Before Launch
1197,2025-05-04 12:08:17,51.555,3.82874028,4.558,21.89,-86.61434016666666,34.76376833333333,-11.58735690372635,30.477607438248317,-109.46048038139578,Before Launch
1198,2025-05-04 12:08:17,51.599,1.20078744,-0.392,21.982,-86.61434016666666,34.76376833333333,-11.642319041199642,30.328729213193416,-109.36493473394351,Before Launch
1199,2025-05-04 12:08:17,51.641,-1.17125988,-0.242,21.979,-86.61434016666666,34.76376833333333,-11.519196596414341,30.310143662144924,-109.3392709102368,Before Launch
1200,2025-05-04 12:08:17,51.684,0.80708664,2.198,21.977,-86.61434016666666,34.76376833333333,-11.451398379149252,30.25463719327066,-109.31151596060431,Before Launch
1201,2025-05-04 12:08:17,51.727,-1.1515748399999999,-1.708,21.987,-86.61434016666666,34.76376833333333,-11.806091034424274,30.283677181112058,-109.90410183853668,Before Launch
1202,2025-05-04 12:08:18,51.769,0.08530183999999999,-0.11,21.984,-86.61434016666666,34.76376833333333,-12.250712774831353,30.371527887229608,-110.65421958487947,Before Launch
1203,2025-05-04 12:08:18,51.812,-0.40682416,-0.806,21.987,-86.61434016666666,34.76376833333333,-12.489243394617644,30.411552561434362,-110.92148583794913,Before Launch
1204,2025-05-04 12:08:18,51.854,0.10498688,0.181,21.992,-86.61434016666666,34.76376833333333,-12.618261759167055,30.457491856572535,-111.27179379666185,Before Launch
1205,2025-05-04 12:08:18,51.897,-1.40419952,-2.069,21.984,-86.614343,34.76377033333333,-12.166779365759863,30.37117262770332,-110.9599357998721,Before Launch
1206,2025-05-04 12:08:18,51.939,-0.28871391999999996,-0.114,21.984,-86.614343,34.76377033333333,-11.42521795216782,30.35437584700901,-110.65596067412234,Before Launch
1207,2025-05-04 12:08:18,51.982,-0.65944884,0.018,21.984,-86.614343,34.76377033333333,-11.21190729017661,30.484143754217516,-110.54008678449294,Before Launch
1208,2025-05-04 12:08:18,52.032,0.08530183999999999,0.366,21.984,-86.614343,34.76377033333333,-10.594744725175318,30.097203297444764,-110.78297103262216,Before Launch
1209,2025-05-04 12:08:18,52.077,0.33464568,-0.439,21.987,-86.614343,34.76377033333333,-10.495159952540389,29.33347580881313,-111.07053232525918,Before Launch
1210,2025-05-04 12:08:18,52.121,-0.05577428,-1.036,21.984,-86.614343,34.76377033333333,-10.529441897960146,28.973369482349472,-111.17648803076663,Before Launch
1211,2025-05-04 12:08:18,52.164,1.8733596399999999,0.971,21.954,-86.614343,34.76377033333333,-10.51832709728654,28.752283643848372,-111.31912181987917,Before Launch
1212,2025-05-04 12:08:18,52.207,1.20078744,1.035,21.984,-86.614343,34.76377033333333,-10.990266275086547,29.127383475189873,-111.33780000245658,Before Launch
1213,2025-05-04 12:08:18,52.249,-0.16732284,0.113,21.982,-86.614343,34.76377033333333,-12.424256423632684,30.23622097800618,-112.10813426512846,Before Launch
1214,2025-05-04 12:08:18,52.292,2.61482948,1.126,21.954,-86.614343,34.76377033333333,-12.999166657249026,30.597698967709583,-112.38848956684272,Before Launch
1215,2025-05-04 12:08:18,52.334,0.21653544,0.925,21.989,-86.614343,34.76377033333333,-13.466893704774204,30.94517478579271,-112.68578037897372,Before Launch
1216,2025-05-04 12:08:18,52.377,0.70866144,1.96,21.987,-86.614343,34.76377033333333,-13.627150695407146,30.977507175839847,-112.72538333186681,Before Launch
1217,2025-05-04 12:08:18,52.42,2.01115492,1.917,21.959,-86.614343,34.76377033333333,-13.384624769912445,31.004645811703103,-112.16774343469413,Before Launch
1218,2025-05-04 12:08:18,52.462,0.20341208,0.344,21.982,-86.614343,34.76377033333333,-13.110746887087243,30.8235246036561,-111.8820786760962,Before Launch
1219,2025-05-04 12:08:18,52.508,0.33464568,0.707,21.987,-86.614343,34.76377033333333,-12.426582426448665,30.257807132032784,-111.08991723781712,Before Launch
1220,2025-05-04 12:08:18,52.55,1.62073496,0.641,21.952,-86.614343,34.76377033333333,-12.227227487126488,29.95496982672105,-110.70365018151695,Before Launch
1221,2025-05-04 12:08:18,52.593,1.07939636,0.577,21.987,-86.614343,34.76377033333333,-11.163300199911902,29.374813244729033,-109.34042469027295,Before Launch
1222,2025-05-04 12:08:18,52.64,0.9973753599999999,-2.61,21.949,-86.614343,34.76377033333333,-10.592813070948427,28.81514553676093,-108.84715869176428,Before Launch
1223,2025-05-04 12:08:18,52.685,-0.40682416,-1.48,21.987,-86.614343,34.76377033333333,-9.888340864217659,27.963399611596426,-108.24985722344476,Before Launch
1224,2025-05-04 12:08:18,52.727,2.43110244,3.317,21.927,-86.614343,34.76377033333333,-9.654685921847525,27.662848577746175,-108.07660607992327,Before Launch
1225,2025-05-04 12:08:19,52.769,-0.036089239999999995,-0.777,21.987,-86.614343,34.76377033333333,-9.085199868100158,27.253361474825734,-107.90034847274299,Before Launch
1226,2025-05-04 12:08:19,52.812,-0.65944884,0.454,21.984,-86.614343,34.76377033333333,-8.95391095012267,27.112916064834067,-107.83402825694345,Before Launch
1227,2025-05-04 12:08:19,52.855,0.8956693200000001,0.746,21.959,-86.614343,34.76377033333333,-9.123096707424516,26.90553436931285,-107.84680919490899,Before Launch
1228,2025-05-04 12:08:19,52.897,0.5774278399999999,0.907,21.982,-86.61434283333334,34.76377266666667,-9.15544585655927,26.85477036810791,-107.86541176709108,Before Launch
1229,2025-05-04 12:08:19,52.941,-0.52821524,-0.583,21.979,-86.61434283333334,34.76377266666667,-8.773407456983437,26.731368766632954,-107.28499503018026,Before Launch
1230,2025-05-04 12:08:19,52.983,1.60104992,2.767,21.945,-86.61434283333334,34.76377266666667,-8.612703070722983,26.658530020787623,-106.98615814211843,Before Launch
1231,2025-05-04 12:08:19,53.026,-0.18700788000000002,0.094,21.974,-86.61434283333334,34.76377266666667,-8.275899607329194,26.57209317261142,-106.48925242865016,Before Launch
1232,2025-05-04 12:08:19,53.068,-0.30839896,0.323,21.937,-86.61434283333334,34.76377266666667,-8.10244838191716,26.444574964947197,-106.3188003576829,Before Launch
1233,2025-05-04 12:08:19,53.111,-0.47900264,-0.523,21.957,-86.61434283333334,34.76377266666667,-7.780007289749525,26.29916373533521,-106.18646498864283,Before Launch
1234,2025-05-04 12:08:19,53.153,-2.1489502000000003,-2.308,21.984,-86.61434283333334,34.76377266666667,-7.7782266359849555,26.14503804703095,-105.95891180603189,Before Launch
1235,2025-05-04 12:08:19,53.197,-1.0334646,-0.909,21.982,-86.61434283333334,34.76377266666667,-7.70461152720489,25.88757234195639,-105.6636167069413,Before Launch
1236,2025-05-04 12:08:19,53.24,1.46981632,-0.375,21.939,-86.61434283333334,34.76377266666667,-7.738284404281289,25.803641837763873,-105.5817904741185,Before Launch
1237,2025-05-04 12:08:19,53.283,-0.05577428,-1.168,21.979,-86.61434283333334,34.76377266666667,-7.705707144908812,25.559003412961868,-105.38196157720098,Before Launch
1238,2025-05-04 12:08:19,53.325,-1.17125988,-0.933,21.979,-86.61434283333334,34.76377266666667,-7.533679696494182,25.401177623259283,-105.11847589228556,Before Launch
1239,2025-05-04 12:08:19,53.367,-0.10826772,-2.533,21.957,-86.61434283333334,34.76377266666667,-7.1953493026653765,25.293084159128473,-104.81875728727424,Before Launch
1240,2025-05-04 12:08:19,53.41,-0.16732284,-0.357,21.982,-86.61434283333334,34.76377266666667,-7.20155780173115,25.26425525110817,-104.55118761490215,Before Launch
1241,2025-05-04 12:08:19,53.453,0.31496064,-0.366,21.984,-86.61434283333334,34.76377266666667,-7.194851465118703,25.26085829855693,-104.88631692510799,Before Launch
1242,2025-05-04 12:08:19,53.495,-0.11811023999999999,-1.981,21.949,-86.61434283333334,34.76377266666667,-7.383218929326123,25.190885991288507,-105.08944137599329,Before Launch
1243,2025-05-04 12:08:19,53.538,-0.42979004000000004,-0.588,21.979,-86.61434283333334,34.76377266666667,-7.537639606805403,24.990995117304564,-105.60080268949675,Before Launch
1244,2025-05-04 12:08:19,53.58,0.5774278399999999,0.226,21.954,-86.61434283333334,34.76377266666667,-7.522222001091905,24.8697709622772,-105.92799909340657,Before Launch
1245,2025-05-04 12:08:19,53.623,1.10892392,-0.477,21.947,-86.61434283333334,34.76377266666667,-7.768649859038576,24.692246784392424,-106.52963996998629,Before Launch
1246,2025-05-04 12:08:19,53.666,0.43635172,-0.599,21.977,-86.61434283333334,34.76377266666667,-7.863947292869566,24.64221168612741,-106.60491326604081,Before Launch
1247,2025-05-04 12:08:19,53.716,-0.16732284,-1.082,21.982,-86.61434283333334,34.76377266666667,-7.914334291423061,24.647522448523663,-106.83995070723424,Before Launch
1248,2025-05-04 12:08:20,53.76,-0.28871391999999996,0.11,21.984,-86.61434283333334,34.76377266666667,-7.950214090467886,24.68228386959994,-107.16365897202174,Before Launch
1249,2025-05-04 12:08:20,53.803,-0.80052496,-3.003,21.979,-86.61434283333334,34.76377266666667,-8.004785204427584,24.747507889761987,-107.27532615959306,Before Launch
1250,2025-05-04 12:08:20,53.846,0.18372704,0.204,21.974,-86.61434283333334,34.76377266666667,-8.157678507388848,25.019741199212064,-107.15943374790493,Before Launch
1251,2025-05-04 12:08:20,53.888,2.76246728,3.18,21.912,-86.61434516666667,34.76377216666667,-8.256355614178192,25.16773462698732,-107.36131996965594,Before Launch
1252,2025-05-04 12:08:20,53.931,-1.7946194800000002,-2.5,21.977,-86.61434516666667,34.76377216666667,-8.45260028423219,25.37963290192358,-107.4870748465362,Before Launch
1253,2025-05-04 12:08:20,53.973,-1.8963255199999998,-2.299,21.987,-86.61434516666667,34.76377216666667,-8.56195321184178,25.446120665034588,-107.46092798394504,Before Launch
1254,2025-05-04 12:08:20,54.016,0.8759842800000001,1.306,21.979,-86.61434516666667,34.76377216666667,-8.653112466977774,25.561394572833603,-107.4280156829528,Before Launch
1255,2025-05-04 12:08:20,54.058,-1.0334646,-2.451,21.984,-86.61434516666667,34.76377216666667,-8.75812151115371,25.55433866086299,-107.44704921379719,Before Launch
1256,2025-05-04 12:08:20,54.101,0.80708664,0.925,21.977,-86.61434516666667,34.76377216666667,-8.860924489395153,25.643254835846815,-107.61763373069579,Before Launch
1257,2025-05-04 12:08:20,54.143,0.6561680000000001,0.897,21.979,-86.61434516666667,34.76377216666667,-8.795245855996317,25.84525196722134,-107.5352079131289,Before Launch
1258,2025-05-04 12:08:20,54.193,3.18569564,3.387,21.88,-86.61434516666667,34.76377216666667,-8.86014269679159,25.896159525017527,-107.49464971129653,Before Launch
1259,2025-05-04 12:08:20,54.237,0.43635172,2.385,21.977,-86.61434516666667,34.76377216666667,-8.749709600675551,26.000703349688795,-107.2352985763896,Before Launch
1260,2025-05-04 12:08:20,54.279,0.062335959999999996,1.013,21.977,-86.61434516666667,34.76377216666667,-8.841208409800503,26.092949037986795,-107.08775789743682,Before Launch
1261,2025-05-04 12:08:20,54.323,-0.9120735200000001,-2.199,21.982,-86.61434516666667,34.76377216666667,-8.714717360397746,26.18571393191004,-106.89137478972194,Before Launch
1262,2025-05-04 12:08:20,54.365,0.7874015999999999,0.779,21.97,-86.61434516666667,34.76377216666667,-8.65928588457551,26.235066585119355,-106.79317322493463,Before Launch
1263,2025-05-04 12:08:20,54.409,1.7191601600000002,2.666,21.982,-86.61434516666667,34.76377216666667,-8.450800883843108,26.207534304750908,-106.59538516814698,Before Launch
1264,2025-05-04 12:08:20,54.452,0.43635172,0.502,21.977,-86.61434516666667,34.76377216666667,-8.35521034524956,26.218355083025877,-106.53780328610132,Before Launch
1265,2025-05-04 12:08:20,54.494,0.43635172,0.557,21.977,-86.61434516666667,34.76377216666667,-7.739135840179789,26.329664897230376,-106.58427797347456,Before Launch
1266,2025-05-04 12:08:20,54.537,1.1811023999999999,0.799,21.977,-86.61434516666667,34.76377216666667,-7.3658999424403016,26.45249020733898,-106.65192430763014,Before Launch
1267,2025-05-04 12:08:20,54.579,0.45603676000000004,0.53,21.984,-86.61434516666667,34.76377216666667,-7.356678019646397,26.70382665465988,-106.59989717038887,Before Launch
1268,2025-05-04 12:08:20,54.622,-0.28871391999999996,0.13,21.984,-86.61434516666667,34.76377216666667,-7.519066807862969,26.718593910421667,-106.59068012545777,Before Launch
1269,2025-05-04 12:08:20,54.664,0.18372704,-0.363,21.974,-86.61434516666667,34.76377216666667,-7.627926792097702,26.642283356235254,-105.82610592722784,Before Launch
1270,2025-05-04 12:08:20,54.707,2.542651,1.323,21.925,-86.61434516666667,34.76377216666667,-7.034449155754432,26.497750013664604,-104.70411676710168,Before Launch
1271,2025-05-04 12:08:20,54.749,1.12860896,0.639,21.954,-86.61434516666667,34.76377216666667,-6.356471806348859,26.2971287406238,-103.37965171292734,Before Launch
1272,2025-05-04 12:08:21,54.792,-0.67913388,-0.476,21.977,-86.61434516666667,34.76377216666667,-6.189413415737303,26.284454912881923,-102.92318610417915,Before Launch
1273,2025-05-04 12:08:21,54.834,0.45603676000000004,0.693,21.984,-86.61434516666667,34.76377216666667,-5.9549106254259,26.662824769212634,-102.22207153610185,Before Launch
1274,2025-05-04 12:08:21,54.877,-0.20997376,0.55,21.967,-86.6143425,34.76377866666667,-6.245910396432148,27.04078204074796,-102.09136958242563,Before Launch
1275,2025-05-04 12:08:21,54.92,1.36811028,1.103,21.949,-86.6143425,34.76377866666667,-7.676839694793177,27.354843059651778,-104.05055712058339,Before Launch
1276,2025-05-04 12:08:21,54.962,0.31496064,-2.279,21.984,-86.6143425,34.76377866666667,-8.028996692783082,27.299890490798838,-104.59795591740135,Before Launch
1277,2025-05-04 12:08:21,55.005,0.77755908,2.395,21.962,-86.6143425,34.76377866666667,-8.818188205034893,27.102909188259027,-105.7544752828406,Before Launch
1278,2025-05-04 12:08:21,55.047,-1.0334646,0.803,21.982,-86.6143425,34.76377866666667,-8.79631270974798,27.04416821316872,-106.51256361927894,Before Launch
1279,2025-05-04 12:08:21,55.097,0.21653544,-0.61,21.989,-86.6143425,34.76377866666667,-9.141627305788527,27.345843530609795,-106.69420853488215,Before Launch
1280,2025-05-04 12:08:21,55.142,0.36417324,1.289,21.947,-86.6143425,34.76377866666667,-9.441879877146603,28.527323518567513,-106.06829925409747,Before Launch
1281,2025-05-04 12:08:21,55.186,-0.16732284,-0.898,21.982,-86.6143425,34.76377866666667,-9.444770571836628,29.10110400938253,-105.62388659360366,Before Launch
1282,2025-05-04 12:08:21,55.229,0.63648296,-0.018,21.957,-86.6143425,34.76377866666667,-9.191318299758079,29.938285575014316,-104.38475405237575,Before Launch
1283,2025-05-04 12:08:21,55.272,-0.036089239999999995,-2.986,21.987,-86.6143425,34.76377866666667,-9.211473646858828,30.357470149348178,-103.89162163553922,Before Launch
1284,2025-05-04 12:08:21,55.318,0.45603676000000004,0.018,21.984,-86.6143425,34.76377866666667,-9.251440286406437,31.198130582433766,-103.27886532177334,Before Launch
1285,2025-05-04 12:08:21,55.361,1.2467192,1.095,21.952,-86.6143425,34.76377866666667,-10.04132605931367,31.451995544846916,-104.18896357587415,Before Launch
1286,2025-05-04 12:08:21,55.403,0.08530183999999999,0.923,21.984,-86.6143425,34.76377866666667,-10.318175914902884,31.59811592163312,-105.91458577816938,Before Launch
1287,2025-05-04 12:08:21,55.446,2.71653552,1.785,21.945,-86.6143425,34.76377866666667,-10.530674978383061,31.70563879716575,-106.81726600759228,Before Launch
1288,2025-05-04 12:08:21,55.49,-0.40682416,-1.967,21.987,-86.6143425,34.76377866666667,-11.073993008728712,31.860640713451694,-108.09585326521795,Before Launch
1289,2025-05-04 12:08:21,55.534,2.8149607199999997,2.198,21.977,-86.6143425,34.76377866666667,-11.139483043652968,32.03676377533224,-108.46629281377473,Before Launch
1290,2025-05-04 12:08:21,55.577,2.14238852,1.575,21.964,-86.6143425,34.76377866666667,-11.54786867268145,32.29011612547509,-108.66444678478439,Before Launch
1291,2025-05-04 12:08:21,55.619,-0.16732284,-1.246,21.982,-86.6143425,34.76377866666667,-11.872630120321148,32.49456263434353,-108.6452853595915,Before Launch
1292,2025-05-04 12:08:21,55.663,1.31889768,0.796,21.982,-86.6143425,34.76377866666667,-12.286971015205081,32.990590273844965,-108.6495986083929,Before Launch
1293,2025-05-04 12:08:21,55.705,2.61482948,2.681,21.954,-86.6143425,34.76377866666667,-12.392202059406289,33.07097562029234,-108.67571324949064,Before Launch
1294,2025-05-04 12:08:21,55.748,-0.65944884,-0.778,21.984,-86.6143425,34.76377866666667,-11.772491596509294,32.777021657663894,-108.28598188098546,Before Launch
1295,2025-05-04 12:08:22,55.791,0.08530183999999999,-2.267,21.984,-86.6143425,34.76377866666667,-11.448626696687574,32.58232316467646,-108.18081511410699,Before Launch
1296,2025-05-04 12:08:22,55.833,-0.34120735999999996,-1.356,21.962,-86.6143425,34.76377866666667,-10.594901403111304,32.227629434401344,-108.01174559867991,Before Launch
1297,2025-05-04 12:08:22,55.876,-1.28280844,-0.557,21.982,-86.6143425,34.76377866666667,-10.180970983471562,32.167382091340606,-107.57546314154989,Before Launch
1298,2025-05-04 12:08:22,55.918,-0.42979004000000004,-0.817,21.977,-86.614348,34.7637755,-9.044797140267418,32.28178468645805,-105.8175435774403,Before Launch
1299,2025-05-04 12:08:22,55.961,0.1312336,0.315,21.952,-86.614348,34.7637755,-8.334222706437245,32.38749229337256,-105.12168199445442,Before Launch
1300,2025-05-04 12:08:22,56.004,0.30511812,-0.981,21.972,-86.614348,34.7637755,-6.876498235042638,32.30012413940197,-103.85140718115261,Before Launch
1301,2025-05-04 12:08:22,56.046,3.5072179599999997,2.945,21.977,-86.614348,34.7637755,-6.204140992114535,32.06441917832819,-103.40690468052966,Before Launch
1302,2025-05-04 12:08:22,56.089,1.97178484,1.102,21.945,-86.614348,34.7637755,-5.584125256935199,31.27939294104876,-102.29500435382792,Before Launch
1303,2025-05-04 12:08:22,56.131,0.31496064,1.244,21.979,-86.614348,34.7637755,-5.332065760080345,30.790565399364713,-102.00373699976096,Before Launch
1304,2025-05-04 12:08:22,56.174,-0.16732284,-0.356,21.984,-86.614348,34.7637755,-3.0088691240747876,30.221493546045632,-99.83342767426625,Before Launch
1305,2025-05-04 12:08:22,56.216,-0.70209976,-0.993,21.97,-86.614348,34.7637755,-1.3570118727047478,29.66809526925231,-98.21698655189087,Before Launch
1306,2025-05-04 12:08:22,56.267,-1.01049872,-0.78,21.992,-86.614348,34.7637755,-0.8307217740842954,28.782924032702812,-97.30911966566003,Before Launch
1307,2025-05-04 12:08:22,56.31,-0.036089239999999995,-0.622,21.987,-86.614348,34.7637755,1.5122860404039005,26.61377727375411,-92.07207973277006,Before Launch
1308,2025-05-04 12:08:22,56.352,-0.34120735999999996,-0.283,21.962,-86.614348,34.7637755,3.3395845848624166,25.541514954557975,-87.13142575585883,Before Launch
1309,2025-05-04 12:08:22,56.396,-0.036089239999999995,-0.457,21.987,-86.614348,34.7637755,6.622438106462065,22.043647249293056,-75.51768851061115,Before Launch
1310,2025-05-04 12:08:22,56.438,-0.036089239999999995,-1.191,21.987,-86.614348,34.7637755,8.139201986251708,19.531034967190735,-67.565483018845,Before Launch
1311,2025-05-04 12:08:22,56.481,-0.05577428,-0.131,21.979,-86.614348,34.7637755,9.809588385941224,15.455527252660831,-55.259841397181624,Before Launch
1312,2025-05-04 12:08:22,56.523,-0.52821524,-3.013,21.989,-86.614348,34.7637755,10.521057504637243,13.804203225620967,-50.40408546355835,Before Launch
1313,2025-05-04 12:08:22,56.566,-0.15748032,0.232,21.989,-86.614348,34.7637755,10.488191586483193,11.95151083894293,-45.88535380214003,Before Launch
1314,2025-05-04 12:08:22,56.608,0.63648296,-2.028,21.994,-86.614348,34.7637755,9.364222816958732,11.40928464470384,-47.39014658789821,Before Launch
1315,2025-05-04 12:08:22,56.65,-0.65944884,-2.611,21.984,-86.614348,34.7637755,7.462823579070377,10.87688762802462,-52.85300799513882,Before Launch
1316,2025-05-04 12:08:22,56.693,-1.0334646,-0.806,21.984,-86.614348,34.7637755,6.90577167890429,10.954851847705552,-56.7639883132903,Before Launch
1317,2025-05-04 12:08:22,56.735,-0.40682416,-1.61,21.987,-86.614348,34.7637755,5.616330245259778,11.107643747172723,-64.74073794296906,Before Launch
1318,2025-05-04 12:08:23,56.778,-0.036089239999999995,-2.471,21.987,-86.614348,34.7637755,5.149239661308499,11.198615281130786,-67.22288380135747,Before Launch
1319,2025-05-04 12:08:23,56.821,-1.7946194800000002,-1.058,21.977,-86.614348,34.7637755,4.3618944782976286,11.691269080130105,-70.40687735487185,Before Launch
1320,2025-05-04 12:08:23,56.864,2.56561688,2.312,21.932,-86.614348,34.7637755,4.328852786006696,11.889671746747075,-70.19476532634287,Before Launch
1321,2025-05-04 12:08:23,56.914,-1.1515748399999999,-0.75,21.984,-86.61434866666667,34.763775333333335,5.349972055541638,11.363506446614247,-63.28844081943347,Before Launch
1322,2025-05-04 12:08:23,56.958,1.7388452,2.793,21.949,-86.61434866666667,34.763775333333335,6.478492444370719,10.826228297216078,-57.309732819567,Before Launch
1323,2025-05-04 12:08:23,57.0,-1.64370084,-1.122,21.989,-86.61434866666667,34.763775333333335,6.858339524466004,10.626375481683004,-55.47713959674353,Before Launch
1324,2025-05-04 12:08:23,57.043,-0.34120735999999996,-0.437,21.962,-86.61434866666667,34.763775333333335,7.389577884938576,10.41354654157668,-53.413558923657966,Before Launch
1325,2025-05-04 12:08:23,57.085,-0.16732284,-0.437,21.982,-86.61434866666667,34.763775333333335,7.358332037035785,10.470585709171376,-53.76044862272853,Before Launch
1326,2025-05-04 12:08:23,57.129,-0.40682416,-3.614,21.987,-86.61434866666667,34.763775333333335,6.79465101099931,10.915332712613424,-56.948550887538964,Before Launch
1327,2025-05-04 12:08:23,57.171,-0.05577428,-1.874,21.979,-86.61434866666667,34.763775333333335,6.5191342952412406,11.169292314039447,-58.423402197734305,Before Launch
1328,2025-05-04 12:08:23,57.214,-1.1515748399999999,-1.354,21.987,-86.61434866666667,34.763775333333335,6.123730723552361,11.454452037816242,-60.65709290406952,Before Launch
1329,2025-05-04 12:08:23,57.256,-1.0334646,-0.801,21.984,-86.61434866666667,34.763775333333335,5.961337117133064,11.591667824091811,-61.548438848024226,Before Launch
1330,2025-05-04 12:08:23,57.299,-2.1489502000000003,-1.336,21.984,-86.61434866666667,34.763775333333335,5.901481135130089,11.69854929677567,-63.073581879592204,Before Launch
1331,2025-05-04 12:08:23,57.342,-0.30839896,0.653,21.977,-86.61434866666667,34.763775333333335,5.979034365170969,11.69088025353954,-63.57057232105166,Before Launch
1332,2025-05-04 12:08:23,57.384,-1.5255906000000001,-1.387,21.987,-86.61434866666667,34.763775333333335,5.835253873861272,11.725653728170633,-64.78900891234011,Before Launch
1333,2025-05-04 12:08:23,57.427,-0.30839896,0.031,21.959,-86.61434866666667,34.763775333333335,5.687723145119847,11.808944178040722,-65.40683027258783,Before Launch
1334,2025-05-04 12:08:23,57.469,-1.77493444,-1.621,21.984,-86.61434866666667,34.763775333333335,5.303114604395748,11.954483477013287,-66.09517378669482,Before Launch
1335,2025-05-04 12:08:23,57.512,-1.8963255199999998,-1.732,21.987,-86.61434866666667,34.763775333333335,5.2407280899879956,11.952127905975084,-66.32661504990651,Before Launch
1336,2025-05-04 12:08:23,57.554,-1.1515748399999999,-1.021,21.977,-86.61434866666667,34.763775333333335,5.898991148282372,11.743257816182249,-64.85673248680884,Before Launch
1337,2025-05-04 12:08:23,57.596,-0.05577428,0.44,21.979,-86.61434866666667,34.763775333333335,6.068920038815921,11.600125482176432,-63.48555550257815,Before Launch
1338,2025-05-04 12:08:23,57.639,-0.7808399199999999,-0.581,21.987,-86.61434866666667,34.763775333333335,6.658025731929822,11.098208556632475,-59.367469637926995,Before Launch
1339,2025-05-04 12:08:23,57.681,-1.07283468,-1.593,21.97,-86.61434866666667,34.763775333333335,7.555894758710246,10.86847895169034,-55.25968426304923,Before Launch
1340,2025-05-04 12:08:23,57.724,0.82677168,1.384,21.984,-86.61434866666667,34.763775333333335,8.529359541616326,10.616285779967672,-50.317597978769626,Before Launch
1341,2025-05-04 12:08:24,57.766,-0.30839896,0.676,21.977,-86.61434866666667,34.763775333333335,8.764245864786137,10.561954729273262,-48.875778585032,Before Launch
1342,2025-05-04 12:08:24,57.809,-0.30839896,0.092,21.977,-86.61434866666667,34.763775333333335,9.169229919533352,10.949810791092915,-48.10782234687525,Before Launch
1343,2025-05-04 12:08:24,57.851,-0.53805776,-0.468,21.982,-86.61434866666667,34.763775333333335,9.255872345535254,11.107870693785436,-47.94354932935114,Before Launch
1344,2025-05-04 12:08:24,57.894,0.18372704,1.844,21.974,-86.61434516666667,34.7637755,8.998723771775307,11.415443273417946,-48.74610435759976,Before Launch
1345,2025-05-04 12:08:24,57.937,-0.30839896,-2.678,21.977,-86.61434516666667,34.7637755,8.593689915836928,11.468682421280388,-50.020543085933134,Before Launch
1346,2025-05-04 12:08:24,57.98,-0.18700788000000002,0.905,21.974,-86.61434516666667,34.7637755,8.107428756558493,11.500084864019504,-53.14556275941335,Before Launch
1347,2025-05-04 12:08:24,58.022,-0.28871391999999996,-1.906,21.984,-86.61434516666667,34.7637755,7.940504271000848,11.642991088874965,-54.49886643267137,Before Launch
1348,2025-05-04 12:08:24,58.065,-0.53805776,1.038,21.982,-86.61434516666667,34.7637755,7.89335585093217,11.882228904944016,-56.144531800054416,Before Launch
1349,2025-05-04 12:08:24,58.107,1.7519685600000001,1.967,21.977,-86.61434516666667,34.7637755,7.8430335876433,11.938259449230657,-56.64627862338569,Before Launch
1350,2025-05-04 12:08:24,58.153,-1.05314964,-0.829,21.977,-86.61434516666667,34.7637755,7.791958075975782,12.217795141315252,-57.193280410061654,Before Launch
1351,2025-05-04 12:08:24,58.196,2.71653552,2.927,21.984,-86.61434516666667,34.7637755,7.783963268367823,12.313272493158358,-57.17442541919847,Before Launch
1352,2025-05-04 12:08:24,58.239,-0.80052496,-0.697,21.979,-86.61434516666667,34.7637755,7.9232678567172945,12.334470213336575,-56.88069222532588,Before Launch
1353,2025-05-04 12:08:24,58.283,-0.05577428,1.025,21.979,-86.61434516666667,34.7637755,7.978838686874557,12.342702909203373,-56.77822524253951,Before Launch
1354,2025-05-04 12:08:24,58.327,1.2467192,2.129,21.952,-86.61434516666667,34.7637755,8.014334234602343,12.26473087559487,-56.939811967471144,Before Launch
1355,2025-05-04 12:08:24,58.369,-1.6568242,0.46,21.982,-86.61434516666667,34.7637755,8.074434403861927,12.168448328587557,-56.64382851368112,Before Launch
1356,2025-05-04 12:08:24,58.412,-0.9120735200000001,-0.564,21.984,-86.61434516666667,34.7637755,8.058245563536477,12.04092285587149,-56.24493472077699,Before Launch
1357,2025-05-04 12:08:24,58.454,0.7545932000000001,2.131,21.954,-86.61434516666667,34.7637755,8.118514870264525,11.968706778189308,-56.07601606911567,Before Launch
1358,2025-05-04 12:08:24,58.497,-0.52821524,-0.205,21.989,-86.61434516666667,34.7637755,8.096626013044277,11.897198975027624,-56.08368168536993,Before Launch
1359,2025-05-04 12:08:24,58.539,-0.26902888,1.407,21.992,-86.61434516666667,34.7637755,8.111703114279392,11.857958071876647,-56.046809836456404,Before Launch
1360,2025-05-04 12:08:24,58.582,2.73622056,4.329,21.952,-86.61434516666667,34.7637755,8.01271421813101,11.8335533979165,-55.90966941586675,Before Launch
1361,2025-05-04 12:08:24,58.625,-1.01049872,0.132,21.992,-86.61434516666667,34.7637755,7.964015345284623,11.78145609784988,-55.871696768938264,Before Launch
1362,2025-05-04 12:08:24,58.667,0.33464568,0.365,21.987,-86.61434516666667,34.7637755,7.988862090295342,11.704446626309695,-55.20839264716348,Before Launch
1363,2025-05-04 12:08:24,58.71,-0.08858268,0.646,21.964,-86.61434516666667,34.7637755,8.175418242125447,11.617047635509241,-54.47681203509314,Before Launch
1364,2025-05-04 12:08:24,58.752,-0.38713912,0.64,21.994,-86.61434516666667,34.7637755,8.462693822415124,11.464865329892346,-53.34407096141992,Before Launch
1365,2025-05-04 12:08:25,58.795,-0.25590552,-1.011,21.999,-86.61434516666667,34.7637755,8.545399872095318,11.37260182985023,-52.93272459562976,Before Launch
1366,2025-05-04 12:08:25,58.838,0.90879268,1.135,21.967,-86.61434516666667,34.7637755,8.621394491797268,11.28412241735107,-52.361535776284825,Before Launch
1367,2025-05-04 12:08:25,58.88,-0.0164042,0.273,21.994,-86.61434566666667,34.763773666666665,8.575435372014812,11.249729186786688,-52.39700060270812,Before Launch
1368,2025-05-04 12:08:25,58.922,0.10498688,0.6,21.992,-86.61434566666667,34.763773666666665,8.360594384910371,11.213201108886432,-52.89701546213769,Before Launch
1369,2025-05-04 12:08:25,58.965,-0.5085302,-0.646,21.974,-86.61434566666667,34.763773666666665,8.308428169022847,11.201906511709712,-53.07707343499488,Before Launch
1370,2025-05-04 12:08:25,59.007,1.43044624,1.625,21.979,-86.61434566666667,34.763773666666665,8.204716707502515,11.171460425021198,-53.42759222148649,Before Launch
1371,2025-05-04 12:08:25,59.05,-0.5085302,-0.3,21.997,-86.61434566666667,34.763773666666665,8.164411076877151,11.209524431614717,-53.57148616326075,Before Launch
1372,2025-05-04 12:08:25,59.092,-1.38451448,-1.024,21.979,-86.61434566666667,34.763773666666665,8.083659323778347,11.223572684460619,-53.702936390484744,Before Launch
1373,2025-05-04 12:08:25,59.134,-1.38451448,-0.792,21.992,-86.61434566666667,34.763773666666665,8.061436514630323,11.224166250176395,-53.74536686863829,Before Launch
1374,2025-05-04 12:08:25,59.177,0.08530183999999999,-1.558,21.984,-86.61434566666667,34.763773666666665,8.04121712525919,11.05142260693225,-53.25531231611084,Before Launch
1375,2025-05-04 12:08:25,59.22,1.8405512400000001,2.712,21.987,-86.61434566666667,34.763773666666665,8.087203252981002,10.965899025778773,-52.99494798514131,Before Launch
1376,2025-05-04 12:08:25,59.27,0.33464568,-2.218,21.992,-86.61434566666667,34.763773666666665,8.119331564925677,10.91581876717214,-52.93962647052231,Before Launch
1377,2025-05-04 12:08:25,59.314,-0.30839896,0.458,21.977,-86.61434566666667,34.763773666666665,7.904475500881977,10.924706782840225,-54.11316457310357,Before Launch
1378,2025-05-04 12:08:25,59.356,-0.7808399199999999,-0.676,21.987,-86.61434566666667,34.763773666666665,7.8462866208788045,10.968826190818078,-54.61075003655422,Before Launch
1379,2025-05-04 12:08:25,59.399,-0.52821524,-1.656,21.994,-86.61434566666667,34.763773666666665,7.344143084847287,10.993764264692087,-56.77337819215674,Before Launch
1380,2025-05-04 12:08:25,59.441,0.53477692,2.044,21.967,-86.61434566666667,34.763773666666665,6.960721920676436,11.05054765418358,-58.004913217180516,Before Launch
1381,2025-05-04 12:08:25,59.485,-0.87926512,0.031,21.997,-86.61434566666667,34.763773666666665,6.426039004889237,11.152758794942748,-59.635227735908266,Before Launch
1382,2025-05-04 12:08:25,59.529,-0.52821524,-1.193,21.989,-86.61434566666667,34.763773666666665,6.215189769062842,11.21679797019627,-60.05437486417802,Before Launch
1383,2025-05-04 12:08:25,59.573,-1.27296592,-0.692,21.989,-86.61434566666667,34.763773666666665,6.036802783766817,11.29675090761633,-60.268080695834534,Before Launch
1384,2025-05-04 12:08:25,59.617,-0.89895016,-0.584,21.989,-86.61434566666667,34.763773666666665,6.124711900790025,11.359510389970914,-59.73530999106863,Before Launch
1385,2025-05-04 12:08:25,59.661,-0.40682416,-2.913,21.987,-86.61434566666667,34.763773666666665,6.30335620935027,11.675338383701195,-59.72795828505089,Before Launch
1386,2025-05-04 12:08:25,59.706,-0.52821524,0.446,21.989,-86.61434566666667,34.763773666666665,6.3322389772160355,11.737646977316441,-59.72023353883349,Before Launch
1387,2025-05-04 12:08:25,59.748,-0.16732284,-0.464,21.982,-86.61434566666667,34.763773666666665,6.399778770199933,11.777684035532285,-59.86201152469591,Before Launch
1388,2025-05-04 12:08:26,59.791,0.5774278399999999,0.616,21.982,-86.61434566666667,34.763773666666665,6.488128535228197,11.860803562248092,-60.107913352981726,Before Launch
1389,2025-05-04 12:08:26,59.833,1.0597113200000001,1.338,21.979,-86.61434566666667,34.763773666666665,6.528971352192787,12.063972356933636,-60.83559929462394,Before Launch
1390,2025-05-04 12:08:26,59.875,1.1811023999999999,1.331,21.977,-86.61434566666667,34.763773666666665,6.548252130585195,12.116848314915485,-61.18850755337844,Before Launch
1391,2025-05-04 12:08:26,59.918,0.70866144,-0.185,21.987,-86.61434716666666,34.76376833333333,6.412737769134447,12.2491652669966,-62.008482087819736,Before Launch
1392,2025-05-04 12:08:26,59.96,-0.13779528000000002,-0.112,21.992,-86.61434716666666,34.76376833333333,6.312900144957,12.238508897538534,-62.43440463818361,Before Launch
1393,2025-05-04 12:08:26,60.003,-0.26902888,-0.346,21.992,-86.61434716666666,34.76376833333333,6.175815221758121,12.159765972908126,-63.030299675100004,Before Launch
1394,2025-05-04 12:08:26,60.046,-0.40682416,0.094,21.987,-86.61434716666666,34.76376833333333,6.129246918187816,12.089428099144309,-63.171180032306644,Before Launch
1395,2025-05-04 12:08:26,60.088,-0.5085302,-1.794,21.987,-86.61434716666666,34.76376833333333,6.063808760749732,11.809290525491766,-62.83690523457495,Before Launch
1396,2025-05-04 12:08:26,60.13,0.15419948,0.614,21.959,-86.61434716666666,34.76376833333333,5.987253758245798,11.720064965799413,-62.43308695324347,Before Launch
1397,2025-05-04 12:08:26,60.173,-0.76115488,0.577,21.994,-86.61434716666666,34.76376833333333,5.721605824590837,11.68597422384577,-61.808624598112694,Before Launch
1398,2025-05-04 12:08:26,60.215,0.21653544,1.481,21.992,-86.61434716666666,34.76376833333333,5.670333380758495,11.90133321928057,-61.456812858303834,Before Launch
1399,2025-05-04 12:08:26,60.266,0.70866144,0.572,21.984,-86.61434716666666,34.76376833333333,5.879354132480105,11.931414028743498,-61.281879214773475,Before Launch
1400,2025-05-04 12:08:26,60.31,0.95800528,-0.81,21.989,-86.61434716666666,34.76376833333333,5.634311395589655,11.887599686213537,-63.403488017845724,Before Launch
1401,2025-05-04 12:08:26,60.352,-0.89895016,-1.14,21.989,-86.61434716666666,34.76376833333333,5.525688846204947,11.790505233890793,-65.25495929208246,Before Launch
1402,2025-05-04 12:08:26,60.395,0.21653544,0.486,21.989,-86.61434716666666,34.76376833333333,5.315702320753589,12.091877048997441,-68.34776928521234,Before Launch
1403,2025-05-04 12:08:26,60.437,-0.76115488,0.018,21.994,-86.61434716666666,34.76376833333333,5.139275436641555,12.442083595164203,-69.50446224714257,Before Launch
1404,2025-05-04 12:08:26,60.48,-0.0164042,0.473,21.994,-86.61434716666666,34.76376833333333,4.864869050883129,13.155687545834535,-70.69919841019149,Before Launch
1405,2025-05-04 12:08:26,60.523,1.2795276,0.688,21.984,-86.61434716666666,34.76376833333333,4.747781212785081,13.472150072733974,-70.6719757152202,Before Launch
1406,2025-05-04 12:08:26,60.567,-0.26902888,0.564,21.992,-86.61434716666666,34.76376833333333,4.971304448271774,13.778113340340647,-69.9556556763202,Before Launch
1407,2025-05-04 12:08:26,60.609,-1.6240158,-1.015,21.997,-86.61434716666666,34.76376833333333,5.402351117082716,13.103538902731648,-67.28577665092249,Before Launch
1408,2025-05-04 12:08:26,60.653,-0.40682416,0.802,21.987,-86.61434716666666,34.76376833333333,5.977961468483144,12.401514030450814,-64.0983749274503,Before Launch
1409,2025-05-04 12:08:26,60.695,0.10498688,0.931,21.992,-86.61434716666666,34.76376833333333,6.110794670679846,12.160715528652446,-63.184803769029905,Before Launch
1410,2025-05-04 12:08:26,60.739,-0.5085302,-0.094,21.984,-86.61434716666666,34.76376833333333,6.207593769073871,11.794404259481615,-61.9753865200371,Before Launch
1411,2025-05-04 12:08:27,60.781,-0.76115488,-0.217,21.994,-86.61434716666666,34.76376833333333,6.248810338731396,11.7520326962263,-61.77881049399955,Before Launch
1412,2025-05-04 12:08:27,60.823,0.84973756,0.946,21.992,-86.61434716666666,34.76376833333333,6.244075620500848,11.758219508874701,-61.73146712039286,Before Launch
1413,2025-05-04 12:08:27,60.866,-0.13779528000000002,-0.665,21.997,-86.61434716666666,34.76376833333333,6.247908142582874,11.732494344023198,-61.71702681317736,Before Launch
1414,2025-05-04 12:08:27,60.909,-0.5085302,-1.457,21.997,-86.6143465,34.7637695,6.138783267660749,11.684441510970267,-62.05907369378709,Before Launch
1415,2025-05-04 12:08:27,60.952,-0.13779528000000002,-1.225,21.997,-86.6143465,34.7637695,6.092731913704122,11.598149973470445,-62.13509757709247,Before Launch
1416,2025-05-04 12:08:27,60.994,2.6968504799999997,1.848,21.937,-86.6143465,34.7637695,5.966580070894832,11.506094604030537,-62.67749860058434,Before Launch
1417,2025-05-04 12:08:27,61.037,-0.6397638,-0.466,21.992,-86.6143465,34.7637695,5.900825226051434,11.500281341305325,-62.977563638799886,Before Launch
1418,2025-05-04 12:08:27,61.079,-0.5085302,-0.223,21.997,-86.6143465,34.7637695,5.696994587450455,11.405076907674792,-63.64713282274891,Before Launch
1419,2025-05-04 12:08:27,61.122,-0.38713912,0.018,21.994,-86.6143465,34.7637695,5.637133180251266,11.370245823925524,-63.85890569726356,Before Launch
1420,2025-05-04 12:08:27,61.164,0.10498688,0.57,21.992,-86.6143465,34.7637695,5.5375811320970785,11.299574821113847,-64.07529569234147,Before Launch
1421,2025-05-04 12:08:27,61.206,-0.26902888,-0.393,21.992,-86.6143465,34.7637695,5.509706899627328,11.261129043075785,-64.14547669168869,Before Launch
1422,2025-05-04 12:08:27,61.249,-0.0164042,0.692,21.994,-86.6143465,34.7637695,5.024605196837795,11.390699154204544,-63.70728168128897,Before Launch
1423,2025-05-04 12:08:27,61.292,-1.0334646,-1.161,21.997,-86.6143465,34.7637695,5.054462252469513,11.718481855827019,-62.84238633160875,Before Launch
1424,2025-05-04 12:08:27,61.334,-0.76115488,-1.376,21.994,-86.6143465,34.7637695,7.328650102821499,10.365579428616478,-50.09501957045571,Before Launch
1425,2025-05-04 12:08:27,61.376,-0.76115488,-1.613,21.994,-86.6143465,34.7637695,8.548964543610278,7.158866916132253,-35.69560448983566,Before Launch
1426,2025-05-04 12:08:27,61.419,-1.64370084,-0.698,21.994,-86.6143465,34.7637695,9.395742938129116,1.2945307244500042,-14.12768386798111,Before Launch
1427,2025-05-04 12:08:27,61.461,-1.25328088,-1.379,21.997,-86.6143465,34.7637695,9.995502012671396,-0.3152610686374733,-8.193673403806855,Before Launch
1428,2025-05-04 12:08:27,61.505,-0.5085302,0.237,21.997,-86.6143465,34.7637695,10.586919905047278,-1.171300319166678,-0.4735043949891651,Before Launch
1429,2025-05-04 12:08:27,61.547,0.10498688,0.114,21.997,-86.6143465,34.7637695,8.73988143382962,2.40791626830231,-22.239565732432883,Before Launch
1430,2025-05-04 12:08:27,61.589,-0.62992128,-1.791,21.999,-86.6143465,34.7637695,6.232533080938509,17.20127871743377,-54.21915498290681,Before Launch
1431,2025-05-04 12:08:27,61.632,-0.87926512,-0.573,21.997,-86.6143465,34.7637695,5.715003602861352,23.527539694829645,-63.95016374583213,Before Launch
1432,2025-05-04 12:08:27,61.674,-0.40682416,1.143,21.987,-86.6143465,34.7637695,4.703997460176815,31.48197442313949,-76.14053382160704,Before Launch
1433,2025-05-04 12:08:27,61.717,0.58727036,0.934,21.989,-86.6143465,34.7637695,4.316826910559566,34.00724570570306,-79.85071268739837,Before Launch
1434,2025-05-04 12:08:27,61.759,-1.74540688,-1.739,21.999,-86.6143465,34.7637695,3.8540855405568344,34.996215126046685,-83.82518058545625,Before Launch
1435,2025-05-04 12:08:28,61.801,-0.30839896,0.188,21.977,-86.6143465,34.7637695,4.216423120973869,30.089282868845586,-82.14696732935165,Before Launch
1436,2025-05-04 12:08:28,61.844,-0.13779528000000002,0.586,21.997,-86.6143465,34.7637695,7.2512927900559845,9.239485044427166,-21.163028133646556,Before Launch
1437,2025-05-04 12:08:28,61.887,-0.43963256,-1.212,21.972,-86.6143465,34.7637695,8.772231223960743,-4.13152972250314,6.691035749676647,Before Launch
1438,2025-05-04 12:08:28,61.929,-1.9947507199999999,-1.747,21.997,-86.6143465,34.7637695,12.97682854647607,-26.10259487034647,40.424016796600775,Before Launch
1439,2025-05-04 12:08:28,61.971,-1.25328088,-0.701,21.997,-86.614342,34.76376483333333,14.400057449073476,-32.957691424108894,50.08371157470098,Before Launch
1440,2025-05-04 12:08:28,62.015,-0.05577428,0.077,21.979,-86.614342,34.76376483333333,15.841621648235137,-41.21765195692612,61.220527099609626,Before Launch
1441,2025-05-04 12:08:28,62.057,-1.12204728,-3.593,22.002,-86.614342,34.76376483333333,14.544249753776477,-40.40711262960012,64.33921546603617,Before Launch
1442,2025-05-04 12:08:28,62.099,-2.86089248,-2.091,21.992,-86.614342,34.76376483333333,10.702752465623403,-27.107805205869667,53.80437517349323,Before Launch
1443,2025-05-04 12:08:28,62.142,0.062335959999999996,0.537,21.977,-86.614342,34.76376483333333,7.980502537945333,-4.715671037968384,-7.27498327895437,Before Launch
1444,2025-05-04 12:08:28,62.192,-2.6082678,-2.076,22.002,-86.614342,34.76376483333333,7.775646693742249,5.883927080946604,-28.142088479346057,Before Launch
1445,2025-05-04 12:08:28,62.235,-0.25590552,-0.337,21.999,-86.614342,34.76376483333333,7.288082376110434,20.086423943303668,-54.54502186132418,Before Launch
1446,2025-05-04 12:08:28,62.278,-1.6240158,-1.264,21.997,-86.614342,34.76376483333333,6.8608971434833705,24.817366352350792,-62.577916878777906,Before Launch
1447,2025-05-04 12:08:28,62.32,-1.74540688,-1.614,21.999,-86.614342,34.76376483333333,5.885455385349549,30.608060294314285,-72.8424019075003,Before Launch
1448,2025-05-04 12:08:28,62.363,-1.6240158,-0.551,21.997,-86.614342,34.76376483333333,5.562343913020393,30.89459737193768,-75.77228669474573,Before Launch
1449,2025-05-04 12:08:28,62.406,-2.2473754,-1.386,21.994,-86.614342,34.76376483333333,4.376722709323144,26.12583824148642,-79.06380104132855,Before Launch
1450,2025-05-04 12:08:28,62.45,0.10498688,0.806,21.992,-86.614342,34.76376483333333,4.49436539536008,21.75176850314045,-78.07789032194243,Before Launch
1451,2025-05-04 12:08:28,62.493,-3.8353019600000002,-2.041,22.004,-86.614342,34.76376483333333,4.949905945729437,9.512489009739815,-18.421011255838188,Before Launch
1452,2025-05-04 12:08:28,62.535,-1.7552494,-0.467,21.992,-86.614342,34.76376483333333,4.387121752256726,1.3659778655424901,12.793503935460894,Before Launch
1453,2025-05-04 12:08:28,62.58,-1.01049872,-0.467,21.992,-86.614342,34.76376483333333,4.17186000931204,-11.66459232738265,48.87510202943927,Before Launch
1454,2025-05-04 12:08:28,62.622,-2.0177166,-1.975,21.989,-86.614342,34.76376483333333,5.817279693941604,-17.120701326490135,55.91114476655275,Before Launch
1455,2025-05-04 12:08:28,62.665,-1.6240158,-0.924,21.997,-86.614342,34.76376483333333,7.459890066783119,-24.438610693277568,59.62246877696559,Before Launch
1456,2025-05-04 12:08:28,62.708,-2.2473754,-1.271,21.994,-86.614342,34.76376483333333,8.792410635091287,-23.63641158019091,56.28085936809658,Before Launch
1457,2025-05-04 12:08:28,62.75,-2.48687672,-1.933,21.957,-86.614342,34.76376483333333,12.235306560922592,-15.111483590327849,35.3340798189789,Before Launch
1458,2025-05-04 12:08:29,62.793,-3.11351716,-3.439,21.997,-86.614342,34.76376483333333,12.906942978817174,-9.537231592586398,19.412106115738517,Before Launch
1459,2025-05-04 12:08:29,62.836,-2.36876648,-0.579,21.997,-86.614342,34.76376483333333,14.225085916496225,-0.17864669323762783,-8.872909667415005,Before Launch
1460,2025-05-04 12:08:29,62.878,2.10958012,2.245,21.974,-86.614342,34.76376483333333,15.371300354092991,5.314247681455594,-22.38210611172924,Before Launch
1461,2025-05-04 12:08:29,62.921,-1.64370084,-1.398,21.989,-86.61434283333334,34.763762666666665,14.59143517374402,12.72363931727849,-41.96565531142685,Before Launch
1462,2025-05-04 12:08:29,62.965,-2.12598432,-1.564,21.992,-86.61434283333334,34.763762666666665,13.619865365315956,15.271292176270572,-49.21979349578918,Before Launch
1463,2025-05-04 12:08:29,63.008,1.148294,2.913,21.962,-86.61434283333334,34.763762666666665,12.343614640287242,19.35351475097383,-59.537792099467424,Before Launch
1464,2025-05-04 12:08:29,63.05,-1.64370084,-0.362,21.989,-86.61434283333334,34.763762666666665,11.033918196106935,18.696599891613584,-60.56164280082943,Before Launch
1465,2025-05-04 12:08:29,63.092,-2.26706044,-2.053,21.987,-86.61434283333334,34.763762666666665,7.178182978327386,11.647825452718868,-27.30847222844898,Before Launch
1466,2025-05-04 12:08:29,63.135,-2.9921260800000002,-1.735,21.967,-86.61434283333334,34.763762666666665,5.176493302418611,5.933467018925571,3.944658899265974,Before Launch
1467,2025-05-04 12:08:29,63.177,-1.7552494,1.026,21.992,-86.61434283333334,34.763762666666665,1.4391754200182199,-5.91856015835517,45.3128115928515,Before Launch
1468,2025-05-04 12:08:29,63.22,-1.38451448,-1.342,21.992,-86.61434283333334,34.763762666666665,1.2147059332953485,-10.38024711272003,58.12254059928485,Before Launch
1469,2025-05-04 12:08:29,63.271,-1.6568242,0.882,21.982,-86.61434283333334,34.763762666666665,6.648704085105482,-16.43965277286142,69.63838660427572,Before Launch
1470,2025-05-04 12:08:29,63.315,-2.7591864399999997,-2.318,21.989,-86.61434283333334,34.763762666666665,17.907561699418657,-17.70470786413615,59.47638756413884,Before Launch
1471,2025-05-04 12:08:29,63.357,-1.05314964,0.529,21.977,-86.61434283333334,34.763762666666665,21.99788802522323,-17.53887660840199,53.4733252845933,Before Launch
1472,2025-05-04 12:08:29,63.399,-2.1489502000000003,-0.374,21.984,-86.61434283333334,34.763762666666665,24.806142255243667,-17.614698513427555,45.87299225771302,Before Launch
1473,2025-05-04 12:08:29,63.442,-2.50000008,-0.812,21.992,-86.61434283333334,34.763762666666665,24.484437622963725,-17.130017862208117,42.54732092425407,Before Launch
1474,2025-05-04 12:08:29,63.484,-0.6397638,1.491,21.992,-86.61434283333334,34.763762666666665,24.890975307905492,-13.413847704497478,30.126208365391285,Before Launch
1475,2025-05-04 12:08:29,63.527,-0.40682416,-0.475,21.987,-86.61434283333334,34.763762666666665,24.24898849544838,-8.149185672696653,19.082573700888588,Before Launch
1476,2025-05-04 12:08:29,63.569,-1.7552494,1.933,21.992,-86.61434283333334,34.763762666666665,17.260190911182764,2.9569157413447744,-7.244778943598368,Before Launch
1477,2025-05-04 12:08:29,63.612,-0.56102364,1.109,21.974,-86.61434283333334,34.763762666666665,14.838019945864874,6.2093239407436025,-15.30752214240968,Before Launch
1478,2025-05-04 12:08:29,63.654,-1.38451448,-0.348,21.992,-86.61434283333334,34.763762666666665,11.729935118672126,8.759875513493018,-25.097278902331414,Before Launch
1479,2025-05-04 12:08:29,63.697,1.3484252399999999,3.131,21.942,-86.61434283333334,34.763762666666665,11.863069969694338,6.564391483569294,-21.640000718906528,Before Launch
1480,2025-05-04 12:08:29,63.74,-2.6410762,-0.946,21.987,-86.61434283333334,34.763762666666665,19.359694959112787,-0.2488174293035037,-2.4992175635531844,Before Launch
1481,2025-05-04 12:08:30,63.782,-1.5255906000000001,0.672,21.987,-86.61434283333334,34.763762666666665,21.763955256403033,-2.927840550915544,3.8951059742453062,Before Launch
1482,2025-05-04 12:08:30,63.825,-1.8766404799999998,0.568,21.964,-86.61434283333334,34.763762666666665,24.074917063464603,-5.955561500724052,11.504133763340098,Before Launch
1483,2025-05-04 12:08:30,63.867,0.6233596,3.479,21.949,-86.61434283333334,34.763762666666665,24.450551014111895,-6.698232087438971,13.945190660460577,Before Launch
1484,2025-05-04 12:08:30,63.911,-2.0177166,0.327,21.989,-86.6143565,34.76375983333333,22.905252875663233,-5.996437190383922,14.027925816744045,Before Launch
1485,2025-05-04 12:08:30,63.954,-0.76115488,-2.668,21.994,-86.6143565,34.76375983333333,21.316779180968467,-4.494417472805543,11.582034672331575,Before Launch
1486,2025-05-04 12:08:30,63.997,2.4114174,3.769,21.92,-86.6143565,34.76375983333333,17.57716950328508,2.3858362664668302,-5.091434653406262,Before Launch
1487,2025-05-04 12:08:30,64.039,1.62073496,3.489,21.952,-86.6143565,34.76375983333333,15.561382804431066,7.359254326297198,-16.646922003073556,Before Launch
1488,2025-05-04 12:08:30,64.082,-1.37139112,-2.346,21.999,-86.6143565,34.76375983333333,12.684226493902571,14.03804242571341,-31.173523284109958,Before Launch
1489,2025-05-04 12:08:30,64.125,-2.62139116,-0.909,21.994,-86.6143565,34.76375983333333,11.695194153972036,16.051154279098114,-35.89794297392319,Before Launch
1490,2025-05-04 12:08:30,64.168,-1.9947507199999999,0.253,21.997,-86.6143565,34.76375983333333,12.157097597939638,12.660944735139598,-30.920814926795064,Before Launch
1491,2025-05-04 12:08:30,64.21,0.11482940000000001,2.89,21.999,-86.6143565,34.76375983333333,15.8174501620659,6.515309514277356,-17.012208421783846,Before Launch
1492,2025-05-04 12:08:30,64.253,-0.80052496,0.887,21.979,-86.6143565,34.76375983333333,21.852097862746824,-3.1368186711850834,3.9011026946664247,Before Launch
1493,2025-05-04 12:08:30,64.295,-1.74540688,-0.336,21.999,-86.6143565,34.76375983333333,23.257440569397744,-5.711151228854576,9.671195626048661,Before Launch
1494,2025-05-04 12:08:30,64.338,-0.0164042,1.537,21.994,-86.6143565,34.76375983333333,25.326190661238655,-7.950922696649796,16.381940928260875,Before Launch
1495,2025-05-04 12:08:30,64.38,-1.6043307599999999,1.084,22.004,-86.6143565,34.76375983333333,25.657187457185955,-7.926509100950755,17.53086164887422,Before Launch
1496,2025-05-04 12:08:30,64.423,-1.12204728,-0.065,22.002,-86.6143565,34.76375983333333,25.28302358705277,-6.598997202812285,15.861981448725027,Before Launch
1497,2025-05-04 12:08:30,64.466,0.38713912,2.377,22.002,-86.6143565,34.76375983333333,23.517894321763972,-5.146008021265323,12.869821061968562,Before Launch
1498,2025-05-04 12:08:30,64.508,-0.42979004000000004,1.942,21.979,-86.6143565,34.76375983333333,17.054200490943828,1.2962564981541667,-4.976627748422934,Before Launch
1499,2025-05-04 12:08:30,64.55,-0.98097116,-0.32,22.007,-86.6143565,34.76375983333333,13.405929829237927,3.9629040639661404,-14.581907390230825,Before Launch
1500,2025-05-04 12:08:30,64.593,-0.25590552,0.142,21.999,-86.6143565,34.76375983333333,9.17089763829568,6.676608474464319,-26.975376394776585,Before Launch
1501,2025-05-04 12:08:30,64.636,-0.9317585599999999,0.772,21.974,-86.6143565,34.76375983333333,8.053544335217769,7.2255000841471375,-30.73526352702504,Before Launch
1502,2025-05-04 12:08:30,64.678,-2.09645676,-1.44,22.007,-86.6143565,34.76375983333333,5.919527390117541,-6.156994369398795,13.416545028158207,Before Launch
1503,2025-05-04 12:08:30,64.721,-2.71981636,-1.251,22.004,-86.6143565,34.76375983333333,6.258025062164922,-12.735875895707455,28.223491020300926,Before Launch
1504,2025-05-04 12:08:31,64.769,-1.27296592,-2.445,21.989,-86.6143565,34.76375983333333,6.26793430654599,-18.30717504281949,45.86184669941405,Before Launch
1505,2025-05-04 12:08:31,64.814,-1.6043307599999999,0.965,22.004,-86.6143565,34.76375983333333,6.929708116051209,-20.346019406318423,52.44263611868614,Before Launch
1506,2025-05-04 12:08:31,64.86,-2.6082678,-1.004,22.002,-86.6143565,34.76375983333333,7.9587910168094975,-18.943161281062302,50.21833805169063,Before Launch
1507,2025-05-04 12:08:31,64.903,-2.6082678,-0.679,22.002,-86.6143565,34.76375983333333,10.202182752033753,-7.319940495483806,16.183545300512105,Before Launch
1508,2025-05-04 12:08:31,64.946,-2.09645676,-2.521,22.007,-86.6143565,34.76375983333333,11.668523799689659,0.8196859549986737,-5.869976767188064,Before Launch
1509,2025-05-04 12:08:31,64.988,-1.74540688,0.253,22.007,-86.61435616666667,34.76376233333333,14.33288824659538,17.441492602105747,-38.61867012737909,Before Launch
1510,2025-05-04 12:08:31,65.031,-0.7480315200000001,0.012,22.002,-86.61435616666667,34.76376233333333,14.390902559196098,24.17835235566465,-49.50104735731179,Before Launch
1511,2025-05-04 12:08:31,65.073,-2.09645676,-4.189,22.007,-86.61435616666667,34.76376233333333,14.318496055875839,33.1448388639693,-62.004136425109394,Before Launch
1512,2025-05-04 12:08:31,65.116,-1.27296592,-2.687,22.009,-86.61435616666667,34.76376233333333,15.296295655788294,35.81382482177834,-65.20843601500484,Before Launch
1513,2025-05-04 12:08:31,65.158,-2.46719168,-1.018,22.007,-86.61435616666667,34.76376233333333,18.500103610553055,33.29497054057801,-63.862226732239435,Before Launch
1514,2025-05-04 12:08:31,65.201,-0.23622047999999998,2.217,22.007,-86.61435616666667,34.76376233333333,19.039646523943844,28.784107117425677,-58.94354196575104,Before Launch
1515,2025-05-04 12:08:31,65.243,-1.0006561999999999,0.925,21.999,-86.61435616666667,34.76376233333333,18.51271972262725,15.319079936315353,-23.309917420191745,Before Launch
1516,2025-05-04 12:08:31,65.286,-0.11482940000000001,-0.213,22.004,-86.61435616666667,34.76376233333333,17.516368615243312,7.701746694521361,-1.722555615210748,Before Launch
1517,2025-05-04 12:08:31,65.328,-1.6043307599999999,-0.748,22.004,-86.61435616666667,34.76376233333333,13.527379492583595,-3.8714733220825335,30.92406515177949,Before Launch
1518,2025-05-04 12:08:31,65.371,-1.8635171199999998,-0.11,22.002,-86.61435616666667,34.76376233333333,11.778700574010555,-9.337472071221864,42.83511146502468,Before Launch
1519,2025-05-04 12:08:31,65.413,-1.0006561999999999,-0.916,21.999,-86.61435616666667,34.76376233333333,10.052171334137748,-20.970851044148375,57.7487370246215,Before Launch
1520,2025-05-04 12:08:31,65.456,-0.6397638,0.896,21.992,-86.61435616666667,34.76376233333333,9.961228029202854,-25.79565700066445,61.707281099611876,Before Launch
1521,2025-05-04 12:08:31,65.498,0.36745408,1.386,22.002,-86.61435616666667,34.76376233333333,10.015966429516935,-27.654643938868027,61.69416230677394,Before Launch
1522,2025-05-04 12:08:31,65.54,-1.4927822,-1.75,22.002,-86.61435616666667,34.76376233333333,9.685842186491385,-24.537508435926586,54.10181935853292,Before Launch
1523,2025-05-04 12:08:31,65.583,0.82677168,1.169,21.984,-86.61435616666667,34.76376233333333,5.699751705876085,-10.921471019312994,6.47715798536424,Before Launch
1524,2025-05-04 12:08:31,65.625,-0.6069554,0.348,22.007,-86.61435616666667,34.76376233333333,3.382517911458291,-1.9473005183500227,-17.81938251115897,Before Launch
1525,2025-05-04 12:08:31,65.668,-1.3517060799999998,-1.019,22.004,-86.61435616666667,34.76376233333333,0.6145289700395049,13.421269316236256,-49.671033799926796,Before Launch
1526,2025-05-04 12:08:31,65.711,0.18372704,1.038,21.974,-86.61435616666667,34.76376233333333,-0.038447155121491994,17.438333392746735,-59.005237871744654,Before Launch
1527,2025-05-04 12:08:31,65.753,-1.97506568,0.113,22.004,-86.61435616666667,34.76376233333333,2.2159812496011813,21.796902787624283,-67.52706916133745,Before Launch
1528,2025-05-04 12:08:32,65.795,-3.33333344,-0.571,22.012,-86.61435616666667,34.76376233333333,4.242199956453925,22.445683046034777,-68.21251335782328,Before Launch
1529,2025-05-04 12:08:32,65.844,-1.18438324,0.082,21.972,-86.61435616666667,34.76376233333333,8.893033348417196,21.57009175942447,-64.4403727615816,Before Launch
1530,2025-05-04 12:08:32,65.89,-1.6043307599999999,0.0,22.004,-86.61434433333334,34.763767,12.255296727838878,20.701085449409234,-60.66955962053908,Before Launch
1531,2025-05-04 12:08:32,65.935,-1.72572184,0.821,22.007,-86.61434433333334,34.763767,13.789108347444635,19.761456115283057,-56.91952649030749,Before Launch
1532,2025-05-04 12:08:32,65.977,-1.12204728,1.384,22.002,-86.61434433333334,34.763767,17.480396539248257,14.558873057687478,-36.30069121859056,Before Launch
1533,2025-05-04 12:08:32,66.02,-2.84120744,-0.693,22.007,-86.61434433333334,34.763767,18.62205724031148,10.209255172401857,-19.60293971620094,Before Launch
1534,2025-05-04 12:08:32,66.063,-0.65944884,1.01,22.004,-86.61434433333334,34.763767,18.676433821911992,-0.7495399769816373,13.683791896436677,Before Launch
1535,2025-05-04 12:08:32,66.105,-2.2375328800000003,-1.387,22.002,-86.61434433333334,34.763767,17.951723869770316,-5.83939481918506,26.67623158239479,Before Launch
1536,2025-05-04 12:08:32,66.147,-0.48884516,1.497,22.004,-86.61434433333334,34.763767,16.83942013735821,-15.701136456320183,46.40829957846263,Before Launch
1537,2025-05-04 12:08:32,66.19,-0.76115488,0.477,21.994,-86.61434433333334,34.763767,14.641663021438594,-20.64768807406925,55.79989534473847,Before Launch
1538,2025-05-04 12:08:32,66.232,-0.7808399199999999,1.57,21.987,-86.61434433333334,34.763767,6.562774600078173,-28.13504407080108,73.76556003892998,Before Launch
1539,2025-05-04 12:08:32,66.275,-1.25328088,-0.947,21.997,-86.61434433333334,34.763767,3.0825820301999656,-28.76660907326145,80.22078124734033,Before Launch
1540,2025-05-04 12:08:32,66.317,-0.40682416,0.553,21.987,-86.61434433333334,34.763767,-1.4654843126160255,-22.38347703359159,94.01887692068657,Before Launch
1541,2025-05-04 12:08:32,66.36,-1.0006561999999999,-0.825,21.999,-86.61434433333334,34.763767,-3.9132844609227355,-15.549789331821248,35.474891732081076,Before Launch
1542,2025-05-04 12:08:32,66.403,0.11482940000000001,1.599,21.999,-86.61434433333334,34.763767,-6.922487928320431,0.0019330892475988293,-28.5388773773669,Before Launch
1543,2025-05-04 12:08:32,66.445,-1.37139112,0.458,21.999,-86.61434433333334,34.763767,-4.507875124339901,5.342603891135832,-42.016451172496026,Before Launch
1544,2025-05-04 12:08:32,66.487,2.17191608,2.954,21.925,-86.61434433333334,34.763767,0.23340297511656027,9.921476988930856,-51.34567191044017,Before Launch
1545,2025-05-04 12:08:32,66.53,-0.65944884,-0.018,21.984,-86.61434433333334,34.763767,0.918738752583466,10.008253490666442,-53.80910592469367,Before Launch
1546,2025-05-04 12:08:32,66.572,-1.25328088,-1.509,21.997,-86.61434433333334,34.763767,1.310798296591256,8.655137700729771,-54.52322094722866,Before Launch
1547,2025-05-04 12:08:32,66.614,-1.8635171199999998,-0.345,22.002,-86.61434433333334,34.763767,1.835490519762355,8.21361899742816,-54.37512423654398,Before Launch
1548,2025-05-04 12:08:32,66.657,-0.65944884,-1.384,21.984,-86.61434433333334,34.763767,4.601167547255148,9.003621262109164,-54.139678730246494,Before Launch
1549,2025-05-04 12:08:32,66.699,-1.9652231599999999,-1.265,22.012,-86.61434433333334,34.763767,5.629761174071447,9.12247403092329,-53.36332549241961,Before Launch
1550,2025-05-04 12:08:32,66.742,-1.6043307599999999,-0.235,22.007,-86.61434433333334,34.763767,6.708122795813481,7.080727878976724,-39.761272134898675,Before Launch
1551,2025-05-04 12:08:33,66.784,-1.18438324,-1.275,21.972,-86.61434433333334,34.763767,6.953245407115671,4.988495777636091,-24.725678458636867,Before Launch
1552,2025-05-04 12:08:33,66.827,-3.70406836,-1.61,22.009,-86.61434433333334,34.763767,6.918824081880781,1.1730603242591053,3.410114537287839,Before Launch
1553,2025-05-04 12:08:33,66.869,-2.71981636,0.571,22.004,-86.61434433333334,34.763767,6.259916354258754,-0.6441331679999034,17.146193141809583,Before Launch
1554,2025-05-04 12:08:33,66.911,0.042650919999999995,1.15,21.97,-86.614344,34.763774,3.9889828955067497,-3.824307010024617,48.43432885266891,Before Launch
1555,2025-05-04 12:08:33,66.954,-2.09645676,-0.463,22.007,-86.614344,34.763774,2.9362787133597665,-5.078987492489861,59.62218079122388,Before Launch
1556,2025-05-04 12:08:33,66.996,-2.95931768,-1.163,22.009,-86.614344,34.763774,1.4912019110674855,-6.688913482890488,73.45792639759016,Before Launch
1557,2025-05-04 12:08:33,67.039,-1.74540688,-0.587,21.984,-86.614344,34.763774,1.85573377160637,-7.063170660963465,77.54093932004662,Before Launch
1558,2025-05-04 12:08:33,67.081,-1.5912074,1.178,22.012,-86.614344,34.763774,5.7949936715328905,-5.689515453101693,72.91001851015874,Before Launch
1559,2025-05-04 12:08:33,67.123,0.5085302,1.102,22.007,-86.614344,34.763774,7.835352382315895,-4.427638811880584,68.73454133814215,Before Launch
1560,2025-05-04 12:08:33,67.174,-0.6069554,1.525,22.007,-86.614344,34.763774,9.80277208651504,-2.5988811195436874,63.70792809825426,Before Launch
1561,2025-05-04 12:08:33,67.217,0.13451444,0.583,22.007,-86.614344,34.763774,8.247072609971529,-2.572400668827416,64.95337286985561,Before Launch
1562,2025-05-04 12:08:33,67.26,0.33464568,1.024,21.987,-86.614344,34.763774,5.722686904533412,-3.587881504599721,71.91654807495046,Before Launch
1563,2025-05-04 12:08:33,67.302,-0.70866144,0.067,22.017,-86.614344,34.763774,-2.242130965855172,-5.135279219430767,99.60255493036155,Before Launch
1564,2025-05-04 12:08:33,67.345,-0.036089239999999995,1.138,21.987,-86.614344,34.763774,-5.665662904909641,-4.112551328934717,117.32083013171494,Before Launch
1565,2025-05-04 12:08:33,67.387,-1.9947507199999999,-1.484,21.997,-86.614344,34.763774,-10.045781198267063,-2.862517162924327,148.78379122337606,Before Launch
1566,2025-05-04 12:08:33,67.429,-2.09645676,-1.025,22.007,-86.614344,34.763774,-5.79170073117454,-1.3630597465950403,157.72763693551968,Before Launch
1567,2025-05-04 12:08:33,67.472,-1.84383208,-1.832,22.009,-86.614344,34.763774,8.409240780979001,0.15006974487056257,82.97835711260363,Before Launch
1568,2025-05-04 12:08:33,67.515,-1.8963255199999998,-0.491,21.987,-86.614344,34.763774,10.041040327333413,-0.23691025753865055,60.77404326586405,Before Launch
1569,2025-05-04 12:08:33,67.557,-1.5912074,-3.517,22.012,-86.614344,34.763774,9.64324088661243,-0.7582729137410731,33.10061628388989,Before Launch
1570,2025-05-04 12:08:33,67.6,-2.07677172,-1.325,22.012,-86.614344,34.763774,8.14168067927772,-0.5540356761130499,26.17891428603933,Before Launch
1571,2025-05-04 12:08:33,67.642,-0.9120735200000001,0.319,21.982,-86.614344,34.763774,5.702080909934789,-0.9897360070473309,19.31760870365102,Before Launch
1572,2025-05-04 12:08:33,67.685,-2.44750664,-0.545,22.014,-86.614344,34.763774,10.57545777747205,0.5953248788176657,11.833332926911629,Before Launch
1573,2025-05-04 12:08:33,67.735,-1.33202104,-0.624,22.014,-86.614344,34.763774,16.216478060519144,2.495051736053111,-0.9584067198421389,Before Launch
1574,2025-05-04 12:08:34,67.779,-1.8241470400000002,0.131,22.017,-86.614344,34.763774,13.548575795016871,1.9466073984203516,-8.901761789732785,Before Launch
1575,2025-05-04 12:08:34,67.823,-1.69291344,-0.082,22.022,-86.614344,34.763774,10.89042437031037,2.2002243370349177,-11.67208317708564,Before Launch
1576,2025-05-04 12:08:34,67.865,-2.19488196,-0.935,22.017,-86.614344,34.763774,5.636810737898614,3.160208968167371,-14.7165800362292,Before Launch
1577,2025-05-04 12:08:34,67.908,-0.5774278399999999,2.892,22.022,-86.61435216666666,34.763775333333335,8.789108979006684,3.677035565980945,-16.950710004133395,Before Launch
1578,2025-05-04 12:08:34,67.95,-1.57152236,1.062,22.019,-86.61435216666666,34.763775333333335,13.231750845486433,5.499680695894545,-29.969046475002166,Before Launch
1579,2025-05-04 12:08:34,67.993,-1.32217852,-1.261,22.022,-86.61435216666666,34.763775333333335,13.199655635740303,7.4700919559795915,-35.73064487829984,Before Launch
1580,2025-05-04 12:08:34,68.035,-0.80708664,1.193,22.027,-86.61435216666666,34.763775333333335,9.894718380457057,11.184614851640973,-42.6607251027029,Before Launch
1581,2025-05-04 12:08:34,68.078,-2.1653544,0.734,22.032,-86.61435216666666,34.763775333333335,7.1952169331568046,12.444193591076106,-43.74845016998471,Before Launch
1582,2025-05-04 12:08:34,68.121,-3.13976388,-1.289,22.037,-86.61435216666666,34.763775333333335,9.109393810739421,12.154371637493108,-44.222492343082216,Before Launch
1583,2025-05-04 12:08:34,68.163,-1.42060372,0.158,22.032,-86.61435216666666,34.763775333333335,11.881362827901977,11.820876772193984,-46.297149822629464,Before Launch
1584,2025-05-04 12:08:34,68.205,-2.41469824,-2.702,22.029,-86.61435216666666,34.763775333333335,17.21194141840725,11.896143212047301,-43.49091333665391,Before Launch
1585,2025-05-04 12:08:34,68.248,-1.7913386400000002,-1.103,22.032,-86.61435216666666,34.763775333333335,18.4740967612015,11.257766581417037,-40.56946922591549,Before Launch
1586,2025-05-04 12:08:34,68.29,-0.58727036,-0.673,22.032,-86.61435216666666,34.763775333333335,15.561154637265647,10.703496289378519,-37.49700617932479,Before Launch
1587,2025-05-04 12:08:34,68.333,-1.7913386400000002,-1.981,22.032,-86.61435216666666,34.763775333333335,12.304263258020873,11.039175138771984,-37.92587525792996,Before Launch
1588,2025-05-04 12:08:34,68.375,-1.7913386400000002,-1.009,22.032,-86.61435216666666,34.763775333333335,12.13527043437281,11.055597663785536,-35.88087402243243,Before Launch
1589,2025-05-04 12:08:34,68.417,-1.0498688,-0.946,22.032,-86.61435216666666,34.763775333333335,15.75457847112555,10.967299421095793,-34.904001736943115,Before Launch
1590,2025-05-04 12:08:34,68.468,-0.79724412,1.108,22.002,-86.61435216666666,34.763775333333335,20.401707708188795,10.32835402593411,-32.98454061037613,Before Launch
1591,2025-05-04 12:08:34,68.514,-0.80708664,1.188,22.027,-86.61435216666666,34.763775333333335,19.25810096189803,9.544871392621603,-32.722779383383,Before Launch
1592,2025-05-04 12:08:34,68.556,-1.91272972,-0.064,22.034,-86.61435216666666,34.763775333333335,16.4958934334178,9.949708850516023,-33.213726645818,Before Launch
1593,2025-05-04 12:08:34,68.598,-0.98097116,0.845,22.007,-86.61435216666666,34.763775333333335,12.874505860635812,12.664290313963674,-33.596021453271405,Before Launch
1594,2025-05-04 12:08:34,68.641,-0.43635172,1.065,22.027,-86.61435216666666,34.763775333333335,15.247888417657588,12.024129895393072,-31.598642115369792,Before Launch
1595,2025-05-04 12:08:34,68.683,-1.55183732,0.485,22.027,-86.61435216666666,34.763775333333335,20.53752264443565,9.67375340372029,-28.399387902396736,Before Launch
1596,2025-05-04 12:08:34,68.726,0.75787404,1.541,22.009,-86.61435216666666,34.763775333333335,22.492338172220116,9.381120074077666,-27.513873629154418,Before Launch
1597,2025-05-04 12:08:35,68.768,0.036089239999999995,2.293,22.017,-86.61435216666666,34.763775333333335,21.114493695811305,9.108562817186995,-26.44736262753441,Before Launch
1598,2025-05-04 12:08:35,68.811,-1.7716536,-0.409,22.039,-86.61435216666666,34.763775333333335,18.25058091094905,9.203003951903762,-26.22146415495028,Before Launch
1599,2025-05-04 12:08:35,68.853,-0.4757218,1.256,22.012,-86.61435216666666,34.763775333333335,12.882707326946697,8.545390391128215,-25.568344767389142,Before Launch
1600,2025-05-04 12:08:35,68.895,-1.42060372,0.254,22.032,-86.61435716666666,34.76377933333333,14.62619587727481,8.703603498749182,-24.832234376080365,Before Launch
1601,2025-05-04 12:08:35,68.938,-2.1653544,0.028,22.032,-86.61435716666666,34.76377933333333,16.356407683527166,8.010198848467484,-22.411140911791723,Before Launch
1602,2025-05-04 12:08:35,68.981,-0.92847772,-0.327,22.007,-86.61435716666666,34.76377933333333,15.43643002230612,7.192458393905399,-21.57199404713993,Before Launch
1603,2025-05-04 12:08:35,69.023,-2.1653544,-0.553,22.032,-86.61435716666666,34.76377933333333,13.903194384450739,5.96700298812083,-19.989394382892318,Before Launch
1604,2025-05-04 12:08:35,69.066,-1.42060372,-0.092,22.032,-86.61435716666666,34.76377933333333,13.304974044872564,5.8600094973136185,-20.65757511499692,Before Launch
1605,2025-05-04 12:08:35,69.108,-2.7887139999999997,-1.847,21.994,-86.61435716666666,34.76377933333333,13.051223360918637,5.857876861310244,-21.74117559609536,Before Launch
1606,2025-05-04 12:08:35,69.151,-0.0656168,1.957,22.027,-86.61435716666666,34.76377933333333,13.935887064835132,6.0160859168837915,-22.068954081814255,Before Launch
1607,2025-05-04 12:08:35,69.194,-2.53608932,0.563,22.032,-86.61435716666666,34.76377933333333,15.518668856074834,6.459955428459419,-22.946135908287147,Before Launch
1608,2025-05-04 12:08:35,69.236,-0.5577428,0.804,22.039,-86.61435716666666,34.76377933333333,15.431645425664877,6.886907411684345,-24.241527427056916,Before Launch
1609,2025-05-04 12:08:35,69.279,-1.0498688,1.271,22.032,-86.61435716666666,34.76377933333333,14.583060925694781,7.6403102782085615,-28.252756665811923,Before Launch
1610,2025-05-04 12:08:35,69.322,-1.42060372,0.345,22.032,-86.61435716666666,34.76377933333333,14.340805687972363,8.146355011575954,-29.984243142127934,Before Launch
1611,2025-05-04 12:08:35,69.37,-0.6758530399999999,-0.082,22.032,-86.61435716666666,34.76377933333333,13.739736918916767,9.538601281013703,-33.86756953226159,Before Launch
1612,2025-05-04 12:08:35,69.416,-0.16404200000000002,1.503,22.037,-86.61435716666666,34.76377933333333,12.62299880508897,11.060427637702938,-40.985909212507124,Before Launch
1613,2025-05-04 12:08:35,69.459,-0.036089239999999995,1.619,21.987,-86.61435716666666,34.76377933333333,11.894668332010774,11.616868552863313,-44.25831270849884,Before Launch
1614,2025-05-04 12:08:35,69.503,-0.53477692,0.474,22.034,-86.61435716666666,34.76377933333333,9.399939148741453,12.480335906428996,-51.63523335545777,Before Launch
1615,2025-05-04 12:08:35,69.546,0.36745408,1.08,22.002,-86.61435716666666,34.76377933333333,8.481041838960113,12.730869046802326,-54.365764249113475,Before Launch
1616,2025-05-04 12:08:35,69.589,1.69291344,2.326,21.982,-86.61435716666666,34.76377933333333,6.426594385645858,12.966865004309136,-57.31803634873032,Before Launch
1617,2025-05-04 12:08:35,69.632,0.33792651999999995,2.092,22.042,-86.61435716666666,34.76377933333333,5.500289360770932,12.847653388097807,-57.81834697633254,Before Launch
1618,2025-05-04 12:08:35,69.675,0.52821524,1.401,22.014,-86.61435716666666,34.76377933333333,4.408904515029731,12.936569162935772,-57.662675157032,Before Launch
1619,2025-05-04 12:08:35,69.717,-0.05249344,0.357,22.034,-86.61435716666666,34.76377933333333,4.07302469682336,12.946149352843708,-57.387841704049904,Before Launch
1620,2025-05-04 12:08:36,69.76,1.5912074,2.918,21.992,-86.61435716666666,34.76377933333333,3.971595790206601,13.034246953616138,-57.30479064145047,Before Launch
1621,2025-05-04 12:08:36,69.803,-1.64042,-2.227,22.044,-86.61435716666666,34.76377933333333,4.203771214672453,13.374433256486244,-58.119857884040314,Before Launch
1622,2025-05-04 12:08:36,69.845,-0.0328084,-0.064,22.042,-86.61435716666666,34.76377933333333,2.7564070372659524,13.713348164791688,-66.26215149148693,Before Launch
1623,2025-05-04 12:08:36,69.888,0.45931760000000005,2.071,22.039,-86.61435716666666,34.76377933333333,1.8901016737355634,13.719342323249174,-72.19958844898761,Before Launch
1624,2025-05-04 12:08:36,69.931,0.41994752,0.831,22.024,-86.61435716666666,34.76377933333333,0.7719827595708353,14.193561991128274,-87.79313929932367,Before Launch
1625,2025-05-04 12:08:36,69.974,-0.18372704,1.146,22.029,-86.61435166666666,34.76377933333333,-0.12252079788715964,14.564979495000959,-94.76304220700179,Before Launch
1626,2025-05-04 12:08:36,70.016,-1.8930446799999998,0.253,22.042,-86.61435166666666,34.76377933333333,-4.082897045713901,14.786578040026187,-112.44124667428116,Before Launch
1627,2025-05-04 12:08:36,70.059,-0.5774278399999999,0.326,22.022,-86.61435166666666,34.76377933333333,-5.802721828117916,14.845948003705477,-119.1035894060793,Before Launch
1628,2025-05-04 12:08:36,70.109,-0.16404200000000002,1.843,22.037,-86.61435166666666,34.76377933333333,-8.676847908901546,14.487656039543817,-128.04011930743286,Before Launch
1629,2025-05-04 12:08:36,70.152,0.43963256,1.713,22.039,-86.61435166666666,34.76377933333333,-10.72002449996813,13.867127770304032,-133.76552128293284,Before Launch
1630,2025-05-04 12:08:36,70.196,0.31824148,2.856,22.034,-86.61435166666666,34.76377933333333,-11.695202518918448,13.662512146986527,-135.51628636145512,Before Launch
1631,2025-05-04 12:08:36,70.238,0.69225724,0.697,22.034,-86.61435166666666,34.76377933333333,-12.409796102017655,11.72588203729586,-139.0466172341859,Before Launch
1632,2025-05-04 12:08:36,70.281,1.0990814,3.344,21.994,-86.61435166666666,34.76377933333333,-12.119054958968691,10.462473230717652,-141.29262962797353,Before Launch
1633,2025-05-04 12:08:36,70.323,0.20669292,0.703,22.037,-86.61435166666666,34.76377933333333,-10.246933000643478,8.298878385024675,-142.27389766969083,Before Launch
1634,2025-05-04 12:08:36,70.366,-1.2795276,-0.211,22.037,-86.61435166666666,34.76377933333333,-9.291870394321343,7.200032868541773,-145.03473801128476,Before Launch
1635,2025-05-04 12:08:36,70.409,-0.28543308,1.044,22.039,-86.61435166666666,34.76377933333333,-6.59605475755526,4.249385253239758,-57.38976108172672,Before Launch
1636,2025-05-04 12:08:36,70.451,-0.28543308,0.361,22.039,-86.61435166666666,34.76377933333333,-5.561046451603618,2.533008531757093,1.2329147416044606,Before Launch
1637,2025-05-04 12:08:36,70.494,-1.148294,-0.913,22.042,-86.61435166666666,34.76377933333333,-4.730267319873443,0.8504520149592194,72.55946987641059,Before Launch
1638,2025-05-04 12:08:36,70.537,-0.90879268,-0.81,22.037,-86.61435166666666,34.76377933333333,-4.491608052670068,0.48313931047655534,95.09327264495958,Before Launch
1639,2025-05-04 12:08:36,70.579,2.2473754,2.586,22.009,-86.61435166666666,34.76377933333333,-3.9736811841131336,-0.3286606933839564,124.38644785362062,Before Launch
1640,2025-05-04 12:08:36,70.622,1.06299216,0.646,22.034,-86.61435166666666,34.76377933333333,-4.214673242342047,0.09251641936620619,138.28921380088778,Before Launch
1641,2025-05-04 12:08:36,70.664,0.81036748,-0.821,22.032,-86.61435166666666,34.76377933333333,-4.5749145038248145,2.776495361435733,-4.222716962047791,Before Launch
1642,2025-05-04 12:08:36,70.707,-0.42650920000000003,-0.711,22.034,-86.61435166666666,34.76377933333333,-4.3360109717021125,3.7957246286763398,-43.644596060095445,Before Launch
1643,2025-05-04 12:08:36,70.75,-0.79724412,-1.233,22.034,-86.61435166666666,34.76377933333333,-4.37049142311464,5.354774383506208,-90.21397424074635,Before Launch
1644,2025-05-04 12:08:37,70.792,3.9041995999999997,3.681,21.974,-86.61435166666666,34.76377933333333,-4.434878864230319,6.495517629470689,-100.93845868028097,Before Launch
1645,2025-05-04 12:08:37,70.835,-1.02690292,-2.435,22.039,-86.61435166666666,34.76377933333333,-4.229470804423911,8.544866999565212,-110.6244358230985,Before Launch
1646,2025-05-04 12:08:37,70.878,-0.6758530399999999,0.897,22.032,-86.61435166666666,34.76377933333333,-4.1743608072897205,9.547769763748516,-111.6696542977175,Before Launch
1647,2025-05-04 12:08:37,70.92,0.20669292,0.223,22.037,-86.61434866666667,34.76377016666667,-4.282238657482217,11.884792006780684,-110.6403198270375,Before Launch
1648,2025-05-04 12:08:37,70.963,-0.77755908,-1.151,22.042,-86.61434866666667,34.76377016666667,-4.258031729760266,13.203237801042283,-108.81372101755731,Before Launch
1649,2025-05-04 12:08:37,71.005,-1.0498688,-1.369,22.032,-86.61434866666667,34.76377016666667,-3.6444804329974634,15.247984679800833,-104.2674348915654,Before Launch
1650,2025-05-04 12:08:37,71.048,-0.42650920000000003,-0.226,22.034,-86.61434866666667,34.76377016666667,-3.516158307871022,15.935945478248994,-102.78334478171057,Before Launch
1651,2025-05-04 12:08:37,71.09,1.8044620000000002,3.443,21.979,-86.61434866666667,34.76377016666667,-3.347923593918286,16.978566555540926,-100.6272892363475,Before Launch
1652,2025-05-04 12:08:37,71.134,0.26574804,0.784,22.012,-86.61434866666667,34.76377016666667,-3.5844662518603605,17.506846095706294,-100.42284773701141,Before Launch
1653,2025-05-04 12:08:37,71.176,-1.40091868,-1.159,22.039,-86.61434866666667,34.76377016666667,-4.876166687302888,18.311035193460672,-102.68347817022787,Before Launch
1654,2025-05-04 12:08:37,71.219,-0.53477692,-0.913,22.037,-86.61434866666667,34.76377016666667,-5.610262736697491,18.52753269968415,-104.12919545404456,Before Launch
1655,2025-05-04 12:08:37,71.262,-0.6561680000000001,-0.914,22.039,-86.61434866666667,34.76377016666667,-7.034343166558056,19.311428510604696,-106.57228619658562,Before Launch
1656,2025-05-04 12:08:37,71.304,0.53805776,-0.145,22.022,-86.61434866666667,34.76377016666667,-7.797977670550997,19.76745710048396,-107.6433523145548,Before Launch
1657,2025-05-04 12:08:37,71.349,0.31824148,-0.731,22.034,-86.61434866666667,34.76377016666667,-8.95692455870611,21.03444723717992,-109.14036166207912,Before Launch
1658,2025-05-04 12:08:37,71.391,1.03018376,0.771,22.019,-86.61434866666667,34.76377016666667,-9.328683522135757,21.86248349153499,-109.29073451639825,Before Launch
1659,2025-05-04 12:08:37,71.437,-0.53477692,0.695,22.037,-86.61434866666667,34.76377016666667,-9.978178867334144,23.669012138676525,-109.40676632859733,Before Launch
1660,2025-05-04 12:08:37,71.481,-0.30511812,-0.018,22.032,-86.61434866666667,34.76377016666667,-10.434091294568208,24.478164997736712,-109.54682160092831,Before Launch
1661,2025-05-04 12:08:37,71.524,-0.05249344,0.217,22.037,-86.61434866666667,34.76377016666667,-11.172017735605284,26.41918562962472,-109.72359110543788,Before Launch
1662,2025-05-04 12:08:37,71.566,-0.42650920000000003,0.673,22.034,-86.61434866666667,34.76377016666667,-11.435688327279815,27.472056849383492,-109.56652181996681,Before Launch
1663,2025-05-04 12:08:37,71.609,2.06364836,2.773,21.982,-86.61434866666667,34.76377016666667,-12.021283380822448,28.99406545871246,-109.63086163039948,Before Launch
1664,2025-05-04 12:08:37,71.652,1.74540688,-0.468,22.034,-86.61434866666667,34.76377016666667,-12.322998938414546,29.53245385508216,-109.99831608166538,Before Launch
1665,2025-05-04 12:08:37,71.694,0.06889764000000001,-0.927,22.032,-86.61434866666667,34.76377016666667,-12.897083061026441,30.366071328750763,-110.89939219830738,Before Launch
1666,2025-05-04 12:08:37,71.737,-0.28543308,-1.021,22.039,-86.61434866666667,34.76377016666667,-13.528788090652636,30.62456137165627,-111.73273932753041,Before Launch
1667,2025-05-04 12:08:38,71.78,2.51968512,2.746,22.037,-86.61434866666667,34.76377016666667,-14.40083233906642,30.965820991096365,-112.97905767618917,Before Launch
1668,2025-05-04 12:08:38,71.822,0.06889764000000001,0.808,22.032,-86.61434866666667,34.76377016666667,-14.699345791732947,31.205891665785717,-113.35197836895269,Before Launch
1669,2025-05-04 12:08:38,71.865,0.58070868,-3.097,22.037,-86.61434866666667,34.76377016666667,-15.070126538929902,31.597215390798542,-114.01355128463237,Before Launch
1670,2025-05-04 12:08:38,71.907,1.40419952,2.268,22.019,-86.6143515,34.76377133333333,-15.154846664258029,31.70930672713561,-114.18181737696735,Before Launch
1671,2025-05-04 12:08:38,71.958,-0.77755908,-0.094,22.037,-86.6143515,34.76377133333333,-15.172217846575311,31.913981054089415,-114.4443785649344,Before Launch
1672,2025-05-04 12:08:38,72.002,2.34908144,1.98,21.999,-86.6143515,34.76377133333333,-15.245333435018877,32.161555084914184,-114.48492383008428,Before Launch
1673,2025-05-04 12:08:38,72.046,0.20669292,0.909,22.034,-86.6143515,34.76377133333333,-15.274219393906172,32.314525791343264,-114.46763068084525,Before Launch
1674,2025-05-04 12:08:38,72.089,0.31824148,1.262,22.034,-86.6143515,34.76377133333333,-15.433591650960421,32.58312107087789,-114.33623145082178,Before Launch
1675,2025-05-04 12:08:38,72.131,-0.05249344,0.345,22.034,-86.6143515,34.76377133333333,-15.51258616155818,32.679339882960626,-114.20777598673128,Before Launch
1676,2025-05-04 12:08:38,72.174,0.33792651999999995,-1.353,22.042,-86.6143515,34.76377133333333,-15.555173549692901,32.9687498864898,-114.1372125598204,Before Launch
1677,2025-05-04 12:08:38,72.216,1.33202104,0.985,21.989,-86.6143515,34.76377133333333,-15.588822293127789,33.071415325032056,-114.09338356650045,Before Launch
1678,2025-05-04 12:08:38,72.259,0.81036748,2.042,22.032,-86.6143515,34.76377133333333,-15.696339968635455,33.135123985056765,-114.0421451169381,Before Launch
1679,2025-05-04 12:08:38,72.301,1.06299216,1.477,22.034,-86.6143515,34.76377133333333,-15.816700427057079,33.12688661332897,-114.13646207167382,Before Launch
1680,2025-05-04 12:08:38,72.344,2.86089248,3.251,22.004,-86.6143515,34.76377133333333,-15.91243033194764,33.08014336809307,-114.30339221051804,Before Launch
1681,2025-05-04 12:08:38,72.386,-0.16404200000000002,-0.649,22.037,-86.6143515,34.76377133333333,-15.833063567714763,33.070163377916124,-114.38829097193329,Before Launch
1682,2025-05-04 12:08:38,72.428,2.80839904,2.308,21.982,-86.6143515,34.76377133333333,-15.824928709089953,32.931741830614286,-114.67853811673939,Before Launch
1683,2025-05-04 12:08:38,72.471,-0.42650920000000003,-1.349,21.987,-86.6143515,34.76377133333333,-15.832746685887141,32.75292150004096,-115.0387690327786,Before Launch
1684,2025-05-04 12:08:38,72.513,0.20669292,0.689,22.037,-86.6143515,34.76377133333333,-15.850164817710654,32.47498229899458,-115.24794157592643,Before Launch
1685,2025-05-04 12:08:38,72.555,-0.30511812,0.0,22.032,-86.6143515,34.76377133333333,-15.932993522478945,32.37789964719007,-115.19275938881627,Before Launch
1686,2025-05-04 12:08:38,72.598,-0.42650920000000003,-0.348,22.032,-86.6143515,34.76377133333333,-15.559186141074111,31.905173563486187,-115.30429249088976,Before Launch
1687,2025-05-04 12:08:38,72.64,0.9317585599999999,1.265,22.029,-86.6143515,34.76377133333333,-15.35699852508395,31.620765288258525,-115.34349479839976,Before Launch
1688,2025-05-04 12:08:38,72.683,0.69225724,-1.277,22.034,-86.6143515,34.76377133333333,-16.65579677650319,31.262444235892335,-117.05236207815358,Before Launch
1689,2025-05-04 12:08:38,72.725,0.43963256,-1.217,22.032,-86.6143515,34.76377133333333,-17.615544574107762,31.364067421274164,-118.15726236308755,Before Launch
1690,2025-05-04 12:08:39,72.768,1.32545936,1.17,22.037,-86.6143515,34.76377133333333,-18.808564779790046,31.47423077513547,-119.52717771505323,Before Launch
1691,2025-05-04 12:08:39,72.81,1.18438324,1.37,22.032,-86.6143515,34.76377133333333,-19.173306748034953,31.554314258660643,-119.89798130617447,Before Launch
1692,2025-05-04 12:08:39,72.853,0.43963256,-1.939,22.032,-86.6143515,34.76377133333333,-19.56924587474804,31.218073602911108,-120.31375097495473,Before Launch
1693,2025-05-04 12:08:39,72.896,0.31824148,0.232,22.034,-86.61435233333333,34.763772,-19.512147347189057,31.031648026712716,-120.57877074491306,Before Launch
1694,2025-05-04 12:08:39,72.938,2.5688977200000003,1.853,21.987,-86.61435233333333,34.763772,-19.310553167008976,30.85184013939279,-120.36844648384881,Before Launch
1695,2025-05-04 12:08:39,72.981,-0.16404200000000002,-1.46,22.037,-86.61435233333333,34.763772,-19.048185187128375,30.65351379932328,-119.77565007952441,Before Launch
1696,2025-05-04 12:08:39,73.023,0.9317585599999999,1.605,22.029,-86.61435233333333,34.763772,-17.876288301478656,30.251329501537068,-118.58548696964296,Before Launch
1697,2025-05-04 12:08:39,73.066,-0.05249344,-2.257,22.034,-86.61435233333333,34.763772,-17.549386246190657,30.232054183056317,-117.92505672805343,Before Launch
1698,2025-05-04 12:08:39,73.108,-0.0328084,-0.226,22.042,-86.61435233333333,34.763772,-17.479211746582795,30.27838883043841,-116.981049559652,Before Launch
1699,2025-05-04 12:08:39,73.151,0.75787404,0.414,22.042,-86.61435233333333,34.763772,-17.48638209320831,30.226453467956222,-116.52999694258654,Before Launch
1700,2025-05-04 12:08:39,73.194,-0.6561680000000001,-0.568,22.039,-86.61435233333333,34.763772,-17.664268161733936,30.454989171210176,-116.06711396546717,Before Launch
1701,2025-05-04 12:08:39,73.237,-0.6561680000000001,-0.935,22.039,-86.61435233333333,34.763772,-17.867702318421415,31.00838145533778,-115.60334843274026,Before Launch
1702,2025-05-04 12:08:39,73.279,0.58070868,-0.707,22.047,-86.61435233333333,34.763772,-17.56301702709937,32.28683554933614,-115.38297347410675,Before Launch
1703,2025-05-04 12:08:39,73.322,0.71194228,-0.093,22.042,-86.61435233333333,34.763772,-17.654543327169606,32.73374593346928,-115.47617768158288,Before Launch
1704,2025-05-04 12:08:39,73.364,0.31824148,-0.701,22.034,-86.61435233333333,34.763772,-18.48289401109112,33.214203508784344,-116.26001586983992,Before Launch
1705,2025-05-04 12:08:39,73.406,0.52821524,-2.196,22.042,-86.61435233333333,34.763772,-18.582134554787576,33.35989296504866,-116.84866081358076,Before Launch
1706,2025-05-04 12:08:39,73.449,0.7808399199999999,0.889,22.017,-86.61435233333333,34.763772,-18.68572277730535,33.46402281987719,-117.70758578278507,Before Launch
1707,2025-05-04 12:08:39,73.491,-0.15419948,-2.787,22.044,-86.61435233333333,34.763772,-18.8045341407455,33.52095527254697,-117.96386983076444,Before Launch
1708,2025-05-04 12:08:39,73.534,1.06299216,1.401,22.034,-86.61435233333333,34.763772,-18.46065154484153,33.59536899891541,-117.93546888078501,Before Launch
1709,2025-05-04 12:08:39,73.576,0.58070868,0.352,22.037,-86.61435233333333,34.763772,-18.284636393221657,33.60603098883695,-117.71298429094385,Before Launch
1710,2025-05-04 12:08:39,73.618,-1.02690292,-0.679,22.039,-86.61435233333333,34.763772,-17.823922646255483,33.5537511658574,-117.33803728159306,Before Launch
1711,2025-05-04 12:08:39,73.661,1.64370084,1.948,22.014,-86.61435233333333,34.763772,-17.577883204844827,33.47568218227054,-117.13034051429663,Before Launch
1712,2025-05-04 12:08:39,73.703,-1.40091868,-2.194,22.039,-86.61435233333333,34.763772,-17.267228286093136,33.30272109387851,-116.93777494971242,Before Launch
1713,2025-05-04 12:08:39,73.746,1.7946194800000002,1.037,22.027,-86.61435233333333,34.763772,-17.213893641030992,32.98237426293127,-117.01297249952853,Before Launch
1714,2025-05-04 12:08:40,73.791,0.10826772,-0.311,22.042,-86.61435233333333,34.763772,-16.3955001484503,32.11122951969077,-117.24389370130038,Before Launch
1715,2025-05-04 12:08:40,73.833,0.69225724,-0.595,22.034,-86.61435233333333,34.763772,-15.904475564771838,31.732625463027034,-117.0742564747565,Before Launch
1716,2025-05-04 12:08:40,73.876,0.83333336,-0.329,22.039,-86.61435233333333,34.763772,-15.544725086074786,31.457118536847325,-116.71483374999123,Before Launch
1717,2025-05-04 12:08:40,73.918,0.08858268,-0.33,22.039,-86.614349,34.763772333333335,-15.67598693724018,31.26354023996378,-116.43063044923724,Before Launch
1718,2025-05-04 12:08:40,73.96,1.28280844,0.907,22.022,-86.614349,34.763772333333335,-14.844087601289658,30.264889572195663,-116.02732863207187,Before Launch
1719,2025-05-04 12:08:40,74.003,0.45931760000000005,-1.981,22.039,-86.614349,34.763772333333335,-14.43117770166511,29.75722925657217,-115.63049701732864,Before Launch
1720,2025-05-04 12:08:40,74.045,0.45931760000000005,0.586,22.039,-86.614349,34.763772333333335,-13.945024585272972,29.0481597351509,-115.2906374618411,Before Launch
1721,2025-05-04 12:08:40,74.088,1.0826772,0.142,22.042,-86.614349,34.763772333333335,-13.811788619050882,28.86688222099521,-115.20658984228875,Before Launch
1722,2025-05-04 12:08:40,74.13,1.5748031999999998,1.529,22.039,-86.614349,34.763772333333335,-13.765458997324814,28.6669574487992,-115.30950864685842,Before Launch
1723,2025-05-04 12:08:40,74.173,1.30249348,1.254,22.029,-86.614349,34.763772333333335,-13.959183165861855,28.618757652037548,-115.7132278603009,Before Launch
1724,2025-05-04 12:08:40,74.215,-0.38385828,-1.073,22.047,-86.614349,34.763772333333335,-14.445286561778078,29.004478056021906,-116.15248729253949,Before Launch
1725,2025-05-04 12:08:40,74.257,2.46719168,2.938,21.997,-86.614349,34.763772333333335,-14.778632733479729,29.39925908099243,-116.22402979526366,Before Launch
1726,2025-05-04 12:08:40,74.3,-0.7545932000000001,-0.093,22.049,-86.614349,34.763772333333335,-15.346774470278586,30.374085686432796,-115.90184548475224,Before Launch
1727,2025-05-04 12:08:40,74.342,0.5905511999999999,0.009,22.044,-86.614349,34.763772333333335,-15.706384365508235,31.178783855798397,-115.71380294555456,Before Launch
1728,2025-05-04 12:08:40,74.393,0.79068244,0.074,22.044,-86.614349,34.763772333333335,-15.898522647570891,31.506917429199582,-115.56827971889004,Before Launch
1729,2025-05-04 12:08:40,74.436,1.20406828,0.826,22.039,-86.614349,34.763772333333335,-16.148856032063666,32.04584259001091,-115.42816105207906,Before Launch
1730,2025-05-04 12:08:40,74.478,1.6765092400000001,1.071,22.029,-86.614349,34.763772333333335,-16.21782857858379,32.22443539410865,-115.44874025599742,Before Launch
1731,2025-05-04 12:08:40,74.521,0.9514436,0.159,22.047,-86.614349,34.763772333333335,-16.420518814283714,32.59055131215046,-115.4742986079828,Before Launch
1732,2025-05-04 12:08:40,74.563,0.21981628,0.349,22.044,-86.614349,34.763772333333335,-16.628584993481677,32.86119977707644,-115.33157722329283,Before Launch
1733,2025-05-04 12:08:40,74.606,-0.01312336,-1.004,22.049,-86.614349,34.763772333333335,-16.832487841992716,33.6405060926873,-115.28058517396768,Before Launch
1734,2025-05-04 12:08:40,74.648,1.69619428,1.041,22.037,-86.614349,34.763772333333335,-16.715503286518985,33.77667771163686,-115.19083461735805,Before Launch
1735,2025-05-04 12:08:40,74.692,-0.15419948,0.813,22.044,-86.614349,34.763772333333335,-16.791741474820256,33.96272062322437,-115.07940002412676,Before Launch
1736,2025-05-04 12:08:40,74.735,0.58070868,-0.99,22.037,-86.614349,34.763772333333335,-17.16395397156562,34.01412234584904,-115.3665373240992,Before Launch
1737,2025-05-04 12:08:41,74.777,1.74540688,2.93,22.004,-86.614349,34.763772333333335,-18.008868750504746,34.10899254865537,-116.06100489732599,Before Launch
1738,2025-05-04 12:08:41,74.822,-0.15419948,-1.811,22.044,-86.614349,34.763772333333335,-18.399328643025164,34.24112011714336,-116.2689235577027,Before Launch
1739,2025-05-04 12:08:41,74.865,0.5905511999999999,0.449,22.044,-86.614349,34.763772333333335,-18.917413760672527,34.66437835657902,-116.39781298314678,Before Launch
1740,2025-05-04 12:08:41,74.907,1.3353018799999998,0.599,22.044,-86.61434716666666,34.76377516666667,-19.047331190187574,34.75364267614361,-116.4461007836102,Before Launch
1741,2025-05-04 12:08:41,74.949,0.10826772,-0.676,22.047,-86.61434716666666,34.76377516666667,-19.804693508835655,34.99341995702113,-117.02590941417353,Before Launch
1742,2025-05-04 12:08:41,74.992,-0.2624672,-0.327,22.047,-86.61434716666666,34.76377516666667,-20.250762011379024,35.02972696024799,-117.54066809744027,Before Launch
1743,2025-05-04 12:08:41,75.035,0.8530184000000001,-0.4,22.047,-86.61434716666666,34.76377516666667,-21.101831214221694,35.03000672177736,-118.7176533848995,Before Launch
1744,2025-05-04 12:08:41,75.077,1.3353018799999998,0.816,22.044,-86.61434716666666,34.76377516666667,-21.531860219883935,34.931469261479904,-119.23596891625021,Before Launch
1745,2025-05-04 12:08:41,75.12,0.47900264,0.018,22.047,-86.61434716666666,34.76377516666667,-22.01815698885153,34.66498226142586,-120.03698339420919,Before Launch
1746,2025-05-04 12:08:41,75.163,1.22375332,0.131,22.047,-86.61434716666666,34.76377516666667,-22.126931087762372,34.55362025011078,-120.28487183047231,Before Launch
1747,2025-05-04 12:08:41,75.205,0.08858268,-1.383,22.039,-86.61434716666666,34.76377516666667,-22.117842499595994,34.366548564862484,-120.64709538916958,Before Launch
1748,2025-05-04 12:08:41,75.248,0.3608924,-0.876,22.049,-86.61434716666666,34.76377516666667,-22.057114163272733,34.19869020427815,-120.75413866595188,Before Launch
1749,2025-05-04 12:08:41,75.29,0.9120735200000001,1.206,22.024,-86.61434716666666,34.76377516666667,-21.767610959247314,33.86981931952437,-120.90285157680148,Before Launch
1750,2025-05-04 12:08:41,75.334,0.21981628,-2.087,22.044,-86.61434716666666,34.76377516666667,-21.614334977798013,33.6961538795481,-120.95893024536745,Before Launch
1751,2025-05-04 12:08:41,75.384,-0.28543308,0.433,22.039,-86.61434716666666,34.76377516666667,-21.410841927640522,33.143397384635186,-121.04096290925716,Before Launch
1752,2025-05-04 12:08:41,75.427,0.33792651999999995,-0.233,22.042,-86.61434716666666,34.76377516666667,-20.958847706209568,32.576008595514466,-121.29135513568993,Before Launch
1753,2025-05-04 12:08:41,75.472,2.26706044,1.368,22.017,-86.61434716666666,34.76377516666667,-20.894252035210233,32.39489561257183,-121.32967327110387,Before Launch
1754,2025-05-04 12:08:41,75.518,0.23950132,-0.891,22.052,-86.61434716666666,34.76377516666667,-20.70290068531518,32.2020178752754,-121.06847625983067,Before Launch
1755,2025-05-04 12:08:41,75.561,0.67913388,-0.921,22.027,-86.61434716666666,34.76377516666667,-20.524870169558717,32.14105686609811,-120.78567669485379,Before Launch
1756,2025-05-04 12:08:41,75.605,3.08070876,1.964,22.044,-86.61434716666666,34.76377516666667,-19.771190981737906,32.20567387827706,-119.5690640631851,Before Launch
1757,2025-05-04 12:08:41,75.647,1.16141736,0.869,22.024,-86.61434716666666,34.76377516666667,-19.586434317076122,32.221790113748824,-119.22033355164805,Before Launch
1758,2025-05-04 12:08:41,75.691,-0.37401576000000003,-0.333,22.057,-86.61434716666666,34.76377516666667,-19.38201557717251,32.23617270695872,-118.84035925172344,Before Launch
1759,2025-05-04 12:08:41,75.734,-0.38385828,-1.915,22.049,-86.61434716666666,34.76377516666667,-19.327279793132742,32.272214926064315,-118.75569493780723,Before Launch
1760,2025-05-04 12:08:42,75.777,1.0826772,1.14,22.042,-86.61434716666666,34.76377516666667,-19.26866716465474,32.02862096486849,-118.91756748522192,Before Launch
1761,2025-05-04 12:08:42,75.819,1.22375332,0.593,22.047,-86.61434716666666,34.76377516666667,-19.18204162078523,31.917302399272426,-119.0558394403593,Before Launch
1762,2025-05-04 12:08:42,75.862,0.73162732,-0.934,22.049,-86.61434716666666,34.76377516666667,-19.264651218560548,31.73069814355805,-119.34344867856024,Before Launch
1763,2025-05-04 12:08:42,75.905,2.2801837999999996,2.248,22.024,-86.61434633333333,34.76378016666666,-19.36802627073949,31.640170568410355,-119.58552216244931,Before Launch
1764,2025-05-04 12:08:42,75.947,0.3608924,-0.212,22.049,-86.61434633333333,34.76378016666666,-19.509349094609895,31.38696237284116,-120.03380866224197,Before Launch
1765,2025-05-04 12:08:42,75.99,1.69619428,0.333,22.044,-86.61434633333333,34.76378016666666,-19.5931246046166,31.359250041052565,-120.33350247769644,Before Launch
1766,2025-05-04 12:08:42,76.032,1.28280844,1.085,22.022,-86.61434633333333,34.76378016666666,-19.85216584202299,31.317713075549545,-120.94046100304058,Before Launch
1767,2025-05-04 12:08:42,76.075,0.21981628,0.445,22.044,-86.61434633333333,34.76378016666666,-19.939563755763068,31.20490758365437,-121.36576162077209,Before Launch
1768,2025-05-04 12:08:42,76.117,2.7395014,1.744,22.044,-86.61434633333333,34.76378016666666,-20.24053992641814,31.176390899990967,-122.07032488147226,Before Launch
1769,2025-05-04 12:08:42,76.16,0.79068244,-0.503,22.024,-86.61434633333333,34.76378016666666,-20.319927319099552,31.27465484415061,-122.37632384943154,Before Launch
1770,2025-05-04 12:08:42,76.203,-0.1312336,-0.563,22.052,-86.61434633333333,34.76378016666666,-20.190067636303965,31.484864361794298,-122.82133576720635,Before Launch
