n,Datetime (UTC),Timestamp (s),Altitude (ft),Velocity (ft/s),Temperature (C),Longitude,Latitude,Roll (°),Pitch (°),Yaw (°),Flag
0,2025-03-20 01:32:21,0.004,-0.71522312,,24.811,-1,-1,0.0,0.0,0.0,Before Launch
1,2025-03-20 01:32:21,0.046,0.6233596,,24.813,-1,-1,0.0,0.0,0.0,Before Launch
2,2025-03-20 01:32:21,0.089,0.6233596,,24.813,-1,-1,0.0,0.0,0.0,Before Launch
3,2025-03-20 01:32:21,0.131,0.029527559999999998,,24.813,-119.75019433333334,36.81452783333334,0.0,0.0,0.0,Before Launch
4,2025-03-20 01:32:21,0.174,0.37401576000000003,,24.803,-119.75019433333334,36.81452783333334,0.0,0.0,0.0,Before Launch
5,2025-03-20 01:32:22,0.216,1.68307092,,24.791,-119.75019433333334,36.81452783333334,0.0,0.0,0.0,Before Launch
6,2025-03-20 01:32:22,0.259,1.24015752,,24.813,-119.75019433333334,36.81452783333334,0.0,0.0,0.0,Before Launch
7,2025-03-20 01:32:22,0.302,0.14763779999999999,,24.815,-119.75019433333334,36.81452783333334,0.0,0.0,0.0,Before Launch
8,2025-03-20 01:32:22,0.344,-0.22965880000000002,,24.808,-119.75019433333334,36.81452783333334,0.0,0.0,0.0,Before Launch
9,2025-03-20 01:32:22,0.387,0.25918636,,24.813,-119.75019433333334,36.81452783333334,0.0,0.0,0.0,Before Launch
10,2025-03-20 01:32:22,0.429,0.13451444,,24.808,-119.75019433333334,36.81452783333334,0.0,0.0,0.0,Before Launch
11,2025-03-20 01:32:22,0.472,-0.21653544,,24.815,-119.75019433333334,36.81452783333334,0.0,0.0,0.0,Before Launch
12,2025-03-20 01:32:22,0.514,-0.82021,,24.821,-119.75019433333334,36.81452783333334,0.0,0.0,0.0,Before Launch
13,2025-03-20 01:32:22,0.557,0.14763779999999999,,24.815,-119.75019433333334,36.81452783333334,0.0,0.0,0.0,Before Launch
14,2025-03-20 01:32:22,0.599,0.8759842800000001,,24.815,-119.75019433333334,36.81452783333334,0.0,0.0,0.0,Before Launch
15,2025-03-20 01:32:22,0.642,0.14763779999999999,,24.815,-119.75019433333334,36.81452783333334,0.0,0.0,0.0,Before Launch
16,2025-03-20 01:32:22,0.684,0.27230972000000003,,24.821,-119.75019433333334,36.81452783333334,0.0,0.0,0.0,Before Launch
17,2025-03-20 01:32:22,0.727,1.3451444,,24.805,-119.75019433333334,36.81452783333334,0.0,0.0,0.0,Before Launch
18,2025-03-20 01:32:22,0.769,0.15419948,,24.823,-119.75019433333334,36.81452783333334,0.0,0.0,0.0,Before Launch
19,2025-03-20 01:32:22,0.812,-0.9383202399999999,,24.823,-119.75019433333334,36.81452783333334,0.0,0.0,0.0,Before Launch
20,2025-03-20 01:32:22,0.855,0.27230972000000003,,24.821,-119.75019433333334,36.81452783333334,0.0,0.0,0.0,Before Launch
21,2025-03-20 01:32:22,0.897,-0.82021,,24.821,-119.75019433333334,36.81452783333334,0.0,0.0,0.0,Before Launch
22,2025-03-20 01:32:22,0.94,1.33202104,,24.813,-119.75019433333334,36.81452783333334,0.0,0.0,0.0,Before Launch
23,2025-03-20 01:32:22,0.982,-0.69881892,,24.818,-119.75019433333334,36.81452783333334,0.0,0.0,0.0,Before Launch
24,2025-03-20 01:32:22,1.025,0.27230972000000003,,24.821,-119.750194,36.81452783333334,30.77658473802038,-27.278699113416486,31.344506852479388,Before Launch
25,2025-03-20 01:32:22,1.068,-0.10826772,0.57,24.805,-119.750194,36.81452783333334,40.364150227414164,-39.66321728185875,40.2163243208822,Before Launch
26,2025-03-20 01:32:22,1.112,0.15419948,-0.44,24.823,-119.750194,36.81452783333334,41.88661005665718,-41.421590922941654,41.796372136669504,Before Launch
27,2025-03-20 01:32:22,1.155,2.16863524,1.45,24.788,-119.750194,36.81452783333334,20.94386096354953,-21.860531958099415,60.16157628545456,Before Launch
28,2025-03-20 01:32:23,1.197,0.75787404,0.683,24.818,-119.750194,36.81452783333334,15.057638499978049,-16.48519364127039,65.7813004927889,Before Launch
29,2025-03-20 01:32:23,1.24,0.9514436,0.542,24.783,-119.750194,36.81452783333334,7.938673536755786,-10.029044802742634,73.02858885442976,Before Launch
30,2025-03-20 01:32:23,1.282,-1.0498688,-2.564,24.825,-119.750194,36.81452783333334,5.812134473033415,-8.075826614380594,75.27148864249448,Before Launch
31,2025-03-20 01:32:23,1.326,-0.45603676000000004,-1.59,24.821,-119.750194,36.81452783333334,3.2080447019553673,-5.750449754827742,77.83698920632375,Before Launch
32,2025-03-20 01:32:23,1.368,0.8759842800000001,0.683,24.815,-119.750194,36.81452783333334,2.43337212119394,-5.030237388812471,78.55233404731155,Before Launch
33,2025-03-20 01:32:23,1.411,-0.69881892,-0.44,24.818,-119.750194,36.81452783333334,1.4941161443673574,-4.179315990940067,79.18575657517684,Before Launch
34,2025-03-20 01:32:23,1.453,-0.83333336,-1.025,24.813,-119.750194,36.81452783333334,1.2121856224016292,-3.936145369686608,79.37064543190424,Before Launch
35,2025-03-20 01:32:23,1.497,-1.4435696,-1.478,24.811,-119.750194,36.81452783333334,0.8720600437734275,-3.6427047496697953,79.64158293519178,Before Launch
36,2025-03-20 01:32:23,1.54,0.51181104,0.682,24.815,-119.750194,36.81452783333334,0.777162613366351,-3.560875503996085,79.74869399053371,Before Launch
37,2025-03-20 01:32:23,1.582,-0.9383202399999999,-0.111,24.823,-119.750194,36.81452783333334,0.6541152858530812,-3.4497394108376587,79.89055940349844,Before Launch
38,2025-03-20 01:32:23,1.624,-1.06299216,-1.135,24.818,-119.750194,36.81452783333334,0.6359274979230432,-3.4138145981849974,79.95577263881789,Before Launch
39,2025-03-20 01:32:23,1.667,-0.58070868,-1.364,24.815,-119.750194,36.81452783333334,0.5523486508631071,-3.3597788861231765,80.06682366460174,Before Launch
40,2025-03-20 01:32:23,1.709,0.27230972000000003,0.117,24.821,-119.750194,36.81452783333334,0.537977369186334,-3.3508310462592545,80.10489614576656,Before Launch
41,2025-03-20 01:32:23,1.752,0.60367456,0.31,24.798,-119.750194,36.81452783333334,0.539201938819741,-3.3373576382439776,80.1246420078393,Before Launch
42,2025-03-20 01:32:23,1.794,-0.9448819199999999,-2.146,24.815,-119.750194,36.81452783333334,0.5284750948556802,-3.3399184483998736,80.14471277343074,Before Launch
43,2025-03-20 01:32:23,1.837,0.61679792,0.433,24.815,-119.750194,36.81452783333334,0.5334980466753929,-3.3276087546089617,80.11908446335663,Before Launch
44,2025-03-20 01:32:23,1.879,0.39370079999999996,1.248,24.818,-119.750194,36.81452783333334,0.5412921081708346,-3.3365435236946155,80.12545835913964,Before Launch
45,2025-03-20 01:32:23,1.922,0.01312336,-0.243,24.811,-119.750194,36.81452783333334,0.5510281879792358,-3.3341700328128723,80.06424141635368,Before Launch
46,2025-03-20 01:32:23,1.964,1.5583989999999999,2.229,24.815,-119.750194,36.81452783333334,0.5271821209344886,-3.32606856421573,80.0173828330182,Before Launch
47,2025-03-20 01:32:23,2.006,-1.30905516,-2.478,24.815,-119.750194,36.81452783333334,0.5362029706516657,-3.354961902359972,79.74888796587172,Before Launch
48,2025-03-20 01:32:23,2.049,0.74146984,1.35,24.811,-119.75019466666667,36.814527166666664,0.545737488064007,-3.3443590627445405,79.64856205270496,Before Launch
49,2025-03-20 01:32:23,2.099,-0.59383204,-0.806,24.808,-119.75019466666667,36.814527166666664,0.5894757605317911,-3.330797251427761,79.44139554013307,Before Launch
50,2025-03-20 01:32:23,2.143,0.86286092,0.903,24.808,-119.75019466666667,36.814527166666664,0.5969097193806088,-3.3121726843219843,79.31159444840426,Before Launch
51,2025-03-20 01:32:23,2.188,0.25918636,0.098,24.813,-119.75019466666667,36.814527166666664,0.5954484448603485,-3.334876307118958,79.28824870828024,Before Launch
52,2025-03-20 01:32:24,2.231,1.1023622400000002,-0.991,24.803,-119.75019466666667,36.814527166666664,0.5641590459107603,-3.336518145128006,79.47244236320064,Before Launch
53,2025-03-20 01:32:24,2.273,-1.1975065999999999,-1.817,24.813,-119.75019466666667,36.814527166666664,0.5279970508565666,-3.3487572090127373,79.66282631906908,Before Launch
54,2025-03-20 01:32:24,2.317,-0.83333336,-1.657,24.813,-119.75019466666667,36.814527166666664,0.5196345536794021,-3.328917277590687,79.87986537940037,Before Launch
55,2025-03-20 01:32:24,2.36,-0.35104988,0.648,24.811,-119.75019466666667,36.814527166666664,0.5536625504025171,-3.3053824335350415,79.96560937631081,Before Launch
56,2025-03-20 01:32:24,2.41,-1.07939636,-0.575,24.811,-119.75019466666667,36.814527166666664,0.5531867852140895,-3.3205896313980388,79.92044458397075,Before Launch
57,2025-03-20 01:32:24,2.453,-2.40157488,-3.021,24.815,-119.75019466666667,36.814527166666664,0.5420718431240129,-3.319138393618024,79.90300480515454,Before Launch
58,2025-03-20 01:32:24,2.496,-1.8077428400000002,-1.022,24.813,-119.75019466666667,36.814527166666664,0.5493689641760905,-3.313601981272615,79.90786081628305,Before Launch
59,2025-03-20 01:32:24,2.538,-1.30905516,-0.438,24.815,-119.75019466666667,36.814527166666664,0.5867165710051283,-3.326746148833539,79.77008444055159,Before Launch
60,2025-03-20 01:32:24,2.582,-0.71522312,0.671,24.811,-119.75019466666667,36.814527166666664,0.5999507343055905,-3.3293695253032305,79.82597380559936,Before Launch
61,2025-03-20 01:32:24,2.626,-0.21653544,-0.671,24.815,-119.75019466666667,36.814527166666664,0.6010149895679717,-3.344173795870571,79.92004951496166,Before Launch
62,2025-03-20 01:32:24,2.668,-0.59383204,0.317,24.808,-119.75019466666667,36.814527166666664,0.5928716513059598,-3.3514046897388683,79.95235940527994,Before Launch
63,2025-03-20 01:32:24,2.71,0.01312336,0.991,24.811,-119.75019466666667,36.814527166666664,0.5694448409304552,-3.3406468859605005,79.92691915997399,Before Launch
64,2025-03-20 01:32:24,2.753,-0.35104988,0.211,24.808,-119.75019466666667,36.814527166666664,0.5784630626150251,-3.310477558341576,79.83997251544788,Before Launch
65,2025-03-20 01:32:24,2.796,-0.71522312,-0.908,24.811,-119.75019466666667,36.814527166666664,0.6093733386904382,-3.3346014345182406,79.7208927635708,Before Launch
66,2025-03-20 01:32:24,2.839,-0.35104988,-0.878,24.811,-119.75019466666667,36.814527166666664,0.5994600552930519,-3.3459729397880467,79.69248321667419,Before Launch
67,2025-03-20 01:32:24,2.883,-0.35104988,0.545,24.811,-119.75019466666667,36.814527166666664,0.5777802828934084,-3.3251406973040796,79.51563031590477,Before Launch
68,2025-03-20 01:32:24,2.925,-0.10498688,-0.663,24.813,-119.75019466666667,36.814527166666664,0.5892094492157409,-3.3291206847460217,79.42536065008994,Before Launch
69,2025-03-20 01:32:24,2.968,-0.24278216,-0.584,24.801,-119.75019466666667,36.814527166666664,0.5825157964502086,-3.3263622699076874,79.4172220489989,Before Launch
70,2025-03-20 01:32:24,3.01,0.01312336,0.0,24.811,-119.75019466666667,36.814527166666664,0.5921692763391813,-3.315822159504044,79.44391896298134,Before Launch
71,2025-03-20 01:32:24,3.053,-1.07939636,-2.422,24.811,-119.75019533333334,36.814527,0.5982967018481317,-3.2891613504604735,79.49596589494206,Before Launch
72,2025-03-20 01:32:24,3.095,-0.71522312,0.545,24.811,-119.75019533333334,36.814527,0.5631289456039578,-3.2979200018691004,79.62694522726355,Before Launch
73,2025-03-20 01:32:24,3.138,0.01312336,-0.669,24.811,-119.75019533333334,36.814527,0.5335405290180059,-3.2927091060930898,79.8196266993944,Before Launch
74,2025-03-20 01:32:24,3.18,0.25590552,0.786,24.805,-119.75019533333334,36.814527,0.512807125103929,-3.313589807327868,79.89363921029789,Before Launch
75,2025-03-20 01:32:25,3.223,-0.95800528,-1.686,24.808,-119.75019533333334,36.814527,0.501638574544589,-3.3212821670613306,79.95291432801154,Before Launch
76,2025-03-20 01:32:25,3.266,-0.47244095999999997,-0.679,24.815,-119.75019533333334,36.814527,0.4883801539937464,-3.3276792273922746,79.97291209139689,Before Launch
77,2025-03-20 01:32:25,3.308,-0.22965880000000002,-1.237,24.808,-119.75019533333334,36.814527,0.5181965678151789,-3.370075540043968,79.97858426434722,Before Launch
78,2025-03-20 01:32:25,3.351,-1.07939636,0.11,24.811,-119.75019533333334,36.814527,0.5175950924214842,-3.362604371108205,79.9676199024121,Before Launch
79,2025-03-20 01:32:25,3.394,0.3608924,1.109,24.811,-119.75019533333334,36.814527,0.5288139230410326,-3.359978781716941,80.12470250133063,Before Launch
80,2025-03-20 01:32:25,3.436,-0.58070868,-0.213,24.815,-119.75019533333334,36.814527,0.5287121076990493,-3.3692821613068986,80.17316259012541,Before Launch
81,2025-03-20 01:32:25,3.479,-0.35104988,0.681,24.811,-119.75019533333334,36.814527,0.5176089801370325,-3.3538920409181268,80.19416301948873,Before Launch
82,2025-03-20 01:32:25,3.521,-0.22965880000000002,2.034,24.811,-119.75019533333334,36.814527,0.5353791694146224,-3.3373265228868454,80.11441913475431,Before Launch
83,2025-03-20 01:32:25,3.564,0.61679792,2.27,24.805,-119.75019533333334,36.814527,0.5348782403454291,-3.2895982565856485,79.9868474229122,Before Launch
84,2025-03-20 01:32:25,3.606,0.01312336,1.238,24.811,-119.75019533333334,36.814527,0.5518352281689691,-3.2884710881969834,79.94718046155259,Before Launch
85,2025-03-20 01:32:25,3.649,0.13451444,0.796,24.813,-119.75019533333334,36.814527,0.5431845277027326,-3.291551336767592,79.76029655040121,Before Launch
86,2025-03-20 01:32:25,3.691,-0.10498688,0.105,24.813,-119.75019533333334,36.814527,0.562330595131443,-3.300237319155869,79.70453156411665,Before Launch
87,2025-03-20 01:32:25,3.734,-0.21653544,0.354,24.815,-119.75019533333334,36.814527,0.5646010883820547,-3.2954352478106466,79.58810495799044,Before Launch
88,2025-03-20 01:32:25,3.777,-0.59383204,-0.569,24.808,-119.75019533333334,36.814527,0.5614116445879282,-3.275739795266396,79.5596766097433,Before Launch
89,2025-03-20 01:32:25,3.819,0.74146984,1.025,24.811,-119.75019533333334,36.814527,0.5564723702428542,-3.2715655773678485,79.49816327220996,Before Launch
90,2025-03-20 01:32:25,3.862,-0.22965880000000002,0.456,24.808,-119.75019533333334,36.814527,0.5427900748591439,-3.294476734459345,79.4134461621812,Before Launch
91,2025-03-20 01:32:25,3.904,-0.6069554,-0.24,24.801,-119.75019533333334,36.814527,0.5819755713182252,-3.3215971621721163,79.3234940494592,Before Launch
92,2025-03-20 01:32:25,3.947,0.738189,1.024,24.803,-119.75019533333334,36.814527,0.5919420894942485,-3.3099717823259946,79.294316087795,Before Launch
93,2025-03-20 01:32:25,3.99,-0.22965880000000002,-0.117,24.808,-119.75019533333334,36.814527,0.6196848294795781,-3.318146759547475,79.3545745771149,Before Launch
94,2025-03-20 01:32:25,4.032,0.37729660000000004,0.583,24.811,-119.750196,36.814527,0.6079170079729048,-3.2987517400304416,79.45497061163883,Before Launch
95,2025-03-20 01:32:25,4.075,0.01312336,0.0,24.811,-119.750196,36.814527,0.6004866751996076,-3.3065048079786017,79.63882053338803,Before Launch
96,2025-03-20 01:32:25,4.117,-0.59383204,0.456,24.808,-119.750196,36.814527,0.5993209191392284,-3.3291128017480935,79.70782787052175,Before Launch
97,2025-03-20 01:32:25,4.16,-0.10826772,0.57,24.805,-119.750196,36.814527,0.5445545058730515,-3.3310592643489523,79.81471053772881,Before Launch
98,2025-03-20 01:32:26,4.203,0.25590552,0.228,24.786,-119.750196,36.814527,0.5628972266759339,-3.347713784843746,79.85193144188304,Before Launch
99,2025-03-20 01:32:26,4.253,-0.7185039599999999,-0.908,24.803,-119.750196,36.814527,0.5727944962125001,-3.3459392990821435,79.79413513169663,Before Launch
100,2025-03-20 01:32:26,4.297,-0.83333336,0.116,24.813,-119.750196,36.814527,0.5613758559922996,-3.3117986001142428,79.70967858739958,Before Launch
101,2025-03-20 01:32:26,4.339,-1.1975065999999999,-0.676,24.803,-119.750196,36.814527,0.5612525494137754,-3.283159615519098,79.68207814001454,Before Launch
102,2025-03-20 01:32:26,4.382,0.12139108,0.327,24.801,-119.750196,36.814527,0.5913318310461876,-3.316666751856799,79.74859037751727,Before Launch
103,2025-03-20 01:32:26,4.426,-0.7185039599999999,0.336,24.803,-119.750196,36.814527,0.6193247729114805,-3.317605714887483,79.81196375757919,Before Launch
104,2025-03-20 01:32:26,4.468,0.3608924,0.0,24.796,-119.750196,36.814527,0.597968789271791,-3.3566025038483223,79.89140293868226,Before Launch
105,2025-03-20 01:32:26,4.511,-0.00328084,0.537,24.796,-119.750196,36.814527,0.5955295562793501,-3.384462961302992,79.88515268739047,Before Launch
106,2025-03-20 01:32:26,4.554,-0.35433072,-0.003,24.803,-119.750196,36.814527,0.5820087684678992,-3.3953241555160476,79.86922121091804,Before Launch
107,2025-03-20 01:32:26,4.596,-1.56496068,-1.242,24.801,-119.750196,36.814527,0.5917375527198624,-3.423436990871342,79.84608490944767,Before Launch
108,2025-03-20 01:32:26,4.64,-1.32217852,-1.802,24.808,-119.750196,36.814527,0.5932741896312718,-3.426735193144415,79.75363644153705,Before Launch
109,2025-03-20 01:32:26,4.682,0.13451444,0.113,24.808,-119.750196,36.814527,0.5940941252842518,-3.4144254230797038,79.69666786164196,Before Launch
110,2025-03-20 01:32:26,4.725,-0.47244095999999997,-0.564,24.805,-119.750196,36.814527,0.591554676488418,-3.3817431344686923,79.58324095304867,Before Launch
111,2025-03-20 01:32:26,4.767,-0.71522312,-0.567,24.811,-119.750196,36.814527,0.5777399294899893,-3.3879737152999647,79.53793416911438,Before Launch
112,2025-03-20 01:32:26,4.81,-0.10826772,0.101,24.805,-119.750196,36.814527,0.5758179132676233,-3.3324762902312894,79.45419255637022,Before Launch
113,2025-03-20 01:32:26,4.853,-0.35433072,0.223,24.803,-119.750196,36.814527,0.6025097395446608,-3.3284045787766168,79.42723443819989,Before Launch
114,2025-03-20 01:32:26,4.895,-0.35104988,-1.015,24.811,-119.750196,36.814527,0.6091347386255901,-3.3025813610991444,79.44496425096713,Before Launch
115,2025-03-20 01:32:26,4.938,-1.44685044,-1.131,24.803,-119.750196,36.814527,0.6115285926240553,-3.3275885971822805,79.35481124107542,Before Launch
116,2025-03-20 01:32:26,4.981,0.13451444,0.688,24.805,-119.750196,36.814527,0.6217883992484862,-3.32699910984216,79.00152771148726,Before Launch
117,2025-03-20 01:32:26,5.023,0.738189,0.0,24.803,-119.75019616666667,36.814527,0.6422863852590724,-3.3282167561020275,78.90136484207754,Before Launch
118,2025-03-20 01:32:26,5.065,-0.35433072,-0.116,24.803,-119.75019616666667,36.814527,0.6144931406634719,-3.3107985694654376,78.96585987134839,Before Launch
119,2025-03-20 01:32:26,5.108,-0.35433072,-0.68,24.805,-119.75019616666667,36.814527,0.6198670774769454,-3.338401154615127,78.85209989876267,Before Launch
120,2025-03-20 01:32:26,5.15,-0.47244095999999997,-0.452,24.805,-119.75019616666667,36.814527,0.645898906640217,-3.3270113529385728,78.84033334516673,Before Launch
121,2025-03-20 01:32:26,5.193,0.00984252,0.561,24.803,-119.75019616666667,36.814527,0.6420570880339923,-3.3452268973876187,79.01799774638368,Before Launch
122,2025-03-20 01:32:27,5.236,-0.7185039599999999,-0.567,24.803,-119.75019616666667,36.814527,0.6185891491472681,-3.3520088939056873,79.29424198457401,Before Launch
123,2025-03-20 01:32:27,5.278,0.9678477999999999,0.662,24.798,-119.75019616666667,36.814527,0.5986954096158789,-3.3587454132811425,79.38190406216994,Before Launch
124,2025-03-20 01:32:27,5.32,-0.12467191999999999,0.557,24.798,-119.75019616666667,36.814527,0.6334346699245833,-3.318316956568364,79.21401021912801,Before Launch
125,2025-03-20 01:32:27,5.364,-0.12467191999999999,0.664,24.796,-119.75019616666667,36.814527,0.6378155790380415,-3.3386055218176267,79.12248299465222,Before Launch
126,2025-03-20 01:32:27,5.415,-0.6069554,0.549,24.801,-119.75019616666667,36.814527,0.6645902125687877,-3.340193197332392,78.97090842660623,Before Launch
127,2025-03-20 01:32:27,5.457,0.5905511999999999,0.436,24.791,-119.75019616666667,36.814527,0.656405193208519,-3.309723074232293,78.7163606645616,Before Launch
128,2025-03-20 01:32:27,5.5,-0.12467191999999999,0.553,24.798,-119.75019616666667,36.814527,0.6584965489729016,-3.3206882812974063,78.65412737191228,Before Launch
129,2025-03-20 01:32:27,5.543,-0.48884516,-0.79,24.798,-119.75019616666667,36.814527,0.6489643411978755,-3.3030652480011105,78.79829800245061,Before Launch
130,2025-03-20 01:32:27,5.586,1.31889768,1.23,24.791,-119.75019616666667,36.814527,0.6569024621355164,-3.306601904036351,78.95685294580616,Before Launch
131,2025-03-20 01:32:27,5.628,0.00984252,0.339,24.803,-119.75019616666667,36.814527,0.6489229889202992,-3.365064069041714,79.14109007087943,Before Launch
132,2025-03-20 01:32:27,5.672,0.9547244399999999,2.342,24.791,-119.75019616666667,36.814527,0.6336264713652552,-3.3642350043599283,79.24791481515163,Before Launch
133,2025-03-20 01:32:27,5.715,0.34776904,1.553,24.788,-119.75019616666667,36.814527,0.6864707791399391,-3.2855947253738296,79.72372074302204,Before Launch
134,2025-03-20 01:32:27,5.757,-0.24934383999999998,-0.357,24.793,-119.75019616666667,36.814527,0.721806625136088,-3.20851416882335,79.8192416501204,Before Launch
135,2025-03-20 01:32:27,5.801,-0.36745408,0.098,24.796,-119.75019616666667,36.814527,0.809920253552269,-3.2352951877374343,79.78206200792803,Before Launch
136,2025-03-20 01:32:27,5.843,0.47900264,1.11,24.793,-119.75019616666667,36.814527,0.8297290369287074,-3.2707396377452977,79.78211585610144,Before Launch
137,2025-03-20 01:32:27,5.885,-0.61351708,-0.47,24.793,-119.75019616666667,36.814527,0.8103490068273206,-3.23737139951711,79.03774549118984,Before Launch
138,2025-03-20 01:32:27,5.928,-0.24278216,0.104,24.801,-119.75019616666667,36.814527,0.8764311096928133,-3.2436028214084267,78.1909702674395,Before Launch
139,2025-03-20 01:32:27,5.97,0.34776904,0.65,24.788,-119.75019616666667,36.814527,1.0752469098679978,-3.2587909967197035,76.37700955930029,Before Launch
140,2025-03-20 01:32:27,6.013,0.72506564,2.02,24.796,-119.75019616666667,36.814527,1.2905832491356808,-2.8131298840611167,74.91892635168917,Before Launch
141,2025-03-20 01:32:27,6.055,0.48556432,0.327,24.801,-119.75019633333334,36.81452816666667,1.5456867792281364,-1.8729420609639025,71.7414123963616,Before Launch
142,2025-03-20 01:32:27,6.098,1.3156168400000001,0.537,24.783,-119.75019633333334,36.81452816666667,1.627088230713536,-0.9260780490596671,68.65683457260832,Before Launch
143,2025-03-20 01:32:27,6.14,1.42388456,1.654,24.781,-119.75019633333334,36.81452816666667,2.0118417828942587,0.40096554197943135,64.18615707753607,Before Launch
144,2025-03-20 01:32:27,6.183,0.9678477999999999,1.23,24.798,-119.75019633333334,36.81452816666667,2.1200375200474597,1.5111415624944615,50.738495601169404,Before Launch
145,2025-03-20 01:32:28,6.225,1.19422576,1.55,24.786,-119.75019633333334,36.81452816666667,2.4257276917525563,4.476756203459231,5.398047648442905,Before Launch
146,2025-03-20 01:32:28,6.268,-0.00328084,-0.012,24.796,-119.75019633333334,36.81452816666667,2.5829872863091308,5.950118110872044,-14.347388002788692,Before Launch
147,2025-03-20 01:32:28,6.311,0.23950132,0.891,24.801,-119.75019633333334,36.81452816666667,3.0480411087375106,7.546006685520487,-41.647971672923916,Before Launch
148,2025-03-20 01:32:28,6.353,0.69553808,-0.253,24.791,-119.75019633333334,36.81452816666667,3.0680765015729032,8.568552350672869,-58.506180933464584,Before Launch
149,2025-03-20 01:32:28,6.404,-0.24278216,-0.109,24.801,-119.75019633333334,36.81452816666667,3.081891270925463,9.70245694559525,-64.49095437074094,Before Launch
150,2025-03-20 01:32:28,6.446,-0.48884516,-0.337,24.798,-119.75019633333334,36.81452816666667,3.122506430992045,11.976907006490576,-72.66235775605378,Before Launch
151,2025-03-20 01:32:28,6.489,0.47900264,1.011,24.798,-119.75019633333334,36.81452816666667,3.1424702396603177,12.72520213885408,-75.12498092807527,Before Launch
152,2025-03-20 01:32:28,6.532,0.23950132,-0.327,24.798,-119.75019633333334,36.81452816666667,3.103342205500473,12.74115332683496,-78.22939410249009,Before Launch
153,2025-03-20 01:32:28,6.575,0.23950132,0.339,24.798,-119.75019633333334,36.81452816666667,3.057222378616674,12.087356178794144,-79.15946310624213,Before Launch
154,2025-03-20 01:32:28,6.617,-0.35433072,0.125,24.803,-119.75019633333334,36.81452816666667,3.0612368946610236,10.609711748463805,-79.81660734247582,Before Launch
155,2025-03-20 01:32:28,6.66,0.5905511999999999,-0.678,24.791,-119.75019633333334,36.81452816666667,2.9839098572400204,9.853983593713156,-79.84691832545924,Before Launch
156,2025-03-20 01:32:28,6.702,-0.13779528000000002,-0.137,24.791,-119.75019633333334,36.81452816666667,2.8912364887101965,8.146784590041884,-79.5976686836716,Before Launch
157,2025-03-20 01:32:28,6.745,1.07611552,0.113,24.798,-119.75019633333334,36.81452816666667,2.6188834375804317,8.104318594096407,-79.0230684699055,Before Launch
158,2025-03-20 01:32:28,6.787,-0.24278216,-0.551,24.801,-119.75019633333334,36.81452816666667,2.7256326115014757,7.951429905123544,-75.38042551783869,Before Launch
159,2025-03-20 01:32:28,6.83,-1.44685044,-1.116,24.803,-119.75019633333334,36.81452816666667,2.7265950303065285,7.261342867013317,-71.78090367903805,Before Launch
160,2025-03-20 01:32:28,6.873,0.9678477999999999,1.246,24.798,-119.75019633333334,36.81452816666667,2.6289508530367227,5.0183571385635295,-59.27906896698287,Before Launch
161,2025-03-20 01:32:28,6.918,0.60367456,0.116,24.798,-119.75019633333334,36.81452816666667,2.662741721864261,3.7780170424383495,-46.73924965751717,Before Launch
162,2025-03-20 01:32:28,6.961,2.37532816,2.778,24.761,-119.75019633333334,36.81452816666667,3.0867894022377205,2.3373978576633765,-16.819135513435036,Before Launch
163,2025-03-20 01:32:28,7.003,0.00984252,0.235,24.803,-119.75019633333334,36.81452816666667,2.7489045749964705,1.1575276983333038,-1.6234823172813027,Before Launch
164,2025-03-20 01:32:28,7.046,0.60367456,0.238,24.798,-119.750197,36.814527166666664,2.139525355110936,-1.3626453741003095,22.785986529516094,Before Launch
165,2025-03-20 01:32:28,7.088,0.3608924,-0.339,24.796,-119.750197,36.814527166666664,1.9280853362389623,-1.6034536676361275,32.60014679206202,Before Launch
166,2025-03-20 01:32:28,7.131,1.45341212,0.899,24.796,-119.750197,36.814527166666664,1.5684221603916388,-2.2489223356398953,50.1064566463187,Before Launch
167,2025-03-20 01:32:28,7.173,2.06036752,0.693,24.798,-119.750197,36.814527166666664,1.4134145063052574,-2.5143410923998464,56.153272386985485,Before Launch
168,2025-03-20 01:32:29,7.216,0.48556432,-0.872,24.801,-119.750197,36.814527166666664,1.079111272363968,-2.894990120029704,66.37989764572285,Before Launch
169,2025-03-20 01:32:29,7.258,0.71194228,-0.238,24.788,-119.750197,36.814527166666664,0.9916405312959936,-3.002983086776346,69.5289267688971,Before Launch
170,2025-03-20 01:32:29,7.3,2.04724416,0.794,24.791,-119.750197,36.814527166666664,0.8587382579904259,-3.1316925213399203,73.77521921474734,Before Launch
171,2025-03-20 01:32:29,7.343,2.04724416,1.907,24.791,-119.750197,36.814527166666664,0.8084358631649425,-3.171925251524695,75.29063370970324,Before Launch
172,2025-03-20 01:32:29,7.386,1.20734912,0.9,24.796,-119.750197,36.814527166666664,0.7354596623558762,-3.2339686051035117,77.52152409632812,Before Launch
173,2025-03-20 01:32:29,7.428,1.20734912,0.476,24.793,-119.750197,36.814527166666664,0.7218019310680739,-3.265865023604441,78.19300690386082,Before Launch
174,2025-03-20 01:32:29,7.471,-0.6069554,-0.341,24.801,-119.750197,36.814527166666664,0.7000844613565813,-3.2863553508842,79.00439573877259,Before Launch
175,2025-03-20 01:32:29,7.513,1.20734912,1.59,24.796,-119.750197,36.814527166666664,0.67827364073439,-3.2973310071207207,79.32731208972848,Before Launch
176,2025-03-20 01:32:29,7.556,0.12139108,-0.335,24.801,-119.750197,36.814527166666664,0.665686268587845,-3.3244307703298936,79.73762426352509,Before Launch
177,2025-03-20 01:32:29,7.599,-0.48884516,-0.683,24.798,-119.750197,36.814527166666664,0.6505734141466508,-3.301011330920088,79.82465589988055,Before Launch
178,2025-03-20 01:32:29,7.641,0.11482940000000001,-0.117,24.791,-119.750197,36.814527166666664,0.6196142709438338,-3.3168830082820873,79.8374070011747,Before Launch
179,2025-03-20 01:32:29,7.684,-0.8530184000000001,-0.467,24.798,-119.750197,36.814527166666664,0.6218767081695478,-3.305417287926494,79.77397886689509,Before Launch
180,2025-03-20 01:32:29,7.735,-0.97112864,-1.453,24.801,-119.750197,36.814527166666664,0.6243901239629535,-3.306237711602644,79.73090078164893,Before Launch
181,2025-03-20 01:32:29,7.783,0.10170604,0.222,24.786,-119.750197,36.814527166666664,0.6157414604581697,-3.3004719939521885,79.55356996197817,Before Launch
182,2025-03-20 01:32:29,7.825,0.9383202399999999,-0.128,24.776,-119.750197,36.814527166666664,0.6368786629395463,-3.2988581980769687,79.48872376277085,Before Launch
183,2025-03-20 01:32:29,7.868,0.71194228,0.883,24.793,-119.750197,36.814527166666664,0.6319016339407388,-3.317911983554057,79.45157348298225,Before Launch
184,2025-03-20 01:32:29,7.911,0.33464568,1.648,24.781,-119.750197,36.814527166666664,0.6187864135533577,-3.3155232137491617,79.4753579321416,Before Launch
185,2025-03-20 01:32:29,7.954,0.72506564,-0.225,24.796,-119.750197,36.814527166666664,0.792966179845576,-3.214794405048999,80.33460780751041,Before Launch
186,2025-03-20 01:32:29,7.996,-0.61351708,-1.129,24.783,-119.750197,36.814527166666664,0.7971573409966561,-3.273947337473139,80.67513844797928,Before Launch
187,2025-03-20 01:32:29,8.039,1.9094488799999998,-0.432,24.778,-119.750197,36.814527166666664,0.8012017939848141,-3.4906069682077927,80.60737081267673,Before Launch
188,2025-03-20 01:32:29,8.081,-0.24934383999999998,-0.24,24.793,-119.750197,36.814527166666664,0.8780468998711299,-3.3372433524412513,81.22049701067758,Before Launch
189,2025-03-20 01:32:29,8.126,-0.13779528000000002,-0.687,24.791,-119.7501975,36.814523,1.0008529766915886,-3.2957328287938847,80.88498582115476,Before Launch
190,2025-03-20 01:32:29,8.169,1.4074803599999999,0.968,24.766,-119.7501975,36.814523,1.0625637277595348,-3.387838074159256,80.33184136369727,Before Launch
191,2025-03-20 01:32:30,8.211,-0.48884516,-1.798,24.798,-119.7501975,36.814523,1.363823969044175,-3.9233736666490997,75.60086885343354,Before Launch
192,2025-03-20 01:32:30,8.255,0.92191604,-1.052,24.768,-119.7501975,36.814523,1.3832828852225576,-4.082177263090713,73.93262370503187,Before Launch
193,2025-03-20 01:32:30,8.297,-0.0164042,-0.464,24.788,-119.7501975,36.814523,1.421965808400077,-4.059767119724713,72.24588609637566,Before Launch
194,2025-03-20 01:32:30,8.339,0.9547244399999999,0.225,24.791,-119.7501975,36.814523,1.4536052405540514,-4.05228292074132,71.76506435961018,Before Launch
195,2025-03-20 01:32:30,8.382,2.04396332,-0.003,24.768,-119.7501975,36.814523,1.3312551157646955,-4.047711634119935,72.76289732530839,Before Launch
196,2025-03-20 01:32:30,8.424,0.83005252,-1.126,24.786,-119.7501975,36.814523,1.1896532657503742,-3.981481655701524,74.28675054514318,Before Launch
197,2025-03-20 01:32:30,8.466,1.31889768,0.103,24.791,-119.7501975,36.814523,0.880551876295834,-3.7313581358802854,77.18999152331784,Before Launch
198,2025-03-20 01:32:30,8.509,0.9547244399999999,-0.234,24.778,-119.7501975,36.814523,0.7411417883195408,-3.6024026584609703,78.70878192130151,Before Launch
199,2025-03-20 01:32:30,8.552,0.84317588,1.341,24.793,-119.7501975,36.814523,0.5973795428994394,-3.438979037669118,80.58018109485671,Before Launch
200,2025-03-20 01:32:30,8.594,-0.0164042,-1.132,24.788,-119.7501975,36.814523,0.5498234657201212,-3.4069715674881915,81.10912883514122,Before Launch
201,2025-03-20 01:32:30,8.645,1.3156168400000001,1.097,24.783,-119.7501975,36.814523,0.4835525124072921,-3.287339338116599,81.54641978760247,Before Launch
202,2025-03-20 01:32:30,8.688,0.9383202399999999,1.311,24.776,-119.7501975,36.814523,0.4387167985803116,-3.2437233752704335,81.81705261924596,Before Launch
203,2025-03-20 01:32:30,8.732,0.20997376,0.087,24.776,-119.7501975,36.814523,0.4354975121905598,-3.2197504685501923,81.83413496141411,Before Launch
204,2025-03-20 01:32:30,8.775,1.9094488799999998,2.532,24.781,-119.7501975,36.814523,0.38410092913953514,-3.1521736568300702,81.86231196838867,Before Launch
205,2025-03-20 01:32:30,8.818,1.4074803599999999,2.196,24.766,-119.7501975,36.814523,0.3983323620748619,-3.115265450291872,81.97980849317894,Before Launch
206,2025-03-20 01:32:30,8.861,0.34776904,0.228,24.788,-119.7501975,36.814523,0.3700933218121514,-3.100242925850851,82.136397721034,Before Launch
207,2025-03-20 01:32:30,8.903,0.81692916,-0.113,24.791,-119.7501975,36.814523,0.333805035790664,-3.110376486014324,81.9799344020448,Before Launch
208,2025-03-20 01:32:30,8.945,0.69553808,-0.015,24.781,-119.7501975,36.814523,-0.04686011309960089,-3.3418964937578766,80.34630363155715,Before Launch
209,2025-03-20 01:32:30,8.988,1.1811023999999999,0.786,24.778,-119.7501975,36.814523,-0.18787559885978763,-3.5501476620720833,79.66751765271263,Before Launch
210,2025-03-20 01:32:30,9.031,2.50000008,1.648,24.766,-119.75019783333333,36.8145225,0.176657075760634,-2.975678998689043,79.74333246257432,Before Launch
211,2025-03-20 01:32:30,9.073,0.10170604,0.664,24.786,-119.75019783333333,36.8145225,0.09240200107593853,-2.928631450871871,79.78359977108224,Before Launch
212,2025-03-20 01:32:30,9.124,2.9691602,0.977,24.756,-119.75019783333333,36.8145225,0.5962961612148382,-3.051304555958209,69.23611758753796,Before Launch
213,2025-03-20 01:32:30,9.166,1.42060372,1.539,24.773,-119.75019783333333,36.8145225,1.724888302229304,-3.5108906050885853,59.15269001895184,Before Launch
214,2025-03-20 01:32:31,9.211,1.66666672,1.663,24.776,-119.75019783333333,36.8145225,2.0007753291499304,-4.206765336130173,55.29125780098484,Before Launch
215,2025-03-20 01:32:31,9.254,1.19422576,-0.197,24.786,-119.75019783333333,36.8145225,2.2756323662170312,-4.770320507182597,53.69087221492656,Before Launch
216,2025-03-20 01:32:31,9.296,1.42388456,1.763,24.781,-119.75019783333333,36.8145225,2.442773234144612,-4.350977122779432,53.473527598440185,Before Launch
217,2025-03-20 01:32:31,9.339,-0.13779528000000002,-0.978,24.791,-119.75019783333333,36.8145225,2.649057521916841,-4.22007504594764,52.68208765068092,Before Launch
218,2025-03-20 01:32:31,9.382,0.9547244399999999,0.895,24.791,-119.75019783333333,36.8145225,2.7896501036900387,-3.627976495210467,49.278958934943496,Before Launch
219,2025-03-20 01:32:31,9.425,1.0597113200000001,0.097,24.781,-119.75019783333333,36.8145225,2.6391756489742866,-2.5746563167806444,35.14655026823174,Before Launch
220,2025-03-20 01:32:31,9.467,0.34776904,-1.563,24.788,-119.75019783333333,36.8145225,2.194438650320967,-1.6423292639660785,31.689825142779767,Before Launch
221,2025-03-20 01:32:31,9.517,1.07611552,0.225,24.788,-119.75019783333333,36.8145225,1.9399042266454352,-1.3570011529860286,33.17653539866093,Before Launch
222,2025-03-20 01:32:31,9.561,-0.24278216,-1.426,24.801,-119.75019783333333,36.8145225,1.6188408338805786,-1.3435844042151104,40.77443492788337,Before Launch
223,2025-03-20 01:32:31,9.603,1.31889768,0.333,24.791,-119.75019783333333,36.8145225,1.5261214042922167,-1.6646824933834312,47.52384893309588,Before Launch
224,2025-03-20 01:32:31,9.646,1.45341212,0.558,24.796,-119.75019783333333,36.8145225,1.422130728438976,-2.151039746595698,56.99106316857071,Before Launch
225,2025-03-20 01:32:31,9.688,-0.38057744,-0.333,24.788,-119.75019783333333,36.8145225,1.3180951291513248,-2.3939092670443847,61.24543188846668,Before Launch
226,2025-03-20 01:32:31,9.731,0.47900264,-0.77,24.793,-119.75019783333333,36.8145225,1.183421600225415,-2.84567805215909,68.04973985882495,Before Launch
227,2025-03-20 01:32:31,9.775,1.07611552,0.127,24.788,-119.75019783333333,36.8145225,1.1004029782611553,-3.0216356251259646,70.35733346397869,Before Launch
228,2025-03-20 01:32:31,9.818,-0.13779528000000002,-0.32,24.791,-119.75019783333333,36.8145225,0.9866416203245202,-3.2382341050493224,73.5349193588699,Before Launch
229,2025-03-20 01:32:31,9.86,0.34776904,-1.439,24.786,-119.75019783333333,36.8145225,0.9606697920112425,-3.3056216059789025,74.52943752162314,Before Launch
230,2025-03-20 01:32:31,9.903,-0.8530184000000001,-2.083,24.798,-119.75019783333333,36.8145225,0.9440925813528702,-3.398986218619654,75.76420991904887,Before Launch
231,2025-03-20 01:32:31,9.946,1.42060372,0.989,24.773,-119.75019783333333,36.8145225,0.9274932326132743,-3.4044492612490074,76.04940110598864,Before Launch
232,2025-03-20 01:32:31,9.988,-0.14107612,-0.883,24.778,-119.75019783333333,36.8145225,0.9151432503653343,-3.4248377287191922,76.37217533476708,Before Launch
233,2025-03-20 01:32:31,10.03,-0.13779528000000002,-0.768,24.791,-119.75019783333333,36.8145225,0.8941742366403014,-3.436107265334777,76.46282565969128,Before Launch
234,2025-03-20 01:32:31,10.073,-0.38057744,-1.439,24.788,-119.75019783333333,36.8145225,0.8677053659502061,-3.460431332026797,76.85803057142145,Before Launch
235,2025-03-20 01:32:31,10.115,0.10170604,-2.212,24.786,-119.75019766666666,36.81452316666667,0.8784625961951921,-3.46789055919128,77.02803530803439,Before Launch
236,2025-03-20 01:32:31,10.157,0.47900264,0.348,24.793,-119.75019766666666,36.81452316666667,0.878779234075171,-3.4224683262408524,77.21439935572235,Before Launch
237,2025-03-20 01:32:32,10.201,-0.74475068,-3.448,24.788,-119.75019766666666,36.81452316666667,0.8488125958366824,-3.4421004733693046,77.26069027267762,Before Launch
238,2025-03-20 01:32:32,10.243,2.04724416,0.582,24.791,-119.75019766666666,36.81452316666667,0.8697119610811472,-3.461535697754961,77.40435275547246,Before Launch
239,2025-03-20 01:32:32,10.285,-0.50196852,-2.019,24.791,-119.75019766666666,36.81452316666667,0.8503314712753491,-3.500805629301774,77.3417450848653,Before Launch
240,2025-03-20 01:32:32,10.336,-0.50196852,-1.568,24.791,-119.75019766666666,36.81452316666667,0.8689664183810843,-3.523884114183627,77.22983865715314,Before Launch
241,2025-03-20 01:32:32,10.379,1.9225722399999998,0.46,24.788,-119.75019766666666,36.81452316666667,0.8922114410767307,-3.4990987860399665,76.99923093686994,Before Launch
242,2025-03-20 01:32:32,10.425,0.10170604,0.221,24.786,-119.75019766666666,36.81452316666667,0.8771976051554755,-3.497448026578566,76.93858005748743,Before Launch
243,2025-03-20 01:32:32,10.467,-0.38057744,-1.231,24.788,-119.75019766666666,36.81452316666667,0.8947040760509586,-3.4949408926947383,76.87000907301666,Before Launch
244,2025-03-20 01:32:32,10.51,0.84317588,-0.2,24.788,-119.75019766666666,36.81452316666667,0.8861985917997047,-3.501340800580587,76.87174142180808,Before Launch
245,2025-03-20 01:32:32,10.553,0.83005252,0.444,24.786,-119.75019766666666,36.81452316666667,0.8727043632836698,-3.5107643016768013,76.95211698253917,Before Launch
246,2025-03-20 01:32:32,10.595,0.11482940000000001,-0.892,24.793,-119.75019766666666,36.81452316666667,0.8411075245406066,-3.5064268430189207,77.05235854503741,Before Launch
247,2025-03-20 01:32:32,10.638,-0.61351708,-0.344,24.781,-119.75019766666666,36.81452316666667,0.8349818557073649,-3.5138195945350423,77.25374967858805,Before Launch
248,2025-03-20 01:32:32,10.68,-0.86614176,-2.029,24.791,-119.75019766666666,36.81452316666667,0.8562458804632728,-3.53622782236422,77.35165871256541,Before Launch
249,2025-03-20 01:32:32,10.723,0.34776904,-1.027,24.788,-119.75019766666666,36.81452316666667,0.8455196862747639,-3.527100814499031,77.50810008349737,Before Launch
250,2025-03-20 01:32:32,10.767,0.33464568,0.663,24.786,-119.75019766666666,36.81452316666667,0.838808300061946,-3.521919170185804,77.58330324903847,Before Launch
251,2025-03-20 01:32:32,10.809,-0.50196852,-0.91,24.791,-119.75019766666666,36.81452316666667,0.8296836833216208,-3.5109747093037247,77.68127635667236,Before Launch
252,2025-03-20 01:32:32,10.851,1.66666672,0.549,24.776,-119.75019766666666,36.81452316666667,0.8157804209683049,-3.5137485640672925,77.74043675673524,Before Launch
253,2025-03-20 01:32:32,10.894,0.83005252,0.899,24.786,-119.75019766666666,36.81452316666667,0.8136331805050339,-3.4945208489230484,77.908595268812,Before Launch
254,2025-03-20 01:32:32,10.937,0.84317588,0.46,24.793,-119.75019766666666,36.81452316666667,0.8013207924696095,-3.4676600762198495,77.9177723127418,Before Launch
255,2025-03-20 01:32:32,10.979,0.46587927999999995,1.226,24.786,-119.75019766666666,36.81452316666667,0.8263182409277595,-3.4599828441296623,77.78058102003317,Before Launch
256,2025-03-20 01:32:32,11.022,1.42388456,0.003,24.788,-119.750198,36.814523333333334,0.8314548220350396,-3.4575230314578977,77.46417923580522,Before Launch
257,2025-03-20 01:32:32,11.072,1.0597113200000001,1.108,24.783,-119.750198,36.814523333333334,0.8398745346126956,-3.468647936245709,77.28390854373802,Before Launch
258,2025-03-20 01:32:32,11.115,0.33464568,0.435,24.781,-119.750198,36.814523333333334,0.8440956524830788,-3.427702863916058,77.0624763576421,Before Launch
259,2025-03-20 01:32:32,11.158,-0.13779528000000002,0.224,24.791,-119.750198,36.814523333333334,0.8474485697372343,-3.4573407658346227,76.99597450241994,Before Launch
260,2025-03-20 01:32:33,11.201,0.9383202399999999,0.77,24.776,-119.750198,36.814523333333334,0.851980309696285,-3.5095794432937666,76.93793007870379,Before Launch
261,2025-03-20 01:32:33,11.244,0.69553808,0.199,24.781,-119.750198,36.814523333333334,0.8449251152796488,-3.540282964258454,77.06106132193875,Before Launch
262,2025-03-20 01:32:33,11.286,-0.0164042,0.671,24.788,-119.750198,36.814523333333334,0.8499860558034206,-3.5516666912297263,77.21180132491116,Before Launch
263,2025-03-20 01:32:33,11.329,0.3608924,-1.553,24.788,-119.750198,36.814523333333334,0.8495497822015083,-3.5609307640460703,77.25666068399177,Before Launch
264,2025-03-20 01:32:33,11.371,0.20997376,0.656,24.776,-119.750198,36.814523333333334,0.8352264225145111,-3.503957318018649,77.30888547201496,Before Launch
265,2025-03-20 01:32:33,11.413,-0.0164042,0.451,24.788,-119.750198,36.814523333333334,0.8477172249933723,-3.4937107080428977,77.3066513254482,Before Launch
266,2025-03-20 01:32:33,11.456,0.83005252,-1.014,24.788,-119.750198,36.814523333333334,0.8651992716120784,-3.4690167825908804,77.33432243494649,Before Launch
267,2025-03-20 01:32:33,11.499,0.32808400000000004,0.211,24.773,-119.750198,36.814523333333334,0.8465451803189046,-3.456329785412922,77.29341842728094,Before Launch
268,2025-03-20 01:32:33,11.541,1.0597113200000001,1.341,24.781,-119.750198,36.814523333333334,0.8499879067975378,-3.4935536063044186,77.2910266723946,Before Launch
269,2025-03-20 01:32:33,11.584,1.30249348,0.428,24.776,-119.750198,36.814523333333334,0.8685459730133208,-3.5062046184207483,77.27742013973477,Before Launch
270,2025-03-20 01:32:33,11.626,1.8897638399999999,0.988,24.763,-119.750198,36.814523333333334,0.845819150024077,-3.5447460819217866,77.47354570817033,Before Launch
271,2025-03-20 01:32:33,11.669,-0.029527559999999998,-0.134,24.781,-119.750198,36.814523333333334,0.8699412051773269,-3.524269002212719,77.92595094698652,Before Launch
272,2025-03-20 01:32:33,11.711,1.42388456,1.899,24.781,-119.750198,36.814523333333334,0.8587023264847622,-3.4167118822566085,78.2295191998845,Before Launch
273,2025-03-20 01:32:33,11.754,0.07217847999999999,0.874,24.763,-119.750198,36.814523333333334,0.8713523716187208,-3.53769680229315,78.36720941548165,Before Launch
274,2025-03-20 01:32:33,11.797,-0.0164042,-0.339,24.788,-119.750198,36.814523333333334,0.8185121603979909,-3.7423470343141023,79.20418195730703,Before Launch
275,2025-03-20 01:32:33,11.839,0.45275592000000003,0.11,24.778,-119.750198,36.814523333333334,0.6892066869457559,-3.792977505511539,81.21984234232833,Before Launch
276,2025-03-20 01:32:33,11.882,1.7716536,2.119,24.766,-119.750198,36.814523333333334,0.5630287152006911,-3.898607111227717,84.4963754458139,Before Launch
277,2025-03-20 01:32:33,11.924,1.04330712,-0.581,24.766,-119.750198,36.814523333333334,0.5274945758493882,-3.870958963551429,85.36183316356762,Before Launch
278,2025-03-20 01:32:33,11.966,0.46587927999999995,-0.34,24.786,-119.750198,36.814523333333334,0.41104588010706944,-3.7342421233536713,85.41625179563881,Before Launch
279,2025-03-20 01:32:33,12.009,-0.029527559999999998,-0.814,24.776,-119.750198,36.814523333333334,0.6975093312037965,-3.61764018057377,80.37082054620812,Before Launch
280,2025-03-20 01:32:33,12.051,0.92191604,0.425,24.768,-119.75019616666667,36.814525,1.0688966805721414,-3.4751311838416115,74.12518895342443,Before Launch
281,2025-03-20 01:32:33,12.094,1.65026252,0.211,24.768,-119.75019616666667,36.814525,1.1634457467155985,-3.446744219285394,72.20326009460017,Before Launch
282,2025-03-20 01:32:33,12.136,0.19356956,-0.814,24.768,-119.75019616666667,36.814525,1.1852576749900876,-3.3974686468934543,71.5928231164347,Before Launch
283,2025-03-20 01:32:33,12.178,1.1811023999999999,0.796,24.778,-119.75019616666667,36.814525,1.1096804447725972,-3.3898338876662355,72.64699146411877,Before Launch
284,2025-03-20 01:32:34,12.229,0.69553808,0.778,24.781,-119.75019616666667,36.814525,0.9991186718191525,-3.4121066624801086,74.64053522237003,Before Launch
285,2025-03-20 01:32:34,12.272,1.42060372,0.45,24.773,-119.75019616666667,36.814525,0.9140809675312093,-3.3882889185939815,76.01150010706333,Before Launch
286,2025-03-20 01:32:34,12.315,1.5419947999999999,0.79,24.771,-119.75019616666667,36.814525,0.8614311453948662,-3.40905644507865,76.5095900677802,Before Launch
287,2025-03-20 01:32:34,12.357,0.44947508,0.435,24.771,-119.75019616666667,36.814525,0.7988682552150669,-3.4626281118323248,77.2217881331265,Before Launch
288,2025-03-20 01:32:34,12.4,0.67913388,0.297,24.766,-119.75019616666667,36.814525,0.788234022442851,-3.4387830545888827,77.4799213501947,Before Launch
289,2025-03-20 01:32:34,12.442,-0.62664044,-0.781,24.781,-119.75019616666667,36.814525,0.7599598179352703,-3.4278763891065416,77.82207705875052,Before Launch
290,2025-03-20 01:32:34,12.484,0.81364832,0.775,24.771,-119.75019616666667,36.814525,0.7322334178589109,-3.427249552201237,78.00638436666794,Before Launch
291,2025-03-20 01:32:34,12.527,0.08858268,-0.692,24.778,-119.75019616666667,36.814525,0.7050213685929867,-3.4383138325381295,78.30040580194421,Before Launch
292,2025-03-20 01:32:34,12.569,-0.029527559999999998,-0.334,24.776,-119.75019616666667,36.814525,0.7362989632024308,-3.4501379957698153,78.3710628419993,Before Launch
293,2025-03-20 01:32:34,12.612,0.9186352000000001,-0.132,24.761,-119.75019616666667,36.814525,0.7212476199269723,-3.466802520887342,78.42434584712792,Before Launch
294,2025-03-20 01:32:34,12.655,1.0597113200000001,-0.227,24.781,-119.75019616666667,36.814525,0.7486106149134589,-3.4460480757936667,78.4683738070021,Before Launch
295,2025-03-20 01:32:34,12.705,1.05643048,-0.772,24.773,-119.75019616666667,36.814525,0.7625636422111194,-3.453913820445689,78.32915247515199,Before Launch
296,2025-03-20 01:32:34,12.748,0.44947508,0.444,24.771,-119.75019616666667,36.814525,0.7577132338005846,-3.4354176979104847,78.19808400555186,Before Launch
297,2025-03-20 01:32:34,12.791,1.0597113200000001,-0.337,24.781,-119.75019616666667,36.814525,0.7373332375912132,-3.4413923565703906,78.13696193325178,Before Launch
298,2025-03-20 01:32:34,12.834,1.05643048,0.911,24.773,-119.75019616666667,36.814525,0.7251873617109372,-3.43890224875961,77.9959794838342,Before Launch
299,2025-03-20 01:32:34,12.877,1.42060372,1.331,24.773,-119.75019616666667,36.814525,0.7380847268983736,-3.416794114728568,77.9928912796717,Before Launch
300,2025-03-20 01:32:34,12.92,0.92191604,0.434,24.768,-119.75019616666667,36.814525,0.7670966733318847,-3.4323561292114735,77.86736125637113,Before Launch
301,2025-03-20 01:32:34,12.962,0.574147,-1.109,24.776,-119.75019616666667,36.814525,0.7549136801095924,-3.444510645193398,77.80055032314867,Before Launch
302,2025-03-20 01:32:34,13.005,0.81364832,-0.212,24.771,-119.75019616666667,36.814525,0.7434206924417643,-3.446836805133749,77.75560899554561,Before Launch
303,2025-03-20 01:32:34,13.048,1.7716536,1.207,24.766,-119.75019383333333,36.81453116666667,0.7503624443459622,-3.4622687561000753,77.77378475309997,Before Launch
304,2025-03-20 01:32:34,13.09,1.65026252,1.554,24.768,-119.75019383333333,36.81453116666667,0.7426161304839097,-3.510879265444714,77.76687324907263,Before Launch
305,2025-03-20 01:32:34,13.132,0.81364832,-0.1,24.773,-119.75019383333333,36.81453116666667,0.7623169266737285,-3.5162137076260263,77.77357232833994,Before Launch
306,2025-03-20 01:32:34,13.175,1.7716536,0.112,24.766,-119.75019383333333,36.81453116666667,0.736898472089036,-3.5018712893135544,78.1501228169772,Before Launch
307,2025-03-20 01:32:35,13.218,0.69225724,0.461,24.773,-119.75019383333333,36.81453116666667,0.718691041942549,-3.5117305637868577,78.3415967712784,Before Launch
308,2025-03-20 01:32:35,13.26,0.81364832,-0.34,24.773,-119.75019383333333,36.81453116666667,0.7106746103573713,-3.5097754666433727,78.65897205441787,Before Launch
309,2025-03-20 01:32:35,13.302,2.50000008,1.682,24.766,-119.75019383333333,36.81453116666667,0.7125967894772962,-3.5073283453711763,78.73734648761513,Before Launch
310,2025-03-20 01:32:35,13.345,0.81692916,-0.563,24.778,-119.75019383333333,36.81453116666667,0.6947308097636993,-3.4459776140224223,78.81272670135353,Before Launch
311,2025-03-20 01:32:35,13.387,-0.2788714,-1.699,24.771,-119.75019383333333,36.81453116666667,0.6745408825172446,-3.4480660654360853,78.8378640023223,Before Launch
312,2025-03-20 01:32:35,13.43,2.378609,1.798,24.768,-119.75019383333333,36.81453116666667,0.6362105549704117,-3.442091315029443,78.85455668904135,Before Launch
313,2025-03-20 01:32:35,13.473,1.65026252,0.905,24.768,-119.75019383333333,36.81453116666667,0.669102848346109,-3.397667884695009,79.23559019917924,Before Launch
314,2025-03-20 01:32:35,13.523,0.81364832,1.332,24.771,-119.75019383333333,36.81453116666667,1.0813889953898461,-3.54294811149866,81.27777876282673,Before Launch
315,2025-03-20 01:32:35,13.566,2.13582684,1.222,24.766,-119.75019383333333,36.81453116666667,0.8747049695292037,-3.840674063826192,81.0745330435994,Before Launch
316,2025-03-20 01:32:35,13.61,0.69225724,0.557,24.773,-119.75019383333333,36.81453116666667,0.6555840461453776,-3.839973211044081,81.54744342895685,Before Launch
317,2025-03-20 01:32:35,13.652,0.69225724,0.666,24.773,-119.75019383333333,36.81453116666667,1.1987978900672978,-3.6319551825925944,78.84801380129707,Before Launch
318,2025-03-20 01:32:35,13.694,2.60498696,1.559,24.773,-119.75019383333333,36.81453116666667,0.5737923963783508,-4.510891529744716,78.31938230634255,Before Launch
319,2025-03-20 01:32:35,13.737,1.42060372,0.334,24.773,-119.75019383333333,36.81453116666667,1.4802478167398716,-5.028933527359743,75.72360766683607,Before Launch
320,2025-03-20 01:32:35,13.779,0.92191604,-0.125,24.768,-119.75019383333333,36.81453116666667,1.4891088585388925,-4.271282958147814,79.80056856587568,Before Launch
321,2025-03-20 01:32:35,13.822,1.16141736,0.663,24.778,-119.75019383333333,36.81453116666667,0.9042180854008064,-4.127548769622983,85.12714583213128,Before Launch
322,2025-03-20 01:32:35,13.864,1.17782156,0.11,24.771,-119.75019383333333,36.81453116666667,0.3088038702271841,-4.094572261599607,90.71336256230042,Before Launch
323,2025-03-20 01:32:35,13.906,1.9061680399999998,0.793,24.771,-119.75019383333333,36.81453116666667,-0.31514355678566,-4.0035399535235126,98.29180476316644,Before Launch
324,2025-03-20 01:32:35,13.949,0.9186352000000001,-0.468,24.761,-119.75019383333333,36.81453116666667,-0.4064479975487518,-3.648060467867842,100.89058929980222,Before Launch
325,2025-03-20 01:32:35,13.991,-0.39370079999999996,-1.228,24.781,-119.75019383333333,36.81453116666667,-1.1298455948278834,-3.4596715797842292,109.97400897131755,Before Launch
326,2025-03-20 01:32:35,14.034,1.5419947999999999,0.903,24.771,-119.7501935,36.814532166666666,-1.3911975173477489,-3.235891261646282,115.28711140008473,Before Launch
327,2025-03-20 01:32:35,14.076,2.01443576,1.121,24.768,-119.7501935,36.814532166666666,-2.3216586429968076,-2.535339923766733,127.96673602378266,Before Launch
328,2025-03-20 01:32:35,14.119,0.9514436,-0.766,24.783,-119.7501935,36.814532166666666,-2.9796137963796347,-2.612934617686231,134.17312749137233,Before Launch
329,2025-03-20 01:32:35,14.17,1.78477696,0.125,24.773,-119.7501935,36.814532166666666,-3.8496790777022634,-2.6158362444090324,141.28500079625044,Before Launch
330,2025-03-20 01:32:36,14.215,1.05643048,0.224,24.773,-119.7501935,36.814532166666666,-4.356040949427525,-2.2754444348748835,148.02432599860836,Before Launch
331,2025-03-20 01:32:36,14.257,0.81692916,-0.882,24.778,-119.7501935,36.814532166666666,-4.55125405129239,-2.2080149485006033,149.62276152504165,Before Launch
332,2025-03-20 01:32:36,14.3,1.42060372,0.673,24.773,-119.7501935,36.814532166666666,-4.020199680953109,-2.616072001367162,142.18494414229494,Before Launch
333,2025-03-20 01:32:36,14.343,1.30249348,0.451,24.776,-119.7501935,36.814532166666666,-2.838158327547611,-3.0103920911380166,126.45007723031328,Before Launch
334,2025-03-20 01:32:36,14.386,1.65026252,-0.784,24.768,-119.7501935,36.814532166666666,-1.3368994565213503,-3.4613109213778093,106.76301764004566,Before Launch
335,2025-03-20 01:32:36,14.428,1.5583989999999999,0.685,24.786,-119.7501935,36.814532166666666,-0.818454652639603,-3.604073960205095,100.96896834592238,Before Launch
336,2025-03-20 01:32:36,14.47,1.66666672,1.796,24.776,-119.7501935,36.814532166666666,-0.2503788009761101,-3.3497738919177196,93.86403597348236,Before Launch
337,2025-03-20 01:32:36,14.513,1.65026252,-0.673,24.768,-119.7501935,36.814532166666666,0.06995128427226457,-3.6537168486563973,92.37883329464175,Before Launch
338,2025-03-20 01:32:36,14.555,1.42060372,-0.212,24.773,-119.7501935,36.814532166666666,-0.20594889774821717,-3.4851902359763507,100.85866400655128,Before Launch
339,2025-03-20 01:32:36,14.598,0.83005252,0.015,24.786,-119.7501935,36.814532166666666,-0.49543242318531155,-3.0831760778351955,105.03715880259165,Before Launch
340,2025-03-20 01:32:36,14.64,0.33464568,-1.677,24.781,-119.7501935,36.814532166666666,-0.7023526648233475,-2.9903195457266842,108.0401254435098,Before Launch
341,2025-03-20 01:32:36,14.682,0.69553808,0.003,24.781,-119.7501935,36.814532166666666,-0.670381470000726,-3.1563848974519844,107.67774195652372,Before Launch
342,2025-03-20 01:32:36,14.725,1.68307092,0.923,24.791,-119.7501935,36.814532166666666,-0.6952501047198513,-2.467452836704145,107.66866569649875,Before Launch
343,2025-03-20 01:32:36,14.768,1.30249348,-1.213,24.781,-119.7501935,36.814532166666666,-0.700412935607613,-2.1599973186414037,109.34500274610525,Before Launch
344,2025-03-20 01:32:36,14.81,1.5452756399999998,0.116,24.778,-119.7501935,36.814532166666666,-0.6131299932507689,-1.6348102152896837,106.02241538860282,Before Launch
345,2025-03-20 01:32:36,14.853,1.5452756399999998,0.58,24.763,-119.7501935,36.814532166666666,-0.1841600982740122,-1.9033536747935873,91.94689569627232,Before Launch
346,2025-03-20 01:32:36,14.903,1.05643048,-0.097,24.773,-119.7501935,36.814532166666666,-0.01711944806066426,-1.994505864788205,88.50323843550561,Before Launch
347,2025-03-20 01:32:36,14.947,1.2860892800000001,0.1,24.768,-119.7501935,36.814532166666666,0.005563388383468794,-2.1044106834772056,89.88277526955974,Before Launch
348,2025-03-20 01:32:36,14.99,1.4074803599999999,-0.46,24.766,-119.7501935,36.814532166666666,-0.2605148125761514,-2.410592088155791,95.69629860066397,Before Launch
349,2025-03-20 01:32:36,15.033,1.5452756399999998,0.578,24.778,-119.75019266666666,36.814532666666665,-0.4681406364425321,-2.8262009898240987,103.90080574455432,Before Launch
350,2025-03-20 01:32:36,15.075,0.92191604,1.214,24.768,-119.75019266666666,36.814532666666665,-0.7368370784898985,-2.666101535686527,107.25890718558867,Before Launch
351,2025-03-20 01:32:36,15.118,2.50000008,0.884,24.766,-119.75019266666666,36.814532666666665,-1.001841598098167,-2.3525149912420615,111.09447544245492,Before Launch
352,2025-03-20 01:32:36,15.16,1.17782156,-0.772,24.771,-119.75019266666666,36.814532666666665,-0.9523188357967269,-2.1485166044656263,111.50100129804936,Before Launch
353,2025-03-20 01:32:37,15.203,2.01443576,0.981,24.771,-119.75019266666666,36.814532666666665,-0.9932399472837773,-1.8870222923453701,112.39859518202074,Before Launch
354,2025-03-20 01:32:37,15.245,2.50000008,0.665,24.766,-119.75019266666666,36.814532666666665,-0.8753167247767136,-1.7885183416278774,113.21000308558246,Before Launch
355,2025-03-20 01:32:37,15.287,0.5577428,-0.465,24.768,-119.75019266666666,36.814532666666665,-1.091492539850155,-1.0436331746212963,31.144732817415203,Before Launch
356,2025-03-20 01:32:37,15.33,1.5419947999999999,0.676,24.773,-119.75019266666666,36.814532666666665,-1.214700047837733,-0.6748399106136972,-29.7227333570517,Before Launch
357,2025-03-20 01:32:37,15.373,-0.41338584,-1.709,24.766,-119.75019266666666,36.814532666666665,-1.3571873588962007,-0.38426977157577347,-104.5018562471278,Before Launch
358,2025-03-20 01:32:37,15.415,0.9186352000000001,-0.358,24.761,-119.75019266666666,36.814532666666665,-1.4007300072067455,-0.34064563456892194,-127.51966260924475,Before Launch
359,2025-03-20 01:32:37,15.46,0.574147,-1.002,24.776,-119.75019266666666,36.814532666666665,-1.2557396463644912,-0.28883534924226795,18.80305708708621,Before Launch
360,2025-03-20 01:32:37,15.502,1.7716536,0.199,24.766,-119.75019266666666,36.814532666666665,-1.1509419749746572,-0.16194863529262563,60.46109780555268,Before Launch
361,2025-03-20 01:32:37,15.546,0.32808400000000004,-1.244,24.773,-119.75019266666666,36.814532666666665,-0.8445587669431655,-0.43783158575759795,106.71299370587951,Before Launch
362,2025-03-20 01:32:37,15.588,1.16141736,-0.455,24.763,-119.75019266666666,36.814532666666665,-0.6313239707177164,-0.4275773826541797,120.60297878551667,Before Launch
363,2025-03-20 01:32:37,15.632,0.44947508,-0.902,24.771,-119.75019266666666,36.814532666666665,-0.6037340486376572,-0.22243405700551003,135.3216707639893,Before Launch
364,2025-03-20 01:32:37,15.675,1.42060372,0.548,24.761,-119.75019266666666,36.814532666666665,-0.5087592774734939,-0.2396183514564122,140.12070172593945,Before Launch
365,2025-03-20 01:32:37,15.717,2.378609,1.898,24.768,-119.75019266666666,36.814532666666665,-0.1623906938574952,-0.09989981389686084,107.1576344301154,Before Launch
366,2025-03-20 01:32:37,15.76,1.5419947999999999,0.785,24.771,-119.75019266666666,36.814532666666665,-0.10152245185793418,-0.0726764645963557,97.20152309169596,Before Launch
367,2025-03-20 01:32:37,15.803,1.9061680399999998,0.207,24.783,-119.75019266666666,36.814532666666665,-0.12673524673660122,-0.4013014628165687,97.27323961172569,Before Launch
368,2025-03-20 01:32:37,15.845,2.25393708,0.883,24.763,-119.75019266666666,36.814532666666665,-0.17639207881775903,-0.8190143671955996,97.12128773995349,Before Launch
369,2025-03-20 01:32:37,15.889,1.64698168,0.094,24.761,-119.75019266666666,36.814532666666665,-0.24511844059448112,-1.3280326397762945,97.7236519615072,Before Launch
370,2025-03-20 01:32:37,15.932,1.17782156,-0.341,24.756,-119.75019266666666,36.814532666666665,-0.27190422132433567,-1.4984074688745128,97.88169988280717,Before Launch
371,2025-03-20 01:32:37,15.975,1.17782156,0.113,24.771,-119.75019266666666,36.814532666666665,-0.33895831117720887,-1.6060109687966324,99.7749226098316,Before Launch
372,2025-03-20 01:32:37,16.017,1.7716536,0.454,24.766,-119.75019266666666,36.814532666666665,-0.36980733494287077,-1.5267586171106609,101.83957741015743,Before Launch
373,2025-03-20 01:32:37,16.059,2.13582684,0.681,24.768,-119.75019383333333,36.81453316666666,-0.4012043528053837,-1.31865905948198,105.74717328050095,Before Launch
374,2025-03-20 01:32:37,16.102,1.7716536,0.212,24.766,-119.75019383333333,36.81453316666666,-0.4196980245604404,-1.2163510612181208,107.45727647439007,Before Launch
375,2025-03-20 01:32:37,16.145,0.81364832,-0.101,24.771,-119.75019383333333,36.81453316666666,-0.4760951833289849,-1.0928402098232413,110.93412722811163,Before Launch
376,2025-03-20 01:32:37,16.187,2.13582684,-0.341,24.753,-119.75019383333333,36.81453316666666,-0.4721508052264084,-1.033014323575017,113.40163271752306,Before Launch
377,2025-03-20 01:32:38,16.238,1.42060372,0.225,24.773,-119.75019383333333,36.81453316666666,-0.4553732163088787,-0.9690699570474456,114.14627543142339,Before Launch
378,2025-03-20 01:32:38,16.28,2.27034128,0.238,24.771,-119.75019383333333,36.81453316666666,-0.47392955685679905,-0.9612217352403506,114.93892426190232,Before Launch
379,2025-03-20 01:32:38,16.324,0.20997376,-2.122,24.776,-119.75019383333333,36.81453316666666,-0.4585488309339029,-0.9392546643863255,115.36555880465178,Before Launch
380,2025-03-20 01:32:38,16.367,1.05643048,0.462,24.773,-119.75019383333333,36.81453316666666,-0.500642011297337,-0.9340586054866541,115.45169941912495,Before Launch
381,2025-03-20 01:32:38,16.41,0.32808400000000004,-1.124,24.773,-119.75019383333333,36.81453316666666,-0.5332622843480274,-0.9596127208852069,115.54934577559472,Before Launch
382,2025-03-20 01:32:38,16.452,1.5419947999999999,1.812,24.771,-119.75019383333333,36.81453316666666,-0.4895102632600246,-0.9708261203278067,115.51044710436267,Before Launch
383,2025-03-20 01:32:38,16.495,1.8897638399999999,0.899,24.763,-119.75019383333333,36.81453316666666,-0.4856698188554044,-0.9559361674722777,115.8029679220263,Before Launch
384,2025-03-20 01:32:38,16.538,1.9061680399999998,1.236,24.771,-119.75019383333333,36.81453316666666,-0.5676376634994106,-1.0046498641490316,117.41319545911621,Before Launch
385,2025-03-20 01:32:38,16.58,0.19356956,-1.464,24.768,-119.75019383333333,36.81453316666666,-0.5977260799674351,-0.9910871082458984,118.19928522732137,Before Launch
386,2025-03-20 01:32:38,16.623,2.378609,1.904,24.768,-119.75019383333333,36.81453316666666,-0.5994847193919872,-0.9748778978342403,119.19396998884831,Before Launch
387,2025-03-20 01:32:38,16.665,2.01443576,0.792,24.768,-119.75019383333333,36.81453316666666,-0.6213647886164807,-0.9875043422347738,119.44256912488054,Before Launch
388,2025-03-20 01:32:38,16.708,1.28280844,0.774,24.761,-119.75019383333333,36.81453316666666,-0.6690180302483368,-1.005079334459369,119.81953652591909,Before Launch
389,2025-03-20 01:32:38,16.75,1.17782156,-0.226,24.771,-119.75019383333333,36.81453316666666,-0.6610442864909816,-1.0316440140494019,120.18501824515461,Before Launch
390,2025-03-20 01:32:38,16.793,1.5255906000000001,-0.793,24.763,-119.75019383333333,36.81453316666666,-0.7112879670746598,-1.0695169953714219,121.41250124928855,Before Launch
391,2025-03-20 01:32:38,16.835,0.92191604,-0.577,24.768,-119.75019383333333,36.81453316666666,-0.7279359378240947,-1.0680139528235106,121.75689396454815,Before Launch
392,2025-03-20 01:32:38,16.877,1.04330712,-0.803,24.771,-119.75019383333333,36.81453316666666,-0.7217398904790179,-1.0843161064125413,121.92396914318249,Before Launch
393,2025-03-20 01:32:38,16.92,2.12270348,-0.122,24.758,-119.75019383333333,36.81453316666666,-0.8535485942351986,-1.2110403703600654,120.9366548023407,Before Launch
394,2025-03-20 01:32:38,16.962,0.5577428,-1.015,24.768,-119.75019383333333,36.81453316666666,-0.5127572865253153,-1.0320771357860685,117.98825271333533,Before Launch
395,2025-03-20 01:32:38,17.005,0.92191604,-0.238,24.768,-119.75019383333333,36.81453316666666,-0.4657117522000808,-1.4033385280490103,115.92599662685045,Before Launch
396,2025-03-20 01:32:38,17.047,2.2408137200000002,0.992,24.756,-119.75019316666666,36.81453616666667,-0.13367700800418858,-0.8085514686181233,54.52761476900366,Before Launch
397,2025-03-20 01:32:38,17.089,2.13582684,0.34,24.766,-119.75019316666666,36.81453616666667,0.20918081265071786,-0.6159199781539318,35.857735165613164,Before Launch
398,2025-03-20 01:32:38,17.132,1.7716536,-0.339,24.766,-119.75019316666666,36.81453616666667,1.1441883112408158,0.5023675141760869,11.582516491617028,Before Launch
399,2025-03-20 01:32:38,17.175,2.01443576,0.226,24.768,-119.75019316666666,36.81453616666667,1.9969328640991608,-0.060353693282803045,12.381026551379701,Before Launch
400,2025-03-20 01:32:39,17.217,1.2860892800000001,0.441,24.768,-119.75019316666666,36.81453616666667,2.2729215951359234,-1.4468312822843195,15.888218534146926,Before Launch
401,2025-03-20 01:32:39,17.259,0.69225724,-1.347,24.773,-119.75019316666666,36.81453616666667,2.3481009612041936,-3.3034666922306997,27.387333630720214,Before Launch
402,2025-03-20 01:32:39,17.302,1.7716536,0.33,24.766,-119.75019316666666,36.81453616666667,2.069533370546191,-7.8290725210497865,46.61423293946423,Before Launch
403,2025-03-20 01:32:39,17.345,1.65026252,-0.582,24.768,-119.75019316666666,36.81453616666667,2.6706230017764563,-8.632720250906761,56.29060083446693,Before Launch
404,2025-03-20 01:32:39,17.396,1.04330712,0.777,24.766,-119.75019316666666,36.81453616666667,0.875957743439816,-8.926680212622731,70.5601394863906,Before Launch
405,2025-03-20 01:32:39,17.438,1.5419947999999999,0.453,24.771,-119.75019316666666,36.81453616666667,-0.02308241467867911,-6.502895874445753,78.53327227481262,Before Launch
406,2025-03-20 01:32:39,17.489,0.69225724,0.338,24.776,-119.75019316666666,36.81453616666667,-0.18944879423809358,-5.740325335102414,85.31794210171101,Before Launch
407,2025-03-20 01:32:39,17.532,0.45275592000000003,-1.009,24.778,-119.75019316666666,36.81453616666667,-0.845616023089533,-3.6975945527037415,90.97359157789575,Before Launch
408,2025-03-20 01:32:39,17.574,2.15223104,0.243,24.781,-119.75019316666666,36.81453616666667,-0.35993161738514806,-3.9027358652894146,94.82904737135223,Before Launch
409,2025-03-20 01:32:39,17.616,1.5419947999999999,-0.338,24.771,-119.75019316666666,36.81453616666667,-1.3636949511978567,-3.748208415178718,101.95004007698562,Before Launch
410,2025-03-20 01:32:39,17.659,0.81364832,0.575,24.771,-119.75019316666666,36.81453616666667,-1.232050705985996,-3.777066859544914,105.65965090888885,Before Launch
411,2025-03-20 01:32:39,17.703,0.69225724,-1.561,24.773,-119.75019316666666,36.81453616666667,-1.6192072941992772,-3.281510858746212,109.82164586947107,Before Launch
412,2025-03-20 01:32:39,17.745,0.58727036,-1.321,24.781,-119.75019316666666,36.81453616666667,-1.3319525026879981,-2.691459157338267,105.08971078204041,Before Launch
413,2025-03-20 01:32:39,17.788,0.83005252,-0.419,24.786,-119.75019316666666,36.81453616666667,-1.0543034213588898,-3.5377719742834035,100.51183030395156,Before Launch
414,2025-03-20 01:32:39,17.831,2.01443576,0.774,24.768,-119.75019316666666,36.81453616666667,-0.5215813189468813,-2.8159190025583083,97.80296398172852,Before Launch
415,2025-03-20 01:32:39,17.873,0.20997376,-1.218,24.778,-119.75019316666666,36.81453616666667,-0.04740310646242657,-2.6729654843462054,90.78627623217358,Before Launch
416,2025-03-20 01:32:39,17.916,-0.036089239999999995,-0.886,24.773,-119.75019316666666,36.81453616666667,0.2283747739634192,-2.850565677909776,86.7071576076325,Before Launch
417,2025-03-20 01:32:39,17.958,0.08858268,-0.883,24.778,-119.75019316666666,36.81453616666667,0.591816626936124,-2.8907861103222885,78.57777102210602,Before Launch
418,2025-03-20 01:32:39,18.001,0.20997376,-1.769,24.768,-119.75019316666666,36.81453616666667,0.43111797788712825,-2.963291708830277,82.4826267449831,Before Launch
419,2025-03-20 01:32:39,18.044,0.08858268,-0.434,24.778,-119.75019316666666,36.81453616666667,0.8767177037933835,-4.1479690126651665,87.93696157453633,Before Launch
420,2025-03-20 01:32:39,18.086,0.574147,-0.322,24.776,-119.75019316666666,36.81453616666667,1.8015296646581302,-5.395190333073042,87.42763508633759,Before Launch
421,2025-03-20 01:32:39,18.128,0.32808400000000004,-1.769,24.773,-119.75019216666666,36.814536833333335,1.859780872035701,-4.077306330108558,84.17381667424935,Before Launch
422,2025-03-20 01:32:39,18.171,1.66666672,-0.434,24.776,-119.75019216666666,36.814536833333335,2.3726895074274363,-3.4100992017807816,85.99081285336734,Before Launch
423,2025-03-20 01:32:40,18.213,1.30249348,-0.434,24.776,-119.75019216666666,36.814536833333335,1.9434156633360877,-3.537622428672076,89.47993689831384,Before Launch
424,2025-03-20 01:32:40,18.256,1.05643048,-0.886,24.773,-119.75019216666666,36.814536833333335,2.7909745737936813,-3.8722171433654444,90.77450205852455,Before Launch
425,2025-03-20 01:32:40,18.299,1.4074803599999999,0.112,24.766,-119.75019216666666,36.814536833333335,6.115095746930102,-4.795415318638749,82.52225986835528,Before Launch
426,2025-03-20 01:32:40,18.341,1.9061680399999998,1.122,24.771,-119.75019216666666,36.814536833333335,7.608726889240514,-5.6489410639177535,81.515544240447,Before Launch
427,2025-03-20 01:32:40,18.384,-0.39370079999999996,-2.001,24.781,-119.75019216666666,36.814536833333335,9.0824544201657,-5.365294209466601,72.16494200047202,Before Launch
428,2025-03-20 01:32:40,18.427,0.44947508,-1.11,24.771,-119.75019216666666,36.814536833333335,11.207690648748287,-4.533941086653736,58.82501827444057,Before Launch
429,2025-03-20 01:32:40,18.469,0.81692916,-0.211,24.778,-119.75019216666666,36.814536833333335,14.976705498261056,-3.988429450898514,43.20113258322183,Before Launch
430,2025-03-20 01:32:40,18.511,0.45275592000000003,-1.015,24.778,-119.75019216666666,36.814536833333335,17.25686166924402,-4.079753797658552,38.64334427917598,Before Launch
431,2025-03-20 01:32:40,18.554,0.9514436,0.243,24.783,-119.75019216666666,36.814536833333335,21.60536894464529,-5.397727744007393,32.681950962600574,Before Launch
432,2025-03-20 01:32:40,18.596,1.30249348,0.799,24.776,-119.75019216666666,36.814536833333335,23.59983670938694,-6.244450566542553,30.25847209901982,Before Launch
433,2025-03-20 01:32:40,18.638,1.0597113200000001,-1.027,24.781,-119.75019216666666,36.814536833333335,27.14752636506451,-4.282273210609905,27.570009671638964,Before Launch
434,2025-03-20 01:32:40,18.681,1.5583989999999999,0.015,24.776,-119.75019216666666,36.814536833333335,30.167267080225095,-3.783855324413622,26.213541010186745,Before Launch
435,2025-03-20 01:32:40,18.724,1.42388456,0.573,24.781,-119.75019216666666,36.814536833333335,33.73344465928562,-5.256186839993678,24.30644776179393,Before Launch
436,2025-03-20 01:32:40,18.766,0.81692916,0.117,24.778,-119.75019216666666,36.814536833333335,35.11184301614607,-5.904581346861146,23.306889822485623,Before Launch
437,2025-03-20 01:32:40,18.809,1.7880578,1.129,24.781,-119.75019216666666,36.814536833333335,37.704175978154495,-6.5495231785786014,20.23552044896161,Before Launch
438,2025-03-20 01:32:40,18.851,1.30249348,0.444,24.776,-119.75019216666666,36.814536833333335,40.221829249181454,-7.038455097185033,18.044703609797327,Before Launch
439,2025-03-20 01:32:40,18.894,1.5583989999999999,-0.429,24.786,-119.75019216666666,36.814536833333335,44.174005470745065,-5.653018777477783,15.121835607476047,Before Launch
440,2025-03-20 01:32:40,18.937,1.57152236,1.28,24.791,-119.75019216666666,36.814536833333335,44.7623336389612,-5.119580193394825,14.48801362315809,Before Launch
441,2025-03-20 01:32:40,18.979,-0.0164042,0.019,24.788,-119.75019216666666,36.814536833333335,45.910972577746975,-4.811967851820587,12.408881356936583,Before Launch
442,2025-03-20 01:32:40,19.022,2.16863524,1.955,24.788,-119.75019416666666,36.814530500000004,46.78456563034472,-4.798315763390273,11.44497462674385,Before Launch
443,2025-03-20 01:32:40,19.064,0.69225724,0.454,24.773,-119.75019416666666,36.814530500000004,48.33993182846336,-4.692578105555707,10.494877824836342,Before Launch
444,2025-03-20 01:32:40,19.107,1.7880578,1.599,24.781,-119.75019416666666,36.814530500000004,49.22978974794375,-4.066032885816503,9.687785057848597,Before Launch
445,2025-03-20 01:32:40,19.149,2.2736221199999997,1.599,24.778,-119.75019416666666,36.814530500000004,50.98503181512994,-2.6583563147739127,8.201666239403085,Before Launch
446,2025-03-20 01:32:40,19.192,1.0597113200000001,0.688,24.781,-119.75019416666666,36.814530500000004,51.42530793063266,-1.8378970332515105,7.504520809984722,Before Launch
447,2025-03-20 01:32:41,19.234,0.71194228,-0.898,24.788,-119.75019416666666,36.814530500000004,50.75097789746182,-1.6628248287113783,6.348059573151472,Before Launch
448,2025-03-20 01:32:41,19.277,1.9356955999999998,0.595,24.793,-119.75019416666666,36.814530500000004,49.749382008634406,-1.7723561817029263,5.971287564281924,Before Launch
449,2025-03-20 01:32:41,19.325,2.86417332,1.691,24.766,-119.75019416666666,36.814530500000004,47.85827335863761,-2.4906531703617465,5.684129685223552,Before Launch
450,2025-03-20 01:32:41,19.37,2.63779536,1.149,24.778,-119.75019416666666,36.814530500000004,47.28860431937124,-3.6925295645458074,6.107952288355722,Before Launch
451,2025-03-20 01:32:41,19.416,2.40813656,0.467,24.783,-119.75019416666666,36.814530500000004,46.513165027294754,-4.899964620094612,5.9646503101945445,Before Launch
452,2025-03-20 01:32:41,19.46,2.16863524,2.381,24.771,-119.75019416666666,36.814530500000004,46.196764701344044,-6.65878789024799,5.555318109077062,Before Launch
453,2025-03-20 01:32:41,19.502,2.0308399599999998,1.471,24.776,-119.75019416666666,36.814530500000004,45.794756251974725,-7.118051712552922,4.563032348100186,Before Launch
454,2025-03-20 01:32:41,19.545,1.68307092,0.805,24.791,-119.75019416666666,36.814530500000004,45.605856384756414,-5.158341014921012,2.5981596426034352,Before Launch
455,2025-03-20 01:32:41,19.587,0.9547244399999999,0.467,24.788,-119.75019416666666,36.814530500000004,45.831834150597516,-4.464023172185511,2.5384639197100967,Before Launch
456,2025-03-20 01:32:41,19.63,0.3608924,-0.549,24.796,-119.75019416666666,36.814530500000004,45.279457230607875,-3.153800642146327,2.738489323177502,Before Launch
457,2025-03-20 01:32:41,19.672,2.40813656,1.028,24.783,-119.75019416666666,36.814530500000004,44.93209294555616,-2.8077253397253226,3.5795637604125097,Before Launch
458,2025-03-20 01:32:41,19.715,1.20734912,0.137,24.793,-119.75019416666666,36.814530500000004,44.82622936477549,-3.881485888545506,5.7676103311959555,Before Launch
459,2025-03-20 01:32:41,19.758,2.15223104,0.551,24.781,-119.75019416666666,36.814530500000004,44.62529515762151,-5.357642896605209,6.744674881010484,Before Launch
460,2025-03-20 01:32:41,19.8,1.7880578,0.338,24.781,-119.75019416666666,36.814530500000004,44.44664192667497,-6.6605483067743325,8.81145760944411,Before Launch
461,2025-03-20 01:32:41,19.843,1.68307092,0.804,24.793,-119.75019416666666,36.814530500000004,43.908320504507856,-8.203431906457402,10.428333462350912,Before Launch
462,2025-03-20 01:32:41,19.894,0.71194228,-0.992,24.793,-119.75019416666666,36.814530500000004,44.374982223365414,-7.918706569860437,10.235403902970205,Before Launch
463,2025-03-20 01:32:41,19.938,1.0892388800000001,-0.196,24.796,-119.75019416666666,36.814530500000004,44.69030267567005,-7.970910848755904,10.247596004540869,Before Launch
464,2025-03-20 01:32:41,19.981,2.04396332,0.447,24.783,-119.75019416666666,36.814530500000004,44.66555705447025,-8.077379356984107,10.347805959915329,Before Launch
465,2025-03-20 01:32:41,20.023,0.71194228,-0.792,24.788,-119.7501935,36.814535,44.91637561089603,-9.614280767247058,11.06049582681883,Before Launch
466,2025-03-20 01:32:41,20.065,1.44028876,1.341,24.788,-119.7501935,36.814535,45.18155847133551,-10.047483056404719,11.169617704356048,Before Launch
467,2025-03-20 01:32:41,20.108,1.19422576,-0.897,24.786,-119.7501935,36.814535,44.544552845634946,-11.14175240422681,11.436063395281524,Before Launch
468,2025-03-20 01:32:41,20.151,1.5583989999999999,0.797,24.786,-119.7501935,36.814535,43.92068786887996,-11.996136729171484,11.866262248486143,Before Launch
469,2025-03-20 01:32:41,20.193,-0.24934383999999998,-1.876,24.793,-119.7501935,36.814535,42.61056037592961,-14.51735441686273,14.526644596063917,Before Launch
470,2025-03-20 01:32:42,20.236,0.47900264,-1.651,24.793,-119.7501935,36.814535,42.002063502244155,-16.045474955948215,15.611754542386544,Before Launch
471,2025-03-20 01:32:42,20.279,2.16863524,1.02,24.786,-119.7501935,36.814535,41.00568354663299,-17.660148620390714,17.306122614424662,Before Launch
472,2025-03-20 01:32:42,20.321,1.07611552,0.335,24.788,-119.7501935,36.814535,40.71770526108482,-18.271772260109007,17.746704171635955,Before Launch
473,2025-03-20 01:32:42,20.364,1.20734912,-0.67,24.793,-119.7501935,36.814535,40.27461122904736,-18.63705708686932,17.720848878887363,Before Launch
474,2025-03-20 01:32:42,20.406,1.8044620000000002,-0.98,24.788,-119.7501935,36.814535,40.00022505192613,-18.100847929548515,17.480751681515276,Before Launch
475,2025-03-20 01:32:42,20.448,1.5583989999999999,-1.001,24.786,-119.7501935,36.814535,39.57637290801401,-17.308461671841734,17.09649996765929,Before Launch
476,2025-03-20 01:32:42,20.491,2.51640428,0.101,24.781,-119.7501935,36.814535,39.37454341628965,-17.144440765895368,16.677229223805696,Before Launch
477,2025-03-20 01:32:42,20.533,1.7880578,-0.355,24.781,-119.7501935,36.814535,39.0955297477519,-16.524869595760748,16.239174460939765,Before Launch
478,2025-03-20 01:32:42,20.576,1.1811023999999999,-0.791,24.778,-119.7501935,36.814535,39.022096313703734,-16.398530285997634,16.0434547166154,Before Launch
479,2025-03-20 01:32:42,20.619,1.0892388800000001,-0.553,24.796,-119.7501935,36.814535,38.83196585541739,-15.924216848809003,16.2440295792256,Before Launch
480,2025-03-20 01:32:42,20.661,1.57152236,0.574,24.793,-119.7501935,36.814535,38.85050234551033,-15.59073927232661,16.324550335810155,Before Launch
481,2025-03-20 01:32:42,20.704,0.22637796000000002,-0.125,24.791,-119.7501935,36.814535,38.48730635595785,-15.3570583721363,16.537273576652574,Before Launch
482,2025-03-20 01:32:42,20.746,2.77559064,0.342,24.791,-119.7501935,36.814535,38.310189279930654,-15.192815074393055,16.621162925777757,Before Launch
483,2025-03-20 01:32:42,20.789,0.3608924,-0.788,24.796,-119.7501935,36.814535,38.01224531033664,-15.247660576393029,16.564248487559595,Before Launch
484,2025-03-20 01:32:42,20.832,1.2139108,-0.874,24.801,-119.7501935,36.814535,38.02119572192192,-15.306751012337243,16.521531652913495,Before Launch
485,2025-03-20 01:32:42,20.874,1.31889768,-0.437,24.791,-119.7501935,36.814535,38.15512860288639,-15.333521691794125,16.452423392090726,Before Launch
486,2025-03-20 01:32:42,20.916,1.69619428,0.012,24.798,-119.7501935,36.814535,38.062003462181934,-15.453290690012823,16.33341969559129,Before Launch
487,2025-03-20 01:32:42,20.959,0.72506564,0.012,24.796,-119.7501935,36.814535,37.640873218963925,-15.310695445163088,16.51675735330251,Before Launch
488,2025-03-20 01:32:42,21.002,1.8044620000000002,0.672,24.788,-119.7501935,36.814535,37.490111400652516,-15.243392822591828,16.670615758191044,Before Launch
489,2025-03-20 01:32:42,21.045,1.20734912,-0.786,24.793,-119.75019266666666,36.814536333333336,37.28532746455119,-14.991856302520866,16.915441990326514,Before Launch
490,2025-03-20 01:32:42,21.088,1.45341212,0.696,24.796,-119.75019266666666,36.814536333333336,37.335111547604875,-14.950613306137566,16.889387475018253,Before Launch
491,2025-03-20 01:32:42,21.136,0.3608924,-1.008,24.796,-119.75019266666666,36.814536333333336,37.363732573932424,-14.764314250635284,16.733021074170637,Before Launch
492,2025-03-20 01:32:42,21.182,1.0892388800000001,-0.098,24.788,-119.75019266666666,36.814536333333336,37.610985263932335,-14.391358435717544,16.482787035386764,Before Launch
493,2025-03-20 01:32:43,21.227,1.57152236,0.012,24.793,-119.75019266666666,36.814536333333336,37.87602298219923,-14.247191406735618,16.349675878901518,Before Launch
494,2025-03-20 01:32:43,21.272,-0.00328084,0.228,24.796,-119.75019266666666,36.814536333333336,38.13111279639405,-14.297166332030674,16.199814675368483,Before Launch
495,2025-03-20 01:32:43,21.314,0.11482940000000001,-0.338,24.793,-119.75019266666666,36.814536333333336,38.13736431265347,-14.356392543329154,16.159540476845237,Before Launch
496,2025-03-20 01:32:43,21.357,0.72506564,-1.339,24.796,-119.75019266666666,36.814536333333336,37.902056983177054,-14.48258638308978,16.177359354270735,Before Launch
497,2025-03-20 01:32:43,21.399,2.1489502000000003,0.995,24.773,-119.75019266666666,36.814536333333336,37.78560111534521,-14.45343160279108,16.185905779529367,Before Launch
498,2025-03-20 01:32:43,21.442,0.34776904,-0.797,24.788,-119.75019266666666,36.814536333333336,37.91882997644655,-15.023782140551866,15.742582678904418,Before Launch
499,2025-03-20 01:32:43,21.485,1.20734912,-0.553,24.793,-119.75019266666666,36.814536333333336,38.43523752980191,-15.812992991836735,14.959553575749347,Before Launch
500,2025-03-20 01:32:43,21.528,0.72506564,-0.772,24.796,-119.75019266666666,36.814536333333336,39.835416807140675,-17.843311792131782,12.570272012322942,Before Launch
501,2025-03-20 01:32:43,21.57,1.83070872,-0.635,24.803,-119.75019266666666,36.814536333333336,41.34566659200868,-18.033123028889026,11.532779817474998,Before Launch
502,2025-03-20 01:32:43,21.612,0.12139108,-1.545,24.801,-119.75019266666666,36.814536333333336,44.36398947927124,-19.147026704781965,11.189780654620506,Before Launch
503,2025-03-20 01:32:43,21.655,0.23950132,-0.873,24.798,-119.75019266666666,36.814536333333336,46.729403909153085,-20.409932822270658,10.975951394537296,Before Launch
504,2025-03-20 01:32:43,21.697,-1.44685044,-2.353,24.798,-119.75019266666666,36.814536333333336,49.344843201311065,-22.861329274739546,11.183761095806489,Before Launch
505,2025-03-20 01:32:43,21.739,1.81758536,0.228,24.796,-119.75019266666666,36.814536333333336,50.49403878708787,-22.310485411398282,10.440066732639641,Before Launch
506,2025-03-20 01:32:43,21.782,1.45341212,1.138,24.796,-119.75019266666666,36.814536333333336,53.58497115667271,-22.148433949217075,7.179490958268707,Before Launch
507,2025-03-20 01:32:43,21.824,0.48556432,-2.124,24.801,-119.75019266666666,36.814536333333336,55.18797702263892,-20.773414737328668,5.959696997587838,Before Launch
508,2025-03-20 01:32:43,21.867,1.2139108,0.791,24.801,-119.75019266666666,36.814536333333336,58.543899540882485,-16.957133050483485,3.9866428501264344,Before Launch
509,2025-03-20 01:32:43,21.909,0.00984252,-1.118,24.803,-119.75019266666666,36.814536333333336,60.00486227787637,-15.470332111166256,2.233100182855334,Before Launch
510,2025-03-20 01:32:43,21.952,0.60367456,-0.663,24.798,-119.75019266666666,36.814536333333336,64.46586402689502,-10.906290855732406,-1.9537569208012968,Before Launch
511,2025-03-20 01:32:43,21.994,1.69619428,0.0,24.798,-119.75019266666666,36.814536333333336,66.9911817049785,-4.00961542860646,-4.980292435289556,Before Launch
512,2025-03-20 01:32:43,22.037,1.69619428,0.901,24.798,-119.7501925,36.814533,72.16678730208842,3.0783834705641864,-9.437353892236716,Before Launch
513,2025-03-20 01:32:43,22.079,0.12139108,-1.563,24.801,-119.7501925,36.814533,72.70817216912442,5.768924962323216,-10.806360068510411,Before Launch
514,2025-03-20 01:32:43,22.122,1.69619428,0.454,24.798,-119.7501925,36.814533,71.69169382439503,13.298789367613884,-12.417710283272497,Before Launch
515,2025-03-20 01:32:43,22.164,-0.00328084,-1.354,24.796,-119.7501925,36.814533,71.18295225969722,16.025283057170732,-13.016656995007475,Before Launch
516,2025-03-20 01:32:44,22.207,0.72506564,0.34,24.796,-119.7501925,36.814533,72.96447645325989,26.46939138611979,-14.172047691678394,Before Launch
517,2025-03-20 01:32:44,22.249,1.67979008,0.553,24.788,-119.7501925,36.814533,74.2915162313841,34.05546612304761,-15.441106657615354,Before Launch
518,2025-03-20 01:32:44,22.292,1.1023622400000002,-0.441,24.803,-119.7501925,36.814533,77.64502833290092,51.32791004622181,-20.39280349685565,Before Launch
519,2025-03-20 01:32:44,22.334,0.58727036,0.556,24.783,-119.7501925,36.814533,79.77153094937857,57.91041287126818,-22.52937664942087,Before Launch
520,2025-03-20 01:32:44,22.376,1.31889768,1.134,24.791,-119.7501925,36.814533,80.70995414815994,66.92851494036313,-28.438719460465666,Before Launch
521,2025-03-20 01:32:44,22.419,1.5452756399999998,0.772,24.778,-119.7501925,36.814533,80.06459023963178,69.90579476767486,-30.781750162635326,Before Launch
522,2025-03-20 01:32:44,22.461,0.84317588,-1.23,24.793,-119.7501925,36.814533,79.15064140900799,73.02735517399819,-34.5733387454929,Before Launch
523,2025-03-20 01:32:44,22.504,1.44028876,1.029,24.788,-119.7501925,36.814533,78.83352277971612,72.70220137392756,-35.1819385503238,Before Launch
524,2025-03-20 01:32:44,22.548,0.3608924,-0.796,24.796,-119.7501925,36.814533,77.64229285294866,74.60808594858108,-38.14551951418549,Before Launch
525,2025-03-20 01:32:44,22.59,0.72506564,0.0,24.796,-119.7501925,36.814533,77.31333364455385,74.90821042245044,-39.89530335411357,Before Launch
526,2025-03-20 01:32:44,22.633,1.57152236,-0.244,24.791,-119.7501925,36.814533,75.74207240531487,75.13591175314164,-43.00329611016344,Before Launch
527,2025-03-20 01:32:44,22.676,1.44028876,1.24,24.788,-119.7501925,36.814533,75.20555037370185,76.0400768119698,-46.273667100213345,Before Launch
528,2025-03-20 01:32:44,22.719,1.33202104,1.027,24.798,-119.7501925,36.814533,74.5116407214976,76.79688363671772,-51.16475172314134,Before Launch
529,2025-03-20 01:32:44,22.761,1.20734912,2.495,24.793,-119.7501925,36.814533,74.53549518206538,76.96229413583164,-52.7356061268438,Before Launch
530,2025-03-20 01:32:44,22.804,1.0892388800000001,-0.684,24.796,-119.7501925,36.814533,73.96711988031126,77.38030752735706,-55.91925472784643,Before Launch
531,2025-03-20 01:32:44,22.847,1.19422576,-0.243,24.786,-119.7501925,36.814533,73.19349286232116,77.93758514516875,-57.380887044516534,Before Launch
532,2025-03-20 01:32:44,22.889,2.4114174,1.808,24.791,-119.7501925,36.814533,69.98931825918055,79.66423845866555,-60.310248609627045,Before Launch
533,2025-03-20 01:32:44,22.932,0.23950132,-0.915,24.798,-119.7501925,36.814533,67.85916793633947,79.9622307335132,-61.353825368545465,Before Launch
534,2025-03-20 01:32:44,22.975,1.68307092,1.57,24.791,-119.7501925,36.814533,63.21901518801173,80.41570242890799,-65.29885795450247,Before Launch
535,2025-03-20 01:32:44,23.017,1.0892388800000001,0.456,24.798,-119.7501925,36.814533,60.40952342298419,81.71697059861623,-70.07346324844711,Before Launch
536,2025-03-20 01:32:44,23.068,0.23950132,-1.356,24.798,-119.75019316666666,36.8145255,61.550366315250535,82.95948997296142,-72.3004119869444,Before Launch
537,2025-03-20 01:32:44,23.111,2.06036752,0.339,24.798,-119.75019316666666,36.8145255,66.20008422523551,85.43848617694339,-74.37589392858251,Before Launch
538,2025-03-20 01:32:44,23.153,2.54593184,2.257,24.796,-119.75019316666666,36.8145255,71.27474165649392,86.85680980637123,-74.65831640681634,Before Launch
539,2025-03-20 01:32:44,23.196,0.00984252,-1.57,24.793,-119.75019316666666,36.8145255,78.71629396669324,88.96298955699243,-76.17645810111894,Before Launch
540,2025-03-20 01:32:45,23.239,0.72506564,0.678,24.796,-119.75019316666666,36.8145255,81.34675495944191,89.20682000296513,-77.1537375055546,Before Launch
541,2025-03-20 01:32:45,23.282,0.84973756,0.116,24.801,-119.75019316666666,36.8145255,84.85924518407046,89.88715293814508,-78.35490759845166,Before Launch
542,2025-03-20 01:32:45,23.324,0.738189,-0.876,24.803,-119.75019316666666,36.8145255,85.7617332588388,90.14111471306995,-78.30035414437307,Before Launch
543,2025-03-20 01:32:45,23.367,1.20734912,0.098,24.793,-119.75019316666666,36.8145255,84.9679580147392,90.2709994663947,-78.945552886446,Before Launch
544,2025-03-20 01:32:45,23.409,1.45341212,0.806,24.796,-119.75019316666666,36.8145255,82.10450885121047,89.97664642682717,-79.43572781363588,Before Launch
545,2025-03-20 01:32:45,23.452,1.57808404,0.241,24.796,-119.75019316666666,36.8145255,76.00733485050523,88.7700833080575,-79.40614194085494,Before Launch
546,2025-03-20 01:32:45,23.494,1.9356955999999998,0.363,24.793,-119.75019316666666,36.8145255,73.65970518849288,88.43652612662274,-79.41542861798509,Before Launch
547,2025-03-20 01:32:45,23.537,0.98097116,0.128,24.805,-119.75019316666666,36.8145255,70.31148676234872,88.03633884784173,-79.48721372614133,Before Launch
548,2025-03-20 01:32:45,23.58,-0.24278216,-1.564,24.801,-119.75019316666666,36.8145255,69.19553762156121,87.77270494481442,-79.57652528030913,Before Launch
549,2025-03-20 01:32:45,23.63,1.81758536,1.346,24.811,-119.75019316666666,36.8145255,68.27360156839578,87.65555787208037,-79.56847353777792,Before Launch
550,2025-03-20 01:32:45,23.675,1.69619428,0.895,24.798,-119.75019316666666,36.8145255,67.45105189063302,87.43893940957093,-79.60730827910326,Before Launch
551,2025-03-20 01:32:45,23.718,2.7591864399999997,1.095,24.776,-119.75019316666666,36.8145255,67.34900900842065,87.39548199552661,-79.6231230928244,Before Launch
552,2025-03-20 01:32:45,23.76,1.1023622400000002,-0.312,24.803,-119.75019316666666,36.8145255,67.62816293906319,87.45440213490608,-79.46453497423478,Before Launch
553,2025-03-20 01:32:45,23.803,-0.24278216,-1.453,24.801,-119.75019316666666,36.8145255,67.77657892256285,87.4417550492042,-79.40360210246988,Before Launch
554,2025-03-20 01:32:45,23.845,-0.00328084,-1.117,24.796,-119.75019316666666,36.8145255,67.89446225254214,87.36656338259327,-79.41645254932885,Before Launch
555,2025-03-20 01:32:45,23.887,0.60367456,-0.448,24.798,-119.75019316666666,36.8145255,68.04375191536892,87.40895218802318,-79.53750375875332,Before Launch
556,2025-03-20 01:32:45,23.93,0.61679792,-0.533,24.805,-119.75019316666666,36.8145255,68.09763723554843,87.37375240476541,-79.4336336409996,Before Launch
557,2025-03-20 01:32:45,23.973,0.37401576000000003,-1.88,24.803,-119.75019316666666,36.8145255,68.02755255399883,87.33434174616193,-79.35267262982636,Before Launch
558,2025-03-20 01:32:45,24.015,0.84973756,0.563,24.801,-119.75019316666666,36.8145255,68.3534395881696,87.3207045332826,-79.28185576546907,Before Launch
559,2025-03-20 01:32:45,24.058,1.33202104,-0.324,24.798,-119.75019316666666,36.8145255,68.645463975512,87.32093610070567,-79.25576774098576,Before Launch
560,2025-03-20 01:32:45,24.101,0.5905511999999999,-0.46,24.791,-119.75019316666666,36.8145255,68.95446568342332,87.19473643171054,-78.89272822475955,Before Launch
561,2025-03-20 01:32:45,24.143,2.54593184,2.146,24.791,-119.750193,36.81452916666667,69.01948072447254,87.24970677972624,-78.85799812292237,Before Launch
562,2025-03-20 01:32:45,24.185,1.8044620000000002,-0.238,24.788,-119.750193,36.81452916666667,68.9806848687391,87.1382005775998,-78.41907178575806,Before Launch
563,2025-03-20 01:32:46,24.228,1.0892388800000001,-1.355,24.796,-119.750193,36.81452916666667,69.1760590478163,86.98618550937077,-78.2461328638364,Before Launch
564,2025-03-20 01:32:46,24.27,1.68307092,1.558,24.803,-119.750193,36.81452916666667,69.43598605352234,86.65310354031269,-77.67607023112622,Before Launch
565,2025-03-20 01:32:46,24.313,1.07611552,0.327,24.788,-119.750193,36.81452916666667,69.49781844792619,86.6980547102132,-77.8160238232066,Before Launch
566,2025-03-20 01:32:46,24.355,1.69619428,0.789,24.798,-119.750193,36.81452916666667,69.23886013233526,86.63947769409702,-77.8091857576608,Before Launch
567,2025-03-20 01:32:46,24.397,1.0892388800000001,0.327,24.796,-119.750193,36.81452916666667,69.07033369120357,86.64885402368039,-77.65967539293709,Before Launch
568,2025-03-20 01:32:46,24.448,1.45341212,0.228,24.791,-119.750193,36.81452916666667,69.17275807709953,86.51689509492095,-77.26036997663998,Before Launch
569,2025-03-20 01:32:46,24.491,0.61679792,-0.773,24.805,-119.750193,36.81452916666667,69.35137491061344,86.30946302842354,-76.8718727009374,Before Launch
570,2025-03-20 01:32:46,24.535,0.00984252,-1.448,24.803,-119.750193,36.81452916666667,69.26734419315231,86.21491132056745,-76.9283959722627,Before Launch
571,2025-03-20 01:32:46,24.577,1.8044620000000002,-0.121,24.788,-119.750193,36.81452916666667,69.14637074371798,86.08473956240604,-76.46326319341745,Before Launch
572,2025-03-20 01:32:46,24.62,2.29986884,1.218,24.793,-119.750193,36.81452916666667,69.13506554121611,86.02743102409971,-76.42233702400452,Before Launch
573,2025-03-20 01:32:46,24.662,1.33202104,1.455,24.798,-119.750193,36.81452916666667,69.4692920526978,86.03628528156226,-76.5298431149397,Before Launch
574,2025-03-20 01:32:46,24.705,0.37401576000000003,-1.343,24.798,-119.750193,36.81452916666667,69.22455403643006,85.88621914318043,-76.24843108002618,Before Launch
575,2025-03-20 01:32:46,24.747,-0.6069554,-2.148,24.801,-119.750193,36.81452916666667,69.2861275076327,85.54485293537685,-75.57272057613318,Before Launch
576,2025-03-20 01:32:46,24.789,-0.47244095999999997,-3.017,24.805,-119.750193,36.81452916666667,69.32417906993501,85.3682369736331,-75.2490701129905,Before Launch
577,2025-03-20 01:32:46,24.832,1.0892388800000001,-0.012,24.793,-119.750193,36.81452916666667,69.241535652854,85.25045764566639,-75.07556739638244,Before Launch
578,2025-03-20 01:32:46,24.874,1.33202104,1.47,24.798,-119.750193,36.81452916666667,69.15188299982194,85.16457129893622,-75.05726250866185,Before Launch
579,2025-03-20 01:32:46,24.917,2.28674548,2.136,24.786,-119.750193,36.81452916666667,68.81694662517955,85.04439041160418,-74.70311550856617,Before Launch
580,2025-03-20 01:32:46,24.96,1.67979008,1.003,24.783,-119.750193,36.81452916666667,68.74214982225202,84.99346459098727,-74.53511363719225,Before Launch
581,2025-03-20 01:32:46,25.002,-0.6069554,-1.142,24.801,-119.750193,36.81452916666667,68.46658977645004,84.89306147977946,-74.46885245742948,Before Launch
582,2025-03-20 01:32:46,25.045,1.4665354800000001,1.019,24.803,-119.75018866666667,36.8145285,68.21563907857066,84.879186193695,-74.6708995417189,Before Launch
583,2025-03-20 01:32:46,25.088,-0.48884516,-1.248,24.798,-119.75018866666667,36.8145285,68.0742683019452,84.85235167557538,-74.50212025223794,Before Launch
584,2025-03-20 01:32:46,25.13,0.84973756,-0.45,24.801,-119.75018866666667,36.8145285,68.31605130694503,84.80591171249758,-74.51711376444374,Before Launch
585,2025-03-20 01:32:46,25.18,1.33202104,0.687,24.798,-119.75018866666667,36.8145285,68.27365469098591,84.75138983089998,-74.18659521913688,Before Launch
586,2025-03-20 01:32:47,25.224,0.00984252,-2.346,24.803,-119.75018866666667,36.8145285,68.41266914736076,84.61350837060787,-73.96761450602379,Before Launch
587,2025-03-20 01:32:47,25.266,0.12139108,-1.557,24.801,-119.75018866666667,36.8145285,68.56391240350834,84.59015791347817,-73.95500571970265,Before Launch
588,2025-03-20 01:32:47,25.309,0.49868767999999997,-0.546,24.808,-119.75018866666667,36.8145285,68.77211068370417,84.51032561940924,-73.67047723626253,Before Launch
589,2025-03-20 01:32:47,25.352,-0.12467191999999999,-1.671,24.798,-119.75018866666667,36.8145285,68.8568732592176,84.44628934103265,-73.45828034970494,Before Launch
590,2025-03-20 01:32:47,25.394,-0.6069554,-1.557,24.805,-119.75018866666667,36.8145285,69.07528913446392,84.40899642119888,-73.11118744706006,Before Launch
591,2025-03-20 01:32:47,25.437,0.9678477999999999,-0.673,24.798,-119.75018866666667,36.8145285,69.13879637345823,84.39005130480868,-73.02864619837749,Before Launch
592,2025-03-20 01:32:47,25.479,0.84973756,-0.221,24.801,-119.75018866666667,36.8145285,69.25946512817882,84.31070332569239,-72.74773150612384,Before Launch
593,2025-03-20 01:32:47,25.522,1.0892388800000001,-0.339,24.796,-119.75018866666667,36.8145285,69.37462139032249,84.26143309174702,-72.57321478188251,Before Launch
594,2025-03-20 01:32:47,25.564,-1.21719164,-1.709,24.798,-119.75018866666667,36.8145285,69.59994573045559,84.23742306859153,-72.61138482382238,Before Launch
595,2025-03-20 01:32:47,25.607,0.12139108,0.104,24.801,-119.75018866666667,36.8145285,69.79932421406879,84.22211299028174,-72.43928120151342,Before Launch
596,2025-03-20 01:32:47,25.649,1.1023622400000002,-0.655,24.803,-119.75018866666667,36.8145285,70.01878404696205,84.1826811120943,-72.06732251032285,Before Launch
597,2025-03-20 01:32:47,25.692,-0.24278216,-2.372,24.801,-119.75018866666667,36.8145285,70.1732792396456,84.14303039956269,-71.91812551989885,Before Launch
598,2025-03-20 01:32:47,25.735,1.0892388800000001,-0.226,24.796,-119.75018866666667,36.8145285,70.18170725970836,84.03131512022978,-71.74352401730455,Before Launch
599,2025-03-20 01:32:47,25.777,0.00984252,-0.34,24.803,-119.75018866666667,36.8145285,69.99298785124385,83.92046904609631,-71.67583191726273,Before Launch
600,2025-03-20 01:32:47,25.82,0.13451444,0.691,24.808,-119.75018866666667,36.8145285,69.64936830661325,83.83887587827608,-71.36649089826496,Before Launch
601,2025-03-20 01:32:47,25.862,1.81758536,2.134,24.796,-119.75018866666667,36.8145285,69.60379946480066,83.8411969100841,-71.43784968922245,Before Launch
602,2025-03-20 01:32:47,25.905,0.00984252,-1.006,24.803,-119.75018866666667,36.8145285,69.62748021259375,83.88406551112566,-71.25614584241643,Before Launch
603,2025-03-20 01:32:47,25.947,1.95538064,0.581,24.808,-119.75018866666667,36.8145285,69.62932979729477,83.89323677371934,-71.09977844805128,Before Launch
604,2025-03-20 01:32:47,25.995,0.60367456,-1.561,24.798,-119.75018866666667,36.8145285,69.87234897460495,83.87677638467923,-71.14321416267825,Before Launch
605,2025-03-20 01:32:47,26.039,1.70931764,0.027,24.805,-119.75018866666667,36.8145285,70.43446574039805,83.83914574370934,-71.0099987912148,Before Launch
606,2025-03-20 01:32:47,26.084,-0.24278216,0.337,24.803,-119.75018866666667,36.8145285,70.91443536196775,83.8896962370374,-70.85971735377764,Before Launch
607,2025-03-20 01:32:47,26.127,1.2139108,-0.233,24.801,-119.75018816666666,36.814527,71.75832856871439,83.9540443439301,-70.53938147318756,Before Launch
608,2025-03-20 01:32:47,26.169,0.84973756,1.238,24.801,-119.75018816666666,36.814527,72.00558210227837,84.00187276668782,-70.43205255384926,Before Launch
609,2025-03-20 01:32:48,26.212,0.37729660000000004,-0.437,24.803,-119.75018816666666,36.814527,72.22811419222278,84.01559962619088,-69.88467835548958,Before Launch
610,2025-03-20 01:32:48,26.254,0.86286092,-0.437,24.808,-119.75018816666666,36.814527,72.04036544403561,83.92649433338597,-69.81656220575584,Before Launch
611,2025-03-20 01:32:48,26.297,1.1023622400000002,1.018,24.803,-119.75018816666666,36.814527,71.49198485289013,83.64713971347236,-69.433023205738,Before Launch
612,2025-03-20 01:32:48,26.339,-0.10826772,-0.214,24.805,-119.75018816666666,36.814527,71.11993502524946,83.56810936326761,-69.27655714801946,Before Launch
613,2025-03-20 01:32:48,26.385,1.3451444,0.787,24.805,-119.75018816666666,36.814527,70.70927044793449,83.48436661682099,-69.12052677630783,Before Launch
614,2025-03-20 01:32:48,26.428,0.98097116,1.028,24.805,-119.75018816666666,36.814527,70.60764335815001,83.3968781547202,-68.87841047358748,Before Launch
615,2025-03-20 01:32:48,26.47,0.61679792,1.137,24.805,-119.75018816666666,36.814527,70.78008676406544,83.26968683300527,-68.58511834842551,Before Launch
616,2025-03-20 01:32:48,26.512,1.1023622400000002,0.125,24.803,-119.75018816666666,36.814527,71.33216889532163,83.33002007998117,-68.39495289287878,Before Launch
617,2025-03-20 01:32:48,26.555,0.84973756,0.0,24.801,-119.75018816666666,36.814527,71.7370146448887,83.26094392984174,-67.03861706534636,Before Launch
618,2025-03-20 01:32:48,26.598,-0.10826772,-1.113,24.805,-119.75018816666666,36.814527,71.55572839856819,82.86682691127001,-65.60117663399436,Before Launch
619,2025-03-20 01:32:48,26.64,0.738189,1.817,24.803,-119.75018816666666,36.814527,71.13434726539448,82.39344217105207,-64.39300943335653,Before Launch
620,2025-03-20 01:32:48,26.683,0.00984252,-0.104,24.803,-119.75018816666666,36.814527,70.88242606776197,81.90750688507696,-63.46445903778749,Before Launch
621,2025-03-20 01:32:48,26.726,-0.22965880000000002,-1.237,24.811,-119.75018816666666,36.814527,70.56297361133984,80.80934026250837,-61.36230657982207,Before Launch
622,2025-03-20 01:32:48,26.768,1.57152236,1.686,24.793,-119.75018816666666,36.814527,70.53253284397461,80.52927339523961,-60.47231175562214,Before Launch
623,2025-03-20 01:32:48,26.811,1.1023622400000002,0.012,24.803,-119.75018816666666,36.814527,71.05324768894282,79.48064632131356,-56.21049072306933,Before Launch
624,2025-03-20 01:32:48,26.853,1.1023622400000002,1.015,24.803,-119.75018816666666,36.814527,71.00559229355183,78.49398094330651,-52.962414515039804,Before Launch
625,2025-03-20 01:32:48,26.896,1.2139108,1.003,24.801,-119.75018816666666,36.814527,70.54564792697725,76.03291662165816,-46.8460503045599,Before Launch
626,2025-03-20 01:32:48,26.939,0.49868767999999997,-1.225,24.808,-119.75018816666666,36.814527,70.77851331757934,74.47852881584171,-42.92167868616844,Before Launch
627,2025-03-20 01:32:48,26.981,0.01312336,0.003,24.813,-119.75018816666666,36.814527,68.97288872556791,68.65532679121947,-34.55989804131158,Before Launch
628,2025-03-20 01:32:48,27.024,-0.58070868,-2.355,24.815,-119.7501865,36.814525833333335,68.05450174866843,64.6979112781636,-30.55045589529896,Before Launch
629,2025-03-20 01:32:48,27.066,0.98753284,0.358,24.813,-119.7501865,36.814525833333335,69.1312743486917,55.984053743933046,-21.13913776461674,Before Launch
630,2025-03-20 01:32:48,27.109,-0.22965880000000002,-1.812,24.815,-119.7501865,36.814525833333335,69.48911485466152,50.650416249498846,-16.517985540758882,Before Launch
631,2025-03-20 01:32:48,27.152,0.01312336,0.24,24.811,-119.7501865,36.814525833333335,69.52599663422374,33.845914928569336,-7.29514946395764,Before Launch
632,2025-03-20 01:32:49,27.194,0.029527559999999998,-1.11,24.805,-119.7501865,36.814525833333335,69.05961476791009,11.036255431141887,3.1901514833932936,Before Launch
633,2025-03-20 01:32:49,27.244,1.57808404,0.678,24.801,-119.7501865,36.814525833333335,68.51001113422225,0.16565963528032768,7.9309011013462545,Before Launch
634,2025-03-20 01:32:49,27.288,0.738189,0.335,24.803,-119.7501865,36.814525833333335,67.86806715739962,-18.70781838016271,16.629290294743832,Before Launch
635,2025-03-20 01:32:49,27.33,1.5912074,0.677,24.808,-119.7501865,36.814525833333335,67.45923001085426,-27.14277980592079,20.718167841970033,Before Launch
636,2025-03-20 01:32:49,27.372,0.86286092,-0.223,24.808,-119.7501865,36.814525833333335,66.45971158073581,-40.444340926212504,27.792270187832948,Before Launch
637,2025-03-20 01:32:49,27.415,0.01312336,0.113,24.808,-119.7501865,36.814525833333335,65.9036780265306,-45.47855901254319,31.34809095770219,Before Launch
638,2025-03-20 01:32:49,27.458,-0.46916011999999996,-1.691,24.813,-119.7501865,36.814525833333335,64.02298586728013,-53.344726156675065,38.51479854337399,Before Launch
639,2025-03-20 01:32:49,27.5,1.24015752,0.242,24.815,-119.7501865,36.814525833333335,63.28192522582326,-56.60323670366604,41.7803373394171,Before Launch
640,2025-03-20 01:32:49,27.542,0.01312336,-0.563,24.811,-119.7501865,36.814525833333335,60.85120797996081,-61.75192343620182,48.2843176776074,Before Launch
641,2025-03-20 01:32:49,27.585,0.37729660000000004,-0.676,24.811,-119.7501865,36.814525833333335,59.32111845040469,-63.76618692273156,51.969708839065134,Before Launch
642,2025-03-20 01:32:49,27.628,-0.35104988,-1.119,24.811,-119.7501865,36.814525833333335,56.28072494928033,-66.17670846523062,57.6991791046564,Before Launch
643,2025-03-20 01:32:49,27.67,0.01312336,0.113,24.811,-119.7501865,36.814525833333335,55.03770372520253,-67.20651127806073,60.44605429165484,Before Launch
644,2025-03-20 01:32:49,27.713,0.6233596,-0.107,24.813,-119.7501865,36.814525833333335,50.28717372197226,-68.25862363114412,65.51237429699384,Before Launch
645,2025-03-20 01:32:49,27.755,-0.83333336,-0.787,24.813,-119.7501865,36.814525833333335,47.674202809835386,-68.85096813078151,67.8961069204046,Before Launch
646,2025-03-20 01:32:49,27.798,0.14763779999999999,0.352,24.815,-119.7501865,36.814525833333335,43.11378585194062,-70.09252919072652,71.11248733695894,Before Launch
647,2025-03-20 01:32:49,27.84,-0.21653544,-1.668,24.815,-119.7501865,36.814525833333335,41.5000236033652,-70.49818372160479,72.11637395827033,Before Launch
648,2025-03-20 01:32:49,27.882,1.1056430800000001,0.003,24.811,-119.7501865,36.814525833333335,37.584333096064775,-71.06466866494196,74.25712744417794,Before Launch
649,2025-03-20 01:32:49,27.926,-0.22965880000000002,-1.241,24.808,-119.7501865,36.814525833333335,36.159738293875385,-71.39718800221917,75.39588806688404,Before Launch
650,2025-03-20 01:32:49,27.968,1.5912074,0.352,24.808,-119.7501865,36.814525833333335,33.386915435140864,-72.09093811287251,77.57467856178127,Before Launch
651,2025-03-20 01:32:49,28.01,-0.10498688,-0.564,24.813,-119.7501865,36.814525833333335,32.23506202162876,-72.75449318420982,78.54747075341908,Before Launch
652,2025-03-20 01:32:49,28.053,0.74146984,0.679,24.811,-119.75018683333333,36.8145275,27.051113154642202,-74.27479854501117,81.39249538578692,Before Launch
653,2025-03-20 01:32:49,28.096,1.95538064,2.366,24.805,-119.75018683333333,36.8145275,23.824776396071513,-74.7929647191808,83.2547243316535,Before Launch
654,2025-03-20 01:32:49,28.139,0.61679792,-0.346,24.805,-119.75018683333333,36.8145275,17.889072992895613,-75.58393286023897,86.15442009441361,Before Launch
655,2025-03-20 01:32:49,28.181,-0.35104988,-0.113,24.811,-119.75018683333333,36.8145275,14.715092556033344,-75.96037061761764,87.17195465706955,Before Launch
656,2025-03-20 01:32:50,28.224,0.37729660000000004,0.34,24.811,-119.75018683333333,36.8145275,9.585826267617888,-76.2489067199802,88.32065401716213,Before Launch
657,2025-03-20 01:32:50,28.266,0.8759842800000001,0.79,24.815,-119.75018683333333,36.8145275,6.491737582390458,-76.62318856484353,89.93324929886924,Before Launch
658,2025-03-20 01:32:50,28.317,0.37729660000000004,-1.119,24.811,-119.75018683333333,36.8145275,4.68378871265212,-76.805239157216,90.24177034400674,Before Launch
659,2025-03-20 01:32:50,28.363,0.25918636,-0.446,24.813,-119.75018683333333,36.8145275,-3.3072652159603724,-76.7904816497236,91.87329395854577,Before Launch
660,2025-03-20 01:32:50,28.406,0.37401576000000003,-1.131,24.803,-119.75018683333333,36.8145275,-7.28529047357393,-76.85929886506383,92.60387079449869,Before Launch
661,2025-03-20 01:32:50,28.45,-0.22965880000000002,-1.013,24.811,-119.75018683333333,36.8145275,-14.12747846853979,-77.22155452682668,94.71407943603735,Before Launch
662,2025-03-20 01:32:50,28.492,0.48556432,0.439,24.801,-119.75018683333333,36.8145275,-17.03773718855386,-77.45614683541156,95.56198608935502,Before Launch
663,2025-03-20 01:32:50,28.534,0.74146984,1.125,24.811,-119.75018683333333,36.8145275,-20.918764244420995,-77.57096759461668,96.00066295652255,Before Launch
664,2025-03-20 01:32:50,28.577,1.24015752,0.0,24.815,-119.75018683333333,36.8145275,-22.494666104338553,-77.61194216851808,96.2351802901107,Before Launch
665,2025-03-20 01:32:50,28.62,-0.22965880000000002,-0.225,24.808,-119.75018683333333,36.8145275,-24.511702631375712,-77.77847530511329,96.53292122058285,Before Launch
666,2025-03-20 01:32:50,28.662,-0.21653544,-0.551,24.815,-119.75018683333333,36.8145275,-25.66061469337065,-77.72157383464604,96.7719107798573,Before Launch
667,2025-03-20 01:32:50,28.705,0.49868767999999997,0.789,24.808,-119.75018683333333,36.8145275,-28.43034649298529,-77.66639355348322,97.903704280635,Before Launch
668,2025-03-20 01:32:50,28.747,-0.95800528,-0.902,24.808,-119.75018683333333,36.8145275,-29.729343605685248,-77.59104859831838,98.39133259830597,Before Launch
669,2025-03-20 01:32:50,28.791,0.49868767999999997,-0.116,24.808,-119.75018683333333,36.8145275,-31.374559058898694,-77.35735928945516,98.97790289596007,Before Launch
670,2025-03-20 01:32:50,28.834,0.86286092,1.572,24.818,-119.75018683333333,36.8145275,-32.00155062454015,-77.2684727765899,99.39014297475535,Before Launch
671,2025-03-20 01:32:50,28.877,0.86286092,0.663,24.808,-119.75018683333333,36.8145275,-32.43822742264329,-76.9533485327828,99.65586542218122,Before Launch
672,2025-03-20 01:32:50,28.919,0.14763779999999999,0.338,24.815,-119.75018683333333,36.8145275,-32.72157718386236,-76.80689740211817,99.79907547483617,Before Launch
673,2025-03-20 01:32:50,28.961,0.39370079999999996,-0.66,24.818,-119.75018683333333,36.8145275,-34.40724335603955,-76.5932217546533,100.26202953955622,Before Launch
674,2025-03-20 01:32:50,29.004,1.24015752,1.363,24.815,-119.75018683333333,36.8145275,-35.14711755716756,-76.54667688576887,100.45750921345946,Before Launch
675,2025-03-20 01:32:50,29.046,1.24015752,-0.326,24.815,-119.7501835,36.814531833333334,-35.64847334778409,-76.19895356473432,100.7060745230413,Before Launch
676,2025-03-20 01:32:50,29.088,-0.33464568,-0.213,24.818,-119.7501835,36.814531833333334,-35.80214482763564,-76.1541575668849,100.82591940682126,Before Launch
677,2025-03-20 01:32:50,29.131,1.71587932,0.904,24.813,-119.7501835,36.814531833333334,-35.85433115218216,-75.86394031589703,100.86861022269437,Before Launch
678,2025-03-20 01:32:50,29.173,0.14763779999999999,-1.678,24.815,-119.7501835,36.814531833333334,-35.81202032405092,-75.74675237586239,100.57182953381276,Before Launch
679,2025-03-20 01:32:51,29.224,0.029527559999999998,-0.541,24.818,-119.7501835,36.814531833333334,-35.560069347559704,-75.36614179069402,99.73336900154052,Before Launch
680,2025-03-20 01:32:51,29.269,-0.33464568,0.015,24.818,-119.7501835,36.814531833333334,-35.03961732994875,-75.02693248701011,97.99371808447627,Before Launch
681,2025-03-20 01:32:51,29.312,0.51181104,0.124,24.815,-119.7501835,36.814531833333334,-34.82269171616638,-74.74133388016588,96.59376416222163,Before Launch
682,2025-03-20 01:32:51,29.355,0.63648296,-0.22,24.821,-119.7501835,36.814531833333334,-31.806300210326736,-74.05515902793763,94.70433430244245,Before Launch
683,2025-03-20 01:32:51,29.398,2.19488196,1.681,24.803,-119.7501835,36.814531833333334,-29.660512057684254,-73.74372922887403,92.21831107256337,Before Launch
684,2025-03-20 01:32:51,29.44,0.37729660000000004,0.11,24.811,-119.7501835,36.814531833333334,-23.75245333412557,-73.25874505820104,87.14151142124585,Before Launch
685,2025-03-20 01:32:51,29.482,-0.46916011999999996,-0.784,24.813,-119.7501835,36.814531833333334,-16.11829656700511,-72.77731062341793,84.12609871828226,Before Launch
686,2025-03-20 01:32:51,29.525,1.46981632,1.581,24.815,-119.7501835,36.814531833333334,-1.5010844719484515,-71.94273851938604,77.2905611004863,Before Launch
687,2025-03-20 01:32:51,29.567,0.029527559999999998,-0.424,24.818,-119.7501835,36.814531833333334,5.32861458339882,-71.6590732038337,73.81162942285322,Before Launch
688,2025-03-20 01:32:51,29.61,-0.10498688,-0.787,24.813,-119.7501835,36.814531833333334,23.61719383549326,-70.86996745553397,65.65550553087668,Before Launch
689,2025-03-20 01:32:51,29.652,0.14763779999999999,-1.016,24.815,-119.7501835,36.814531833333334,31.542453929496517,-69.19601921835665,60.47396643981051,Before Launch
690,2025-03-20 01:32:51,29.695,1.5912074,1.694,24.808,-119.7501835,36.814531833333334,44.16151845920025,-66.08029961436256,51.76785311041159,Before Launch
691,2025-03-20 01:32:51,29.737,0.37729660000000004,0.552,24.811,-119.7501835,36.814531833333334,49.8702765026069,-63.485950177645606,46.252223273828584,Before Launch
692,2025-03-20 01:32:51,29.78,1.0006561999999999,0.467,24.821,-119.7501835,36.814531833333334,60.279383715286755,-57.60809110826443,31.999544934863266,Before Launch
693,2025-03-20 01:32:51,29.823,0.63648296,1.482,24.821,-119.7501835,36.814531833333334,62.03392256003173,-52.62751209808065,25.901807416781857,Before Launch
694,2025-03-20 01:32:51,29.866,2.08005256,1.471,24.813,-119.7501835,36.814531833333334,65.04520574800564,-38.8793351613983,13.055997479996666,Before Launch
695,2025-03-20 01:32:51,29.909,1.83070872,0.9,24.813,-119.7501835,36.814531833333334,66.7684342107768,-22.35138800914384,6.34777740312519,Before Launch
696,2025-03-20 01:32:51,29.951,0.27230972000000003,-0.55,24.821,-119.7501835,36.814531833333334,65.04046351527555,5.0787415154384306,-2.9571061030568977,Before Launch
697,2025-03-20 01:32:51,29.993,0.8759842800000001,0.678,24.815,-119.7501835,36.814531833333334,66.04650471760243,18.381826868100028,-10.108770786771753,Before Launch
698,2025-03-20 01:32:51,30.036,0.6233596,0.214,24.813,-119.75018133333333,36.81453616666667,69.5686912318986,38.471247807269904,-19.336965519017944,Before Launch
699,2025-03-20 01:32:51,30.078,1.71587932,0.443,24.813,-119.75018133333333,36.81453616666667,69.77455950891884,46.12617390941397,-24.833910711676765,Before Launch
700,2025-03-20 01:32:51,30.121,2.214567,0.906,24.818,-119.75018133333333,36.81453616666667,71.9121375639237,57.07072633284692,-29.67191412844667,Before Launch
701,2025-03-20 01:32:51,30.163,0.98753284,1.23,24.813,-119.75018133333333,36.81453616666667,71.55584892317098,59.57293420196978,-29.575778124658374,Before Launch
702,2025-03-20 01:32:52,30.206,2.214567,0.464,24.818,-119.75018133333333,36.81453616666667,68.93842066015915,61.512851307885384,-30.1341028649749,Before Launch
703,2025-03-20 01:32:52,30.249,2.68372712,2.357,24.805,-119.75018133333333,36.81453616666667,68.7901204540091,61.23335214007978,-30.23537472560405,Before Launch
704,2025-03-20 01:32:52,30.299,1.6043307599999999,1.465,24.815,-119.75018133333333,36.81453616666667,67.67465792394823,63.408879721196044,-28.458594030417615,Before Launch
705,2025-03-20 01:32:52,30.342,3.30708672,3.394,24.818,-119.75018133333333,36.81453616666667,65.14035070776637,60.25056521071319,-29.66545086121817,Before Launch
706,2025-03-20 01:32:52,30.384,0.75787404,0.23,24.818,-119.75018133333333,36.81453616666667,64.76877564847193,57.72835924552528,-27.93016289438682,Before Launch
707,2025-03-20 01:32:52,30.427,1.46981632,0.777,24.811,-119.75018133333333,36.81453616666667,63.99412997065341,42.98893024431945,-19.590195996795636,Before Launch
708,2025-03-20 01:32:52,30.469,0.25918636,-1.807,24.813,-119.75018133333333,36.81453616666667,63.307128726708285,35.13404666338256,-15.599325265617408,Before Launch
709,2025-03-20 01:32:52,30.512,1.3517060799999998,0.909,24.813,-119.75018133333333,36.81453616666667,58.451759393916994,16.450096836424706,-6.889304613854482,Before Launch
710,2025-03-20 01:32:52,30.554,0.51181104,0.915,24.815,-119.75018133333333,36.81453616666667,54.89140591917882,10.125851197827583,-3.052867071692755,Before Launch
711,2025-03-20 01:32:52,30.597,2.08005256,0.569,24.813,-119.75018133333333,36.81453616666667,48.02551777221641,3.688638459549668,2.9398386397144307,Before Launch
712,2025-03-20 01:32:52,30.639,0.98753284,0.894,24.813,-119.75018133333333,36.81453616666667,44.29456968091397,2.069887283360626,5.38118055784461,Before Launch
713,2025-03-20 01:32:52,30.681,3.30708672,3.186,24.818,-119.75018133333333,36.81453616666667,38.201687134175586,-0.8672032865555697,7.7877394947723495,Before Launch
714,2025-03-20 01:32:52,30.724,1.8503937599999998,1.588,24.818,-119.75018133333333,36.81453616666667,36.137112211107045,-1.7589224197070252,7.252644559168564,Before Launch
715,2025-03-20 01:32:52,30.767,2.31955388,0.679,24.818,-119.75018133333333,36.81453616666667,32.2267878859252,-3.1430840600195147,5.825772017981665,Before Launch
716,2025-03-20 01:32:52,30.809,-0.58070868,-0.894,24.815,-119.75018133333333,36.81453616666667,31.162619813315917,-3.6928136638369127,5.852196417608204,Before Launch
717,2025-03-20 01:32:52,30.852,0.75787404,-0.226,24.818,-119.75018133333333,36.81453616666667,27.784686534696,-3.9459640496251533,7.414425913346374,Before Launch
718,2025-03-20 01:32:52,30.894,1.3451444,0.662,24.805,-119.75018133333333,36.81453616666667,25.05910101548586,-3.8594890599200182,8.77104891160791,Before Launch
719,2025-03-20 01:32:52,30.936,1.70931764,-0.346,24.805,-119.75018133333333,36.81453616666667,17.940823520889253,-3.56669261594149,13.888852318940835,Before Launch
720,2025-03-20 01:32:52,30.979,0.6233596,-1.128,24.813,-119.75018133333333,36.81453616666667,15.199342810535443,-3.616762431103263,17.097628707932966,Before Launch
721,2025-03-20 01:32:52,31.021,4.3339896399999995,3.796,24.773,-119.75018166666666,36.814543,11.37372071893943,-3.537837310960631,22.11956199155175,Before Launch
722,2025-03-20 01:32:52,31.063,1.3517060799999998,0.445,24.813,-119.75018166666666,36.814543,10.030179001548579,-3.481050428062185,23.777445675195096,Before Launch
723,2025-03-20 01:32:52,31.106,0.37729660000000004,-0.23,24.811,-119.75018166666666,36.814543,8.144476364420099,-3.4761400467687142,26.642513635387715,Before Launch
724,2025-03-20 01:32:52,31.149,1.24015752,-0.444,24.815,-119.75018166666666,36.814543,7.533725459230627,-3.479450701508456,27.779530605187972,Before Launch
725,2025-03-20 01:32:52,31.191,1.46981632,-0.696,24.818,-119.75018166666666,36.814543,6.821883837355376,-3.4373017666023262,29.605790538768677,Before Launch
726,2025-03-20 01:32:53,31.234,1.44028876,0.423,24.788,-119.75018166666666,36.814543,6.6124043533738455,-3.4412835546566525,30.580585407787893,Before Launch
727,2025-03-20 01:32:53,31.276,0.6233596,-1.487,24.813,-119.75018166666666,36.814543,6.004197136323217,-3.4703575235034427,33.00177491980114,Before Launch
728,2025-03-20 01:32:53,31.319,0.74146984,-1.815,24.811,-119.75018166666666,36.814543,5.65703519747249,-3.4248122553170437,33.970049622779925,Before Launch
729,2025-03-20 01:32:53,31.369,1.12204728,-0.451,24.818,-119.75018166666666,36.814543,5.1833921621668635,-3.3396404030269067,35.087495842976026,Before Launch
730,2025-03-20 01:32:53,31.412,1.22703416,-1.944,24.808,-119.75018166666666,36.814543,4.92838039834355,-3.2902838461692423,35.728537822294,Before Launch
731,2025-03-20 01:32:53,31.457,0.39370079999999996,-0.339,24.818,-119.75018166666666,36.814543,4.812419782783829,-3.2606358431532625,36.188382335542585,Before Launch
732,2025-03-20 01:32:53,31.499,0.98753284,-0.45,24.813,-119.75018166666666,36.814543,4.555821668207881,-3.2284550685255,37.43360482790409,Before Launch
733,2025-03-20 01:32:53,31.542,2.19488196,1.804,24.803,-119.75018166666666,36.814543,4.421279237589924,-3.2226423076327833,38.14569874057854,Before Launch
734,2025-03-20 01:32:53,31.584,1.8503937599999998,0.465,24.818,-119.75018166666666,36.814543,4.147285289284272,-3.1704647675363318,39.846229470748305,Before Launch
735,2025-03-20 01:32:53,31.626,0.98097116,0.438,24.805,-119.75018166666666,36.814543,4.041399535479631,-3.1497895444500443,40.57028178246484,Before Launch
736,2025-03-20 01:32:53,31.671,1.46981632,-0.568,24.811,-119.75018166666666,36.814543,3.8077799704019424,-3.1392240562341733,41.855418258201176,Before Launch
737,2025-03-20 01:32:53,31.714,1.95538064,0.9,24.808,-119.75018166666666,36.814543,3.7408813828771006,-3.0954269780015875,42.40578669782155,Before Launch
738,2025-03-20 01:32:53,31.756,2.1817586,-1.047,24.796,-119.75018166666666,36.814543,3.5496793049412836,-3.080415445409741,43.672963730820186,Before Launch
739,2025-03-20 01:32:53,31.799,0.8759842800000001,-0.906,24.815,-119.75018166666666,36.814543,3.4942228497373935,-3.058409934689668,44.28293586577466,Before Launch
740,2025-03-20 01:32:53,31.841,2.92650928,0.565,24.811,-119.75018166666666,36.814543,3.289954439356969,-3.014277699538378,45.650024535816456,Before Launch
741,2025-03-20 01:32:53,31.884,2.57874024,2.939,24.818,-119.75018166666666,36.814543,3.1430774683559775,-2.9884228905060835,46.333993334159864,Before Launch
742,2025-03-20 01:32:53,31.926,1.24015752,0.449,24.815,-119.75018166666666,36.814543,2.9319926252076796,-3.003972697366287,47.76765368655486,Before Launch
743,2025-03-20 01:32:53,31.969,0.74146984,-0.562,24.813,-119.75018166666666,36.814543,2.8627616825513615,-3.002747918853888,48.84651438101578,Before Launch
744,2025-03-20 01:32:53,32.011,0.63648296,-0.998,24.821,-119.75018166666666,36.814543,2.7410884250075886,-3.0091968249157848,51.21882400676055,Before Launch
745,2025-03-20 01:32:53,32.054,1.8635171199999998,1.154,24.825,-119.750181,36.81454466666667,2.6747986551438467,-2.9846887675231395,52.051519387199804,Before Launch
746,2025-03-20 01:32:53,32.097,1.3648294399999998,-2.759,24.821,-119.750181,36.81454466666667,2.563142567484156,-2.921293135254664,53.45663619047257,Before Launch
747,2025-03-20 01:32:53,32.139,0.8759842800000001,-0.442,24.815,-119.750181,36.81454466666667,2.478009368093507,-2.8718135837326586,54.23047969289075,Before Launch
748,2025-03-20 01:32:53,32.182,1.22703416,0.79,24.808,-119.750181,36.81454466666667,2.3825951211604157,-2.8421751851387085,55.97240193908791,Before Launch
749,2025-03-20 01:32:54,32.224,1.3517060799999998,0.104,24.813,-119.750181,36.81454466666667,2.2809451177137396,-2.851054172479006,56.826694830762406,Before Launch
750,2025-03-20 01:32:54,32.267,1.69619428,0.21,24.798,-119.750181,36.81454466666667,2.2095535182235855,-2.8860901754313155,57.7575575690608,Before Launch
751,2025-03-20 01:32:54,32.31,0.27230972000000003,-1.085,24.821,-119.750181,36.81454466666667,2.1718118491091807,-2.8669142267629386,58.15323513975516,Before Launch
752,2025-03-20 01:32:54,32.36,2.1981628,1.453,24.811,-119.750181,36.81454466666667,2.143137734896765,-2.895749935079411,58.262851979208875,Before Launch
753,2025-03-20 01:32:54,32.403,1.9685039999999998,1.132,24.811,-119.750181,36.81454466666667,2.0704624286504725,-2.9151395869929533,58.40460895768829,Before Launch
754,2025-03-20 01:32:54,32.447,3.01509196,1.756,24.786,-119.750181,36.81454466666667,2.069336180818861,-2.8993919766830043,58.33583136406861,Before Launch
755,2025-03-20 01:32:54,32.49,1.24015752,0.012,24.815,-119.750181,36.81454466666667,2.0747158215065276,-2.883057706941269,58.258314131924486,Before Launch
756,2025-03-20 01:32:54,32.532,2.08005256,1.569,24.811,-119.750181,36.81454466666667,2.0260377335362607,-2.8718295452329006,58.31416667243603,Before Launch
757,2025-03-20 01:32:54,32.574,3.36614184,2.213,24.778,-119.750181,36.81454466666667,1.99592197356722,-2.888155321023247,58.82936388364023,Before Launch
758,2025-03-20 01:32:54,32.617,1.61089244,-0.543,24.823,-119.750181,36.81454466666667,1.9748319671671772,-2.922975507565068,59.238443492765406,Before Launch
759,2025-03-20 01:32:54,32.659,2.6968504799999997,0.787,24.818,-119.750181,36.81454466666667,1.9210139911322521,-2.930578234415279,60.494485920990904,Before Launch
760,2025-03-20 01:32:54,32.702,1.68307092,0.653,24.791,-119.750181,36.81454466666667,1.8801261415408232,-2.935621085640689,61.02206941853036,Before Launch
761,2025-03-20 01:32:54,32.745,1.9685039999999998,0.464,24.815,-119.750181,36.81454466666667,1.776891792612563,-2.935931831461178,62.354660080127104,Before Launch
762,2025-03-20 01:32:54,32.787,2.43766412,0.449,24.815,-119.750181,36.81454466666667,1.7453934909575737,-2.9189562591310354,63.07510248377198,Before Launch
763,2025-03-20 01:32:54,32.83,3.73031508,1.442,24.778,-119.750181,36.81454466666667,1.6571340033257853,-2.9302331061093936,64.24530874127785,Before Launch
764,2025-03-20 01:32:54,32.873,1.3517060799999998,0.443,24.813,-119.750181,36.81454466666667,1.60068864874271,-2.9735085841158915,64.65036369031043,Before Launch
765,2025-03-20 01:32:54,32.915,1.24015752,-1.57,24.818,-119.750181,36.81454466666667,1.5626267350976075,-3.0032305013035807,65.6240645376055,Before Launch
766,2025-03-20 01:32:54,32.958,2.6706037599999997,0.086,24.801,-119.750181,36.81454466666667,1.563700588061954,-3.0052851597104686,66.35669253990073,Before Launch
767,2025-03-20 01:32:54,33.001,1.8503937599999998,0.568,24.818,-119.750181,36.81454466666667,1.4943310750611989,-2.9996092110320207,67.41136057222741,Before Launch
768,2025-03-20 01:32:54,33.043,1.24015752,0.464,24.821,-119.750181,36.8145465,1.4536547068690207,-3.0068789492100376,67.94833763226089,Before Launch
769,2025-03-20 01:32:54,33.086,3.1233596799999996,2.313,24.776,-119.750181,36.8145465,1.371677805587464,-3.0607341581529153,69.28142497498602,Before Launch
770,2025-03-20 01:32:54,33.129,1.9685039999999998,0.098,24.815,-119.750181,36.8145465,1.3315110646314015,-3.0824678357388486,69.83963084631417,Before Launch
771,2025-03-20 01:32:54,33.179,2.4442258,0.998,24.813,-119.750181,36.8145465,1.2817486290566036,-3.075623653157692,70.88916996108813,Before Launch
772,2025-03-20 01:32:55,33.222,2.08005256,1.112,24.813,-119.750181,36.8145465,1.2486002372601057,-3.1093713918234154,72.08681536757871,Before Launch
773,2025-03-20 01:32:55,33.266,0.63648296,-0.545,24.821,-119.750181,36.8145465,1.199991267450108,-3.1118085101590793,72.90306040418497,Before Launch
774,2025-03-20 01:32:55,33.309,2.08005256,0.671,24.813,-119.750181,36.8145465,1.117006234358512,-3.14989668587748,74.38950635195918,Before Launch
775,2025-03-20 01:32:55,33.351,0.27230972000000003,-1.314,24.821,-119.750181,36.8145465,1.0425537615148686,-3.1527651185301186,74.91024729216274,Before Launch
776,2025-03-20 01:32:55,33.393,3.13976388,2.648,24.791,-119.750181,36.8145465,1.0095828564884337,-3.1579972712018867,75.60598450091749,Before Launch
777,2025-03-20 01:32:55,33.436,1.13517064,-0.988,24.825,-119.750181,36.8145465,1.0046053029699096,-3.1988660512049893,76.02622116017105,Before Launch
778,2025-03-20 01:32:55,33.478,2.19488196,0.211,24.818,-119.750181,36.8145465,0.9555054027225794,-3.1728414802178,76.82872668628565,Before Launch
779,2025-03-20 01:32:55,33.521,0.63648296,-2.215,24.821,-119.750181,36.8145465,0.9384525050335982,-3.2176294395953438,77.10953463635171,Before Launch
780,2025-03-20 01:32:55,33.563,0.74146984,-0.465,24.811,-119.750181,36.8145465,0.9009312274713573,-3.336910168948817,77.87298022158323,Before Launch
781,2025-03-20 01:32:55,33.605,2.04396332,-0.034,24.818,-119.750181,36.8145465,0.8842248436864009,-3.2685625959174907,78.08110550959955,Before Launch
782,2025-03-20 01:32:55,33.648,0.14763779999999999,-2.997,24.815,-119.750181,36.8145465,0.8569607679717515,-3.2491542312896295,78.79823108801274,Before Launch
783,2025-03-20 01:32:55,33.691,0.63648296,-0.907,24.821,-119.750181,36.8145465,0.8366094283164284,-3.1761915621153944,79.05910444608703,Before Launch
784,2025-03-20 01:32:55,33.733,-0.10498688,-2.609,24.813,-119.750181,36.8145465,0.8237044969699872,-3.125296571208263,79.69748027894903,Before Launch
785,2025-03-20 01:32:55,33.776,1.2467192,-0.406,24.823,-119.750181,36.8145465,0.7953410874534893,-3.100172639893949,80.12620201888804,Before Launch
786,2025-03-20 01:32:55,33.818,1.24015752,-0.679,24.815,-119.750181,36.8145465,0.7496792989036695,-3.09584092522223,80.8100491371988,Before Launch
787,2025-03-20 01:32:55,33.86,0.39370079999999996,-1.905,24.818,-119.750181,36.8145465,0.7312558713685061,-3.105027500210921,81.0710909868722,Before Launch
788,2025-03-20 01:32:55,33.903,1.1056430800000001,-2.446,24.811,-119.750181,36.8145465,0.6801206692575248,-3.150356004042638,81.55209427739524,Before Launch
