n,Datetime (UTC),Timestamp (s),Altitude (ft),Velocity (ft/s),Temperature (C),Longitude,Latitude,Roll (°),Pitch (°),Yaw (°),Flag
0,2025-03-20 01:02:31,0.004,0.32152232000000003,,22.748,-1,-1,0.0,0.0,0.0,Before Launch
1,2025-03-20 01:02:31,0.046,-0.41338584,,22.74,-1,-1,0.0,0.0,0.0,Before Launch
2,2025-03-20 01:02:31,0.089,0.43963256,,22.745,-1,-1,0.0,0.0,0.0,Before Launch
3,2025-03-20 01:02:31,0.132,-0.5249344,,22.75,-119.749917,36.814298666666666,0.0,0.0,0.0,Before Launch
4,2025-03-20 01:02:31,0.174,1.39763784,,22.74,-119.749917,36.814298666666666,0.0,0.0,0.0,Before Launch
5,2025-03-20 01:02:31,0.217,0.6725722,,22.74,-119.749917,36.814298666666666,0.0,0.0,0.0,Before Launch
6,2025-03-20 01:02:31,0.259,-0.5249344,,22.75,-119.749917,36.814298666666666,0.0,0.0,0.0,Before Launch
7,2025-03-20 01:02:31,0.302,0.8038058,,22.75,-119.749917,36.814298666666666,0.0,0.0,0.0,Before Launch
8,2025-03-20 01:02:31,0.344,-0.40354332,,22.748,-119.749917,36.814298666666666,0.0,0.0,0.0,Before Launch
9,2025-03-20 01:02:31,0.386,-0.28215224,,22.745,-119.749917,36.814298666666666,0.0,0.0,0.0,Before Launch
10,2025-03-20 01:02:31,0.429,0.30839896,,22.745,-119.749917,36.814298666666666,0.0,0.0,0.0,Before Launch
11,2025-03-20 01:02:31,0.471,-0.64632548,,22.745,-119.749917,36.814298666666666,0.0,0.0,0.0,Before Launch
12,2025-03-20 01:02:31,0.514,-0.39370079999999996,,22.755,-119.749917,36.814298666666666,0.0,0.0,0.0,Before Launch
13,2025-03-20 01:02:31,0.556,0.20013124,,22.75,-119.749917,36.814298666666666,0.0,0.0,0.0,Before Launch
14,2025-03-20 01:02:31,0.598,0.6824147199999999,,22.748,-119.749917,36.814298666666666,0.0,0.0,0.0,Before Launch
15,2025-03-20 01:02:31,0.641,-0.17388452,,22.735,-119.749917,36.814298666666666,0.0,0.0,0.0,Before Launch
16,2025-03-20 01:02:31,0.683,1.0334646,,22.74,-119.749917,36.814298666666666,0.0,0.0,0.0,Before Launch
17,2025-03-20 01:02:31,0.726,0.91535436,,22.743,-119.749917,36.814298666666666,0.0,0.0,0.0,Before Launch
18,2025-03-20 01:02:31,0.768,0.32152232000000003,,22.748,-119.749917,36.814298666666666,0.0,0.0,0.0,Before Launch
19,2025-03-20 01:02:31,0.811,-0.042650919999999995,,22.748,-119.749917,36.814298666666666,0.0,0.0,0.0,Before Launch
20,2025-03-20 01:02:31,0.853,-0.17388452,,22.745,-119.749917,36.814298666666666,0.0,0.0,0.0,Before Launch
21,2025-03-20 01:02:32,0.896,0.91535436,,22.743,-119.749917,36.814298666666666,0.0,0.0,0.0,Before Launch
22,2025-03-20 01:02:32,0.938,0.07874016,,22.745,-119.749917,36.814298666666666,0.0,0.0,0.0,Before Launch
23,2025-03-20 01:02:32,0.981,0.9120735200000001,,22.743,-119.749917,36.814298666666666,0.0,0.0,0.0,Before Launch
24,2025-03-20 01:02:32,1.023,0.42979004000000004,,22.738,-119.749917,36.81429816666667,1.7090546241291515,-1.4393240246477412,1.667343720778943,Before Launch
25,2025-03-20 01:02:32,1.068,0.06889764000000001,-0.237,22.738,-119.749917,36.81429816666667,15.541678789971076,-16.418615791768513,14.875630387849693,Before Launch
26,2025-03-20 01:02:32,1.113,1.75853024,2.036,22.74,-119.749917,36.81429816666667,22.581348925178602,-23.24540836072596,22.06599805633458,Before Launch
27,2025-03-20 01:02:32,1.156,-1.12860896,-1.47,22.748,-119.749917,36.81429816666667,14.258402255394518,-11.00386400220548,-5.928749215799794,Before Launch
28,2025-03-20 01:02:32,1.199,-0.64632548,-0.114,22.745,-119.749917,36.81429816666667,11.544332645969257,-7.0367545688782,-15.057342142327155,Before Launch
29,2025-03-20 01:02:32,1.241,0.19028872,-1.132,22.743,-119.749917,36.81429816666667,8.14514954144514,-1.9985224515871955,-26.20869007032831,Before Launch
30,2025-03-20 01:02:32,1.284,0.43963256,-0.218,22.745,-119.749917,36.81429816666667,7.136203919993967,-0.4771437303788124,-29.624245448527454,Before Launch
31,2025-03-20 01:02:32,1.326,-0.29527559999999997,0.215,22.743,-119.749917,36.81429816666667,5.849013874782639,1.3627887241687107,-33.61184050381137,Before Launch
32,2025-03-20 01:02:32,1.369,-0.40354332,-1.132,22.748,-119.749917,36.81429816666667,5.43854057458656,1.907468418241296,-34.795026779020155,Before Launch
33,2025-03-20 01:02:32,1.411,-0.40354332,0.0,22.748,-119.749917,36.81429816666667,4.952597113414221,2.596720035323043,-36.211152705054126,Before Launch
34,2025-03-20 01:02:32,1.454,0.32152232000000003,0.565,22.74,-119.749917,36.81429816666667,4.802873394173596,2.7954313840866662,-36.62659405035892,Before Launch
35,2025-03-20 01:02:32,1.496,-0.76443572,-1.005,22.748,-119.749917,36.81429816666667,4.590783026523199,3.0453238787455477,-37.10710242949218,Before Launch
36,2025-03-20 01:02:32,1.538,-0.76443572,-0.111,22.748,-119.749917,36.81429816666667,4.5570331015543415,3.107042718354678,-37.247725886002534,Before Launch
37,2025-03-20 01:02:32,1.581,0.07874016,0.443,22.745,-119.749917,36.81429816666667,4.48948707584862,3.2203132710743096,-37.403455567693655,Before Launch
38,2025-03-20 01:02:32,1.623,0.07874016,-0.114,22.745,-119.749917,36.81429816666667,4.4921537778560925,3.2681095431682667,-37.43957469275549,Before Launch
39,2025-03-20 01:02:32,1.665,-1.12860896,-1.697,22.748,-119.749917,36.81429816666667,4.510042231010495,3.2268755849782025,-37.41797478378435,Before Launch
40,2025-03-20 01:02:32,1.708,-1.48950136,-1.233,22.748,-119.749917,36.81429816666667,4.476953162308945,3.2338432011322413,-37.39570263180537,Before Launch
41,2025-03-20 01:02:32,1.75,-0.28215224,-1.233,22.745,-119.749917,36.81429816666667,4.465975076009256,3.2630429801052445,-37.409557561354404,Before Launch
42,2025-03-20 01:02:32,1.793,-0.5249344,-1.35,22.75,-119.749917,36.81429816666667,4.507916728035439,3.2422008556594886,-37.39705974876496,Before Launch
43,2025-03-20 01:02:32,1.835,0.20013124,-0.114,22.75,-119.749917,36.81429816666667,4.496930488195526,3.2503937677154626,-37.37056639886207,Before Launch
44,2025-03-20 01:02:32,1.878,-0.40354332,-0.338,22.753,-119.749917,36.81429816666667,4.517108285679492,3.2609393805691296,-37.36319504867705,Before Launch
45,2025-03-20 01:02:33,1.92,0.07874016,0.237,22.745,-119.749917,36.81429816666667,4.523178547926702,3.266452851801193,-37.48261536670834,Before Launch
46,2025-03-20 01:02:33,1.962,-0.64632548,-1.465,22.745,-119.749917,36.81429816666667,4.4908328714746855,3.3117497786073895,-37.60823460406919,Before Launch
47,2025-03-20 01:02:33,2.005,0.32152232000000003,0.228,22.748,-119.749917,36.81429816666667,4.476553104107604,3.295466102614423,-37.817748907590406,Before Launch
48,2025-03-20 01:02:33,2.047,-0.28215224,-1.12,22.753,-119.7499165,36.81429633333333,4.458841934577389,3.274177096690711,-37.86796660036442,Before Launch
49,2025-03-20 01:02:33,2.089,-0.16076116000000001,-0.554,22.75,-119.7499165,36.81429633333333,4.4570169004677425,3.2762557264172862,-37.942252083319374,Before Launch
50,2025-03-20 01:02:33,2.132,-0.40354332,-0.444,22.748,-119.7499165,36.81429633333333,4.480053266592935,3.3070351829814966,-37.936707389378576,Before Launch
51,2025-03-20 01:02:33,2.174,0.56430448,-1.126,22.75,-119.7499165,36.81429633333333,4.439521082794619,3.3266796024084693,-37.87188647831473,Before Launch
52,2025-03-20 01:02:33,2.216,-0.28215224,0.799,22.745,-119.7499165,36.81429633333333,4.444663613259866,3.294533795574393,-37.827453669231794,Before Launch
53,2025-03-20 01:02:33,2.259,0.43963256,1.024,22.745,-119.7499165,36.81429633333333,4.456283642131338,3.2756099305379496,-37.63477679135006,Before Launch
54,2025-03-20 01:02:33,2.301,-0.16076116000000001,-0.331,22.748,-119.7499165,36.81429633333333,4.455361349580309,3.284098854537245,-37.58417935081326,Before Launch
55,2025-03-20 01:02:33,2.344,0.20013124,-0.226,22.75,-119.7499165,36.81429633333333,4.467812414783074,3.290598899704886,-37.507378938210984,Before Launch
56,2025-03-20 01:02:33,2.386,-0.51181104,-0.204,22.758,-119.7499165,36.81429633333333,4.469500171767365,3.273585357710469,-37.495249999786935,Before Launch
57,2025-03-20 01:02:33,2.428,-1.35826776,-0.902,22.76,-119.7499165,36.81429633333333,4.498611820319688,3.3296758083166087,-37.57124359045284,Before Launch
58,2025-03-20 01:02:33,2.471,-0.99409452,-0.557,22.76,-119.7499165,36.81429633333333,4.501289124375927,3.3448498061309344,-37.613938190179056,Before Launch
59,2025-03-20 01:02:33,2.513,-0.15091864,-0.446,22.758,-119.7499165,36.81429633333333,4.512347611300528,3.3170339176253103,-37.65626484121235,Before Launch
60,2025-03-20 01:02:33,2.555,0.4429134,1.14,22.753,-119.7499165,36.81429633333333,4.4850423023041,3.3162609664901037,-37.620686799251594,Before Launch
61,2025-03-20 01:02:33,2.598,0.9251968799999999,1.594,22.75,-119.7499165,36.81429633333333,4.496548126893839,3.322618637639026,-37.47139581005241,Before Launch
62,2025-03-20 01:02:33,2.64,-0.39370079999999996,-0.446,22.755,-119.7499165,36.81429633333333,4.508391388178652,3.3317957357816277,-37.432177086913846,Before Launch
63,2025-03-20 01:02:33,2.683,-0.7545932000000001,-0.786,22.755,-119.7499165,36.81429633333333,4.524987097367561,3.3224814066726145,-37.42020544933759,Before Launch
64,2025-03-20 01:02:33,2.725,0.33136484,1.377,22.753,-119.7499165,36.81429633333333,4.511396104232599,3.3344752535718363,-37.45587929604758,Before Launch
65,2025-03-20 01:02:33,2.767,-0.6430446400000001,0.799,22.753,-119.7499165,36.81429633333333,4.46005125826895,3.3365679977232583,-37.50123712680494,Before Launch
66,2025-03-20 01:02:33,2.81,0.574147,0.808,22.758,-119.7499165,36.81429633333333,4.462896202388358,3.3287340037923565,-37.47931646627642,Before Launch
67,2025-03-20 01:02:33,2.853,0.45603676000000004,0.925,22.758,-119.7499165,36.81429633333333,4.465762391168857,3.289125248978535,-37.42545076423153,Before Launch
68,2025-03-20 01:02:34,2.895,0.20013124,0.0,22.75,-119.7499165,36.81429633333333,4.491449060638041,3.2834820764259653,-37.341794751885274,Before Launch
69,2025-03-20 01:02:34,2.938,-0.39370079999999996,0.009,22.755,-119.7499165,36.81429633333333,4.486422360019036,3.2828494883148043,-37.26390764699507,Before Launch
70,2025-03-20 01:02:34,2.98,-0.39041995999999995,-0.443,22.763,-119.7499165,36.81429633333333,4.493069102515259,3.2937044672978995,-37.22470127245782,Before Launch
71,2025-03-20 01:02:34,3.022,0.08202100000000001,0.687,22.753,-119.7499165,36.81429683333333,4.509684444669662,3.289806636200093,-37.184448951607834,Before Launch
72,2025-03-20 01:02:34,3.065,-0.26902888,-0.557,22.76,-119.7499165,36.81429683333333,4.502996340792564,3.2956015204695315,-37.20854204194648,Before Launch
73,2025-03-20 01:02:34,3.108,-1.35826776,-1.014,22.76,-119.7499165,36.81429683333333,4.470804582334635,3.2468764499495872,-37.24463287378853,Before Launch
74,2025-03-20 01:02:34,3.15,0.09186352,0.238,22.76,-119.7499165,36.81429683333333,4.472540441007521,3.257872236643382,-37.27303255799535,Before Launch
75,2025-03-20 01:02:34,3.193,0.21325460000000002,0.581,22.758,-119.7499165,36.81429683333333,4.469432191716335,3.2711010624397012,-37.276467421225874,Before Launch
76,2025-03-20 01:02:34,3.235,-0.029527559999999998,-0.56,22.763,-119.7499165,36.81429683333333,4.494527802617249,3.270335888375524,-37.33035203619024,Before Launch
77,2025-03-20 01:02:34,3.277,0.21325460000000002,0.467,22.755,-119.7499165,36.81429683333333,4.497164600076474,3.275311860794618,-37.398733352540226,Before Launch
78,2025-03-20 01:02:34,3.321,-0.63320212,-1.01,22.76,-119.7499165,36.81429683333333,4.4843772102261275,3.2886722268932638,-37.43313228527763,Before Launch
79,2025-03-20 01:02:34,3.363,0.574147,0.692,22.758,-119.7499165,36.81429683333333,4.458319537453794,3.2616901421362154,-37.46815315849062,Before Launch
80,2025-03-20 01:02:34,3.405,1.1679790399999999,0.912,22.753,-119.7499165,36.81429683333333,4.462466426615164,3.3003993334341035,-37.478259529528614,Before Launch
81,2025-03-20 01:02:34,3.448,0.9251968799999999,1.353,22.75,-119.7499165,36.81429683333333,4.468897027040332,3.294078336761805,-37.44540570594393,Before Launch
82,2025-03-20 01:02:34,3.49,-0.029527559999999998,1.251,22.755,-119.7499165,36.81429683333333,4.476711746089597,3.2623480407387726,-37.45159947399871,Before Launch
83,2025-03-20 01:02:34,3.533,-0.39370079999999996,0.565,22.755,-119.7499165,36.81429683333333,4.477162559904326,3.3220407318595373,-37.37299855981439,Before Launch
84,2025-03-20 01:02:34,3.575,-0.51181104,-0.34,22.758,-119.7499165,36.81429683333333,4.4568570829261,3.2991180609728072,-37.345306087649234,Before Launch
85,2025-03-20 01:02:34,3.617,1.4074803599999999,0.908,22.748,-119.7499165,36.81429683333333,4.492609087184358,3.2995376014868754,-37.13184455227732,Before Launch
86,2025-03-20 01:02:34,3.66,-0.029527559999999998,-0.899,22.763,-119.7499165,36.81429683333333,4.514656701892501,3.2937063188792313,-37.114165353713375,Before Launch
87,2025-03-20 01:02:34,3.702,0.69553808,1.026,22.755,-119.7499165,36.81429683333333,4.501543142120871,3.24575051112889,-37.13149791409487,Before Launch
88,2025-03-20 01:02:34,3.745,0.8038058,1.467,22.753,-119.7499165,36.81429683333333,4.490337749948212,3.270732350413149,-37.16333109802211,Before Launch
89,2025-03-20 01:02:34,3.787,1.1679790399999999,0.788,22.753,-119.7499165,36.81429683333333,4.477108576422121,3.2732579047189856,-37.33555916522479,Before Launch
90,2025-03-20 01:02:34,3.83,0.22309712,0.815,22.765,-119.7499165,36.81429683333333,4.464808474412064,3.2703687720261665,-37.3869075786173,Before Launch
91,2025-03-20 01:02:34,3.872,0.81692916,0.229,22.76,-119.7499165,36.81429683333333,4.432203560108312,3.301057767338322,-37.49872973969006,Before Launch
92,2025-03-20 01:02:35,3.914,0.69553808,0.226,22.763,-119.7499165,36.81429683333333,4.429559866021879,3.3000123322947545,-37.55437784680726,Before Launch
93,2025-03-20 01:02:35,3.957,0.69553808,0.466,22.765,-119.7499165,36.81429683333333,4.456756165667085,3.3114682192316494,-37.59412438980856,Before Launch
94,2025-03-20 01:02:35,3.999,-0.86286092,-0.442,22.765,-119.7499165,36.81429683333333,4.451608217361678,3.3184513546259073,-37.57691914330432,Before Launch
95,2025-03-20 01:02:35,4.042,0.45603676000000004,0.797,22.76,-119.74991633333333,36.81429633333333,4.4731147833742115,3.2955764974357193,-37.502422484285944,Before Launch
96,2025-03-20 01:02:35,4.084,0.69553808,0.578,22.763,-119.74991633333333,36.81429633333333,4.456145325968974,3.304367360013364,-37.46843268587207,Before Launch
97,2025-03-20 01:02:35,4.126,0.21325460000000002,0.455,22.758,-119.74991633333333,36.81429633333333,4.471234319690228,3.3050823738110786,-37.536726620870944,Before Launch
98,2025-03-20 01:02:35,4.169,0.69553808,1.936,22.763,-119.74991633333333,36.81429633333333,4.473144104018545,3.2975933721362285,-37.62230370233792,Before Launch
99,2025-03-20 01:02:35,4.218,-0.63320212,-0.679,22.76,-119.74991633333333,36.81429633333333,4.455204237612748,3.3145258703243625,-37.6849163912723,Before Launch
100,2025-03-20 01:02:35,4.262,-0.13779528000000002,-0.328,22.765,-119.74991633333333,36.81429633333333,4.438236178370241,3.3222763927944357,-37.793595918256685,Before Launch
101,2025-03-20 01:02:35,4.307,-0.26902888,-0.223,22.76,-119.74991633333333,36.81429633333333,4.459544515378088,3.356291291780015,-37.80605962903565,Before Launch
102,2025-03-20 01:02:35,4.351,1.17782156,0.898,22.753,-119.74991633333333,36.81429633333333,4.474699595726691,3.2989975507168317,-37.64516763042368,Before Launch
103,2025-03-20 01:02:35,4.393,-0.26902888,0.34,22.76,-119.74991633333333,36.81429633333333,4.46438230983788,3.3172029979336077,-37.5965553813956,Before Launch
104,2025-03-20 01:02:35,4.435,-0.63320212,-1.126,22.76,-119.74991633333333,36.81429633333333,4.473622474093133,3.272156854780416,-37.50162835741311,Before Launch
105,2025-03-20 01:02:35,4.478,1.78477696,0.575,22.753,-119.74991633333333,36.81429633333333,4.487615977070439,3.288302676774649,-37.469565117978696,Before Launch
106,2025-03-20 01:02:35,4.521,1.30905516,0.358,22.765,-119.74991633333333,36.81429633333333,4.471628671132256,3.348106656875822,-37.464841303998,Before Launch
107,2025-03-20 01:02:35,4.564,0.58727036,0.574,22.765,-119.74991633333333,36.81429633333333,4.471989146246681,3.3453462438846993,-37.4576302584045,Before Launch
108,2025-03-20 01:02:35,4.606,1.30905516,1.587,22.765,-119.74991633333333,36.81429633333333,4.4540626613845244,3.355417802580102,-37.55073272300656,Before Launch
109,2025-03-20 01:02:35,4.648,0.33464568,0.789,22.763,-119.74991633333333,36.81429633333333,4.4332383207146675,3.3646446925828664,-37.58531802782135,Before Launch
110,2025-03-20 01:02:35,4.691,0.33464568,-0.999,22.763,-119.74991633333333,36.81429633333333,4.435783054447641,3.3452452350743394,-37.596159812279716,Before Launch
111,2025-03-20 01:02:35,4.733,0.22309712,0.235,22.765,-119.74991633333333,36.81429633333333,4.44246712164963,3.357775351717158,-37.646580750433344,Before Launch
112,2025-03-20 01:02:35,4.776,0.82677168,0.122,22.768,-119.74991633333333,36.81429633333333,4.441293379683015,3.362425149507307,-37.691380345511405,Before Launch
113,2025-03-20 01:02:35,4.819,0.34448819999999997,-0.428,22.77,-119.74991633333333,36.81429633333333,4.43176282258927,3.3540615539822842,-37.687309862475075,Before Launch
114,2025-03-20 01:02:35,4.869,0.9481627599999999,-0.203,22.765,-119.74991633333333,36.81429633333333,4.47624185297192,3.3405544684445956,-37.68508754210745,Before Launch
115,2025-03-20 01:02:36,4.915,0.9481627599999999,0.668,22.765,-119.74991633333333,36.81429633333333,4.4387065821216725,3.375796257944579,-37.73768271912689,Before Launch
116,2025-03-20 01:02:36,4.957,0.9383202399999999,0.112,22.758,-119.74991633333333,36.81429633333333,4.452278598322368,3.384938903276466,-37.74342562240858,Before Launch
117,2025-03-20 01:02:36,5.0,1.7946194800000002,1.012,22.77,-119.74991633333333,36.81429633333333,4.46354815887847,3.36382879979844,-37.71516369713033,Before Launch
118,2025-03-20 01:02:36,5.042,1.19094492,0.457,22.768,-119.749916,36.814296666666664,4.45446235220343,3.3381344920305347,-37.709448480720894,Before Launch
119,2025-03-20 01:02:36,5.085,0.82677168,1.556,22.768,-119.749916,36.814296666666664,4.458137005312121,3.353356000369572,-37.751191698148915,Before Launch
120,2025-03-20 01:02:36,5.127,0.22637796000000002,-0.212,22.773,-119.749916,36.814296666666664,4.439828570244116,3.3345139590802284,-37.75619034539179,Before Launch
121,2025-03-20 01:02:36,5.17,0.10498688,-0.544,22.768,-119.749916,36.814296666666664,4.443843323611701,3.34019399804529,-37.69038381380031,Before Launch
122,2025-03-20 01:02:36,5.213,0.10498688,-0.1,22.768,-119.749916,36.814296666666664,4.437361196015917,3.3524679670002238,-37.64277972810535,Before Launch
123,2025-03-20 01:02:36,5.255,1.30905516,0.565,22.765,-119.749916,36.814296666666664,4.420975714627615,3.3140407756614856,-37.519891449839854,Before Launch
124,2025-03-20 01:02:36,5.297,0.9481627599999999,1.466,22.77,-119.749916,36.814296666666664,4.439966712016714,3.3275145408592786,-37.473747608603986,Before Launch
125,2025-03-20 01:02:36,5.348,-0.029527559999999998,0.1,22.763,-119.749916,36.814296666666664,4.441593045337485,3.2926824290515015,-37.424046930679914,Before Launch
126,2025-03-20 01:02:36,5.391,2.38517068,2.449,22.758,-119.749916,36.814296666666664,4.40461966090707,3.2412300694769685,-37.45084434566403,Before Launch
127,2025-03-20 01:02:36,5.434,0.22637796000000002,-0.879,22.773,-119.749916,36.814296666666664,4.38257921906897,3.2347175740471767,-37.442231958223125,Before Launch
128,2025-03-20 01:02:36,5.476,1.30905516,1.457,22.765,-119.749916,36.814296666666664,4.326241042393137,3.2907541045774162,-37.514508817146435,Before Launch
129,2025-03-20 01:02:36,5.518,0.58727036,1.127,22.765,-119.749916,36.814296666666664,4.376442566129724,3.346541593527124,-37.57849780840568,Before Launch
130,2025-03-20 01:02:36,5.561,-0.0164042,-1.663,22.77,-119.749916,36.814296666666664,4.363951670895281,3.446087121091844,-38.62811254525223,Before Launch
131,2025-03-20 01:02:36,5.604,1.43372708,0.115,22.77,-119.749916,36.814296666666664,4.374703727789985,3.4825554460399744,-38.95096606350765,Before Launch
132,2025-03-20 01:02:36,5.647,0.34448819999999997,-0.224,22.77,-119.749916,36.814296666666664,4.424389549347777,3.492077602866292,-39.08442759149449,Before Launch
133,2025-03-20 01:02:36,5.692,-0.50196852,-1.668,22.765,-119.749916,36.814296666666664,4.429889792518154,3.513977446809561,-39.03171468132181,Before Launch
134,2025-03-20 01:02:36,5.734,-0.62007876,-0.879,22.768,-119.749916,36.814296666666664,4.403577615305932,3.488973412615817,-38.861427369174265,Before Launch
135,2025-03-20 01:02:36,5.777,1.0597113200000001,0.668,22.763,-119.749916,36.814296666666664,4.392028503143806,3.4609131382261182,-38.70570603428051,Before Launch
136,2025-03-20 01:02:36,5.819,-0.029527559999999998,-0.233,22.765,-119.749916,36.814296666666664,4.406115045482475,3.40540379543932,-38.3735003241535,Before Launch
137,2025-03-20 01:02:36,5.861,0.09186352,-0.677,22.76,-119.749916,36.814296666666664,4.389825776939064,3.3857096837621867,-38.272785934743396,Before Launch
138,2025-03-20 01:02:37,5.904,0.9514436,0.559,22.773,-119.749916,36.814296666666664,4.402072936195262,3.34780103353098,-38.033604530424824,Before Launch
139,2025-03-20 01:02:37,5.946,1.91601056,0.899,22.768,-119.749916,36.814296666666664,4.379581403040159,3.3504798366564117,-37.89197530420652,Before Launch
140,2025-03-20 01:02:37,5.989,0.34448819999999997,-0.562,22.77,-119.749916,36.814296666666664,4.419059191607346,3.3482565355521343,-37.60351686817339,Before Launch
141,2025-03-20 01:02:37,6.031,-0.13779528000000002,-1.002,22.773,-119.749916,36.814296666666664,4.40793933095249,3.33671880593552,-37.51201200373896,Before Launch
142,2025-03-20 01:02:37,6.074,0.46587927999999995,-1.237,22.768,-119.749916,36.814296666666664,4.405250405178768,3.3418814461297695,-37.37764339945434,Before Launch
143,2025-03-20 01:02:37,6.117,0.9514436,-0.223,22.765,-119.74991566666667,36.8142965,4.418183480298883,3.3427293383020653,-37.32150133063324,Before Launch
144,2025-03-20 01:02:37,6.167,-0.25918636,-1.004,22.768,-119.74991566666667,36.8142965,4.410580113695734,3.3533991477443608,-37.30968622751882,Before Launch
145,2025-03-20 01:02:37,6.21,1.66010504,1.324,22.758,-119.74991566666667,36.8142965,4.424002919698162,3.3836974686265195,-37.60646393446959,Before Launch
146,2025-03-20 01:02:37,6.252,-0.13779528000000002,-0.224,22.773,-119.74991566666667,36.8142965,4.423870075656595,3.4036309173920403,-37.6945578321014,Before Launch
147,2025-03-20 01:02:37,6.295,-0.029527559999999998,-0.124,22.763,-119.74991566666667,36.8142965,4.466017190019952,3.4217879355850664,-37.79325472426271,Before Launch
148,2025-03-20 01:02:37,6.337,0.34448819999999997,-0.891,22.77,-119.74991566666667,36.8142965,4.4547882534703,3.431041265616104,-37.84972432102672,Before Launch
149,2025-03-20 01:02:37,6.381,0.82677168,-0.112,22.768,-119.74991566666667,36.8142965,4.431846358947895,3.418343176864431,-37.80594165373495,Before Launch
150,2025-03-20 01:02:37,6.424,1.19094492,1.134,22.768,-119.74991566666667,36.8142965,4.429239397917442,3.3832133942862197,-37.690306980295276,Before Launch
151,2025-03-20 01:02:37,6.467,-0.25918636,-2.458,22.768,-119.74991566666667,36.8142965,4.453248083944656,3.398414024924633,-37.540436929525285,Before Launch
152,2025-03-20 01:02:37,6.509,2.0341208,1.682,22.765,-119.74991566666667,36.8142965,4.446926678242286,3.368306699089235,-37.47466170490876,Before Launch
153,2025-03-20 01:02:37,6.552,1.42060372,0.104,22.763,-119.74991566666667,36.8142965,4.43530149314966,3.348831989474068,-37.39810517667593,Before Launch
154,2025-03-20 01:02:37,6.595,0.82677168,0.222,22.768,-119.74991566666667,36.8142965,4.407644421612022,3.3476800517087444,-37.41460251941932,Before Launch
155,2025-03-20 01:02:37,6.637,0.58727036,0.561,22.765,-119.74991566666667,36.8142965,4.401456884934495,3.375280031095039,-37.51830098092308,Before Launch
156,2025-03-20 01:02:37,6.679,1.55183732,0.11,22.768,-119.74991566666667,36.8142965,4.404913565367038,3.3987329128637986,-37.58222185069517,Before Launch
157,2025-03-20 01:02:37,6.722,-0.13779528000000002,-0.449,22.765,-119.74991566666667,36.8142965,4.407916178785513,3.3717283211759788,-37.693598437369396,Before Launch
158,2025-03-20 01:02:37,6.764,2.15879272,2.482,22.773,-119.74991566666667,36.8142965,4.409725782943813,3.344311415536822,-37.71279350059905,Before Launch
159,2025-03-20 01:02:37,6.808,1.06955384,1.573,22.77,-119.74991566666667,36.8142965,4.43082336731574,3.3565216920462,-37.76719903015201,Before Launch
160,2025-03-20 01:02:37,6.85,1.30905516,0.232,22.765,-119.74991566666667,36.8142965,4.44597085224033,3.3896240769988157,-37.66925144118099,Before Launch
161,2025-03-20 01:02:37,6.893,0.58727036,0.574,22.768,-119.74991566666667,36.8142965,4.4541029710462725,3.3502928409854604,-37.53535901754415,Before Launch
162,2025-03-20 01:02:38,6.935,0.34448819999999997,0.235,22.77,-119.74991566666667,36.8142965,4.435266625256694,3.3592239293509993,-37.45840422903397,Before Launch
163,2025-03-20 01:02:38,6.978,-0.0164042,-0.901,22.77,-119.74991566666667,36.8142965,4.451733769252305,3.3393092790695382,-37.38397727397659,Before Launch
164,2025-03-20 01:02:38,7.02,0.70866144,-1.124,22.77,-119.74991566666667,36.8142965,4.4720606297756085,3.3448721353881683,-37.3699411678766,Before Launch
165,2025-03-20 01:02:38,7.063,0.69553808,0.327,22.763,-119.74991566666667,36.8142965,4.441672765874729,3.3461638380600878,-37.324615954288454,Before Launch
166,2025-03-20 01:02:38,7.106,0.22637796000000002,0.339,22.773,-119.7499155,36.814296166666665,4.449386425801789,3.354163569915838,-37.32038510845209,Before Launch
167,2025-03-20 01:02:38,7.148,2.14566936,1.564,22.763,-119.7499155,36.814296166666665,4.452798663991436,3.310588683061199,-37.34555057414419,Before Launch
168,2025-03-20 01:02:38,7.19,0.58727036,-0.339,22.773,-119.7499155,36.814296166666665,4.431933765165215,3.3084535711702188,-37.37691946889405,Before Launch
169,2025-03-20 01:02:38,7.241,1.19094492,1.35,22.768,-119.7499155,36.814296166666665,4.433348795825435,3.2920935116834342,-37.43939516628645,Before Launch
170,2025-03-20 01:02:38,7.286,0.35761156,-1.21,22.778,-119.7499155,36.814296166666665,4.4022302429427365,3.3055931385164996,-37.39481823800619,Before Launch
171,2025-03-20 01:02:38,7.328,0.82677168,0.896,22.768,-119.7499155,36.814296166666665,4.406451194343706,3.316857200541594,-37.37927396903128,Before Launch
172,2025-03-20 01:02:38,7.37,-0.62007876,-0.549,22.768,-119.7499155,36.814296166666665,4.4082530008674965,3.3257413959124644,-37.3335508536759,Before Launch
173,2025-03-20 01:02:38,7.413,-0.74146984,-1.009,22.77,-119.7499155,36.814296166666665,4.394086114832328,3.329388038443935,-37.32067192756395,Before Launch
174,2025-03-20 01:02:38,7.455,-0.0164042,-0.785,22.77,-119.7499155,36.814296166666665,4.42077131060216,3.321603260490387,-37.28230596831874,Before Launch
175,2025-03-20 01:02:38,7.498,-0.86286092,-1.912,22.765,-119.7499155,36.814296166666665,4.437648368136168,3.343701750697026,-37.282401268971384,Before Launch
176,2025-03-20 01:02:38,7.54,0.33464568,0.553,22.763,-119.7499155,36.814296166666665,4.454931862670083,3.354362479363071,-37.457043956508855,Before Launch
177,2025-03-20 01:02:38,7.583,0.33464568,-1.582,22.765,-119.7499155,36.814296166666665,4.424088909522281,3.3596688634826077,-37.561685609535864,Before Launch
178,2025-03-20 01:02:38,7.625,1.42060372,0.0,22.763,-119.7499155,36.814296166666665,4.443190038361404,3.3659105999413987,-37.66564454625624,Before Launch
179,2025-03-20 01:02:38,7.667,-0.13779528000000002,-0.9,22.765,-119.7499155,36.814296166666665,4.430551395490478,3.3835317461541363,-37.704664979514796,Before Launch
180,2025-03-20 01:02:38,7.71,0.58727036,0.0,22.768,-119.7499155,36.814296166666665,4.408903498544011,3.416128068146771,-37.7289952060745,Before Launch
181,2025-03-20 01:02:38,7.753,1.0597113200000001,-0.458,22.763,-119.7499155,36.814296166666665,4.43261029889777,3.397437870769422,-37.713014599013576,Before Launch
182,2025-03-20 01:02:38,7.795,-0.13779528000000002,0.0,22.773,-119.7499155,36.814296166666665,4.429985626808502,3.355711133577269,-37.60314207781406,Before Launch
183,2025-03-20 01:02:38,7.838,1.6765092400000001,-0.449,22.773,-119.7499155,36.814296166666665,4.4142992927313935,3.3658939440491666,-37.59989944635597,Before Launch
184,2025-03-20 01:02:38,7.88,1.55511816,0.453,22.775,-119.7499155,36.814296166666665,4.433279586871619,3.3455536988372754,-37.507583807384336,Before Launch
185,2025-03-20 01:02:39,7.923,2.6410762,1.241,22.765,-119.7499155,36.814296166666665,4.450174795544459,3.35451283295092,-37.48076593580985,Before Launch
186,2025-03-20 01:02:39,7.974,0.70866144,0.112,22.77,-119.7499155,36.814296166666665,4.4375301904006355,3.3697559536355506,-37.47101907425425,Before Launch
187,2025-03-20 01:02:39,8.017,0.34448819999999997,0.0,22.768,-119.74991533333333,36.8142955,4.4305418984655605,3.377851058788852,-37.48268643703467,Before Launch
188,2025-03-20 01:02:39,8.059,1.42060372,1.329,22.763,-119.74991533333333,36.8142955,4.450956662216062,3.3504927963211504,-37.39919988731958,Before Launch
189,2025-03-20 01:02:39,8.102,0.10498688,-0.558,22.775,-119.74991533333333,36.8142955,4.486497553416643,3.3572171459354276,-37.285809627253016,Before Launch
190,2025-03-20 01:02:39,8.147,0.10498688,-0.545,22.768,-119.74991533333333,36.8142955,4.49400249074759,3.3593798176346703,-37.26468343769467,Before Launch
191,2025-03-20 01:02:39,8.189,-1.22375332,-1.339,22.773,-119.74991533333333,36.8142955,4.506948431433703,3.357156865698306,-37.17573464100561,Before Launch
192,2025-03-20 01:02:39,8.232,-0.0164042,-1.995,22.77,-119.74991533333333,36.8142955,4.51545623845812,3.3493275297238454,-37.130218365764925,Before Launch
193,2025-03-20 01:02:39,8.274,0.22637796000000002,-0.333,22.773,-119.74991533333333,36.8142955,4.504463189667573,3.3450320436329752,-37.059821833571284,Before Launch
194,2025-03-20 01:02:39,8.317,0.58727036,-0.561,22.773,-119.74991533333333,36.8142955,4.506727443966233,3.3558298503567494,-37.07478269280931,Before Launch
195,2025-03-20 01:02:39,8.359,0.22637796000000002,-0.122,22.773,-119.74991533333333,36.8142955,4.4658410083821725,3.349714790489431,-37.091946558627534,Before Launch
196,2025-03-20 01:02:39,8.401,0.46916011999999996,-0.333,22.775,-119.74991533333333,36.8142955,4.4738466188160055,3.3455005317759747,-37.09055170407431,Before Launch
197,2025-03-20 01:02:39,8.444,0.9514436,1.463,22.773,-119.74991533333333,36.8142955,4.4909874223903055,3.340614928887966,-37.070386280062095,Before Launch
198,2025-03-20 01:02:39,8.486,1.06955384,1.688,22.77,-119.74991533333333,36.8142955,4.447979845714702,3.3351483846439898,-37.17586884485363,Before Launch
199,2025-03-20 01:02:39,8.537,-0.38057744,-0.337,22.77,-119.74991533333333,36.8142955,4.447526198041335,3.3301747756647178,-37.2256229255919,Before Launch
200,2025-03-20 01:02:39,8.581,-1.4665354800000001,-0.557,22.77,-119.74991533333333,36.8142955,4.445069099647889,3.336205093293767,-37.230395598873564,Before Launch
201,2025-03-20 01:02:39,8.623,0.70866144,0.345,22.77,-119.74991533333333,36.8142955,4.434224183140832,3.338010717880348,-37.238802807198695,Before Launch
202,2025-03-20 01:02:39,8.666,1.55183732,1.124,22.768,-119.74991533333333,36.8142955,4.42094453287266,3.3522533644844144,-37.29664086748407,Before Launch
203,2025-03-20 01:02:39,8.708,1.43372708,0.012,22.77,-119.74991533333333,36.8142955,4.418437855319573,3.350629172330685,-37.33994640130762,Before Launch
204,2025-03-20 01:02:39,8.751,0.46916011999999996,0.56,22.775,-119.74991533333333,36.8142955,4.419701104145052,3.356975925411845,-37.384929477045105,Before Launch
205,2025-03-20 01:02:39,8.793,-0.49868767999999997,-1.003,22.77,-119.74991533333333,36.8142955,4.424572341856929,3.3559083350553087,-37.38876146273998,Before Launch
206,2025-03-20 01:02:39,8.836,-0.25590552,-1.215,22.775,-119.74991533333333,36.8142955,4.422404572830348,3.3411018191271875,-37.41066542984928,Before Launch
207,2025-03-20 01:02:39,8.879,0.58727036,0.669,22.773,-119.74991533333333,36.8142955,4.43225944941928,3.3478653383449424,-37.41403902601504,Before Launch
208,2025-03-20 01:02:40,8.922,-0.25590552,-1.783,22.773,-119.74991533333333,36.8142955,4.445077668073853,3.369779830406788,-37.39580898819716,Before Launch
209,2025-03-20 01:02:40,8.965,-0.38057744,-1.784,22.77,-119.74991533333333,36.8142955,4.428491632687346,3.367341255040938,-37.379070879968786,Before Launch
210,2025-03-20 01:02:40,9.01,0.83005252,-1.666,22.77,-119.74991533333333,36.8142955,4.439129320308769,3.3641418120786493,-37.41860808786093,Before Launch
211,2025-03-20 01:02:40,9.054,0.22637796000000002,-0.447,22.773,-119.74991533333333,36.8142955,4.430560198475812,3.361090379093451,-37.438781247684624,Before Launch
212,2025-03-20 01:02:40,9.097,1.06955384,0.671,22.77,-119.74991616666667,36.8142965,4.431521826180828,3.3943207567969496,-37.496882907186105,Before Launch
213,2025-03-20 01:02:40,9.139,0.10498688,-1.218,22.778,-119.74991616666667,36.8142965,4.406202985960138,3.360296594259892,-37.566941102533086,Before Launch
214,2025-03-20 01:02:40,9.181,1.91601056,1.678,22.775,-119.74991616666667,36.8142965,4.422396277655783,3.347892705093267,-37.63291829465705,Before Launch
215,2025-03-20 01:02:40,9.224,0.9514436,0.786,22.773,-119.74991616666667,36.8142965,4.418342256271228,3.3856243815483644,-37.62772480528203,Before Launch
216,2025-03-20 01:02:40,9.267,0.83005252,1.905,22.775,-119.74991616666667,36.8142965,4.390010918511485,3.4053579822419686,-37.57563989285952,Before Launch
217,2025-03-20 01:02:40,9.31,1.19094492,1.12,22.775,-119.74991616666667,36.8142965,4.373877616848644,3.3962856924084117,-37.551914368913046,Before Launch
218,2025-03-20 01:02:40,9.352,-0.98097116,-1.12,22.775,-119.74991616666667,36.8142965,4.407528004397026,3.394615735250737,-37.59552746103707,Before Launch
219,2025-03-20 01:02:40,9.394,1.43372708,0.786,22.77,-119.74991616666667,36.8142965,4.42247432764471,3.4084990202577146,-37.70431988600982,Before Launch
220,2025-03-20 01:02:40,9.438,0.34448819999999997,0.109,22.77,-119.74991616666667,36.8142965,4.426051575537008,3.3938606793878376,-37.784918008632204,Before Launch
221,2025-03-20 01:02:40,9.481,-0.49868767999999997,-0.896,22.773,-119.74991616666667,36.8142965,4.4270159750297955,3.4048265967094524,-37.8414000130449,Before Launch
222,2025-03-20 01:02:40,9.525,0.60039372,-0.325,22.78,-119.74991616666667,36.8142965,4.4349814818212,3.4253198285051156,-37.90979401725186,Before Launch
223,2025-03-20 01:02:40,9.567,1.6765092400000001,0.561,22.773,-119.74991616666667,36.8142965,4.403848495854898,3.4436650376670164,-37.92304780223623,Before Launch
224,2025-03-20 01:02:40,9.61,0.22637796000000002,0.566,22.773,-119.74991616666667,36.8142965,4.415621796233794,3.430241917391676,-37.755986226963124,Before Launch
225,2025-03-20 01:02:40,9.653,1.19094492,2.479,22.775,-119.74991616666667,36.8142965,4.412245499157475,3.4051239150040993,-37.696649018385855,Before Launch
226,2025-03-20 01:02:40,9.695,1.0826772,0.349,22.778,-119.74991616666667,36.8142965,4.399442555043421,3.3521441349675025,-37.56933796546371,Before Launch
227,2025-03-20 01:02:40,9.738,0.9514436,-0.56,22.773,-119.74991616666667,36.8142965,4.3995838120436455,3.3580096169862212,-37.51622278972993,Before Launch
228,2025-03-20 01:02:40,9.781,0.11811023999999999,-1.226,22.783,-119.74991616666667,36.8142965,4.4129097246183315,3.3361840644751792,-37.4599107257108,Before Launch
229,2025-03-20 01:02:40,9.823,-0.00656168,-0.444,22.778,-119.74991616666667,36.8142965,4.422174253629663,3.3403962341204005,-37.44754518458801,Before Launch
230,2025-03-20 01:02:40,9.866,-0.36745408,0.122,22.778,-119.74991616666667,36.8142965,4.4215813598225955,3.349073113658456,-37.46454558699131,Before Launch
231,2025-03-20 01:02:41,9.908,-0.25590552,0.0,22.773,-119.74991616666667,36.8142965,4.441969690321511,3.3394502230758314,-37.44010749760658,Before Launch
232,2025-03-20 01:02:41,9.959,-0.84973756,-1.331,22.78,-119.74991616666667,36.8142965,4.453836461332764,3.3727576608624497,-37.435050597036636,Before Launch
233,2025-03-20 01:02:41,10.002,1.06955384,1.227,22.77,-119.74991616666667,36.8142965,4.428015022718136,3.407769347514437,-37.4078526255416,Before Launch
234,2025-03-20 01:02:41,10.047,0.46916011999999996,0.785,22.775,-119.749917,36.81429683333333,4.41677654036906,3.40729149507609,-37.341871830145074,Before Launch
235,2025-03-20 01:02:41,10.09,0.83005252,0.0,22.775,-119.749917,36.81429683333333,4.4107753389089375,3.3692936513197123,-37.184090740739975,Before Launch
236,2025-03-20 01:02:41,10.132,1.55511816,1.233,22.775,-119.749917,36.81429683333333,4.426829420213161,3.358606468762573,-37.15220056593384,Before Launch
237,2025-03-20 01:02:41,10.175,2.16863524,1.02,22.778,-119.749917,36.81429683333333,4.444003055057164,3.3774389402213125,-37.1599080126527,Before Launch
238,2025-03-20 01:02:41,10.218,0.83005252,0.672,22.775,-119.749917,36.81429683333333,4.450441325461839,3.404511235960424,-37.175799627893014,Before Launch
239,2025-03-20 01:02:41,10.261,0.23622047999999998,-1.555,22.78,-119.749917,36.81429683333333,4.429826226724069,3.3718285641042978,-37.17468193125282,Before Launch
240,2025-03-20 01:02:41,10.303,0.23622047999999998,-0.663,22.78,-119.749917,36.81429683333333,4.442858642399909,3.3683892139940736,-37.17794435888299,Before Launch
241,2025-03-20 01:02:41,10.346,0.23622047999999998,-0.55,22.78,-119.749917,36.81429683333333,4.428099610765743,3.37162825889812,-37.358217345500236,Before Launch
242,2025-03-20 01:02:41,10.388,-0.00656168,-1.111,22.778,-119.749917,36.81429683333333,4.41681024735766,3.3704012542032786,-37.41613131433552,Before Launch
243,2025-03-20 01:02:41,10.432,0.46587927999999995,1.34,22.768,-119.749917,36.81429683333333,4.432508353919665,3.416703767492509,-37.50657174983768,Before Launch
244,2025-03-20 01:02:41,10.474,-0.13779528000000002,-1.455,22.773,-119.749917,36.81429683333333,4.425881847915054,3.397770602089917,-37.535569531001805,Before Launch
245,2025-03-20 01:02:41,10.517,1.6765092400000001,1.234,22.773,-119.749917,36.81429683333333,4.406995985744755,3.3940886449849663,-37.627074494716574,Before Launch
246,2025-03-20 01:02:41,10.559,0.22637796000000002,0.673,22.77,-119.749917,36.81429683333333,4.424086125404471,3.3842407196828668,-37.53592009796861,Before Launch
247,2025-03-20 01:02:41,10.602,0.58727036,-0.012,22.773,-119.749917,36.81429683333333,4.426722200868087,3.359570632609243,-37.4169371152642,Before Launch
248,2025-03-20 01:02:41,10.644,1.06955384,-0.564,22.77,-119.749917,36.81429683333333,4.434098098286644,3.3580055908028785,-37.38057055339232,Before Launch
249,2025-03-20 01:02:41,10.686,-0.00656168,-0.216,22.785,-119.749917,36.81429683333333,4.403228828055455,3.365521545425991,-37.236588105752155,Before Launch
250,2025-03-20 01:02:41,10.729,-0.36745408,-1.448,22.778,-119.749917,36.81429683333333,4.415659161031478,3.3734752279983,-37.141569482496465,Before Launch
251,2025-03-20 01:02:41,10.772,0.47900264,-0.561,22.783,-119.749917,36.81429683333333,4.454994241244323,3.41852764245873,-36.997812065986466,Before Launch
252,2025-03-20 01:02:41,10.814,1.0826772,0.122,22.78,-119.749917,36.81429683333333,4.471773531566588,3.438902431907725,-36.953161328524665,Before Launch
253,2025-03-20 01:02:41,10.856,0.35761156,0.223,22.778,-119.749917,36.81429683333333,4.449819466069024,3.426467113633365,-36.86066016805494,Before Launch
254,2025-03-20 01:02:42,10.899,0.10498688,0.104,22.775,-119.749917,36.81429683333333,4.438345702845724,3.3937148767613836,-36.73193351343489,Before Launch
255,2025-03-20 01:02:42,10.941,-0.97112864,-0.562,22.783,-119.749917,36.81429683333333,4.575941775845158,3.2807810048071215,-35.467194831377455,Before Launch
256,2025-03-20 01:02:42,10.984,-0.49868767999999997,-0.226,22.773,-119.749917,36.81429683333333,4.629464606719441,3.2540411529965283,-35.08288241758091,Before Launch
257,2025-03-20 01:02:42,11.035,0.83005252,1.561,22.775,-119.74991766666666,36.8142975,4.525813958448124,3.2539119935522938,-35.55524422186924,Before Launch
258,2025-03-20 01:02:42,11.078,-0.74146984,-1.683,22.77,-119.74991766666666,36.8142975,4.477312463015639,3.230350642104155,-35.99297815554535,Before Launch
259,2025-03-20 01:02:42,11.121,-0.36745408,-0.779,22.778,-119.74991766666666,36.8142975,4.465937210451702,3.2323938274393633,-36.13214021682528,Before Launch
260,2025-03-20 01:02:42,11.164,0.9612861199999999,0.122,22.78,-119.74991766666666,36.8142975,4.48086485786391,3.292760802617241,-36.53468029919348,Before Launch
261,2025-03-20 01:02:42,11.206,-0.49868767999999997,-1.912,22.773,-119.74991766666666,36.8142975,4.497951440459398,3.279325359128297,-36.717640414234936,Before Launch
262,2025-03-20 01:02:42,11.251,-1.09251972,-3.031,22.778,-119.74991766666666,36.8142975,4.462263073499411,3.305759338306889,-37.070147346412284,Before Launch
263,2025-03-20 01:02:42,11.293,2.2801837999999996,1.349,22.775,-119.74991766666666,36.8142975,4.429210629193639,3.313675374868064,-37.180889049705435,Before Launch
264,2025-03-20 01:02:42,11.336,0.35761156,0.113,22.773,-119.74991766666666,36.8142975,4.412937409548701,3.3371969366407814,-37.30991878995868,Before Launch
265,2025-03-20 01:02:42,11.378,0.35761156,0.113,22.778,-119.74991766666666,36.8142975,4.403240110128023,3.371972696833683,-37.47280337123541,Before Launch
266,2025-03-20 01:02:42,11.421,0.46916011999999996,0.217,22.775,-119.74991766666666,36.8142975,4.423328902609622,3.4112044281483636,-37.53967767043075,Before Launch
267,2025-03-20 01:02:42,11.463,0.22637796000000002,0.217,22.773,-119.74991766666666,36.8142975,4.3994162020115954,3.407325908801528,-37.57918210971048,Before Launch
268,2025-03-20 01:02:42,11.506,-0.4757218,-0.877,22.788,-119.74991766666666,36.8142975,4.4092220544819405,3.3497772193823323,-37.648009255229134,Before Launch
269,2025-03-20 01:02:42,11.548,-0.48884516,-0.327,22.78,-119.74991766666666,36.8142975,4.400998447008151,3.3424600330648744,-37.685960129575086,Before Launch
270,2025-03-20 01:02:42,11.591,1.4435696,-0.217,22.778,-119.74991766666666,36.8142975,4.395255452687233,3.3605978903987634,-37.80042800606815,Before Launch
271,2025-03-20 01:02:42,11.633,0.47900264,0.235,22.783,-119.74991766666666,36.8142975,4.3727591182407135,3.3560234926919357,-37.826805259598714,Before Launch
272,2025-03-20 01:02:42,11.676,-0.00656168,-0.553,22.778,-119.74991766666666,36.8142975,4.367911489057266,3.370411059965215,-37.80939124081206,Before Launch
273,2025-03-20 01:02:42,11.719,1.19094492,0.113,22.775,-119.74991766666666,36.8142975,4.3516585982771,3.3814442166564214,-37.78040481611875,Before Launch
274,2025-03-20 01:02:42,11.761,0.60039372,0.565,22.78,-119.74991766666666,36.8142975,4.347928839752899,3.381937869297908,-37.747972403715465,Before Launch
275,2025-03-20 01:02:42,11.804,-0.24606299999999998,0.113,22.783,-119.74991766666666,36.8142975,4.36055164896348,3.3886386210735697,-37.74425084810668,Before Launch
276,2025-03-20 01:02:42,11.847,1.32545936,0.787,22.78,-119.74991766666666,36.8142975,4.372281673159591,3.3760269519955037,-37.73223713234999,Before Launch
277,2025-03-20 01:02:42,11.889,0.35761156,-0.674,22.785,-119.74991766666666,36.8142975,4.4008362230096925,3.378996380559904,-37.75954216989436,Before Launch
278,2025-03-20 01:02:43,11.933,2.52952764,2.017,22.778,-119.74991766666666,36.8142975,4.413536195664327,3.3706696511553425,-37.736877020537754,Before Launch
279,2025-03-20 01:02:43,11.975,0.24934383999999998,0.134,22.788,-119.74991766666666,36.8142975,4.420288309040136,3.360077975162419,-37.76205879438496,Before Launch
280,2025-03-20 01:02:43,12.018,0.35761156,1.234,22.778,-119.74991783333333,36.814299,4.41948010190771,3.3694239251924025,-37.767399368776566,Before Launch
281,2025-03-20 01:02:43,12.06,0.35761156,0.796,22.778,-119.74991783333333,36.814299,4.4136311662249055,3.418387078601463,-37.750483267684416,Before Launch
282,2025-03-20 01:02:43,12.103,1.0826772,0.237,22.785,-119.74991783333333,36.814299,4.396271819953559,3.422960946599666,-37.742125806221175,Before Launch
283,2025-03-20 01:02:43,12.145,1.8077428400000002,2.389,22.785,-119.74991783333333,36.814299,4.409268163381281,3.4099431741829767,-37.69909010725425,Before Launch
284,2025-03-20 01:02:43,12.188,1.3353018799999998,1.596,22.788,-119.74991783333333,36.814299,4.386358013983911,3.3827379061645786,-37.645303274626485,Before Launch
285,2025-03-20 01:02:43,12.231,-0.00328084,-0.904,22.785,-119.74991783333333,36.814299,4.383143616603702,3.4009454987328125,-37.614332204501984,Before Launch
286,2025-03-20 01:02:43,12.273,1.2139108,1.605,22.783,-119.74991783333333,36.814299,4.386245968334895,3.3816930850419142,-37.57188665139787,Before Launch
287,2025-03-20 01:02:43,12.316,0.7217848,1.704,22.785,-119.74991783333333,36.814299,4.3909554067473815,3.40217503611675,-37.484603016699765,Before Launch
288,2025-03-20 01:02:43,12.358,0.61023624,-1.568,22.788,-119.74991783333333,36.814299,4.390368137690002,3.428952504174008,-37.425146716889934,Before Launch
289,2025-03-20 01:02:43,12.401,-1.20078744,-1.463,22.79,-119.74991783333333,36.814299,4.389553142487197,3.4053498702379987,-37.37396392207727,Before Launch
290,2025-03-20 01:02:43,12.451,1.3353018799999998,0.911,22.788,-119.74991783333333,36.814299,4.393789596275882,3.406518218993309,-37.37358479082335,Before Launch
291,2025-03-20 01:02:43,12.494,0.9744094799999999,0.471,22.788,-119.74991783333333,36.814299,4.401411385043762,3.364604781644802,-37.34216115839621,Before Launch
292,2025-03-20 01:02:43,12.537,0.49212599999999995,0.247,22.79,-119.74991783333333,36.814299,4.4159776696289335,3.3684450441505125,-37.36311971660637,Before Launch
293,2025-03-20 01:02:43,12.579,-0.59711288,-0.113,22.79,-119.74991783333333,36.814299,4.43266793420733,3.3817088244978875,-37.39387284925448,Before Launch
294,2025-03-20 01:02:43,12.622,-0.35433072,0.125,22.793,-119.74991783333333,36.814299,4.434335681835976,3.366473122740629,-37.39666419007263,Before Launch
295,2025-03-20 01:02:43,12.665,-0.11482940000000001,-1.451,22.788,-119.74991783333333,36.814299,4.422709924197968,3.3828237425071466,-37.476264144253385,Before Launch
296,2025-03-20 01:02:43,12.707,0.49212599999999995,0.012,22.79,-119.74991783333333,36.814299,4.416635714798646,3.391024964938864,-37.49948152943475,Before Launch
297,2025-03-20 01:02:43,12.75,0.61023624,0.574,22.788,-119.74991783333333,36.814299,4.394887168846225,3.3934248325478706,-37.54225085388152,Before Launch
298,2025-03-20 01:02:43,12.792,-0.36417324,-1.449,22.785,-119.74991783333333,36.814299,4.3828588955748895,3.400032632162433,-37.5765712006791,Before Launch
299,2025-03-20 01:02:43,12.835,-0.71522312,-1.225,22.788,-119.74991783333333,36.814299,4.3938159229949925,3.391428390246687,-37.55259139913526,Before Launch
300,2025-03-20 01:02:43,12.877,0.9612861199999999,1.125,22.78,-119.74991783333333,36.814299,4.38351588736612,3.3700442237786308,-37.52994626180575,Before Launch
301,2025-03-20 01:02:44,12.919,1.44685044,0.113,22.785,-119.74991783333333,36.814299,4.383024680757192,3.371688474512967,-37.52347857600868,Before Launch
302,2025-03-20 01:02:44,12.962,0.12795276,-0.214,22.785,-119.74991783333333,36.814299,4.38293863747099,3.379032273405248,-37.53804807133782,Before Launch
303,2025-03-20 01:02:44,13.004,0.24934383999999998,-2.129,22.788,-119.74991783333333,36.814299,4.387954214090325,3.3993543914389863,-37.51228520911963,Before Launch
304,2025-03-20 01:02:44,13.047,-0.6069554,-0.799,22.783,-119.749918,36.81429983333334,4.413607777797862,3.4219614038840835,-37.473699366913095,Before Launch
305,2025-03-20 01:02:44,13.089,0.61023624,0.236,22.788,-119.749918,36.81429983333334,4.424282562843732,3.3896464530446138,-37.475058387614524,Before Launch
306,2025-03-20 01:02:44,13.131,1.57808404,1.14,22.79,-119.749918,36.81429983333334,4.413043023777382,3.419096321216441,-37.501627072892894,Before Launch
307,2025-03-20 01:02:44,13.182,0.24934383999999998,-0.772,22.788,-119.749918,36.81429983333334,4.41606156771222,3.412936640795319,-37.54185362020339,Before Launch
308,2025-03-20 01:02:44,13.227,-0.59711288,-2.223,22.79,-119.749918,36.81429983333334,4.450049074298579,3.3845481329252047,-37.49564619396021,Before Launch
309,2025-03-20 01:02:44,13.269,0.00656168,-1.229,22.793,-119.749918,36.81429983333334,4.4682166240214585,3.378018623465081,-37.473775826110334,Before Launch
310,2025-03-20 01:02:44,13.312,-0.4757218,-0.437,22.788,-119.749918,36.81429983333334,4.442284014061752,3.362857996918068,-37.4439163988603,Before Launch
311,2025-03-20 01:02:44,13.355,0.24934383999999998,-0.891,22.788,-119.749918,36.81429983333334,4.449480835263858,3.3441804765485137,-37.4137122212145,Before Launch
312,2025-03-20 01:02:44,13.398,-0.36417324,-1.004,22.785,-119.749918,36.81429983333334,4.421745716899634,3.3886591473610412,-37.48600625755814,Before Launch
313,2025-03-20 01:02:44,13.44,0.9744094799999999,0.337,22.788,-119.749918,36.81429983333334,4.445100136180744,3.408054575180516,-37.565125265801896,Before Launch
314,2025-03-20 01:02:44,13.483,1.2139108,2.232,22.79,-119.749918,36.81429983333334,4.421041633353857,3.420927829864465,-37.64963937330834,Before Launch
315,2025-03-20 01:02:44,13.525,-0.4757218,-1.686,22.795,-119.749918,36.81429983333334,4.4026721197175815,3.4335238174561145,-37.67391867405717,Before Launch
316,2025-03-20 01:02:44,13.569,0.24934383999999998,-0.674,22.788,-119.749918,36.81429983333334,4.430709077514143,3.4392514553346136,-37.70443675365271,Before Launch
317,2025-03-20 01:02:44,13.611,1.3353018799999998,0.785,22.788,-119.749918,36.81429983333334,4.409577584764345,3.4115666654232766,-37.64615207738862,Before Launch
318,2025-03-20 01:02:44,13.654,-1.69619428,-1.022,22.783,-119.749918,36.81429983333334,4.4075401642112695,3.3981271912720246,-37.48652088937271,Before Launch
319,2025-03-20 01:02:44,13.696,1.57808404,1.799,22.79,-119.749918,36.81429983333334,4.425373809380993,3.383531026386126,-37.4344823280408,Before Launch
320,2025-03-20 01:02:44,13.739,1.09580056,1.127,22.793,-119.749918,36.81429983333334,4.4311081769369425,3.362033970587875,-37.43596929431193,Before Launch
321,2025-03-20 01:02:44,13.781,1.0826772,0.55,22.785,-119.749918,36.81429983333334,4.441974221098355,3.361608751748726,-37.46310673366258,Before Launch
322,2025-03-20 01:02:44,13.824,0.24934383999999998,-0.336,22.788,-119.749918,36.81429983333334,4.4294824809784,3.423863746892592,-37.6239924421772,Before Launch
323,2025-03-20 01:02:44,13.866,0.47900264,0.785,22.783,-119.749918,36.81429983333334,4.441098244376907,3.3990336953532423,-37.649585451011234,Before Launch
324,2025-03-20 01:02:45,13.909,-0.36417324,0.327,22.785,-119.749918,36.81429983333334,4.418613266242817,3.41023315228364,-37.70223609524818,Before Launch
325,2025-03-20 01:02:45,13.951,0.35761156,-0.562,22.785,-119.749918,36.81429983333334,4.412375063229525,3.386412993843765,-37.67004080860374,Before Launch
326,2025-03-20 01:02:45,13.995,1.56496068,0.11,22.783,-119.749918,36.81429983333334,4.429724442054307,3.3751591166657056,-37.50488361086547,Before Launch
327,2025-03-20 01:02:45,14.037,-0.11482940000000001,-0.226,22.788,-119.7499185,36.81430066666667,4.403705198360796,3.392328395559735,-37.429940240390565,Before Launch
328,2025-03-20 01:02:45,14.079,0.47900264,0.214,22.783,-119.7499185,36.81430066666667,4.430676366920222,3.3716847189836625,-37.342517682494375,Before Launch
329,2025-03-20 01:02:45,14.122,0.47900264,1.01,22.783,-119.7499185,36.81430066666667,4.41013997072394,3.3423606568255377,-37.31610990872248,Before Launch
330,2025-03-20 01:02:45,14.165,0.8530184000000001,0.226,22.785,-119.7499185,36.81430066666667,4.4111918337484735,3.3514866022750245,-37.462994944653445,Before Launch
331,2025-03-20 01:02:45,14.207,0.47900264,-1.021,22.783,-119.7499185,36.81430066666667,4.409761424018574,3.382943699677472,-37.57556089908846,Before Launch
332,2025-03-20 01:02:45,14.25,1.0826772,0.78,22.785,-119.7499185,36.81430066666667,4.401745739941217,3.4108972071860264,-37.75683870612349,Before Launch
333,2025-03-20 01:02:45,14.292,-0.00328084,0.558,22.788,-119.7499185,36.81430066666667,4.388028085042949,3.4118647961616633,-37.82807464116059,Before Launch
334,2025-03-20 01:02:45,14.335,-0.11482940000000001,-0.114,22.788,-119.7499185,36.81430066666667,4.401030580849493,3.405041261384733,-37.798265042994515,Before Launch
335,2025-03-20 01:02:45,14.377,-0.4757218,0.0,22.795,-119.7499185,36.81430066666667,4.4181842451166835,3.3965224990406795,-37.69531712167666,Before Launch
336,2025-03-20 01:02:45,14.42,0.61351708,0.342,22.795,-119.7499185,36.81430066666667,4.382319880969803,3.3905136339491526,-37.492319059056136,Before Launch
337,2025-03-20 01:02:45,14.462,1.8208662000000002,2.054,22.793,-119.7499185,36.81430066666667,4.389824715906396,3.376728979424595,-37.41185027570735,Before Launch
338,2025-03-20 01:02:45,14.505,1.0826772,0.102,22.785,-119.7499185,36.81430066666667,4.4115999551639495,3.389836984742388,-37.29614015239605,Before Launch
339,2025-03-20 01:02:45,14.547,1.56496068,0.33,22.783,-119.7499185,36.81430066666667,4.4058469236587054,3.387860124287227,-37.26037757425814,Before Launch
340,2025-03-20 01:02:45,14.59,0.00656168,0.453,22.793,-119.7499185,36.81430066666667,4.408589235918202,3.375941479937449,-37.2242393040435,Before Launch
341,2025-03-20 01:02:45,14.632,-0.4757218,-0.682,22.788,-119.7499185,36.81430066666667,4.4235466679005935,3.3661183969407107,-37.20141777194991,Before Launch
342,2025-03-20 01:02:45,14.675,0.35761156,-0.919,22.785,-119.7499185,36.81430066666667,4.4535455251191385,3.361849526788359,-37.193086971850455,Before Launch
343,2025-03-20 01:02:45,14.718,0.11811023999999999,1.705,22.783,-119.7499185,36.81430066666667,4.454456247643334,3.3405068048381215,-37.22378626867218,Before Launch
344,2025-03-20 01:02:45,14.761,0.24934383999999998,-1.248,22.788,-119.7499185,36.81430066666667,4.456121282248156,3.3729842221807944,-37.43379610075112,Before Launch
345,2025-03-20 01:02:45,14.803,-0.4757218,-1.477,22.788,-119.7499185,36.81430066666667,4.451255888026158,3.3913933266192338,-37.526873287200715,Before Launch
346,2025-03-20 01:02:45,14.845,-0.23293963999999998,-1.236,22.79,-119.7499185,36.81430066666667,4.427747953324334,3.3715896950063313,-37.670902175433554,Before Launch
347,2025-03-20 01:02:45,14.888,0.12795276,-0.114,22.79,-119.7499185,36.81430066666667,4.41107581594439,3.399701347247677,-37.734578217059294,Before Launch
348,2025-03-20 01:02:46,14.93,0.24934383999999998,-0.216,22.795,-119.7499185,36.81430066666667,4.413030970043866,3.4165293442182465,-37.79111394534881,Before Launch
349,2025-03-20 01:02:46,14.973,-0.72834648,-0.342,22.795,-119.7499185,36.81430066666667,4.426191989898025,3.4247179997401758,-37.803848579323635,Before Launch
350,2025-03-20 01:02:46,15.015,0.7217848,0.342,22.785,-119.7499185,36.81430066666667,4.4237027017078585,3.436284840818688,-37.76804718722565,Before Launch
351,2025-03-20 01:02:46,15.058,0.37073492,-1.123,22.793,-119.74991933333334,36.814302,4.405628096596396,3.4479619202726663,-37.745176346421616,Before Launch
352,2025-03-20 01:02:46,15.101,-0.71522312,-0.564,22.793,-119.74991933333334,36.814302,4.425279059077131,3.4310668219222795,-37.703921939102415,Before Launch
353,2025-03-20 01:02:46,15.143,0.24934383999999998,-0.216,22.795,-119.74991933333334,36.814302,4.438038647295187,3.410131941262398,-37.691401504034125,Before Launch
354,2025-03-20 01:02:46,15.194,0.37073492,-0.101,22.793,-119.74991933333334,36.814302,4.431761040086401,3.4036754376373755,-37.63582383865178,Before Launch
355,2025-03-20 01:02:46,15.238,-0.4757218,-1.238,22.795,-119.74991933333334,36.814302,4.4138747375312715,3.4234948273553685,-37.50063692228822,Before Launch
356,2025-03-20 01:02:46,15.28,0.24934383999999998,-0.214,22.788,-119.74991933333334,36.814302,4.409746276466887,3.4433354629210693,-37.45255637045047,Before Launch
357,2025-03-20 01:02:46,15.323,0.49212599999999995,-0.55,22.79,-119.74991933333334,36.814302,4.406025866842764,3.4088811090931177,-37.38639876692139,Before Launch
358,2025-03-20 01:02:46,15.365,-0.11482940000000001,-0.104,22.788,-119.74991933333334,36.814302,4.41291400477525,3.3804226937612016,-37.30139269022881,Before Launch
359,2025-03-20 01:02:46,15.408,-0.11482940000000001,0.0,22.788,-119.74991933333334,36.814302,4.467838207362632,3.365004177321414,-37.14863987372135,Before Launch
360,2025-03-20 01:02:46,15.45,1.92913392,2.241,22.783,-119.74991933333334,36.814302,4.4658217766802295,3.333423128404463,-37.10437492770053,Before Launch
361,2025-03-20 01:02:46,15.494,0.12795276,-0.452,22.788,-119.74991933333334,36.814302,4.427724467273895,3.3602643987057332,-37.09312887865398,Before Launch
362,2025-03-20 01:02:46,15.537,0.73162732,-1.013,22.793,-119.74991933333334,36.814302,4.439423269382021,3.3642305098043743,-37.07058011048672,Before Launch
363,2025-03-20 01:02:46,15.579,-0.59711288,-1.564,22.79,-119.74991933333334,36.814302,4.464123812780618,3.416684315766427,-37.09595166529035,Before Launch
364,2025-03-20 01:02:46,15.621,-0.4757218,-1.9,22.795,-119.74991933333334,36.814302,4.452745373159468,3.409138291319418,-37.175682419121145,Before Launch
365,2025-03-20 01:02:46,15.665,0.12795276,0.113,22.79,-119.74991933333334,36.814302,4.4551187503851795,3.386037305403744,-37.346196478808146,Before Launch
366,2025-03-20 01:02:46,15.707,-0.71522312,-0.223,22.793,-119.74991933333334,36.814302,4.451501486588103,3.3869461034029062,-37.410225154966135,Before Launch
367,2025-03-20 01:02:46,15.751,-0.11154856,-0.436,22.795,-119.74991933333334,36.814302,4.430007967530726,3.406307128169746,-37.43265429286915,Before Launch
368,2025-03-20 01:02:46,15.795,-0.4757218,-0.551,22.795,-119.74991933333334,36.814302,4.433560954092441,3.3852631051043014,-37.37659394897056,Before Launch
369,2025-03-20 01:02:46,15.838,0.35761156,0.101,22.785,-119.74991933333334,36.814302,4.3909295755470445,3.357622438303822,-37.31128745466441,Before Launch
370,2025-03-20 01:02:46,15.88,0.37073492,0.786,22.793,-119.74991933333334,36.814302,4.3879796170515535,3.3731719717633704,-37.29768248126516,Before Launch
371,2025-03-20 01:02:47,15.925,-0.36417324,-0.122,22.785,-119.74991933333334,36.814302,4.415361456883476,3.344641333854089,-37.31027633750558,Before Launch
372,2025-03-20 01:02:47,15.968,1.09580056,0.896,22.793,-119.74991933333334,36.814302,4.405661047002772,3.3408860179497495,-37.2781131396241,Before Launch
373,2025-03-20 01:02:47,16.01,-0.11154856,-0.334,22.795,-119.74991933333334,36.814302,4.406701942676126,3.3451692028748905,-37.27775733309064,Before Launch
374,2025-03-20 01:02:47,16.054,0.12795276,0.792,22.79,-119.74992016666667,36.814303833333334,4.420692064554466,3.336408445518927,-37.28365831214022,Before Launch
375,2025-03-20 01:02:47,16.097,0.61351708,-0.1,22.795,-119.74992016666667,36.814303833333334,4.3875176732134955,3.3211929978013983,-37.28789922972362,Before Launch
376,2025-03-20 01:02:47,16.14,-0.34448819999999997,-0.661,22.8,-119.74992016666667,36.814303833333334,4.397051288395832,3.298789970997796,-37.27849110685592,Before Launch
377,2025-03-20 01:02:47,16.182,-0.8366142,-0.112,22.795,-119.74992016666667,36.814303833333334,4.417822814711116,3.2769514912929516,-37.099955948679025,Before Launch
378,2025-03-20 01:02:47,16.224,0.9744094799999999,0.671,22.795,-119.74992016666667,36.814303833333334,4.449748882345992,3.2816598929760756,-37.04884383892064,Before Launch
379,2025-03-20 01:02:47,16.269,0.6233596,0.235,22.803,-119.74992016666667,36.814303833333334,4.431243449581789,3.1184937505998023,-35.471290431494644,Before Launch
380,2025-03-20 01:02:47,16.311,-0.9481627599999999,-0.44,22.797,-119.74992016666667,36.814303833333334,4.4585492420748984,3.019614114347079,-34.40592801696046,Before Launch
381,2025-03-20 01:02:47,16.354,0.61351708,0.339,22.795,-119.74992016666667,36.814303833333334,4.538967628526256,2.9524614754482976,-33.07538738618696,Before Launch
382,2025-03-20 01:02:47,16.396,0.50196852,0.009,22.797,-119.74992016666667,36.814303833333334,4.556490119524092,2.9651129299420744,-32.6867996743153,Before Launch
383,2025-03-20 01:02:47,16.44,0.73162732,0.787,22.795,-119.74992016666667,36.814303833333334,4.578301572899187,3.0910870924604255,-34.17538137722496,Before Launch
384,2025-03-20 01:02:47,16.482,0.00656168,0.113,22.793,-119.74992016666667,36.814303833333334,4.524238847077404,3.106491730087383,-34.79412360063833,Before Launch
385,2025-03-20 01:02:47,16.525,0.24934383999999998,-1.563,22.795,-119.74992016666667,36.814303833333334,4.496438282650629,3.187414552855784,-35.79209214150128,Before Launch
386,2025-03-20 01:02:47,16.567,-0.95800528,-1.012,22.795,-119.74992016666667,36.814303833333334,4.451052160572986,3.3152412478345763,-36.39021086044796,Before Launch
387,2025-03-20 01:02:47,16.618,0.24934383999999998,-0.446,22.795,-119.74992016666667,36.814303833333334,4.460996211063411,3.355195087196188,-36.57181057472827,Before Launch
388,2025-03-20 01:02:47,16.661,0.50196852,1.016,22.797,-119.74992016666667,36.814303833333334,4.460236621438607,3.3781864786198947,-36.88714289415315,Before Launch
389,2025-03-20 01:02:47,16.705,-0.11154856,0.336,22.795,-119.74992016666667,36.814303833333334,4.477810995199516,3.4056641137060155,-37.0476933251234,Before Launch
390,2025-03-20 01:02:47,16.748,-0.9481627599999999,-0.994,22.797,-119.74992016666667,36.814303833333334,4.480218365512387,3.389212129617914,-37.29118100826155,Before Launch
391,2025-03-20 01:02:47,16.79,2.67716544,3.132,22.797,-119.74992016666667,36.814303833333334,4.479911254652771,3.3993859386142495,-37.37260800383836,Before Launch
392,2025-03-20 01:02:47,16.833,0.9744094799999999,1.004,22.795,-119.74992016666667,36.814303833333334,4.443033078473345,3.4344238952549198,-37.448295071601805,Before Launch
393,2025-03-20 01:02:47,16.875,0.2624672,0.684,22.803,-119.74992016666667,36.814303833333334,4.448667496718576,3.4489097184875517,-37.51669207143997,Before Launch
394,2025-03-20 01:02:48,16.918,1.69947512,1.242,22.795,-119.74992016666667,36.814303833333334,4.451054316268595,3.4099861025904876,-37.60557096694584,Before Launch
395,2025-03-20 01:02:48,16.961,2.4245407599999997,1.9,22.795,-119.74992016666667,36.814303833333334,4.430436036006233,3.4141815414913634,-37.559617978431504,Before Launch
396,2025-03-20 01:02:48,17.005,0.74475068,1.027,22.8,-119.74992016666667,36.814303833333334,4.427194122362592,3.4134716901078552,-37.53984229641907,Before Launch
397,2025-03-20 01:02:48,17.047,1.46981632,0.347,22.8,-119.74992016666667,36.814303833333334,4.403696284968045,3.4297332419602484,-37.611786433219535,Before Launch
398,2025-03-20 01:02:48,17.09,1.45669296,1.452,22.793,-119.74992016666667,36.814303833333334,4.389694475603115,3.4084909753484705,-37.71212824354066,Before Launch
399,2025-03-20 01:02:48,17.132,-0.10170604,-0.213,22.803,-119.74992116666667,36.81430566666667,4.388181607824573,3.393753529610873,-37.76559460315869,Before Launch
400,2025-03-20 01:02:48,17.174,1.9520997999999998,1.243,22.797,-119.74992116666667,36.81430566666667,4.408941913162675,3.408603786212566,-37.805725344939084,Before Launch
401,2025-03-20 01:02:48,17.217,1.83070872,2.02,22.8,-119.74992116666667,36.81430566666667,4.388452170112515,3.4164981959964456,-37.80818318494856,Before Launch
402,2025-03-20 01:02:48,17.26,0.9744094799999999,1.68,22.795,-119.74992116666667,36.81430566666667,4.425146140285267,3.410468802041449,-37.80298576847715,Before Launch
403,2025-03-20 01:02:48,17.302,2.3129922,1.242,22.795,-119.74992116666667,36.81430566666667,4.395996998469103,3.3794884995855163,-37.67739022031256,Before Launch
404,2025-03-20 01:02:48,17.352,0.01968504,-0.557,22.8,-119.74992116666667,36.81430566666667,4.409680696367519,3.417781309137392,-37.60748466050346,Before Launch
405,2025-03-20 01:02:48,17.396,1.69947512,2.44,22.795,-119.74992116666667,36.81430566666667,4.404824202746819,3.417461138156945,-37.501596703962065,Before Launch
406,2025-03-20 01:02:48,17.439,0.00656168,-0.559,22.793,-119.74992116666667,36.81430566666667,4.405680290269227,3.4004409407360843,-37.45943231100869,Before Launch
407,2025-03-20 01:02:48,17.482,0.49212599999999995,-0.009,22.79,-119.74992116666667,36.81430566666667,4.4299182939972255,3.404678121838043,-37.41518332245239,Before Launch
408,2025-03-20 01:02:48,17.525,0.74475068,0.012,22.8,-119.74992116666667,36.81430566666667,4.424716291262886,3.387595730919372,-37.3554330797786,Before Launch
409,2025-03-20 01:02:48,17.567,1.22703416,1.125,22.797,-119.74992116666667,36.81430566666667,4.423853851223998,3.3884502901080866,-37.414070950718774,Before Launch
410,2025-03-20 01:02:48,17.61,2.19488196,1.793,22.8,-119.74992116666667,36.81430566666667,4.440383172802799,3.408978798928561,-37.46056769819229,Before Launch
411,2025-03-20 01:02:48,17.652,0.2624672,1.125,22.8,-119.74992116666667,36.81430566666667,4.411895757555416,3.392367039892985,-37.535641391473895,Before Launch
412,2025-03-20 01:02:48,17.694,0.74475068,0.46,22.8,-119.74992116666667,36.81430566666667,4.424593712925143,3.412071291468689,-37.536755528990874,Before Launch
413,2025-03-20 01:02:48,17.737,0.14107612,-0.335,22.797,-119.74992116666667,36.81430566666667,4.404934819174075,3.385525917894916,-37.53280107214347,Before Launch
414,2025-03-20 01:02:48,17.779,-0.4757218,-0.339,22.795,-119.74992116666667,36.81430566666667,4.420074312097541,3.396808815776679,-37.5450593911824,Before Launch
415,2025-03-20 01:02:48,17.822,0.38057744,1.237,22.8,-119.74992116666667,36.81430566666667,4.427525637188202,3.4068444287915587,-37.50423006821021,Before Launch
416,2025-03-20 01:02:48,17.864,0.01968504,-2.474,22.8,-119.74992116666667,36.81430566666667,4.426275521402854,3.4115231965897133,-37.543934092967625,Before Launch
417,2025-03-20 01:02:49,17.906,3.1496063999999997,2.027,22.795,-119.74992116666667,36.81430566666667,4.434041697719321,3.4106102846289126,-37.4914950878566,Before Launch
418,2025-03-20 01:02:49,17.949,0.14107612,-0.113,22.805,-119.74992116666667,36.81430566666667,4.45404635332,3.390503023118278,-37.45313580568698,Before Launch
419,2025-03-20 01:02:49,17.992,-0.10170604,-1.677,22.803,-119.74992116666667,36.81430566666667,4.428571131741716,3.388712250214486,-37.4143697951437,Before Launch
420,2025-03-20 01:02:49,18.034,1.9520997999999998,-0.44,22.805,-119.74992183333333,36.81430616666667,4.430563121102951,3.3744895891543014,-37.413052133586845,Before Launch
421,2025-03-20 01:02:49,18.077,0.14107612,-0.563,22.805,-119.74992183333333,36.81430616666667,4.426431011136499,3.355368061948953,-37.39232152870822,Before Launch
422,2025-03-20 01:02:49,18.119,-0.9481627599999999,-2.256,22.797,-119.74992183333333,36.81430616666667,4.420449717045198,3.3866816202086367,-37.387833745430704,Before Launch
423,2025-03-20 01:02:49,18.161,-0.5839895199999999,-1.905,22.805,-119.74992183333333,36.81430616666667,4.421958323038835,3.3798313691531074,-37.36678394088178,Before Launch
424,2025-03-20 01:02:49,18.204,0.6233596,0.676,22.8,-119.74992183333333,36.81430616666667,4.441383296657603,3.3934938596216604,-37.36692532677941,Before Launch
425,2025-03-20 01:02:49,18.247,-1.54855648,-3.262,22.803,-119.74992183333333,36.81430616666667,4.432268743580171,3.416051895812599,-37.36213880639875,Before Launch
426,2025-03-20 01:02:49,18.29,0.6233596,-1.125,22.803,-119.74992183333333,36.81430616666667,4.426494667693687,3.4294680768407853,-37.41999157441133,Before Launch
427,2025-03-20 01:02:49,18.332,1.46981632,0.462,22.803,-119.74992183333333,36.81430616666667,4.412211531441621,3.432103983756586,-37.421015247961435,Before Launch
428,2025-03-20 01:02:49,18.375,0.14107612,-2.024,22.805,-119.74992183333333,36.81430616666667,4.416531896326568,3.4025554242559033,-37.38729342229259,Before Launch
429,2025-03-20 01:02:49,18.417,-0.7053806,-0.681,22.8,-119.74992183333333,36.81430616666667,4.415564267857405,3.3770542307731928,-37.35134090596582,Before Launch
430,2025-03-20 01:02:49,18.46,1.46981632,-0.216,22.805,-119.74992183333333,36.81430616666667,4.4222187912146005,3.3779998586645723,-37.366099650809254,Before Launch
431,2025-03-20 01:02:49,18.503,0.01968504,0.012,22.8,-119.74992183333333,36.81430616666667,4.460496551991786,3.3605711776919907,-37.25705800049278,Before Launch
432,2025-03-20 01:02:49,18.546,1.5879265599999999,1.03,22.797,-119.74992183333333,36.81430616666667,4.460860546101158,3.3595467730293733,-37.22719328319066,Before Launch
433,2025-03-20 01:02:49,18.588,0.74475068,0.0,22.8,-119.74992183333333,36.81430616666667,4.4349516867240855,3.361778563892177,-37.168963288073186,Before Launch
434,2025-03-20 01:02:49,18.631,0.6233596,-0.567,22.803,-119.74992183333333,36.81430616666667,4.4405969933105665,3.3462657085342786,-37.203272463802634,Before Launch
435,2025-03-20 01:02:49,18.674,-0.34448819999999997,-2.387,22.8,-119.74992183333333,36.81430616666667,4.450401426152468,3.3665995933633783,-37.363054185896246,Before Launch
436,2025-03-20 01:02:49,18.716,0.6233596,0.339,22.805,-119.74992183333333,36.81430616666667,4.4400166638343554,3.38481422939708,-37.505937649311754,Before Launch
437,2025-03-20 01:02:49,18.758,1.33858272,0.558,22.795,-119.74992183333333,36.81430616666667,4.416236953445859,3.410870003072512,-37.71929744864347,Before Launch
438,2025-03-20 01:02:49,18.801,1.9520997999999998,1.702,22.805,-119.74992183333333,36.81430616666667,4.423824171685163,3.4449128994076164,-37.8121381188868,Before Launch
439,2025-03-20 01:02:49,18.843,0.86286092,1.258,22.797,-119.74992183333333,36.81430616666667,4.408391452815365,3.4278728458691603,-37.97142223044841,Before Launch
440,2025-03-20 01:02:49,18.886,-0.11154856,-0.463,22.795,-119.74992183333333,36.81430616666667,4.402712857234587,3.43736233592202,-37.972933462245685,Before Launch
441,2025-03-20 01:02:50,18.928,0.38385828,0.342,22.808,-119.74992183333333,36.81430616666667,4.399836992211522,3.4437809750642487,-37.95885375619459,Before Launch
442,2025-03-20 01:02:50,18.97,-0.22309712,-3.17,22.797,-119.74992183333333,36.81430616666667,4.380415602733432,3.407998735077768,-37.951407989941934,Before Launch
443,2025-03-20 01:02:50,19.013,-0.82677168,-0.91,22.803,-119.74992183333333,36.81430616666667,4.371478118717519,3.401653822333493,-37.93118128023677,Before Launch
444,2025-03-20 01:02:50,19.055,1.69947512,1.694,22.795,-119.74992233333333,36.814307,4.384603372905597,3.4190228555849798,-37.885697940677076,Before Launch
445,2025-03-20 01:02:50,19.098,-0.46259843999999994,-2.269,22.803,-119.74992233333333,36.814307,4.409518491103584,3.4080820505961453,-37.782180359505084,Before Launch
446,2025-03-20 01:02:50,19.14,2.19488196,1.932,22.8,-119.74992233333333,36.814307,4.406587454933973,3.393194737724832,-37.70061805750214,Before Launch
447,2025-03-20 01:02:50,19.182,-0.81364832,0.127,22.81,-119.74992233333333,36.814307,4.397621090081468,3.421105506693692,-37.570128594639506,Before Launch
448,2025-03-20 01:02:50,19.225,0.2624672,0.796,22.803,-119.74992233333333,36.814307,4.411457643881642,3.42079341394999,-37.573885804322934,Before Launch
449,2025-03-20 01:02:50,19.267,-0.5839895199999999,-1.136,22.805,-119.74992233333333,36.814307,4.443628632253189,3.3997553711656847,-37.56958406756828,Before Launch
450,2025-03-20 01:02:50,19.31,0.6233596,2.043,22.803,-119.74992233333333,36.814307,4.4492843194437715,3.3847044705973257,-37.56637063632187,Before Launch
451,2025-03-20 01:02:50,19.353,0.63648296,0.012,22.81,-119.74992233333333,36.814307,4.4458679519080855,3.394989010775035,-37.643960649701,Before Launch
452,2025-03-20 01:02:50,19.395,-0.70209976,-2.043,22.808,-119.74992233333333,36.814307,4.436825439710402,3.3715621336434927,-37.67696327897697,Before Launch
453,2025-03-20 01:02:50,19.438,1.46981632,1.25,22.8,-119.74992233333333,36.814307,4.408276624474987,3.427928451155598,-37.65919816437221,Before Launch
454,2025-03-20 01:02:50,19.48,0.2624672,0.91,22.803,-119.74992233333333,36.814307,4.406857578898153,3.4108749473932902,-37.64214126271604,Before Launch
455,2025-03-20 01:02:50,19.522,1.71259848,0.229,22.803,-119.74992233333333,36.814307,4.410363273236178,3.400381659962075,-37.63849476741002,Before Launch
456,2025-03-20 01:02:50,19.565,0.63648296,0.581,22.81,-119.74992233333333,36.814307,4.420070680666054,3.3790084416470583,-37.6171800023829,Before Launch
457,2025-03-20 01:02:50,19.615,0.74475068,-0.789,22.808,-119.74992233333333,36.814307,4.434865262493544,3.4406363115122103,-37.61364225466936,Before Launch
458,2025-03-20 01:02:50,19.66,1.1056430800000001,0.337,22.8,-119.74992233333333,36.814307,4.4290866885654205,3.4186851051826204,-37.617063276951626,Before Launch
459,2025-03-20 01:02:50,19.702,2.07349088,1.354,22.803,-119.74992233333333,36.814307,4.428521568548743,3.3929972399513066,-37.57739618338282,Before Launch
460,2025-03-20 01:02:50,19.744,1.60104992,1.818,22.812,-119.74992233333333,36.814307,4.427375745510739,3.3941720546053338,-37.54107402257183,Before Launch
461,2025-03-20 01:02:50,19.787,-0.21981628,-0.787,22.805,-119.74992233333333,36.814307,4.4189842909487425,3.40041802577766,-37.51455217039529,Before Launch
462,2025-03-20 01:02:50,19.829,0.27230972000000003,-0.996,22.805,-119.74992233333333,36.814307,4.439900668316818,3.377988081918666,-37.39780993119104,Before Launch
463,2025-03-20 01:02:50,19.871,0.15419948,-1.68,22.812,-119.74992233333333,36.814307,4.447824690832589,3.382072086427505,-37.33120822555762,Before Launch
464,2025-03-20 01:02:51,19.914,1.10892392,0.23,22.808,-119.74992233333333,36.814307,4.470471116251334,3.413571006015384,-37.36206079278552,Before Launch
465,2025-03-20 01:02:51,19.956,1.5912074,1.591,22.805,-119.74992233333333,36.814307,4.473670873464023,3.397975899187559,-37.38938763140229,Before Launch
466,2025-03-20 01:02:51,19.999,0.98753284,0.564,22.803,-119.74992233333333,36.814307,4.4660616280477425,3.409965441169618,-37.438834469393406,Before Launch
467,2025-03-20 01:02:51,20.041,2.43438328,2.481,22.803,-119.7499225,36.8143075,4.4566591452745925,3.427437805829737,-37.47474831520719,Before Launch
468,2025-03-20 01:02:51,20.083,1.83070872,2.484,22.8,-119.7499225,36.8143075,4.428789286747693,3.4352493302004334,-37.636959969965375,Before Launch
469,2025-03-20 01:02:51,20.126,1.3484252399999999,-0.328,22.81,-119.7499225,36.8143075,4.414496852781916,3.4226002577451498,-37.73631646769311,Before Launch
470,2025-03-20 01:02:51,20.168,0.86286092,1.239,22.797,-119.7499225,36.8143075,4.4066645321985645,3.4286018121173822,-37.78013293224232,Before Launch
471,2025-03-20 01:02:51,20.211,1.71259848,-0.45,22.803,-119.7499225,36.8143075,4.405142677833452,3.4284533335689145,-37.76900254193793,Before Launch
472,2025-03-20 01:02:51,20.261,1.9652231599999999,2.575,22.812,-119.7499225,36.8143075,4.378260492811669,3.4086089624780205,-37.75841830041829,Before Launch
473,2025-03-20 01:02:51,20.304,0.50524936,0.225,22.805,-119.7499225,36.8143075,4.412605137405867,3.394153911351875,-37.613642042738135,Before Launch
474,2025-03-20 01:02:51,20.347,1.230315,1.68,22.805,-119.7499225,36.8143075,4.40622470984683,3.3885811425499366,-37.56866595534008,Before Launch
475,2025-03-20 01:02:51,20.389,0.0328084,-0.547,22.815,-119.7499225,36.8143075,4.390137580972013,3.3633629364216233,-37.49094707302622,Before Launch
476,2025-03-20 01:02:51,20.432,1.5912074,0.885,22.805,-119.7499225,36.8143075,4.396800943655032,3.3797392909255506,-37.49930307784738,Before Launch
477,2025-03-20 01:02:51,20.474,1.10892392,1.678,22.808,-119.7499225,36.8143075,4.401301171564383,3.3930583072599414,-37.5049990259337,Before Launch
478,2025-03-20 01:02:51,20.516,-0.9448819199999999,-2.24,22.805,-119.7499225,36.8143075,4.4179153376919835,3.3756947176208913,-37.51138188818219,Before Launch
479,2025-03-20 01:02:51,20.559,0.14107612,-0.113,22.81,-119.7499225,36.8143075,4.4055146888516115,3.392338234770375,-37.594011793886224,Before Launch
480,2025-03-20 01:02:51,20.602,0.50524936,-1.118,22.805,-119.7499225,36.8143075,4.401216064895245,3.3904977886540477,-37.60729949601696,Before Launch
481,2025-03-20 01:02:51,20.644,0.50524936,-0.122,22.805,-119.7499225,36.8143075,4.402027416946095,3.4047472482915606,-37.606231105710336,Before Launch
482,2025-03-20 01:02:51,20.687,1.3484252399999999,0.563,22.803,-119.7499225,36.8143075,4.399638306951154,3.4263699712274054,-37.58233762744655,Before Launch
483,2025-03-20 01:02:51,20.729,0.86614176,-0.224,22.805,-119.7499225,36.8143075,4.4061170879132305,3.4309556545938955,-37.521901422720426,Before Launch
484,2025-03-20 01:02:51,20.772,0.50524936,-1.466,22.805,-119.7499225,36.8143075,4.426493587396483,3.376096033118008,-37.35724363083658,Before Launch
485,2025-03-20 01:02:51,20.822,1.10892392,-0.457,22.808,-119.7499225,36.8143075,4.431654226719491,3.3732825804296858,-37.29617085663587,Before Launch
486,2025-03-20 01:02:51,20.866,0.14107612,0.334,22.805,-119.7499225,36.8143075,4.4437469059213415,3.371087649731968,-37.172515855644676,Before Launch
487,2025-03-20 01:02:52,20.909,1.24015752,0.896,22.812,-119.7499225,36.8143075,4.43800621493322,3.3717303170805653,-37.12814649293445,Before Launch
488,2025-03-20 01:02:52,20.951,-0.08858268,-0.225,22.81,-119.7499225,36.8143075,4.4325400115431455,3.3561386520972882,-37.09516131789798,Before Launch
489,2025-03-20 01:02:52,20.994,-0.34120735999999996,-1.343,22.808,-119.7499225,36.8143075,4.451166355883342,3.3892403205763104,-37.107152266617156,Before Launch
490,2025-03-20 01:02:52,21.036,0.74475068,-0.784,22.808,-119.7499225,36.8143075,4.462626833529344,3.3570572560370184,-37.15671120141098,Before Launch
491,2025-03-20 01:02:52,21.078,0.38385828,-0.559,22.808,-119.7499225,36.8143075,4.463977427315636,3.3590027935694344,-37.16149949457279,Before Launch
492,2025-03-20 01:02:52,21.121,1.8339895600000002,-0.556,22.808,-119.74992283333333,36.81430833333334,4.4818049186485265,3.354023420268617,-37.2154928606216,Before Launch
493,2025-03-20 01:02:52,21.163,0.63648296,-1.106,22.81,-119.74992283333333,36.81430833333334,4.454149536043065,3.3841532886672145,-37.237543100525386,Before Launch
494,2025-03-20 01:02:52,21.206,0.86614176,-0.447,22.805,-119.74992283333333,36.81430833333334,4.458223489263929,3.385681349033258,-37.25704470131388,Before Launch
495,2025-03-20 01:02:52,21.248,0.0328084,-0.769,22.81,-119.74992283333333,36.81430833333334,4.460173301731291,3.378213632256144,-37.253538545158385,Before Launch
496,2025-03-20 01:02:52,21.291,1.10892392,-0.559,22.808,-119.74992283333333,36.81430833333334,4.4233207033921165,3.349417684062201,-37.31657262927431,Before Launch
497,2025-03-20 01:02:52,21.333,-0.46259843999999994,-2.265,22.803,-119.74992283333333,36.81430833333334,4.386839735363602,3.361623943888463,-37.333883332542186,Before Launch
498,2025-03-20 01:02:52,21.375,-1.30905516,-1.694,22.805,-119.74992283333333,36.81430833333334,4.386493179638389,3.3486720534658025,-37.42409500607406,Before Launch
499,2025-03-20 01:02:52,21.418,0.02296588,-1.127,22.808,-119.74992283333333,36.81430833333334,4.376415108184807,3.353618359522554,-37.445192002595654,Before Launch
500,2025-03-20 01:02:52,21.461,1.71259848,1.567,22.803,-119.74992283333333,36.81430833333334,4.381622449992995,3.3412647193676928,-37.4016158195988,Before Launch
501,2025-03-20 01:02:52,21.503,-0.20997376,-1.682,22.812,-119.74992283333333,36.81430833333334,4.36377099046218,3.3113293225674063,-37.404002356904336,Before Launch
502,2025-03-20 01:02:52,21.546,0.74475068,-0.34,22.808,-119.74992283333333,36.81430833333334,4.325011921330736,3.3248223025159933,-37.4117246011363,Before Launch
503,2025-03-20 01:02:52,21.588,-0.20997376,0.686,22.812,-119.74992283333333,36.81430833333334,4.30997989504187,3.350094077497541,-37.413026525239204,Before Launch
504,2025-03-20 01:02:52,21.631,0.39370079999999996,0.236,22.815,-119.74992283333333,36.81430833333334,4.3822662344589585,3.371597970288253,-37.46644469232811,Before Launch
505,2025-03-20 01:02:52,21.673,0.14107612,-0.34,22.805,-119.74992283333333,36.81430833333334,4.365836686907867,3.4234610793693654,-37.45344635521574,Before Launch
506,2025-03-20 01:02:52,21.715,0.16404200000000002,-0.319,22.82,-119.74992283333333,36.81430833333334,4.400288889869662,3.416487349791298,-37.30954951862418,Before Launch
507,2025-03-20 01:02:52,21.758,1.10892392,-0.224,22.808,-119.74992283333333,36.81430833333334,4.4061274149389345,3.340468535324411,-36.70916328057298,Before Launch
508,2025-03-20 01:02:52,21.801,0.14107612,-0.676,22.805,-119.74992283333333,36.81430833333334,4.433407606213787,3.2488067794868645,-35.98287109909,Before Launch
509,2025-03-20 01:02:52,21.845,-1.05314964,-1.452,22.815,-119.74992283333333,36.81430833333334,4.4462259606734404,3.252328997829762,-35.951642735218265,Before Launch
510,2025-03-20 01:02:52,21.887,1.9652231599999999,0.804,22.812,-119.74992283333333,36.81430833333334,4.439558352377619,3.223736062272361,-35.928285568160696,Before Launch
511,2025-03-20 01:02:53,21.929,1.9520997999999998,1.704,22.805,-119.74992283333333,36.81430833333334,4.439328225673959,3.2373370668900865,-36.041782943392434,Before Launch
512,2025-03-20 01:02:53,21.972,0.51509188,-0.682,22.812,-119.74992283333333,36.81430833333334,4.44565825231276,3.3331168999428695,-36.52421584938163,Before Launch
513,2025-03-20 01:02:53,22.014,0.02296588,0.105,22.808,-119.74992283333333,36.81430833333334,4.428245141744798,3.3189574529122523,-36.746543956518565,Before Launch
514,2025-03-20 01:02:53,22.057,-0.08858268,0.238,22.81,-119.7499235,36.8143095,4.3925688964551055,3.3586308077114073,-37.17428007412369,Before Launch
515,2025-03-20 01:02:53,22.099,2.0833334,1.259,22.81,-119.7499235,36.8143095,4.4073767708078995,3.3757317809029144,-37.32952711746715,Before Launch
516,2025-03-20 01:02:53,22.142,0.0328084,-0.33,22.815,-119.7499235,36.8143095,4.40530170556099,3.3755106614507095,-37.4592098857159,Before Launch
517,2025-03-20 01:02:53,22.184,1.0006561999999999,-0.784,22.808,-119.7499235,36.8143095,4.406132305039295,3.3709469662326033,-37.40489243870022,Before Launch
518,2025-03-20 01:02:53,22.227,-0.20997376,-0.796,22.812,-119.7499235,36.8143095,4.424707294402212,3.3213937288639968,-37.30682298446741,Before Launch
519,2025-03-20 01:02:53,22.269,-0.44947508,-1.238,22.818,-119.7499235,36.8143095,4.424969415197573,3.3434383115980686,-37.229697377237095,Before Launch
520,2025-03-20 01:02:53,22.313,2.5688977200000003,2.381,22.812,-119.7499235,36.8143095,4.440182344947741,3.353992536850426,-37.08408127407946,Before Launch
521,2025-03-20 01:02:53,22.355,1.46981632,0.339,22.808,-119.7499235,36.8143095,4.415309566409606,3.3740616738810663,-37.05512008335585,Before Launch
522,2025-03-20 01:02:53,22.398,2.2080053200000003,2.508,22.815,-119.7499235,36.8143095,4.416138505677645,3.3866551408304315,-37.143919653807714,Before Launch
523,2025-03-20 01:02:53,22.44,-0.32808400000000004,0.921,22.812,-119.7499235,36.8143095,4.434326341828683,3.4449414232389843,-37.18446554553413,Before Launch
524,2025-03-20 01:02:53,22.482,1.37467196,1.27,22.825,-119.7499235,36.8143095,4.457593094305624,3.376938302555846,-37.306114223048574,Before Launch
525,2025-03-20 01:02:53,22.525,-0.19685039999999998,-1.795,22.82,-119.7499235,36.8143095,4.440805836890481,3.3577701799118085,-37.31295841493966,Before Launch
526,2025-03-20 01:02:53,22.567,0.16404200000000002,0.352,22.82,-119.7499235,36.8143095,4.422808167637577,3.3830160033246295,-37.24736914889265,Before Launch
527,2025-03-20 01:02:53,22.61,0.87926512,0.126,22.812,-119.7499235,36.8143095,4.414381650840391,3.377213271833599,-37.25311290462964,Before Launch
528,2025-03-20 01:02:53,22.652,0.51509188,0.681,22.812,-119.7499235,36.8143095,4.401885362723778,3.3578022790338413,-37.23181498341486,Before Launch
529,2025-03-20 01:02:53,22.694,1.9652231599999999,1.478,22.812,-119.7499235,36.8143095,4.388486229805293,3.38020741522236,-37.23180741861989,Before Launch
530,2025-03-20 01:02:53,22.737,1.8339895600000002,1.591,22.808,-119.7499235,36.8143095,4.385526397350201,3.3368055352805186,-37.27341000213466,Before Launch
531,2025-03-20 01:02:53,22.779,1.61417328,1.363,22.82,-119.7499235,36.8143095,4.378425169255647,3.3106851681489893,-37.32514879141988,Before Launch
532,2025-03-20 01:02:53,22.822,0.27559056000000004,-0.783,22.818,-119.7499235,36.8143095,4.396358143636941,3.309351959008009,-37.543182215089686,Before Launch
533,2025-03-20 01:02:53,22.864,1.60104992,1.373,22.815,-119.7499235,36.8143095,4.389678427333666,3.3460044455538642,-37.60225256702573,Before Launch
534,2025-03-20 01:02:54,22.906,0.15419948,1.138,22.812,-119.7499235,36.8143095,4.379078153537234,3.39358271105152,-37.6502748557487,Before Launch
535,2025-03-20 01:02:54,22.949,-0.44947508,-2.274,22.818,-119.7499235,36.8143095,4.3904330011240145,3.4094682136920254,-37.65136864024643,Before Launch
536,2025-03-20 01:02:54,22.991,0.39370079999999996,-1.467,22.815,-119.7499235,36.8143095,4.422560490698685,3.3968103305169577,-37.6416426960494,Before Launch
537,2025-03-20 01:02:54,23.033,0.8891076400000001,0.353,22.82,-119.749924,36.8143105,4.411198132712088,3.431150671874898,-37.63860800311038,Before Launch
538,2025-03-20 01:02:54,23.084,1.46981632,1.352,22.808,-119.749924,36.8143105,4.398695490453491,3.406190604827652,-37.6576424707099,Before Launch
539,2025-03-20 01:02:54,23.128,0.75787404,0.79,22.815,-119.749924,36.8143105,4.392534627761872,3.388368876441744,-37.657044541346984,Before Launch
540,2025-03-20 01:02:54,23.17,1.9652231599999999,-0.11,22.818,-119.749924,36.8143105,4.389914451929433,3.3986709311311123,-37.66403011568366,Before Launch
541,2025-03-20 01:02:54,23.214,1.24015752,1.126,22.812,-119.749924,36.8143105,4.436487777920477,3.3801001381452855,-37.63274030644598,Before Launch
542,2025-03-20 01:02:54,23.257,0.63648296,-0.339,22.818,-119.749924,36.8143105,4.448240152738865,3.378739890605317,-37.6091214526551,Before Launch
543,2025-03-20 01:02:54,23.299,0.8891076400000001,1.025,22.82,-119.749924,36.8143105,4.4228564542194855,3.417515518086706,-37.60808359909125,Before Launch
544,2025-03-20 01:02:54,23.341,-0.32808400000000004,0.113,22.815,-119.749924,36.8143105,4.435474801716373,3.3900417225418784,-37.62830273399949,Before Launch
545,2025-03-20 01:02:54,23.384,0.0328084,-2.368,22.815,-119.749924,36.8143105,4.432003177116133,3.40658931987348,-37.60734488633721,Before Launch
546,2025-03-20 01:02:54,23.427,-0.67913388,-2.005,22.822,-119.749924,36.8143105,4.411459626378913,3.391983795702335,-37.5482694470989,Before Launch
547,2025-03-20 01:02:54,23.469,0.63648296,-1.467,22.818,-119.749924,36.8143105,4.418698091939723,3.4329252921849953,-37.60235138101286,Before Launch
548,2025-03-20 01:02:54,23.512,1.84383208,2.026,22.815,-119.749924,36.8143105,4.44384624377401,3.415710421938301,-37.6144091646538,Before Launch
549,2025-03-20 01:02:54,23.555,0.16404200000000002,-1.128,22.82,-119.749924,36.8143105,4.430804548267931,3.42463901577068,-37.6600030978158,Before Launch
550,2025-03-20 01:02:54,23.597,1.3615485999999999,1.454,22.818,-119.749924,36.8143105,4.446287067140826,3.442149718970766,-37.670657502437884,Before Launch
551,2025-03-20 01:02:54,23.64,2.5688977200000003,2.241,22.815,-119.749924,36.8143105,4.4700616677336455,3.43252779181178,-37.71093647612763,Before Launch
552,2025-03-20 01:02:54,23.682,0.39370079999999996,-0.453,22.818,-119.749924,36.8143105,4.466583346027209,3.456548898613524,-37.763512968962665,Before Launch
553,2025-03-20 01:02:54,23.725,1.84383208,1.238,22.815,-119.749924,36.8143105,4.447707023493112,3.451664605974864,-37.85821033976297,Before Launch
554,2025-03-20 01:02:54,23.767,-0.56102364,-2.354,22.82,-119.749924,36.8143105,4.439424349834364,3.4789046406503563,-37.91017516809155,Before Launch
555,2025-03-20 01:02:54,23.812,1.0006561999999999,-0.775,22.818,-119.749924,36.8143105,4.388662376817023,3.4341862338206557,-38.02609683475902,Before Launch
556,2025-03-20 01:02:54,23.856,0.28543308,-1.234,22.825,-119.749924,36.8143105,4.3784171614608125,3.434241527989709,-38.036582231696656,Before Launch
557,2025-03-20 01:02:55,23.899,0.52821524,0.235,22.818,-119.749924,36.8143105,4.394359438812688,3.432138877497468,-38.05628076923113,Before Launch
558,2025-03-20 01:02:55,23.941,0.63648296,-0.896,22.818,-119.749924,36.8143105,4.388004230465426,3.4422671702315704,-38.05317449075783,Before Launch
559,2025-03-20 01:02:55,23.984,0.16404200000000002,0.009,22.82,-119.749924,36.8143105,4.388908635025991,3.4654203277660462,-38.04434814968381,Before Launch
560,2025-03-20 01:02:55,24.027,1.48293968,1.793,22.812,-119.749924,36.8143105,4.367806433933436,3.482065721187854,-38.00495424635722,Before Launch
561,2025-03-20 01:02:55,24.069,1.0006561999999999,0.563,22.818,-119.749924,36.8143105,4.364203012992747,3.445348791888979,-37.89633264918112,Before Launch
562,2025-03-20 01:02:55,24.112,-1.05314964,-1.8,22.815,-119.7499245,36.81431116666667,4.364870152281755,3.4144940627302804,-37.76670611892813,Before Launch
563,2025-03-20 01:02:55,24.154,0.39370079999999996,-1.006,22.815,-119.7499245,36.81431116666667,4.379771201605147,3.392279163157422,-37.53811455768155,Before Launch
564,2025-03-20 01:02:55,24.197,2.6902888,1.808,22.812,-119.7499245,36.81431116666667,4.367177331700555,3.36354127425399,-37.44690863292636,Before Launch
565,2025-03-20 01:02:55,24.24,1.48293968,-0.451,22.815,-119.7499245,36.81431116666667,4.386755070574036,3.3578680113766257,-37.326772235324725,Before Launch
566,2025-03-20 01:02:55,24.282,1.0006561999999999,-0.224,22.812,-119.7499245,36.81431116666667,4.381670742855703,3.3652782519342375,-37.31430162022504,Before Launch
567,2025-03-20 01:02:55,24.325,2.5688977200000003,1.809,22.815,-119.7499245,36.81431116666667,4.42629621526499,3.353408574780469,-37.36172728572449,Before Launch
568,2025-03-20 01:02:55,24.368,1.3615485999999999,0.442,22.818,-119.7499245,36.81431116666667,4.43683786884088,3.396911935348516,-37.33490671907937,Before Launch
569,2025-03-20 01:02:55,24.418,0.16404200000000002,0.457,22.82,-119.7499245,36.81431116666667,4.45165308196509,3.374222804607376,-37.33512502750209,Before Launch
570,2025-03-20 01:02:55,24.465,1.0006561999999999,0.895,22.818,-119.7499245,36.81431116666667,4.453895644821673,3.355968865770322,-37.28090528200414,Before Launch
571,2025-03-20 01:02:55,24.507,0.0328084,0.659,22.815,-119.7499245,36.81431116666667,4.457972246128676,3.3738128559987217,-37.26818506218377,Before Launch
572,2025-03-20 01:02:55,24.55,0.0328084,-0.558,22.815,-119.7499245,36.81431116666667,4.4433840766746675,3.3878826339762185,-37.298182918508644,Before Launch
573,2025-03-20 01:02:55,24.592,0.27230972000000003,-1.455,22.81,-119.7499245,36.81431116666667,4.44373461511564,3.3619766656459116,-37.341147726898946,Before Launch
574,2025-03-20 01:02:55,24.635,-0.08858268,-0.234,22.818,-119.7499245,36.81431116666667,4.4326760048192,3.3778671557052187,-37.42142654934998,Before Launch
575,2025-03-20 01:02:55,24.679,1.85695544,0.458,22.822,-119.7499245,36.81431116666667,4.426770269027851,3.3706178838655654,-37.41670470422126,Before Launch
576,2025-03-20 01:02:55,24.722,1.1318898,-1.328,22.822,-119.7499245,36.81431116666667,4.418758727173225,3.355185196902186,-37.50905822489156,Before Launch
577,2025-03-20 01:02:55,24.765,2.2080053200000003,1.675,22.815,-119.7499245,36.81431116666667,4.426309956000903,3.3613485403154493,-37.52367618276308,Before Launch
578,2025-03-20 01:02:55,24.808,1.4927822,-0.324,22.822,-119.7499245,36.81431116666667,4.450320414374118,3.3621645365233506,-37.57693661412956,Before Launch
579,2025-03-20 01:02:55,24.85,1.60104992,1.996,22.812,-119.7499245,36.81431116666667,4.423710187082846,3.3861127401634445,-37.57950006043147,Before Launch
580,2025-03-20 01:02:55,24.894,1.0006561999999999,0.0,22.828,-119.7499245,36.81431116666667,4.437038977523063,3.3907757270352197,-37.610610095108065,Before Launch
581,2025-03-20 01:02:56,24.936,1.3615485999999999,0.996,22.818,-119.7499245,36.81431116666667,4.435744606061051,3.3946499050452683,-37.6112867356873,Before Launch
582,2025-03-20 01:02:56,24.979,0.39370079999999996,-0.125,22.815,-119.7499245,36.81431116666667,4.4388092658510185,3.436492305818911,-37.6755304439637,Before Launch
583,2025-03-20 01:02:56,25.021,1.4927822,0.793,22.822,-119.7499245,36.81431116666667,4.44460668012388,3.4033218781853805,-37.75503750329365,Before Launch
584,2025-03-20 01:02:56,25.064,1.3615485999999999,1.109,22.818,-119.7499245,36.81431116666667,4.399725541140956,3.396483012795992,-37.79907589395137,Before Launch
585,2025-03-20 01:02:56,25.107,1.84383208,0.334,22.815,-119.74992466666667,36.81431166666667,4.412134959746447,3.426543502615133,-37.83818315238416,Before Launch
586,2025-03-20 01:02:56,25.151,2.21784784,1.125,22.822,-119.74992466666667,36.81431166666667,4.394676425892966,3.415717340770902,-37.820204636098154,Before Launch
587,2025-03-20 01:02:56,25.193,1.4927822,2.355,22.822,-119.74992466666667,36.81431166666667,4.375830951789087,3.4289482104579623,-37.83140462137696,Before Launch
588,2025-03-20 01:02:56,25.236,0.76771656,0.346,22.822,-119.74992466666667,36.81431166666667,4.383763352673374,3.4334739920607116,-37.87193996317969,Before Launch
589,2025-03-20 01:02:56,25.278,-0.44947508,-2.904,22.82,-119.74992466666667,36.81431166666667,4.377284235789483,3.4167157366026526,-37.8353316431133,Before Launch
590,2025-03-20 01:02:56,25.321,1.61417328,0.121,22.82,-119.74992466666667,36.81431166666667,4.3975734283210715,3.4180661899245117,-37.77044815200305,Before Launch
591,2025-03-20 01:02:56,25.363,1.0006561999999999,0.0,22.818,-119.74992466666667,36.81431166666667,4.4203214350385025,3.4172993931561066,-37.737556279517015,Before Launch
592,2025-03-20 01:02:56,25.407,1.1318898,-1.328,22.822,-119.74992466666667,36.81431166666667,4.415025676392249,3.408654159076365,-37.649639866542145,Before Launch
593,2025-03-20 01:02:56,25.451,1.61417328,0.233,22.82,-119.74992466666667,36.81431166666667,4.386435166546348,3.3921657440670234,-37.62470481150837,Before Launch
594,2025-03-20 01:02:56,25.493,1.1318898,0.9,22.822,-119.74992466666667,36.81431166666667,4.391540435858401,3.423288124516871,-37.60384714146178,Before Launch
595,2025-03-20 01:02:56,25.536,1.25000004,0.233,22.82,-119.74992466666667,36.81431166666667,4.395794169474228,3.3840258727466326,-37.59653849669977,Before Launch
596,2025-03-20 01:02:56,25.578,2.3392389199999997,2.154,22.82,-119.74992466666667,36.81431166666667,4.428760609576127,3.4314841524315502,-37.61930050195913,Before Launch
597,2025-03-20 01:02:56,25.621,1.60104992,1.464,22.812,-119.74992466666667,36.81431166666667,4.436006645864399,3.429646554492606,-37.60650849383111,Before Launch
598,2025-03-20 01:02:56,25.663,1.72572184,1.357,22.82,-119.74992466666667,36.81431166666667,4.433005162961067,3.4299695099011696,-37.6443502421227,Before Launch
599,2025-03-20 01:02:56,25.705,2.2080053200000003,2.146,22.815,-119.74992466666667,36.81431166666667,4.441221019206993,3.3969098869962604,-37.61949986901644,Before Launch
600,2025-03-20 01:02:56,25.748,1.61417328,-0.227,22.82,-119.74992466666667,36.81431166666667,4.4373123111556785,3.414645050293347,-37.55268964241868,Before Launch
601,2025-03-20 01:02:56,25.79,-0.08858268,-1.143,22.822,-119.74992466666667,36.81431166666667,4.443281903895297,3.442891261254686,-37.52370868324811,Before Launch
602,2025-03-20 01:02:56,25.833,1.61417328,-0.556,22.82,-119.74992466666667,36.81431166666667,4.441441210579119,3.4114179827014848,-37.44717953503969,Before Launch
603,2025-03-20 01:02:56,25.876,0.51509188,-0.915,22.812,-119.74992466666667,36.81431166666667,4.429642405313351,3.3895673685130236,-37.38229398493892,Before Launch
604,2025-03-20 01:02:57,25.924,1.3615485999999999,-0.223,22.818,-119.74992466666667,36.81431166666667,4.453791739120314,3.364261111480358,-37.33208385871718,Before Launch
605,2025-03-20 01:02:57,25.969,0.04593176,-0.888,22.822,-119.74992466666667,36.81431166666667,4.422871033981077,3.378051520572544,-37.345508982547656,Before Launch
606,2025-03-20 01:02:57,26.014,1.60104992,0.222,22.812,-119.74992466666667,36.81431166666667,4.41201242136827,3.371316328365011,-37.44017878471534,Before Launch
607,2025-03-20 01:02:57,26.056,0.39370079999999996,0.0,22.815,-119.74992433333334,36.81431283333333,4.379967229166021,3.4120298082787937,-37.61373049899322,Before Launch
608,2025-03-20 01:02:57,26.099,0.27559056000000004,-1.129,22.818,-119.74992433333334,36.81431283333333,4.374527013521232,3.405037543575709,-37.687628291800905,Before Launch
609,2025-03-20 01:02:57,26.141,-0.44947508,-1.682,22.818,-119.74992433333334,36.81431283333333,4.390816654546232,3.4232429106072937,-37.76402532255267,Before Launch
610,2025-03-20 01:02:57,26.184,1.4927822,-0.326,22.822,-119.74992433333334,36.81431283333333,4.383154201128679,3.4127420235489736,-37.73916002317933,Before Launch
611,2025-03-20 01:02:57,26.226,1.37467196,-0.784,22.825,-119.74992433333334,36.81431283333333,4.403357854550161,3.4069589855179356,-37.64577578687426,Before Launch
612,2025-03-20 01:02:57,26.269,1.37467196,-0.11,22.825,-119.74992433333334,36.81431283333333,4.40997147935578,3.4139956586738682,-37.58847230342718,Before Launch
613,2025-03-20 01:02:57,26.319,-0.31824148,-1.003,22.822,-119.74992433333334,36.81431283333333,4.389837957168362,3.404222124227103,-37.557928041803926,Before Launch
614,2025-03-20 01:02:57,26.363,-0.07545932,0.345,22.825,-119.74992433333334,36.81431283333333,4.383443000510146,3.413086856137536,-37.49530076823748,Before Launch
615,2025-03-20 01:02:57,26.406,0.6496063200000001,-0.889,22.825,-119.74992433333334,36.81431283333333,4.399150074090644,3.3791154642252135,-37.43532575268545,Before Launch
616,2025-03-20 01:02:57,26.449,2.5688977200000003,1.444,22.815,-119.74992433333334,36.81431283333333,4.403781581181481,3.370744606023503,-37.336031088016654,Before Launch
617,2025-03-20 01:02:57,26.491,1.37467196,0.224,22.825,-119.74992433333334,36.81431283333333,4.42757819733334,3.389661021915191,-37.304174155288194,Before Launch
618,2025-03-20 01:02:57,26.534,1.61417328,0.0,22.82,-119.74992433333334,36.81431283333333,4.413212435982181,3.3963510581608896,-37.258378250608764,Before Launch
619,2025-03-20 01:02:57,26.576,1.01049872,-0.112,22.825,-119.74992433333334,36.81431283333333,4.398633751342436,3.3872071150731204,-37.24226397657777,Before Launch
620,2025-03-20 01:02:57,26.618,2.08661424,0.773,22.815,-119.74992433333334,36.81431283333333,4.44752607668703,3.3972292251700793,-37.28514933583828,Before Launch
621,2025-03-20 01:02:57,26.661,-0.19685039999999998,-2.342,22.82,-119.74992433333334,36.81431283333333,4.44920414792295,3.4020147074549736,-37.33183266766071,Before Launch
622,2025-03-20 01:02:57,26.703,1.84383208,0.224,22.815,-119.74992433333334,36.81431283333333,4.455721942332982,3.397133296307512,-37.434759420161114,Before Launch
623,2025-03-20 01:02:57,26.746,2.3392389199999997,0.566,22.818,-119.74992433333334,36.81431283333333,4.430379284225509,3.3648913816607537,-37.45860989332145,Before Launch
624,2025-03-20 01:02:57,26.788,1.0006561999999999,-1.115,22.818,-119.74992433333334,36.81431283333333,4.473641427576914,3.4042758503306834,-37.48637947125969,Before Launch
625,2025-03-20 01:02:57,26.831,0.27559056000000004,-1.236,22.818,-119.74992433333334,36.81431283333333,4.4717237751007195,3.3975804401007155,-37.476502638065206,Before Launch
626,2025-03-20 01:02:57,26.874,0.8891076400000001,0.902,22.812,-119.74992433333334,36.81431283333333,4.473226642409146,3.3750765699374656,-37.635186907209174,Before Launch
627,2025-03-20 01:02:58,26.916,1.6174541199999999,0.003,22.828,-119.74992433333334,36.81431283333333,4.412356402419195,3.3554978627970784,-37.685220775661655,Before Launch
628,2025-03-20 01:02:58,26.959,0.29855644,-0.2,22.832,-119.74992433333334,36.81431283333333,4.482185923391,3.42143613346086,-37.77055181144454,Before Launch
629,2025-03-20 01:02:58,27.001,0.76771656,-0.551,22.822,-119.74992433333334,36.81431283333333,4.359391462609435,3.4727351289655157,-38.27474624711365,Before Launch
630,2025-03-20 01:02:58,27.044,0.16732284,0.113,22.828,-119.74992483333334,36.81431283333333,4.223364165414544,3.5397790815532613,-39.00434885749344,Before Launch
631,2025-03-20 01:02:58,27.086,1.1318898,-0.438,22.822,-119.74992483333334,36.81431283333333,4.235302391775226,3.4774967995557042,-39.30356648669586,Before Launch
632,2025-03-20 01:02:58,27.129,0.8891076400000001,0.462,22.82,-119.74992483333334,36.81431283333333,4.260332598327309,3.485014692359399,-38.69354603102155,Before Launch
633,2025-03-20 01:02:58,27.171,1.7355643600000001,1.362,22.825,-119.74992483333334,36.81431283333333,4.2961767550437155,3.4937325388919587,-38.15644342668745,Before Launch
634,2025-03-20 01:02:58,27.214,0.89238848,1.251,22.828,-119.74992483333334,36.81431283333333,4.393246511086553,3.250506887194998,-37.38953993653395,Before Launch
635,2025-03-20 01:02:58,27.256,-0.07545932,-1.463,22.825,-119.74992483333334,36.81431283333333,4.401649250043876,3.254288168578642,-37.13903893552364,Before Launch
636,2025-03-20 01:02:58,27.299,0.16404200000000002,-1.128,22.82,-119.74992483333334,36.81431283333333,4.376101353015897,3.28361856869421,-37.086990355519816,Before Launch
637,2025-03-20 01:02:58,27.341,0.04593176,-1.239,22.822,-119.74992483333334,36.81431283333333,4.353253028468923,3.262853061740827,-37.12091403691865,Before Launch
638,2025-03-20 01:02:58,27.384,1.4927822,1.7,22.822,-119.74992483333334,36.81431283333333,4.335026420744685,3.3240067856943445,-37.471031629531915,Before Launch
639,2025-03-20 01:02:58,27.426,0.89238848,0.91,22.825,-119.74992483333334,36.81431283333333,4.329030610031736,3.355671282731928,-37.60628826540684,Before Launch
640,2025-03-20 01:02:58,27.477,2.22112868,1.467,22.83,-119.74992483333334,36.81431283333333,4.3659802711787705,3.369966341960103,-37.824131830444216,Before Launch
641,2025-03-20 01:02:58,27.521,1.02362208,-1.441,22.832,-119.74992483333334,36.81431283333333,4.389385595553018,3.3649027310282715,-37.99954970923976,Before Launch
642,2025-03-20 01:02:58,27.564,1.13517064,-0.223,22.832,-119.74992483333334,36.81431283333333,4.383773031734939,3.401199745627303,-38.08366439823275,Before Launch
643,2025-03-20 01:02:58,27.606,0.7709973999999999,-0.787,22.83,-119.74992483333334,36.81431283333333,4.381750701346711,3.4346565101079696,-38.115472605148014,Before Launch
644,2025-03-20 01:02:58,27.648,1.01049872,0.0,22.825,-119.74992483333334,36.81431283333333,4.391882468947824,3.458978290495155,-38.13367681643081,Before Launch
645,2025-03-20 01:02:58,27.691,1.02362208,-0.991,22.835,-119.74992483333334,36.81431283333333,4.393286620159397,3.4533317451855585,-38.076926428927145,Before Launch
646,2025-03-20 01:02:58,27.734,0.89238848,1.015,22.828,-119.74992483333334,36.81431283333333,4.411958076146401,3.4572214202684552,-38.04661178470253,Before Launch
647,2025-03-20 01:02:58,27.776,0.5413386,-1.214,22.835,-119.74992483333334,36.81431283333333,4.413325244567187,3.4585415132586865,-37.97798196929924,Before Launch
648,2025-03-20 01:02:58,27.819,-0.18372704,-2.351,22.837,-119.74992483333334,36.81431283333333,4.405503090604707,3.4244892894144527,-37.814947015584615,Before Launch
649,2025-03-20 01:02:58,27.87,2.58202108,1.462,22.83,-119.74992483333334,36.81431283333333,4.398957714736855,3.4339916552787355,-37.77177500818144,Before Launch
650,2025-03-20 01:02:59,27.913,0.7709973999999999,0.458,22.83,-119.74992483333334,36.81431283333333,4.420988534032414,3.3995831380756196,-37.71350553874909,Before Launch
651,2025-03-20 01:02:59,27.956,1.37467196,0.449,22.825,-119.74992483333334,36.81431283333333,4.417804986292795,3.3894509847149377,-37.69244144832908,Before Launch
652,2025-03-20 01:02:59,27.999,0.41994752,-1.106,22.837,-119.74992483333334,36.81431283333333,4.415989339697343,3.3649418625276333,-37.64629639145687,Before Launch
653,2025-03-20 01:02:59,28.041,1.02362208,0.67,22.832,-119.749925,36.81431333333333,4.4158857583073186,3.3564108397370824,-37.65784634529198,Before Launch
654,2025-03-20 01:02:59,28.083,1.4960630400000001,0.673,22.83,-119.749925,36.81431333333333,4.41562568784953,3.4077362627173495,-37.663192662349864,Before Launch
655,2025-03-20 01:02:59,28.126,1.26640424,1.016,22.83,-119.749925,36.81431333333333,4.392485741967208,3.4064851317998044,-37.66953843154734,Before Launch
656,2025-03-20 01:02:59,28.168,0.7709973999999999,-0.334,22.83,-119.749925,36.81431333333333,4.433761038130879,3.437787259531772,-37.838716432792864,Before Launch
657,2025-03-20 01:02:59,28.211,1.14501316,0.237,22.837,-119.749925,36.81431333333333,4.437320676116922,3.4563993122670373,-37.869038158498114,Before Launch
658,2025-03-20 01:02:59,28.253,0.9022310000000001,-0.77,22.84,-119.749925,36.81431333333333,4.398589443156628,3.4179760789572002,-37.985937649894616,Before Launch
659,2025-03-20 01:02:59,28.296,1.27624676,0.355,22.842,-119.749925,36.81431333333333,4.401167575358249,3.4047728165622924,-37.878006822531816,Before Launch
660,2025-03-20 01:02:59,28.338,0.9022310000000001,0.904,22.835,-119.749925,36.81431333333333,4.377242271301183,3.386097281910359,-37.70635882448673,Before Launch
661,2025-03-20 01:02:59,28.381,-0.67913388,-0.779,22.83,-119.749925,36.81431333333333,4.3972205796026556,3.3690033915361477,-37.64316742845734,Before Launch
662,2025-03-20 01:02:59,28.423,0.78412076,0.682,22.837,-119.749925,36.81431333333333,4.397151300678101,3.3876788150439614,-37.576902496425994,Before Launch
663,2025-03-20 01:02:59,28.466,0.78412076,-0.655,22.837,-119.749925,36.81431333333333,4.397664848646033,3.370077734405988,-37.533830488248284,Before Launch
664,2025-03-20 01:02:59,28.516,0.41994752,-0.433,22.845,-119.749925,36.81431333333333,4.395101111789333,3.3930282445907687,-37.60079122294368,Before Launch
665,2025-03-20 01:02:59,28.562,1.64042,-0.535,22.842,-119.749925,36.81431333333333,4.390709305534657,3.4222968755009635,-37.62227072107672,Before Launch
666,2025-03-20 01:02:59,28.605,1.8700788,0.781,22.837,-119.749925,36.81431333333333,4.386837907660296,3.427041175468668,-37.66477109558135,Before Launch
667,2025-03-20 01:02:59,28.647,0.29855644,-0.772,22.84,-119.749925,36.81431333333333,4.410824408521392,3.4200201482827275,-37.73004321913248,Before Launch
668,2025-03-20 01:02:59,28.69,1.38779532,0.569,22.84,-119.749925,36.81431333333333,4.4198308115253235,3.41281981207151,-37.769477619180385,Before Launch
669,2025-03-20 01:02:59,28.732,1.7486877200000002,0.681,22.84,-119.749925,36.81431333333333,4.420249839129334,3.399585063738528,-37.840154632851245,Before Launch
670,2025-03-20 01:02:59,28.775,-0.062335959999999996,-1.002,22.84,-119.749925,36.81431333333333,4.413260903386483,3.438752130006435,-37.87127915804448,Before Launch
671,2025-03-20 01:02:59,28.823,1.7486877200000002,0.786,22.84,-119.749925,36.81431333333333,4.4052357132037585,3.46388969605129,-37.981617838251736,Before Launch
672,2025-03-20 01:02:59,28.868,0.7939632799999999,0.231,22.845,-119.749925,36.81431333333333,4.420253567400207,3.40452679943685,-37.95097381543826,Before Launch
673,2025-03-20 01:03:00,28.913,0.5511811200000001,0.672,22.842,-119.749925,36.81431333333333,4.40343740395552,3.412414024900344,-37.827814401916946,Before Launch
674,2025-03-20 01:03:00,28.955,1.27624676,-1.203,22.842,-119.749925,36.81431333333333,4.384973589419793,3.4869146828909265,-37.875700735800294,Before Launch
675,2025-03-20 01:03:00,28.998,1.03674544,0.245,22.847,-119.749925,36.81431333333333,4.362329734099426,3.485756469032325,-37.87706476516751,Before Launch
676,2025-03-20 01:03:00,29.041,1.51902892,0.133,22.837,-119.74992516666667,36.81431333333333,4.418576562336073,3.4073096919470416,-37.883530028475256,Before Launch
677,2025-03-20 01:03:00,29.084,1.51902892,1.013,22.845,-119.74992516666667,36.81431333333333,4.4062321768493575,3.4145368117203203,-38.01316583574886,Before Launch
678,2025-03-20 01:03:00,29.126,2.0013123999999998,0.901,22.842,-119.74992516666667,36.81431333333333,4.3857404787177225,3.5272139035957926,-38.670984125590756,Before Launch
679,2025-03-20 01:03:00,29.169,0.68569556,-0.746,22.855,-119.74992516666667,36.81431333333333,4.383439537695578,3.6002377883809613,-38.89497973708176,Before Launch
680,2025-03-20 01:03:00,29.211,2.60498696,1.234,22.845,-119.74992516666667,36.81431333333333,4.397747529163728,3.5413883457672313,-39.379982024933256,Before Launch
681,2025-03-20 01:03:00,29.254,-0.6561680000000001,-1.314,22.845,-119.74992516666667,36.81431333333333,4.48052168270777,3.420989228899841,-39.358028677034035,Before Launch
682,2025-03-20 01:03:00,29.296,1.7486877200000002,0.556,22.84,-119.74992516666667,36.81431333333333,4.370433779023522,3.467629388596791,-39.037151699155054,Before Launch
683,2025-03-20 01:03:00,29.339,1.03674544,0.124,22.847,-119.74992516666667,36.81431333333333,4.405767165534192,3.344085874718313,-38.25795255526674,Before Launch
684,2025-03-20 01:03:00,29.382,0.43307088,-0.776,22.845,-119.74992516666667,36.81431333333333,4.682617786243163,2.878304220883134,-33.03681220750904,Before Launch
685,2025-03-20 01:03:00,29.425,1.7618110800000002,0.791,22.847,-119.74992516666667,36.81431333333333,4.7635895916842355,2.779271387962236,-31.45787276018175,Before Launch
686,2025-03-20 01:03:00,29.467,0.91535436,1.468,22.842,-119.74992516666667,36.81431333333333,4.814180078737208,1.8900260229556085,-29.221739865410704,Before Launch
687,2025-03-20 01:03:00,29.51,2.00459324,1.123,22.847,-119.74992516666667,36.81431333333333,5.366374037507209,1.6961342120430531,-23.421930363364872,Before Launch
688,2025-03-20 01:03:00,29.56,0.80708664,0.021,22.86,-119.74992516666667,36.81431333333333,5.930469526050899,1.9470471162200784,-21.319935058964138,Before Launch
689,2025-03-20 01:03:00,29.603,2.12270348,1.566,22.85,-119.74992516666667,36.81431333333333,6.927421233380061,1.76101835076592,-15.15354279449183,Before Launch
690,2025-03-20 01:03:00,29.646,2.49671924,0.79,22.855,-119.74992516666667,36.81431333333333,7.60910561313097,1.1069857456155816,-11.064067364090468,Before Launch
691,2025-03-20 01:03:00,29.689,1.4107612,-0.424,22.855,-119.74992516666667,36.81431333333333,8.968150620761127,-0.3862699173773749,-5.091173626215796,Before Launch
692,2025-03-20 01:03:00,29.732,1.2795276,0.904,22.847,-119.74992516666667,36.81431333333333,10.170067157139853,-0.07174257192829281,-1.172088540559547,Before Launch
693,2025-03-20 01:03:00,29.774,1.52887144,0.13,22.852,-119.74992516666667,36.81431333333333,11.449433344574382,0.2264904146025871,1.114295486963652,Before Launch
694,2025-03-20 01:03:00,29.816,1.64042,-0.1,22.85,-119.74992516666667,36.81431333333333,12.679644602390328,0.9490328892602004,0.46003485584151776,Before Launch
695,2025-03-20 01:03:00,29.86,0.92847772,0.913,22.87,-119.74992516666667,36.81431333333333,14.945141920446321,1.5855165860730873,-0.938259931900409,Before Launch
696,2025-03-20 01:03:01,29.902,1.65354336,-0.088,22.857,-119.74992516666667,36.81431333333333,16.83730208753914,2.4640438394495026,-4.145066382318821,Before Launch
697,2025-03-20 01:03:01,29.945,2.01443576,1.133,22.857,-119.74992516666667,36.81431333333333,19.105149923505724,4.15502638359721,-10.204894753514186,Before Launch
698,2025-03-20 01:03:01,29.987,-0.40026248,-0.886,22.865,-119.74992516666667,36.81431333333333,19.605159215240434,5.02776190013833,-12.11740459225651,Before Launch
699,2025-03-20 01:03:01,30.03,1.0498688,-0.211,22.863,-119.749926,36.814308,22.413573621923465,5.82359698828044,-13.05856531339824,Before Launch
700,2025-03-20 01:03:01,30.072,1.66338588,0.583,22.867,-119.749926,36.814308,26.826395210287313,6.809517760405039,-13.764219785816467,Before Launch
701,2025-03-20 01:03:01,30.122,2.25721792,0.683,22.86,-119.749926,36.814308,28.749168518481486,6.81545078074553,-13.948239873419281,Before Launch
702,2025-03-20 01:03:01,30.165,2.75262476,1.141,22.872,-119.749926,36.814308,31.689722403344543,8.57493960525791,-16.18004108225474,Before Launch
703,2025-03-20 01:03:01,30.212,1.79790032,-0.187,22.877,-119.749926,36.814308,32.91573166102235,8.589162878753848,-16.709393421563156,Before Launch
704,2025-03-20 01:03:01,30.255,0.7217848,0.033,22.885,-119.749926,36.814308,35.077022155018426,9.693758016011575,-16.47868730078243,Before Launch
705,2025-03-20 01:03:01,30.3,1.44685044,-1.063,22.885,-119.749926,36.814308,36.18324095302064,9.686544981077082,-16.56738587875915,Before Launch
706,2025-03-20 01:03:01,30.343,2.29330716,2.708,22.89,-119.749926,36.814308,37.532758273625575,9.53966312032262,-16.590058228220546,Before Launch
707,2025-03-20 01:03:01,30.386,1.6765092400000001,-0.066,22.88,-119.749926,36.814308,38.45214938373446,9.693360761843778,-16.301800275397238,Before Launch
708,2025-03-20 01:03:01,30.429,1.9192913999999999,0.81,22.885,-119.749926,36.814308,39.23269586560079,11.336289665270755,-16.595598044342072,Before Launch
709,2025-03-20 01:03:01,30.473,1.19422576,0.698,22.882,-119.749926,36.814308,40.09014162658334,12.507634440965276,-16.748385336844006,Before Launch
710,2025-03-20 01:03:01,30.515,2.76574812,0.921,22.88,-119.749926,36.814308,42.16663504391313,14.802162172157939,-17.834334411508195,Before Launch
711,2025-03-20 01:03:01,30.557,2.64435704,1.586,22.882,-119.749926,36.814308,43.425770934571084,16.298807198393398,-18.92674925989884,Before Launch
712,2025-03-20 01:03:01,30.6,1.9192913999999999,-0.078,22.875,-119.749926,36.814308,46.07582554048597,18.744038848134057,-19.529716875845473,Before Launch
713,2025-03-20 01:03:01,30.642,1.9192913999999999,1.028,22.875,-119.749926,36.814308,47.116727746114464,18.75177999901116,-19.657841272962322,Before Launch
714,2025-03-20 01:03:01,30.685,2.2801837999999996,0.146,22.875,-119.749926,36.814308,50.05570076937032,21.31632215472941,-20.528114094547327,Before Launch
715,2025-03-20 01:03:01,30.727,3.1167979999999997,0.574,22.872,-119.749926,36.814308,52.62998414629315,23.474405030230095,-20.448384302262692,Before Launch
716,2025-03-20 01:03:01,30.77,2.13582684,0.671,22.855,-119.749926,36.814308,58.331401938729314,28.537208333784857,-19.724514688252068,Before Launch
717,2025-03-20 01:03:01,30.812,2.38845152,1.027,22.865,-119.749926,36.814308,61.04909319255392,31.080185845005666,-19.591454020629563,Before Launch
718,2025-03-20 01:03:01,30.855,2.84776912,1.22,22.847,-119.749926,36.814308,66.02634422005785,35.68526731896713,-17.944878916730747,Before Launch
719,2025-03-20 01:03:02,30.898,3.3431759599999995,1.574,22.852,-119.749926,36.814308,68.10874400599923,37.85289325043522,-16.500920024078297,Before Launch
720,2025-03-20 01:03:02,30.941,4.05511824,2.892,22.845,-119.749926,36.814308,73.09346178611334,42.65260634855016,-15.099816559394952,Before Launch
721,2025-03-20 01:03:02,30.984,2.7296588799999997,0.995,22.85,-119.749926,36.814308,75.46021375111363,45.57523777843216,-14.801726000215174,Before Launch
722,2025-03-20 01:03:02,31.026,4.6587928,2.446,22.847,-119.74993033333334,36.814304666666665,80.10151600426893,54.84505847133145,-13.598219532449326,Before Launch
723,2025-03-20 01:03:02,31.068,2.24409456,2.446,22.845,-119.74993033333334,36.814304666666665,82.62983257861552,61.31048825520313,-12.720273160883114,Before Launch
724,2025-03-20 01:03:02,31.111,2.60498696,1.439,22.847,-119.74993033333334,36.814304666666665,85.92597014941913,70.5369344381453,-11.808969366220278,Before Launch
725,2025-03-20 01:03:02,31.153,2.84776912,1.096,22.847,-119.74993033333334,36.814304666666665,86.89270654526065,73.80354828913823,-11.649091778946762,Before Launch
726,2025-03-20 01:03:02,31.196,3.9468505200000004,1.573,22.855,-119.74993033333334,36.814304666666665,88.35570801813375,77.45612935937193,-11.104566857827404,Before Launch
727,2025-03-20 01:03:02,31.238,2.98228356,0.214,22.86,-119.74993033333334,36.814304666666665,88.75797003883386,78.91648339002943,-10.853721901420423,Before Launch
728,2025-03-20 01:03:02,31.28,4.44225736,2.476,22.867,-119.74993033333334,36.814304666666665,89.61393779661817,80.10627095386401,-10.650716935870626,Before Launch
729,2025-03-20 01:03:02,31.323,2.75262476,1.902,22.865,-119.74993033333334,36.814304666666665,89.83933270028564,80.13356093252,-10.360236072649252,Before Launch
730,2025-03-20 01:03:02,31.365,3.46456704,1.895,22.857,-119.74993033333334,36.814304666666665,90.27442615135227,83.19712510705742,-9.162124195594807,Before Launch
731,2025-03-20 01:03:02,31.408,4.0682416,1.667,22.86,-119.74993033333334,36.814304666666665,90.89278003772657,88.66409333479045,-8.757429163954976,Before Launch
732,2025-03-20 01:03:02,31.45,4.32414712,2.488,22.87,-119.74993033333334,36.814304666666665,91.87809526278895,96.59433211075486,-9.659387970812556,Before Launch
733,2025-03-20 01:03:02,31.492,1.5452756399999998,-0.352,22.867,-119.74993033333334,36.814304666666665,92.5659674249312,99.5622750811963,-10.595707209464907,Before Launch
734,2025-03-20 01:03:02,31.535,3.71719172,2.376,22.865,-119.74993033333334,36.814304666666665,94.88759729590473,107.78004578867522,-11.72298045822897,Before Launch
735,2025-03-20 01:03:02,31.577,3.73031508,0.908,22.875,-119.74993033333334,36.814304666666665,95.89439893198384,111.61751747095855,-12.030506243659675,Before Launch
736,2025-03-20 01:03:02,31.619,3.2480316,0.568,22.877,-119.74993033333334,36.814304666666665,98.83768734368853,121.70578809161644,-12.508751189443991,Before Launch
737,2025-03-20 01:03:02,31.662,3.5990814799999997,1.582,22.872,-119.74993033333334,36.814304666666665,100.22180698471047,125.87094575413823,-12.724349904489154,Before Launch
738,2025-03-20 01:03:02,31.706,3.71719172,1.69,22.867,-119.74993033333334,36.814304666666665,101.26387339158019,131.1501755561435,-12.972479178895387,Before Launch
739,2025-03-20 01:03:02,31.748,3.84186364,1.469,22.872,-119.74993033333334,36.814304666666665,101.49876912225197,132.429196311804,-12.930405378678941,Before Launch
740,2025-03-20 01:03:02,31.791,3.95997388,0.792,22.87,-119.74993033333334,36.814304666666665,101.07762278364525,133.37833315033043,-12.831102154852212,Before Launch
741,2025-03-20 01:03:02,31.834,3.36614184,1.156,22.875,-119.74993033333334,36.814304666666665,100.92849109926148,132.23732614580427,-12.945254987704264,Before Launch
742,2025-03-20 01:03:02,31.877,3.36614184,0.918,22.875,-119.74993033333334,36.814304666666665,100.45354536327763,130.50032438745635,-13.053768103078253,Before Launch
743,2025-03-20 01:03:03,31.919,4.92782168,1.955,22.88,-119.74993033333334,36.814304666666665,100.52372395908594,128.42698951081735,-13.060355408149736,Before Launch
744,2025-03-20 01:03:03,31.962,4.44225736,1.033,22.867,-119.74993033333334,36.814304666666665,99.20977938136559,120.32566933219928,-13.875826199953865,Before Launch
745,2025-03-20 01:03:03,32.004,4.1994752,0.136,22.865,-119.74993033333334,36.814304666666665,97.16182216710155,115.38934020007189,-15.27866899710893,Before Launch
746,2025-03-20 01:03:03,32.047,4.56364844,1.725,22.865,-119.7499285,36.81430183333333,92.96528369206067,101.70332649988684,-17.01273241283014,Before Launch
747,2025-03-20 01:03:03,32.089,4.08136496,-0.543,22.867,-119.7499285,36.81430183333333,92.23074652454774,97.50297784326784,-18.381624345113202,Before Launch
748,2025-03-20 01:03:03,32.132,3.6089240000000005,1.283,22.877,-119.7499285,36.81430183333333,90.509386481994,90.53742175152438,-20.533572476474482,Before Launch
749,2025-03-20 01:03:03,32.175,4.32414712,1.616,22.877,-119.7499285,36.81430183333333,89.48487001370316,87.51831939419947,-21.136926635775687,Before Launch
750,2025-03-20 01:03:03,32.217,4.68503952,1.727,22.87,-119.7499285,36.81430183333333,87.1675410889487,82.37200578901528,-22.02114877001929,Before Launch
751,2025-03-20 01:03:03,32.26,3.73031508,-0.204,22.875,-119.7499285,36.81430183333333,82.8539737393174,76.39583084474296,-22.791398526316417,Before Launch
752,2025-03-20 01:03:03,32.31,4.3339896399999995,1.261,22.877,-119.7499285,36.81430183333333,80.29374736753654,71.42336690508218,-22.936614042084972,Before Launch
753,2025-03-20 01:03:03,32.354,4.0912074800000005,-0.327,22.875,-119.7499285,36.81430183333333,77.47127156213048,64.36973067935457,-22.533731842888308,Before Launch
754,2025-03-20 01:03:03,32.396,5.1804463599999995,2.263,22.875,-119.7499285,36.81430183333333,76.50051679814183,61.768817210432246,-22.268922708778398,Before Launch
755,2025-03-20 01:03:03,32.439,4.81627312,1.259,22.875,-119.7499285,36.81430183333333,74.55066251053958,56.97616730963378,-21.02914093087717,During Launch
756,2025-03-20 01:03:03,32.482,4.68503952,0.574,22.87,-119.7499285,36.81430183333333,73.73861421799008,54.03969593441868,-19.95333223980386,During Launch
757,2025-03-20 01:03:03,32.524,4.92782168,0.562,22.872,-119.7499285,36.81430183333333,71.12484328244072,48.627982409642996,-18.502851107205082,During Launch
758,2025-03-20 01:03:03,32.567,3.71719172,2.02,22.867,-119.7499285,36.81430183333333,70.03395581361902,47.341566294882405,-18.408686918909517,During Launch
759,2025-03-20 01:03:03,32.609,4.1994752,0.449,22.865,-119.7499285,36.81430183333333,68.76041940914804,44.682402409753784,-18.252352182052224,During Launch
760,2025-03-20 01:03:03,32.651,3.5990814799999997,-0.122,22.87,-119.7499285,36.81430183333333,68.33909452378043,43.02046265288728,-18.103483418199815,During Launch
761,2025-03-20 01:03:03,32.694,3.4776904,0.214,22.872,-119.7499285,36.81430183333333,69.18069561038051,41.4162592143659,-17.35879977682691,During Launch
762,2025-03-20 01:03:03,32.736,3.58595812,-0.012,22.855,-119.7499285,36.81430183333333,70.85263296521053,38.713875539583654,-16.923841014051643,During Launch
763,2025-03-20 01:03:03,32.779,4.44225736,0.676,22.867,-119.7499285,36.81430183333333,73.10115680163568,36.41009743308738,-16.340822957826166,During Launch
764,2025-03-20 01:03:03,32.822,3.1167979999999997,-0.675,22.872,-119.7499285,36.81430183333333,73.43170965235765,35.44522683349901,-15.125594627853149,During Launch
765,2025-03-20 01:03:03,32.864,2.98228356,-0.911,22.863,-119.7499285,36.81430183333333,73.35645279946856,37.32922377786149,-14.342362989139655,During Launch
766,2025-03-20 01:03:04,32.907,3.00524944,-0.336,22.875,-119.7499285,36.81430183333333,72.71841981376713,37.808822047965506,-13.90555702362591,During Launch
767,2025-03-20 01:03:04,32.949,5.76115504,2.234,22.863,-119.7499285,36.81430183333333,72.00318591930942,37.807415806846144,-13.660773057051157,During Launch
768,2025-03-20 01:03:04,32.992,4.08136496,-0.789,22.86,-119.7499285,36.81430183333333,72.50815244875783,36.13433985978366,-13.107465407002492,During Launch
769,2025-03-20 01:03:04,33.035,3.8385827999999997,-0.563,22.865,-119.74991816666666,36.81429416666667,73.77421978466613,29.18143774733967,-9.945431895191083,During Launch
770,2025-03-20 01:03:04,33.077,4.55052508,0.327,22.857,-119.74991816666666,36.81429416666667,74.23723774335954,25.343757922822476,-8.134512453729105,During Launch
771,2025-03-20 01:03:04,33.119,4.675197,0.104,22.863,-119.74991816666666,36.81429416666667,75.69873972299023,21.545468167650455,-5.630402153416584,During Launch
772,2025-03-20 01:03:04,33.162,4.08136496,0.0,22.867,-119.74991816666666,36.81429416666667,76.28456998021409,20.958009375312084,-4.84233439180677,During Launch
773,2025-03-20 01:03:04,33.204,3.7073491999999995,0.092,22.86,-119.74991816666666,36.81429416666667,76.94402744955867,20.14493360290533,-3.9301201745544847,During Launch
774,2025-03-20 01:03:04,33.247,4.8064306000000006,0.45,22.863,-119.74991816666666,36.81429416666667,77.76157654529752,20.058153750192453,-3.6720890767772802,During Launch
775,2025-03-20 01:03:04,33.297,5.518372879999999,0.772,22.855,-119.74991816666666,36.81429416666667,78.13184511010368,21.22393808594292,-3.8754150428788403,During Launch
776,2025-03-20 01:03:04,33.342,4.79330724,0.982,22.852,-119.74991816666666,36.81429416666667,78.70117714251606,21.047977395344418,-4.024280725676178,During Launch
777,2025-03-20 01:03:04,33.384,3.8385827999999997,-0.461,22.865,-119.74991816666666,36.81429416666667,79.16213145209737,19.149602324176975,-3.462433708767447,During Launch
778,2025-03-20 01:03:04,33.427,4.79330724,0.654,22.86,-119.74991816666666,36.81429416666667,80.29606155992337,15.847866750453864,-2.7309917140505435,During Launch
779,2025-03-20 01:03:04,33.47,4.0682416,-1.036,22.86,-119.74991816666666,36.81429416666667,80.61808803326713,14.287508745361913,-2.443760435236895,During Launch
780,2025-03-20 01:03:04,33.513,3.95013136,-0.806,22.863,-119.74991816666666,36.81429416666667,80.8280130742759,12.424965092261134,-1.9237397144756314,During Launch
781,2025-03-20 01:03:04,33.555,3.82545944,-0.801,22.857,-119.74991816666666,36.81429416666667,80.85820936975738,11.939911688618876,-1.7308597430643928,During Launch
782,2025-03-20 01:03:04,33.598,4.08136496,-0.788,22.867,-119.74991816666666,36.81429416666667,81.21356911869248,11.52922325299972,-0.9447006988278582,During Launch
783,2025-03-20 01:03:04,33.64,3.95997388,0.226,22.87,-119.74991816666666,36.81429416666667,81.55677587821907,11.363352099236703,-0.4715138886866512,During Launch
784,2025-03-20 01:03:04,33.684,3.71719172,-0.449,22.867,-119.74991816666666,36.81429416666667,82.26097902157795,12.077333961767284,-0.08411480622759965,During Launch
785,2025-03-20 01:03:04,33.728,4.0912074800000005,0.457,22.875,-119.74991816666666,36.81429416666667,82.41387383047879,12.257908633941051,-0.06314461274250233,During Launch
786,2025-03-20 01:03:04,33.771,5.15748048,1.56,22.855,-119.74991816666666,36.81429416666667,82.89923981457939,10.648693972301183,0.08259461650301003,During Launch
787,2025-03-20 01:03:04,33.813,5.15748048,1.459,22.86,-119.74991816666666,36.81429416666667,83.21446824323209,8.729335691175944,0.2947960078052596,During Launch
788,2025-03-20 01:03:04,33.857,5.15748048,0.663,22.86,-119.74991816666666,36.81429416666667,83.28662493801802,1.2626377762490977,0.9903368781219527,During Launch
789,2025-03-20 01:03:05,33.899,3.7073491999999995,0.548,22.857,-119.74991816666666,36.81429416666667,83.01242557922792,-1.3430176444110953,1.243991463001799,During Launch
790,2025-03-20 01:03:05,33.942,4.44225736,1.354,22.867,-119.74991816666666,36.81429416666667,82.25545726840546,-4.174440872376084,1.1809723792646056,During Launch
791,2025-03-20 01:03:05,33.985,4.20275604,1.111,22.872,-119.74991816666666,36.81429416666667,81.97452931945105,-4.968763208933925,1.0334533976325133,During Launch
792,2025-03-20 01:03:05,34.027,3.36614184,-2.222,22.87,-119.74991783333333,36.81430233333333,81.54513964990713,-6.3760170598911685,0.7659412397546368,During Launch
793,2025-03-20 01:03:05,34.07,5.63976396,1.446,22.857,-119.74991783333333,36.81430233333333,81.29969146197351,-6.802805296531954,0.9537469376229286,During Launch
794,2025-03-20 01:03:05,34.12,5.7742784,1.784,22.87,-119.74991783333333,36.81430233333333,80.98070464981568,-9.530937594642756,1.6811848661885853,During Launch
795,2025-03-20 01:03:05,34.164,4.68503952,0.124,22.87,-119.74991783333333,36.81430233333333,81.91799762578572,-15.536658778837403,2.332399683548919,During Launch
796,2025-03-20 01:03:05,34.207,4.20275604,-0.434,22.872,-119.74991783333333,36.81430233333333,82.39635283828257,-18.3515378636935,2.6467258306588417,During Launch
797,2025-03-20 01:03:05,34.25,4.8064306000000006,0.666,22.867,-119.74991783333333,36.81430233333333,83.10096783896488,-22.36976547474021,3.133128823996692,During Launch
798,2025-03-20 01:03:05,34.292,4.68503952,0.899,22.87,-119.74991783333333,36.81430233333333,83.19210758945127,-24.278469467889895,3.1844118109444843,During Launch
799,2025-03-20 01:03:05,34.335,4.1994752,-0.558,22.865,-119.74991783333333,36.81430233333333,83.0557051660147,-26.706630548101845,3.3597868342333337,During Launch
800,2025-03-20 01:03:05,34.377,5.7578742,0.222,22.855,-119.74991783333333,36.81430233333333,82.88207645344484,-26.05953565526678,3.3637611384158017,During Launch
801,2025-03-20 01:03:05,34.428,5.15748048,0.335,22.86,-119.74991783333333,36.81430233333333,82.77789704478603,-25.429732602819907,3.2556575888635946,During Launch
802,2025-03-20 01:03:05,34.471,4.1994752,0.332,22.87,-119.74991783333333,36.81430233333333,82.08847596149666,-22.20621442783093,2.923904735837829,During Launch
803,2025-03-20 01:03:05,34.513,5.167323,0.344,22.867,-119.74991783333333,36.81430233333333,81.75441840869426,-19.6736110003113,2.7271799722231753,During Launch
804,2025-03-20 01:03:05,34.556,5.88254612,1.671,22.86,-119.74991783333333,36.81430233333333,81.64398317875765,-14.887086120071404,2.3318856373875185,During Launch
805,2025-03-20 01:03:05,34.598,5.400262639999999,1.337,22.863,-119.74991783333333,36.81430233333333,81.54157744371389,-12.36219848659654,2.0098845818862845,During Launch
806,2025-03-20 01:03:05,34.641,5.63976396,1.671,22.857,-119.74991783333333,36.81430233333333,81.02976265272507,-7.762000077518113,1.1274834197093315,During Launch
807,2025-03-20 01:03:05,34.684,5.15748048,0.991,22.86,-119.74991783333333,36.81430233333333,80.51319342131453,-5.832248432036101,0.6972105376963547,During Launch
808,2025-03-20 01:03:05,34.726,4.675197,0.659,22.865,-119.74991783333333,36.81430233333333,79.26931185078038,-1.3164746705690387,0.19723067038696707,During Launch
809,2025-03-20 01:03:05,34.769,5.76115504,1.884,22.863,-119.74991783333333,36.81430233333333,79.49529493756208,0.36397386655207964,0.6736587301443766,During Launch
810,2025-03-20 01:03:05,34.811,5.7742784,1.554,22.87,-119.74991783333333,36.81430233333333,80.8569683787324,2.5897198825731955,0.8427239579809449,During Launch
811,2025-03-20 01:03:05,34.854,4.56364844,-0.548,22.865,-119.74991783333333,36.81430233333333,80.81823880687263,3.3922700330779785,-0.05616198794167693,During Launch
812,2025-03-20 01:03:06,34.896,4.45538072,-0.648,22.875,-119.74991783333333,36.81430233333333,78.47177111040675,4.1631947669244305,-0.8564802070569526,During Launch
813,2025-03-20 01:03:06,34.939,5.64960648,0.455,22.865,-119.74991783333333,36.81430233333333,77.634479801197,3.750381052256576,-0.6321710556495869,During Launch
814,2025-03-20 01:03:06,34.982,4.92454084,1.124,22.865,-119.74991783333333,36.81430233333333,76.68238142571538,3.2319305099455926,-0.8439481367155958,During Launch
815,2025-03-20 01:03:06,35.024,5.03280856,0.546,22.855,-119.74991933333334,36.81430266666667,77.01859897465522,3.1466220045838234,-0.6895428122557637,During Launch
816,2025-03-20 01:03:06,35.066,4.671916159999999,0.434,22.855,-119.74991933333334,36.81430266666667,81.36164160405416,-10.171450368079794,1.0714946077282899,During Launch
817,2025-03-20 01:03:06,35.109,4.0682416,0.649,22.86,-119.74991933333334,36.81430266666667,83.29264364893237,-24.47644769707656,1.8968110469244293,During Launch
818,2025-03-20 01:03:06,35.151,3.9468505200000004,-1.566,22.855,-119.74991933333334,36.81430266666667,85.85936756320517,-51.98215293040763,3.4407885822808164,During Launch
819,2025-03-20 01:03:06,35.194,3.58595812,-2.038,22.855,-119.74991933333334,36.81430266666667,86.97039254829663,-63.60516817528928,3.82910179542958,During Launch
820,2025-03-20 01:03:06,35.236,4.43241484,-0.236,22.86,-119.74991933333334,36.81430266666667,88.93692506797323,-88.10248312314432,4.46202225807655,During Launch
821,2025-03-20 01:03:06,35.278,4.31102376,0.101,22.865,-119.74991933333334,36.81430266666667,89.9236094970728,-100.24990369677249,4.606475058719755,During Launch
822,2025-03-20 01:03:06,35.321,4.08136496,-0.677,22.867,-119.74991933333334,36.81430266666667,91.52478617065603,-115.63633594409286,4.733921738428182,During Launch
823,2025-03-20 01:03:06,35.363,4.0682416,-0.576,22.86,-119.74991933333334,36.81430266666667,92.03581680056863,-120.74783601066757,4.573692488711678,After Launch
824,2025-03-20 01:03:15,44.489,-0.25590552,-0.439,22.882,-119.74992166666667,36.814310666666664,9.88871861969294,7.56398048746277,-38.11576185291768,After Launch
825,2025-03-20 01:03:24,53.574,0.60367456,-0.268,22.892,-119.74991816666666,36.81430533333333,9.643672555578748,8.63154655104763,-42.08408411601134,After Launch
826,2025-03-20 01:03:33,62.664,0.15748032,-0.177,22.92,-119.7499115,36.81431366666666,9.70840806644041,7.973987545263081,-39.67408169948947,After Launch
827,2025-03-20 01:03:42,71.74,0.87926512,-0.089,22.92,-119.74990816666667,36.8143205,4.82142287870243,18.303636736460014,-75.93249790712687,After Launch
828,2025-03-20 01:03:51,80.823,-0.44619424,-0.121,22.925,-119.74989266666667,36.8143185,4.087497162187122,18.204786953887602,-77.69579867097794,After Launch
829,2025-03-20 01:04:01,89.903,-0.67913388,-0.119,22.93,-119.74989616666667,36.814323333333334,4.051217653640372,18.168548528451797,-77.72533435297919,After Launch
830,2025-03-20 01:04:10,98.981,-0.67913388,-0.094,22.93,-119.74990783333334,36.814317833333334,4.120548486566801,18.196861247805455,-77.76895674048605,After Launch
