n,Datetime (UTC),Timestamp (s),Altitude (ft),Velocity (ft/s),Temperature (C),Longitude,Latitude,Roll (°),Pitch (°),Yaw (°),Flag
0,2025-03-20 01:56:08,0.004,-1.09580056,,24.681,-1,-1,0.0,0.0,0.0,Before Launch
1,2025-03-20 01:56:08,0.047,-1.57152236,,24.683,-1,-1,0.0,0.0,0.0,Before Launch
2,2025-03-20 01:56:08,0.089,1.63057748,,24.631,-1,-1,0.0,0.0,0.0,Before Launch
3,2025-03-20 01:56:08,0.132,-0.9744094799999999,,24.678,-1,-1,0.0,0.0,0.0,Before Launch
4,2025-03-20 01:56:08,0.174,-1.0990814,,24.673,-1,-1,0.0,0.0,0.0,Before Launch
5,2025-03-20 01:56:08,0.217,-1.4599738,,24.681,-1,-1,0.0,0.0,0.0,Before Launch
6,2025-03-20 01:56:08,0.259,-0.9744094799999999,,24.678,-119.75014133333333,36.81454816666667,0.0,0.0,0.0,Before Launch
7,2025-03-20 01:56:08,0.302,-0.036089239999999995,,24.658,-119.75014133333333,36.81454816666667,0.0,0.0,0.0,Before Launch
8,2025-03-20 01:56:08,0.344,-0.37073492,,24.678,-119.75014133333333,36.81454816666667,0.0,0.0,0.0,Before Launch
9,2025-03-20 01:56:08,0.387,-0.61023624,,24.678,-119.75014133333333,36.81454816666667,0.0,0.0,0.0,Before Launch
10,2025-03-20 01:56:09,0.43,-0.24606299999999998,,24.678,-119.75014133333333,36.81454816666667,0.0,0.0,0.0,Before Launch
11,2025-03-20 01:56:09,0.472,-0.2624672,,24.678,-119.75014133333333,36.81454816666667,0.0,0.0,0.0,Before Launch
12,2025-03-20 01:56:09,0.515,-0.85629924,,24.676,-119.75014133333333,36.81454816666667,0.0,0.0,0.0,Before Launch
13,2025-03-20 01:56:09,0.557,-0.37073492,,24.673,-119.75014133333333,36.81454816666667,0.0,0.0,0.0,Before Launch
14,2025-03-20 01:56:09,0.6,-1.0990814,,24.618,-119.75014133333333,36.81454816666667,0.0,0.0,0.0,Before Launch
15,2025-03-20 01:56:09,0.642,-1.22047248,,24.676,-119.75014133333333,36.81454816666667,0.0,0.0,0.0,Before Launch
16,2025-03-20 01:56:09,0.685,-1.22047248,,24.676,-119.75014133333333,36.81454816666667,0.0,0.0,0.0,Before Launch
17,2025-03-20 01:56:09,0.727,-1.0990814,,24.673,-119.75014133333333,36.81454816666667,0.0,0.0,0.0,Before Launch
18,2025-03-20 01:56:09,0.769,-0.73490816,,24.673,-119.75014133333333,36.81454816666667,0.0,0.0,0.0,Before Launch
19,2025-03-20 01:56:09,0.812,-0.2624672,,24.671,-119.75014133333333,36.81454816666667,0.0,0.0,0.0,Before Launch
20,2025-03-20 01:56:09,0.854,-0.73490816,,24.673,-119.75014133333333,36.81454816666667,0.0,0.0,0.0,Before Launch
21,2025-03-20 01:56:09,0.897,-0.9908136799999999,,24.678,-119.75014133333333,36.81454816666667,0.0,0.0,0.0,Before Launch
22,2025-03-20 01:56:09,0.939,-0.7480315200000001,,24.666,-119.75014133333333,36.81454816666667,0.0,0.0,0.0,Before Launch
23,2025-03-20 01:56:09,0.981,-0.38385828,,24.666,-119.75014133333333,36.81454816666667,0.0,0.0,0.0,Before Launch
24,2025-03-20 01:56:09,1.024,0.23622047999999998,,24.678,-119.75014133333333,36.81454816666667,27.81888771667643,-24.400883054833137,28.042056305383827,Before Launch
25,2025-03-20 01:56:09,1.066,0.56758532,1.566,24.668,-119.75014133333333,36.81454816666667,39.286726857829585,-38.63998706994802,38.96182426389752,Before Launch
26,2025-03-20 01:56:09,1.117,1.39107616,2.769,24.636,-119.75014133333333,36.81454816666667,41.188491390458594,-40.75840637631893,40.91400230723064,Before Launch
27,2025-03-20 01:56:09,1.162,-1.0990814,-2.544,24.673,-119.75014133333333,36.81454816666667,19.69965264567135,-21.050512963542275,80.38312562915102,Before Launch
28,2025-03-20 01:56:09,1.204,-1.4599738,-0.453,24.681,-119.75014133333333,36.81454816666667,13.704328507419007,-15.612226462916606,90.80388563634287,Before Launch
29,2025-03-20 01:56:09,1.247,-0.73490816,0.339,24.673,-119.75014133333333,36.81454816666667,6.509538597580362,-9.121129084264403,102.28675413467262,Before Launch
30,2025-03-20 01:56:09,1.289,0.574147,1.898,24.661,-119.75014733333333,36.8145475,4.388544111114679,-7.184160614236815,105.47311259240695,Before Launch
31,2025-03-20 01:56:09,1.332,-0.9908136799999999,-0.015,24.671,-119.75014733333333,36.8145475,1.7536955029563555,-4.812892451943109,110.10697157570667,Before Launch
32,2025-03-20 01:56:09,1.375,-2.0833334,-1.908,24.671,-119.75014733333333,36.8145475,0.9681590605020056,-4.07177943039768,111.4005304584335,Before Launch
33,2025-03-20 01:56:10,1.418,-0.29199475999999996,0.073,24.648,-119.75014733333333,36.8145475,-0.019330920464708023,-3.195861188674089,113.09483943041386,Before Launch
34,2025-03-20 01:56:10,1.46,-1.35498692,-0.694,24.671,-119.75014733333333,36.8145475,-0.3191644173943066,-2.9207527171226366,113.78945794665037,Before Launch
35,2025-03-20 01:56:10,1.503,-2.0669292,-1.697,24.678,-119.75014733333333,36.8145475,-0.6905763150148936,-2.613634334165369,114.4231064079601,Before Launch
36,2025-03-20 01:56:10,1.545,0.80052496,0.991,24.648,-119.75014733333333,36.8145475,-0.7998359236297441,-2.505703925222132,114.75773302077675,Before Launch
37,2025-03-20 01:56:10,1.588,-0.8694226,-0.012,24.668,-119.75014733333333,36.8145475,-0.9223238917330749,-2.370131990307308,115.20447030062887,Before Launch
38,2025-03-20 01:56:10,1.631,0.3116798,0.635,24.643,-119.75014733333333,36.8145475,-0.973846497670354,-2.3086920233544905,115.38713018375546,Before Launch
39,2025-03-20 01:56:10,1.674,-0.9744094799999999,0.116,24.671,-119.75014733333333,36.8145475,-1.0130420501774402,-2.2598817111320018,115.48048447285919,Before Launch
40,2025-03-20 01:56:10,1.716,-1.8274278800000001,-0.565,24.673,-119.75014733333333,36.8145475,-1.0330450099487383,-2.2669728530626987,115.40216791449242,Before Launch
41,2025-03-20 01:56:10,1.759,-0.50524936,0.666,24.668,-119.75014733333333,36.8145475,-1.0538241174586889,-2.2738219341505834,114.99776624804633,Before Launch
42,2025-03-20 01:56:10,1.801,-0.50524936,0.553,24.668,-119.75014733333333,36.8145475,-1.036332655481241,-2.273819921156476,114.81737663535839,Before Launch
43,2025-03-20 01:56:10,1.844,-0.2624672,0.439,24.671,-119.75014733333333,36.8145475,-1.034664715269315,-2.3057427951145444,114.47976108320145,Before Launch
44,2025-03-20 01:56:10,1.886,-0.99409452,-0.681,24.663,-119.75014733333333,36.8145475,-1.0399441788733381,-2.319663501488095,114.31467703743456,Before Launch
45,2025-03-20 01:56:10,1.929,-0.2624672,0.439,24.671,-119.75014733333333,36.8145475,-1.047201950417482,-2.3011302860792324,114.26132580236701,Before Launch
46,2025-03-20 01:56:10,1.971,-0.8694226,0.113,24.668,-119.75014733333333,36.8145475,-1.04144497101891,-2.2775355832020083,114.33446911351997,Before Launch
47,2025-03-20 01:56:10,2.014,0.32480316000000004,0.998,24.651,-119.75014733333333,36.8145475,-1.0019723899530002,-2.2708594040113352,114.40468893561855,Before Launch
48,2025-03-20 01:56:10,2.056,-0.50524936,-0.113,24.668,-119.75014733333333,36.8145475,-1.0106238064389272,-2.2826475213868997,114.30173290798085,Before Launch
49,2025-03-20 01:56:10,2.098,-1.12860896,-1.271,24.668,-119.75014733333333,36.8145475,-1.0064440681970797,-2.295119253339874,114.30540235262151,Before Launch
50,2025-03-20 01:56:10,2.141,0.7808399199999999,0.198,24.633,-119.75014733333333,36.8145475,-1.006006045374742,-2.3059443478435435,114.31129498810564,Before Launch
51,2025-03-20 01:56:10,2.183,-1.23359584,-2.462,24.668,-119.75014733333333,36.8145475,-1.0008925900783863,-2.3471901785392317,114.19845105690425,Before Launch
52,2025-03-20 01:56:10,2.226,-1.8405512400000001,-0.697,24.666,-119.75014733333333,36.8145475,-1.0133838423398251,-2.3430969560282486,114.14862648815499,Before Launch
53,2025-03-20 01:56:10,2.268,-0.05249344,1.323,24.643,-119.75014683333333,36.81454633333333,-1.0253176250432117,-2.3063516653383065,114.21164197904,Before Launch
54,2025-03-20 01:56:10,2.311,1.0990814,1.724,24.604,-119.75014683333333,36.81454633333333,-1.023870250288942,-2.302207732971445,114.23621143208868,Before Launch
55,2025-03-20 01:56:10,2.353,0.69225724,0.111,24.658,-119.75014683333333,36.81454633333333,-1.0043956395326907,-2.2958874613726814,114.14445748456029,Before Launch
56,2025-03-20 01:56:10,2.396,0.17716536,1.098,24.638,-119.75014683333333,36.81454633333333,-1.0112147154003868,-2.309288970311969,114.10044044749932,Before Launch
57,2025-03-20 01:56:11,2.438,-1.35826776,0.682,24.663,-119.75014683333333,36.81454633333333,-1.016153480315056,-2.3316745618695363,114.10771847776532,Before Launch
58,2025-03-20 01:56:11,2.481,0.56758532,0.809,24.653,-119.75014683333333,36.81454633333333,-1.0345527523006584,-2.315615298874772,114.12459884543641,Before Launch
59,2025-03-20 01:56:11,2.529,-0.17388452,1.105,24.646,-119.75014683333333,36.81454633333333,-1.0406567250481134,-2.289774775285879,114.04244349492141,Before Launch
60,2025-03-20 01:56:11,2.574,-0.14107612,1.798,24.668,-119.75014683333333,36.81454633333333,-1.0287349631156368,-2.305914300831729,113.96335779832957,Before Launch
61,2025-03-20 01:56:11,2.619,-1.23359584,-1.894,24.668,-119.75014683333333,36.81454633333333,-1.0282482183330326,-2.3175091952357336,114.0261064912669,Before Launch
62,2025-03-20 01:56:11,2.662,-0.62664044,0.226,24.671,-119.75014683333333,36.81454633333333,-1.0293149867733837,-2.291531596368673,114.52402722305463,Before Launch
63,2025-03-20 01:56:11,2.704,-0.76443572,-1.003,24.658,-119.75014683333333,36.81454633333333,-1.0256791676172916,-2.313192683048048,114.58430759511086,Before Launch
64,2025-03-20 01:56:11,2.747,-0.14107612,0.777,24.668,-119.75014683333333,36.81454633333333,-1.0427944325919483,-2.2669473290227993,114.73947145481031,Before Launch
65,2025-03-20 01:56:11,2.789,-1.23359584,0.553,24.671,-119.75014683333333,36.81454633333333,-1.0298379936320339,-2.270930063992126,114.66135413937162,Before Launch
66,2025-03-20 01:56:11,2.832,-0.5249344,-0.018,24.653,-119.75014683333333,36.81454633333333,-1.0257095094149518,-2.244864656965777,114.76667166943469,Before Launch
67,2025-03-20 01:56:11,2.874,0.34448819999999997,0.792,24.666,-119.75014683333333,36.81454633333333,-1.024975323401619,-2.262229152790581,114.71943410231746,Before Launch
68,2025-03-20 01:56:11,2.917,-0.50524936,-0.226,24.676,-119.75014683333333,36.81454633333333,-1.0130586708645848,-2.293060708758373,114.49582448776079,Before Launch
69,2025-03-20 01:56:11,2.96,1.1318898,1.98,24.626,-119.75014683333333,36.81454633333333,-1.0128157401764095,-2.263927516444344,114.36719199080119,Before Launch
70,2025-03-20 01:56:11,3.002,0.34448819999999997,0.566,24.666,-119.75014683333333,36.81454633333333,-1.029349665072216,-2.2484639633443755,114.38405334889784,Before Launch
71,2025-03-20 01:56:11,3.045,0.22309712,1.017,24.678,-119.75014683333333,36.81454633333333,-1.0367113381753619,-2.257897827370155,114.30143048460283,Before Launch
72,2025-03-20 01:56:11,3.088,-0.6561680000000001,-0.913,24.648,-119.75014683333333,36.81454633333333,-1.0195658491969735,-2.3002106212266282,114.2453515031487,Before Launch
73,2025-03-20 01:56:11,3.13,-0.16076116000000001,0.321,24.653,-119.75014683333333,36.81454633333333,-1.0137168287891956,-2.266730943927853,114.20719942411647,Before Launch
74,2025-03-20 01:56:11,3.172,-0.2624672,0.806,24.671,-119.75014683333333,36.81454633333333,-1.0385163181598736,-2.256790296546976,114.27247318403897,Before Launch
75,2025-03-20 01:56:11,3.215,1.15813652,0.351,24.641,-119.75014683333333,36.81454633333333,-1.0307922363313573,-2.2742343550549027,114.36819929239587,Before Launch
76,2025-03-20 01:56:11,3.265,3.3169292399999994,4.206,24.626,-119.75014833333333,36.814545833333334,-1.0343945350530976,-2.2719009294833996,114.40426547516492,Before Launch
77,2025-03-20 01:56:11,3.309,0.82677168,2.463,24.663,-119.75014833333333,36.814545833333334,-1.0279533476464044,-2.2822113052146116,114.57547287589948,Before Launch
78,2025-03-20 01:56:11,3.352,-1.59776908,-1.426,24.668,-119.75014833333333,36.814545833333334,-1.0571924241257158,-2.2560876469646405,114.71202490329547,Before Launch
79,2025-03-20 01:56:11,3.394,0.34448819999999997,-0.697,24.666,-119.75014833333333,36.814545833333334,-1.0591278504196036,-2.231598566143371,114.9234426995163,Before Launch
80,2025-03-20 01:56:12,3.437,-1.0990814,-1.653,24.673,-119.75014833333333,36.814545833333334,-1.0642770113876432,-2.227889562661755,115.06215781905966,Before Launch
81,2025-03-20 01:56:12,3.48,-0.2624672,-0.406,24.671,-119.75014833333333,36.814545833333334,-1.0465420226015185,-2.2391813363415105,115.03801864532109,Before Launch
82,2025-03-20 01:56:12,3.522,0.6889763999999999,1.889,24.651,-119.75014833333333,36.814545833333334,-1.0115019834102945,-2.235442763638935,114.92174715081916,Before Launch
83,2025-03-20 01:56:12,3.565,0.34448819999999997,-0.206,24.666,-119.75014833333333,36.814545833333334,-1.005345562429759,-2.2580436758920315,114.75789384861675,Before Launch
84,2025-03-20 01:56:12,3.608,-0.62664044,-0.42,24.671,-119.75014833333333,36.814545833333334,-1.0153741031911607,-2.2325142533592066,114.71065195642004,Before Launch
85,2025-03-20 01:56:12,3.658,-0.8694226,-0.672,24.668,-119.75014833333333,36.814545833333334,-1.0253310108606288,-2.228446132947874,114.71960728852437,Before Launch
86,2025-03-20 01:56:12,3.701,-1.33858272,-0.097,24.678,-119.75014833333333,36.814545833333334,-1.0293063642753402,-2.241540227243857,114.7564451578282,Before Launch
87,2025-03-20 01:56:12,3.745,-1.7191601600000002,-1.009,24.663,-119.75014833333333,36.814545833333334,-1.0513999859285066,-2.224678181919802,114.88536970563776,Before Launch
88,2025-03-20 01:56:12,3.787,-0.37073492,0.364,24.673,-119.75014833333333,36.814545833333334,-1.0761537713917977,-2.2052939008103594,115.09294081227434,Before Launch
89,2025-03-20 01:56:12,3.83,-1.7191601600000002,-1.457,24.671,-119.75014833333333,36.814545833333334,-1.0882078907349957,-2.2130021530167983,115.11190878471767,Before Launch
90,2025-03-20 01:56:12,3.873,-0.9908136799999999,0.224,24.666,-119.75014833333333,36.814545833333334,-1.0847140279380028,-2.223107402638304,115.09325579329129,Before Launch
91,2025-03-20 01:56:12,3.915,-0.62664044,-0.094,24.671,-119.75014833333333,36.814545833333334,-1.0896162637741589,-2.23495876593793,115.03360012194368,Before Launch
92,2025-03-20 01:56:12,3.958,-0.38385828,-0.672,24.666,-119.75014833333333,36.814545833333334,-1.101966131053847,-2.2660969727498195,114.93093124760384,Before Launch
93,2025-03-20 01:56:12,4.0,-1.11220476,-0.56,24.666,-119.75014833333333,36.814545833333334,-1.0868306209301752,-2.2516586771825366,114.83498120912118,Before Launch
94,2025-03-20 01:56:12,4.043,-1.35498692,-2.296,24.671,-119.75014833333333,36.814545833333334,-1.0662406691448014,-2.264559849622759,114.57609557658309,Before Launch
95,2025-03-20 01:56:12,4.086,0.6758530399999999,0.306,24.643,-119.75014833333333,36.814545833333334,-1.073394829925643,-2.2740337383537055,114.38254429686316,Before Launch
96,2025-03-20 01:56:12,4.128,-1.35498692,-1.457,24.671,-119.75014833333333,36.814545833333334,-1.0617193942883927,-2.257359690713639,114.13982160193771,Before Launch
97,2025-03-20 01:56:12,4.17,-0.50524936,0.139,24.668,-119.75014833333333,36.814545833333334,-1.0579282046448142,-2.274984237620622,114.01851273667438,Before Launch
98,2025-03-20 01:56:12,4.213,-1.0990814,-0.866,24.673,-119.75014833333333,36.814545833333334,-1.0168787473133583,-2.2900192201739555,113.70494392408096,Before Launch
99,2025-03-20 01:56:12,4.255,-0.36745408,-0.097,24.681,-119.75014983333334,36.81454466666667,-1.0200684133535238,-2.2812492958313264,113.7427156670571,Before Launch
100,2025-03-20 01:56:12,4.298,-0.32808400000000004,-1.372,24.671,-119.75014983333334,36.81454466666667,-1.0104930964900338,-2.271878331628822,113.74441527702986,Before Launch
101,2025-03-20 01:56:12,4.34,-0.9744094799999999,-3.992,24.658,-119.75014983333334,36.81454466666667,-1.0046481716463869,-2.2692262939916383,113.96883685916322,Before Launch
102,2025-03-20 01:56:12,4.391,-0.9908136799999999,-1.68,24.671,-119.75014983333334,36.81454466666667,-1.0046261550071585,-2.2661841145221486,114.04638534248133,Before Launch
103,2025-03-20 01:56:13,4.435,-1.33858272,0.239,24.678,-119.75014983333334,36.81454466666667,-1.01341111790453,-2.2453558024828246,114.23918979000364,Before Launch
104,2025-03-20 01:56:13,4.477,0.19028872,-0.142,24.646,-119.75014983333334,36.81454466666667,-1.0316297676798898,-2.2446504413062276,114.40124933944064,Before Launch
105,2025-03-20 01:56:13,4.521,-0.36745408,0.675,24.681,-119.75014983333334,36.81454466666667,-1.0121959114618626,-2.2507008984691224,114.59214006772137,Before Launch
106,2025-03-20 01:56:13,4.563,-1.70275596,-1.33,24.658,-119.75014983333334,36.81454466666667,-1.0191928776325774,-2.254397122586772,114.63948297604973,Before Launch
107,2025-03-20 01:56:13,4.606,-0.8825459600000001,-1.45,24.661,-119.75014983333334,36.81454466666667,-1.0511155297697314,-2.2251138760537215,114.65381881041655,Before Launch
108,2025-03-20 01:56:13,4.648,-2.43110244,-2.563,24.678,-119.75014983333334,36.81454466666667,-1.0547728284024198,-2.205378970133502,114.63517435087077,Before Launch
109,2025-03-20 01:56:13,4.691,-1.8274278800000001,-1.109,24.676,-119.75014983333334,36.81454466666667,-1.014035188805715,-2.223703075385489,114.6165635173435,Before Launch
110,2025-03-20 01:56:13,4.734,0.9186352000000001,1.662,24.646,-119.75014983333334,36.81454466666667,-1.0306411729037868,-2.2283349962055694,114.55686549439604,Before Launch
111,2025-03-20 01:56:13,4.777,-1.7191601600000002,-0.354,24.671,-119.75014983333334,36.81454466666667,-1.0210692818799634,-2.2185176428635383,114.471383238703,Before Launch
112,2025-03-20 01:56:13,4.819,-0.49212599999999995,1.142,24.676,-119.75014983333334,36.81454466666667,-1.0208288610815592,-2.2134456526428905,114.49147885981996,Before Launch
113,2025-03-20 01:56:13,4.861,0.56758532,0.874,24.653,-119.75014983333334,36.81454466666667,-1.0269058726995173,-2.236570040372663,114.3954944200064,Before Launch
114,2025-03-20 01:56:13,4.904,-0.036089239999999995,1.567,24.658,-119.75014983333334,36.81454466666667,-1.0558770151532493,-2.2330942556759994,114.38886063878917,Before Launch
115,2025-03-20 01:56:13,4.946,0.10170604,1.018,24.671,-119.75014983333334,36.81454466666667,-1.0179699918089713,-2.2433134571755575,114.35713216744058,Before Launch
116,2025-03-20 01:56:13,4.989,-0.40354332,0.208,24.651,-119.75014983333334,36.81454466666667,-1.0242279981659759,-2.2469265901200126,114.2868660956329,Before Launch
117,2025-03-20 01:56:13,5.031,-1.9488189599999999,-1.458,24.676,-119.75014983333334,36.81454466666667,-1.0154292783557317,-2.249574466507192,114.3008034300003,Before Launch
118,2025-03-20 01:56:13,5.074,-0.73490816,0.351,24.673,-119.75014983333334,36.81454466666667,-1.0219493178773642,-2.2548368368643987,114.32546571172497,Before Launch
119,2025-03-20 01:56:13,5.116,0.32808400000000004,1.569,24.658,-119.75014983333334,36.81454466666667,-0.9995996412889523,-2.288470995140858,114.37091315822799,Before Launch
120,2025-03-20 01:56:13,5.159,0.35761156,-0.297,24.673,-119.75014983333334,36.81454466666667,-0.9966501738689049,-2.2545155763116655,114.32917833090701,Before Launch
121,2025-03-20 01:56:13,5.201,-1.22047248,0.125,24.676,-119.75014983333334,36.81454466666667,-1.0197888694075907,-2.2865398509406667,114.10286616007077,Before Launch
122,2025-03-20 01:56:13,5.244,0.23622047999999998,0.69,24.656,-119.75014983333334,36.81454466666667,-1.0237745399256089,-2.2913620789951317,114.1472421311262,Before Launch
123,2025-03-20 01:56:13,5.286,-0.61023624,0.456,24.678,-119.75014983333334,36.81454466666667,-1.0074529338892184,-2.2485211421899067,114.0868258188321,Before Launch
124,2025-03-20 01:56:13,5.329,-0.24606299999999998,0.113,24.678,-119.75014983333334,36.81454466666667,-0.995026419091971,-2.2698523619356266,113.98845865304365,Before Launch
125,2025-03-20 01:56:13,5.372,-0.73162732,-0.376,24.666,-119.75014983333334,36.81454466666667,-1.0222071314049663,-2.261357531925015,113.9943333753493,Before Launch
126,2025-03-20 01:56:13,5.414,0.42979004000000004,1.307,24.641,-119.75014983333334,36.81454466666667,-0.9735070519098874,-2.3097865983508754,113.91109304693266,Before Launch
127,2025-03-20 01:56:14,5.457,-0.12795276,0.809,24.676,-119.75014983333334,36.81454466666667,-0.9568825320078842,-2.2384265478389436,113.9493290786082,Before Launch
128,2025-03-20 01:56:14,5.499,-1.9488189599999999,-0.574,24.673,-119.75014983333334,36.81454466666667,-1.0145597700094973,-2.2995660969406684,113.94630609103305,Before Launch
129,2025-03-20 01:56:14,5.542,-0.40026248,-0.555,24.658,-119.75014983333334,36.81454466666667,-0.938247953118568,-2.281860624350778,113.41846635216757,Before Launch
130,2025-03-20 01:56:14,5.584,1.04002628,1.324,24.676,-119.75014983333334,36.81454466666667,-1.0352765289487442,-2.436598848385393,114.29700334286944,Before Launch
131,2025-03-20 01:56:14,5.635,-1.35498692,0.324,24.671,-119.75014983333334,36.81454466666667,-1.0742767093712227,-2.4965781337484256,114.51800344820836,Before Launch
132,2025-03-20 01:56:14,5.678,-0.62664044,0.239,24.671,-119.75014983333334,36.81454466666667,-1.0912198713550447,-2.4855686422520438,115.08063823922936,Before Launch
133,2025-03-20 01:56:14,5.722,0.22309712,2.471,24.668,-119.75014983333334,36.81454466666667,-1.1359187523750915,-2.4553932217471295,115.44010849121648,Before Launch
134,2025-03-20 01:56:14,5.765,-0.61023624,1.133,24.686,-119.75014983333334,36.81454466666667,-1.0886324874280375,-2.3733124677057935,115.05651655442361,Before Launch
135,2025-03-20 01:56:14,5.808,-2.79527568,-3.458,24.678,-119.75014983333334,36.81454466666667,-1.0851296474035796,-2.32700614385879,114.97723895884567,Before Launch
136,2025-03-20 01:56:14,5.851,-0.85629924,0.803,24.676,-119.75014983333334,36.81454466666667,-1.0710491588224067,-2.278352894263442,115.00245928695193,Before Launch
137,2025-03-20 01:56:14,5.893,0.10170604,0.553,24.636,-119.75014983333334,36.81454466666667,-1.6896057269048643,-3.4454248065884983,114.82483533554556,Before Launch
138,2025-03-20 01:56:14,5.936,-1.32545936,-1.761,24.686,-119.75014983333334,36.81454466666667,-1.4827635407066126,-2.6788304369169005,112.89297880242452,Before Launch
139,2025-03-20 01:56:14,5.979,-1.46325464,-1.328,24.673,-119.75014983333334,36.81454466666667,-1.1942685632453065,-2.2131318694461664,112.5900877817181,Before Launch
140,2025-03-20 01:56:14,6.022,-1.22047248,-1.229,24.678,-119.75014983333334,36.81454466666667,0.10671177920666663,-2.1670049534514475,107.87040911476618,Before Launch
141,2025-03-20 01:56:14,6.064,-1.8241470400000002,-1.321,24.681,-119.75014983333334,36.81454466666667,0.08294042493314675,-2.3126420171790025,102.4932808793591,Before Launch
142,2025-03-20 01:56:14,6.107,1.02034124,2.759,24.628,-119.75014983333334,36.81454466666667,-0.31521200773704866,-2.9924233138991787,92.02124924808211,Before Launch
143,2025-03-20 01:56:14,6.149,-0.49212599999999995,0.226,24.676,-119.75014983333334,36.81454466666667,0.4654590488360565,-3.060789460099863,89.16743928515442,Before Launch
144,2025-03-20 01:56:14,6.192,-1.57152236,-1.765,24.683,-119.75014983333334,36.81454466666667,0.7179598886063325,-3.720253926135252,86.15030515723286,Before Launch
145,2025-03-20 01:56:14,6.235,-0.73490816,-1.015,24.673,-119.75014983333334,36.81454466666667,0.43168018351238036,-3.958522477473836,86.65942019722797,Before Launch
146,2025-03-20 01:56:14,6.277,-0.9744094799999999,0.229,24.678,-119.75014983333334,36.81454466666667,-0.20660936920979936,-3.9871520077507197,92.67803231566928,Before Launch
147,2025-03-20 01:56:14,6.32,-2.0669292,-2.14,24.678,-119.75014983333334,36.81454466666667,-0.26218306617362735,-3.761216636005562,95.66698604264504,Before Launch
148,2025-03-20 01:56:14,6.37,-1.4599738,-0.784,24.681,-119.75015283333333,36.814545833333334,-0.5421861510630832,-3.1913858080849753,102.12448720843473,Before Launch
149,2025-03-20 01:56:14,6.414,-1.33858272,-1.007,24.678,-119.75015283333333,36.814545833333334,-0.12542056838917942,-2.5581930098945245,106.20118727004787,Before Launch
150,2025-03-20 01:56:15,6.457,-1.58464572,-0.786,24.676,-119.75015283333333,36.814545833333334,-0.043331100805004075,-2.325988695567037,108.9213131874838,Before Launch
151,2025-03-20 01:56:15,6.499,-0.85629924,-1.185,24.676,-119.75015283333333,36.814545833333334,-0.0678732665769492,-2.0104651329828043,113.13318076253434,Before Launch
152,2025-03-20 01:56:15,6.541,-1.20734912,-0.996,24.683,-119.75015283333333,36.814545833333334,-0.44301733845131575,-2.06862417183075,114.06864221509919,Before Launch
153,2025-03-20 01:56:15,6.584,-0.9744094799999999,0.898,24.671,-119.75015283333333,36.814545833333334,-1.86099523416916,-2.347603483200316,106.6719343977845,Before Launch
154,2025-03-20 01:56:15,6.627,-0.85629924,-0.42,24.676,-119.75015283333333,36.814545833333334,-1.4590482102336049,-1.951238075083877,102.73505477858647,Before Launch
155,2025-03-20 01:56:15,6.669,-1.4599738,-2.304,24.681,-119.75015283333333,36.814545833333334,-0.6432307060524285,-1.882968763617302,97.34130939369832,Before Launch
156,2025-03-20 01:56:15,6.712,-0.36745408,0.917,24.678,-119.75015283333333,36.814545833333334,-0.6515528588402727,-2.053442374281312,95.73786944415238,Before Launch
157,2025-03-20 01:56:15,6.754,-2.43110244,-1.677,24.678,-119.75015283333333,36.814545833333334,-0.8207145516138117,-2.295558560109172,98.51183707357892,Before Launch
158,2025-03-20 01:56:15,6.797,-1.8241470400000002,-1.904,24.681,-119.75015283333333,36.814545833333334,-0.7114368631461344,-2.2498413387973533,99.78886844170263,Before Launch
159,2025-03-20 01:56:15,6.847,-0.7480315200000001,-0.127,24.666,-119.75015283333333,36.814545833333334,-0.5561915378587174,-2.2183651259767463,104.09131960305939,Before Launch
160,2025-03-20 01:56:15,6.891,-1.70275596,1.009,24.678,-119.75015283333333,36.814545833333334,-0.8098427351536696,-2.192227480023235,107.2118566666212,Before Launch
161,2025-03-20 01:56:15,6.938,-0.15419948,0.646,24.661,-119.75015283333333,36.814545833333334,-0.8472078728296759,-2.1528169184635826,108.62700301545287,Before Launch
162,2025-03-20 01:56:15,6.98,-1.33858272,-1.325,24.678,-119.75015283333333,36.814545833333334,-0.7459689773357113,-2.05139177570214,111.23386334387412,Before Launch
163,2025-03-20 01:56:15,7.022,-0.9908136799999999,0.308,24.671,-119.75015283333333,36.814545833333334,-0.7602233901275081,-2.0026980900890763,112.1468282873499,Before Launch
164,2025-03-20 01:56:15,7.065,-1.0990814,0.335,24.673,-119.75015283333333,36.814545833333334,-0.8664210326414754,-2.041465489407468,111.77961277485407,Before Launch
165,2025-03-20 01:56:15,7.108,-1.09580056,0.115,24.681,-119.75015283333333,36.814545833333334,-0.8452902123094329,-2.044846272881013,111.42573172168028,Before Launch
166,2025-03-20 01:56:15,7.151,-0.49212599999999995,1.225,24.676,-119.75015283333333,36.814545833333334,-0.7771381165593138,-2.021035558262724,111.22715401103095,Before Launch
167,2025-03-20 01:56:15,7.193,0.29199475999999996,-0.671,24.628,-119.75015283333333,36.814545833333334,-0.7857383507003733,-2.051875762733585,110.78961237211706,Before Launch
168,2025-03-20 01:56:15,7.236,-0.49212599999999995,0.0,24.676,-119.75015283333333,36.814545833333334,-0.8030522665727967,-2.100839264375026,110.16690143944774,Before Launch
169,2025-03-20 01:56:15,7.278,-0.8694226,0.647,24.668,-119.75015783333333,36.814547833333336,-0.7820137534690054,-2.0870856254243977,109.99451932625989,Before Launch
170,2025-03-20 01:56:15,7.321,-1.22047248,-0.447,24.676,-119.75015783333333,36.814547833333336,-0.7398172259227545,-2.124489282722865,109.70303599469192,Before Launch
171,2025-03-20 01:56:15,7.363,-1.4599738,-0.447,24.681,-119.75015783333333,36.814547833333336,-0.7615222726637406,-2.112463677293815,109.52675798444444,Before Launch
172,2025-03-20 01:56:15,7.405,-0.40026248,1.536,24.658,-119.75015783333333,36.814547833333336,-0.7535398604263265,-2.1129010443116556,109.21209947652727,Before Launch
173,2025-03-20 01:56:16,7.448,-1.09580056,0.338,24.681,-119.75015783333333,36.814547833333336,-0.7536921101187269,-2.144611192075891,109.21500479383006,Before Launch
174,2025-03-20 01:56:16,7.49,-0.24606299999999998,1.015,24.678,-119.75015783333333,36.814547833333336,-0.7299687580368625,-2.138040864312626,109.4011372096775,Before Launch
175,2025-03-20 01:56:16,7.533,0.44947508,1.89,24.656,-119.75015783333333,36.814547833333336,-0.7319869338482579,-2.149616410679616,109.53722151721804,Before Launch
176,2025-03-20 01:56:16,7.575,-0.73162732,0.116,24.681,-119.75015783333333,36.814547833333336,-0.7541818875510111,-2.160730208430219,109.62905612448708,Before Launch
177,2025-03-20 01:56:16,7.617,-0.49212599999999995,0.665,24.676,-119.75015783333333,36.814547833333336,-0.761577141730217,-2.157676487915879,109.65130503592752,Before Launch
178,2025-03-20 01:56:16,7.66,0.82677168,1.674,24.663,-119.75015783333333,36.814547833333336,-0.7957640010977043,-2.162219287950929,109.7147609737292,Before Launch
179,2025-03-20 01:56:16,7.702,-0.85629924,0.0,24.676,-119.75015783333333,36.814547833333336,-0.7781999816766384,-2.1441692482037182,109.74975575125283,Before Launch
180,2025-03-20 01:56:16,7.745,-1.09580056,0.338,24.681,-119.75015783333333,36.814547833333336,-0.776808289758449,-2.131319270816335,109.82115038488253,Before Launch
181,2025-03-20 01:56:16,7.787,-1.46325464,-1.019,24.666,-119.75015783333333,36.814547833333336,-0.7828548215782257,-2.1481319174189686,109.84831381441141,Before Launch
182,2025-03-20 01:56:16,7.83,-2.79527568,-0.338,24.678,-119.75015783333333,36.814547833333336,-0.771979525963591,-2.172171328743237,110.1872922999055,Before Launch
183,2025-03-20 01:56:16,7.872,-2.3129922,-0.455,24.676,-119.75015783333333,36.814547833333336,-0.7698390806032914,-2.2051027839036257,110.30261236549156,Before Launch
184,2025-03-20 01:56:16,7.915,-2.43110244,-1.576,24.663,-119.75015783333333,36.814547833333336,-0.7933674725832874,-2.20533056345118,110.47638159312633,Before Launch
185,2025-03-20 01:56:16,7.957,-1.35498692,0.326,24.671,-119.75015783333333,36.814547833333336,-0.7791359294738851,-2.1880540911045414,110.53584413759897,Before Launch
186,2025-03-20 01:56:16,8.0,-1.9488189599999999,-1.69,24.676,-119.75015783333333,36.814547833333336,-0.780783744480641,-2.169018983929772,110.55794799611697,Before Launch
187,2025-03-20 01:56:16,8.042,-2.43110244,-1.029,24.678,-119.75015783333333,36.814547833333336,-0.7538376218197652,-2.1385217137762744,110.47926242513995,Before Launch
188,2025-03-20 01:56:16,8.086,-0.73490816,0.241,24.673,-119.75015783333333,36.814547833333336,-0.7905364076007131,-2.136661529111998,110.34514780875783,Before Launch
189,2025-03-20 01:56:16,8.129,-2.19160112,-1.027,24.673,-119.75015783333333,36.814547833333336,-0.7828347180748747,-2.1428689029350685,110.25868124787888,Before Launch
190,2025-03-20 01:56:16,8.171,-0.38385828,0.67,24.663,-119.75015783333333,36.814547833333336,-0.7914106917074908,-2.1472442496358735,110.1769196677382,Before Launch
191,2025-03-20 01:56:16,8.213,0.17716536,0.63,24.638,-119.75015783333333,36.814547833333336,-0.7755027474866196,-2.1463319951257653,110.15975689184059,Before Launch
192,2025-03-20 01:56:16,8.257,-1.33858272,-1.532,24.678,-119.75016033333333,36.8145505,-0.8228911739166006,-2.1355636313872095,110.43804276589456,Before Launch
193,2025-03-20 01:56:16,8.299,-0.73490816,-0.228,24.671,-119.75016033333333,36.8145505,-0.8205994019224281,-2.1540633536300553,110.65749598846186,Before Launch
194,2025-03-20 01:56:16,8.342,-0.73490816,0.126,24.673,-119.75016033333333,36.8145505,-0.8360053686701917,-2.197913326638604,110.93291798348211,Before Launch
195,2025-03-20 01:56:16,8.384,-1.0990814,0.114,24.673,-119.75016033333333,36.8145505,-0.8259997389565226,-2.164949388597577,111.04390080384981,Before Launch
196,2025-03-20 01:56:17,8.427,-1.0990814,0.339,24.671,-119.75016033333333,36.8145505,-0.8096663779668498,-2.1533054604349733,110.97276136105376,Before Launch
197,2025-03-20 01:56:17,8.469,-0.62664044,-0.213,24.671,-119.75016033333333,36.8145505,-0.8013569813495548,-2.148440112357421,110.92236530001327,Before Launch
198,2025-03-20 01:56:17,8.512,0.22309712,1.24,24.668,-119.75016033333333,36.8145505,-0.8799012007480225,-2.1702320014519514,110.76915669078598,Before Launch
199,2025-03-20 01:56:17,8.555,-1.35498692,-1.041,24.671,-119.75016033333333,36.8145505,-0.7902124744073309,-2.0426883715611663,110.50334114252409,Before Launch
200,2025-03-20 01:56:17,8.597,-0.73490816,-1.113,24.673,-119.75016033333333,36.8145505,-0.6758107937021477,-2.095835891551672,110.54175156927082,Before Launch
201,2025-03-20 01:56:17,8.639,-0.2624672,0.441,24.671,-119.75016033333333,36.8145505,-0.7326859602377629,-2.1529486839568395,110.56086981812251,Before Launch
202,2025-03-20 01:56:17,8.682,-1.33858272,-0.795,24.678,-119.75016033333333,36.8145505,-0.8847676631028744,-2.3425471568272376,110.80823851846336,Before Launch
203,2025-03-20 01:56:17,8.724,-0.73490816,-1.468,24.673,-119.75016033333333,36.8145505,-0.8590829219409731,-2.3580369715767056,111.17402558058946,Before Launch
204,2025-03-20 01:56:17,8.767,-1.46325464,-0.57,24.673,-119.75016033333333,36.8145505,-0.6925408650474664,-2.2761780008961083,112.79379264270578,Before Launch
205,2025-03-20 01:56:17,8.809,-1.8405512400000001,-0.7,24.666,-119.75016033333333,36.8145505,-0.5985470711298646,-2.2291181916950413,113.81654292386118,Before Launch
206,2025-03-20 01:56:17,8.852,-1.96194232,-0.468,24.671,-119.75016033333333,36.8145505,-0.7387514336175698,-2.336830620313192,113.58554790437059,Before Launch
207,2025-03-20 01:56:17,8.895,-0.8694226,1.808,24.668,-119.75016033333333,36.8145505,-0.8796475295733841,-2.3650172314086912,113.63789324763682,Before Launch
208,2025-03-20 01:56:17,8.937,-1.35498692,0.9,24.671,-119.75016033333333,36.8145505,0.23348839877817476,-2.808954004725646,110.27671958581536,Before Launch
209,2025-03-20 01:56:17,8.98,-0.62664044,1.694,24.676,-119.75016033333333,36.8145505,0.15664980711487136,-3.5132356087264416,105.87087432650077,Before Launch
210,2025-03-20 01:56:17,9.022,-0.8694226,0.456,24.668,-119.75016033333333,36.8145505,1.2881131368447443,-4.872803369455236,89.02590007476682,Before Launch
211,2025-03-20 01:56:17,9.065,-2.0669292,-0.111,24.678,-119.75016033333333,36.8145505,1.6534381862921441,-5.893703268514894,84.38938755193384,Before Launch
212,2025-03-20 01:56:17,9.107,0.5413386,2.791,24.676,-119.75016033333333,36.8145505,2.139236292103621,-6.901056600036571,78.44169927871299,Before Launch
213,2025-03-20 01:56:17,9.15,-1.7191601600000002,-0.925,24.648,-119.75016033333333,36.8145505,2.2443714059529976,-7.031211618605538,74.18431756324559,Before Launch
214,2025-03-20 01:56:17,9.201,-0.37073492,1.699,24.673,-119.75016033333333,36.8145505,1.9686674934238892,-6.925249557312,75.06532922554725,Before Launch
215,2025-03-20 01:56:17,9.245,-0.8694226,-0.452,24.671,-119.75016033333333,36.8145505,1.0851690119861146,-6.035932537586755,79.60538372808,Before Launch
216,2025-03-20 01:56:17,9.287,-0.6430446400000001,-0.764,24.656,-119.75016033333333,36.8145505,0.6750884182860597,-5.401431698485157,84.32441215243966,Before Launch
217,2025-03-20 01:56:17,9.33,-0.85629924,0.449,24.676,-119.75016033333333,36.8145505,0.14097178261899607,-4.187337723885613,91.56423421334235,Before Launch
218,2025-03-20 01:56:17,9.372,-1.476378,-0.691,24.666,-119.750162,36.81455066666667,-0.022719254704987646,-3.846599127645326,93.86821625088386,Before Launch
219,2025-03-20 01:56:17,9.415,0.6889763999999999,1.327,24.651,-119.750162,36.81455066666667,-0.6335609325539755,-3.5815413164018626,101.25916319716325,Before Launch
220,2025-03-20 01:56:18,9.457,-1.0990814,0.0,24.673,-119.750162,36.81455066666667,-0.8344272826059477,-3.3998983239746017,104.83244260010143,Before Launch
221,2025-03-20 01:56:18,9.499,-1.0990814,0.0,24.673,-119.750162,36.81455066666667,-0.9969344682957676,-2.9176281954723486,109.45477334139258,Before Launch
222,2025-03-20 01:56:18,9.542,-1.476378,-0.792,24.666,-119.750162,36.81455066666667,-1.0075864670114851,-2.648918543540759,110.89493636336343,Before Launch
223,2025-03-20 01:56:18,9.584,-0.00656168,-0.214,24.673,-119.750162,36.81455066666667,-1.1106112419088499,-2.343255216310312,114.6022163136296,Before Launch
224,2025-03-20 01:56:18,9.627,-0.9744094799999999,0.355,24.678,-119.750162,36.81455066666667,-1.2005191194529492,-2.379566918829243,115.80663712096255,Before Launch
225,2025-03-20 01:56:18,9.669,-0.62664044,0.101,24.666,-119.750162,36.81455066666667,-1.384073835421341,-2.6402554402834957,117.32060320780433,Before Launch
226,2025-03-20 01:56:18,9.711,-0.2624672,0.0,24.671,-119.750162,36.81455066666667,-1.424303139049066,-2.5474207772650046,117.69463240839637,Before Launch
227,2025-03-20 01:56:18,9.754,-0.62664044,0.664,24.671,-119.750162,36.81455066666667,-1.2941822488506367,-2.2959302837611304,117.95056083077924,Before Launch
228,2025-03-20 01:56:18,9.797,-0.49212599999999995,0.226,24.676,-119.750162,36.81455066666667,-1.23187923418362,-2.1672653434470943,118.01142762260237,Before Launch
229,2025-03-20 01:56:18,9.839,-0.7480315200000001,0.667,24.666,-119.750162,36.81455066666667,-1.267901403407677,-2.2582051458882555,117.4902819796214,Before Launch
230,2025-03-20 01:56:18,9.881,-0.50524936,1.246,24.668,-119.750162,36.81455066666667,-1.3435917714787613,-2.4270792624917203,117.33780270513597,Before Launch
231,2025-03-20 01:56:18,9.924,-0.2788714,1.57,24.656,-119.750162,36.81455066666667,-1.3823302401336943,-2.4775357225022754,117.408335387907,Before Launch
232,2025-03-20 01:56:18,9.966,-1.0990814,-0.214,24.673,-119.750162,36.81455066666667,-1.3737493771258682,-2.4924422719808654,116.83573941123205,Before Launch
233,2025-03-20 01:56:18,10.009,-1.0990814,0.239,24.673,-119.750162,36.81455066666667,-1.2349376939215542,-2.3346066163019668,116.74046841154374,Before Launch
234,2025-03-20 01:56:18,10.051,-2.19160112,-1.461,24.673,-119.750162,36.81455066666667,-1.213262720166077,-2.2960145465509734,116.59502233091905,Before Launch
235,2025-03-20 01:56:18,10.093,-0.40026248,0.438,24.671,-119.750162,36.81455066666667,-1.3325796490672464,-2.5214585393351996,116.44246022611449,Before Launch
236,2025-03-20 01:56:18,10.136,-1.46325464,0.564,24.673,-119.750162,36.81455066666667,-1.436961265954232,-2.6690637130063837,116.71805820355782,Before Launch
237,2025-03-20 01:56:18,10.178,-0.8694226,-1.317,24.668,-119.750162,36.81455066666667,-1.3614403960512405,-2.3784960826911465,117.92628894802695,Before Launch
238,2025-03-20 01:56:18,10.221,-1.7191601600000002,0.0,24.671,-119.750162,36.81455066666667,-1.3182428359962213,-2.2724785028680032,118.41448079755446,Before Launch
239,2025-03-20 01:56:18,10.263,-0.50524936,-0.127,24.668,-119.75016316666667,36.8145515,-1.2496442678248068,-2.0734687615425194,119.03733390839001,Before Launch
240,2025-03-20 01:56:18,10.306,-0.9908136799999999,-0.114,24.671,-119.75016316666667,36.8145515,-1.3163994878577057,-2.1175057034677875,119.4893847929489,Before Launch
241,2025-03-20 01:56:18,10.349,-0.9908136799999999,-0.327,24.671,-119.75016316666667,36.8145515,-1.3579331897228306,-2.3025438215049427,119.72656897227192,Before Launch
242,2025-03-20 01:56:18,10.393,-1.58464572,-0.685,24.676,-119.75016316666667,36.8145515,-1.3397986457376148,-2.2677270197890795,120.06224655475798,Before Launch
243,2025-03-20 01:56:19,10.436,-0.03937008,1.351,24.651,-119.75016316666667,36.8145515,-1.3292546357280766,-2.189968072425904,119.96304114870614,Before Launch
244,2025-03-20 01:56:19,10.479,-1.7191601600000002,-2.263,24.671,-119.75016316666667,36.8145515,-1.3064395832663316,-2.152512392573595,120.39219260659092,Before Launch
245,2025-03-20 01:56:19,10.521,-0.2624672,0.786,24.671,-119.75016316666667,36.8145515,-1.425902251147271,-2.2859356089664584,120.9766772014286,Before Launch
246,2025-03-20 01:56:19,10.564,-0.85629924,0.228,24.676,-119.75016316666667,36.8145515,-1.5412882406249173,-2.491184349052773,121.1506851849347,Before Launch
247,2025-03-20 01:56:19,10.606,-1.61089244,-0.126,24.668,-119.75016316666667,36.8145515,-1.5563766281753768,-2.5194317050905792,120.34719601572095,Before Launch
248,2025-03-20 01:56:19,10.649,-0.12795276,-0.114,24.676,-119.75016316666667,36.8145515,-1.4866285142474251,-2.4816757949888695,119.58214294905656,Before Launch
249,2025-03-20 01:56:19,10.692,-0.62992128,0.323,24.663,-119.75016316666667,36.8145515,-1.3097961359013655,-2.2488303018014335,118.92891135162864,Before Launch
250,2025-03-20 01:56:19,10.735,-1.7191601600000002,-1.025,24.671,-119.75016316666667,36.8145515,-1.2896929688505883,-2.2295401796387515,118.81497194890477,Before Launch
251,2025-03-20 01:56:19,10.777,-0.73490816,-0.443,24.673,-119.75016316666667,36.8145515,-1.4359619241104735,-2.502485866834572,118.63582971417759,Before Launch
252,2025-03-20 01:56:19,10.82,-1.7191601600000002,-1.025,24.671,-119.75016316666667,36.8145515,-1.571341506404323,-2.6631457157985317,118.84007329897688,Before Launch
253,2025-03-20 01:56:19,10.862,-0.8825459600000001,-0.367,24.668,-119.75016316666667,36.8145515,-1.3202348658560532,-2.4331083546029033,117.98559426577019,Before Launch
254,2025-03-20 01:56:19,10.904,1.60104992,2.206,24.616,-119.75016316666667,36.8145515,-1.171894368034641,-2.288897773890464,117.51941387532655,Before Launch
255,2025-03-20 01:56:19,10.947,-0.6561680000000001,-0.142,24.648,-119.75016316666667,36.8145515,-1.1147536240252516,-2.2994536989372656,117.20582910153585,Before Launch
256,2025-03-20 01:56:19,10.99,-0.73490816,-0.428,24.673,-119.75016316666667,36.8145515,-1.173777038843242,-2.3741371832505074,117.07349141265694,Before Launch
257,2025-03-20 01:56:19,11.032,-2.19160112,-1.025,24.673,-119.75016316666667,36.8145515,-1.2393047619548119,-2.5680243354711605,115.75073238997864,Before Launch
258,2025-03-20 01:56:19,11.074,-0.49212599999999995,0.57,24.676,-119.75016316666667,36.8145515,-1.1813097543711977,-2.5177591462902433,115.31872369707997,Before Launch
259,2025-03-20 01:56:19,11.117,-1.46325464,0.683,24.673,-119.75016316666667,36.8145515,-1.074696142919717,-2.3394331148897787,114.80797694090832,Before Launch
260,2025-03-20 01:56:19,11.159,-1.7191601600000002,-1.237,24.671,-119.75016316666667,36.8145515,-1.1053660289152525,-2.300465378948197,115.59490991593279,Before Launch
261,2025-03-20 01:56:19,11.202,-0.37073492,1.025,24.673,-119.75016316666667,36.8145515,-1.3451529440966772,-2.627417506075568,116.69834643688982,Before Launch
262,2025-03-20 01:56:19,11.244,-2.32611556,-1.367,24.668,-119.75016316666667,36.8145515,-1.3576513292908148,-2.33181442889621,116.9498971473968,Before Launch
263,2025-03-20 01:56:19,11.287,-1.70275596,0.015,24.678,-119.75016266666667,36.814551,-1.2783100147638067,-2.085749310665452,115.42634260819888,Before Launch
264,2025-03-20 01:56:19,11.33,-0.85629924,-0.329,24.676,-119.75016266666667,36.814551,-1.7116097200925438,-2.0714887459254827,113.15769113057999,Before Launch
265,2025-03-20 01:56:19,11.381,-0.9908136799999999,0.0,24.671,-119.75016266666667,36.814551,-1.6440661376878016,-2.4834731481428554,112.34665084863435,Before Launch
266,2025-03-20 01:56:20,11.425,-0.38385828,0.564,24.666,-119.75016266666667,36.814551,-1.4065796402485535,-2.8099012997820965,110.09857569530725,Before Launch
267,2025-03-20 01:56:20,11.468,-1.23359584,0.327,24.668,-119.75016266666667,36.814551,-1.257412856815881,-2.7027356181089743,109.90158204635442,Before Launch
268,2025-03-20 01:56:20,11.51,-0.61023624,-0.532,24.678,-119.75016266666667,36.814551,-1.1442611530642677,-2.7218740015593723,109.92448824762229,Before Launch
269,2025-03-20 01:56:20,11.553,-1.2467192,0.44,24.661,-119.75016266666667,36.814551,-1.0732074880712317,-2.6273863252825738,110.18382050071224,Before Launch
270,2025-03-20 01:56:20,11.595,-2.0833334,-1.695,24.671,-119.75016266666667,36.814551,-1.1013655004518832,-2.6534488739466893,111.78275554211292,Before Launch
271,2025-03-20 01:56:20,11.638,-0.7480315200000001,0.101,24.666,-119.75016266666667,36.814551,-1.0573410831388668,-2.5736781083865226,111.8769272003363,Before Launch
272,2025-03-20 01:56:20,11.68,-0.62664044,0.916,24.656,-119.75016266666667,36.814551,-0.992914711330869,-2.5281948838289123,111.95729082745915,Before Launch
273,2025-03-20 01:56:20,11.722,-1.8405512400000001,-1.596,24.666,-119.75016266666667,36.814551,-0.9853561000842442,-2.5285631376643907,112.03174866673943,Before Launch
274,2025-03-20 01:56:20,11.765,-0.62664044,0.003,24.671,-119.75016266666667,36.814551,-0.9815810497347,-2.6323284543665824,112.31306283403661,Before Launch
275,2025-03-20 01:56:20,11.808,-0.73490816,0.917,24.673,-119.75016266666667,36.814551,-1.0027305183461706,-2.6064025423182082,112.32064493271596,Before Launch
276,2025-03-20 01:56:20,11.85,-1.0990814,-0.339,24.673,-119.75016266666667,36.814551,-1.0303557901448162,-2.5638830041656115,112.64241316735031,Before Launch
277,2025-03-20 01:56:20,11.893,-0.8825459600000001,0.78,24.661,-119.75016266666667,36.814551,-1.0596568899903236,-2.5433606751598807,113.00208009883427,Before Launch
278,2025-03-20 01:56:20,11.936,-1.35498692,-0.44,24.671,-119.75016266666667,36.814551,-1.0612621682815493,-2.443216549008916,113.78306547519173,Before Launch
279,2025-03-20 01:56:20,11.978,-1.35498692,-2.752,24.671,-119.75016266666667,36.814551,-1.0820810629452058,-2.406027147990727,113.93659703785178,Before Launch
280,2025-03-20 01:56:20,12.02,-1.22047248,-0.526,24.676,-119.75016266666667,36.814551,-1.100006653531474,-2.334363831959319,114.38002240122627,Before Launch
281,2025-03-20 01:56:20,12.063,-1.97506568,-1.156,24.661,-119.75016266666667,36.814551,-1.0904014452891884,-2.331680272362358,114.43950866459218,Before Launch
282,2025-03-20 01:56:20,12.105,-0.50524936,1.572,24.668,-119.75016266666667,36.814551,-1.0647153096386859,-2.3252729542972745,114.567455387242,Before Launch
283,2025-03-20 01:56:20,12.148,-0.9908136799999999,-0.464,24.671,-119.75016266666667,36.814551,-1.0520289494443102,-2.3182482863035,114.57801065895426,Before Launch
284,2025-03-20 01:56:20,12.191,-0.8694226,0.553,24.668,-119.75016266666667,36.814551,-1.0376041651625583,-2.263736274280823,114.65398240781914,Before Launch
285,2025-03-20 01:56:20,12.233,-0.50524936,1.13,24.668,-119.75016266666667,36.814551,-1.0566951148035157,-2.272916581909365,114.72921096738807,Before Launch
286,2025-03-20 01:56:20,12.276,0.43635172,0.751,24.648,-119.75016266666667,36.814551,-1.0636817877840006,-2.2243629852740274,114.89002112444918,Before Launch
287,2025-03-20 01:56:20,12.318,-0.7480315200000001,1.469,24.666,-119.75016266666667,36.814551,-1.0260368464895253,-2.230932309111576,114.93526212711824,Before Launch
288,2025-03-20 01:56:20,12.361,-0.99409452,0.66,24.676,-119.75016216666667,36.81455116666667,-1.0198166021609518,-2.2051156320388916,115.14759886535433,Before Launch
289,2025-03-20 01:56:20,12.403,-0.26574804,0.55,24.663,-119.75016216666667,36.81455116666667,-1.007202228547963,-2.1944590632501817,115.19842330815524,Before Launch
290,2025-03-20 01:56:21,12.452,-0.7480315200000001,0.227,24.666,-119.75016216666667,36.81455116666667,-0.9723657961234281,-2.1732430212392266,115.76298995216811,Before Launch
291,2025-03-20 01:56:21,12.495,-0.50524936,-0.113,24.666,-119.75016216666667,36.81455116666667,-0.9887663136082686,-2.1275388940413733,116.57047661588824,Before Launch
292,2025-03-20 01:56:21,12.541,1.41732288,2.471,24.651,-119.75016216666667,36.81455116666667,-0.8242045426399214,-2.209996040120242,116.97265277686851,Before Launch
293,2025-03-20 01:56:21,12.585,-1.35498692,-0.693,24.671,-119.75016216666667,36.81455116666667,-0.7858748162899681,-1.4480419154537736,121.96608722657629,Before Launch
294,2025-03-20 01:56:21,12.628,-1.23359584,0.012,24.668,-119.75016216666667,36.81455116666667,-0.8277703736914022,-1.3960607550082802,123.0228073400502,Before Launch
295,2025-03-20 01:56:21,12.67,-2.44750664,-0.339,24.671,-119.75016216666667,36.81455116666667,-0.7129960099347838,-1.2812340441965002,123.56998492632158,Before Launch
296,2025-03-20 01:56:21,12.713,-1.35498692,-0.565,24.671,-119.75016216666667,36.81455116666667,-0.43164686448609324,-1.2061797920226631,124.3617608729979,Before Launch
297,2025-03-20 01:56:21,12.756,-1.4927822,-0.805,24.658,-119.75016216666667,36.81455116666667,-0.5388370080585764,-1.24189500375955,124.02783193848386,Before Launch
298,2025-03-20 01:56:21,12.798,-2.19160112,-0.326,24.673,-119.75016216666667,36.81455116666667,-0.5818642363194219,-1.1428389574133118,124.64132273075907,Before Launch
299,2025-03-20 01:56:21,12.84,-0.9908136799999999,-0.339,24.671,-119.75016216666667,36.81455116666667,-0.731326906741148,-1.3230500934950544,125.86414719191187,Before Launch
300,2025-03-20 01:56:21,12.883,-1.23359584,-0.464,24.666,-119.75016216666667,36.81455116666667,-1.0093367156419069,-1.3691940343505622,124.81713106168596,Before Launch
301,2025-03-20 01:56:21,12.925,-0.8694226,0.214,24.668,-119.75016216666667,36.81455116666667,-0.7913363991127834,-1.3997425945668418,118.7538740086541,Before Launch
302,2025-03-20 01:56:21,12.968,-1.96194232,-1.004,24.668,-119.75016216666667,36.81455116666667,0.36711127776798125,-1.97604953518141,95.72795474205478,Before Launch
303,2025-03-20 01:56:21,13.011,-1.23359584,0.113,24.661,-119.75016216666667,36.81455116666667,1.8205646667349078,-3.1862830431545284,70.95347098229185,Before Launch
304,2025-03-20 01:56:21,13.053,-0.9908136799999999,0.339,24.671,-119.75016216666667,36.81455116666667,2.3444836771852677,-3.3655458323620095,63.62113094670208,Before Launch
305,2025-03-20 01:56:21,13.096,0.69225724,1.778,24.658,-119.75016216666667,36.81455116666667,2.6184458589898805,-3.7191740954869523,58.505709213024915,Before Launch
306,2025-03-20 01:56:21,13.139,-1.476378,0.463,24.663,-119.75016216666667,36.81455116666667,2.257933927809362,-3.810822924163118,62.334350695159905,Before Launch
307,2025-03-20 01:56:21,13.181,-1.476378,-0.903,24.666,-119.75016216666667,36.81455116666667,1.1801771446978937,-4.0268783838637665,72.1335827367222,Before Launch
308,2025-03-20 01:56:21,13.224,-0.7480315200000001,0.226,24.666,-119.75016216666667,36.81455116666667,0.6726438996223709,-3.8760508671182405,78.01822385090456,Before Launch
309,2025-03-20 01:56:21,13.266,-1.35826776,-0.455,24.663,-119.75016066666667,36.814550833333335,0.02800159789728829,-4.12619040504018,86.82735681713794,Before Launch
310,2025-03-20 01:56:21,13.308,-1.476378,-0.903,24.666,-119.75016066666667,36.814550833333335,-0.5139152253126467,-4.000732978409824,90.9118913762351,Before Launch
311,2025-03-20 01:56:21,13.351,-1.35498692,-1.666,24.671,-119.75016066666667,36.814550833333335,-0.7989222264654761,-3.6435090808746255,101.16520464791024,Before Launch
312,2025-03-20 01:56:21,13.393,-2.08661424,-1.245,24.663,-119.75016066666667,36.814550833333335,-1.0903409109392401,-3.2551755899949595,108.91789337308632,Before Launch
313,2025-03-20 01:56:22,13.445,-1.722441,-0.672,24.671,-119.75016066666667,36.814550833333335,-1.4634953167876785,-2.7487715073828864,121.22799992825368,Before Launch
314,2025-03-20 01:56:22,13.489,-1.7191601600000002,-1.338,24.671,-119.75016066666667,36.814550833333335,-1.445049955359746,-2.0880444590217038,126.66834841316928,Before Launch
315,2025-03-20 01:56:22,13.532,-0.2624672,0.45,24.671,-119.75016066666667,36.814550833333335,-1.413555404808124,-1.9706307322423613,126.62088531206703,Before Launch
316,2025-03-20 01:56:22,13.574,-0.16076116000000001,0.319,24.653,-119.75016066666667,36.814550833333335,-1.4408257152340191,-2.159760689528566,124.92152015407609,Before Launch
317,2025-03-20 01:56:22,13.617,-1.11220476,-2.351,24.666,-119.75016066666667,36.814550833333335,-1.4351812739254415,-2.2318885197607634,123.58029661673602,Before Launch
318,2025-03-20 01:56:22,13.659,-1.7191601600000002,-0.339,24.671,-119.75016066666667,36.814550833333335,-1.3910144151799502,-2.3013211415235224,121.26987512072841,Before Launch
319,2025-03-20 01:56:22,13.702,0.09842519999999999,1.24,24.638,-119.75016066666667,36.814550833333335,-1.367216528990548,-2.3153814646867246,120.1536561685114,Before Launch
320,2025-03-20 01:56:22,13.744,0.32808400000000004,2.584,24.658,-119.75016066666667,36.814550833333335,-1.3462693313218816,-2.424449659403827,118.781802310627,Before Launch
321,2025-03-20 01:56:22,13.786,-0.7480315200000001,0.566,24.666,-119.75016066666667,36.814550833333335,-1.3038539082653229,-2.4836106471189634,117.97340594042643,Before Launch
322,2025-03-20 01:56:22,13.829,-0.9908136799999999,0.468,24.661,-119.75016066666667,36.814550833333335,-1.3098086691975177,-2.5678861740753396,116.88070893562077,Before Launch
323,2025-03-20 01:56:22,13.871,-0.8694226,1.232,24.668,-119.75016066666667,36.814550833333335,-1.3044364924766325,-2.582983582097948,116.57422295491469,Before Launch
324,2025-03-20 01:56:22,13.914,-1.476378,-0.452,24.666,-119.75016066666667,36.814550833333335,-1.3043884692494703,-2.608555877182645,116.20783716953967,Before Launch
325,2025-03-20 01:56:22,13.957,-1.96194232,-0.678,24.668,-119.75016066666667,36.814550833333335,-1.3173212106703132,-2.6179995872455124,115.93810700164407,Before Launch
326,2025-03-20 01:56:22,13.999,-2.67716544,-1.683,24.676,-119.75016066666667,36.814550833333335,-1.3209092220069159,-2.617265779695621,115.83157458025332,Before Launch
327,2025-03-20 01:56:22,14.041,-0.62664044,1.244,24.671,-119.75016066666667,36.814550833333335,-1.3101897306018897,-2.644515049061601,115.69236882767864,Before Launch
328,2025-03-20 01:56:22,14.09,-0.76443572,0.435,24.658,-119.75016066666667,36.814550833333335,-1.3024305655842285,-2.58677244678516,115.68186908178144,Before Launch
329,2025-03-20 01:56:22,14.135,-2.08661424,-1.013,24.663,-119.75016066666667,36.814550833333335,-1.2927367534957914,-2.6622101934146194,115.63263670783003,Before Launch
330,2025-03-20 01:56:22,14.18,-0.40026248,-1.008,24.658,-119.75016066666667,36.814550833333335,-1.295075351057582,-2.6636104512630987,115.63891576651244,Before Launch
331,2025-03-20 01:56:22,14.224,-1.8405512400000001,-0.336,24.663,-119.75016066666667,36.814550833333335,-1.2949056425567615,-2.6360469926297174,115.68720466700309,Before Launch
332,2025-03-20 01:56:22,14.266,-0.99409452,0.445,24.663,-119.75016066666667,36.814551,-1.3917019258515195,-2.8287062289402773,115.70521770430112,Before Launch
333,2025-03-20 01:56:22,14.308,-0.9908136799999999,-0.224,24.671,-119.75016066666667,36.814551,-1.307401976602429,-2.667284292776442,115.90850170668504,Before Launch
334,2025-03-20 01:56:22,14.351,-1.61089244,-0.233,24.671,-119.75016066666667,36.814551,-1.3257409765710972,-2.682821779499724,116.08747719170448,Before Launch
335,2025-03-20 01:56:22,14.394,-1.00721788,0.432,24.656,-119.75016066666667,36.814551,-1.3894161145817436,-2.740119338718933,116.75678186885209,Before Launch
336,2025-03-20 01:56:23,14.437,-0.15419948,1.106,24.661,-119.75016066666667,36.814551,-1.3877451051602938,-2.7171579759414675,116.93691070426357,Before Launch
337,2025-03-20 01:56:23,14.479,-1.59776908,0.45,24.668,-119.75016066666667,36.814551,-1.4147966993418613,-2.6860295880944114,116.81007536051104,Before Launch
338,2025-03-20 01:56:23,14.522,-1.35826776,0.338,24.663,-119.75016066666667,36.814551,-1.3904906166402908,-2.7651273750017933,116.5763029729522,Before Launch
339,2025-03-20 01:56:23,14.564,-1.722441,-0.003,24.663,-119.75016066666667,36.814551,-1.4861592828099108,-2.771817392096783,116.09776697924966,Before Launch
340,2025-03-20 01:56:23,14.606,-1.12860896,-0.806,24.658,-119.75016066666667,36.814551,-1.4316857164191876,-2.810117822386285,115.63526760962559,Before Launch
341,2025-03-20 01:56:23,14.649,-1.2467192,-1.01,24.661,-119.75016066666667,36.814551,-1.423491352450767,-2.8333298356042005,115.11358698006278,Before Launch
342,2025-03-20 01:56:23,14.691,-1.23359584,-0.113,24.668,-119.75016066666667,36.814551,-1.3910604808309674,-2.8534197191031643,114.99307681993268,Before Launch
343,2025-03-20 01:56:23,14.734,-1.8405512400000001,-0.113,24.666,-119.75016066666667,36.814551,-1.3828944622394024,-2.9011453850939315,114.84515276524738,Before Launch
344,2025-03-20 01:56:23,14.776,-1.4927822,-1.482,24.658,-119.75016066666667,36.814551,-1.4119510155470256,-2.9020749182252334,114.61245461942435,Before Launch
345,2025-03-20 01:56:23,14.819,-2.2047244800000003,-2.356,24.666,-119.75016066666667,36.814551,-1.4769091961946943,-3.0152814698750507,115.71885347594517,Before Launch
346,2025-03-20 01:56:23,14.862,-0.19028872,0.518,24.631,-119.75016066666667,36.814551,-1.4919133845051678,-3.1370277106006106,115.8473469513453,Before Launch
347,2025-03-20 01:56:23,14.905,-0.15419948,0.778,24.661,-119.75016066666667,36.814551,-1.407127652819762,-3.346976618206959,114.6941050446215,Before Launch
348,2025-03-20 01:56:23,14.947,-1.35826776,-0.454,24.663,-119.75016066666667,36.814551,-1.3534810563614312,-3.362439618208241,114.19355168803985,Before Launch
349,2025-03-20 01:56:23,14.989,0.34448819999999997,1.694,24.666,-119.75016066666667,36.814551,-0.7145463228043225,-3.532320177165395,113.80999943106058,Before Launch
350,2025-03-20 01:56:23,15.032,-1.59776908,0.339,24.658,-119.75016066666667,36.814551,0.001827298532322441,-3.270523777773659,113.25536072404785,Before Launch
351,2025-03-20 01:56:23,15.074,-1.2467192,1.331,24.661,-119.75016066666667,36.814551,7.640204062277939,-2.987182258755374,111.31402307554801,Before Launch
352,2025-03-20 01:56:23,15.117,-2.32611556,-1.579,24.668,-119.75016066666667,36.814551,7.845219020075733,-5.176889646670157,110.6532775321775,Before Launch
353,2025-03-20 01:56:23,15.159,0.34448819999999997,1.037,24.666,-119.75016066666667,36.814551,18.397622260063702,-5.970830410996748,94.18515344306765,Before Launch
354,2025-03-20 01:56:23,15.202,0.20997376,2.152,24.661,-119.75016066666667,36.814551,21.944866807009646,-7.057524369727426,64.89267671767207,Before Launch
355,2025-03-20 01:56:23,15.244,0.10170604,0.472,24.671,-119.75016066666667,36.814551,33.23513946442899,-1.7867941308915545,26.22128768421761,Before Launch
356,2025-03-20 01:56:23,15.287,-0.2624672,1.485,24.671,-119.75016066666667,36.814551,36.605546932847815,0.1979994995758838,16.489368275923535,Before Launch
357,2025-03-20 01:56:23,15.329,0.35761156,1.272,24.673,-119.75016066666667,36.814551,43.615613447118136,2.8242101593877473,4.973627445623965,Before Launch
358,2025-03-20 01:56:23,15.372,-1.22047248,-0.216,24.676,-119.75015933333333,36.81455066666667,47.10936297122774,3.5543098419937276,2.435021817526131,Before Launch
359,2025-03-20 01:56:23,15.414,-0.49212599999999995,1.052,24.676,-119.75015933333333,36.81455066666667,53.751485689207584,4.170037496886404,-0.1697541645319287,Before Launch
360,2025-03-20 01:56:24,15.456,-0.50524936,0.473,24.668,-119.75015933333333,36.81455066666667,56.71077791978378,3.8278044244537557,-0.13516362049761987,Before Launch
361,2025-03-20 01:56:24,15.501,-0.37073492,-0.204,24.673,-119.75015933333333,36.81455066666667,64.75466146607378,6.265708166756161,0.5607185104048065,Before Launch
362,2025-03-20 01:56:24,15.544,-0.85629924,0.696,24.678,-119.75015933333333,36.81455066666667,67.62268658140468,6.810635673967204,-2.611914808528666,Before Launch
363,2025-03-20 01:56:24,15.589,-1.0990814,0.243,24.673,-119.75015933333333,36.81455066666667,70.91997559802486,7.41348045910538,-3.0945636037222872,Before Launch
364,2025-03-20 01:56:24,15.632,-0.24606299999999998,1.382,24.678,-119.75015933333333,36.81455066666667,72.2311167574386,6.682673905841141,-3.319038894537737,Before Launch
365,2025-03-20 01:56:24,15.674,-0.2624672,0.811,24.671,-119.75015933333333,36.81455066666667,74.02149688339985,5.567030090998163,-3.6329250629536443,Before Launch
366,2025-03-20 01:56:24,15.717,-0.73490816,0.479,24.673,-119.75015933333333,36.81455066666667,74.49986760907258,5.169813482477073,-3.6991932355639214,Before Launch
367,2025-03-20 01:56:24,15.759,-0.37073492,0.808,24.673,-119.75015933333333,36.81455066666667,74.93347399846881,0.38008920837573723,-2.6360213553888636,Before Launch
368,2025-03-20 01:56:24,15.802,-0.37073492,1.376,24.673,-119.75015933333333,36.81455066666667,75.12107886843255,-1.2279057158102116,-2.2026347216823736,Before Launch
369,2025-03-20 01:56:24,15.844,-0.62664044,0.811,24.671,-119.75015933333333,36.81455066666667,75.75842404646208,-4.001453410477753,-1.5061244798303959,Before Launch
370,2025-03-20 01:56:24,15.887,-0.2624672,1.819,24.671,-119.75015933333333,36.81455066666667,75.91353319068126,-4.954635125926723,-1.230077432111442,Before Launch
371,2025-03-20 01:56:24,15.929,-0.49212599999999995,-0.283,24.676,-119.75015933333333,36.81455066666667,76.27872171750576,-6.2226831939049205,-0.8631810585234871,Before Launch
372,2025-03-20 01:56:24,15.972,-0.73490816,-0.544,24.673,-119.75015933333333,36.81455066666667,76.3978435055836,-6.5882655280369375,-0.7589639467859945,Before Launch
373,2025-03-20 01:56:24,16.014,-1.22047248,0.129,24.676,-119.75015933333333,36.81455066666667,76.64806282109248,-6.936111441642905,-0.6303302187264279,Before Launch
374,2025-03-20 01:56:24,16.057,-0.12795276,-0.442,24.673,-119.75015933333333,36.81455066666667,76.77497070087769,-7.2759866094848435,-0.6517667642221165,Before Launch
375,2025-03-20 01:56:24,16.1,-1.476378,0.114,24.666,-119.75015933333333,36.81455066666667,76.84096297467151,-7.951120820521069,-0.6376456248772888,Before Launch
376,2025-03-20 01:56:24,16.143,-1.09580056,0.141,24.681,-119.75015933333333,36.81455066666667,76.86422233180431,-7.908480943819692,-0.3898636534404738,Before Launch
377,2025-03-20 01:56:24,16.185,-1.8241470400000002,0.47,24.676,-119.75015933333333,36.81455066666667,76.78385460350589,-7.638091112672129,-0.17760046974810006,Before Launch
378,2025-03-20 01:56:24,16.228,-0.01968504,-0.341,24.666,-119.75015933333333,36.81455066666667,76.76595501209916,-7.326560415575944,-0.14783948659314416,Before Launch
379,2025-03-20 01:56:24,16.27,-2.44750664,-2.488,24.671,-119.75016283333333,36.81455166666667,76.7942674964883,-7.91693137713646,-0.21795499913309402,Before Launch
380,2025-03-20 01:56:24,16.312,-2.19160112,-2.147,24.673,-119.75016283333333,36.81455166666667,77.63054645231587,-7.745487648259057,-0.5577502646760067,Before Launch
381,2025-03-20 01:56:24,16.363,-1.9488189599999999,-1.567,24.671,-119.75016283333333,36.81455166666667,78.9344319211885,-7.53037547209348,-0.62676542141149,Before Launch
382,2025-03-20 01:56:24,16.407,-1.22047248,-1.464,24.676,-119.75016283333333,36.81455166666667,78.47406197301103,-8.140933732212199,-0.7673933641712465,Before Launch
383,2025-03-20 01:56:25,16.45,-0.62664044,0.551,24.671,-119.75016283333333,36.81455166666667,78.6605416127526,-8.913747650431475,-0.4230158757923028,Before Launch
384,2025-03-20 01:56:25,16.492,-1.0990814,-0.563,24.673,-119.75016283333333,36.81455166666667,77.74158197399012,-9.379189583903186,0.28741666115340625,Before Launch
385,2025-03-20 01:56:25,16.535,-1.9488189599999999,-1.338,24.676,-119.75016283333333,36.81455166666667,77.422651841727,-11.108970217662664,0.7279449322109306,Before Launch
386,2025-03-20 01:56:25,16.577,-0.50524936,-0.125,24.668,-119.75016283333333,36.81455166666667,76.75846722560692,-13.505111102372599,1.4668383924161401,Before Launch
387,2025-03-20 01:56:25,16.62,-1.7191601600000002,-0.802,24.671,-119.75016283333333,36.81455166666667,76.57709969697792,-14.538027340206884,1.6543643229900504,Before Launch
388,2025-03-20 01:56:25,16.662,-0.61023624,0.456,24.678,-119.75016283333333,36.81455166666667,76.80548361708345,-17.54861031355155,1.5817938534307117,Before Launch
389,2025-03-20 01:56:25,16.705,-0.62664044,-0.355,24.671,-119.75016283333333,36.81455166666667,77.11807488129841,-17.895348536434998,1.6645028377271585,Before Launch
390,2025-03-20 01:56:25,16.748,-2.08661424,-1.698,24.666,-119.75016283333333,36.81455166666667,77.08993700843118,-17.84757600623829,2.666760244059285,Before Launch
391,2025-03-20 01:56:25,16.791,-0.01968504,0.666,24.666,-119.75016283333333,36.81455166666667,77.11207622822695,-14.947854107481401,2.3036756367650204,Before Launch
392,2025-03-20 01:56:25,16.834,-0.00656168,0.339,24.673,-119.75016283333333,36.81455166666667,77.10939079695076,-9.554730201856378,1.1236882649442306,Before Launch
393,2025-03-20 01:56:25,16.876,-2.0833334,-1.595,24.671,-119.75016283333333,36.81455166666667,77.14094757737445,-6.859250642575559,0.31821190590718573,Before Launch
394,2025-03-20 01:56:25,16.919,-1.46325464,-0.778,24.673,-119.75016283333333,36.81455166666667,77.28731569430977,-1.4234613676186658,-0.7141197069294897,Before Launch
395,2025-03-20 01:56:25,16.962,-0.37073492,-0.101,24.673,-119.75016283333333,36.81455166666667,77.44730663503772,0.5518416612421381,-0.7397147971179006,Before Launch
396,2025-03-20 01:56:25,17.004,-0.9744094799999999,-0.449,24.681,-119.75016283333333,36.81455166666667,78.05323863575215,2.777734759866279,-1.1754125727592353,Before Launch
397,2025-03-20 01:56:25,17.047,-1.8241470400000002,-1.013,24.681,-119.75016283333333,36.81455166666667,78.45850674905194,3.4232535300245583,-1.5051950219832935,Before Launch
398,2025-03-20 01:56:25,17.089,-1.8241470400000002,-0.562,24.681,-119.75016283333333,36.81455166666667,78.28368568492078,2.4488490745929026,-1.5943195105998897,Before Launch
399,2025-03-20 01:56:25,17.132,-0.73490816,-0.565,24.673,-119.75016283333333,36.81455166666667,78.24636409553122,1.4066436123223056,-1.6549491756740282,Before Launch
400,2025-03-20 01:56:25,17.174,-2.43110244,-0.889,24.678,-119.75016283333333,36.81455166666667,79.78583307039497,-1.2054107984244131,-1.5393475684357671,Before Launch
401,2025-03-20 01:56:25,17.217,0.48228348,1.469,24.678,-119.75016283333333,36.81455166666667,80.99951152448021,-2.419439490646176,-1.6643070990798323,Before Launch
402,2025-03-20 01:56:25,17.26,-2.43110244,-0.565,24.681,-119.7501705,36.814556333333336,83.0077839820724,-4.72882555337113,-1.2228926093361432,Before Launch
403,2025-03-20 01:56:25,17.303,-0.85629924,-0.778,24.676,-119.7501705,36.814556333333336,82.89822060833703,-6.654672741703028,-0.9650503989761201,Before Launch
404,2025-03-20 01:56:25,17.346,-2.18832028,0.241,24.681,-119.7501705,36.814556333333336,82.73934419346539,-8.251682069564062,-0.46934057807917084,Before Launch
405,2025-03-20 01:56:25,17.388,-0.73162732,1.357,24.683,-119.7501705,36.814556333333336,82.78626280199606,-8.043613934188096,-0.5406056175148375,Before Launch
406,2025-03-20 01:56:26,17.433,-1.9356955999999998,0.012,24.683,-119.7501705,36.814556333333336,83.03808563712998,-11.924180766757365,-0.6231416814446459,Before Launch
407,2025-03-20 01:56:26,17.475,-1.9356955999999998,-0.67,24.683,-119.7501705,36.814556333333336,83.44386491596006,-13.67076807686668,-0.4456529904373826,Before Launch
408,2025-03-20 01:56:26,17.521,-1.92913392,-1.216,24.691,-119.7501705,36.814556333333336,84.02056958809918,-12.395485659058966,-0.34830512407334113,Before Launch
409,2025-03-20 01:56:26,17.564,-0.00328084,1.022,24.681,-119.7501705,36.814556333333336,84.27950880196458,-10.749045868225908,-0.5940960033013399,Before Launch
410,2025-03-20 01:56:26,17.606,-1.09580056,0.796,24.681,-119.7501705,36.814556333333336,85.61615819031691,-5.087798855836797,-2.525708694134381,Before Launch
411,2025-03-20 01:56:26,17.649,-2.29986884,-1.674,24.683,-119.7501705,36.814556333333336,85.9753740663034,-0.8230670089820702,-3.222138564294544,Before Launch
412,2025-03-20 01:56:26,17.691,-2.29330716,-0.536,24.691,-119.7501705,36.814556333333336,86.4246535934447,10.051125997794014,-4.045523540789814,Before Launch
413,2025-03-20 01:56:26,17.733,-0.36745408,0.227,24.683,-119.7501705,36.814556333333336,86.6579808143643,15.641396931706037,-4.22582153734674,Before Launch
414,2025-03-20 01:56:26,17.776,0.1312336,0.708,24.686,-119.7501705,36.814556333333336,86.36081091663475,27.05897669928281,-4.085381446221622,Before Launch
415,2025-03-20 01:56:26,17.819,-0.84317588,1.161,24.683,-119.7501705,36.814556333333336,86.20351244871283,31.961400145887296,-4.27009808300108,Before Launch
416,2025-03-20 01:56:26,17.861,-0.36745408,-0.325,24.686,-119.7501705,36.814556333333336,85.7475127362861,40.17890163714122,-4.948609402107448,Before Launch
417,2025-03-20 01:56:26,17.904,-0.61023624,-0.564,24.678,-119.7501705,36.814556333333336,85.70456428799933,43.27902448848754,-5.2109994534575605,Before Launch
418,2025-03-20 01:56:26,17.946,-0.9612861199999999,1.049,24.686,-119.7501705,36.814556333333336,85.82194172438928,49.36976659308244,-5.795519384116244,Before Launch
419,2025-03-20 01:56:26,17.989,-0.7185039599999999,0.696,24.686,-119.7501705,36.814556333333336,85.88663477139458,51.53161052672037,-6.087829799950774,Before Launch
420,2025-03-20 01:56:26,18.031,-1.09580056,-0.678,24.681,-119.7501705,36.814556333333336,86.24434281805982,55.73579715029644,-6.4729772294685715,Before Launch
421,2025-03-20 01:56:26,18.074,-0.9612861199999999,0.012,24.686,-119.7501705,36.814556333333336,86.3332938046205,57.68200044568908,-6.766556594118078,Before Launch
422,2025-03-20 01:56:26,18.116,-1.92913392,-0.098,24.691,-119.7501705,36.814556333333336,86.43828340699018,61.345540059023556,-7.220048171520363,Before Launch
423,2025-03-20 01:56:26,18.159,-1.20734912,0.576,24.683,-119.7501705,36.814556333333336,86.47659263405149,62.29283786961047,-7.368085983712371,Before Launch
424,2025-03-20 01:56:26,18.201,-2.91666676,-2.041,24.681,-119.7501705,36.814556333333336,86.7350229568671,62.552095557478225,-7.294388321147678,Before Launch
425,2025-03-20 01:56:26,18.243,-0.47900264,1.826,24.683,-119.7501705,36.814556333333336,87.03473859948565,63.83325511817601,-7.124980483166727,Before Launch
426,2025-03-20 01:56:26,18.286,-0.24606299999999998,-0.681,24.678,-119.75017933333334,36.8145615,87.48440404241755,65.00424094912805,-6.978983153930746,Before Launch
427,2025-03-20 01:56:26,18.329,-1.56496068,0.81,24.691,-119.75017933333334,36.8145615,87.63389329699295,66.1136585948666,-6.8799589141687765,Before Launch
428,2025-03-20 01:56:26,18.373,-0.84317588,0.012,24.683,-119.75017933333334,36.8145615,87.99088837851313,67.51549900940343,-6.481613427980973,Before Launch
429,2025-03-20 01:56:26,18.415,-2.18832028,0.0,24.681,-119.75017933333334,36.8145615,88.07704655860957,68.67501797727009,-6.4256965753047615,Before Launch
430,2025-03-20 01:56:27,18.457,-1.56496068,-0.78,24.691,-119.75017933333334,36.8145615,88.3667906173368,70.5656568917199,-6.506052301179341,Before Launch
431,2025-03-20 01:56:27,18.5,-0.9612861199999999,0.913,24.686,-119.75017933333334,36.8145615,88.68039768034701,73.48124439752617,-6.339130596402263,Before Launch
432,2025-03-20 01:56:27,18.55,-2.05380584,-0.11,24.686,-119.75017933333334,36.8145615,88.91943124959322,76.18125106759213,-6.27106650158269,Before Launch
433,2025-03-20 01:56:27,18.595,-1.44685044,0.449,24.688,-119.75017933333334,36.8145615,89.21152107971466,79.7335890282285,-6.120517724656889,Before Launch
434,2025-03-20 01:56:27,18.638,-0.8366142,-0.776,24.691,-119.75017933333334,36.8145615,89.27039477546039,81.93007345469088,-6.07715176645034,Before Launch
435,2025-03-20 01:56:27,18.681,-1.20734912,-0.104,24.683,-119.75017933333334,36.8145615,89.89276033634036,90.35386685026694,-5.859308524315307,Before Launch
436,2025-03-20 01:56:27,18.724,-1.44685044,0.794,24.688,-119.75017933333334,36.8145615,90.13407493895018,92.97702745352264,-5.873930136141211,Before Launch
437,2025-03-20 01:56:27,18.766,-0.35433072,1.804,24.688,-119.75017933333334,36.8145615,90.44010875010073,96.42162280850414,-5.860926231907534,Before Launch
438,2025-03-20 01:56:27,18.809,-1.44685044,-1.003,24.688,-119.75017933333334,36.8145615,90.534888246097,97.4613638618317,-5.843320533504965,Before Launch
439,2025-03-20 01:56:27,18.851,-2.1751969200000003,-2.146,24.688,-119.75017933333334,36.8145615,90.69546971494626,98.37760981055126,-5.647790833148068,Before Launch
440,2025-03-20 01:56:27,18.893,-2.41469824,-1.463,24.693,-119.75017933333334,36.8145615,90.66085626277541,98.67868917739632,-5.494390652142016,Before Launch
441,2025-03-20 01:56:27,18.937,-2.29330716,-1.79,24.691,-119.75017933333334,36.8145615,90.62902643719755,98.75767066927904,-5.31066046177806,Before Launch
442,2025-03-20 01:56:27,18.979,-0.9612861199999999,-0.327,24.686,-119.75017933333334,36.8145615,90.61972613832054,98.91635853028627,-5.346728024446068,Before Launch
443,2025-03-20 01:56:27,19.022,-0.11482940000000001,0.787,24.683,-119.75017933333334,36.8145615,90.56023100288333,99.39038715463457,-5.334431514323466,Before Launch
444,2025-03-20 01:56:27,19.064,-1.32217852,-0.562,24.691,-119.75017933333334,36.8145615,90.52190512403993,99.57063174803767,-5.2642388032260365,Before Launch
445,2025-03-20 01:56:27,19.107,-2.29986884,-1.119,24.683,-119.75017933333334,36.8145615,90.47219036666601,99.15806596103232,-5.315567795507128,Before Launch
446,2025-03-20 01:56:27,19.149,-0.8366142,0.116,24.691,-119.75017933333334,36.8145615,90.47563004728593,98.93209263739959,-5.312223533382119,Before Launch
447,2025-03-20 01:56:27,19.192,-0.47244095999999997,1.354,24.691,-119.75017933333334,36.8145615,90.44792522806515,98.05128093253866,-5.2760915401004755,Before Launch
448,2025-03-20 01:56:27,19.235,-1.32545936,-0.11,24.686,-119.75017933333334,36.8145615,90.4033719743439,97.76864825829213,-5.275485230494007,Before Launch
449,2025-03-20 01:56:27,19.277,-2.41469824,0.467,24.693,-119.75018783333333,36.81456683333333,90.31230555472028,96.16370815774272,-5.287588518947125,Before Launch
450,2025-03-20 01:56:27,19.32,-0.7185039599999999,-0.222,24.691,-119.75018783333333,36.81456683333333,90.27008538190299,94.9705831944961,-5.311088407361298,Before Launch
451,2025-03-20 01:56:27,19.363,-1.79790032,-1.441,24.696,-119.75018783333333,36.81456683333333,90.13209467893665,93.3742609049184,-5.287316543690388,Before Launch
452,2025-03-20 01:56:27,19.405,-3.00853028,-1.342,24.698,-119.75018783333333,36.81456683333333,90.1086797608895,92.80439423358892,-5.267824699616949,Before Launch
453,2025-03-20 01:56:28,19.447,-1.56496068,-0.672,24.691,-119.75018783333333,36.81456683333333,90.02664757082663,92.01293949415395,-5.30389633544841,Before Launch
454,2025-03-20 01:56:28,19.49,-1.32545936,0.803,24.686,-119.75018783333333,36.81456683333333,89.96615709341782,91.43202545214245,-5.335168717946256,Before Launch
455,2025-03-20 01:56:28,19.532,-1.44685044,0.11,24.688,-119.75018783333333,36.81456683333333,89.9503866787487,90.68385591975468,-5.336709651056388,Before Launch
456,2025-03-20 01:56:28,19.575,-1.20078744,-0.223,24.691,-119.75018783333333,36.81456683333333,89.93883076348116,90.56691408438097,-5.342161454899291,Before Launch
457,2025-03-20 01:56:28,19.625,-2.050525,0.003,24.693,-119.75018783333333,36.81456683333333,89.99110702098949,90.61164499972008,-5.331196163519556,Before Launch
458,2025-03-20 01:56:28,19.67,-1.55183732,-0.098,24.698,-119.75018783333333,36.81456683333333,89.98676110843166,90.75510586304398,-5.287714890421629,Before Launch
459,2025-03-20 01:56:28,19.712,-1.79790032,-0.895,24.696,-119.75018783333333,36.81456683333333,89.96999708356799,90.7059672133498,-5.3102844727943905,Before Launch
460,2025-03-20 01:56:28,19.755,-1.68635176,-0.446,24.693,-119.75018783333333,36.81456683333333,89.93149609937048,91.2661206385712,-5.294173837947624,Before Launch
461,2025-03-20 01:56:28,19.798,0.37401576000000003,1.695,24.688,-119.75018783333333,36.81456683333333,89.9324539792164,91.46728901923403,-5.2915866937193705,Before Launch
462,2025-03-20 01:56:28,19.84,-1.55183732,-1.115,24.698,-119.75018783333333,36.81456683333333,89.93443224771026,91.09639612611203,-5.293146920394467,Before Launch
463,2025-03-20 01:56:28,19.883,-0.59383204,0.794,24.693,-119.75018783333333,36.81456683333333,89.89342905474808,90.69596884217626,-5.2531122246807955,Before Launch
464,2025-03-20 01:56:28,19.925,-0.22965880000000002,1.811,24.693,-119.75018783333333,36.81456683333333,89.82909644549615,89.73216822798499,-5.180274549632287,Before Launch
465,2025-03-20 01:56:28,19.968,-0.82349084,1.48,24.698,-119.75018783333333,36.81456683333333,89.7648712685927,89.21102221424158,-5.174953864973948,Before Launch
466,2025-03-20 01:56:28,20.011,-1.18766408,1.029,24.703,-119.75018783333333,36.81456683333333,89.70023733657648,87.2342637886115,-5.091069605224178,Before Launch
467,2025-03-20 01:56:28,20.053,-1.91601056,-0.889,24.698,-119.75018783333333,36.81456683333333,89.67373580341734,86.56447599631974,-5.137686485397923,Before Launch
468,2025-03-20 01:56:28,20.096,-1.20078744,-1.011,24.691,-119.75018783333333,36.81456683333333,89.57088696863129,85.24725696948835,-5.12222828116262,Before Launch
469,2025-03-20 01:56:28,20.139,-2.76574812,-1.343,24.698,-119.75018783333333,36.81456683333333,89.5708646424468,84.76564699790711,-5.1705752136445815,Before Launch
470,2025-03-20 01:56:28,20.181,-0.95800528,1.249,24.693,-119.75018783333333,36.81456683333333,89.59435861477556,83.77539417168872,-5.197360457089361,Before Launch
471,2025-03-20 01:56:28,20.223,-1.4271654,-0.55,24.703,-119.75018783333333,36.81456683333333,89.81382834895187,83.77892783576044,-4.994875450496195,Before Launch
472,2025-03-20 01:56:28,20.266,-1.92913392,-1.356,24.693,-119.75018833333333,36.814568,90.238667157745,84.63027193558698,-4.669308333591819,Before Launch
473,2025-03-20 01:56:28,20.308,-1.32545936,0.0,24.686,-119.75018833333333,36.814568,90.34919715414036,85.3946927327683,-4.943296716741997,Before Launch
474,2025-03-20 01:56:28,20.351,-1.55183732,0.803,24.698,-119.75018833333333,36.814568,90.7660681237039,86.40249001749918,-4.6494554077721535,Before Launch
475,2025-03-20 01:56:28,20.393,-1.4271654,-0.66,24.703,-119.75018833333333,36.814568,90.82191450088298,87.64620226318145,-4.711609108721025,Before Launch
476,2025-03-20 01:56:29,20.436,-1.20078744,0.556,24.691,-119.75018833333333,36.814568,91.18888881457607,89.99430784697863,-3.8122179241906085,Before Launch
477,2025-03-20 01:56:29,20.478,-1.30905516,1.584,24.701,-119.75018833333333,36.814568,91.23965814303517,93.31174895768139,-3.455456009933795,Before Launch
478,2025-03-20 01:56:29,20.521,-2.03740164,-0.44,24.701,-119.75018833333333,36.814568,91.1619297550268,99.63865308817901,-3.712097100846946,Before Launch
479,2025-03-20 01:56:29,20.563,-3.25459328,-1.798,24.696,-119.75018833333333,36.814568,91.31658458000271,103.15785598708511,-3.705378844239326,Before Launch
480,2025-03-20 01:56:29,20.606,-1.06299216,0.357,24.703,-119.75018833333333,36.814568,91.71526004319942,109.05651470916888,-3.7265267420533728,Before Launch
481,2025-03-20 01:56:29,20.648,-0.33464568,0.807,24.703,-119.75018833333333,36.814568,91.79176230218225,113.60044303634244,-3.9372016511587926,Before Launch
482,2025-03-20 01:56:29,20.699,-1.7913386400000002,0.241,24.703,-119.75018833333333,36.814568,91.77350768798317,114.4336292868883,-3.6736272109499266,Before Launch
483,2025-03-20 01:56:29,20.744,-0.92847772,0.58,24.708,-119.75018833333333,36.814568,91.21501261333952,114.71622635112588,-3.3205488182338003,Before Launch
484,2025-03-20 01:56:29,20.786,-2.03740164,-0.223,24.701,-119.75018833333333,36.814568,90.92827658438871,113.33718647609433,-3.366246753916653,Before Launch
485,2025-03-20 01:56:29,20.829,-1.29265096,0.367,24.708,-119.75018833333333,36.814568,90.61268437076339,109.71693755923988,-3.3266506365563764,Before Launch
486,2025-03-20 01:56:29,20.873,-1.6568242,-1.889,24.708,-119.75018833333333,36.814568,90.64534925996163,106.90392166728599,-3.3571227579131984,Before Launch
487,2025-03-20 01:56:29,20.915,-1.06299216,0.455,24.703,-119.75018833333333,36.814568,90.30697863592286,101.61997437170223,-3.2360624737136883,Before Launch
488,2025-03-20 01:56:29,20.958,-1.4271654,-0.775,24.703,-119.75018833333333,36.814568,90.14237366445684,99.69920131725739,-3.3165090671406454,Before Launch
489,2025-03-20 01:56:29,21.0,-0.09514436,0.125,24.698,-119.75018833333333,36.814568,90.21300926167588,95.59296322303017,-3.3045979602058204,Before Launch
490,2025-03-20 01:56:29,21.043,-2.26706044,-1.343,24.706,-119.75018833333333,36.814568,90.15384759333342,94.14602629415118,-3.256578910303274,Before Launch
491,2025-03-20 01:56:29,21.086,-0.9448819199999999,0.226,24.701,-119.75018833333333,36.814568,89.88986764273004,90.384281667945,-3.063198327292173,Before Launch
492,2025-03-20 01:56:29,21.128,-1.4271654,0.455,24.703,-119.75018833333333,36.814568,89.82576235984796,88.03742913724679,-2.808757964637206,Before Launch
493,2025-03-20 01:56:29,21.171,-1.06299216,0.128,24.703,-119.75018833333333,36.814568,89.51536442308284,84.56019591372318,-2.6038281407108608,Before Launch
494,2025-03-20 01:56:29,21.213,-1.91601056,0.791,24.696,-119.75018833333333,36.814568,89.398142259352,83.14442885797641,-2.6321479032256154,Before Launch
495,2025-03-20 01:56:29,21.256,-1.55183732,-0.552,24.698,-119.75018983333334,36.814568333333334,89.59806340133674,80.75197144890834,-2.4205007535847787,Before Launch
496,2025-03-20 01:56:29,21.298,-0.82349084,0.562,24.698,-119.75018983333334,36.814568333333334,89.55168165671996,80.29018900949798,-2.421081091430041,Before Launch
497,2025-03-20 01:56:29,21.349,-1.4271654,0.463,24.703,-119.75018983333334,36.814568333333334,89.78519625178522,79.18572315090148,-2.166727360740391,Before Launch
498,2025-03-20 01:56:29,21.392,-0.82349084,0.463,24.698,-119.75018983333334,36.814568333333334,89.88745329975627,79.79359238722516,-2.1040904018490165,Before Launch
499,2025-03-20 01:56:30,21.435,-1.17454072,0.348,24.706,-119.75018983333334,36.814568333333334,89.57433106778399,80.38102897454597,-2.2180354137633738,Before Launch
500,2025-03-20 01:56:30,21.478,-0.34120735999999996,1.001,24.701,-119.75018983333334,36.814568333333334,89.49366759203028,80.31094457089091,-2.2171676307304096,Before Launch
501,2025-03-20 01:56:30,21.521,-0.95800528,0.224,24.693,-119.75018983333334,36.814568333333334,89.3290822284345,77.78617123458338,-2.084929745312315,Before Launch
502,2025-03-20 01:56:30,21.563,0.39370079999999996,1.569,24.703,-119.75018983333334,36.814568333333334,88.98848858119638,74.76150425359276,-1.9018118047256123,Before Launch
503,2025-03-20 01:56:30,21.606,-1.6732284,0.336,24.701,-119.75018983333334,36.814568333333334,88.94939650309011,74.21988887522127,-1.923781251977413,Before Launch
504,2025-03-20 01:56:30,21.649,-1.06955384,2.012,24.696,-119.75018983333334,36.814568333333334,88.83239477912238,72.67540676471938,-1.958577796998486,Before Launch
505,2025-03-20 01:56:30,21.691,-1.6568242,-0.547,24.708,-119.75018983333334,36.814568333333334,88.78720388418722,72.70575331857155,-2.159138135099346,Before Launch
506,2025-03-20 01:56:30,21.739,-1.9028872,-1.437,24.706,-119.75018983333334,36.814568333333334,88.63749839510491,69.92151957332835,-2.4330767214477325,Before Launch
507,2025-03-20 01:56:30,21.784,-0.34120735999999996,1.337,24.696,-119.75018983333334,36.814568333333334,88.26923585252777,58.75641913681386,-2.3890431651241686,Before Launch
508,2025-03-20 01:56:30,21.829,-1.17454072,-0.227,24.706,-119.75018983333334,36.814568333333334,88.16977546192419,54.61612952113512,-2.1805426713571334,Before Launch
509,2025-03-20 01:56:30,21.872,-1.06299216,0.897,24.703,-119.75018983333334,36.814568333333334,87.46496921404247,49.12454428486086,-2.605341271321214,Before Launch
510,2025-03-20 01:56:30,21.917,-1.30905516,-0.015,24.701,-119.75018983333334,36.814568333333334,87.28130248403204,46.975944052084486,-2.900644121681201,Before Launch
511,2025-03-20 01:56:30,21.961,-1.41404204,0.223,24.708,-119.75018983333334,36.814568333333334,87.20841451379053,43.87183602287992,-2.648033032851056,Before Launch
512,2025-03-20 01:56:30,22.004,-0.34120735999999996,0.663,24.696,-119.75018983333334,36.814568333333334,87.25016156483078,43.20577726918989,-2.614085657626932,Before Launch
513,2025-03-20 01:56:30,22.047,-2.02099744,-0.545,24.708,-119.75018983333334,36.814568333333334,87.36209214674149,45.248393222700166,-2.9120590915797346,Before Launch
514,2025-03-20 01:56:30,22.089,-2.14238852,-1.88,24.711,-119.75018983333334,36.814568333333334,87.51605071327788,46.80390222339959,-2.751091463714383,Before Launch
515,2025-03-20 01:56:30,22.131,-2.38517068,-0.109,24.708,-119.75018983333334,36.814568333333334,87.83003819737573,52.672580989063185,-2.770763144224859,Before Launch
516,2025-03-20 01:56:30,22.174,-2.14238852,-1.101,24.711,-119.75018983333334,36.814568333333334,87.71655954531836,55.37572265844978,-3.0042916179446357,Before Launch
517,2025-03-20 01:56:30,22.216,-2.02099744,-0.546,24.708,-119.75018983333334,36.814568333333334,87.81458999547019,57.456568719771305,-3.1111682812956283,Before Launch
518,2025-03-20 01:56:30,22.259,-1.41404204,-0.323,24.711,-119.75018983333334,36.814568333333334,87.6730982085386,57.509892442563135,-3.2804947586735236,Before Launch
519,2025-03-20 01:56:30,22.302,-0.92847772,0.907,24.708,-119.75018983333334,36.814568333333334,87.5265919067904,57.77083846159167,-3.468438007596222,Before Launch
520,2025-03-20 01:56:30,22.344,-2.6312336800000002,-0.992,24.706,-119.75019133333333,36.814569166666665,87.47419855219815,57.384573788228025,-3.566502646524978,Before Launch
521,2025-03-20 01:56:30,22.386,-1.64370084,-0.754,24.716,-119.75019133333333,36.814569166666665,87.16145482556706,55.674105102633085,-3.7131189430223124,Before Launch
522,2025-03-20 01:56:31,22.429,-0.81036748,0.571,24.706,-119.75019133333333,36.814569166666665,87.24442159981784,54.66188927009093,-3.543813830273796,Before Launch
523,2025-03-20 01:56:31,22.471,-1.53543312,-0.66,24.713,-119.75019133333333,36.814569166666665,87.25246838187022,52.7521780144416,-3.334892004124732,Before Launch
524,2025-03-20 01:56:31,22.514,-2.14238852,-0.897,24.708,-119.75019133333333,36.814569166666665,87.2596990124154,51.734727518504116,-3.3047847278982845,Before Launch
525,2025-03-20 01:56:31,22.565,-1.41404204,-0.987,24.711,-119.75019133333333,36.814569166666665,87.34067318656372,51.25218211285753,-3.3240651337238027,Before Launch
526,2025-03-20 01:56:31,22.608,-0.5511811200000001,0.374,24.716,-119.75019133333333,36.814569166666665,87.22903835691005,50.55711396289622,-3.433383103645271,Before Launch
527,2025-03-20 01:56:31,22.652,-2.870735,-2.998,24.711,-119.75019133333333,36.814569166666665,87.24894692198231,50.053676988163375,-3.381392055674064,Before Launch
528,2025-03-20 01:56:31,22.696,-2.6279528400000003,-0.876,24.713,-119.75019133333333,36.814569166666665,87.0839378996025,47.58725483848628,-3.263480123267703,Before Launch
529,2025-03-20 01:56:31,22.739,-2.6279528400000003,-1.43,24.713,-119.75019133333333,36.814569166666665,87.07210044480142,46.546012022752265,-3.1555193117091016,Before Launch
530,2025-03-20 01:56:31,22.781,-1.0498688,0.557,24.711,-119.75019133333333,36.814569166666665,86.98198625904882,44.68159835253763,-3.1339089256423,Before Launch
531,2025-03-20 01:56:31,22.824,-1.2795276,0.575,24.716,-119.75019133333333,36.814569166666665,86.94038840923473,43.51482403946345,-3.1703707095963836,Before Launch
532,2025-03-20 01:56:31,22.867,-1.8832021599999997,-1.424,24.721,-119.75019133333333,36.814569166666665,86.86710205334784,42.921781046913416,-3.1753277024396724,Before Launch
533,2025-03-20 01:56:31,22.91,-0.79068244,0.355,24.721,-119.75019133333333,36.814569166666665,86.94632424875289,42.64924924876775,-3.1255105788288593,Before Launch
534,2025-03-20 01:56:31,22.953,-2.36876648,-1.208,24.723,-119.75019133333333,36.814569166666665,86.8793328759654,41.41763228829726,-3.119326380930542,Before Launch
535,2025-03-20 01:56:31,22.995,-2.00787408,-0.648,24.716,-119.75019133333333,36.814569166666665,86.81768658112942,41.40141327031631,-3.1236661814067337,Before Launch
536,2025-03-20 01:56:31,23.039,-2.37204732,-0.889,24.716,-119.75019133333333,36.814569166666665,86.73550973638004,41.36557559798085,-3.259994293699707,Before Launch
537,2025-03-20 01:56:31,23.081,-2.2637796,-1.785,24.713,-119.75019133333333,36.814569166666665,86.70382022736119,41.62924500158011,-3.2696583638252754,Before Launch
538,2025-03-20 01:56:31,23.124,-2.37204732,-0.326,24.716,-119.75019133333333,36.814569166666665,86.76938660383294,41.361926350759596,-3.066597917861692,Before Launch
539,2025-03-20 01:56:31,23.166,-1.7650919200000001,0.35,24.718,-119.75019133333333,36.814569166666665,86.7435422868333,40.82106029160071,-3.0286984838441655,Before Launch
540,2025-03-20 01:56:31,23.209,-2.2473754,0.128,24.721,-119.75019133333333,36.814569166666665,86.65532414871964,41.230159823470146,-3.008079838830036,Before Launch
541,2025-03-20 01:56:31,23.252,-3.82545944,-1.561,24.723,-119.75019133333333,36.814569166666665,86.73542128674977,40.90512312968881,-2.9417019565747635,Before Launch
542,2025-03-20 01:56:31,23.294,-1.8832021599999997,0.128,24.721,-119.75019033333334,36.81457183333333,86.72499484384764,40.56475809663957,-3.0651934204090057,Before Launch
543,2025-03-20 01:56:31,23.337,-1.2795276,0.125,24.716,-119.75019033333334,36.81457183333333,86.74854224379428,40.3583045358256,-3.015280545534586,Before Launch
544,2025-03-20 01:56:31,23.385,-2.2473754,-1.218,24.721,-119.75019033333334,36.81457183333333,86.84844264621427,38.38688063608287,-2.5113331038548448,Before Launch
545,2025-03-20 01:56:32,23.429,-3.2152232,-0.538,24.726,-119.75019033333334,36.81457183333333,86.76050552587701,37.47737017788944,-2.2701419562773384,Before Launch
546,2025-03-20 01:56:32,23.474,-1.40091868,0.223,24.718,-119.75019033333334,36.81457183333333,86.76355591372675,36.05596522820607,-2.0735903035207737,Before Launch
547,2025-03-20 01:56:32,23.518,-2.48687672,-1.539,24.726,-119.75019033333334,36.81457183333333,86.88139029920215,32.83585184003154,-1.7266449551356209,Before Launch
548,2025-03-20 01:56:32,23.56,-0.68569556,0.78,24.711,-119.75019033333334,36.81457183333333,86.81493987358927,31.350058549464674,-1.766527041679536,Before Launch
549,2025-03-20 01:56:32,23.603,-0.66601052,1.356,24.726,-119.75019033333334,36.81457183333333,86.5905407683797,25.07067174763305,-1.705690141689098,Before Launch
550,2025-03-20 01:56:32,23.645,-2.36876648,-0.884,24.723,-119.75019033333334,36.81457183333333,86.4993427843192,22.61850810139176,-1.7647591736659534,Before Launch
551,2025-03-20 01:56:32,23.688,-1.03018376,-0.444,24.726,-119.75019033333334,36.81457183333333,86.42988699265517,19.135638345692612,-1.6258332628623393,Before Launch
552,2025-03-20 01:56:32,23.731,-1.50590556,1.265,24.728,-119.75019033333334,36.81457183333333,86.48049445205763,17.67309720565496,-1.4385674453149395,Before Launch
553,2025-03-20 01:56:32,23.773,-1.14173232,1.38,24.728,-119.75019033333334,36.81457183333333,86.52107059204573,15.6717664088442,-1.3678721117605221,Before Launch
554,2025-03-20 01:56:32,23.815,-1.8832021599999997,0.692,24.718,-119.75019033333334,36.81457183333333,86.53318523984221,15.054318810635047,-1.2885145949858008,Before Launch
555,2025-03-20 01:56:32,23.858,-1.99146988,-0.874,24.731,-119.75019033333334,36.81457183333333,86.55307347491143,14.260443369219917,-1.1147997793384434,Before Launch
556,2025-03-20 01:56:32,23.901,-1.50590556,-0.21,24.728,-119.75019033333334,36.81457183333333,86.53502032326035,14.16985608585465,-1.155124212817358,Before Launch
557,2025-03-20 01:56:32,23.951,-0.66601052,1.123,24.726,-119.75019033333334,36.81457183333333,86.51685619656602,14.340111112580432,-1.1188129495058385,Before Launch
558,2025-03-20 01:56:32,23.996,-1.14173232,-0.323,24.728,-119.75019033333334,36.81457183333333,86.5608230019438,16.653506168262147,-1.3119003284045725,Before Launch
559,2025-03-20 01:56:32,24.038,-2.73293972,-0.336,24.723,-119.75019033333334,36.81457183333333,86.52632129025643,17.985455102634447,-1.4031121052399351,Before Launch
560,2025-03-20 01:56:32,24.08,-2.00459324,0.003,24.723,-119.75019033333334,36.81457183333333,86.48599802238428,18.8817635632741,-1.3994195814396242,Before Launch
561,2025-03-20 01:56:32,24.123,-1.75853024,0.566,24.726,-119.75019033333334,36.81457183333333,86.49209889716205,19.904432091675968,-1.4875914439639324,Before Launch
562,2025-03-20 01:56:32,24.165,-1.8832021599999997,0.351,24.721,-119.75019033333334,36.81457183333333,86.57089589335814,21.437988346147858,-1.5013593744495162,Before Launch
563,2025-03-20 01:56:32,24.208,-1.50590556,0.799,24.728,-119.75019033333334,36.81457183333333,86.57135356274273,21.732896409344313,-1.5351361127543857,Before Launch
564,2025-03-20 01:56:32,24.25,-2.48687672,-0.666,24.726,-119.75019033333334,36.81457183333333,86.65143295743788,22.72101024313432,-1.595908895701346,Before Launch
565,2025-03-20 01:56:32,24.293,-0.77755908,1.356,24.728,-119.75019033333334,36.81457183333333,86.67807256900109,22.831600781833952,-1.606180839368188,Before Launch
566,2025-03-20 01:56:32,24.335,-1.8667979599999998,1.809,24.736,-119.7501905,36.814575166666664,86.6997530652646,22.647276217960236,-1.6387862529178814,Before Launch
567,2025-03-20 01:56:32,24.378,-3.20209984,-1.217,24.728,-119.7501905,36.814575166666664,86.76741253787759,22.68679679021818,-1.6046598181127663,Before Launch
568,2025-03-20 01:56:33,24.426,-1.8832021599999997,-0.554,24.733,-119.7501905,36.814575166666664,86.78407488771353,22.39619395697683,-1.5009992002904107,Before Launch
569,2025-03-20 01:56:33,24.471,-1.50590556,0.683,24.728,-119.7501905,36.814575166666664,86.96809564947453,21.081150767256727,-1.5336847128038256,Before Launch
570,2025-03-20 01:56:33,24.515,-2.71981636,0.456,24.733,-119.7501905,36.814575166666664,87.21693412041786,21.14091170580891,-1.4808998846349033,Before Launch
571,2025-03-20 01:56:33,24.557,-1.8700788,-0.433,24.728,-119.7501905,36.814575166666664,87.14730836244017,22.200186803637877,-1.4695571664812657,Before Launch
572,2025-03-20 01:56:33,24.6,-1.2631234,1.131,24.731,-119.7501905,36.814575166666664,87.15944208492094,22.945211295219774,-1.5366545110763263,Before Launch
573,2025-03-20 01:56:33,24.642,-3.0839895999999998,-2.217,24.731,-119.7501905,36.814575166666664,87.43014718950363,25.063688284727306,-1.5754007801645833,Before Launch
574,2025-03-20 01:56:33,24.685,-0.41338584,0.233,24.728,-119.7501905,36.814575166666664,87.49310473861081,25.789220065628772,-1.5932269371920593,Before Launch
575,2025-03-20 01:56:33,24.727,-0.66601052,1.574,24.726,-119.7501905,36.814575166666664,87.77743627486103,29.495411306931366,-1.7664410998185767,Before Launch
576,2025-03-20 01:56:33,24.77,-0.89895016,0.121,24.731,-119.7501905,36.814575166666664,87.8621535237291,30.94151259068939,-1.8435230366437725,Before Launch
577,2025-03-20 01:56:33,24.812,-1.1548556799999998,0.325,24.721,-119.7501905,36.814575166666664,88.45510801143497,34.588128727682076,-2.047296490758907,Before Launch
578,2025-03-20 01:56:33,24.855,-1.50590556,-0.337,24.728,-119.7501905,36.814575166666664,88.79307672187815,37.489345539244624,-2.071889690230223,Before Launch
579,2025-03-20 01:56:33,24.897,-2.34251976,-0.425,24.738,-119.7501905,36.814575166666664,89.39456002284696,46.86012791794215,-2.0421742605111524,Before Launch
580,2025-03-20 01:56:33,24.94,-0.53477692,1.346,24.731,-119.7501905,36.814575166666664,89.67619968802303,55.36165091210631,-2.1671452742882793,Before Launch
581,2025-03-20 01:56:33,24.991,-2.12270348,-0.566,24.726,-119.7501905,36.814575166666664,90.09897847093808,72.50030860409808,-2.240691783653856,Before Launch
582,2025-03-20 01:56:33,25.035,-1.8700788,-1.111,24.728,-119.7501905,36.814575166666664,90.26550191050416,83.5097266310355,-2.389872316151355,Before Launch
583,2025-03-20 01:56:33,25.078,-1.64042,-0.461,24.723,-119.7501905,36.814575166666664,90.30280113607274,87.43190096084003,-2.6226599513102222,Before Launch
584,2025-03-20 01:56:33,25.12,-0.9120735200000001,1.683,24.723,-119.7501905,36.814575166666664,90.68670146147593,97.03717859309508,-2.6755488724774334,Before Launch
585,2025-03-20 01:56:33,25.162,-0.77755908,1.134,24.728,-119.7501905,36.814575166666664,90.84349734348021,101.77109706213177,-2.562630440721695,Before Launch
586,2025-03-20 01:56:33,25.205,-0.77755908,0.907,24.721,-119.7501905,36.814575166666664,91.00971774892534,108.16164631251262,-2.186518037352419,Before Launch
587,2025-03-20 01:56:33,25.247,-1.50590556,0.349,24.728,-119.7501905,36.814575166666664,91.0234158257634,110.19290235321138,-2.4290850184750528,Before Launch
588,2025-03-20 01:56:33,25.29,-1.2631234,0.224,24.731,-119.7501905,36.814577166666666,91.18183321456085,112.42963762578304,-2.761055607762515,Before Launch
589,2025-03-20 01:56:33,25.333,-1.14173232,1.242,24.728,-119.7501905,36.814577166666666,91.13806671023198,112.5324833542326,-2.9205680815486668,Before Launch
590,2025-03-20 01:56:33,25.375,-0.049212599999999995,0.673,24.728,-119.7501905,36.814577166666666,91.04660854831045,112.74989859479794,-2.9213067442361673,Before Launch
591,2025-03-20 01:56:34,25.417,-0.77427824,1.01,24.736,-119.7501905,36.814577166666666,90.99432419851419,112.06146957381584,-2.9327710473486737,Before Launch
592,2025-03-20 01:56:34,25.461,-0.30183728,2.678,24.726,-119.7501905,36.814577166666666,90.86082438448183,113.02481436401315,-2.7100974779786893,Before Launch
593,2025-03-20 01:56:34,25.503,-1.38123364,0.466,24.733,-119.7501905,36.814577166666666,90.87845772935682,113.77960115725078,-2.5335178526443327,Before Launch
594,2025-03-20 01:56:34,25.545,0.43963256,1.811,24.733,-119.7501905,36.814577166666666,90.9183595173448,115.11781130289427,-2.330661463397184,Before Launch
595,2025-03-20 01:56:34,25.589,-0.41338584,2.148,24.733,-119.7501905,36.814577166666666,90.87076234580131,115.39396678613747,-2.140895463587714,Before Launch
596,2025-03-20 01:56:34,25.639,-0.53477692,1.234,24.731,-119.7501905,36.814577166666666,90.88009989401701,115.62569490471421,-2.0499529128360927,Before Launch
597,2025-03-20 01:56:34,25.682,-0.30183728,0.888,24.726,-119.7501905,36.814577166666666,90.84347186298625,115.80700420889185,-2.0199608093227104,Before Launch
598,2025-03-20 01:56:34,25.725,-0.049212599999999995,2.802,24.728,-119.7501905,36.814577166666666,90.78277886384176,115.04268382239137,-1.9769972400885807,Before Launch
599,2025-03-20 01:56:34,25.768,-0.410105,0.003,24.731,-119.7501905,36.814577166666666,90.77331038527011,114.03221647547768,-1.8164510548662374,Before Launch
600,2025-03-20 01:56:34,25.811,-0.89895016,-0.215,24.731,-119.7501905,36.814577166666666,90.72912125810115,113.98095904601979,-1.7872018992413232,Before Launch
601,2025-03-20 01:56:34,25.853,-0.77427824,0.115,24.736,-119.7501905,36.814577166666666,90.79178414567565,117.0729434506082,-1.5055404231837441,Before Launch
602,2025-03-20 01:56:34,25.895,-1.0170604,0.127,24.731,-119.7501905,36.814577166666666,90.75059445786077,118.13947322306562,-1.5065065930270078,Before Launch
603,2025-03-20 01:56:34,25.938,-1.25000004,0.236,24.738,-119.7501905,36.814577166666666,90.62793866963125,122.24301088674468,-1.3633135273937897,Before Launch
604,2025-03-20 01:56:34,25.98,-1.1384514799999998,1.112,24.736,-119.7501905,36.814577166666666,90.58268342714317,125.04926179495045,-1.4051866210213602,Before Launch
605,2025-03-20 01:56:34,26.023,-1.61417328,-0.997,24.736,-119.7501905,36.814577166666666,90.62640592249372,129.13807019446597,-1.0836092548795109,Before Launch
606,2025-03-20 01:56:34,26.066,-0.410105,1.593,24.736,-119.7501905,36.814577166666666,90.63568833213189,132.1648911430247,-0.8608450647766152,Before Launch
607,2025-03-20 01:56:34,26.108,-1.6076116,0.245,24.746,-119.7501905,36.814577166666666,90.50963600021048,135.3243861834973,-0.7804698973065004,Before Launch
608,2025-03-20 01:56:34,26.151,-0.28871391999999996,1.26,24.733,-119.7501905,36.814577166666666,90.44508378865198,135.26282901139064,-0.7649753262104184,Before Launch
609,2025-03-20 01:56:34,26.193,-1.74540688,-0.777,24.733,-119.7501905,36.814577166666666,90.39101113153617,132.0602347313046,-0.5675093313258673,Before Launch
610,2025-03-20 01:56:34,26.236,-1.8667979599999998,-1.014,24.736,-119.7501905,36.814577166666666,90.42942342516871,130.52614789466875,-0.49594897895148193,Before Launch
611,2025-03-20 01:56:34,26.278,-0.6397638,0.128,24.741,-119.750192,36.814578,90.3991180065419,128.87313828594486,-0.45485622987317925,Before Launch
612,2025-03-20 01:56:34,26.321,-1.2631234,0.226,24.731,-119.750192,36.814578,90.34922696049816,123.55927032061346,-0.4020986326750831,Before Launch
613,2025-03-20 01:56:34,26.364,-0.410105,0.794,24.736,-119.750192,36.814578,89.98734429930421,106.97063318115819,-0.7293694008047251,Before Launch
614,2025-03-20 01:56:34,26.407,-1.25000004,-0.101,24.738,-119.750192,36.814578,89.97248022410179,100.38066269575654,-0.6227937593186168,Before Launch
615,2025-03-20 01:56:35,26.449,0.20997376,0.241,24.738,-119.750192,36.814578,89.85679858646155,88.21296942374806,-0.5262454253010055,Before Launch
616,2025-03-20 01:56:35,26.491,-1.61417328,-0.782,24.738,-119.750192,36.814578,89.75986797988594,66.15151265025631,-0.37094530596720876,Before Launch
617,2025-03-20 01:56:35,26.534,-2.34251976,-1.902,24.738,-119.750192,36.814578,89.69459837447029,43.90957504763949,-0.22898697088902803,Before Launch
618,2025-03-20 01:56:35,26.576,-0.6397638,0.691,24.741,-119.750192,36.814578,89.67171474892386,29.740296756159665,-0.19655728652387078,Before Launch
619,2025-03-20 01:56:35,26.619,-0.27559056000000004,-0.666,24.741,-119.750192,36.814578,89.79618862139546,-27.69070370552356,0.0488000008637345,Before Launch
620,2025-03-20 01:56:35,26.661,-0.77427824,-0.337,24.736,-119.750192,36.814578,89.80756508753548,-45.77878864500124,0.06290013579221101,Before Launch
621,2025-03-20 01:56:35,26.704,-1.36811028,-0.782,24.741,-119.750192,36.814578,89.87632133014915,-67.72709435648643,0.08872920861468538,Before Launch
622,2025-03-20 01:56:35,26.746,-1.38123364,-1.014,24.733,-119.750192,36.814578,89.87210952941827,-73.72153443502624,0.039455267481567004,Before Launch
623,2025-03-20 01:56:35,26.789,-1.00393704,-0.897,24.741,-119.750192,36.814578,89.90735484722535,-80.92693438915258,-0.012870559063913774,Before Launch
624,2025-03-20 01:56:35,26.832,-0.39698163999999997,0.012,24.738,-119.750192,36.814578,89.91671547662273,-82.8007690632566,-0.002908333008040699,Before Launch
625,2025-03-20 01:56:35,26.875,-0.6397638,0.244,24.741,-119.750192,36.814578,89.85966861358182,-37.53160404679539,-0.022334398187343965,Before Launch
626,2025-03-20 01:56:35,26.917,-1.24343836,-0.441,24.741,-119.750192,36.814578,89.70293505850229,-0.785005056430375,-0.23074960079998968,Before Launch
627,2025-03-20 01:56:35,26.968,-0.52165356,0.462,24.738,-119.750192,36.814578,89.63903183447655,9.567811405173272,-0.28324958402761596,Before Launch
628,2025-03-20 01:56:35,27.011,-1.00393704,0.229,24.741,-119.750192,36.814578,89.53570457344959,21.1712645344271,-0.35543592138124713,Before Launch
629,2025-03-20 01:56:35,27.054,-2.09645676,-0.892,24.741,-119.750192,36.814578,89.50802247449373,25.247526745175332,-0.377462695090743,Before Launch
630,2025-03-20 01:56:35,27.097,-1.25000004,0.339,24.738,-119.750192,36.814578,89.46021767847068,30.695417184448175,-0.4133720750223755,Before Launch
631,2025-03-20 01:56:35,27.139,-0.6397638,-0.214,24.741,-119.750192,36.814578,89.44933392450473,32.806593739585225,-0.448573273927565,Before Launch
632,2025-03-20 01:56:35,27.182,-0.76115488,0.788,24.743,-119.750192,36.814578,89.43754816958311,35.34043168601957,-0.4847008062818232,Before Launch
633,2025-03-20 01:56:35,27.224,-0.15091864,0.128,24.746,-119.750192,36.814578,89.43239572735489,37.17845422843443,-0.5045410412262731,Before Launch
634,2025-03-20 01:56:35,27.267,-1.48950136,0.238,24.743,-119.750193,36.814579333333334,89.44759731510909,38.728159013945714,-0.44395555048738583,Before Launch
635,2025-03-20 01:56:35,27.31,-1.0006561999999999,0.806,24.748,-119.750193,36.814579333333334,89.45534817100058,38.147789029382245,-0.4325031705217447,Before Launch
636,2025-03-20 01:56:35,27.353,-1.36811028,-0.678,24.741,-119.750193,36.814579333333334,89.38632279789427,37.029721891580145,-0.4783010380201872,Before Launch
637,2025-03-20 01:56:35,27.395,-1.36811028,-0.098,24.741,-119.750193,36.814579333333334,89.3730979755331,36.10488706845419,-0.4797318551899035,Before Launch
638,2025-03-20 01:56:36,27.438,-0.51509188,-0.098,24.746,-119.750193,36.814579333333334,89.37068489901522,35.01755540654472,-0.4858691189071126,Before Launch
639,2025-03-20 01:56:36,27.48,0.08858268,1.248,24.741,-119.750193,36.814579333333334,89.35012737027908,34.3551975398348,-0.48501954600749375,Before Launch
640,2025-03-20 01:56:36,27.523,-1.6076116,-1.692,24.746,-119.750193,36.814579333333334,89.37328468381268,30.96423526607198,-0.4127520078987207,Before Launch
641,2025-03-20 01:56:36,27.565,-1.8536745999999997,-0.223,24.743,-119.750193,36.814579333333334,89.41785788981859,29.86807377569285,-0.39784283437358986,Before Launch
642,2025-03-20 01:56:36,27.608,-1.6076116,0.684,24.746,-119.750193,36.814579333333334,89.39810731845175,27.990730776732963,-0.404743577448151,Before Launch
643,2025-03-20 01:56:36,27.65,-0.87926512,-0.223,24.743,-119.750193,36.814579333333334,89.39176428324527,27.18317185513604,-0.402015005465414,Before Launch
644,2025-03-20 01:56:36,27.692,-1.8372704000000002,-1.455,24.751,-119.750193,36.814579333333334,89.34249904418307,25.32508016589851,-0.32272200355593605,Before Launch
645,2025-03-20 01:56:36,27.735,-1.3648294399999998,-0.55,24.748,-119.750193,36.814579333333334,89.24862918082094,25.155584567081895,-0.25790584619402124,Before Launch
646,2025-03-20 01:56:36,27.777,-1.3484252399999999,0.018,24.746,-119.750193,36.814579333333334,88.63719343781021,22.252487090420164,-0.1025333681643165,Before Launch
647,2025-03-20 01:56:36,27.82,-1.24343836,0.128,24.746,-119.750193,36.814579333333334,87.74171362196822,16.61425128509628,0.04901545005554784,Before Launch
648,2025-03-20 01:56:36,27.863,-1.3648294399999998,-0.336,24.748,-119.750193,36.814579333333334,86.59521054871851,5.6192052191492055,0.12718940336840184,Before Launch
649,2025-03-20 01:56:36,27.905,-2.08005256,-1.569,24.756,-119.750193,36.814579333333334,86.44945514399717,1.2105283462681524,0.08576911402706808,Before Launch
650,2025-03-20 01:56:36,27.948,-0.74475068,-0.098,24.751,-119.750193,36.814579333333334,86.21153948382242,-5.311094490579807,0.1472320406368251,Before Launch
651,2025-03-20 01:56:36,27.99,-1.59448824,-0.327,24.753,-119.750193,36.814579333333334,86.14320751833081,-6.333169783153221,0.2549907913590743,Before Launch
652,2025-03-20 01:56:36,28.041,-1.72900268,-1.125,24.748,-119.750193,36.814579333333334,85.64751653278115,-6.481132683435218,0.09523164021021392,Before Launch
653,2025-03-20 01:56:36,28.084,-0.74475068,0.242,24.751,-119.750193,36.814579333333334,83.49896641464741,-4.567737448964741,0.16922528974190065,Before Launch
654,2025-03-20 01:56:36,28.127,-1.95866148,0.128,24.753,-119.750193,36.814579333333334,82.62051748672799,-3.3395557128816087,0.12500625437847626,Before Launch
655,2025-03-20 01:56:36,28.169,-0.86614176,0.358,24.753,-119.750193,36.814579333333334,81.41653836213206,-1.982656246529697,0.0471157751551673,Before Launch
656,2025-03-20 01:56:36,28.212,-0.50196852,0.128,24.753,-119.750193,36.814579333333334,80.99614228042394,-1.5430649624423047,0.024923776935675927,Before Launch
657,2025-03-20 01:56:36,28.254,-1.3648294399999998,-0.563,24.748,-119.75019366666666,36.81458,80.4992970693491,-1.0706425581624792,-0.02915638577069742,Before Launch
658,2025-03-20 01:56:36,28.297,-1.230315,-1.006,24.753,-119.75019366666666,36.81458,80.38255997571554,-1.0768773393754358,0.01745985807200897,Before Launch
659,2025-03-20 01:56:36,28.339,-1.59448824,-0.098,24.756,-119.75019366666666,36.81458,80.12566857778454,-1.2739402994436329,0.13193953871815428,Before Launch
660,2025-03-20 01:56:36,28.382,-0.0164042,0.918,24.751,-119.75019366666666,36.81458,80.03774083332955,-1.4530427321755193,0.14887294701345136,Before Launch
661,2025-03-20 01:56:37,28.424,-1.58136488,-0.199,24.761,-119.75019366666666,36.81458,80.02349227695893,-2.234599965090607,0.1529073140414188,Before Launch
662,2025-03-20 01:56:37,28.466,-1.71259848,-0.322,24.756,-119.75019366666666,36.81458,80.01756020544777,-2.511227532124618,0.17745100843780037,Before Launch
663,2025-03-20 01:56:37,28.509,-0.74475068,-0.214,24.751,-119.75019366666666,36.81458,80.06975942335121,-3.34059875814597,0.15183379877291292,Before Launch
664,2025-03-20 01:56:37,28.551,0.9416010799999999,0.796,24.746,-119.75019366666666,36.81458,80.08780838471641,-3.54997703187958,0.10992509759879002,Before Launch
665,2025-03-20 01:56:37,28.594,-1.95866148,-0.328,24.753,-119.75019366666666,36.81458,80.1154796232718,-3.7804734924125047,0.15582065384297938,Before Launch
666,2025-03-20 01:56:37,28.636,-0.86614176,0.922,24.753,-119.75019366666666,36.81458,80.14293329572735,-3.978822851737433,-0.0252855699470331,Before Launch
667,2025-03-20 01:56:37,28.679,-0.9842519999999999,0.582,24.756,-119.75019366666666,36.81458,80.03988580174735,-4.252096455754559,-0.43360671286444435,Before Launch
668,2025-03-20 01:56:37,28.721,-0.38057744,0.466,24.751,-119.75019366666666,36.81458,80.02429009081821,-4.172733969948375,-0.49019929986252536,Before Launch
669,2025-03-20 01:56:37,28.769,-2.4442258,-0.564,24.756,-119.75019366666666,36.81458,79.83610677888085,-2.311831744580418,-0.27609221803973516,Before Launch
670,2025-03-20 01:56:37,28.814,-0.25590552,1.028,24.756,-119.75019366666666,36.81458,79.82301712929154,0.36948368776081275,-0.44475686285255617,Before Launch
671,2025-03-20 01:56:37,28.859,-2.1981628,-0.785,24.758,-119.75019366666666,36.81458,79.7490685445754,2.9520979456963006,-0.79731662229044,Before Launch
672,2025-03-20 01:56:37,28.902,-1.71259848,-0.434,24.758,-119.75019366666666,36.81458,79.56912527672077,6.48250886285936,-1.3248858257492961,Before Launch
673,2025-03-20 01:56:37,28.944,-1.94553812,-0.537,24.761,-119.75019366666666,36.81458,79.47857766260644,7.536279319607285,-1.5156281802699618,Before Launch
674,2025-03-20 01:56:37,28.986,-1.58136488,0.461,24.761,-119.75019366666666,36.81458,79.5168204665704,8.931929522368998,-1.7775460380134893,Before Launch
675,2025-03-20 01:56:37,29.029,-1.8339895600000002,-1.008,24.758,-119.75019366666666,36.81458,79.57795901944098,9.201526594108262,-1.8424706797417063,Before Launch
676,2025-03-20 01:56:37,29.071,-1.71259848,-0.109,24.756,-119.75019366666666,36.81458,79.56491626998435,9.684512086502465,-1.8606052247739058,Before Launch
677,2025-03-20 01:56:37,29.114,-1.21719164,0.477,24.761,-119.75019366666666,36.81458,79.62998523262208,9.736652250048769,-1.8284230600762934,Before Launch
678,2025-03-20 01:56:37,29.156,-1.69947512,-0.891,24.763,-119.75019366666666,36.81458,79.62089942785929,9.691119357480684,-1.7860251906880986,Before Launch
679,2025-03-20 01:56:37,29.199,-1.69947512,0.242,24.763,-119.75019366666666,36.81458,79.60657189961769,9.640765871063554,-1.7727371001865793,Before Launch
680,2025-03-20 01:56:37,29.242,-0.97112864,-0.098,24.763,-119.75019366666666,36.81458,79.50869871028583,9.548801699923443,-1.7974820260437405,Before Launch
681,2025-03-20 01:56:37,29.284,-2.06364836,-1.457,24.763,-119.75019233333333,36.81458216666667,79.44119916247163,9.256837721386976,-1.7654046292680303,Before Launch
682,2025-03-20 01:56:37,29.327,-1.45669296,-0.086,24.766,-119.75019233333333,36.81458216666667,79.39220466653079,8.839059212736464,-1.6728719277482567,Before Launch
683,2025-03-20 01:56:37,29.369,-1.09251972,0.129,24.766,-119.75019233333333,36.81458216666667,79.3857287123643,8.674923807063655,-1.6495774183312977,Before Launch
684,2025-03-20 01:56:37,29.412,0.35104988,1.813,24.758,-119.75019233333333,36.81458216666667,79.25028155234583,8.232716976266728,-1.6057148492518105,Before Launch
685,2025-03-20 01:56:38,29.454,-0.36417324,-0.324,24.761,-119.75019233333333,36.81458216666667,79.30735037770194,8.290632066502654,-1.6122837684151505,Before Launch
686,2025-03-20 01:56:38,29.498,-0.48884516,1.017,24.761,-119.75019233333333,36.81458216666667,79.45959538946292,8.13942766009784,-1.5536499424895616,Before Launch
687,2025-03-20 01:56:38,29.54,-1.21719164,0.461,24.761,-119.75019233333333,36.81458216666667,79.45529382874439,8.207961375844445,-1.570667934942579,Before Launch
688,2025-03-20 01:56:38,29.583,-1.3353018799999998,-0.55,24.763,-119.75019233333333,36.81458216666667,79.44206120700555,7.983735014678948,-1.5392198600661853,Before Launch
689,2025-03-20 01:56:38,29.625,-0.84645672,-1.665,24.768,-119.75019233333333,36.81458216666667,79.45827277000981,7.876166255020639,-1.4955299863469265,Before Launch
690,2025-03-20 01:56:38,29.668,-0.48884516,1.369,24.761,-119.75019233333333,36.81458216666667,79.44009539114268,7.620111632468762,-1.4331318662749173,Before Launch
691,2025-03-20 01:56:38,29.71,-1.21719164,-0.327,24.761,-119.75019233333333,36.81458216666667,79.39854066018759,7.619486409913378,-1.4163962667616552,Before Launch
692,2025-03-20 01:56:38,29.753,-0.25590552,0.678,24.756,-119.75019233333333,36.81458216666667,79.42637295556976,7.355178076314717,-1.4116367207572431,Before Launch
693,2025-03-20 01:56:38,29.796,-0.36417324,0.015,24.766,-119.75019233333333,36.81458216666667,79.43019815133,7.007652176569136,-1.4414991572941054,Before Launch
694,2025-03-20 01:56:38,29.838,-1.09251972,1.264,24.768,-119.75019233333333,36.81458216666667,79.42850397732174,6.740269445416981,-1.498692265855288,Before Launch
695,2025-03-20 01:56:38,29.881,-0.6069554,-0.329,24.763,-119.75019233333333,36.81458216666667,79.49636197106472,6.598077680663601,-1.501528585485754,Before Launch
696,2025-03-20 01:56:38,29.923,-1.21062996,0.928,24.768,-119.75019233333333,36.81458216666667,79.62461104064838,6.352936097780957,-1.6088661693006447,Before Launch
697,2025-03-20 01:56:38,29.966,-1.45669296,0.241,24.768,-119.75019233333333,36.81458216666667,79.63748965181777,6.3954037071517975,-1.5103002951534905,Before Launch
698,2025-03-20 01:56:38,30.008,0.0,1.829,24.766,-119.75019233333333,36.81458216666667,79.84568326347697,6.554908161454006,-1.4776570210013424,Before Launch
699,2025-03-20 01:56:38,30.051,-0.11811023999999999,1.374,24.768,-119.75019233333333,36.81458216666667,79.89564635408566,6.9191506383417725,-1.5898707363295648,Before Launch
700,2025-03-20 01:56:38,30.094,-0.72834648,1.038,24.766,-119.75019233333333,36.81458216666667,79.97799565390825,8.448002811795355,-1.6955904707786438,Before Launch
701,2025-03-20 01:56:38,30.136,-0.48228348,1.155,24.758,-119.75019233333333,36.81458216666667,80.15066636367591,9.7566975400262,-1.9694328794781877,Before Launch
702,2025-03-20 01:56:38,30.187,-0.72834648,0.456,24.766,-119.75019233333333,36.81458216666667,80.1817073608396,10.515447923089486,-1.981179475482467,Before Launch
703,2025-03-20 01:56:38,30.232,-1.5748031999999998,0.116,24.771,-119.75019233333333,36.81458216666667,80.4257960838086,11.623642809437854,-2.0784238963265875,Before Launch
704,2025-03-20 01:56:38,30.275,-2.18503944,-0.451,24.766,-119.7501895,36.8145845,80.45751627630845,12.223048667339757,-2.2758688281281803,Before Launch
705,2025-03-20 01:56:38,30.32,-0.8530184000000001,0.11,24.761,-119.7501895,36.8145845,80.55749014644604,12.668516334548075,-2.266953757190717,Before Launch
706,2025-03-20 01:56:38,30.362,-1.09251972,0.901,24.766,-119.7501895,36.8145845,80.54801752880562,13.003071567771093,-2.3077348206084207,Before Launch
707,2025-03-20 01:56:38,30.405,-1.5748031999999998,-0.11,24.768,-119.7501895,36.8145845,80.69500405101024,14.18575708226449,-2.3947574514269023,Before Launch
708,2025-03-20 01:56:39,30.447,-0.74146984,0.326,24.758,-119.7501895,36.8145845,80.79803197814903,14.54331165010502,-2.410555210737069,Before Launch
709,2025-03-20 01:56:39,30.49,-1.68635176,-1.89,24.771,-119.7501895,36.8145845,80.95299042774617,14.603994685661903,-2.438653136315958,Before Launch
710,2025-03-20 01:56:39,30.532,-1.54855648,-1.099,24.783,-119.7501895,36.8145845,80.99407424319092,14.855340222739658,-2.4823690349870544,Before Launch
711,2025-03-20 01:56:39,30.575,-1.07939636,-0.548,24.773,-119.7501895,36.8145845,81.04758373273754,14.92922705116792,-2.4653930722817705,Before Launch
712,2025-03-20 01:56:39,30.617,-0.35104988,0.804,24.768,-119.7501895,36.8145845,81.0581594778781,15.010509045329247,-2.474769149753907,Before Launch
713,2025-03-20 01:56:39,30.66,-2.88057752,-1.435,24.788,-119.7501895,36.8145845,81.05404316960389,14.809268905437472,-2.4439364915165465,Before Launch
714,2025-03-20 01:56:39,30.702,-1.5748031999999998,-0.676,24.768,-119.7501895,36.8145845,81.0374499714614,14.952616684794702,-2.4297059504642737,Before Launch
715,2025-03-20 01:56:39,30.744,-1.32217852,-0.774,24.771,-119.7501895,36.8145845,81.04244452118938,15.281434375486773,-2.457004991337701,Before Launch
716,2025-03-20 01:56:39,30.787,-2.52952764,-1.219,24.781,-119.7501895,36.8145845,81.05711661286455,15.40383082093631,-2.4979119433985804,Before Launch
717,2025-03-20 01:56:39,30.829,-1.4370079199999999,-1.098,24.781,-119.7501895,36.8145845,81.0472900022297,15.552244359859394,-2.5379735066438145,Before Launch
718,2025-03-20 01:56:39,30.872,-2.15223104,-1.662,24.788,-119.7501895,36.8145845,81.03574644119708,15.561841805598313,-2.531470765649235,Before Launch
719,2025-03-20 01:56:39,30.914,-1.1975065999999999,-0.098,24.776,-119.7501895,36.8145845,81.06580443791393,15.689687634253191,-2.5385767350693795,Before Launch
720,2025-03-20 01:56:39,30.957,0.01968504,0.582,24.781,-119.7501895,36.8145845,81.0742173647307,15.723407100549025,-2.5142911122647673,Before Launch
721,2025-03-20 01:56:39,30.999,0.37729660000000004,1.476,24.773,-119.7501895,36.8145845,81.07464605809258,15.78549681994553,-2.5540646356854317,Before Launch
722,2025-03-20 01:56:39,31.042,-1.07939636,0.351,24.773,-119.7501895,36.8145845,81.0899844246203,15.635819658173599,-2.5586365852571538,Before Launch
723,2025-03-20 01:56:39,31.084,-1.66994756,-1.552,24.786,-119.7501895,36.8145845,81.06336012999773,15.608717549841359,-2.5251829959874774,Before Launch
724,2025-03-20 01:56:39,31.127,-1.7880578,-1.552,24.788,-119.7501895,36.8145845,81.10743011224626,15.142876184045774,-2.488577132017102,Before Launch
725,2025-03-20 01:56:39,31.177,-1.42388456,-0.642,24.788,-119.7501895,36.8145845,81.13892024156738,15.035149132588128,-2.4561408123310198,Before Launch
726,2025-03-20 01:56:39,31.22,-0.95800528,-0.439,24.771,-119.7501895,36.8145845,81.14971489239763,14.89884489477878,-2.421477185369258,Before Launch
727,2025-03-20 01:56:39,31.263,-1.5452756399999998,-0.759,24.791,-119.75019216666666,36.8145845,81.1378695155185,14.925498975461474,-2.420406069350447,Before Launch
728,2025-03-20 01:56:39,31.305,-2.76246728,-1.107,24.786,-119.75019216666666,36.8145845,81.10541392582577,15.126855435206362,-2.4718998321171233,Before Launch
729,2025-03-20 01:56:39,31.348,-1.18438324,0.933,24.783,-119.75019216666666,36.8145845,81.12570638019743,15.213961936752296,-2.484434851059038,Before Launch
730,2025-03-20 01:56:39,31.39,-2.2736221199999997,-1.328,24.791,-119.75019216666666,36.8145845,81.11393916504086,15.428183428263386,-2.501789403216722,Before Launch
731,2025-03-20 01:56:40,31.433,-1.31889768,-0.211,24.778,-119.75019216666666,36.8145845,81.10115664146011,15.518617988980763,-2.496281380450011,Before Launch
732,2025-03-20 01:56:40,31.475,-2.2769029599999997,-0.656,24.786,-119.75019216666666,36.8145845,81.03292169136763,15.580499485386296,-2.586001766322555,Before Launch
733,2025-03-20 01:56:40,31.517,-1.18438324,-0.414,24.783,-119.75019216666666,36.8145845,81.01529650821045,15.609744563843318,-2.6053406912738097,Before Launch
734,2025-03-20 01:56:40,31.56,-1.42388456,0.245,24.788,-119.75019216666666,36.8145845,81.06796022856773,15.702135136277137,-2.5558325997687876,Before Launch
735,2025-03-20 01:56:40,31.602,-1.0597113200000001,0.457,24.788,-119.75019216666666,36.8145845,81.06891530936187,15.961911907335436,-2.5952487365044474,Before Launch
736,2025-03-20 01:56:40,31.645,-1.65354336,-0.537,24.793,-119.75019216666666,36.8145845,81.05875746771066,16.418489859311297,-2.6609956935565964,Before Launch
737,2025-03-20 01:56:40,31.687,-2.74606308,-2.238,24.793,-119.75019216666666,36.8145845,81.0338151916311,16.453116361408696,-2.6640225678225535,Before Launch
738,2025-03-20 01:56:40,31.729,-0.6824147199999999,2.056,24.796,-119.75019216666666,36.8145845,81.0257436939548,16.754884516829804,-2.7251518971047717,Before Launch
739,2025-03-20 01:56:40,31.772,-2.13910768,-0.527,24.796,-119.75019216666666,36.8145845,81.02449222655167,16.931385101291305,-2.776476464135226,Before Launch
740,2025-03-20 01:56:40,31.815,-1.5452756399999998,-0.208,24.791,-119.75019216666666,36.8145845,81.0086774948308,16.924067751825966,-2.807861572729057,Before Launch
741,2025-03-20 01:56:40,31.857,-1.42388456,1.033,24.788,-119.75019216666666,36.8145845,80.97810223271715,16.889683926362807,-2.802085188623469,Before Launch
742,2025-03-20 01:56:40,31.9,-2.13910768,-0.656,24.796,-119.75019216666666,36.8145845,80.99789329390104,16.896034691906085,-2.788447517130864,Before Launch
743,2025-03-20 01:56:40,31.942,-1.04658796,1.033,24.796,-119.75019216666666,36.8145845,81.01288029312265,16.914615283843684,-2.814608785748865,Before Launch
744,2025-03-20 01:56:40,31.985,0.16732284,1.274,24.793,-119.75019216666666,36.8145845,81.04677159385761,16.85701316296171,-2.78050685267166,Before Launch
745,2025-03-20 01:56:40,32.027,-0.45275592000000003,-0.442,24.796,-119.75019216666666,36.8145845,81.04952070577352,16.737994358490834,-2.7313124522582233,Before Launch
746,2025-03-20 01:56:40,32.07,-1.30249348,-1.568,24.786,-119.75019216666666,36.8145845,81.04994602718541,16.361167315859202,-2.6748478666818745,Before Launch
747,2025-03-20 01:56:40,32.112,-1.65026252,-0.534,24.801,-119.75019216666666,36.8145845,81.01188926334707,16.195193080036802,-2.6577150862350822,Before Launch
748,2025-03-20 01:56:40,32.155,-0.31824148,1.262,24.798,-119.75019216666666,36.8145845,80.90835460472178,15.888522072647545,-2.626067120104407,Before Launch
749,2025-03-20 01:56:40,32.197,-0.66929136,1.046,24.803,-119.75019216666666,36.8145845,80.881981184804,15.844421043403912,-2.64217519625427,Before Launch
750,2025-03-20 01:56:40,32.24,-1.52887144,-0.099,24.798,-119.75019216666666,36.8145845,80.9001322873397,15.876703651411226,-2.6075422577064136,Before Launch
751,2025-03-20 01:56:40,32.283,-0.81692916,0.133,24.798,-119.75019166666667,36.81458583333333,80.87820808536956,15.973420729097588,-2.6337507234386632,Before Launch
752,2025-03-20 01:56:40,32.326,-0.69553808,0.799,24.788,-119.75019166666667,36.81458583333333,80.82553344068265,16.031096657128586,-2.6849189833389797,Before Launch
753,2025-03-20 01:56:40,32.369,0.89895016,3.441,24.801,-119.75019166666667,36.81458583333333,80.81311547326561,16.13315540885974,-2.6751404152994187,Before Launch
754,2025-03-20 01:56:40,32.411,-1.52887144,-0.324,24.793,-119.75019166666667,36.81458583333333,80.9101931916666,16.304005282170632,-2.711256608986355,Before Launch
755,2025-03-20 01:56:41,32.454,-1.51574808,0.712,24.805,-119.75019166666667,36.81458583333333,80.9345818433943,16.353764889976535,-2.764381001032498,Before Launch
756,2025-03-20 01:56:41,32.496,-0.43635172,0.83,24.798,-119.75019166666667,36.81458583333333,81.0387590552864,16.343303741742663,-2.701287679882452,Before Launch
757,2025-03-20 01:56:41,32.539,-1.4107612,0.814,24.801,-119.75019166666667,36.81458583333333,81.06752123432115,16.365493367178235,-2.712954551098274,Before Launch
758,2025-03-20 01:56:41,32.581,-1.4107612,-0.213,24.796,-119.75019166666667,36.81458583333333,81.10030454049978,15.81001336985438,-2.7326321662821873,Before Launch
759,2025-03-20 01:56:41,32.624,-0.92191604,0.472,24.801,-119.75019166666667,36.81458583333333,81.12222395212056,15.618071633518255,-2.6747176529801435,Before Launch
760,2025-03-20 01:56:41,32.667,-1.2860892800000001,-0.213,24.801,-119.75019166666667,36.81458583333333,81.19256619166336,15.215284600625893,-2.682123115142171,Before Launch
761,2025-03-20 01:56:41,32.709,-2.12598432,-0.444,24.803,-119.75019166666667,36.81458583333333,81.42190598478086,15.082063299970487,-2.5815420452176783,Before Launch
762,2025-03-20 01:56:41,32.76,0.6561680000000001,3.171,24.798,-119.75019166666667,36.81458583333333,82.8968514030533,14.724150538438524,-2.294807009498031,Before Launch
763,2025-03-20 01:56:41,32.804,-0.43635172,0.229,24.798,-119.75019166666667,36.81458583333333,83.86626530547134,14.964640499689695,-2.2287889952084505,Before Launch
764,2025-03-20 01:56:41,32.847,-0.92191604,1.132,24.801,-119.75019166666667,36.81458583333333,83.14403968418712,15.345738425397697,-2.290501117881324,Before Launch
765,2025-03-20 01:56:41,32.889,-1.1646982,0.354,24.798,-119.75019166666667,36.81458583333333,82.94553009227393,17.360020306598045,-2.3153398389701176,Before Launch
766,2025-03-20 01:56:41,32.932,-1.77493444,-0.327,24.796,-119.75019166666667,36.81458583333333,83.60043408766994,20.478262128243884,-2.4643583860923166,Before Launch
767,2025-03-20 01:56:41,32.975,-2.01443576,0.116,24.801,-119.75019166666667,36.81458583333333,84.80672895833014,26.878098066811646,-2.559970928415915,Before Launch
768,2025-03-20 01:56:41,33.017,-0.9251968799999999,0.113,24.793,-119.75019166666667,36.81458583333333,85.3019355465764,30.05734920532896,-2.5101055017251612,Before Launch
769,2025-03-20 01:56:41,33.06,-1.1515748399999999,-1.227,24.805,-119.75019166666667,36.81458583333333,86.08509107667558,34.580218286899935,-2.4713378946236237,Before Launch
770,2025-03-20 01:56:41,33.102,-0.66929136,-0.201,24.803,-119.75019166666667,36.81458583333333,86.40592765099964,36.56871310258451,-2.4877945433332935,Before Launch
771,2025-03-20 01:56:41,33.145,-1.7618110800000002,-0.427,24.803,-119.75019166666667,36.81458583333333,86.81250441673158,39.10021069570951,-2.4079705510673994,Before Launch
772,2025-03-20 01:56:41,33.187,-2.1194226400000002,-0.436,24.811,-119.75019166666667,36.81458583333333,86.93418627005032,39.81543222976934,-2.341504515283374,Before Launch
773,2025-03-20 01:56:41,33.23,-1.0334646,-0.665,24.803,-119.75019166666667,36.81458583333333,87.13127972458506,39.73356461510612,-2.2497329359991434,Before Launch
774,2025-03-20 01:56:41,33.273,-0.19685039999999998,0.439,24.793,-119.75019283333333,36.8145865,87.213131776498,38.52554083525228,-2.136522737388636,Before Launch
775,2025-03-20 01:56:41,33.315,2.12598432,3.4,24.805,-119.75019283333333,36.8145865,87.14573311385882,36.480568534157804,-1.9892168629403706,Before Launch
776,2025-03-20 01:56:41,33.358,-0.7874015999999999,0.027,24.808,-119.75019283333333,36.8145865,86.94490276952507,35.797065639585206,-1.8557651148156415,Before Launch
777,2025-03-20 01:56:41,33.41,-1.63713916,-0.869,24.808,-119.75019283333333,36.8145865,86.94439246715051,34.2853727629876,-1.77584034501881,Before Launch
778,2025-03-20 01:56:42,33.454,0.20013124,-0.644,24.811,-119.75019283333333,36.8145865,87.06314795468683,33.646875212503815,-1.7914795874616125,Before Launch
779,2025-03-20 01:56:42,33.499,-0.29855644,1.131,24.811,-119.75019283333333,36.8145865,87.06898163262339,33.22822434431467,-1.8280779492561912,Before Launch
780,2025-03-20 01:56:42,33.541,-1.7552494,-0.22,24.811,-119.75019283333333,36.8145865,87.04341727771467,32.158147812508844,-1.8066101797102139,Before Launch
781,2025-03-20 01:56:42,33.584,-0.92191604,-0.446,24.808,-119.75019283333333,36.8145865,86.9679642638729,31.864149525760794,-1.8070685506985862,Before Launch
782,2025-03-20 01:56:42,33.626,-1.8766404799999998,-0.429,24.813,-119.75019283333333,36.8145865,86.95322117325308,30.697034792674906,-1.7941294936195233,Before Launch
783,2025-03-20 01:56:42,33.669,-1.8766404799999998,-0.428,24.813,-119.75019283333333,36.8145865,86.971483477169,30.424369365043574,-1.779686002238419,Before Launch
784,2025-03-20 01:56:42,33.711,-1.51574808,-0.546,24.805,-119.75019283333333,36.8145865,86.94794430420954,30.072301074087452,-1.7844028369693277,Before Launch
785,2025-03-20 01:56:42,33.754,0.7939632799999999,1.914,24.811,-119.75019283333333,36.8145865,86.93733403655025,30.041295263457712,-1.781843921241976,Before Launch
786,2025-03-20 01:56:42,33.797,-1.25656172,0.799,24.815,-119.75019283333333,36.8145865,86.92855797351358,30.016971320345387,-1.7667605291191049,Before Launch
787,2025-03-20 01:56:42,33.839,-1.98818904,-2.451,24.815,-119.75019283333333,36.8145865,86.9553917689553,30.042556853461758,-1.7684398506267076,Before Launch
788,2025-03-20 01:56:42,33.89,-2.0013123999999998,-1.441,24.815,-119.75019283333333,36.8145865,86.97570123812245,30.578175253577275,-1.7346693626027718,Before Launch
789,2025-03-20 01:56:42,33.934,-1.1515748399999999,-0.211,24.805,-119.75019283333333,36.8145865,86.95678194919245,30.467436729632155,-1.7433484277085234,Before Launch
790,2025-03-20 01:56:42,33.977,-0.89238848,0.25,24.815,-119.75019283333333,36.8145865,86.96087699145052,30.48140318385113,-1.7050047992366322,Before Launch
791,2025-03-20 01:56:42,34.019,-0.89238848,0.812,24.815,-119.75019283333333,36.8145865,87.01273939626776,30.474493948538043,-1.6761094777154186,Before Launch
792,2025-03-20 01:56:42,34.062,-1.01377956,0.921,24.818,-119.75019283333333,36.8145865,87.00613119555115,30.43904499430574,-1.7188666260485181,Before Launch
793,2025-03-20 01:56:42,34.104,-1.51246724,-0.54,24.813,-119.75019283333333,36.8145865,87.01257469326472,30.194445330476107,-1.7337714303730676,Before Launch
794,2025-03-20 01:56:42,34.147,-0.76771656,0.353,24.821,-119.75019283333333,36.8145865,86.99370541398555,30.02910481948109,-1.7294115533345242,Before Launch
795,2025-03-20 01:56:42,34.19,-1.25656172,-0.54,24.815,-119.75019283333333,36.8145865,86.95759966723202,30.13029671592435,-1.7348292576789963,Before Launch
796,2025-03-20 01:56:42,34.232,-1.148294,0.564,24.813,-119.75019283333333,36.8145865,86.9152646961579,30.09790200202085,-1.7873196962283697,Before Launch
797,2025-03-20 01:56:42,34.274,-1.49934388,0.57,24.815,-119.75019416666666,36.81458633333333,86.87794329405183,29.829261740231182,-1.745609191612888,Before Launch
798,2025-03-20 01:56:42,34.317,-1.25656172,-0.205,24.815,-119.75019416666666,36.81458633333333,86.87254642968983,29.568889736019386,-1.756791956133703,Before Launch
799,2025-03-20 01:56:42,34.359,-0.41994752,-0.205,24.813,-119.75019416666666,36.81458633333333,86.81850460451408,29.25240886896546,-1.7831325629182848,Before Launch
800,2025-03-20 01:56:42,34.402,-0.90879268,-2.792,24.811,-119.75019416666666,36.81458633333333,86.79565205518935,29.172892885968963,-1.762505450006275,Before Launch
801,2025-03-20 01:56:43,34.452,-0.28543308,0.459,24.818,-119.75019416666666,36.81458633333333,86.78877172452187,29.022252850159433,-1.7728986821188426,Before Launch
802,2025-03-20 01:56:43,34.497,0.0656168,1.566,24.811,-119.75019416666666,36.81458633333333,86.77660280158125,28.933809335536193,-1.758065828675043,Before Launch
803,2025-03-20 01:56:43,34.54,-1.3779527999999999,-1.453,24.821,-119.75019416666666,36.81458633333333,86.77338770281006,28.90571692896216,-1.743893787332528,Before Launch
804,2025-03-20 01:56:43,34.582,1.76837276,1.909,24.813,-119.75019416666666,36.81458633333333,86.80487740443277,28.66228063080229,-1.7396542122568712,Before Launch
805,2025-03-20 01:56:43,34.625,1.05314964,2.591,24.821,-119.75019416666666,36.81458633333333,86.8304204086187,28.620814021026693,-1.7174275419670897,Before Launch
806,2025-03-20 01:56:43,34.667,0.80708664,1.596,24.818,-119.75019416666666,36.81458633333333,86.69746444638263,28.916671517628053,-1.6783811437283382,Before Launch
807,2025-03-20 01:56:43,34.71,-0.76771656,1.023,24.821,-119.75019416666666,36.81458633333333,86.4742548793,29.896468614503895,-1.7657657753634244,Before Launch
808,2025-03-20 01:56:43,34.752,0.56758532,2.257,24.823,-119.75019416666666,36.81458633333333,86.5283562389497,30.409409367983272,-1.8969108209181238,Before Launch
809,2025-03-20 01:56:43,34.794,-0.16076116000000001,1.251,24.823,-119.75019416666666,36.81458633333333,86.5689618036348,30.25849334709068,-2.105967913398773,Before Launch
810,2025-03-20 01:56:43,34.837,0.07874016,-0.66,24.818,-119.75019416666666,36.81458633333333,86.70565450313256,30.655115962351406,-2.187187324295973,Before Launch
811,2025-03-20 01:56:43,34.879,0.4429134,1.571,24.818,-119.75019416666666,36.81458633333333,86.81904994942096,32.660771532387656,-2.341859374440844,Before Launch
812,2025-03-20 01:56:43,34.922,1.18438324,2.929,24.825,-119.75019416666666,36.81458633333333,86.76490053803609,34.92999097211275,-2.2346464405452218,Before Launch
813,2025-03-20 01:56:43,34.964,1.17125988,2.954,24.828,-119.75019416666666,36.81458633333333,86.90717312039469,35.68313654290508,-2.171024835359103,Before Launch
814,2025-03-20 01:56:43,35.006,-0.14763779999999999,0.937,24.83,-119.75019416666666,36.81458633333333,86.98351601055217,37.39458344959377,-2.29717411964906,Before Launch
815,2025-03-20 01:56:43,35.049,0.58070868,1.374,24.83,-119.75019416666666,36.81458633333333,87.02995963744821,38.50196186748836,-2.4072977251254972,Before Launch
816,2025-03-20 01:56:43,35.091,0.9448819199999999,1.714,24.83,-119.75019416666666,36.81458633333333,87.10164622549844,41.382888799639076,-2.6709998271811797,Before Launch
817,2025-03-20 01:56:43,35.134,1.7814961200000001,2.608,24.821,-119.75019416666666,36.81458633333333,87.08339879462733,42.982217585316505,-2.8123927354924936,Before Launch
818,2025-03-20 01:56:43,35.176,0.20341208,1.601,24.823,-119.75019416666666,36.81458633333333,87.03360366618114,44.62546558413254,-2.9491533523686706,Before Launch
819,2025-03-20 01:56:43,35.219,0.45603676000000004,1.142,24.825,-119.75019416666666,36.81458633333333,87.00174265898674,44.70628258200681,-3.057984288309947,Before Launch
820,2025-03-20 01:56:43,35.261,1.066273,2.169,24.828,-119.75019516666667,36.81458666666666,86.92757204150297,44.441344902049984,-3.1177011218927517,Before Launch
821,2025-03-20 01:56:43,35.304,-1.6043307599999999,-0.425,24.83,-119.75019516666667,36.81458666666666,86.91304337519745,44.94994151010421,-3.135534361631751,Before Launch
822,2025-03-20 01:56:43,35.354,1.30905516,2.6,24.83,-119.75019516666667,36.81458666666666,86.86928604369253,45.55831138937867,-3.2255958493028762,Before Launch
823,2025-03-20 01:56:43,35.397,1.43044624,2.488,24.828,-119.75019516666667,36.81458666666666,86.79116827099917,46.14576590713645,-3.4074585217970457,Before Launch
824,2025-03-20 01:56:44,35.442,1.6732284,1.933,24.83,-119.75019516666667,36.81458666666666,86.80849280077611,46.2757289910975,-3.449287915408467,Before Launch
825,2025-03-20 01:56:44,35.484,0.45603676000000004,1.261,24.825,-119.75019516666667,36.81458666666666,86.73679472777253,46.27194239495902,-3.469228320520467,Before Launch
826,2025-03-20 01:56:44,35.527,0.11154856,0.369,24.83,-119.75019516666667,36.81458666666666,86.66636368139478,46.15239064798708,-3.4838938527491004,Before Launch
827,2025-03-20 01:56:44,35.569,0.4757218,0.383,24.84,-119.75019516666667,36.81458666666666,86.61059173725543,46.26895331943434,-3.4915951901063362,Before Launch
828,2025-03-20 01:56:44,35.611,-0.13451444,1.161,24.838,-119.75019516666667,36.81458666666666,86.61280175817431,46.303895586402426,-3.5045905189916726,Before Launch
829,2025-03-20 01:56:44,35.654,-0.14763779999999999,-1.787,24.843,-119.75019516666667,36.81458666666666,86.68192141737576,46.79908089792453,-3.558433098462334,Before Launch
830,2025-03-20 01:56:44,35.696,-0.00984252,-0.993,24.843,-119.75019516666667,36.81458666666666,86.69317312151384,46.95046449974499,-3.53143111015989,Before Launch
831,2025-03-20 01:56:44,35.74,0.82677168,0.018,24.833,-119.75019516666667,36.81458666666666,86.93265323735848,46.07636927515122,-3.1831907778096475,Before Launch
832,2025-03-20 01:56:44,35.782,0.9612861199999999,1.613,24.838,-119.75019516666667,36.81458666666666,87.00193826383389,45.88394027097553,-3.073756063822474,Before Launch
833,2025-03-20 01:56:44,35.824,-0.37401576000000003,-0.878,24.843,-119.75019516666667,36.81458666666666,87.02942416488399,42.88552144249411,-2.902993577285834,Before Launch
834,2025-03-20 01:56:44,35.867,0.23293963999999998,0.367,24.838,-119.75019516666667,36.81458666666666,87.09794063970062,42.08567786568337,-2.819866795969062,Before Launch
835,2025-03-20 01:56:44,35.917,-0.12795276,-0.191,24.846,-119.75019516666667,36.81458666666666,87.50962372326994,40.23277571342546,-2.6030283865845916,Before Launch
836,2025-03-20 01:56:44,35.96,-0.00984252,-0.419,24.843,-119.75019516666667,36.81458666666666,87.70560032680177,39.48524958664711,-2.2437937131033587,Before Launch
837,2025-03-20 01:56:44,36.007,0.46259843999999994,-0.665,24.833,-119.75019516666667,36.81458666666666,87.58182770238614,38.46079023663868,-2.2920573673275446,Before Launch
838,2025-03-20 01:56:44,36.051,0.9612861199999999,-0.193,24.838,-119.75019516666667,36.81458666666666,87.85917306935904,40.08575265776938,-2.300042633822139,Before Launch
839,2025-03-20 01:56:44,36.093,-1.4665354800000001,-1.213,24.843,-119.75019516666667,36.81458666666666,88.15764218508662,41.7727034766854,-2.1832558815195755,Before Launch
840,2025-03-20 01:56:44,36.135,0.23622047999999998,-0.317,24.846,-119.75019516666667,36.81458666666666,88.64388087537411,42.83123059200666,-1.7283720785937002,Before Launch
841,2025-03-20 01:56:44,36.178,1.81430452,0.8,24.843,-119.75019516666667,36.81458666666666,88.7434453680426,42.45133171285835,-1.5810180090438157,Before Launch
842,2025-03-20 01:56:44,36.221,0.60039372,-1.087,24.846,-119.75019516666667,36.81458666666666,88.9365625617938,47.93029834118989,-1.4388935905475981,Before Launch
843,2025-03-20 01:56:44,36.263,-0.12795276,-0.305,24.846,-119.75019383333333,36.81458766666667,88.84072602202035,50.00709524668943,-1.379267951728508,Before Launch
844,2025-03-20 01:56:44,36.306,0.60039372,0.133,24.846,-119.75019383333333,36.81458766666667,88.63055142694034,53.22717867928327,-1.3980960229610784,Before Launch
845,2025-03-20 01:56:44,36.348,1.20406828,0.127,24.84,-119.75019383333333,36.81458766666667,88.48183396242474,52.41953180282312,-1.1886694107561824,Before Launch
846,2025-03-20 01:56:44,36.391,0.73490816,2.152,24.85,-119.75019383333333,36.81458766666667,88.50506094905222,55.37875693411174,-1.2214317575640379,Before Launch
847,2025-03-20 01:56:45,36.433,0.61351708,-0.645,24.85,-119.75019383333333,36.81458766666667,88.58062025299093,55.38147253827086,-1.1182914950170693,Before Launch
848,2025-03-20 01:56:45,36.476,0.73490816,-0.645,24.85,-119.75019383333333,36.81458766666667,88.70767107976963,51.89288288178209,-0.9286749739953132,Before Launch
849,2025-03-20 01:56:45,36.518,1.69291344,0.018,24.846,-119.75019383333333,36.81458766666667,88.81600798664098,46.098148756766875,-0.8837439930573596,Before Launch
850,2025-03-20 01:56:45,36.569,0.37073492,-0.079,24.85,-119.75019383333333,36.81458766666667,88.47038153241724,31.6914788509812,-0.8009519311254059,Before Launch
851,2025-03-20 01:56:45,36.614,1.3287402000000001,1.12,24.846,-119.75019383333333,36.81458766666667,88.36423292555341,26.35138546080085,-0.6273608852413765,Before Launch
852,2025-03-20 01:56:45,36.658,0.37073492,-0.096,24.85,-119.75019383333333,36.81458766666667,88.33285575311831,27.229704528031505,-0.6779203644966683,Before Launch
853,2025-03-20 01:56:45,36.703,1.21719164,1.238,24.848,-119.75019383333333,36.81458766666667,87.82810634007105,22.50861129875033,-0.6860651206181065,Before Launch
854,2025-03-20 01:56:45,36.745,0.48884516,0.583,24.848,-119.75019383333333,36.81458766666667,87.68717490727165,20.460363658753028,-0.663379251001923,Before Launch
855,2025-03-20 01:56:45,36.788,0.37073492,0.349,24.855,-119.75019383333333,36.81458766666667,87.25691746460816,17.42457619558463,-0.6884232484008098,Before Launch
856,2025-03-20 01:56:45,36.83,1.3287402000000001,0.461,24.846,-119.75019383333333,36.81458766666667,87.0266053813772,14.332859966280651,-0.6569308177802431,Before Launch
857,2025-03-20 01:56:45,36.873,1.81430452,0.782,24.843,-119.75019383333333,36.81458766666667,86.77806537425057,9.238038127605005,-0.2733736042998586,Before Launch
858,2025-03-20 01:56:45,36.915,0.73490816,1.016,24.85,-119.75019383333333,36.81458766666667,86.66144776931986,7.406666750450857,-0.20453686938760554,Before Launch
859,2025-03-20 01:56:45,36.958,1.93241476,1.558,24.84,-119.75019383333333,36.81458766666667,86.5915438106368,5.815430446227944,-0.272358103057549,Before Launch
860,2025-03-20 01:56:45,37.0,0.8595800800000001,0.912,24.855,-119.75019383333333,36.81458766666667,86.64822303346298,5.997496039156614,-0.29110897768190286,Before Launch
861,2025-03-20 01:56:45,37.042,1.94553812,1.807,24.848,-119.75019383333333,36.81458766666667,86.73717193758422,6.055436516190787,-0.34772069950339085,Before Launch
862,2025-03-20 01:56:45,37.085,1.56824152,1.026,24.84,-119.75019383333333,36.81458766666667,86.7591490820603,5.989307372187414,-0.37105093914852044,Before Launch
863,2025-03-20 01:56:45,37.128,2.542651,1.468,24.843,-119.75019383333333,36.81458766666667,86.79256020253992,5.868226233624926,-0.36545352985226787,Before Launch
864,2025-03-20 01:56:45,37.172,1.22375332,2.493,24.853,-119.75019383333333,36.81458766666667,86.78953144454916,5.728761086773336,-0.3530884387631793,Before Launch
865,2025-03-20 01:56:45,37.216,0.23622047999999998,0.0,24.846,-119.75019383333333,36.81458766666667,86.83305280569645,5.05123899700756,-0.3225615189808595,Before Launch
866,2025-03-20 01:56:45,37.26,0.01968504,-1.659,24.858,-119.75019416666666,36.81458816666667,86.81466030315957,4.723477372226414,-0.28309424422629764,Before Launch
867,2025-03-20 01:56:45,37.302,0.60039372,0.0,24.846,-119.75019416666666,36.81458816666667,86.77830862158045,4.049716356100577,-0.23690595043792576,Before Launch
868,2025-03-20 01:56:45,37.345,0.49540683999999996,0.576,24.855,-119.75019416666666,36.81458816666667,86.76818641740704,3.7648851883560885,-0.24165164337330194,Before Launch
869,2025-03-20 01:56:45,37.387,0.7480315200000001,0.137,24.858,-119.75019416666666,36.81458816666667,86.75224769928572,3.669661344590557,-0.20247038959831054,Before Launch
870,2025-03-20 01:56:46,37.43,1.69291344,0.452,24.846,-119.75019416666666,36.81458816666667,86.76538831701282,3.4882438120096677,-0.2014787076428749,Before Launch
871,2025-03-20 01:56:46,37.472,0.73490816,0.0,24.85,-119.75019416666666,36.81458816666667,86.81550455779433,3.1459649245175845,-0.22327618111647,Before Launch
872,2025-03-20 01:56:46,37.515,0.2624672,-0.324,24.86,-119.75019416666666,36.81458816666667,86.8084049137769,3.3133236123678493,-0.21222892195953688,Before Launch
873,2025-03-20 01:56:46,37.558,1.34186356,0.561,24.853,-119.75019416666666,36.81458816666667,86.6686985942032,3.8518856015794665,-0.2321031517678682,Before Launch
874,2025-03-20 01:56:46,37.6,0.8595800800000001,-0.77,24.855,-119.75019416666666,36.81458816666667,86.3604712397328,4.810091293355315,-0.343943624659609,Before Launch
875,2025-03-20 01:56:46,37.643,0.7480315200000001,0.351,24.858,-119.75019416666666,36.81458816666667,85.8428538658105,6.491666089325797,0.3197935896109286,Before Launch
876,2025-03-20 01:56:46,37.686,0.62664044,-0.655,24.858,-119.75019416666666,36.81458816666667,85.50196251142195,7.256360318913998,0.6127451840269715,Before Launch
877,2025-03-20 01:56:46,37.728,1.11220476,0.693,24.858,-119.75019416666666,36.81458816666667,85.54347706668173,5.880077830902015,0.1715458216134389,Before Launch
878,2025-03-20 01:56:46,37.771,0.7480315200000001,-0.439,24.858,-119.75019416666666,36.81458816666667,85.64671118887573,5.380595266395112,0.05746295695956734,Before Launch
879,2025-03-20 01:56:46,37.813,0.62664044,0.129,24.855,-119.75019416666666,36.81458816666667,85.99301818348806,4.542089580707373,-0.36848658654354316,Before Launch
880,2025-03-20 01:56:46,37.856,0.01968504,-0.329,24.858,-119.75019416666666,36.81458816666667,86.18312534271699,4.191627806159863,-0.5850894794434438,Before Launch
881,2025-03-20 01:56:46,37.899,-0.10170604,-1.338,24.86,-119.75019416666666,36.81458816666667,85.98942002054638,4.179724150551043,-0.6423920795531096,Before Launch
882,2025-03-20 01:56:46,37.942,2.45078748,0.595,24.858,-119.75019416666666,36.81458816666667,85.94340256561844,3.9033887966024974,-0.6510894297138257,Before Launch
883,2025-03-20 01:56:46,37.984,0.38713912,-0.325,24.865,-119.75019416666666,36.81458816666667,85.6752963904263,4.744118660455041,-0.6010572068955105,Before Launch
884,2025-03-20 01:56:46,38.027,1.22375332,-0.663,24.855,-119.75019416666666,36.81458816666667,85.58514644512744,4.765313114272936,-0.6886319350788156,Before Launch
885,2025-03-20 01:56:46,38.069,0.14435695999999998,-0.669,24.863,-119.75019416666666,36.81458816666667,85.43466560535072,-0.19964008805100963,-0.117823991337425,Before Launch
886,2025-03-20 01:56:46,38.112,-0.34120735999999996,-2.137,24.865,-119.75019416666666,36.81458816666667,85.38082636245541,-3.297365696209245,0.1903527021564824,Before Launch
887,2025-03-20 01:56:46,38.154,-0.09514436,-1.556,24.868,-119.75019416666666,36.81458816666667,85.49574897146249,-4.224643898733095,0.3263224961201773,Before Launch
888,2025-03-20 01:56:46,38.197,0.63320212,-1.786,24.863,-119.75019416666666,36.81458816666667,85.66541647892812,-2.3072599093317945,0.2526663385812723,Before Launch
889,2025-03-20 01:56:46,38.239,-0.81036748,-1.906,24.875,-119.75019416666666,36.81458816666667,85.93523817109113,0.43767871908485323,0.047917296570792633,Before Launch
890,2025-03-20 01:56:46,38.282,-0.57086616,-0.757,24.87,-119.75019833333333,36.8145865,86.06438835853511,2.7021457055153646,-0.1192714008534278,Before Launch
891,2025-03-20 01:56:46,38.325,-0.20669292,-0.213,24.87,-119.75019833333333,36.8145865,86.2439501904024,5.613257119649628,-0.30017005311249967,Before Launch
892,2025-03-20 01:56:46,38.367,0.9973753599999999,0.373,24.868,-119.75019833333333,36.8145865,86.20501054179886,7.190329084642702,-0.4646668683730255,Before Launch
893,2025-03-20 01:56:46,38.41,-0.20341208,-0.656,24.878,-119.75019833333333,36.8145865,86.07820238732802,9.500695956835695,-0.6051214508548811,Before Launch
894,2025-03-20 01:56:47,38.452,0.16404200000000002,-0.548,24.878,-119.75019833333333,36.8145865,86.03778091159418,10.22270009410789,-0.6771303886700485,Before Launch
895,2025-03-20 01:56:47,38.495,-0.08202100000000001,-1.667,24.875,-119.75019833333333,36.8145865,85.97119279644097,10.488297408411343,-0.7373402624876714,Before Launch
896,2025-03-20 01:56:47,38.538,0.52165356,-0.2,24.865,-119.75019833333333,36.8145865,85.95833643484288,10.762626567342046,-0.7946916981635116,Before Launch
897,2025-03-20 01:56:47,38.588,-0.57086616,-0.777,24.87,-119.75019833333333,36.8145865,86.00283420616223,11.060819928421903,-0.7965047207552068,Before Launch
898,2025-03-20 01:56:47,38.631,0.28215224,-0.988,24.875,-119.75019833333333,36.8145865,86.03009982606636,10.898705114617663,-0.7918563725607903,Before Launch
899,2025-03-20 01:56:47,38.675,1.61417328,0.702,24.87,-119.75019833333333,36.8145865,85.9571120853223,10.98779277380621,-0.8501241501662231,Before Launch
900,2025-03-20 01:56:47,38.718,0.16404200000000002,-0.543,24.878,-119.75019833333333,36.8145865,85.70649141695834,10.338545087644595,-0.8015147567622684,Before Launch
901,2025-03-20 01:56:47,38.761,-0.3116798,-0.873,24.88,-119.75019833333333,36.8145865,85.67416908920376,10.61349355315656,-0.7164323497728691,Before Launch
902,2025-03-20 01:56:47,38.803,-0.06889764000000001,-1.099,24.883,-119.75019833333333,36.8145865,85.97304127113827,10.54384494166223,-0.8162561375290703,Before Launch
903,2025-03-20 01:56:47,38.846,0.41666668,-0.308,24.88,-119.75019833333333,36.8145865,85.99253934941596,9.705542559596825,-0.8358620317608975,Before Launch
904,2025-03-20 01:56:47,38.889,0.8858268,0.241,24.87,-119.75019833333333,36.8145865,86.03716589525938,9.497760725113888,-0.8859454421893852,Before Launch
905,2025-03-20 01:56:47,38.931,-0.3116798,-0.308,24.88,-119.75019833333333,36.8145865,86.02890904427261,7.799440058546873,-0.8057705547988414,Before Launch
906,2025-03-20 01:56:47,38.974,-0.20341208,-0.095,24.878,-119.75019833333333,36.8145865,86.27726272287117,8.317845393677185,-0.8982941100534592,Before Launch
907,2025-03-20 01:56:47,39.016,0.41666668,-1.894,24.883,-119.75019833333333,36.8145865,86.38544287730312,8.705748783891405,-0.8029591979258139,Before Launch
908,2025-03-20 01:56:47,39.059,0.89238848,0.47,24.878,-119.75019833333333,36.8145865,86.45449193855829,10.593832620899303,-0.9120921138071074,Before Launch
909,2025-03-20 01:56:47,39.101,0.05249344,-1.091,24.88,-119.75019833333333,36.8145865,86.46524099017498,12.150575358069025,-1.0222851202658405,Before Launch
910,2025-03-20 01:56:47,39.144,0.3116798,0.156,24.883,-119.75019833333333,36.8145865,86.55306959897263,15.66111207490981,-1.0934718236812875,Before Launch
911,2025-03-20 01:56:47,39.186,0.78412076,1.048,24.888,-119.75019833333333,36.8145865,86.65482543351898,17.990131982901364,-1.1550405571115434,Before Launch
912,2025-03-20 01:56:47,39.228,1.25656172,1.259,24.878,-119.75019833333333,36.8145865,86.78391852268831,21.76608483938213,-1.3443908912944504,Before Launch
913,2025-03-20 01:56:47,39.271,0.41994752,-0.199,24.888,-119.750202,36.8145845,86.85299192811138,22.942076793583663,-1.4018245005709584,Before Launch
914,2025-03-20 01:56:47,39.313,1.38779532,2.047,24.883,-119.750202,36.8145845,87.02098682415364,24.982229204621486,-1.4936567880214173,Before Launch
915,2025-03-20 01:56:47,39.356,1.14501316,1.598,24.88,-119.750202,36.8145845,87.07857993867256,25.832437683380345,-1.5716948764584862,Before Launch
916,2025-03-20 01:56:47,39.398,1.2696850800000001,1.376,24.885,-119.750202,36.8145845,87.24787877652521,27.03766236001171,-1.4753340949861373,Before Launch
917,2025-03-20 01:56:48,39.441,0.65944884,-0.315,24.883,-119.750202,36.8145845,87.31536775447451,27.454922787235233,-1.4202443147684807,Before Launch
918,2025-03-20 01:56:48,39.483,1.14501316,1.257,24.88,-119.750202,36.8145845,87.27406375823163,31.378215708629444,-1.439978994697732,Before Launch
919,2025-03-20 01:56:48,39.526,1.04002628,0.816,24.89,-119.750202,36.8145845,87.19747939689563,33.452707227436974,-1.4499331563356457,Before Launch
920,2025-03-20 01:56:48,39.568,0.5413386,0.581,24.883,-119.750202,36.8145845,87.29841070028526,35.49011304514993,-1.6135532301810616,Before Launch
921,2025-03-20 01:56:48,39.61,0.41994752,-0.095,24.888,-119.750202,36.8145845,87.46534264492846,36.147355837239594,-1.8482552171118283,Before Launch
922,2025-03-20 01:56:48,39.653,0.41994752,0.93,24.888,-119.750202,36.8145845,87.71439852968751,35.92607836049826,-1.801202240445839,Before Launch
923,2025-03-20 01:56:48,39.695,0.67913388,0.373,24.898,-119.750202,36.8145845,87.78861000663491,34.66645534103144,-1.5686015365085566,Before Launch
924,2025-03-20 01:56:48,39.738,-0.29527559999999997,-1.796,24.895,-119.750202,36.8145845,88.87585435929465,50.58845612089402,-1.2198736981711604,Before Launch
925,2025-03-20 01:56:48,39.78,0.3116798,0.139,24.89,-119.750202,36.8145845,89.2987889133654,53.43922410967871,-1.0368394814753974,Before Launch
926,2025-03-20 01:56:48,39.823,0.78412076,1.032,24.888,-119.750202,36.8145845,91.22192626099032,99.40767277031237,-0.5423708094243752,Before Launch
927,2025-03-20 01:56:48,39.865,-0.05577428,0.012,24.89,-119.750202,36.8145845,91.73760600894232,119.54211919705217,-0.3454354227885714,Before Launch
928,2025-03-20 01:56:48,39.908,-0.65944884,-1.013,24.895,-119.750202,36.8145845,91.64034269769874,140.56980227118586,-0.01175936526004856,Before Launch
929,2025-03-20 01:56:48,39.95,-0.53805776,-1.342,24.893,-119.750202,36.8145845,91.63352192390379,149.3978033497431,-0.2409133503233262,Before Launch
930,2025-03-20 01:56:48,39.992,-0.29527559999999997,0.015,24.893,-119.750202,36.8145845,91.58302555930513,-8.859544115328823,-0.028449263780848874,Before Launch
931,2025-03-20 01:56:48,40.035,0.19028872,0.371,24.893,-119.750202,36.8145845,91.523212277893,-44.623410621782746,0.4196156410348305,Before Launch
932,2025-03-20 01:56:48,40.077,0.6758530399999999,0.244,24.89,-119.750202,36.8145845,91.40054849135525,-85.36952678108264,1.3386831561141277,Before Launch
933,2025-03-20 01:56:48,40.119,0.67913388,-0.201,24.893,-119.750202,36.8145845,91.31817646180814,-96.91199031670442,1.575540935159236,Before Launch
934,2025-03-20 01:56:48,40.162,0.5413386,0.461,24.885,-119.750202,36.8145845,91.15587998749487,-108.4804365615321,1.850648426725546,Before Launch
935,2025-03-20 01:56:48,40.204,0.43307088,0.115,24.895,-119.750202,36.8145845,91.183633013595,-112.13514212000004,1.9914086884477558,Before Launch
936,2025-03-20 01:56:48,40.247,0.19356956,-0.557,24.9,-119.750202,36.8145845,91.15770396818455,-116.33727019081354,2.037678127259546,Before Launch
937,2025-03-20 01:56:48,40.289,0.5577428,-0.659,24.9,-119.750202,36.8145845,91.10846656580446,-116.57601588563858,2.0488358323702953,Before Launch
938,2025-03-20 01:56:48,40.332,0.44947508,0.028,24.903,-119.750202,36.8145845,90.97801347021391,-116.67919797643309,2.0206740202761426,Before Launch
939,2025-03-20 01:56:48,40.374,-0.53477692,-1.812,24.9,-119.75020666666667,36.814582333333334,90.88029303927303,-117.11381169905182,1.9064386953216046,Before Launch
940,2025-03-20 01:56:49,40.417,0.08530183999999999,-0.999,24.903,-119.75020666666667,36.814582333333334,90.40872707991994,-117.04400128796267,1.7416010664252477,Before Launch
941,2025-03-20 01:56:49,40.459,1.30249348,0.031,24.908,-119.75020666666667,36.814582333333334,90.40120016953021,-117.87590789136105,1.6996977552181574,Before Launch
942,2025-03-20 01:56:49,40.502,-0.50524936,-1.098,24.915,-119.75020666666667,36.814582333333334,90.70759822913999,-120.5399531126513,1.6258907565323746,Before Launch
943,2025-03-20 01:56:49,40.544,0.69225724,-0.427,24.913,-119.75020666666667,36.814582333333334,90.75502379277435,-122.07711936524575,1.56200248955854,Before Launch
944,2025-03-20 01:56:49,40.587,0.7053806,-0.315,24.913,-119.75020666666667,36.814582333333334,90.63523348024674,-116.99051982929817,1.4273161516658472,Before Launch
945,2025-03-20 01:56:49,40.629,0.58727036,0.043,24.915,-119.75020666666667,36.814582333333334,90.53787593959223,-113.42873703517938,1.4218339448057262,Before Launch
946,2025-03-20 01:56:49,40.672,0.20997376,-0.198,24.908,-119.75020666666667,36.814582333333334,90.25305277651137,-108.98006665296055,1.2775075503115039,Before Launch
947,2025-03-20 01:56:49,40.715,-0.74475068,-1.097,24.92,-119.75020666666667,36.814582333333334,90.09475694540394,-107.72629493149408,1.1194622476171017,Before Launch
948,2025-03-20 01:56:49,40.757,0.45275592000000003,-0.213,24.91,-119.75020666666667,36.814582333333334,89.81809341475714,-108.46628838718183,0.8746365052191036,Before Launch
949,2025-03-20 01:56:49,40.8,-0.75131236,-0.429,24.905,-119.75020666666667,36.814582333333334,89.63884948842211,-108.50334104651074,0.778520465349773,Before Launch
950,2025-03-20 01:56:49,40.843,0.08858268,-0.21,24.91,-119.75020666666667,36.814582333333334,89.57606648349125,-100.00799856139918,0.6638847200730588,Before Launch
951,2025-03-20 01:56:49,40.886,0.58727036,-0.185,24.915,-119.75020666666667,36.814582333333334,89.34767656364129,-86.7459501755033,0.6516162334947407,Before Launch
952,2025-03-20 01:56:49,40.937,0.9383202399999999,0.927,24.908,-119.75020666666667,36.814582333333334,88.7691040374454,-56.30380184820687,0.46291780438016356,Before Launch
953,2025-03-20 01:56:49,40.98,0.22309712,0.823,24.915,-119.75020666666667,36.814582333333334,88.16261559203794,-33.46218675082682,0.5385668840886414,Before Launch
954,2025-03-20 01:56:49,41.024,0.7053806,1.158,24.913,-119.75020666666667,36.814582333333334,87.83308345890762,-25.889915914125424,0.4481804443368885,Before Launch
955,2025-03-20 01:56:49,41.068,-0.27559056000000004,0.018,24.91,-119.75020666666667,36.814582333333334,87.59352314897865,-16.718591029966895,0.3904961112293225,Before Launch
956,2025-03-20 01:56:49,41.112,1.5452756399999998,1.258,24.91,-119.75020666666667,36.814582333333334,87.27224170633801,-14.060986150551361,0.4431976302143323,Before Launch
957,2025-03-20 01:56:49,41.155,0.44947508,-0.21,24.91,-119.75020666666667,36.814582333333334,86.78596732278707,-10.513709078899232,0.4440925796447948,Before Launch
958,2025-03-20 01:56:49,41.197,0.45275592000000003,-0.21,24.91,-119.75020666666667,36.814582333333334,86.59918249346379,-8.471964044356987,0.41364035285520584,Before Launch
959,2025-03-20 01:56:49,41.24,1.1811023999999999,0.593,24.91,-119.75020666666667,36.814582333333334,86.35484306781925,-7.428495852786855,0.45954772408032785,Before Launch
960,2025-03-20 01:56:49,41.282,-0.14107612,-0.533,24.915,-119.75020983333333,36.81458083333333,86.3426369235556,-6.961853713730726,0.509998647467119,Before Launch
961,2025-03-20 01:56:49,41.325,0.08858268,-0.097,24.91,-119.75020983333333,36.81458083333333,86.36655739227001,-5.3082522005418,0.48585380310592285,Before Launch
962,2025-03-20 01:56:49,41.368,1.4370079199999999,0.815,24.913,-119.75020983333333,36.81458083333333,86.25619518761488,-4.638212142303273,0.46591777883765073,Before Launch
963,2025-03-20 01:56:49,41.41,1.8044620000000002,1.257,24.92,-119.75020983333333,36.81458083333333,86.15388885771648,-4.086709241260809,0.512957199980349,Before Launch
964,2025-03-20 01:56:50,41.453,1.4370079199999999,1.827,24.913,-119.75020983333333,36.81458083333333,86.05919813053428,-4.803851394247605,0.4397544082527066,Before Launch
965,2025-03-20 01:56:50,41.495,0.71194228,0.581,24.92,-119.75020983333333,36.81458083333333,85.83316176068762,-7.263036351684471,0.4022305278302486,Before Launch
966,2025-03-20 01:56:50,41.538,0.22309712,-1.0,24.915,-119.75020983333333,36.81458083333333,85.93999274774278,-9.362060128015816,0.35288109570168635,Before Launch
967,2025-03-20 01:56:50,41.58,1.1811023999999999,1.564,24.91,-119.75020983333333,36.81458083333333,86.11189456323352,-12.629666030746778,0.43034565249478884,Before Launch
968,2025-03-20 01:56:50,41.623,0.83005252,0.128,24.918,-119.75020983333333,36.81458083333333,86.23732523055274,-13.509895219064326,0.5758203970632444,Before Launch
969,2025-03-20 01:56:50,41.665,0.34776904,-0.332,24.92,-119.75020983333333,36.81458083333333,86.58874877964686,-14.325202028242856,0.845323967035883,Before Launch
970,2025-03-20 01:56:50,41.708,-0.0164042,-0.559,24.913,-119.75020983333333,36.81458083333333,86.65099171673447,-10.717783569071411,0.749983754640388,Before Launch
971,2025-03-20 01:56:50,41.75,0.9547244399999999,0.691,24.923,-119.75020983333333,36.81458083333333,86.73537908999263,-6.287890758947979,0.5855210368459618,Before Launch
972,2025-03-20 01:56:50,41.792,0.22637796000000002,0.902,24.923,-119.75020983333333,36.81458083333333,86.59194136535778,-5.01429718061517,0.5109143126391716,Before Launch
973,2025-03-20 01:56:50,41.835,0.22637796000000002,-0.21,24.918,-119.75020983333333,36.81458083333333,86.21813572459111,-3.8517923565017287,0.2194523119654651,Before Launch
974,2025-03-20 01:56:50,41.878,-0.38057744,0.344,24.92,-119.75020983333333,36.81458083333333,86.11602065594985,-6.549454372361286,0.34108276812496496,Before Launch
975,2025-03-20 01:56:50,41.92,1.68635176,1.484,24.923,-119.75020983333333,36.81458083333333,86.25127189920501,-11.827060917809796,0.8251662236083886,Before Launch
976,2025-03-20 01:56:50,41.963,-0.50196852,-1.011,24.923,-119.75020983333333,36.81458083333333,86.36858059831097,-14.664733093032906,0.852362391395582,Before Launch
977,2025-03-20 01:56:50,42.006,0.6069554,-0.31,24.93,-119.75020983333333,36.81458083333333,86.67282260045802,-18.52591146754848,1.0895589845172082,Before Launch
978,2025-03-20 01:56:50,42.049,-0.48556432,-0.663,24.93,-119.75020983333333,36.81458083333333,86.74921172908068,-19.52689929961534,1.1679375600168505,Before Launch
979,2025-03-20 01:56:50,42.092,0.3608924,-0.323,24.93,-119.75020983333333,36.81458083333333,86.77699953635812,-18.97655319330415,1.217538446057959,Before Launch
980,2025-03-20 01:56:50,42.134,0.3608924,0.597,24.928,-119.75020983333333,36.81458083333333,86.78647329344409,-16.54370537949663,1.1303533649363597,Before Launch
981,2025-03-20 01:56:50,42.177,0.24278216,-1.223,24.93,-119.75020983333333,36.81458083333333,87.04802063072934,-11.846121190417072,0.9134667035694444,Before Launch
982,2025-03-20 01:56:50,42.22,-0.6069554,-0.992,24.93,-119.75020983333333,36.81458083333333,87.14221257279644,-9.724582766974699,0.7457145065933559,Before Launch
983,2025-03-20 01:56:50,42.263,0.9842519999999999,0.499,24.938,-119.7502125,36.81458,87.20999418781513,-5.322101868732269,0.3765022983517214,Before Launch
984,2025-03-20 01:56:50,42.306,0.62007876,-0.526,24.938,-119.7502125,36.81458,87.21189631134187,-3.954345537991986,0.06142289373232393,Before Launch
985,2025-03-20 01:56:50,42.356,-0.00328084,0.128,24.928,-119.7502125,36.81458,87.76439683064223,-3.2220789487610064,0.09536209727651063,Before Launch
986,2025-03-20 01:56:50,42.4,0.9842519999999999,0.833,24.938,-119.7502125,36.81458,88.03785580600089,-6.949881250027238,0.30950670319831486,Before Launch
987,2025-03-20 01:56:51,42.443,-0.95800528,-2.228,24.94,-119.7502125,36.81458,88.5985381959112,-14.229313814335299,0.2795809576774419,Before Launch
988,2025-03-20 01:56:51,42.485,0.84973756,-0.888,24.933,-119.7502125,36.81458,88.51671333474133,-30.11877828129144,0.7444719898738921,Before Launch
989,2025-03-20 01:56:51,42.527,1.46981632,0.031,24.935,-119.7502125,36.81458,88.38219180472751,-35.58688350897721,0.5961133726437264,Before Launch
990,2025-03-20 01:56:51,42.57,0.738189,0.024,24.935,-119.7502125,36.81458,87.76728773707597,-49.1202274679137,0.4210320928540582,Before Launch
991,2025-03-20 01:56:51,42.612,2.06364836,1.714,24.93,-119.7502125,36.81458,86.83056980162691,-53.20668407038466,-0.0723905330477167,Before Launch
992,2025-03-20 01:56:51,42.655,0.24278216,-0.873,24.93,-119.7502125,36.81458,86.05053990725176,-55.70690560564829,-0.8877138064259097,Before Launch
993,2025-03-20 01:56:51,42.697,0.738189,-0.086,24.935,-119.7502125,36.81458,86.66965078020345,-51.35273948909,-1.175178660007865,Before Launch
994,2025-03-20 01:56:51,42.74,0.00984252,-0.314,24.935,-119.7502125,36.81458,83.34999282400099,-40.46925578032755,0.2956265841282175,Before Launch
995,2025-03-20 01:56:51,42.782,0.62007876,0.593,24.94,-119.7502125,36.81458,83.13155126892376,-30.848471156285505,0.5723218681222726,Before Launch
996,2025-03-20 01:56:51,42.824,-0.12139108,-1.002,24.93,-119.7502125,36.81458,81.95757185591354,-18.08971792085738,0.6986207199614316,Before Launch
997,2025-03-20 01:56:51,42.867,1.8372704000000002,1.499,24.943,-119.7502125,36.81458,81.35430985460154,-10.391124726002223,0.760912044690183,Before Launch
998,2025-03-20 01:56:51,42.91,1.3353018799999998,1.032,24.938,-119.7502125,36.81458,79.67615225089105,-0.827841620440017,-0.8287892666530501,Before Launch
999,2025-03-20 01:56:51,42.952,0.0164042,0.37,24.943,-119.7502125,36.81458,79.11145373619668,4.141927652170253,-1.4916280899271261,Before Launch
1000,2025-03-20 01:56:51,42.995,0.0164042,-1.553,24.943,-119.7502125,36.81458,75.58576606967824,7.097053585002405,-1.5952274673198232,Before Launch
1001,2025-03-20 01:56:51,43.037,-0.71194228,-0.196,24.938,-119.7502125,36.81458,73.98885057926988,7.560435524201461,-1.3049881192425428,Before Launch
1002,2025-03-20 01:56:51,43.08,-0.47244095999999997,-1.005,24.938,-119.7502125,36.81458,70.62210647965217,9.005240178272246,-2.7110781757755524,Before Launch
1003,2025-03-20 01:56:51,43.122,0.86286092,1.257,24.94,-119.7502125,36.81458,67.6864156577307,8.803800301198555,-3.3622328491377003,Before Launch
1004,2025-03-20 01:56:51,43.165,0.49868767999999997,0.128,24.94,-119.7502125,36.81458,63.98044963275288,4.858404487630947,-1.3755469524657193,Before Launch
1005,2025-03-20 01:56:51,43.207,0.49868767999999997,0.128,24.94,-119.7502125,36.81458,62.38849432333027,1.9443819490903915,0.23163051679469415,Before Launch
1006,2025-03-20 01:56:51,43.249,0.26902888,0.024,24.945,-119.7502125,36.81458,60.348450154934,-1.85393563290415,2.4043197016360036,Before Launch
1007,2025-03-20 01:56:51,43.292,-0.34776904,0.242,24.943,-119.7502135,36.8145795,58.87166593772487,-2.950133916450021,3.1778484081076597,Before Launch
1008,2025-03-20 01:56:51,43.334,0.74475068,-0.224,24.94,-119.7502135,36.8145795,55.32168961597038,-3.507537371401463,3.2136188202620573,Before Launch
1009,2025-03-20 01:56:51,43.377,0.86286092,0.227,24.94,-119.7502135,36.8145795,54.27269334682268,-3.4184815982712737,2.921894498866116,Before Launch
1010,2025-03-20 01:56:52,43.419,0.63320212,0.599,24.945,-119.7502135,36.8145795,53.48897944061951,-2.7304187029324094,2.3344959167403747,Before Launch
1011,2025-03-20 01:56:52,43.462,1.24343836,0.244,24.933,-119.7502135,36.8145795,53.408076137777904,-2.262635434980325,2.2724905484798223,Before Launch
1012,2025-03-20 01:56:52,43.512,0.15091864,1.037,24.948,-119.7502135,36.8145795,53.307967483359285,-1.5334612759344948,2.073265782498102,Before Launch
1013,2025-03-20 01:56:52,43.557,0.86286092,0.012,24.94,-119.7502135,36.8145795,53.233630035966904,-1.2510489350718155,2.1113093269052774,Before Launch
1014,2025-03-20 01:56:52,43.599,0.86286092,-0.566,24.94,-119.7502135,36.8145795,52.93469361347715,-1.2111652948914737,2.0303743016366,Before Launch
1015,2025-03-20 01:56:52,43.642,0.48556432,-0.236,24.933,-119.7502135,36.8145795,52.646255181893075,-1.624230322509076,2.027512500235943,Before Launch
1016,2025-03-20 01:56:52,43.684,0.97112864,-1.019,24.93,-119.7502135,36.8145795,52.842111434752205,-2.61944625151723,2.020852781261336,Before Launch
1017,2025-03-20 01:56:52,43.727,0.62007876,0.352,24.938,-119.7502135,36.8145795,53.293508534004765,-2.6682857553939154,2.14590160133133,Before Launch
1018,2025-03-20 01:56:52,43.769,1.3484252399999999,0.569,24.938,-119.7502135,36.8145795,53.76504051113991,-2.856083490844349,2.0257102041656223,Before Launch
1019,2025-03-20 01:56:52,43.812,0.49868767999999997,0.456,24.94,-119.7502135,36.8145795,54.4958327885238,-3.2421094518576776,2.388349316458323,Before Launch
1020,2025-03-20 01:56:52,43.854,0.738189,0.11,24.935,-119.7502135,36.8145795,54.87866493348518,-3.50232573448418,2.6894103545340027,Before Launch
1021,2025-03-20 01:56:52,43.897,1.3484252399999999,1.37,24.938,-119.7502135,36.8145795,55.455623543098206,-3.9204497852490263,2.987107917302849,Before Launch
1022,2025-03-20 01:56:52,43.94,-0.09514436,-1.801,24.945,-119.7502135,36.8145795,55.31367653200562,-4.099688940745086,3.083087166097075,Before Launch
1023,2025-03-20 01:56:52,43.982,1.22703416,-0.101,24.94,-119.7502135,36.8145795,54.856635522059406,-3.921604523886283,3.2852929283564025,Before Launch
1024,2025-03-20 01:56:52,44.025,0.38057744,0.339,24.933,-119.7502135,36.8145795,54.56191337346276,-4.062054953335815,3.2283627947338878,Before Launch
1025,2025-03-20 01:56:52,44.067,0.029527559999999998,0.012,24.95,-119.7502135,36.8145795,53.95105610887514,-3.758024516686815,3.4942616599013316,Before Launch
1026,2025-03-20 01:56:52,44.109,0.15091864,0.805,24.948,-119.7502135,36.8145795,53.83840373566877,-3.3877353633954614,3.1708220802696876,Before Launch
1027,2025-03-20 01:56:52,44.152,1.3615485999999999,1.711,24.943,-119.7502135,36.8145795,53.490212608927955,-3.7276136484014386,3.0625303648436697,Before Launch
1028,2025-03-20 01:56:52,44.194,1.10892392,0.23,24.943,-119.7502135,36.8145795,53.067778872724816,-3.624136939669027,3.09870347709555,Before Launch
1029,2025-03-20 01:56:52,44.237,0.6397638,0.132,24.953,-119.7502135,36.8145795,53.17587714490893,-3.734904234103765,3.3754264138020953,Before Launch
1030,2025-03-20 01:56:52,44.28,-0.9448819199999999,-1.345,24.945,-119.750214,36.81457733333333,53.52409315875349,-3.7776488179475054,3.4159711711339096,Before Launch
1031,2025-03-20 01:56:52,44.324,0.9842519999999999,0.665,24.938,-119.750214,36.81457733333333,54.76300605782566,-4.3906988924257435,3.1068016106743683,Before Launch
1032,2025-03-20 01:56:52,44.367,0.029527559999999998,0.351,24.95,-119.750214,36.81457733333333,55.555355589767984,-4.313171502326925,3.11430067840406,Before Launch
1033,2025-03-20 01:56:52,44.409,-1.32217852,-1.923,24.94,-119.750214,36.81457733333333,55.54502826430653,-4.239239170665831,3.1780663682522854,Before Launch
1034,2025-03-20 01:56:53,44.452,-0.09514436,-0.891,24.945,-119.750214,36.81457733333333,55.37105352499307,-3.966341135680673,3.0143978953884907,Before Launch
1035,2025-03-20 01:56:53,44.494,0.029527559999999998,-0.562,24.95,-119.750214,36.81457733333333,55.02332013211002,-3.5011124424896862,2.7442027445723984,Before Launch
1036,2025-03-20 01:56:53,44.537,0.86286092,-0.354,24.94,-119.750214,36.81457733333333,54.90024023787893,-3.332512292240246,2.578955947094884,Before Launch
1037,2025-03-20 01:56:53,44.58,-0.21325460000000002,-0.341,24.948,-119.750214,36.81457733333333,55.338720246159376,-3.17567659069336,2.4297906092956456,Before Launch
1038,2025-03-20 01:56:53,44.622,0.38057744,-0.453,24.943,-119.750214,36.81457733333333,55.58653332858609,-3.1584344537697366,2.449999531516324,Before Launch
1039,2025-03-20 01:56:53,44.665,-0.71194228,-1.477,24.948,-119.750214,36.81457733333333,56.05312904491384,-3.0920216120086814,2.3414269443760114,Before Launch
1040,2025-03-20 01:56:53,44.707,1.59448824,1.041,24.94,-119.750214,36.81457733333333,56.16659283301641,-3.0908626114880637,2.3660044997370613,Before Launch
1041,2025-03-20 01:56:53,44.757,0.49868767999999997,-0.44,24.94,-119.750214,36.81457733333333,56.27019316407729,-3.111974304420095,2.412398997471247,Before Launch
1042,2025-03-20 01:56:53,44.802,0.26902888,-0.327,24.945,-119.750214,36.81457733333333,56.589316688486186,-3.1426273521840846,2.4001757457827577,Before Launch
1043,2025-03-20 01:56:53,44.847,-0.9448819199999999,-2.127,24.948,-119.750214,36.81457733333333,56.75789497586577,-3.2250458943259996,2.4188397916352353,Before Launch
1044,2025-03-20 01:56:53,44.889,-0.21325460000000002,-0.661,24.948,-119.750214,36.81457733333333,56.967813988428865,-3.3689478003956843,2.452285983207905,Before Launch
1045,2025-03-20 01:56:53,44.932,0.74475068,0.006,24.943,-119.750214,36.81457733333333,56.99240396746223,-3.4091308069709716,2.4832679669341684,Before Launch
1046,2025-03-20 01:56:53,44.975,1.3615485999999999,0.012,24.945,-119.750214,36.81457733333333,57.05500058028084,-3.523937034352472,2.4696308373058815,Before Launch
1047,2025-03-20 01:56:53,45.018,0.39370079999999996,0.453,24.95,-119.750214,36.81457733333333,57.100420293844955,-3.5455115008338405,2.4863440019167045,Before Launch
1048,2025-03-20 01:56:53,45.06,-0.574147,-1.671,24.955,-119.750214,36.81457733333333,57.18281932415508,-3.5578605802968832,2.520793586140902,Before Launch
1049,2025-03-20 01:56:53,45.103,0.40682416,0.024,24.958,-119.750214,36.81457733333333,57.225451836010215,-3.6186503198439244,2.5045340199483954,Before Launch
1050,2025-03-20 01:56:53,45.145,-0.9383202399999999,-0.898,24.955,-119.750214,36.81457733333333,57.18612659067757,-3.647133968279275,2.4654516694573956,Before Launch
1051,2025-03-20 01:56:53,45.187,0.042650919999999995,-0.1,24.958,-119.750214,36.81457733333333,57.15149195769355,-3.7786138570257166,2.3806499897823734,Before Launch
1052,2025-03-20 01:56:53,45.23,-0.9383202399999999,-2.133,24.955,-119.750214,36.81457733333333,56.89581826487038,-3.6147318239374155,2.455048136584153,Before Launch
1053,2025-03-20 01:56:53,45.273,0.53149608,-0.535,24.963,-119.7502145,36.81457616666667,56.939197623728795,-3.6193296933787247,2.46041700497065,Before Launch
1054,2025-03-20 01:56:53,45.315,-0.54790028,-1.102,24.968,-119.7502145,36.81457616666667,57.57855898102622,-3.479584474477602,2.4465664274399748,Before Launch
1055,2025-03-20 01:56:53,45.358,-0.31496064,0.584,24.965,-119.7502145,36.81457616666667,57.73791732645296,-2.945218216990164,2.2433050975189803,Before Launch
1056,2025-03-20 01:56:53,45.4,-0.43963256,-1.323,24.96,-119.7502145,36.81457616666667,57.54926528795777,-2.5635532112839363,1.8236615839074688,Before Launch
1057,2025-03-20 01:56:54,45.443,0.30183728,0.253,24.963,-119.7502145,36.81457616666667,57.226295969561725,-2.526431027713329,1.6749638692590747,Before Launch
1058,2025-03-20 01:56:54,45.486,0.54790028,1.736,24.97,-119.7502145,36.81457616666667,57.03124750305354,-2.4795494859240907,1.517854609148559,Before Launch
1059,2025-03-20 01:56:54,45.529,0.062335959999999996,0.146,24.97,-119.7502145,36.81457616666667,57.50430864357378,-2.36619356788484,1.6770095992082599,Before Launch
1060,2025-03-20 01:56:54,45.579,-0.54790028,-0.532,24.97,-119.7502145,36.81457616666667,57.70947830321336,-2.554249560162718,1.9227666291273562,Before Launch
1061,2025-03-20 01:56:54,45.622,-0.062335959999999996,-0.853,24.968,-119.7502145,36.81457616666667,57.68084833053571,-2.8783436457008755,2.1839349654777145,Before Launch
1062,2025-03-20 01:56:54,45.665,-0.54790028,-0.308,24.97,-119.7502145,36.81457616666667,57.49968675820148,-2.9781322964330514,2.251046200001943,Before Launch
1063,2025-03-20 01:56:54,45.708,-1.38123364,-1.622,24.98,-119.7502145,36.81457616666667,57.181590991466784,-3.3667819137388144,2.343697832926205,Before Launch
1064,2025-03-20 01:56:54,45.751,0.062335959999999996,0.713,24.973,-119.7502145,36.81457616666667,57.47382710662488,-3.64589420133933,2.275552422743973,Before Launch
1065,2025-03-20 01:56:54,45.795,0.19685039999999998,-1.285,24.978,-119.7502145,36.81457616666667,57.910632706519706,-3.7114805922940897,2.412259091686933,Before Launch
1066,2025-03-20 01:56:54,45.838,0.07545932,-0.392,24.98,-119.7502145,36.81457616666667,58.09978717640551,-3.7933818933837986,2.421211200413804,Before Launch
1067,2025-03-20 01:56:54,45.881,-1.1515748399999999,-1.317,24.975,-119.7502145,36.81457616666667,58.21003557935211,-3.773955848997793,2.52528860860369,Before Launch
1068,2025-03-20 01:56:54,45.923,-0.53149608,0.384,24.978,-119.7502145,36.81457616666667,58.195531460360435,-3.753376866113187,2.5704387151826196,Before Launch
1069,2025-03-20 01:56:54,45.966,-0.52821524,-0.292,24.983,-119.7502145,36.81457616666667,58.12755883178832,-3.7902621361743423,2.5139281330657353,Before Launch
1070,2025-03-20 01:56:54,46.008,-0.059055119999999996,-0.747,24.975,-119.7502145,36.81457616666667,58.081908343727676,-3.807611891400998,2.5070242689307087,Before Launch
1071,2025-03-20 01:56:54,46.051,1.0498688,-0.29,24.983,-119.7502145,36.81457616666667,58.13110825553043,-3.79103216864085,2.5043460098227155,Before Launch
1072,2025-03-20 01:56:54,46.093,-1.49934388,-1.761,24.983,-119.7502145,36.81457616666667,58.14863481938035,-3.731515400345041,2.5207686229988964,Before Launch
1073,2025-03-20 01:56:54,46.136,0.43963256,0.942,24.98,-119.7502145,36.81457616666667,58.186131993539206,-3.5962546409614697,2.481157033640742,Before Launch
1074,2025-03-20 01:56:54,46.178,-0.28215224,-0.641,24.988,-119.7502145,36.81457616666667,58.1070196357651,-3.5856622910486116,2.465178873644976,Before Launch
1075,2025-03-20 01:56:54,46.221,-0.89238848,0.043,24.985,-119.7502145,36.81457616666667,57.88412285447294,-3.6888271539086763,2.4336583983993663,Before Launch
1076,2025-03-20 01:56:54,46.263,-0.40682416,-0.418,24.983,-119.7502145,36.81457616666667,57.803779762608805,-3.6758876327096712,2.4330384875149864,Before Launch
1077,2025-03-20 01:56:54,46.306,0.56430448,1.396,24.985,-119.7502145,36.81457616666667,57.89973536193383,-3.6812275617907835,2.440613633603137,Before Launch
1078,2025-03-20 01:56:54,46.348,-0.7709973999999999,-1.212,24.983,-119.75020916666666,36.814579,57.95498525535556,-3.727388023396119,2.495909951634387,Before Launch
1079,2025-03-20 01:56:54,46.39,0.08202100000000001,0.586,24.983,-119.75020916666666,36.814579,57.940426229264204,-3.881875549756919,2.4986323086180273,Before Launch
1080,2025-03-20 01:56:55,46.433,0.08202100000000001,0.369,24.988,-119.75020916666666,36.814579,57.91469299073773,-3.9238172180434057,2.5089759906757894,Before Launch
1081,2025-03-20 01:56:55,46.475,-0.18372704,0.238,24.97,-119.75020916666666,36.814579,57.895102829010405,-3.9072598700855483,2.5053028791711665,Before Launch
1082,2025-03-20 01:56:55,46.518,-0.75787404,-0.986,24.983,-119.75020916666666,36.814579,57.89096512001608,-3.8738999455203604,2.536100057487654,Before Launch
1083,2025-03-20 01:56:55,46.56,-0.64632548,-1.112,24.988,-119.75020916666666,36.814579,57.86156619317228,-3.839167380098739,2.5208568491993977,Before Launch
1084,2025-03-20 01:56:55,46.602,-0.39370079999999996,-0.425,24.99,-119.75020916666666,36.814579,57.86634376982714,-3.8226747721067236,2.5107531788892206,Before Launch
1085,2025-03-20 01:56:55,46.645,-0.40682416,0.132,24.983,-119.75020916666666,36.814579,57.79474648178518,-3.827062971325027,2.4606778432056187,Before Launch
1086,2025-03-20 01:56:55,46.687,0.20013124,0.246,24.985,-119.75020916666666,36.814579,57.76337785303148,-3.808058547018346,2.4474557933979137,Before Launch
1087,2025-03-20 01:56:55,46.731,0.07545932,0.585,24.98,-119.75020916666666,36.814579,57.7404167351352,-3.7230326482507374,2.4529977547553465,Before Launch
1088,2025-03-20 01:56:55,46.773,-0.75787404,0.585,24.99,-119.75020916666666,36.814579,57.81070069012469,-3.733755047416502,2.433492437327301,Before Launch
1089,2025-03-20 01:56:55,46.816,-0.28215224,-0.323,24.988,-119.75020916666666,36.814579,57.933061244258155,-3.7112193613977396,2.4257398514261395,Before Launch
1090,2025-03-20 01:56:55,46.858,-0.029527559999999998,-0.213,24.99,-119.75020916666666,36.814579,57.91664092013238,-3.731844821028624,2.4079324897912096,Before Launch
1091,2025-03-20 01:56:55,46.902,1.27624676,1.129,24.988,-119.75020916666666,36.814579,57.86757750752093,-3.7481488935705642,2.3679484621186635,Before Launch
1092,2025-03-20 01:56:55,46.944,-0.39370079999999996,0.713,24.99,-119.75020916666666,36.814579,57.920484386921274,-3.729577806445151,2.3743822192046147,Before Launch
1093,2025-03-20 01:56:55,46.992,-0.64632548,-0.107,24.988,-119.75020916666666,36.814579,58.026078128437184,-3.6550171120792743,2.4088445423175995,Before Launch
1094,2025-03-20 01:56:55,47.034,-0.16404200000000002,0.341,24.985,-119.75020916666666,36.814579,58.03829094427415,-3.6360810685351916,2.415361227129422,Before Launch
1095,2025-03-20 01:56:55,47.078,-1.01049872,-0.889,24.988,-119.75020916666666,36.814579,58.028266981692326,-3.7323746791270493,2.4384901207179794,Before Launch
1096,2025-03-20 01:56:55,47.121,0.33464568,-0.668,24.99,-119.75020916666666,36.814579,57.99563487764805,-3.764491747191895,2.4535035879377975,Before Launch
1097,2025-03-20 01:56:55,47.164,-0.75787404,0.692,24.99,-119.75020916666666,36.814579,57.97530849298751,-3.778500752365829,2.456449003214382,Before Launch
1098,2025-03-20 01:56:55,47.207,0.56430448,0.116,24.985,-119.75020916666666,36.814579,58.02095149514534,-3.8491899192573795,2.431899320910428,Before Launch
1099,2025-03-20 01:56:55,47.249,0.08202100000000001,0.34,24.988,-119.75020916666666,36.814579,58.13991950416822,-3.8524037553929573,2.434396403290844,Before Launch
1100,2025-03-20 01:56:55,47.292,0.20013124,1.02,24.985,-119.75020733333334,36.814579,58.175281068157936,-3.8668193600202128,2.45562449688502,Before Launch
1101,2025-03-20 01:56:55,47.334,-1.12204728,-0.668,24.99,-119.75020733333334,36.814579,58.12121680422794,-3.8177211323999654,2.4674918408705073,Before Launch
1102,2025-03-20 01:56:55,47.377,-0.042650919999999995,-0.567,24.983,-119.75020733333334,36.814579,58.11969372679465,-3.82857087973421,2.439711282086882,Before Launch
1103,2025-03-20 01:56:56,47.42,-0.87926512,-0.101,24.993,-119.75020733333334,36.814579,58.12552937052764,-3.877605827594711,2.468277004457333,Before Launch
1104,2025-03-20 01:56:56,47.462,-1.01049872,-1.019,24.988,-119.75020733333334,36.814579,58.14233868591306,-3.894699175090866,2.463096267228192,Before Launch
1105,2025-03-20 01:56:56,47.504,0.09514436,0.012,24.985,-119.75020733333334,36.814579,58.16869669166648,-3.9399562935728762,2.420619262798652,Before Launch
1106,2025-03-20 01:56:56,47.547,0.08202100000000001,0.248,24.988,-119.75020733333334,36.814579,58.201803643873575,-3.9473088056128582,2.4418437754623774,Before Launch
1107,2025-03-20 01:56:56,47.589,-1.3779527999999999,-0.579,24.988,-119.75020733333334,36.814579,58.13844172571197,-3.9304282337964405,2.4725557945353835,Before Launch
1108,2025-03-20 01:56:56,47.632,-0.39370079999999996,0.236,24.995,-119.75020733333334,36.814579,58.13194950742191,-3.9089839496658305,2.4444772650244593,Before Launch
1109,2025-03-20 01:56:56,47.674,-0.39370079999999996,0.0,24.99,-119.75020733333334,36.814579,58.13927406991746,-3.8279706839459298,2.4436291448452465,Before Launch
1110,2025-03-20 01:56:56,47.717,-0.9973753599999999,-0.551,24.995,-119.75020733333334,36.814579,58.16486528498284,-3.765572304836225,2.4607746035947686,Before Launch
1111,2025-03-20 01:56:56,47.76,-0.39370079999999996,-0.553,24.985,-119.75020733333334,36.814579,58.20018071634193,-3.734913646428058,2.422591549993011,Before Launch
1112,2025-03-20 01:56:56,47.802,-0.029527559999999998,-0.098,24.99,-119.75020733333334,36.814579,58.19194878298732,-3.7315870375197036,2.418406162754345,Before Launch
1113,2025-03-20 01:56:56,47.844,0.69881892,1.36,24.99,-119.75020733333334,36.814579,58.20390100243464,-3.727997375605128,2.4328953098330857,Before Launch
1114,2025-03-20 01:56:56,47.887,0.43963256,0.674,24.98,-119.75020733333334,36.814579,58.22172817691181,-3.756168616078318,2.4447899429615805,Before Launch
1115,2025-03-20 01:56:56,47.93,-0.87926512,-0.793,24.993,-119.75020733333334,36.814579,58.209908875319805,-3.838704728947914,2.4922954306398974,Before Launch
1116,2025-03-20 01:56:56,47.973,-1.01049872,-2.135,24.988,-119.75020733333334,36.814579,58.216714885317536,-3.8980296538639103,2.478466229863575,Before Launch
1117,2025-03-20 01:56:56,48.015,-0.51509188,-0.113,24.993,-119.75020733333334,36.814579,58.233074277742425,-3.947668613589934,2.496313614787432,Before Launch
1118,2025-03-20 01:56:56,48.057,-0.87926512,-0.219,24.993,-119.75020733333334,36.814579,58.21310661290607,-3.950006406270613,2.5080092386571824,Before Launch
1119,2025-03-20 01:56:56,48.1,-1.3615485999999999,-1.123,24.995,-119.75020733333334,36.814579,58.18491093253351,-3.9567284199466086,2.5200468881872533,Before Launch
1120,2025-03-20 01:56:56,48.142,0.9448819199999999,1.838,24.993,-119.75020733333334,36.814579,58.13144785881986,-3.991734955950411,2.5332280320648612,Before Launch
1121,2025-03-20 01:56:56,48.185,-1.12204728,-1.369,24.993,-119.75020733333334,36.814579,58.0790761787808,-3.99865760575142,2.514450711167302,Before Launch
1122,2025-03-20 01:56:56,48.228,-0.62007876,0.13,24.98,-119.75020733333334,36.814579,58.06243533566584,-3.9630823099029273,2.4976161876320235,Before Launch
1123,2025-03-20 01:56:56,48.278,-0.02624672,-0.551,24.998,-119.7502055,36.814579333333334,58.08495479737048,-3.928474507997824,2.482955295523674,Before Launch
1124,2025-03-20 01:56:56,48.323,-0.029527559999999998,-0.104,24.99,-119.7502055,36.814579333333334,58.078940466776444,-3.8763760605483366,2.4639448235960986,Before Launch
1125,2025-03-20 01:56:56,48.366,-0.15091864,-0.327,24.993,-119.7502055,36.814579333333334,58.0797247946876,-3.8672205303972667,2.4544357027784045,Before Launch
1126,2025-03-20 01:56:56,48.411,-1.48293968,-0.335,24.99,-119.7502055,36.814579333333334,58.028749849154174,-3.850229695068228,2.4303017462967436,Before Launch
1127,2025-03-20 01:56:57,48.454,-0.15091864,-0.101,24.993,-119.7502055,36.814579333333334,58.00307523875689,-3.8485185609877846,2.41303503654088,Before Launch
1128,2025-03-20 01:56:57,48.496,0.34120735999999996,1.134,24.998,-119.7502055,36.814579333333334,57.993639673895494,-3.7923580743636514,2.3931702251841562,Before Launch
1129,2025-03-20 01:56:57,48.539,0.95800528,1.828,25.0,-119.7502055,36.814579333333334,57.99980291791177,-3.806223464744468,2.3630793933932615,Before Launch
1130,2025-03-20 01:56:57,48.581,-0.26902888,-0.338,24.995,-119.7502055,36.814579333333334,57.96327795885328,-3.8109003639830625,2.4088808186613484,Before Launch
1131,2025-03-20 01:56:57,48.624,-0.13451444,-0.201,25.0,-119.7502055,36.814579333333334,57.95152998745772,-3.8537718415109117,2.4265571560695607,Before Launch
1132,2025-03-20 01:56:57,48.666,0.34120735999999996,1.596,24.998,-119.7502055,36.814579333333334,57.95678476495563,-3.8191873993319145,2.403371962057817,Before Launch
1133,2025-03-20 01:56:57,48.709,-0.86286092,-0.436,25.0,-119.7502055,36.814579333333334,57.94749708435145,-3.8178624060915585,2.437963915068558,Before Launch
1134,2025-03-20 01:56:57,48.752,-0.86286092,-0.435,25.0,-119.7502055,36.814579333333334,57.9718823503288,-3.810284093480624,2.466401715202156,Before Launch
1135,2025-03-20 01:56:57,48.794,0.22965880000000002,1.139,25.0,-119.7502055,36.814579333333334,57.988851642763514,-3.8019476094389795,2.449553702122471,Before Launch
1136,2025-03-20 01:56:57,48.838,-0.25590552,0.128,25.003,-119.7502055,36.814579333333334,57.94333654653718,-3.81275552350125,2.4263806337025082,Before Launch
1137,2025-03-20 01:56:57,48.882,-0.13451444,-0.097,25.0,-119.7502055,36.814579333333334,57.929011676087306,-3.822737791419714,2.4139340311524617,Before Launch
1138,2025-03-20 01:56:57,48.924,-1.1187664400000001,-1.683,24.998,-119.7502055,36.814579333333334,57.95354109002561,-3.7922192280520552,2.408888742976763,Before Launch
1139,2025-03-20 01:56:57,48.968,-0.7545932000000001,-1.105,24.998,-119.7502055,36.814579333333334,57.95930834640942,-3.7874481173232315,2.4187215710808023,Before Launch
1140,2025-03-20 01:56:57,49.011,-0.02624672,0.789,24.998,-119.7502055,36.814579333333334,57.92391599510953,-3.815955589625238,2.4315994666514515,Before Launch
1141,2025-03-20 01:56:57,49.053,-0.39041995999999995,0.574,24.998,-119.7502055,36.814579333333334,57.90384973928606,-3.8501189734727803,2.417252910437457,Before Launch
1142,2025-03-20 01:56:57,49.097,-0.62007876,-0.097,25.003,-119.7502055,36.814579333333334,57.92961830663905,-3.8454444434783506,2.4819482483617037,Before Launch
1143,2025-03-20 01:56:57,49.14,0.34120735999999996,1.127,25.005,-119.7502055,36.814579333333334,57.94912685663012,-3.8708585184645794,2.4792393366639076,Before Launch
1144,2025-03-20 01:56:57,49.183,-0.49868767999999997,0.797,25.0,-119.7502055,36.814579333333334,57.9326214632722,-3.9256696228534786,2.47676912432999,Before Launch
1145,2025-03-20 01:56:57,49.225,1.20078744,0.236,25.003,-119.7502055,36.814579333333334,57.95561537291991,-3.9062163112885293,2.5007326662965252,Before Launch
1146,2025-03-20 01:56:57,49.267,-0.61351708,0.47,25.01,-119.75020266666667,36.81458033333333,57.964175562209505,-3.9046423943320585,2.5155714758776697,Before Launch
1147,2025-03-20 01:56:57,49.31,0.34120735999999996,0.888,24.998,-119.75020266666667,36.81458033333333,57.94750894050786,-3.916745988748811,2.493440960642937,Before Launch
1148,2025-03-20 01:56:57,49.352,-0.1312336,-0.098,25.008,-119.75020266666667,36.81458033333333,57.884522433690854,-3.911636178154293,2.4864351882007925,Before Launch
1149,2025-03-20 01:56:57,49.395,0.7053806,0.686,24.998,-119.75020266666667,36.81458033333333,57.846831263259304,-3.8980050071273706,2.4805978115426828,Before Launch
1150,2025-03-20 01:56:58,49.437,0.10826772,0.242,25.003,-119.75020266666667,36.81458033333333,57.821300458592816,-3.901991522843612,2.436054970001758,Before Launch
1151,2025-03-20 01:56:58,49.479,-0.738189,0.697,25.005,-119.75020266666667,36.81458033333333,57.8431187204207,-3.9175257675004094,2.4576031253351025,Before Launch
1152,2025-03-20 01:56:58,49.522,-0.1312336,0.018,25.008,-119.75020266666667,36.81458033333333,57.83198507973425,-3.897305567242193,2.458978301791445,Before Launch
1153,2025-03-20 01:56:58,49.564,0.11482940000000001,-0.212,25.008,-119.75020266666667,36.81458033333333,57.81533502262437,-3.919830219187367,2.4311274307378095,Before Launch
1154,2025-03-20 01:56:58,49.607,-0.8595800800000001,-1.702,25.008,-119.75020266666667,36.81458033333333,57.8317693507486,-3.894259167043566,2.4618768057420537,Before Launch
1155,2025-03-20 01:56:58,49.649,-0.97769032,-0.664,25.01,-119.75020266666667,36.81458033333333,57.849660624209,-3.882511827399415,2.478631773801934,Before Launch
1156,2025-03-20 01:56:58,49.692,-0.1312336,0.003,25.008,-119.75020266666667,36.81458033333333,57.778552056448305,-3.8026711283124275,2.468619186782195,Before Launch
1157,2025-03-20 01:56:58,49.734,-0.61351708,-0.894,25.01,-119.75020266666667,36.81458033333333,57.75407467959859,-3.8376011304495754,2.447239078918849,Before Launch
1158,2025-03-20 01:56:58,49.779,0.84317588,1.594,25.01,-119.75020266666667,36.81458033333333,57.749076112206986,-3.819534526913271,2.4496166802009056,Before Launch
1159,2025-03-20 01:56:58,49.821,-0.00984252,0.798,25.012,-119.75020266666667,36.81458033333333,57.756160508588565,-3.7699679538611783,2.449050244816531,Before Launch
1160,2025-03-20 01:56:58,49.864,0.84317588,0.573,25.01,-119.75020266666667,36.81458033333333,57.710300217795556,-3.773430346217982,2.393857172010052,Before Launch
1161,2025-03-20 01:56:58,49.906,-0.738189,-0.452,25.005,-119.75020266666667,36.81458033333333,57.683511546665756,-3.776563902861616,2.3820197548575694,Before Launch
1162,2025-03-20 01:56:58,49.949,0.11482940000000001,0.234,25.01,-119.75020266666667,36.81458033333333,57.72200888690697,-3.7548900930178353,2.4287829333274327,Before Launch
1163,2025-03-20 01:56:58,49.991,-0.96456696,0.145,25.018,-119.75020266666667,36.81458033333333,57.69062740409742,-3.704759595296272,2.399269933533279,Before Launch
1164,2025-03-20 01:56:58,50.036,0.00328084,0.71,25.012,-119.75020266666667,36.81458033333333,57.66698090620409,-3.693989117836944,2.3939488523144696,Before Launch
1165,2025-03-20 01:56:58,50.079,0.47900264,0.473,25.01,-119.75020266666667,36.81458033333333,57.65149878017157,-3.683970828417516,2.3792459974688827,Before Launch
1166,2025-03-20 01:56:58,50.121,1.68635176,1.945,25.0,-119.75020266666667,36.81458033333333,57.63089623960349,-3.7248157678535008,2.398269498275706,Before Launch
1167,2025-03-20 01:56:58,50.163,-0.3608924,0.243,25.012,-119.75020266666667,36.81458033333333,57.61298649497397,-3.7168814462592374,2.4020493718004987,Before Launch
1168,2025-03-20 01:56:58,50.206,-0.35761156,-0.656,25.02,-119.75020266666667,36.81458033333333,57.61855101617792,-3.7658154063647817,2.4455891204227598,Before Launch
1169,2025-03-20 01:56:58,50.248,0.12795276,0.588,25.018,-119.75020266666667,36.81458033333333,57.631171700461906,-3.777594789663586,2.4466991740084993,Before Launch
1170,2025-03-20 01:56:58,50.291,0.47900264,-0.677,25.01,-119.75020166666667,36.81457983333333,57.594832534133104,-3.7781756270332854,2.4689170373720977,Before Launch
1171,2025-03-20 01:56:58,50.333,-1.5748031999999998,-0.902,25.015,-119.75020166666667,36.81457983333333,57.58793836518508,-3.814068862950991,2.4603982293705955,Before Launch
1172,2025-03-20 01:56:58,50.376,-0.48228348,-0.773,25.015,-119.75020166666667,36.81457983333333,57.58076006018736,-3.8146170399033004,2.45831757093488,Before Launch
1173,2025-03-20 01:56:59,50.419,-2.05708668,-1.805,25.018,-119.75020166666667,36.81457983333333,57.57121341519868,-3.8149869766114586,2.4763912340633913,Before Launch
1174,2025-03-20 01:56:59,50.462,-0.26902888,-0.913,25.01,-119.75020166666667,36.81457983333333,57.54915618412343,-3.851940986999688,2.4270239001531686,Before Launch
1175,2025-03-20 01:56:59,50.504,-0.23622047999999998,-0.323,25.018,-119.75020166666667,36.81457983333333,57.5435134498636,-3.844482427092311,2.4389171118520494,Before Launch
1176,2025-03-20 01:56:59,50.547,-0.35761156,0.356,25.02,-119.75020166666667,36.81457983333333,57.55308701526129,-3.8505797862688533,2.4775853759297153,Before Launch
1177,2025-03-20 01:56:59,50.59,-0.23622047999999998,-0.098,25.012,-119.75020166666667,36.81457983333333,57.50567540027718,-3.9022720255326737,2.4922850698395815,Before Launch
1178,2025-03-20 01:56:59,50.64,-1.3287402000000001,-1.342,25.018,-119.75020166666667,36.81457983333333,57.506253101650266,-3.911948002454605,2.4885131685433572,Before Launch
1179,2025-03-20 01:56:59,50.683,-0.84645672,0.012,25.015,-119.75020166666667,36.81457983333333,57.51618838657361,-3.9046033512735865,2.513366618429,Before Launch
1180,2025-03-20 01:56:59,50.725,-0.49540683999999996,0.448,25.008,-119.75020166666667,36.81457983333333,57.52603997519212,-3.8890136682953638,2.512293814764195,Before Launch
1181,2025-03-20 01:56:59,50.77,-0.48228348,-0.326,25.015,-119.75020166666667,36.81457983333333,57.48641972002486,-3.910400974958017,2.5280145785916615,Before Launch
1182,2025-03-20 01:56:59,50.813,-0.72506564,-0.103,25.012,-119.75020166666667,36.81457983333333,57.466595859185524,-3.9150748972215053,2.539464336541384,Before Launch
1183,2025-03-20 01:56:59,50.855,-0.84645672,-1.57,25.018,-119.75020166666667,36.81457983333333,57.46959187916614,-3.9059921566772413,2.5257880367924805,Before Launch
1184,2025-03-20 01:56:59,50.898,-0.96456696,-0.886,25.018,-119.75020166666667,36.81457983333333,57.4920085644969,-3.888045379086605,2.516698200016271,Before Launch
1185,2025-03-20 01:56:59,50.941,-0.23622047999999998,-1.002,25.018,-119.75020166666667,36.81457983333333,57.522967272986484,-3.8895257844432534,2.50674665584538,Before Launch
1186,2025-03-20 01:56:59,50.983,0.738189,1.371,25.02,-119.75020166666667,36.81457983333333,57.50366486386632,-3.8830591121391667,2.5183564486546155,Before Launch
1187,2025-03-20 01:56:59,51.025,0.14107612,0.024,25.025,-119.75020166666667,36.81457983333333,57.50222249308785,-3.8782229158284562,2.5442747740906664,Before Launch
1188,2025-03-20 01:56:59,51.068,-1.45013128,-0.451,25.02,-119.75020166666667,36.81457983333333,57.49962494612633,-3.8662594249149924,2.5334346127901113,Before Launch
1189,2025-03-20 01:56:59,51.11,-1.3287402000000001,-1.24,25.018,-119.75020166666667,36.81457983333333,57.519655682586894,-3.897595540548907,2.4868704288288117,Before Launch
1190,2025-03-20 01:56:59,51.153,-1.45013128,-1.796,25.02,-119.75020166666667,36.81457983333333,57.504346822245594,-3.8788186864332133,2.4877181278057066,Before Launch
1191,2025-03-20 01:56:59,51.195,-0.46587927999999995,-2.004,25.022,-119.75020166666667,36.81457983333333,57.49643712411032,-3.9165806767874827,2.4485756496758517,Before Launch
1192,2025-03-20 01:56:59,51.238,-1.08595804,-0.674,25.02,-119.75020166666667,36.81457983333333,57.48572279329772,-3.902616756150146,2.456399005580903,Before Launch
1193,2025-03-20 01:56:59,51.281,-0.96456696,-0.565,25.018,-119.7502005,36.81457916666667,57.50951347597651,-3.8653171798358925,2.4600284371907746,Before Launch
1194,2025-03-20 01:56:59,51.323,-0.11811023999999999,-0.229,25.012,-119.7502005,36.81457916666667,57.44921706436418,-3.788241069924756,2.503518546306875,Before Launch
1195,2025-03-20 01:56:59,51.374,-0.9514436,-1.321,25.025,-119.7502005,36.81457916666667,57.43948656501607,-3.81190110562391,2.4725704809228066,Before Launch
1196,2025-03-20 01:57:00,51.417,-0.7217848,0.787,25.02,-119.7502005,36.81457916666667,57.530044056195536,-3.8493741596361892,2.4659715973490743,Before Launch
1197,2025-03-20 01:57:00,51.459,0.12795276,0.563,25.018,-119.7502005,36.81457916666667,57.59100565629191,-3.802635638152712,2.4839553535409307,Before Launch
1198,2025-03-20 01:57:00,51.503,0.24934383999999998,2.128,25.015,-119.7502005,36.81457916666667,57.57342496849261,-3.831366678989646,2.4616240141889434,Before Launch
1199,2025-03-20 01:57:00,51.545,0.49212599999999995,0.703,25.018,-119.7502005,36.81457916666667,57.56731423805471,-3.8310174393108776,2.456157186935841,Before Launch
1200,2025-03-20 01:57:00,51.588,-0.84645672,-0.563,25.015,-119.7502005,36.81457916666667,57.58168095309647,-3.8433156991847643,2.4504932635191765,Before Launch
1201,2025-03-20 01:57:00,51.631,0.2624672,0.572,25.022,-119.7502005,36.81457916666667,57.581425753230526,-3.8588317435722517,2.464455800477829,Before Launch
1202,2025-03-20 01:57:00,51.674,0.62664044,0.796,25.022,-119.7502005,36.81457916666667,57.60571482037025,-3.8810354233320865,2.457694570591408,Before Launch
1203,2025-03-20 01:57:00,51.716,-1.0892388800000001,0.223,25.012,-119.7502005,36.81457916666667,57.6078613760954,-3.885569433905933,2.4704028040400385,Before Launch
1204,2025-03-20 01:57:00,51.759,-0.7217848,0.116,25.02,-119.7502005,36.81457916666667,57.61818188231756,-3.851602764207329,2.4693185632932395,Before Launch
1205,2025-03-20 01:57:00,51.802,-0.48228348,0.012,25.015,-119.7502005,36.81457916666667,57.635229511876574,-3.841183873097617,2.4700357847121968,Before Launch
1206,2025-03-20 01:57:00,51.844,0.2624672,0.693,25.022,-119.7502005,36.81457916666667,57.61170700043511,-3.8244282231579527,2.465270569601568,Before Launch
1207,2025-03-20 01:57:00,51.887,-0.09842519999999999,0.583,25.018,-119.7502005,36.81457916666667,57.65380830269471,-3.894077653538041,2.450999470338089,Before Launch
1208,2025-03-20 01:57:00,51.937,0.24934383999999998,1.013,25.015,-119.7502005,36.81457916666667,57.67432957147134,-3.8705188913809034,2.4651671492283502,Before Launch
1209,2025-03-20 01:57:00,51.981,-0.7053806,0.239,25.028,-119.7502005,36.81457916666667,57.66941296357416,-3.870298865756164,2.4484072372743753,Before Launch
1210,2025-03-20 01:57:00,52.024,0.26574804,0.463,25.03,-119.7502005,36.81457916666667,57.664740984398485,-3.8905055859157525,2.4265121848112767,Before Launch
1211,2025-03-20 01:57:00,52.066,0.8694226,0.121,25.025,-119.7502005,36.81457916666667,57.69082425076961,-3.870984530271749,2.447130954230211,Before Launch
1212,2025-03-20 01:57:00,52.109,-0.83005252,-0.896,25.022,-119.7502005,36.81457916666667,57.71600613825202,-3.879644645425689,2.4537633221930713,Before Launch
1213,2025-03-20 01:57:00,52.152,-0.9514436,0.46,25.025,-119.7502005,36.81457916666667,57.707411612616475,-3.8813726408561235,2.4636279963511223,Before Launch
1214,2025-03-20 01:57:00,52.194,0.37401576000000003,1.571,25.02,-119.7502005,36.81457916666667,57.72705803939883,-3.8898945363247703,2.4525745193660304,Before Launch
1215,2025-03-20 01:57:00,52.236,-0.22309712,1.133,25.028,-119.7502005,36.81457916666667,57.73016461400258,-3.873715597355961,2.491098023474335,Before Launch
1216,2025-03-20 01:57:00,52.279,-0.7053806,-0.221,25.028,-119.7501975,36.81458033333333,57.73097204290933,-3.840612419022183,2.477410416860624,Before Launch
1217,2025-03-20 01:57:00,52.321,-0.83005252,0.236,25.022,-119.7501975,36.81458033333333,57.71456926272971,-3.798177259815999,2.467920014707259,Before Launch
1218,2025-03-20 01:57:00,52.364,0.2624672,1.133,25.03,-119.7501975,36.81458033333333,57.67785021830708,-3.8045746429142615,2.460481102834711,Before Launch
1219,2025-03-20 01:57:00,52.406,-0.09842519999999999,0.018,25.03,-119.7501975,36.81458033333333,57.68413300447923,-3.7720046111002397,2.4866819642445064,Before Launch
1220,2025-03-20 01:57:01,52.449,-0.34120735999999996,0.568,25.028,-119.7501975,36.81458033333333,57.67488646348606,-3.770059806409435,2.4590501871744683,Before Launch
1221,2025-03-20 01:57:01,52.491,-1.05643048,-0.312,25.035,-119.7501975,36.81458033333333,57.72421719306802,-3.8485219827113855,2.4531525231150786,Before Launch
1222,2025-03-20 01:57:01,52.533,-1.80118116,-1.796,25.028,-119.7501975,36.81458033333333,57.74184275640695,-3.819758877228818,2.4619333169865985,Before Launch
1223,2025-03-20 01:57:01,52.576,-0.81364832,-0.991,25.038,-119.7501975,36.81458033333333,57.64994281297628,-3.841686639161028,2.444859137882914,Before Launch
1224,2025-03-20 01:57:01,52.618,-1.05643048,-1.443,25.03,-119.7501975,36.81458033333333,57.63309529935342,-3.8784502381430803,2.4582808958691285,Before Launch
1225,2025-03-20 01:57:01,52.669,0.14107612,0.914,25.025,-119.7501975,36.81458033333333,57.63981590511889,-3.8983939306353,2.468349854741677,Before Launch
1226,2025-03-20 01:57:01,52.713,-1.5419947999999999,-1.668,25.038,-119.7501975,36.81458033333333,57.637891433792525,-3.9015819343721994,2.483367200730547,Before Launch
1227,2025-03-20 01:57:01,52.755,-0.574147,-1.111,25.032,-119.7501975,36.81458033333333,57.62795592846806,-3.9423259011334806,2.4841496008462576,Before Launch
1228,2025-03-20 01:57:01,52.798,-0.09842519999999999,0.916,25.03,-119.7501975,36.81458033333333,57.594224878132195,-3.9381954398731533,2.486753772130006,Before Launch
1229,2025-03-20 01:57:01,52.84,-1.7814961200000001,-0.98,25.043,-119.7501975,36.81458033333333,57.606155534912496,-3.9201278162627364,2.4745981115602294,Before Launch
1230,2025-03-20 01:57:01,52.883,-0.46259843999999994,0.018,25.03,-119.7501975,36.81458033333333,57.63099914248601,-3.909820536244972,2.458886668147204,Before Launch
1231,2025-03-20 01:57:01,52.925,1.12860896,0.801,25.035,-119.7501975,36.81458033333333,57.644666291201915,-3.895214417517072,2.4609297526095726,Before Launch
1232,2025-03-20 01:57:01,52.971,-0.81364832,-0.66,25.038,-119.7501975,36.81458033333333,57.617445342870866,-3.9229028554272287,2.4694457216638277,Before Launch
1233,2025-03-20 01:57:01,53.014,-1.5419947999999999,-1.663,25.038,-119.7501975,36.81458033333333,57.595364505336,-3.9306925947077627,2.46412656786034,Before Launch
1234,2025-03-20 01:57:01,53.056,-0.9317585599999999,-0.211,25.04,-119.7501975,36.81458033333333,57.66042843899373,-3.9189225826601644,2.4719293640744797,Before Launch
1235,2025-03-20 01:57:01,53.099,-0.6889763999999999,-0.888,25.043,-119.7501975,36.81458033333333,57.69019809565985,-3.9247338440170565,2.4740791807676823,Before Launch
1236,2025-03-20 01:57:01,53.142,0.15748032,-0.662,25.043,-119.7501975,36.81458033333333,57.68300150269324,-3.911965389689348,2.4620832277453166,Before Launch
1237,2025-03-20 01:57:01,53.185,-0.44947508,0.354,25.038,-119.7501975,36.81458033333333,57.68283519753164,-3.9111981884522296,2.465772608117776,Before Launch
1238,2025-03-20 01:57:01,53.228,-0.79724412,0.143,25.045,-119.7501975,36.81458033333333,57.63925011582115,-4.147297198092651,2.2908198300463907,Before Launch
1239,2025-03-20 01:57:01,53.27,-0.81364832,-1.104,25.038,-119.75019933333333,36.8145775,57.68501033056357,-4.152174319627814,2.275625666136091,Before Launch
1240,2025-03-20 01:57:01,53.313,-0.20341208,0.018,25.04,-119.75019933333333,36.8145775,57.770481118116464,-4.143590361384948,2.2906162764651072,Before Launch
1241,2025-03-20 01:57:01,53.355,0.16076116000000001,0.805,25.04,-119.75019933333333,36.8145775,57.794894831033766,-4.101383299471284,2.303989487538559,Before Launch
1242,2025-03-20 01:57:01,53.397,-0.6889763999999999,0.131,25.043,-119.75019933333333,36.8145775,57.80837647266756,-3.716311818712964,2.254117086241864,Before Launch
1243,2025-03-20 01:57:02,53.441,0.38713912,0.116,25.028,-119.75019933333333,36.8145775,57.78158828410657,-3.564144753858113,2.162624452070607,Before Launch
1244,2025-03-20 01:57:02,53.483,-0.79724412,-0.649,25.045,-119.75019933333333,36.8145775,57.80074038267577,-3.336280851276667,2.0763701591941213,Before Launch
1245,2025-03-20 01:57:02,53.525,-2.14566936,-1.677,25.043,-119.75019933333333,36.8145775,57.89454096903605,-3.3322570826190523,2.0360512568493676,Before Launch
1246,2025-03-20 01:57:02,53.576,-0.81364832,0.224,25.038,-119.75019933333333,36.8145775,57.948708628094245,-3.4205370239990036,2.102017775023862,Before Launch
1247,2025-03-20 01:57:02,53.619,-1.05643048,0.686,25.035,-119.75019933333333,36.8145775,57.98006676210981,-3.546017429609733,2.189960009348915,Before Launch
1248,2025-03-20 01:57:02,53.662,1.37467196,2.015,25.038,-119.75019933333333,36.8145775,57.97193152449589,-3.63154860943434,2.253424092543871,Before Launch
1249,2025-03-20 01:57:02,53.705,-0.20341208,0.785,25.043,-119.75019933333333,36.8145775,57.96623132931984,-3.7365756764383047,2.335687546837375,Before Launch
1250,2025-03-20 01:57:02,53.748,0.99409452,0.791,25.03,-119.75019933333333,36.8145775,57.92587654216715,-3.7181958815500757,2.3560036969689704,Before Launch
1251,2025-03-20 01:57:02,53.791,-0.20341208,1.242,25.04,-119.75019933333333,36.8145775,57.9391627592736,-3.648637976887527,2.3513786159518775,Before Launch
1252,2025-03-20 01:57:02,53.833,-0.81364832,-0.222,25.045,-119.75019933333333,36.8145775,57.928578043720684,-3.6179789218045584,2.3552064278999136,Before Launch
1253,2025-03-20 01:57:02,53.876,-0.81364832,-0.663,25.038,-119.75019933333333,36.8145775,57.86639739412387,-3.665545236710317,2.3543891684820566,Before Launch
1254,2025-03-20 01:57:02,53.918,-0.55446196,1.138,25.047,-119.75019933333333,36.8145775,57.8447900792527,-3.6430728064916136,2.363563061255467,Before Launch
1255,2025-03-20 01:57:02,53.961,0.8858268,1.251,25.032,-119.75019933333333,36.8145775,57.83612763961737,-3.6667188448242864,2.4162154330553554,Before Launch
1256,2025-03-20 01:57:02,54.003,-0.56758532,-1.573,25.04,-119.75019933333333,36.8145775,57.86290680767775,-3.6372431836146943,2.453013357173762,Before Launch
1257,2025-03-20 01:57:02,54.056,0.40682416,1.125,25.043,-119.75019933333333,36.8145775,57.918742527040266,-3.716544593431375,2.507579519497089,Before Launch
1258,2025-03-20 01:57:02,54.102,0.40026248,1.785,25.035,-119.75019933333333,36.8145775,57.93682600381642,-3.851533673614754,2.5331409371898213,Before Launch
1259,2025-03-20 01:57:02,54.145,-0.79724412,0.124,25.045,-119.75019933333333,36.8145775,57.932306525031606,-3.8695877640896303,2.5586875425628595,Before Launch
1260,2025-03-20 01:57:02,54.187,0.7709973999999999,1.342,25.043,-119.75019933333333,36.8145775,57.971705340186276,-3.9278467120718155,2.5629562159752,Before Launch
1261,2025-03-20 01:57:02,54.23,0.29527559999999997,0.127,25.045,-119.75019933333333,36.8145775,57.97190032616606,-3.940806977976069,2.571631130237133,Before Launch
1262,2025-03-20 01:57:02,54.273,0.17388452,0.573,25.047,-119.75019933333333,36.8145775,57.95498263331841,-3.940919049080582,2.576974660426806,Before Launch
1263,2025-03-20 01:57:02,54.316,-0.06889764000000001,0.669,25.045,-119.75019933333333,36.8145775,57.97178162263863,-3.9360532564149207,2.575926336799522,Before Launch
1264,2025-03-20 01:57:02,54.358,-0.06889764000000001,0.685,25.045,-119.7501945,36.81457966666667,58.03037329216526,-3.9295468405842673,2.5469406682104183,Before Launch
1265,2025-03-20 01:57:02,54.402,0.29527559999999997,0.458,25.045,-119.7501945,36.81457966666667,58.05142736970748,-3.9513454959000667,2.5578655360208784,Before Launch
1266,2025-03-20 01:57:03,54.444,0.29527559999999997,0.124,25.045,-119.7501945,36.81457966666667,58.06275925435938,-3.9440929158292066,2.5572670273609783,Before Launch
1267,2025-03-20 01:57:03,54.486,-0.30839896,0.349,25.05,-119.7501945,36.81457966666667,58.08170347340122,-3.9204744879381668,2.590405606330398,Before Launch
1268,2025-03-20 01:57:03,54.529,0.16076116000000001,-0.208,25.04,-119.7501945,36.81457966666667,58.13186318591209,-3.89233980375918,2.539984265534825,Before Launch
1269,2025-03-20 01:57:03,54.572,-1.40419952,-0.557,25.05,-119.7501945,36.81457966666667,58.09785108329989,-3.9229296789685137,2.5097617453361103,Before Launch
1270,2025-03-20 01:57:03,54.615,-0.6725722,1.351,25.05,-119.7501945,36.81457966666667,58.12296155681232,-3.9666489357253347,2.535084820094562,Before Launch
1271,2025-03-20 01:57:03,54.657,-0.55446196,0.24,25.047,-119.7501945,36.81457966666667,58.14375218567481,-4.0471654684619836,2.544072551196926,Before Launch
1272,2025-03-20 01:57:03,54.7,-2.132546,-0.995,25.05,-119.7501945,36.81457966666667,58.17073727735063,-4.071033675517691,2.5317313559935437,Before Launch
1273,2025-03-20 01:57:03,54.742,0.05577428,-1.221,25.05,-119.7501945,36.81457966666667,58.17315412936969,-4.077025825952465,2.532850045318821,Before Launch
1274,2025-03-20 01:57:03,54.785,-0.19028872,0.012,25.047,-119.7501945,36.81457966666667,58.218805498648905,-4.010596674992367,2.5108239210749557,Before Launch
1275,2025-03-20 01:57:03,54.827,0.29855644,-0.645,25.053,-119.7501945,36.81457966666667,58.234572005630135,-3.985797514903111,2.4915733862320812,Before Launch
1276,2025-03-20 01:57:03,54.87,-0.7939632799999999,-0.547,25.053,-119.7501945,36.81457966666667,58.26256315714255,-3.934988444657768,2.4558005578856092,Before Launch
1277,2025-03-20 01:57:03,54.912,0.55446196,1.268,25.055,-119.7501945,36.81457966666667,58.258927073234176,-3.898471318448061,2.446211144234706,Before Launch
1278,2025-03-20 01:57:03,54.955,-0.9055118400000001,-0.085,25.055,-119.7501945,36.81457966666667,58.24330139131598,-3.8896436929327716,2.440043851177421,Before Launch
1279,2025-03-20 01:57:03,54.997,0.17388452,0.675,25.055,-119.7501945,36.81457966666667,58.2331074776405,-3.9077677478575974,2.419267080309887,Before Launch
1280,2025-03-20 01:57:03,55.04,-0.65944884,-1.432,25.057,-119.7501945,36.81457966666667,58.252797160995335,-3.9335806436987157,2.4395823467149302,Before Launch
1281,2025-03-20 01:57:03,55.083,1.37467196,1.798,25.038,-119.7501945,36.81457966666667,58.2547491191046,-3.969968910444528,2.439011504754754,Before Launch
1282,2025-03-20 01:57:03,55.125,-0.19028872,-0.559,25.045,-119.7501945,36.81457966666667,58.3291457046979,-4.018973777499526,2.466122810464605,Before Launch
1283,2025-03-20 01:57:03,55.168,1.02362208,0.585,25.045,-119.7501945,36.81457966666667,58.35195438269106,-4.031775629417523,2.4565818428248947,Before Launch
1284,2025-03-20 01:57:03,55.218,-0.0656168,0.682,25.053,-119.7501945,36.81457966666667,58.36747699744366,-4.050380105175473,2.468336783803144,Before Launch
1285,2025-03-20 01:57:03,55.261,-0.0656168,-0.779,25.053,-119.75019716666667,36.81457566666667,58.39007920524594,-4.061917794802953,2.4550729253446053,Before Launch
1286,2025-03-20 01:57:03,55.306,1.148294,0.793,25.05,-119.75019716666667,36.81457566666667,58.4037923736347,-4.0418932973756885,2.446972875572836,Before Launch
1287,2025-03-20 01:57:03,55.349,0.19028872,0.015,25.055,-119.75019716666667,36.81457566666667,58.4108667887366,-4.021392007286301,2.4782970679604897,Before Launch
1288,2025-03-20 01:57:03,55.392,-0.42979004000000004,-0.335,25.053,-119.75019716666667,36.81457566666667,58.38744907202367,-4.002851059596421,2.477080364259229,Before Launch
1289,2025-03-20 01:57:04,55.435,-0.6725722,-0.561,25.05,-119.75019716666667,36.81457566666667,58.367707934167775,-3.987601033705111,2.471784786795958,Before Launch
1290,2025-03-20 01:57:04,55.477,0.41994752,0.116,25.05,-119.75019716666667,36.81457566666667,58.36755383292655,-3.975878589832221,2.4563588579332385,Before Launch
1291,2025-03-20 01:57:04,55.52,0.19028872,-0.098,25.05,-119.75019716666667,36.81457566666667,58.37768567389645,-4.006447643108865,2.4630262229188027,Before Launch
1292,2025-03-20 01:57:04,55.562,0.05577428,0.338,25.05,-119.75019716666667,36.81457566666667,58.35464233263427,-3.9903164710750807,2.4610529352468697,Before Launch
1293,2025-03-20 01:57:04,55.605,-0.29527559999999997,-0.424,25.057,-119.75019716666667,36.81457566666667,58.31913694741113,-4.024067304521344,2.473795914705493,Before Launch
1294,2025-03-20 01:57:04,55.647,-0.30839896,1.019,25.053,-119.75019716666667,36.81457566666667,58.33205056442244,-4.016883431879516,2.4822413405518953,Before Launch
1295,2025-03-20 01:57:04,55.697,-0.65944884,0.012,25.053,-119.75019716666667,36.81457566666667,58.308012824676354,-4.010335938034539,2.4724486379914836,Before Launch
1296,2025-03-20 01:57:04,55.74,1.148294,1.572,25.05,-119.75019716666667,36.81457566666667,58.31816607877841,-4.033772862430393,2.472962787189854,Before Launch
1297,2025-03-20 01:57:04,55.784,0.06889764000000001,2.031,25.057,-119.75019716666667,36.81457566666667,58.31987405949793,-4.023839613151682,2.48698447659591,Before Launch
1298,2025-03-20 01:57:04,55.827,0.29855644,0.224,25.053,-119.75019716666667,36.81457566666667,58.30798699452967,-3.977915892656433,2.491701866193535,Before Launch
1299,2025-03-20 01:57:04,55.869,-0.89895016,-0.654,25.062,-119.75019716666667,36.81457566666667,58.318446553867396,-3.960919015082048,2.492110106486686,Before Launch
1300,2025-03-20 01:57:04,55.911,-1.886483,-2.016,25.053,-119.75019716666667,36.81457566666667,58.3556973874736,-3.9887159533178203,2.482609270885428,Before Launch
1301,2025-03-20 01:57:04,55.954,1.02362208,1.677,25.045,-119.75019716666667,36.81457566666667,58.35937565677338,-3.9838137280825303,2.4779897302920433,Before Launch
1302,2025-03-20 01:57:04,55.998,0.9186352000000001,0.335,25.055,-119.75019716666667,36.81457566666667,58.33912730152502,-4.016467177548999,2.463046676591017,Before Launch
1303,2025-03-20 01:57:04,56.042,1.02690292,1.778,25.062,-119.75019716666667,36.81457566666667,58.3456079750564,-3.9772536004986034,2.464228645351015,Before Launch
1304,2025-03-20 01:57:04,56.085,-0.049212599999999995,-0.205,25.06,-119.75019716666667,36.81457566666667,58.34579853761179,-3.97880684357129,2.4604552460189746,Before Launch
1305,2025-03-20 01:57:04,56.128,0.32808400000000004,0.908,25.067,-119.75019716666667,36.81457566666667,58.385667299195575,-3.9917280847662555,2.461798760292704,Before Launch
1306,2025-03-20 01:57:04,56.17,-0.65944884,-1.871,25.065,-119.75019716666667,36.81457566666667,58.38141770056285,-3.989292473282139,2.454948473223713,Before Launch
1307,2025-03-20 01:57:04,56.213,-0.5413386,-0.323,25.055,-119.75019716666667,36.81457566666667,58.35849007530033,-4.004443197359705,2.4535820571390214,Before Launch
1308,2025-03-20 01:57:04,56.255,-1.52230976,-2.342,25.053,-119.75019666666667,36.81457433333333,58.3571353848233,-3.97688482382627,2.447606729008668,Before Launch
1309,2025-03-20 01:57:04,56.298,0.19028872,0.237,25.055,-119.75019666666667,36.81457433333333,58.36843879056322,-3.9775901329226504,2.4351195560957084,Before Launch
1310,2025-03-20 01:57:04,56.34,0.53805776,0.559,25.047,-119.75019666666667,36.81457433333333,58.406066282046005,-3.9666360270508507,2.4744060851990635,Before Launch
1311,2025-03-20 01:57:04,56.382,0.19028872,-0.89,25.055,-119.75019666666667,36.81457433333333,58.36086938519319,-3.9283067591455416,2.4730253850702253,Before Launch
1312,2025-03-20 01:57:05,56.425,0.67913388,0.454,25.06,-119.75019666666667,36.81457433333333,58.313290719531004,-3.96727825263549,2.481586031187288,Before Launch
1313,2025-03-20 01:57:05,56.468,-0.049212599999999995,0.354,25.06,-119.75019666666667,36.81457433333333,58.317626792677785,-3.9630800199000236,2.4771416134565674,Before Launch
1314,2025-03-20 01:57:05,56.51,0.92191604,1.483,25.062,-119.75019666666667,36.81457433333333,58.307569742715316,-3.980750989686894,2.4711882956680533,Before Launch
1315,2025-03-20 01:57:05,56.552,0.9022310000000001,0.449,25.047,-119.75019666666667,36.81457433333333,58.31961616181422,-3.986437536778666,2.463360988714378,Before Launch
1316,2025-03-20 01:57:05,56.595,0.9186352000000001,0.678,25.055,-119.75019666666667,36.81457433333333,58.363297058524836,-4.02952728754493,2.4434870906635466,Before Launch
1317,2025-03-20 01:57:05,56.637,-0.15748032,-0.198,25.07,-119.75019666666667,36.81457433333333,58.365687105599314,-4.038647905900852,2.441809675481263,Before Launch
1318,2025-03-20 01:57:05,56.68,-0.17716536,0.11,25.055,-119.75019666666667,36.81457433333333,58.38515869664904,-4.039628902370391,2.485590766708986,Before Launch
1319,2025-03-20 01:57:05,56.722,-0.40026248,-0.085,25.065,-119.75019666666667,36.81457433333333,58.370985740181744,-4.060669297249264,2.4712686674109023,Before Launch
1320,2025-03-20 01:57:05,56.765,-0.049212599999999995,0.571,25.06,-119.75019666666667,36.81457433333333,58.3577137965114,-4.04210568097127,2.463425004030552,Before Launch
1321,2025-03-20 01:57:05,56.807,1.17782156,0.028,25.065,-119.75019666666667,36.81457433333333,58.349133889226856,-4.038195627314065,2.4596329033160096,Before Launch
1322,2025-03-20 01:57:05,56.85,0.08202100000000001,0.012,25.065,-119.75019666666667,36.81457433333333,58.32679626386626,-4.016710306156174,2.47388340018276,Before Launch
1323,2025-03-20 01:57:05,56.892,0.19356956,-0.099,25.062,-119.75019666666667,36.81457433333333,58.316888249009025,-4.0132349428916685,2.461724736761676,Before Launch
1324,2025-03-20 01:57:05,56.935,0.92191604,1.708,25.062,-119.75019666666667,36.81457433333333,58.32755276440001,-4.017988848154824,2.44446817335473,Before Launch
1325,2025-03-20 01:57:05,56.977,-0.53477692,1.268,25.062,-119.75019666666667,36.81457433333333,58.330203516164545,-4.015679515410425,2.4456451267529844,Before Launch
1326,2025-03-20 01:57:05,57.02,0.67913388,-0.323,25.06,-119.75019666666667,36.81457433333333,58.301509532669385,-4.012070553564478,2.4721873041583136,Before Launch
1327,2025-03-20 01:57:05,57.062,-0.036089239999999995,-0.897,25.067,-119.75019666666667,36.81457433333333,58.287254543378246,-4.008402727854323,2.460338761608147,Before Launch
1328,2025-03-20 01:57:05,57.105,0.22309712,-0.756,25.077,-119.75019666666667,36.81457433333333,58.25456111762698,-3.962184197137463,2.4447134295748096,Before Launch
1329,2025-03-20 01:57:05,57.147,-0.27559056000000004,-0.213,25.075,-119.75019666666667,36.81457433333333,58.26771385029692,-3.948271338211261,2.43834229868262,Before Launch
1330,2025-03-20 01:57:05,57.19,-0.0328084,-0.34,25.075,-119.75019666666667,36.81457433333333,58.25953445482127,-3.952974020225406,2.432766816896485,Before Launch
1331,2025-03-20 01:57:05,57.232,0.57086616,1.158,25.07,-119.75019666666667,36.81457433333333,58.225285855955306,-3.9202119485996993,2.431051875148375,Before Launch
1332,2025-03-20 01:57:05,57.275,-1.25000004,-0.667,25.067,-119.75019416666666,36.8145745,58.2075646385439,-3.941885982448742,2.4428177392194534,Before Launch
1333,2025-03-20 01:57:05,57.317,-0.76115488,0.717,25.075,-119.75019416666666,36.8145745,58.202190574573045,-3.9323782837599617,2.4523132739798683,Before Launch
1334,2025-03-20 01:57:05,57.36,-0.76115488,-0.896,25.075,-119.75019416666666,36.8145745,58.21921412087004,-3.9252554244378315,2.437429303102991,Before Launch
1335,2025-03-20 01:57:05,57.402,-0.15748032,-0.655,25.07,-119.75019416666666,36.8145745,58.24100389602532,-3.9316205052015385,2.4269436035782186,Before Launch
1336,2025-03-20 01:57:06,57.444,-0.62664044,-0.769,25.08,-119.75019416666666,36.8145745,58.20506001817016,-3.9308438603234097,2.431157413648741,Before Launch
1337,2025-03-20 01:57:06,57.487,-0.27559056000000004,-0.899,25.072,-119.75019416666666,36.8145745,58.2005685752192,-3.9559337754114816,2.4421700565978037,Before Launch
1338,2025-03-20 01:57:06,57.529,-1.7191601600000002,-1.574,25.08,-119.75019416666666,36.8145745,58.20851352535062,-3.958037823704996,2.4842282212864384,Before Launch
1339,2025-03-20 01:57:06,57.572,-0.0328084,-0.899,25.06,-119.75019416666666,36.8145745,58.24515707685272,-3.8873218755996803,2.5297594612495318,Before Launch
1340,2025-03-20 01:57:06,57.622,-0.14107612,-0.975,25.077,-119.75019416666666,36.8145745,58.27898721147339,-3.9328877267696054,2.4919136730089186,Before Launch
1341,2025-03-20 01:57:06,57.667,-0.38385828,-1.215,25.082,-119.75019416666666,36.8145745,58.21142091652767,-3.974550457572839,2.470421423931072,Before Launch
1342,2025-03-20 01:57:06,57.709,0.81692916,0.909,25.072,-119.75019416666666,36.8145745,58.17638717955753,-4.023221703884144,2.504070549988996,Before Launch
1343,2025-03-20 01:57:06,57.752,-0.27559056000000004,-0.092,25.072,-119.75019416666666,36.8145745,58.237087112597564,-4.063187437005868,2.5351603135449383,Before Launch
1344,2025-03-20 01:57:06,57.795,-0.62664044,-0.211,25.08,-119.75019416666666,36.8145745,58.244678766182886,-4.0853130215625155,2.5411210164564966,Before Launch
1345,2025-03-20 01:57:06,57.837,0.57086616,0.578,25.07,-119.75019416666666,36.8145745,58.209391299369294,-4.127678027854638,2.546322273206325,Before Launch
1346,2025-03-20 01:57:06,57.88,-0.62664044,-1.682,25.08,-119.75019416666666,36.8145745,58.262503755512384,-4.133338217264566,2.5425325457885215,Before Launch
1347,2025-03-20 01:57:06,57.923,-0.9908136799999999,-1.0,25.08,-119.75019416666666,36.8145745,58.310417545003396,-4.131297798371088,2.561512971754326,Before Launch
1348,2025-03-20 01:57:06,57.966,0.46587927999999995,0.254,25.08,-119.75019416666666,36.8145745,58.31728409184119,-4.143590610001879,2.5716155711189814,Before Launch
1349,2025-03-20 01:57:06,58.008,-0.13779528000000002,-0.988,25.085,-119.75019416666666,36.8145745,58.25053864069691,-4.116297819246862,2.5396485054481692,Before Launch
1350,2025-03-20 01:57:06,58.051,0.71194228,1.161,25.082,-119.75019416666666,36.8145745,58.2291492923314,-4.117888392665239,2.5234428983410226,Before Launch
1351,2025-03-20 01:57:06,58.094,-0.2624672,-0.877,25.08,-119.75019416666666,36.8145745,58.2106495105276,-4.094213955920699,2.5109417487205987,Before Launch
1352,2025-03-20 01:57:06,58.136,0.69553808,0.681,25.075,-119.75019416666666,36.8145745,58.22895835260865,-4.0944268530861585,2.482645617341807,Before Launch
1353,2025-03-20 01:57:06,58.179,-0.50196852,-0.675,25.085,-119.75019416666666,36.8145745,58.20602608783265,-4.079825841980613,2.489442149262845,Before Launch
1354,2025-03-20 01:57:06,58.222,0.46587927999999995,0.69,25.08,-119.75019416666666,36.8145745,58.20807640257722,-4.066801600272247,2.4998881545648004,Before Launch
1355,2025-03-20 01:57:06,58.264,-1.230315,-1.115,25.085,-119.75019216666666,36.81457433333333,58.1516149496802,-4.035720614225003,2.487072207659714,Before Launch
1356,2025-03-20 01:57:06,58.307,-0.38385828,-0.888,25.082,-119.75019216666666,36.81457433333333,58.152434375321945,-4.024493863222531,2.4957402654891756,Before Launch
1357,2025-03-20 01:57:06,58.357,-1.230315,0.018,25.085,-119.75019216666666,36.81457433333333,58.148320709366295,-3.99992483423748,2.480864814861155,Before Launch
1358,2025-03-20 01:57:06,58.4,-0.8530184000000001,-0.085,25.092,-119.75019216666666,36.81457433333333,58.18080946709986,-3.9879053195115453,2.4893462976665104,Before Launch
1359,2025-03-20 01:57:07,58.446,-0.38385828,0.347,25.082,-119.75019216666666,36.81457433333333,58.17163258699109,-3.9610919554256525,2.5040553939071746,Before Launch
1360,2025-03-20 01:57:07,58.49,-1.34186356,-1.089,25.087,-119.75019216666666,36.81457433333333,58.18019388784677,-3.929515139194196,2.498729165064912,Before Launch
1361,2025-03-20 01:57:07,58.533,0.81692916,1.326,25.072,-119.75019216666666,36.81457433333333,58.19088461505349,-3.949738389235343,2.512309008283543,Before Launch
1362,2025-03-20 01:57:07,58.576,-0.73162732,-0.419,25.087,-119.75019216666666,36.81457433333333,58.256672124544046,-3.9511602877067156,2.4861355503611198,Before Launch
1363,2025-03-20 01:57:07,58.618,-0.50196852,1.118,25.085,-119.75019216666666,36.81457433333333,58.30683526655602,-3.9432162436898635,2.4905045977654505,Before Launch
1364,2025-03-20 01:57:07,58.661,0.12139108,0.142,25.095,-119.75019216666666,36.81457433333333,58.32694635409493,-3.948597116579236,2.4709272640842834,Before Launch
1365,2025-03-20 01:57:07,58.703,-0.0164042,0.115,25.082,-119.75019216666666,36.81457433333333,58.256772102572114,-3.9519296546842235,2.452600874317453,Before Launch
1366,2025-03-20 01:57:07,58.746,-0.00328084,0.353,25.09,-119.75019216666666,36.81457433333333,58.123123361805554,-3.992382908900779,2.419655973379775,Before Launch
1367,2025-03-20 01:57:07,58.788,-0.97112864,-1.657,25.095,-119.75019216666666,36.81457433333333,58.20368171682373,-4.032694886907639,2.3937406202030314,Before Launch
1368,2025-03-20 01:57:07,58.831,-0.73162732,-0.423,25.09,-119.75019216666666,36.81457433333333,58.40236180437108,-3.994077556556845,2.405379706638042,Before Launch
1369,2025-03-20 01:57:07,58.873,-0.61351708,0.012,25.087,-119.75019216666666,36.81457433333333,58.51466151229638,-3.9609752377574448,2.4221427872098045,Before Launch
1370,2025-03-20 01:57:07,58.916,-0.24278216,-0.754,25.095,-119.75019216666666,36.81457433333333,58.697340031254775,-3.978634126064679,2.4329139570763063,Before Launch
1371,2025-03-20 01:57:07,58.958,1.21062996,1.704,25.087,-119.75019216666666,36.81457433333333,58.74628950377714,-3.9598153764118575,2.400147983216458,Before Launch
1372,2025-03-20 01:57:07,59.0,0.12139108,1.033,25.095,-119.75019216666666,36.81457433333333,58.80208948074556,-3.804428771077199,2.2905034888529103,Before Launch
1373,2025-03-20 01:57:07,59.043,-0.97769032,-1.34,25.087,-119.75019216666666,36.81457433333333,58.73442412045978,-3.7754648359363068,2.2487893268522803,Before Launch
1374,2025-03-20 01:57:07,59.086,-0.36745408,-0.213,25.09,-119.75019216666666,36.81457433333333,58.597621141589535,-3.8753560850178155,2.11104678654046,Before Launch
1375,2025-03-20 01:57:07,59.129,0.11482940000000001,-0.554,25.087,-119.75019216666666,36.81457433333333,58.6476749106634,-4.012006131719316,2.073994750165944,Before Launch
1376,2025-03-20 01:57:07,59.171,0.9547244399999999,1.13,25.085,-119.75019216666666,36.81457433333333,58.92361941068653,-3.9112609566572383,2.1559558398399727,Before Launch
1377,2025-03-20 01:57:07,59.214,-1.56824152,-2.1,25.1,-119.75019216666666,36.81457433333333,59.13922021475345,-3.7744309166055623,2.2402125123960785,Before Launch
1378,2025-03-20 01:57:07,59.256,0.60367456,1.027,25.095,-119.75019216666666,36.81457433333333,59.315429544629446,-3.3993161489515415,2.2554226192202624,Before Launch
1379,2025-03-20 01:57:07,59.299,-0.24934383999999998,-0.664,25.087,-119.75018733333333,36.81457666666667,59.19079868318283,-3.1724769746894945,2.094698921908017,Before Launch
1380,2025-03-20 01:57:07,59.341,-0.59383204,0.591,25.102,-119.75018733333333,36.81457666666667,58.91071754599391,-2.9065748139200336,1.96323452677343,Before Launch
1381,2025-03-20 01:57:07,59.383,0.60367456,0.918,25.087,-119.75018733333333,36.81457666666667,58.5883902182501,-2.866631273125201,1.6986635871673978,Before Launch
1382,2025-03-20 01:57:08,59.434,0.3608924,1.477,25.09,-119.75018733333333,36.81457666666667,58.504724430512326,-2.6981894592660898,1.8063797688674215,Before Launch
1383,2025-03-20 01:57:08,59.478,-0.24278216,0.566,25.095,-119.75018733333333,36.81457666666667,58.606571586306245,-3.173591220405444,2.098978348223891,Before Launch
1384,2025-03-20 01:57:08,59.52,-0.47244095999999997,-0.082,25.1,-119.75018733333333,36.81457666666667,59.02509072355564,-3.3797949111432186,2.1203223411369447,Before Launch
1385,2025-03-20 01:57:08,59.563,-0.24278216,1.024,25.095,-119.75018733333333,36.81457666666667,58.765492766754456,-4.4891268339817545,2.268314754484225,Before Launch
1386,2025-03-20 01:57:08,59.605,-1.56824152,-2.225,25.1,-119.75018733333333,36.81457666666667,58.89577403699623,-5.025400620632119,2.788382672326149,Before Launch
1387,2025-03-20 01:57:08,59.648,-1.09251972,-0.337,25.097,-119.75018733333333,36.81457666666667,58.776484346903615,-5.0880334183345814,3.512516344848784,Before Launch
1388,2025-03-20 01:57:08,59.69,0.72506564,1.145,25.095,-119.75018733333333,36.81457666666667,58.84699136166808,-5.510719144457626,3.7779407625800037,Before Launch
1389,2025-03-20 01:57:08,59.733,-1.20406828,-1.236,25.1,-119.75018733333333,36.81457666666667,58.86425863828829,-5.950557467389266,3.942471951055164,Before Launch
1390,2025-03-20 01:57:08,59.775,-1.32217852,-1.218,25.102,-119.75018733333333,36.81457666666667,58.96893186026641,-5.968659669510573,3.910311067657495,Before Launch
1391,2025-03-20 01:57:08,59.82,0.11482940000000001,0.11,25.087,-119.75018733333333,36.81457666666667,59.36620773041684,-5.962021132696227,3.720474992801695,Before Launch
1392,2025-03-20 01:57:08,59.863,-1.4599738,-0.455,25.09,-119.75018733333333,36.81457666666667,59.670866271491235,-5.758338796192556,3.3440598861878694,Before Launch
1393,2025-03-20 01:57:08,59.906,-0.36745408,0.339,25.09,-119.75018733333333,36.81457666666667,59.87253011751407,-5.097653086179745,3.0823729781293356,Before Launch
1394,2025-03-20 01:57:08,59.948,-0.47244095999999997,0.131,25.1,-119.75018733333333,36.81457666666667,59.75232448056065,-4.860489847573409,3.0016486582434796,Before Launch
1395,2025-03-20 01:57:08,59.99,-0.71522312,-0.44,25.105,-119.75018733333333,36.81457666666667,59.40633042561334,-4.677359167468932,2.7589453346428296,Before Launch
1396,2025-03-20 01:57:08,60.033,0.72834648,-0.449,25.097,-119.75018733333333,36.81457666666667,59.55042602773892,-4.67490837791295,2.662734851066681,Before Launch
1397,2025-03-20 01:57:08,60.075,0.3608924,0.223,25.09,-119.75018733333333,36.81457666666667,59.87101974640053,-4.541583543912905,2.608882235569452,Before Launch
1398,2025-03-20 01:57:08,60.118,0.84645672,1.697,25.087,-119.75018733333333,36.81457666666667,60.00622920678173,-4.369694644831528,2.496113154023051,Before Launch
1399,2025-03-20 01:57:08,60.161,-1.07939636,-0.662,25.105,-119.75018733333333,36.81457666666667,60.18652250529644,-4.205219846399951,2.3005286076990057,Before Launch
1400,2025-03-20 01:57:08,60.203,0.38057744,0.247,25.107,-119.75018733333333,36.81457666666667,60.27965472163833,-4.148331447415403,2.21929941299816,Before Launch
1401,2025-03-20 01:57:08,60.245,-0.22965880000000002,-1.103,25.102,-119.75018733333333,36.81457666666667,60.274388531094516,-4.007397596032768,2.2239403419377406,Before Launch
1402,2025-03-20 01:57:08,60.289,1.94225728,3.266,25.095,-119.75018916666667,36.8145725,60.18777548321684,-3.9865750018432196,2.229016731050686,Before Launch
1403,2025-03-20 01:57:08,60.331,-0.36417324,-0.9,25.097,-119.75018916666667,36.8145725,59.96981932466827,-3.9933909410837205,2.2312923711222967,Before Launch
1404,2025-03-20 01:57:08,60.373,0.25918636,0.473,25.107,-119.75018916666667,36.8145725,59.88000120866684,-3.9790255752899655,2.289778460994586,Before Launch
1405,2025-03-20 01:57:09,60.417,-1.4435696,-0.79,25.105,-119.75018916666667,36.8145725,59.88602085330523,-3.881752349766654,2.3213669493089926,Before Launch
