n,Datetime (UTC),Timestamp (s),Altitude (ft),Velocity (ft/s),Temperature (C),Longitude,Latitude,Roll (°),Pitch (°),Yaw (°),Flag
0,2025-03-20 20:23:45,0.004,0.9350394,,22.718,-1,-1,0.0,0.0,0.0,Before Launch
1,2025-03-20 20:23:45,0.047,0.44947508,,22.713,-1,-1,0.0,0.0,0.0,Before Launch
2,2025-03-20 20:23:45,0.089,0.44947508,,22.713,-1,-1,0.0,0.0,0.0,Before Launch
3,2025-03-20 20:23:45,0.132,-0.15419948,,22.718,-1,-1,0.0,0.0,0.0,Before Launch
4,2025-03-20 20:23:45,0.175,-0.27559056000000004,,22.72,-1,-1,0.0,0.0,0.0,Before Launch
5,2025-03-20 20:23:45,0.217,0.45275592000000003,,22.72,-1,-1,0.0,0.0,0.0,Before Launch
6,2025-03-20 20:23:45,0.26,0.21981628,,22.725,-1,-1,0.0,0.0,0.0,Before Launch
7,2025-03-20 20:23:45,0.302,0.67913388,,22.708,-1,-1,0.0,0.0,0.0,Before Launch
8,2025-03-20 20:23:45,0.345,-0.8694226,,22.725,-1,-1,0.0,0.0,0.0,Before Launch
9,2025-03-20 20:23:45,0.387,0.7053806,,22.723,-119.74981533333333,36.814380166666666,0.0,0.0,0.0,Before Launch
10,2025-03-20 20:23:45,0.43,-0.52821524,,22.71,-119.74981533333333,36.814380166666666,0.0,0.0,0.0,Before Launch
11,2025-03-20 20:23:45,0.472,0.69225724,,22.715,-119.74981533333333,36.814380166666666,0.0,0.0,0.0,Before Launch
12,2025-03-20 20:23:45,0.515,-1.11220476,,22.723,-119.74981533333333,36.814380166666666,0.0,0.0,0.0,Before Launch
13,2025-03-20 20:23:45,0.557,0.32808400000000004,,22.723,-119.74981533333333,36.814380166666666,0.0,0.0,0.0,Before Launch
14,2025-03-20 20:23:45,0.6,-0.76115488,,22.715,-119.74981533333333,36.814380166666666,0.0,0.0,0.0,Before Launch
15,2025-03-20 20:23:45,0.642,0.20997376,,22.718,-119.74981533333333,36.814380166666666,0.0,0.0,0.0,Before Launch
16,2025-03-20 20:23:45,0.685,0.44947508,,22.715,-119.74981533333333,36.814380166666666,0.0,0.0,0.0,Before Launch
17,2025-03-20 20:23:45,0.727,-0.27559056000000004,,22.72,-119.74981533333333,36.814380166666666,0.0,0.0,0.0,Before Launch
18,2025-03-20 20:23:45,0.769,0.57086616,,22.718,-119.74981533333333,36.814380166666666,0.0,0.0,0.0,Before Launch
19,2025-03-20 20:23:46,0.812,-0.39698163999999997,,22.715,-119.74981533333333,36.814380166666666,0.0,0.0,0.0,Before Launch
20,2025-03-20 20:23:46,0.854,0.20997376,,22.718,-119.74981533333333,36.814380166666666,0.0,0.0,0.0,Before Launch
21,2025-03-20 20:23:46,0.897,-0.8694226,,22.725,-119.74981533333333,36.814380166666666,0.0,0.0,0.0,Before Launch
22,2025-03-20 20:23:46,0.939,0.32808400000000004,,22.715,-119.74981533333333,36.814380166666666,0.0,0.0,0.0,Before Launch
23,2025-03-20 20:23:46,0.982,-0.15419948,,22.718,-119.74981533333333,36.814380166666666,0.0,0.0,0.0,Before Launch
24,2025-03-20 20:23:46,1.024,-1.0006561999999999,,22.72,-119.74981533333333,36.814380166666666,35.346565848648346,-35.496312924616326,35.04706812678437,Before Launch
25,2025-03-20 20:23:46,1.068,-1.230315,-2.035,22.723,-119.74981533333333,36.814380166666666,41.80868322633285,-41.86124319075009,41.68651025197382,Before Launch
26,2025-03-20 20:23:46,1.112,-0.2624672,-0.668,22.728,-119.74981533333333,36.814380166666666,42.86274272470916,-42.91534385088033,42.77239983341259,Before Launch
27,2025-03-20 20:23:46,1.155,-0.14107612,-0.554,22.725,-119.74981533333333,36.814380166666666,51.74211200268614,-24.95077538258795,23.198526448057084,Before Launch
28,2025-03-20 20:23:46,1.198,1.4074803599999999,1.465,22.72,-119.74981533333333,36.814380166666666,54.25138114011646,-19.96493733127396,17.727811711371853,Before Launch
29,2025-03-20 20:23:46,1.241,-0.02296588,0.237,22.723,-119.74981533333333,36.814380166666666,57.25619226369284,-13.901572463365056,11.099094202851244,Before Launch
30,2025-03-20 20:23:46,1.283,0.9350394,0.452,22.718,-119.74981533333333,36.814380166666666,58.18547695077542,-12.057186650156607,9.089678257023609,Before Launch
31,2025-03-20 20:23:46,1.326,0.6758530399999999,0.428,22.718,-119.74981533333333,36.814380166666666,59.273324053888494,-9.820279914615146,6.698612320548539,Before Launch
32,2025-03-20 20:23:46,1.368,1.9028872,1.148,22.72,-119.74981533333333,36.814380166666666,59.578036178679646,-9.174192523849806,5.970041554077865,Before Launch
33,2025-03-20 20:23:46,1.411,0.7053806,1.477,22.723,-119.74981533333333,36.814380166666666,59.982292524981915,-8.325608155441664,5.12229048151391,Before Launch
34,2025-03-20 20:23:46,1.453,-0.27559056000000004,-0.92,22.72,-119.7498135,36.8143795,60.131915519478675,-8.112168544916589,4.847183305933723,Before Launch
35,2025-03-20 20:23:46,1.496,-0.02296588,0.474,22.723,-119.7498135,36.8143795,60.26697567468587,-7.844241635686726,4.525528680359634,Before Launch
36,2025-03-20 20:23:46,1.539,-0.1312336,-0.772,22.733,-119.7498135,36.8143795,60.28796794542558,-7.769027938459189,4.422566717683705,Before Launch
37,2025-03-20 20:23:46,1.589,-1.22047248,-0.101,22.733,-119.7498135,36.8143795,60.31193887765438,-7.65580537499713,4.2762714066454,Before Launch
38,2025-03-20 20:23:46,1.634,0.4757218,0.137,22.735,-119.7498135,36.8143795,60.322029046672114,-7.60490411661219,4.24977054614608,Before Launch
39,2025-03-20 20:23:46,1.679,0.46259843999999994,1.134,22.728,-119.7498135,36.8143795,60.309996438390264,-7.572371731723581,4.237042880435849,Before Launch
40,2025-03-20 20:23:46,1.722,1.53871396,1.23,22.713,-119.7498135,36.8143795,60.33899642355276,-7.57864888710353,4.244373672739969,Before Launch
41,2025-03-20 20:23:46,1.764,0.46259843999999994,0.012,22.728,-119.7498135,36.8143795,60.35455857367108,-7.6050986432840615,4.236194930745233,Before Launch
42,2025-03-20 20:23:47,1.807,-0.50524936,-0.213,22.725,-119.7498135,36.8143795,60.38486315502523,-7.594781454645015,4.216924520237531,Before Launch
43,2025-03-20 20:23:47,1.85,1.5255906000000001,0.883,22.705,-119.7498135,36.8143795,60.38939128892587,-7.564600851305969,4.215968096267644,Before Launch
44,2025-03-20 20:23:47,1.892,0.35433072,0.696,22.738,-119.7498135,36.8143795,60.42688895375333,-7.546354118365184,4.180144368931353,Before Launch
45,2025-03-20 20:23:47,1.935,-0.98753284,-1.108,22.728,-119.7498135,36.8143795,60.43823532712909,-7.539825397346649,4.159940650911223,Before Launch
46,2025-03-20 20:23:47,1.977,0.08530183999999999,0.884,22.713,-119.7498135,36.8143795,60.41151497664065,-7.519095130466261,4.177953855128731,Before Launch
47,2025-03-20 20:23:47,2.02,1.43372708,1.023,22.73,-119.7498135,36.8143795,60.40336209395458,-7.524859418398826,4.185680263623014,Before Launch
48,2025-03-20 20:23:47,2.062,1.17782156,1.233,22.72,-119.7498135,36.8143795,60.395054016584346,-7.488481348053557,4.199282508747836,Before Launch
49,2025-03-20 20:23:47,2.105,0.9481627599999999,1.803,22.705,-119.7498135,36.8143795,60.38598954197209,-7.505571036509162,4.197344503293217,Before Launch
50,2025-03-20 20:23:47,2.147,0.5839895199999999,1.681,22.725,-119.7498135,36.8143795,60.400178079379394,-7.539722922375564,4.186785150357194,Before Launch
51,2025-03-20 20:23:47,2.189,0.7053806,0.899,22.723,-119.7498135,36.8143795,60.368553165593774,-7.520971367658491,4.191077755104712,Before Launch
52,2025-03-20 20:23:47,2.232,0.10170604,0.225,22.708,-119.7498135,36.8143795,60.38830526628265,-7.544159950722837,4.165955800917236,Before Launch
53,2025-03-20 20:23:47,2.274,-0.38385828,-1.665,22.723,-119.7498135,36.8143795,60.411749285150854,-7.559599662832164,4.171190298052327,Before Launch
54,2025-03-20 20:23:47,2.316,0.7053806,0.678,22.73,-119.7498135,36.8143795,60.427278724623115,-7.570397242388428,4.20358444462939,Before Launch
55,2025-03-20 20:23:47,2.359,0.10170604,-0.774,22.728,-119.7498135,36.8143795,60.4256646051438,-7.570474964672421,4.223583435864957,Before Launch
56,2025-03-20 20:23:47,2.402,0.45275592000000003,-0.207,22.72,-119.74980866666667,36.814377,60.405680921818465,-7.566989858542991,4.202284078035582,Before Launch
57,2025-03-20 20:23:47,2.444,0.08858268,-1.686,22.72,-119.74980866666667,36.814377,60.42050078707946,-7.5445796937839225,4.211190616374891,Before Launch
58,2025-03-20 20:23:47,2.487,0.69225724,-0.012,22.715,-119.74980866666667,36.814377,60.402893436748826,-7.497609720042951,4.19624618833766,Before Launch
59,2025-03-20 20:23:47,2.529,-0.2624672,0.012,22.728,-119.74980866666667,36.814377,60.40709190373874,-7.454688807443457,4.184316806047406,Before Launch
60,2025-03-20 20:23:47,2.572,-0.7480315200000001,-0.674,22.723,-119.74980866666667,36.814377,60.37858186977179,-7.473527262689508,4.179732099870669,Before Launch
61,2025-03-20 20:23:47,2.614,0.10170604,0.217,22.728,-119.74980866666667,36.814377,60.39318084206333,-7.467447197004593,4.179215514891246,Before Launch
62,2025-03-20 20:23:47,2.657,-0.49212599999999995,0.682,22.733,-119.74980866666667,36.814377,60.40060982456353,-7.476374313624839,4.175100269850918,Before Launch
63,2025-03-20 20:23:47,2.699,-0.01968504,-0.465,22.73,-119.74980866666667,36.814377,60.402134479199354,-7.474288248212143,4.165665354894852,Before Launch
64,2025-03-20 20:23:47,2.742,-0.50524936,-0.91,22.725,-119.74980866666667,36.814377,60.39449634080496,-7.462729699200488,4.165004198789384,Before Launch
65,2025-03-20 20:23:48,2.785,0.46259843999999994,-1.012,22.728,-119.74980866666667,36.814377,60.39310648315511,-7.488465730542465,4.166489528929366,Before Launch
66,2025-03-20 20:23:48,2.827,-0.50524936,-0.91,22.725,-119.74980866666667,36.814377,60.36790160224236,-7.490878548251576,4.151876449355225,Before Launch
67,2025-03-20 20:23:48,2.87,0.08530183999999999,0.556,22.713,-119.74980866666667,36.814377,60.37304937076,-7.515933985434531,4.1702628536124555,Before Launch
68,2025-03-20 20:23:48,2.912,0.43635172,-1.026,22.725,-119.74980866666667,36.814377,60.33197972881262,-7.522011695078433,4.1980531077931245,Before Launch
69,2025-03-20 20:23:48,2.955,-0.2624672,-0.58,22.728,-119.74980866666667,36.814377,60.31414247300209,-7.51743748210719,4.201521877095983,Before Launch
70,2025-03-20 20:23:48,2.997,-0.38385828,0.568,22.73,-119.74980866666667,36.814377,60.34866489742883,-7.5359412185209,4.217415880173106,Before Launch
71,2025-03-20 20:23:48,3.04,1.66010504,1.481,22.728,-119.74980866666667,36.814377,60.30672302066643,-7.525803557499878,4.206064475019774,Before Launch
72,2025-03-20 20:23:48,3.082,0.5839895199999999,-0.8,22.725,-119.74980866666667,36.814377,60.331728487217234,-7.537313537097664,4.215842719823286,Before Launch
73,2025-03-20 20:23:48,3.125,0.46259843999999994,-0.673,22.728,-119.74980866666667,36.814377,60.31999337359733,-7.544225460595302,4.211374298794398,Before Launch
74,2025-03-20 20:23:48,3.167,1.7814961200000001,0.785,22.715,-119.74980866666667,36.814377,60.324079342185655,-7.57996021093522,4.215360561565319,Before Launch
75,2025-03-20 20:23:48,3.21,1.6732284,1.025,22.7,-119.74980866666667,36.814377,60.320167451030784,-7.574315689209524,4.2390345901926825,Before Launch
76,2025-03-20 20:23:48,3.26,-0.1312336,-0.781,22.733,-119.74980866666667,36.814377,60.32707459552058,-7.570886119653664,4.251939771671789,Before Launch
77,2025-03-20 20:23:48,3.305,-0.74475068,-0.789,22.73,-119.74980866666667,36.814377,60.35112650757652,-7.549805387545563,4.219608404177743,Before Launch
78,2025-03-20 20:23:48,3.347,0.08858268,0.44,22.72,-119.74980866666667,36.814377,60.352598761576886,-7.534468637588877,4.218800518636617,Before Launch
79,2025-03-20 20:23:48,3.39,-0.1312336,-0.779,22.733,-119.7498025,36.8143735,60.347494232105504,-7.505383511903762,4.190991038480724,Before Launch
80,2025-03-20 20:23:48,3.432,0.21981628,0.11,22.725,-119.7498025,36.8143735,60.36426476324832,-7.514683289657743,4.19571510709251,Before Launch
81,2025-03-20 20:23:48,3.474,1.17454072,0.673,22.713,-119.7498025,36.8143735,60.3441109536789,-7.4990472743802075,4.20026328992145,Before Launch
82,2025-03-20 20:23:48,3.517,-0.01968504,-0.101,22.73,-119.7498025,36.8143735,60.319214469182924,-7.491794042711435,4.205755723756909,Before Launch
83,2025-03-20 20:23:48,3.559,-0.14107612,-0.777,22.725,-119.7498025,36.8143735,60.33022549163261,-7.456564339247019,4.193679650506113,Before Launch
84,2025-03-20 20:23:48,3.602,-1.33858272,-1.003,22.72,-119.7498025,36.8143735,60.33547598921432,-7.464784711176743,4.178457730419166,Before Launch
85,2025-03-20 20:23:48,3.644,-0.14107612,0.566,22.725,-119.7498025,36.8143735,60.336659690176575,-7.4618516753613955,4.169608442204165,Before Launch
86,2025-03-20 20:23:48,3.686,0.20997376,0.101,22.718,-119.7498025,36.8143735,60.356650756431556,-7.4507146591202895,4.1621016480802675,Before Launch
87,2025-03-20 20:23:48,3.729,-0.97769032,-0.453,22.735,-119.7498025,36.8143735,60.37815222671256,-7.440885736561553,4.152984983011213,Before Launch
88,2025-03-20 20:23:48,3.771,0.10170604,0.113,22.728,-119.7498025,36.8143735,60.368595535351574,-7.387809901315523,4.143267217972938,Before Launch
89,2025-03-20 20:23:49,3.814,0.21981628,0.676,22.725,-119.7498025,36.8143735,60.373161285375126,-7.355640288645724,4.111147876562406,Before Launch
90,2025-03-20 20:23:49,3.856,0.46259843999999994,0.0,22.728,-119.7498025,36.8143735,60.40674351735741,-7.371769080884006,4.113240410924773,Before Launch
91,2025-03-20 20:23:49,3.899,0.23293963999999998,0.689,22.733,-119.7498025,36.8143735,60.403621222269784,-7.352215720139044,4.117442117243688,Before Launch
92,2025-03-20 20:23:49,3.941,0.11154856,0.025,22.735,-119.7498025,36.8143735,60.381394894328494,-7.380305882134808,4.118787302057879,Before Launch
93,2025-03-20 20:23:49,3.984,0.59711288,0.15,22.733,-119.7498025,36.8143735,60.34429355184349,-7.374309875425844,4.123971774756726,Before Launch
94,2025-03-20 20:23:49,4.026,0.69225724,0.891,22.723,-119.7498025,36.8143735,60.34427167732814,-7.387373544530185,4.134547988971803,Before Launch
95,2025-03-20 20:23:49,4.069,0.11154856,0.462,22.735,-119.7498025,36.8143735,60.30918121152215,-7.39605867173522,4.140551159209334,Before Launch
96,2025-03-20 20:23:49,4.111,-0.1312336,-1.673,22.733,-119.7498025,36.8143735,60.29977414018743,-7.411659053503422,4.14741340069813,Before Launch
97,2025-03-20 20:23:49,4.154,1.30905516,0.676,22.733,-119.7498025,36.8143735,60.27958322996664,-7.390544753118832,4.161696963742422,Before Launch
98,2025-03-20 20:23:49,4.196,0.5839895199999999,0.113,22.725,-119.7498025,36.8143735,60.26289967549847,-7.382758633426438,4.173903866272154,Before Launch
99,2025-03-20 20:23:49,4.239,-0.37073492,-2.008,22.738,-119.7498025,36.8143735,60.26282838845935,-7.366282501545894,4.1685634792415955,Before Launch
100,2025-03-20 20:23:49,4.282,1.2860892800000001,-0.361,22.728,-119.7498025,36.8143735,60.292782617463764,-7.385830305882979,4.166352747425186,Before Launch
101,2025-03-20 20:23:49,4.324,-0.49212599999999995,-0.339,22.733,-119.7498025,36.8143735,60.30323036486268,-7.35482474802081,4.180345065788517,Before Launch
102,2025-03-20 20:23:49,4.367,1.43372708,2.051,22.73,-119.7498025,36.8143735,60.28633973446917,-7.355320399246696,4.191609039562839,Before Launch
103,2025-03-20 20:23:49,4.409,0.08858268,0.0,22.735,-119.7498025,36.8143735,60.27269196276253,-7.347726412830038,4.191550062074887,Before Launch
104,2025-03-20 20:23:49,4.452,0.59711288,0.686,22.733,-119.74979666666667,36.8143685,60.273410055979845,-7.385614210585421,4.187267490597239,Before Launch
105,2025-03-20 20:23:49,4.495,0.34448819999999997,0.117,22.73,-119.74979666666667,36.8143685,60.24295347142701,-7.426805621680845,4.221356974479381,Before Launch
106,2025-03-20 20:23:49,4.537,0.5839895199999999,-0.556,22.73,-119.74979666666667,36.8143685,60.25778642945722,-7.442964077913105,4.216834702866934,Before Launch
107,2025-03-20 20:23:49,4.579,0.23293963999999998,0.238,22.733,-119.74979666666667,36.8143685,60.28198750904022,-7.452994810122012,4.221427559155466,Before Launch
108,2025-03-20 20:23:49,4.623,0.34448819999999997,0.456,22.73,-119.74979666666667,36.8143685,60.29656833369466,-7.479491280014309,4.2280759546821125,Before Launch
109,2025-03-20 20:23:49,4.673,0.23293963999999998,1.467,22.733,-119.74979666666667,36.8143685,60.281391545011125,-7.496837061283743,4.23529433847067,Before Launch
110,2025-03-20 20:23:49,4.716,0.7053806,0.79,22.723,-119.74979666666667,36.8143685,60.278217048039174,-7.490897362723671,4.235319964970111,Before Launch
111,2025-03-20 20:23:49,4.758,0.7053806,0.462,22.73,-119.74979666666667,36.8143685,60.27032192438279,-7.495968182948718,4.243296243962598,Before Launch
112,2025-03-20 20:23:50,4.802,0.34448819999999997,1.232,22.73,-119.74979666666667,36.8143685,60.293090370588544,-7.461109396545494,4.222444351140995,Before Launch
113,2025-03-20 20:23:50,4.845,0.7053806,0.562,22.73,-119.74979666666667,36.8143685,60.27582109822373,-7.459303111700172,4.220733217179243,Before Launch
114,2025-03-20 20:23:50,4.887,0.4757218,0.238,22.735,-119.74979666666667,36.8143685,60.30687830794461,-7.47987661943205,4.235463447206434,Before Launch
115,2025-03-20 20:23:50,4.93,-0.12795276,-0.55,22.74,-119.74979666666667,36.8143685,60.32079333277091,-7.483471355427994,4.268308231085469,Before Launch
116,2025-03-20 20:23:50,4.972,0.92191604,0.642,22.71,-119.74979666666667,36.8143685,60.308656641659084,-7.523144134009174,4.274241025010138,Before Launch
117,2025-03-20 20:23:50,5.015,1.20078744,1.014,22.735,-119.74979666666667,36.8143685,60.30006971828934,-7.528585160156075,4.276405076128125,Before Launch
118,2025-03-20 20:23:50,5.057,0.23293963999999998,-0.339,22.733,-119.74979666666667,36.8143685,60.28332178047759,-7.526784652290475,4.26977012172055,Before Launch
119,2025-03-20 20:23:50,5.1,0.4757218,-0.202,22.725,-119.74979666666667,36.8143685,60.26700270553315,-7.538998471711027,4.249847778467936,Before Launch
120,2025-03-20 20:23:50,5.143,0.7185039599999999,0.565,22.738,-119.74979666666667,36.8143685,60.25862803756878,-7.517689771061191,4.23938052620456,Before Launch
121,2025-03-20 20:23:50,5.185,0.34448819999999997,0.443,22.73,-119.74979666666667,36.8143685,60.26969045490597,-7.512537320341544,4.245823177773078,Before Launch
122,2025-03-20 20:23:50,5.228,0.11154856,-1.115,22.73,-119.74979666666667,36.8143685,60.285376840893605,-7.504794704525562,4.2276003361592895,Before Launch
123,2025-03-20 20:23:50,5.27,0.35433072,-0.214,22.738,-119.74979666666667,36.8143685,60.27539294350353,-7.513601574324026,4.22504817930795,Before Launch
124,2025-03-20 20:23:50,5.313,-0.73490816,-0.339,22.738,-119.74979666666667,36.8143685,60.26878018848459,-7.4898589423523445,4.218867928545072,Before Launch
125,2025-03-20 20:23:50,5.356,-0.37073492,-1.543,22.738,-119.74979666666667,36.8143685,60.27213206987676,-7.49073926853601,4.220899389030277,Before Launch
126,2025-03-20 20:23:50,5.398,-0.00656168,0.452,22.738,-119.74978916666667,36.8143625,60.282750301075446,-7.524254316512845,4.241340080454759,Before Launch
127,2025-03-20 20:23:50,5.441,-0.38385828,-1.692,22.73,-119.74978916666667,36.8143625,60.26598536050733,-7.537026068025367,4.244053554732327,Before Launch
128,2025-03-20 20:23:50,5.491,-0.24934383999999998,-0.312,22.735,-119.74978916666667,36.8143625,60.2532006723722,-7.714409556873537,4.3604436363719365,Before Launch
129,2025-03-20 20:23:50,5.535,-0.00656168,-0.557,22.738,-119.74978916666667,36.8143625,60.21606594944026,-7.914175672009958,4.480654585199211,Before Launch
130,2025-03-20 20:23:50,5.578,0.11154856,-0.215,22.735,-119.74978916666667,36.8143625,60.189547137905876,-7.9785134413458465,4.523440136772234,Before Launch
131,2025-03-20 20:23:50,5.62,-0.24606299999999998,-0.766,22.743,-119.74978916666667,36.8143625,60.123876295391284,-7.487433605597815,4.3034570831502075,Before Launch
132,2025-03-20 20:23:50,5.663,-0.24934383999999998,-0.445,22.735,-119.74978916666667,36.8143625,60.192072431104215,-7.151978476201488,4.087603906329734,Before Launch
133,2025-03-20 20:23:50,5.705,-0.12795276,-0.437,22.74,-119.74978916666667,36.8143625,60.29696327468051,-6.750441189531462,3.8550270932575503,Before Launch
134,2025-03-20 20:23:50,5.748,0.59711288,0.339,22.74,-119.74978916666667,36.8143625,60.30761783895968,-6.624288892165147,3.8006644000150827,Before Launch
135,2025-03-20 20:23:51,5.791,-0.9744094799999999,-1.563,22.743,-119.74978916666667,36.8143625,60.32829563940829,-6.730504935457828,3.8424071598033014,Before Launch
136,2025-03-20 20:23:51,5.833,-0.73490816,-1.34,22.738,-119.74978916666667,36.8143625,60.33608304559664,-6.846128594618655,3.900291532256154,Before Launch
137,2025-03-20 20:23:51,5.876,0.47900264,0.125,22.743,-119.74978916666667,36.8143625,60.323805164078976,-7.100103557786471,4.011849401326218,Before Launch
138,2025-03-20 20:23:51,5.918,1.8077428400000002,1.027,22.738,-119.74978916666667,36.8143625,60.30980788818247,-7.165913745784211,4.056383216905946,Before Launch
139,2025-03-20 20:23:51,5.961,0.83989504,0.339,22.735,-119.74978916666667,36.8143625,60.31206004590214,-7.31113838491908,4.13103568456689,Before Launch
140,2025-03-20 20:23:51,6.003,-0.1312336,-0.003,22.733,-119.74978916666667,36.8143625,60.290550241022,-7.344060374084718,4.173523172516805,Before Launch
141,2025-03-20 20:23:51,6.046,-0.00656168,-0.865,22.733,-119.74978916666667,36.8143625,60.26567134306625,-7.451552695363674,4.240656942792464,Before Launch
142,2025-03-20 20:23:51,6.088,0.08858268,-1.037,22.72,-119.74978916666667,36.8143625,60.26863227750772,-7.448860439761992,4.253957331281172,Before Launch
143,2025-03-20 20:23:51,6.131,-0.24606299999999998,-0.446,22.743,-119.74978916666667,36.8143625,60.259196135865736,-7.501993321644038,4.260133860862647,Before Launch
144,2025-03-20 20:23:51,6.173,-0.12795276,-0.563,22.74,-119.74978916666667,36.8143625,60.24828510045652,-7.499097598687591,4.257518227414654,Before Launch
145,2025-03-20 20:23:51,6.216,0.21981628,-0.465,22.725,-119.74978916666667,36.8143625,60.21626000576173,-7.52248044331881,4.25172674240765,Before Launch
146,2025-03-20 20:23:51,6.258,-0.8530184000000001,-1.116,22.74,-119.74978916666667,36.8143625,60.234678525361105,-7.5086953405738575,4.245826478109054,Before Launch
147,2025-03-20 20:23:51,6.301,-0.7217848,-0.777,22.743,-119.74978916666667,36.8143625,60.220432900901756,-7.465156580236982,4.239857828054011,Before Launch
148,2025-03-20 20:23:51,6.343,1.66010504,1.217,22.718,-119.74978916666667,36.8143625,60.217225627036186,-7.455181678586943,4.23532021722526,Before Launch
149,2025-03-20 20:23:51,6.386,-0.49212599999999995,0.226,22.74,-119.74978183333333,36.81435716666667,60.21131105676886,-7.416356435856018,4.251889493555557,Before Launch
150,2025-03-20 20:23:51,6.428,0.7053806,1.004,22.73,-119.74978183333333,36.81435716666667,60.23287944892395,-7.490523747291848,4.267698294921548,Before Launch
151,2025-03-20 20:23:51,6.478,-0.15419948,-0.137,22.738,-119.74978183333333,36.81435716666667,60.23967730249847,-7.494663374518721,4.287266446419697,Before Launch
152,2025-03-20 20:23:51,6.523,0.23622047999999998,0.573,22.74,-119.74978183333333,36.81435716666667,60.271431988249546,-7.527230613042443,4.28365935344607,Before Launch
153,2025-03-20 20:23:51,6.566,0.11154856,0.336,22.735,-119.74978183333333,36.81435716666667,60.26838733451386,-7.534563537910539,4.296379965800567,Before Launch
154,2025-03-20 20:23:51,6.608,1.30905516,1.226,22.725,-119.74978183333333,36.81435716666667,60.273186564898936,-7.556601587575682,4.312149384031655,Before Launch
155,2025-03-20 20:23:51,6.65,-1.69947512,-1.689,22.743,-119.74978183333333,36.81435716666667,60.26165001568638,-7.5327066827468485,4.302705520497445,Before Launch
156,2025-03-20 20:23:51,6.693,-0.37073492,-0.116,22.738,-119.74978183333333,36.81435716666667,60.236675258848244,-7.56537134441912,4.305291037113901,Before Launch
157,2025-03-20 20:23:51,6.736,0.82677168,1.003,22.743,-119.74978183333333,36.81435716666667,60.23116614009212,-7.564541297297223,4.3341259061347435,Before Launch
158,2025-03-20 20:23:52,6.778,0.23622047999999998,0.339,22.74,-119.74978183333333,36.81435716666667,60.22231090939835,-7.573856369033293,4.331344891377347,Before Launch
159,2025-03-20 20:23:52,6.82,-0.8530184000000001,-1.353,22.74,-119.74978183333333,36.81435716666667,60.21836424835172,-7.580139444304782,4.338385195417065,Before Launch
160,2025-03-20 20:23:52,6.863,0.23622047999999998,1.129,22.743,-119.74978183333333,36.81435716666667,60.212155074469194,-7.522729251801083,4.316775489169928,Before Launch
161,2025-03-20 20:23:52,6.905,0.4757218,1.129,22.735,-119.74978183333333,36.81435716666667,60.23001698314279,-7.530066502490898,4.296673569850839,Before Launch
162,2025-03-20 20:23:52,6.948,-0.7217848,-1.12,22.745,-119.74978183333333,36.81435716666667,60.272585865582954,-7.574212442733655,4.297954725854495,Before Launch
163,2025-03-20 20:23:52,6.991,1.0826772,-0.676,22.743,-119.74978183333333,36.81435716666667,60.27478291276472,-7.567230853693576,4.304491698247889,Before Launch
164,2025-03-20 20:23:52,7.033,0.23622047999999998,-0.563,22.74,-119.74978183333333,36.81435716666667,60.282076680714475,-7.577161887228011,4.309594507079703,Before Launch
165,2025-03-20 20:23:52,7.076,-0.7217848,-0.55,22.745,-119.74978183333333,36.81435716666667,60.28157266423134,-7.576166294908332,4.31720368037859,Before Launch
166,2025-03-20 20:23:52,7.118,-0.12795276,-0.113,22.74,-119.74978183333333,36.81435716666667,60.28624295218017,-7.549277556824662,4.300513735008773,Before Launch
167,2025-03-20 20:23:52,7.16,-0.24606299999999998,-0.312,22.743,-119.74978183333333,36.81435716666667,60.240846158238384,-7.552618103987994,4.288662546933869,Before Launch
168,2025-03-20 20:23:52,7.203,-0.61023624,-0.34,22.743,-119.74978183333333,36.81435716666667,60.227054756410155,-7.519743561852618,4.300172673395857,Before Launch
169,2025-03-20 20:23:52,7.245,-0.9744094799999999,-0.79,22.743,-119.74978183333333,36.81435716666667,60.2249871501663,-7.505329141559789,4.307480223272833,Before Launch
170,2025-03-20 20:23:52,7.288,0.35433072,0.125,22.738,-119.74978183333333,36.81435716666667,60.19483265004185,-7.460315473204551,4.2917625745078976,Before Launch
171,2025-03-20 20:23:52,7.33,-0.1312336,0.673,22.733,-119.74978183333333,36.81435716666667,60.195399292847576,-7.460910763813337,4.297251302027561,Before Launch
172,2025-03-20 20:23:52,7.372,0.83989504,1.458,22.743,-119.74977316666667,36.81435183333333,60.210026421756844,-7.498850464306031,4.315296822650859,Before Launch
173,2025-03-20 20:23:52,7.415,-0.61023624,-2.118,22.745,-119.74977316666667,36.81435183333333,60.22047421828643,-7.539408809462986,4.334965862544535,Before Launch
174,2025-03-20 20:23:52,7.457,1.06955384,1.458,22.73,-119.74977316666667,36.81435183333333,60.22770275645643,-7.5585390337029175,4.347963093036104,Before Launch
175,2025-03-20 20:23:52,7.5,1.56824152,0.805,22.743,-119.74977316666667,36.81435183333333,60.24429448133791,-7.5890012717063895,4.346928284443789,Before Launch
176,2025-03-20 20:23:52,7.543,0.59711288,0.705,22.745,-119.74977316666667,36.81435183333333,60.24051215768236,-7.572984247699818,4.347506234755456,Before Launch
177,2025-03-20 20:23:52,7.585,2.50656176,2.138,22.715,-119.74977316666667,36.81435183333333,60.2236169369128,-7.539365688864694,4.344123708343195,Before Launch
178,2025-03-20 20:23:52,7.635,0.23293963999999998,0.114,22.733,-119.74977316666667,36.81435183333333,60.22697683856745,-7.507031790132825,4.327685685137171,Before Launch
179,2025-03-20 20:23:52,7.679,0.83989504,-0.438,22.735,-119.74977316666667,36.81435183333333,60.23103015309511,-7.494589749055809,4.312003380713491,Before Launch
180,2025-03-20 20:23:52,7.722,0.59711288,2.142,22.74,-119.74977316666667,36.81435183333333,60.23912090781901,-7.490591195590253,4.300718534249956,Before Launch
181,2025-03-20 20:23:52,7.765,0.23293963999999998,0.563,22.733,-119.74977316666667,36.81435183333333,60.24931543384974,-7.54965804451522,4.312830548408037,Before Launch
182,2025-03-20 20:23:53,7.807,0.36745408,-0.429,22.745,-119.74977316666667,36.81435183333333,60.2591141649267,-7.567907686862344,4.310319143620101,Before Launch
183,2025-03-20 20:23:53,7.85,0.12795276,-0.101,22.75,-119.74977316666667,36.81435183333333,60.27261695301104,-7.554550343326509,4.300426760124737,Before Launch
184,2025-03-20 20:23:53,7.893,0.7185039599999999,1.465,22.738,-119.74977316666667,36.81435183333333,60.28568076611971,-7.546860645646102,4.298179151566542,Before Launch
185,2025-03-20 20:23:53,7.935,0.11482940000000001,-0.113,22.743,-119.74977316666667,36.81435183333333,60.3032239715617,-7.58721371243662,4.29528755862097,Before Launch
186,2025-03-20 20:23:53,7.977,1.20406828,0.679,22.743,-119.74977316666667,36.81435183333333,60.301113260063524,-7.552641034467297,4.293755743109642,Before Launch
187,2025-03-20 20:23:53,8.02,0.4757218,1.117,22.735,-119.74977316666667,36.81435183333333,60.273683401230166,-7.546648331797139,4.2754042830628505,Before Launch
188,2025-03-20 20:23:53,8.062,-0.12795276,-1.13,22.74,-119.74977316666667,36.81435183333333,60.271157883724,-7.543158367905498,4.2804937831158965,Before Launch
189,2025-03-20 20:23:53,8.105,3.32677176,2.883,22.7,-119.74977316666667,36.81435183333333,60.2668543487883,-7.5058988157358995,4.283024446840043,Before Launch
190,2025-03-20 20:23:53,8.147,0.83989504,1.458,22.735,-119.74977316666667,36.81435183333333,60.27367701930255,-7.470149800545101,4.28977942643318,Before Launch
191,2025-03-20 20:23:53,8.19,-0.35761156,-0.214,22.745,-119.74977316666667,36.81435183333333,60.242221690304376,-7.467909352700427,4.3064170682619105,Before Launch
192,2025-03-20 20:23:53,8.232,-0.12795276,0.11,22.74,-119.74977316666667,36.81435183333333,60.21667111412646,-7.457641747087001,4.286196994510951,Before Launch
193,2025-03-20 20:23:53,8.274,0.7053806,1.228,22.723,-119.74977316666667,36.81435183333333,60.19697188610474,-7.447208107390859,4.271348247269782,Before Launch
194,2025-03-20 20:23:53,8.317,-0.9744094799999999,0.0,22.743,-119.74977316666667,36.81435183333333,60.19350161148816,-7.445093168915067,4.267688716800457,Before Launch
195,2025-03-20 20:23:53,8.359,0.59711288,0.227,22.74,-119.74977316666667,36.81435183333333,60.194851583852156,-7.450338589932577,4.278231072328611,Before Launch
196,2025-03-20 20:23:53,8.402,0.10170604,0.217,22.728,-119.74978016666667,36.8143485,60.22090531849675,-7.467289161739064,4.284380716420257,Before Launch
197,2025-03-20 20:23:53,8.444,-2.29330716,-2.923,22.748,-119.74978016666667,36.8143485,60.22280885148192,-7.483658363917071,4.2933927426629,Before Launch
198,2025-03-20 20:23:53,8.487,-0.61023624,0.0,22.743,-119.74978016666667,36.8143485,60.24109155263093,-7.478423408728145,4.301952118721275,Before Launch
199,2025-03-20 20:23:53,8.537,-0.01968504,-1.009,22.73,-119.74978016666667,36.8143485,60.23390626333038,-7.476593610822076,4.301005168588229,Before Launch
200,2025-03-20 20:23:53,8.582,-0.12795276,-1.568,22.74,-119.74978016666667,36.8143485,60.26141480331074,-7.539348322836997,4.3175737238654435,Before Launch
201,2025-03-20 20:23:53,8.625,-1.44685044,-1.889,22.745,-119.74978016666667,36.8143485,60.25367918479614,-7.519018550519167,4.3325023240940785,Before Launch
202,2025-03-20 20:23:53,8.667,0.23622047999999998,-2.098,22.74,-119.74978016666667,36.8143485,60.2489991439297,-7.566226607563575,4.344266455601204,Before Launch
203,2025-03-20 20:23:53,8.709,-0.24934383999999998,-0.449,22.735,-119.74978016666667,36.8143485,60.22753628697407,-7.585849458831298,4.330732885248686,Before Launch
204,2025-03-20 20:23:53,8.752,-0.00656168,-0.789,22.738,-119.74978016666667,36.8143485,60.23544857672537,-7.53101838244843,4.307251128968669,Before Launch
205,2025-03-20 20:23:54,8.795,0.9481627599999999,0.327,22.74,-119.74978016666667,36.8143485,60.24556123775856,-7.529473938878085,4.305744887501789,Before Launch
206,2025-03-20 20:23:54,8.837,0.59711288,0.34,22.74,-119.74978016666667,36.8143485,60.246118364198445,-7.483848437006088,4.300572117424969,Before Launch
207,2025-03-20 20:23:54,8.88,-1.21719164,-1.477,22.74,-119.74978016666667,36.8143485,60.259512361271234,-7.496132743782251,4.295653213106811,Before Launch
208,2025-03-20 20:23:54,8.922,-0.14107612,-0.251,22.738,-119.74978016666667,36.8143485,60.23908009112766,-7.489475649706309,4.290517752370912,Before Launch
209,2025-03-20 20:23:54,8.965,0.82677168,0.101,22.728,-119.74978016666667,36.8143485,60.22427667906479,-7.483956666732227,4.286739847699398,Before Launch
210,2025-03-20 20:23:54,9.008,-0.59711288,-0.664,22.75,-119.74978016666667,36.8143485,60.23835983839436,-7.457504575441397,4.257121380374816,Before Launch
211,2025-03-20 20:23:54,9.05,2.03740164,0.777,22.745,-119.74978016666667,36.8143485,60.263484999022076,-7.47345525973905,4.246783546298963,Before Launch
212,2025-03-20 20:23:54,9.093,-0.11482940000000001,-0.55,22.748,-119.74978016666667,36.8143485,60.22963898728679,-7.487244629274334,4.290467668676867,Before Launch
213,2025-03-20 20:23:54,9.135,-0.83005252,-0.654,22.755,-119.74978016666667,36.8143485,60.24431356453766,-7.485645712246081,4.278387313285556,Before Launch
214,2025-03-20 20:23:54,9.178,-0.02296588,-3.122,22.738,-119.74978016666667,36.8143485,60.220418282321056,-7.493086749136315,4.278328659609952,Before Launch
215,2025-03-20 20:23:54,9.221,0.61023624,-0.214,22.748,-119.74978016666667,36.8143485,60.22668347002825,-7.493254711445409,4.285813583006585,Before Launch
216,2025-03-20 20:23:54,9.272,0.81364832,1.082,22.72,-119.74978016666667,36.8143485,60.21790788987946,-7.479460605152602,4.284250945025017,Before Launch
217,2025-03-20 20:23:54,9.316,1.20406828,1.229,22.74,-119.74978016666667,36.8143485,60.20978049895061,-7.453684427534368,4.296550362709319,Before Launch
218,2025-03-20 20:23:54,9.359,0.59711288,-0.1,22.733,-119.74978016666667,36.8143485,60.23002387893276,-7.470434653632377,4.313571591043243,Before Launch
219,2025-03-20 20:23:54,9.402,1.20406828,2.008,22.743,-119.74978316666666,36.814345833333334,60.22814379556246,-7.442235536769429,4.31291155614474,Before Launch
220,2025-03-20 20:23:54,9.444,0.9744094799999999,0.348,22.75,-119.74978316666666,36.814345833333334,60.23769024539367,-7.465865598089076,4.329589880041299,Before Launch
221,2025-03-20 20:23:54,9.487,0.23622047999999998,0.124,22.74,-119.74978316666666,36.814345833333334,60.250314852350215,-7.4686233150203565,4.315233207802506,Before Launch
222,2025-03-20 20:23:54,9.53,-1.32545936,0.891,22.75,-119.74978316666666,36.814345833333334,60.24676122703153,-7.4785084137240405,4.310988395191661,Before Launch
223,2025-03-20 20:23:54,9.572,0.36745408,0.901,22.725,-119.74978316666666,36.814345833333334,60.24786403464433,-7.4736126395547275,4.307253676534322,Before Launch
224,2025-03-20 20:23:54,9.615,-0.01968504,0.0,22.73,-119.74978316666666,36.814345833333334,60.2522551882162,-7.478598927039562,4.287889471396762,Before Launch
225,2025-03-20 20:23:54,9.657,-0.24606299999999998,-0.11,22.743,-119.74978316666666,36.814345833333334,60.24785727280269,-7.490369933441139,4.270053203817778,Before Launch
226,2025-03-20 20:23:54,9.699,0.61023624,1.915,22.748,-119.74978316666666,36.814345833333334,60.2464222463265,-7.493191613994666,4.254037662938843,Before Launch
227,2025-03-20 20:23:54,9.742,-0.7480315200000001,-0.916,22.723,-119.74978316666666,36.814345833333334,60.23198251313938,-7.4836663905050544,4.253887376099996,Before Launch
228,2025-03-20 20:23:55,9.785,1.2992126400000001,1.439,22.718,-119.74978316666666,36.814345833333334,60.23163844171746,-7.476091759038388,4.247703584167496,Before Launch
229,2025-03-20 20:23:55,9.828,-0.00656168,0.0,22.738,-119.74978316666666,36.814345833333334,60.24143422532357,-7.486455628307642,4.267763460266348,Before Launch
230,2025-03-20 20:23:55,9.87,1.6732284,0.674,22.725,-119.74978316666666,36.814345833333334,60.242424788386366,-7.4714717160630695,4.272734749826222,Before Launch
231,2025-03-20 20:23:55,9.921,0.36745408,-0.212,22.745,-119.74978316666666,36.814345833333334,60.25259600643824,-7.509988105617712,4.291084993259328,Before Launch
232,2025-03-20 20:23:55,9.965,0.23622047999999998,1.34,22.74,-119.74978316666666,36.814345833333334,60.232671868405525,-7.502823696456563,4.296283468102637,Before Launch
233,2025-03-20 20:23:55,10.007,0.73162732,0.804,22.745,-119.74978316666666,36.814345833333334,60.21698304469642,-7.519617324730026,4.28880758834104,Before Launch
234,2025-03-20 20:23:55,10.05,-0.37073492,-1.104,22.738,-119.74978316666666,36.814345833333334,60.21410467654229,-7.505088726989074,4.29934566412743,Before Launch
235,2025-03-20 20:23:55,10.093,-0.14107612,0.42,22.725,-119.74978316666666,36.814345833333334,60.224148049126676,-7.526402237449782,4.306847638706978,Before Launch
236,2025-03-20 20:23:55,10.135,-0.24606299999999998,-2.105,22.743,-119.74978316666666,36.814345833333334,60.26000337456233,-7.514857595387138,4.294356629776217,Before Launch
237,2025-03-20 20:23:55,10.178,0.24606299999999998,0.333,22.748,-119.74978316666666,36.814345833333334,60.2442616894614,-7.5176455705482494,4.29908377510032,Before Launch
238,2025-03-20 20:23:55,10.221,0.48884516,1.214,22.75,-119.74978316666666,36.814345833333334,60.22252185143211,-7.552504217954295,4.2894824262999895,Before Launch
239,2025-03-20 20:23:55,10.263,-0.23622047999999998,-0.197,22.745,-119.74978316666666,36.814345833333334,60.22470181016432,-7.5498613881780905,4.291400529962416,Before Launch
240,2025-03-20 20:23:55,10.306,0.7185039599999999,0.1,22.738,-119.74978316666666,36.814345833333334,60.2421504064131,-7.501558115846372,4.297685880598099,Before Launch
241,2025-03-20 20:23:55,10.348,0.9744094799999999,0.149,22.748,-119.74978316666666,36.814345833333334,60.24414496082367,-7.496462332908072,4.285536118047538,Before Launch
242,2025-03-20 20:23:55,10.391,0.11482940000000001,-1.013,22.743,-119.74977466666667,36.81434083333333,60.23549271655076,-7.496674710129531,4.27196884348388,Before Launch
243,2025-03-20 20:23:55,10.433,0.83989504,0.226,22.735,-119.74977466666667,36.81434083333333,60.22551604787409,-7.465266413561689,4.269335833104326,Before Launch
244,2025-03-20 20:23:55,10.476,0.73162732,-0.44,22.745,-119.74977466666667,36.81434083333333,60.21731249430082,-7.4203754168091995,4.265771894769277,Before Launch
245,2025-03-20 20:23:55,10.518,0.11482940000000001,-0.8,22.743,-119.74977466666667,36.81434083333333,60.207660078890044,-7.39814067614395,4.274610483103627,Before Launch
246,2025-03-20 20:23:55,10.56,0.7053806,0.437,22.73,-119.74977466666667,36.81434083333333,60.211149186162544,-7.43166863515967,4.266118368144279,Before Launch
247,2025-03-20 20:23:55,10.603,2.26706044,3.348,22.72,-119.74977466666667,36.81434083333333,60.198738958597325,-7.417733923592548,4.264262696294799,Before Launch
248,2025-03-20 20:23:55,10.645,-0.35761156,-0.676,22.745,-119.74977466666667,36.81434083333333,60.19930191431019,-7.448970144574381,4.265896378863799,Before Launch
249,2025-03-20 20:23:55,10.688,1.19094492,1.128,22.728,-119.74977466666667,36.81434083333333,60.20739851943692,-7.465938072944422,4.257887610323744,Before Launch
250,2025-03-20 20:23:55,10.739,-0.47900264,-0.215,22.748,-119.74977466666667,36.81434083333333,60.22086354078135,-7.471294880313551,4.270318040021513,Before Launch
251,2025-03-20 20:23:56,10.782,0.24606299999999998,-0.336,22.748,-119.74977466666667,36.81434083333333,60.23280095022938,-7.451661354535922,4.28292571622836,Before Launch
252,2025-03-20 20:23:56,10.827,0.9612861199999999,1.575,22.74,-119.74977466666667,36.81434083333333,60.23241074377721,-7.4438682348726,4.281435721360976,Before Launch
253,2025-03-20 20:23:56,10.873,0.36745408,-0.856,22.74,-119.74977466666667,36.81434083333333,60.24478823432763,-7.479458624252795,4.303047502948384,Before Launch
254,2025-03-20 20:23:56,10.916,1.4435696,1.333,22.738,-119.74977466666667,36.81434083333333,60.07804327676679,-7.459230027162323,4.342183121626283,Before Launch
255,2025-03-20 20:23:56,10.958,0.24606299999999998,-1.312,22.748,-119.74977466666667,36.81434083333333,60.01514220952538,-7.4713877320798545,4.318343615743608,Before Launch
256,2025-03-20 20:23:56,11.001,0.47900264,0.103,22.748,-119.74977466666667,36.81434083333333,60.01471195189624,-7.4588546892418925,4.324726257001088,Before Launch
257,2025-03-20 20:23:56,11.044,0.8530184000000001,0.572,22.75,-119.74977466666667,36.81434083333333,59.89947790532416,-7.433241805140096,4.319158828542228,Before Launch
258,2025-03-20 20:23:56,11.087,0.24606299999999998,-0.45,22.748,-119.74977466666667,36.81434083333333,59.92828720514177,-7.432417173325158,4.330279062106306,Before Launch
259,2025-03-20 20:23:56,11.13,-0.35433072,0.015,22.745,-119.74977466666667,36.81434083333333,60.02466359961648,-7.422000435263266,4.299914533139444,Before Launch
260,2025-03-20 20:23:56,11.173,0.48884516,0.583,22.75,-119.74977466666667,36.81434083333333,60.056057062271364,-7.420768909972871,4.300265971350387,Before Launch
261,2025-03-20 20:23:56,11.215,-0.35761156,-0.103,22.745,-119.74977466666667,36.81434083333333,60.124535463521106,-7.448418446027819,4.30519312905242,Before Launch
262,2025-03-20 20:23:56,11.258,-0.23622047999999998,-0.447,22.743,-119.74977466666667,36.81434083333333,60.14151189338105,-7.462268799174731,4.306509091139674,Before Launch
263,2025-03-20 20:23:56,11.301,-1.4435696,-1.789,22.753,-119.74977466666667,36.81434083333333,60.168124570585846,-7.4721254640399755,4.310457330942797,Before Launch
264,2025-03-20 20:23:56,11.343,-0.59711288,-0.334,22.75,-119.74977466666667,36.81434083333333,60.1767292572484,-7.477992893184347,4.3280876442811245,Before Launch
265,2025-03-20 20:23:56,11.394,0.73162732,0.012,22.745,-119.74977466666667,36.81434083333333,60.19416386206718,-7.530340757598766,4.315754074334112,Before Launch
266,2025-03-20 20:23:56,11.44,0.47900264,-0.454,22.743,-119.7497685,36.81433766666667,60.23461486322823,-7.534098140282044,4.307295868252409,Before Launch
267,2025-03-20 20:23:56,11.482,1.32545936,1.11,22.74,-119.7497685,36.81433766666667,60.24513495786469,-7.527236776934114,4.332917132148071,Before Launch
268,2025-03-20 20:23:56,11.527,0.48884516,-0.321,22.75,-119.7497685,36.81433766666667,60.26506114756421,-7.522774520486966,4.3196461732580715,Before Launch
269,2025-03-20 20:23:56,11.57,0.9612861199999999,0.21,22.74,-119.7497685,36.81433766666667,60.25254532400976,-7.508837145493347,4.320578350875152,Before Launch
270,2025-03-20 20:23:56,11.612,-0.23622047999999998,-0.321,22.758,-119.7497685,36.81433766666667,60.264304607215266,-7.505908016094051,4.30638658995811,Before Launch
271,2025-03-20 20:23:56,11.655,-0.35433072,-0.968,22.753,-119.7497685,36.81433766666667,60.27307656262492,-7.516886933080556,4.299829852605307,Before Launch
272,2025-03-20 20:23:56,11.698,0.73162732,-1.402,22.745,-119.7497685,36.81433766666667,60.271481666946606,-7.501749426849266,4.283733280170197,Before Launch
273,2025-03-20 20:23:56,11.74,0.36745408,0.662,22.748,-119.7497685,36.81433766666667,60.280581104846874,-7.496491121360892,4.2940024880201895,Before Launch
274,2025-03-20 20:23:57,11.782,1.09251972,-0.09,22.745,-119.7497685,36.81433766666667,60.29823804158864,-7.456435150767998,4.282351860582625,Before Launch
275,2025-03-20 20:23:57,11.826,0.36745408,0.779,22.745,-119.7497685,36.81433766666667,60.28075466459334,-7.442389667436035,4.266347710548758,Before Launch
276,2025-03-20 20:23:57,11.874,0.36745408,0.111,22.745,-119.7497685,36.81433766666667,60.24288485465491,-7.44108898592023,4.2622617198520105,Before Launch
277,2025-03-20 20:23:57,11.918,-0.59711288,-1.428,22.75,-119.7497685,36.81433766666667,60.243259422085096,-7.4124548655513145,4.240549993576386,Before Launch
278,2025-03-20 20:23:57,11.963,0.12795276,-0.22,22.75,-119.7497685,36.81433766666667,60.235326077057024,-7.403040831557874,4.246456457719991,Before Launch
279,2025-03-20 20:23:57,12.005,-0.35761156,-1.654,22.745,-119.7497685,36.81433766666667,60.20678988329224,-7.432961346914401,4.24123776193405,Before Launch
280,2025-03-20 20:23:57,12.047,1.09251972,0.777,22.745,-119.7497685,36.81433766666667,60.20784990992689,-7.421536805374271,4.262549797217851,Before Launch
281,2025-03-20 20:23:57,12.09,0.73162732,0.232,22.753,-119.7497685,36.81433766666667,60.169064017528825,-7.473891135833717,4.281779262356392,Before Launch
282,2025-03-20 20:23:57,12.132,-0.23622047999999998,-1.001,22.75,-119.7497685,36.81433766666667,60.17797867505724,-7.462203960780332,4.310683082937152,Before Launch
283,2025-03-20 20:23:57,12.176,-0.11482940000000001,-0.331,22.748,-119.7497685,36.81433766666667,60.20228724480327,-7.499100871149653,4.320766647525372,Before Launch
284,2025-03-20 20:23:57,12.218,0.74475068,1.01,22.76,-119.7497685,36.81433766666667,60.19151391924537,-7.507801596978871,4.318234121275614,Before Launch
285,2025-03-20 20:23:57,12.26,0.37073492,-0.109,22.753,-119.7497685,36.81433766666667,60.16897379181841,-7.497117817153597,4.310506081498605,Before Launch
286,2025-03-20 20:23:57,12.303,-0.00656168,0.323,22.753,-119.7497685,36.81433766666667,60.173966041620574,-7.506102318559066,4.3004890468873915,Before Launch
287,2025-03-20 20:23:57,12.345,2.54593184,2.559,22.745,-119.7497685,36.81433766666667,60.19705681376446,-7.5065797434936,4.325132781503132,Before Launch
288,2025-03-20 20:23:57,12.388,0.8530184000000001,2.113,22.75,-119.7497815,36.81434016666667,60.22094391475445,-7.487506352999184,4.31305193419348,Before Launch
289,2025-03-20 20:23:57,12.43,0.61023624,1.111,22.748,-119.7497815,36.81434016666667,60.18517274502706,-7.502578810730118,4.28812124636931,Before Launch
290,2025-03-20 20:23:57,12.472,0.86614176,0.125,22.758,-119.7497815,36.81434016666667,60.215900907547386,-7.487340210873015,4.3001654748159215,Before Launch
291,2025-03-20 20:23:57,12.515,0.8530184000000001,0.348,22.75,-119.7497815,36.81434016666667,60.228063905091595,-7.516906663776825,4.290261788081078,Before Launch
292,2025-03-20 20:23:57,12.558,-0.35433072,-1.561,22.753,-119.7497815,36.81434016666667,60.252057182238865,-7.518390822596007,4.289235863197823,Before Launch
293,2025-03-20 20:23:57,12.6,1.21719164,0.679,22.75,-119.7497815,36.81434016666667,60.264056936815976,-7.49852845153773,4.294698798024104,Before Launch
294,2025-03-20 20:23:57,12.642,1.09580056,0.125,22.753,-119.7497815,36.81434016666667,60.28180318022845,-7.532224652473614,4.307478910413025,Before Launch
295,2025-03-20 20:23:57,12.685,-0.23622047999999998,0.0,22.75,-119.7497815,36.81434016666667,60.27579735954031,-7.52163960754097,4.323877266192837,Before Launch
296,2025-03-20 20:23:57,12.727,0.12795276,0.45,22.75,-119.7497815,36.81434016666667,60.286612504207945,-7.521918954672149,4.334367386448939,Before Launch
297,2025-03-20 20:23:57,12.77,1.32545936,0.554,22.74,-119.7497815,36.81434016666667,60.23931235113995,-7.5157690824599,4.303571448679439,Before Launch
298,2025-03-20 20:23:58,12.812,0.38385828,0.015,22.76,-119.7497815,36.81434016666667,60.229615630949894,-7.494542951764757,4.303371756187073,Before Launch
299,2025-03-20 20:23:58,12.855,0.74475068,-0.324,22.758,-119.7497815,36.81434016666667,60.23173719322525,-7.507515858301636,4.318392223436835,Before Launch
300,2025-03-20 20:23:58,12.898,0.35433072,-0.012,22.738,-119.7497815,36.81434016666667,60.25967323367474,-7.487919209837869,4.317719207165911,Before Launch
301,2025-03-20 20:23:58,12.94,0.6233596,0.24,22.755,-119.7497815,36.81434016666667,60.255626586937794,-7.520851516229515,4.3204392107547935,Before Launch
302,2025-03-20 20:23:58,12.982,0.50196852,1.033,22.758,-119.7497815,36.81434016666667,60.24997374787155,-7.5015743799240555,4.32771385106013,Before Launch
303,2025-03-20 20:23:58,13.025,1.4435696,1.239,22.738,-119.7497815,36.81434016666667,60.249267678211694,-7.518029173091162,4.340263592338105,Before Launch
304,2025-03-20 20:23:58,13.068,0.13779528000000002,0.466,22.758,-119.7497815,36.81434016666667,60.26594885867524,-7.509743587755397,4.328974914073643,Before Launch
305,2025-03-20 20:23:58,13.111,-0.10498688,-1.125,22.753,-119.7497815,36.81434016666667,60.22271438438251,-7.503143414938541,4.308602877920431,Before Launch
306,2025-03-20 20:23:58,13.154,1.0826772,0.33,22.738,-119.7497815,36.81434016666667,60.23952504632671,-7.528532059424317,4.318823284836184,Before Launch
307,2025-03-20 20:23:58,13.196,0.25918636,0.466,22.755,-119.7497815,36.81434016666667,60.21700115717564,-7.500961747709318,4.319476179971139,Before Launch
308,2025-03-20 20:23:58,13.239,0.73162732,0.796,22.755,-119.7497815,36.81434016666667,60.19719629215898,-7.480587570958442,4.322919972600807,Before Launch
309,2025-03-20 20:23:58,13.281,0.73162732,-0.012,22.753,-119.7497815,36.81434016666667,60.182688868105615,-7.492456661898583,4.315999114228213,Before Launch
310,2025-03-20 20:23:58,13.324,0.6233596,0.237,22.755,-119.7497815,36.81434016666667,60.17831689062218,-7.504495315894202,4.322870147648086,Before Launch
311,2025-03-20 20:23:58,13.366,0.13779528000000002,0.136,22.753,-119.74977616666666,36.81433583333333,60.18378559992229,-7.510071633514696,4.307392498159381,Before Launch
312,2025-03-20 20:23:58,13.409,0.4757218,-1.946,22.735,-119.74977616666666,36.81433583333333,60.1885675800338,-7.528464051832474,4.311676740210718,Before Launch
313,2025-03-20 20:23:58,13.451,0.9842519999999999,0.123,22.755,-119.74977616666666,36.81433583333333,60.201226158837315,-7.5145068962374735,4.3165084674817,Before Launch
314,2025-03-20 20:23:58,13.494,0.9744094799999999,0.342,22.753,-119.74977616666666,36.81433583333333,60.208254365117526,-7.496171979126424,4.3167330753438495,Before Launch
315,2025-03-20 20:23:58,13.537,0.48884516,-0.354,22.75,-119.74977616666666,36.81433583333333,60.232159237002406,-7.495477326867985,4.3145877773750625,Before Launch
316,2025-03-20 20:23:58,13.579,-0.35433072,-1.135,22.753,-119.74977616666666,36.81433583333333,60.21084663413051,-7.491210210715883,4.311814143504801,Before Launch
317,2025-03-20 20:23:58,13.621,0.37073492,0.682,22.753,-119.74977616666666,36.81433583333333,60.21016376438132,-7.480915939298262,4.313004982974759,Before Launch
318,2025-03-20 20:23:58,13.664,1.56496068,0.327,22.735,-119.74977616666666,36.81433583333333,60.22384388336997,-7.468779300988,4.307953488454012,Before Launch
319,2025-03-20 20:23:58,13.706,-0.59711288,-1.591,22.75,-119.74977616666666,36.81433583333333,60.18822407039156,-7.508157090113812,4.304092958803384,Before Launch
320,2025-03-20 20:23:58,13.749,0.37073492,0.57,22.753,-119.74977616666666,36.81433583333333,60.16843791507954,-7.482728474707822,4.3060893662655975,Before Launch
321,2025-03-20 20:23:59,13.791,0.50196852,0.352,22.743,-119.74977616666666,36.81433583333333,60.1645556895045,-7.475065643457288,4.290512303132644,Before Launch
322,2025-03-20 20:23:59,13.833,0.48884516,-0.787,22.75,-119.74977616666666,36.81433583333333,60.170289720808505,-7.484130463562808,4.288545363546715,Before Launch
323,2025-03-20 20:23:59,13.876,1.22703416,0.792,22.758,-119.74977616666666,36.81433583333333,60.159604779895226,-7.49957399236315,4.288688822750937,Before Launch
324,2025-03-20 20:23:59,13.919,0.50196852,-0.228,22.753,-119.74977616666666,36.81433583333333,60.17701924717661,-7.492983793450129,4.292615069143973,Before Launch
325,2025-03-20 20:23:59,13.961,0.48884516,0.127,22.75,-119.74977616666666,36.81433583333333,60.163679980628736,-7.498998091863798,4.284523238858167,Before Launch
326,2025-03-20 20:23:59,14.004,0.25918636,-0.342,22.755,-119.74977616666666,36.81433583333333,60.17608248346339,-7.499040700643899,4.277943981025271,Before Launch
327,2025-03-20 20:23:59,14.047,0.61023624,0.102,22.743,-119.74977616666666,36.81433583333333,60.18418464808038,-7.530260376963199,4.290161303753352,Before Launch
328,2025-03-20 20:23:59,14.089,-0.10498688,-1.455,22.755,-119.74977616666666,36.81433583333333,60.199963185791404,-7.493850983323096,4.3142433676361485,Before Launch
329,2025-03-20 20:23:59,14.139,0.73162732,0.554,22.753,-119.74977616666666,36.81433583333333,60.213094319724085,-7.500901102721125,4.312126766258854,Before Launch
330,2025-03-20 20:23:59,14.185,1.20406828,1.219,22.73,-119.74977616666666,36.81433583333333,60.24379067085256,-7.521702668045216,4.328019441100383,Before Launch
331,2025-03-20 20:23:59,14.227,0.01968504,-0.991,22.76,-119.74977616666666,36.81433583333333,60.2255058374952,-7.512890056902566,4.302178831292879,Before Launch
332,2025-03-20 20:23:59,14.27,0.74475068,0.452,22.76,-119.74977616666666,36.81433583333333,60.25559830052964,-7.540747293587486,4.305316387820398,Before Launch
333,2025-03-20 20:23:59,14.312,-1.06955384,-1.679,22.755,-119.74977616666666,36.81433583333333,60.25222027485997,-7.525883602922884,4.31123152503537,Before Launch
334,2025-03-20 20:23:59,14.354,1.3484252399999999,0.575,22.755,-119.74977616666666,36.81433583333333,60.24831875891408,-7.520171670717436,4.327861311479243,Before Launch
335,2025-03-20 20:23:59,14.397,0.6233596,0.0,22.755,-119.74975383333333,36.814327666666664,60.236195993222054,-7.508952350308266,4.318523608275232,Before Launch
336,2025-03-20 20:23:59,14.439,0.8530184000000001,0.667,22.75,-119.74975383333333,36.814327666666664,60.23007048507583,-7.508757341827407,4.305821399335024,Before Launch
337,2025-03-20 20:23:59,14.482,0.25918636,-0.202,22.755,-119.74975383333333,36.814327666666664,60.22873224607789,-7.4973373052111185,4.300091408958451,Before Launch
338,2025-03-20 20:23:59,14.525,-0.22309712,-1.124,22.758,-119.74975383333333,36.814327666666664,60.23900330450225,-7.526605098112735,4.3076296699296925,Before Launch
339,2025-03-20 20:23:59,14.567,0.00656168,-0.902,22.753,-119.74975383333333,36.814327666666664,60.23333663081276,-7.539249161984135,4.330627540129159,Before Launch
340,2025-03-20 20:23:59,14.617,0.25918636,-0.213,22.765,-119.74975383333333,36.814327666666664,60.2686646121635,-7.526830461179684,4.338137338061907,Before Launch
341,2025-03-20 20:23:59,14.661,1.56824152,1.777,22.743,-119.74975383333333,36.814327666666664,60.26727297668503,-7.531017285879413,4.351795817263856,Before Launch
342,2025-03-20 20:23:59,14.705,0.47900264,0.1,22.743,-119.74975383333333,36.814327666666664,60.267993648303396,-7.549424683240377,4.338053179777481,Before Launch
343,2025-03-20 20:23:59,14.748,0.7053806,-0.793,22.73,-119.74975383333333,36.814327666666664,60.239711851845364,-7.546038663557649,4.347014192240942,Before Launch
344,2025-03-20 20:24:00,14.791,-0.35433072,0.224,22.753,-119.74975383333333,36.814327666666664,60.253514640806124,-7.536299197934412,4.333088968957089,Before Launch
345,2025-03-20 20:24:00,14.833,0.13779528000000002,-0.215,22.758,-119.74975383333333,36.814327666666664,60.25373357006889,-7.510874725013697,4.334260499112335,Before Launch
346,2025-03-20 20:24:00,14.876,1.0826772,0.535,22.738,-119.74975383333333,36.814327666666664,60.218156743075745,-7.516786065410155,4.336439098705081,Before Launch
347,2025-03-20 20:24:00,14.918,0.37073492,-0.109,22.753,-119.74975383333333,36.814327666666664,60.210303794753514,-7.466181629991893,4.291503395448292,Before Launch
348,2025-03-20 20:24:00,14.961,0.6233596,-0.556,22.755,-119.74975383333333,36.814327666666664,60.21614665551638,-7.450711925557146,4.301164307760132,Before Launch
349,2025-03-20 20:24:00,15.004,2.2801837999999996,1.639,22.728,-119.74975383333333,36.814327666666664,60.16740263706895,-7.405224300853228,4.27954107847016,Before Launch
350,2025-03-20 20:24:00,15.046,0.48884516,0.0,22.75,-119.74975383333333,36.814327666666664,60.18056228986889,-7.42490218477054,4.268170611020399,Before Launch
351,2025-03-20 20:24:00,15.089,0.86614176,0.559,22.758,-119.74975383333333,36.814327666666664,60.180810675035104,-7.425488816971858,4.2539568547522135,Before Launch
352,2025-03-20 20:24:00,15.132,1.68635176,0.992,22.74,-119.74975383333333,36.814327666666664,60.184610853266115,-7.392573362644921,4.258441872961724,Before Launch
353,2025-03-20 20:24:00,15.174,0.73162732,0.771,22.745,-119.74975383333333,36.814327666666664,60.1718729477042,-7.4288691717627335,4.273240840685168,Before Launch
354,2025-03-20 20:24:00,15.217,0.59711288,-0.125,22.74,-119.74975383333333,36.814327666666664,60.16653659279748,-7.400338714239314,4.280609052288016,Before Launch
355,2025-03-20 20:24:00,15.26,1.8077428400000002,0.562,22.738,-119.74975383333333,36.814327666666664,60.19394393307134,-7.443263381304134,4.282803376098307,Before Launch
356,2025-03-20 20:24:00,15.302,0.8530184000000001,0.775,22.75,-119.74975383333333,36.814327666666664,60.18565882131298,-7.448376464302842,4.298523226397188,Before Launch
357,2025-03-20 20:24:00,15.344,0.38385828,-0.336,22.76,-119.74975383333333,36.814327666666664,60.164900173976505,-7.442929278880708,4.292143447505248,Before Launch
358,2025-03-20 20:24:00,15.387,0.9842519999999999,1.911,22.748,-119.749749,36.81432433333333,60.139257210767745,-7.424094576089672,4.300092312311623,Before Launch
359,2025-03-20 20:24:00,15.437,-0.35433072,-1.572,22.753,-119.749749,36.81432433333333,60.14946668535295,-7.4234437574412855,4.297540068028799,Before Launch
360,2025-03-20 20:24:00,15.481,-0.24606299999999998,-0.802,22.743,-119.749749,36.81432433333333,60.16013123763628,-7.442771772495533,4.29841821512283,Before Launch
361,2025-03-20 20:24:00,15.523,2.15551188,1.202,22.723,-119.749749,36.81432433333333,60.17876267376062,-7.448812076148642,4.288763381422329,Before Launch
362,2025-03-20 20:24:00,15.566,0.9612861199999999,0.648,22.74,-119.749749,36.81432433333333,60.159908989961814,-7.458160142850316,4.280229103661482,Before Launch
363,2025-03-20 20:24:00,15.608,0.38385828,0.56,22.76,-119.749749,36.81432433333333,60.16885512719307,-7.494838308438626,4.323901660897264,Before Launch
364,2025-03-20 20:24:00,15.651,-0.34448819999999997,-0.324,22.76,-119.749749,36.81432433333333,60.1794871864398,-7.532101935801526,4.315079633887127,Before Launch
365,2025-03-20 20:24:00,15.694,-0.8530184000000001,-1.033,22.74,-119.749749,36.81432433333333,60.18932173693401,-7.5545255517984735,4.337284411989515,Before Launch
366,2025-03-20 20:24:00,15.736,0.00656168,-1.453,22.753,-119.749749,36.81432433333333,60.186829207298274,-7.544883608887639,4.349932313707098,Before Launch
367,2025-03-20 20:24:01,15.779,-0.10498688,-0.544,22.755,-119.749749,36.81432433333333,60.19160004589846,-7.566349691403082,4.360622854865571,Before Launch
368,2025-03-20 20:24:01,15.821,1.7913386400000002,1.012,22.723,-119.749749,36.81432433333333,60.21292283892287,-7.552969804081593,4.3403907193850575,Before Launch
369,2025-03-20 20:24:01,15.864,-0.9481627599999999,-0.553,22.758,-119.749749,36.81432433333333,60.228870381184784,-7.560673802643564,4.352500547250894,Before Launch
370,2025-03-20 20:24:01,15.907,-0.9481627599999999,-1.011,22.758,-119.749749,36.81432433333333,60.212582433731086,-7.569895316728152,4.34287736739233,Before Launch
371,2025-03-20 20:24:01,15.95,0.50196852,-0.541,22.758,-119.749749,36.81432433333333,60.20047642012828,-7.570214523712992,4.342860971194393,Before Launch
372,2025-03-20 20:24:01,15.992,0.73162732,0.336,22.753,-119.749749,36.81432433333333,60.204272289267365,-7.539651651736021,4.298447670621675,Before Launch
373,2025-03-20 20:24:01,16.035,2.52296596,1.769,22.73,-119.749749,36.81432433333333,60.19375669523114,-7.508750755368523,4.27462705566278,Before Launch
374,2025-03-20 20:24:01,16.078,2.050525,-0.214,22.74,-119.749749,36.81432433333333,60.22174864533934,-7.462894350155844,4.2640678928959055,Before Launch
375,2025-03-20 20:24:01,16.12,-0.10498688,-0.553,22.755,-119.749749,36.81432433333333,60.20818832692939,-7.43390187616741,4.2668242472667295,Before Launch
376,2025-03-20 20:24:01,16.163,0.9842519999999999,0.11,22.755,-119.749749,36.81432433333333,60.19205283846408,-7.428427556880944,4.251740234856765,Before Launch
377,2025-03-20 20:24:01,16.206,1.0826772,-0.562,22.738,-119.749749,36.81432433333333,60.19725564878105,-7.416498267395681,4.256085062408048,Before Launch
378,2025-03-20 20:24:01,16.248,1.5912074,0.8,22.758,-119.749749,36.81432433333333,60.2416628135875,-7.431423386197637,4.251905134484808,Before Launch
379,2025-03-20 20:24:01,16.291,-0.10498688,-0.654,22.755,-119.749749,36.81432433333333,60.25129595960826,-7.443466985202563,4.2296991269182636,Before Launch
380,2025-03-20 20:24:01,16.334,1.66010504,-0.137,22.718,-119.749749,36.81432433333333,60.28685578386164,-7.199206466817324,4.088545396843782,Before Launch
381,2025-03-20 20:24:01,16.376,-1.06955384,-1.79,22.76,-119.74973466666667,36.814319833333336,60.29655711848449,-6.800798307997421,3.855815686626248,Before Launch
382,2025-03-20 20:24:01,16.418,0.50196852,0.11,22.758,-119.74973466666667,36.814319833333336,60.31595355530019,-6.3620561074058175,3.6163857787769524,Before Launch
383,2025-03-20 20:24:01,16.461,-0.10498688,-1.014,22.73,-119.74973466666667,36.814319833333336,60.32706966152695,-6.320456865518923,3.6083189940527673,Before Launch
384,2025-03-20 20:24:01,16.503,1.09580056,1.36,22.753,-119.74973466666667,36.814319833333336,60.30613335542156,-6.305056549011814,3.565584659656612,Before Launch
385,2025-03-20 20:24:01,16.546,1.20078744,1.359,22.735,-119.74973466666667,36.814319833333336,60.27872912330166,-6.292617979272526,3.569813145640919,Before Launch
386,2025-03-20 20:24:01,16.588,-0.23622047999999998,-2.246,22.74,-119.74973466666667,36.814319833333336,60.26963999288274,-6.572175575759178,3.7501705725537726,Before Launch
387,2025-03-20 20:24:01,16.631,-0.46587927999999995,-1.34,22.755,-119.74973466666667,36.814319833333336,60.24852182831071,-6.747069536528871,3.854410589316729,Before Launch
388,2025-03-20 20:24:01,16.673,0.25918636,-0.117,22.755,-119.74973466666667,36.814319833333336,60.24274233102537,-6.977377457615959,3.9921326888913917,Before Launch
389,2025-03-20 20:24:01,16.716,0.01968504,0.342,22.76,-119.74973466666667,36.814319833333336,60.237244493416824,-7.074704069510203,4.0545970168899785,Before Launch
390,2025-03-20 20:24:01,16.759,-0.34448819999999997,0.477,22.76,-119.74973466666667,36.814319833333336,60.262213083054874,-7.23117830380747,4.112486805931408,Before Launch
391,2025-03-20 20:24:02,16.801,0.86614176,0.807,22.758,-119.74973466666667,36.814319833333336,60.26185886916887,-7.261181601843267,4.154796110437048,Before Launch
392,2025-03-20 20:24:02,16.843,-0.22309712,-0.111,22.758,-119.74973466666667,36.814319833333336,60.233722345257334,-7.308836129130765,4.208642264422856,Before Launch
393,2025-03-20 20:24:02,16.886,-0.10498688,-1.781,22.755,-119.74973466666667,36.814319833333336,60.22866575007447,-7.350081065064628,4.213875351573006,Before Launch
394,2025-03-20 20:24:02,16.929,-0.34448819999999997,0.567,22.76,-119.74973466666667,36.814319833333336,60.20496815075789,-7.399022915855919,4.2639709777067765,Before Launch
395,2025-03-20 20:24:02,16.971,-0.34448819999999997,0.567,22.76,-119.74973466666667,36.814319833333336,60.20597629838869,-7.422212654448711,4.286344868130487,Before Launch
396,2025-03-20 20:24:02,17.015,-1.19094492,-1.59,22.763,-119.74973466666667,36.814319833333336,60.21814454622207,-7.5035057624819625,4.313562634028319,Before Launch
397,2025-03-20 20:24:02,17.059,1.32545936,0.557,22.74,-119.74973466666667,36.814319833333336,60.226468189228946,-7.520917337833994,4.303792911360908,Before Launch
398,2025-03-20 20:24:02,17.102,0.01968504,-2.346,22.74,-119.74973466666667,36.814319833333336,60.21439852039768,-7.534359762961341,4.308203144821368,Before Launch
399,2025-03-20 20:24:02,17.144,-0.34448819999999997,-2.247,22.76,-119.74973466666667,36.814319833333336,60.22458293813682,-7.512307116513842,4.2979269142689045,Before Launch
400,2025-03-20 20:24:02,17.189,1.3484252399999999,1.36,22.755,-119.74973466666667,36.814319833333336,60.24922442567236,-7.490095371914817,4.280396753302575,Before Launch
401,2025-03-20 20:24:02,17.231,0.59711288,-0.362,22.74,-119.74973466666667,36.814319833333336,60.24531763711375,-7.47553524513837,4.283229455983392,Before Launch
402,2025-03-20 20:24:02,17.275,0.50196852,-0.543,22.758,-119.74973466666667,36.814319833333336,60.288706241065974,-7.481319003694469,4.29268869168731,Before Launch
403,2025-03-20 20:24:02,17.317,1.22703416,-0.341,22.758,-119.74973466666667,36.814319833333336,60.278967993657005,-7.455979780447901,4.267556187049815,Before Launch
404,2025-03-20 20:24:02,17.36,2.51968512,2.455,22.723,-119.74973466666667,36.814319833333336,60.261704172507024,-7.458548880935869,4.272395495388521,Before Launch
405,2025-03-20 20:24:02,17.402,-0.22309712,-1.763,22.758,-119.749737,36.814319,60.24624637557881,-7.456420162957911,4.2742688742663475,Before Launch
406,2025-03-20 20:24:02,17.445,0.73162732,1.685,22.753,-119.749737,36.814319,60.276571307611775,-7.4873133992140835,4.266422730265052,Before Launch
407,2025-03-20 20:24:02,17.488,0.73162732,0.215,22.745,-119.749737,36.814319,60.26139860838226,-7.467219317552195,4.265571816207761,Before Launch
408,2025-03-20 20:24:02,17.53,0.6233596,0.681,22.755,-119.749737,36.814319,60.22798883887438,-7.469702458537256,4.272607414045636,Before Launch
409,2025-03-20 20:24:02,17.573,0.12795276,-0.905,22.75,-119.749737,36.814319,60.22221816177405,-7.47698762560424,4.270881213169875,Before Launch
410,2025-03-20 20:24:02,17.615,1.0826772,-0.11,22.738,-119.749737,36.814319,60.223633091127205,-7.495440609512824,4.311455352386356,Before Launch
411,2025-03-20 20:24:02,17.658,0.01968504,0.239,22.76,-119.749737,36.814319,60.22204501917137,-7.496722576476737,4.322017693007822,Before Launch
412,2025-03-20 20:24:02,17.7,0.01968504,0.454,22.76,-119.749737,36.814319,60.22522345345947,-7.545440920053678,4.321291089921793,Before Launch
413,2025-03-20 20:24:02,17.742,0.01968504,-0.224,22.745,-119.749737,36.814319,60.21877312693958,-7.562586351182681,4.330431546129779,Before Launch
414,2025-03-20 20:24:03,17.785,0.00656168,-0.012,22.753,-119.749737,36.814319,60.213584707583486,-7.593300252438542,4.344387865944929,Before Launch
415,2025-03-20 20:24:03,17.827,0.50196852,0.793,22.758,-119.749737,36.814319,60.209240285330296,-7.615929863074784,4.36463330413824,Before Launch
416,2025-03-20 20:24:03,17.87,0.50196852,-0.341,22.723,-119.749737,36.814319,60.20620399477159,-7.615288017154916,4.3706330120467785,Before Launch
417,2025-03-20 20:24:03,17.912,0.86614176,1.019,22.758,-119.749737,36.814319,60.21344683123891,-7.626275051113805,4.362229468865633,Before Launch
418,2025-03-20 20:24:03,17.955,0.74475068,0.795,22.76,-119.749737,36.814319,60.212122967011595,-7.6128075086853615,4.364563801085476,Before Launch
419,2025-03-20 20:24:03,17.998,0.01968504,0.341,22.755,-119.749737,36.814319,60.2099136511763,-7.597953123640044,4.3625272982342445,Before Launch
420,2025-03-20 20:24:03,18.04,-0.46259843999999994,-0.11,22.763,-119.749737,36.814319,60.179802641965914,-7.558144006792517,4.333581640391824,Before Launch
421,2025-03-20 20:24:03,18.083,0.8530184000000001,1.914,22.75,-119.749737,36.814319,60.17454151724445,-7.567115276797484,4.335561205015708,Before Launch
422,2025-03-20 20:24:03,18.125,0.0328084,-1.213,22.768,-119.749737,36.814319,60.18255660385045,-7.5461160586816955,4.330824977338357,Before Launch
423,2025-03-20 20:24:03,18.168,0.9842519999999999,0.905,22.755,-119.749737,36.814319,60.20147505423028,-7.550105562808379,4.335396125675139,Before Launch
424,2025-03-20 20:24:03,18.211,0.9842519999999999,1.245,22.755,-119.749737,36.814319,60.19990315098412,-7.508226953027592,4.349733443662964,Before Launch
425,2025-03-20 20:24:03,18.254,0.13779528000000002,-1.137,22.758,-119.749737,36.814319,60.20787809051436,-7.532496731708058,4.357247845355513,Before Launch
426,2025-03-20 20:24:03,18.296,0.50196852,-0.089,22.758,-119.749737,36.814319,60.20539555228101,-7.531034465089176,4.340151021201416,Before Launch
427,2025-03-20 20:24:03,18.339,0.15091864,-0.33,22.765,-119.749737,36.814319,60.184587204743075,-7.541661364025149,4.342807983719241,Before Launch
428,2025-03-20 20:24:03,18.389,2.15879272,0.869,22.73,0.0,0.0,60.21814695935588,-7.541559784944982,4.338920804332396,Before Launch
429,2025-03-20 20:24:03,18.432,0.01968504,-2.332,22.76,0.0,0.0,60.20524054838157,-7.555111343989138,4.339071974579482,Before Launch
430,2025-03-20 20:24:03,18.478,0.61023624,0.774,22.748,0.0,0.0,60.19308347917041,-7.505274170755328,4.317432725083758,Before Launch
431,2025-03-20 20:24:03,18.521,0.74475068,0.012,22.755,0.0,0.0,60.15340407229726,-7.467281552287626,4.299220251604299,Before Launch
432,2025-03-20 20:24:03,18.563,0.61023624,-0.113,22.748,0.0,0.0,60.15843983600255,-7.471181662853397,4.304875282472556,Before Launch
433,2025-03-20 20:24:03,18.606,0.8530184000000001,0.213,22.75,0.0,0.0,60.17405033417183,-7.402351373859542,4.272492377724346,Before Launch
434,2025-03-20 20:24:03,18.649,1.71259848,1.473,22.755,0.0,0.0,60.174115715697305,-7.3660521449911265,4.245045978628244,Before Launch
435,2025-03-20 20:24:03,18.691,1.06955384,-0.012,22.73,0.0,0.0,60.17859734516829,-7.355216859790481,4.224528605286034,Before Launch
436,2025-03-20 20:24:03,18.734,-0.22309712,-0.226,22.758,0.0,0.0,60.17888425114454,-7.32867283579213,4.225537557217408,Before Launch
437,2025-03-20 20:24:04,18.776,-0.9383202399999999,-0.89,22.758,0.0,0.0,60.186363513517044,-7.3589460671360305,4.23258259797689,Before Launch
438,2025-03-20 20:24:04,18.819,0.47900264,0.426,22.743,0.0,0.0,60.17453961224859,-7.379932692005565,4.248661427287148,Before Launch
439,2025-03-20 20:24:04,18.861,0.2624672,0.238,22.763,0.0,0.0,60.201797764819474,-7.48084231115418,4.263584485392509,Before Launch
440,2025-03-20 20:24:04,18.904,1.20078744,0.649,22.763,0.0,0.0,60.17825092019943,-7.476357882076893,4.2777044977359004,Before Launch
441,2025-03-20 20:24:04,18.946,1.56824152,0.991,22.743,0.0,0.0,60.1853360189502,-7.49895076822756,4.293903061327462,Before Launch
442,2025-03-20 20:24:04,18.989,-0.69553808,-1.45,22.768,0.0,0.0,60.20713960941356,-7.530464261056391,4.294895991600038,Before Launch
443,2025-03-20 20:24:04,19.031,-0.21325460000000002,-0.89,22.765,0.0,0.0,60.207725690347125,-7.524748386506677,4.3173299953177,Before Launch
444,2025-03-20 20:24:04,19.074,1.57808404,1.448,22.75,0.0,0.0,60.2384271485457,-7.53366976573649,4.31082306743334,Before Launch
445,2025-03-20 20:24:04,19.116,-0.46259843999999994,0.0,22.763,0.0,0.0,60.236735195253544,-7.490833771938813,4.303907274750748,Before Launch
446,2025-03-20 20:24:04,19.159,-0.82677168,-1.561,22.763,0.0,0.0,60.214873208934435,-7.4911223778010445,4.295086038248333,Before Launch
447,2025-03-20 20:24:04,19.201,2.2801837999999996,2.089,22.728,0.0,0.0,60.22593257024325,-7.494043580315608,4.305027563012928,Before Launch
448,2025-03-20 20:24:04,19.244,-0.574147,-1.448,22.765,0.0,0.0,60.22462514234727,-7.466162133311548,4.297375587874809,Before Launch
449,2025-03-20 20:24:04,19.286,0.62664044,-0.333,22.763,0.0,0.0,60.18673546186555,-7.4649959036427855,4.299391103657756,Before Launch
450,2025-03-20 20:24:04,19.329,0.9744094799999999,0.778,22.748,0.0,0.0,60.199248825087594,-7.455356915493781,4.292292571812698,Before Launch
451,2025-03-20 20:24:04,19.372,0.75787404,0.238,22.768,0.0,0.0,60.172962125004354,-7.456176363010772,4.300310581447389,Before Launch
452,2025-03-20 20:24:04,19.414,0.11482940000000001,-0.034,22.743,0.0,0.0,60.1791537465535,-7.459335234025895,4.295300376012761,Before Launch
453,2025-03-20 20:24:04,19.456,0.39370079999999996,-1.654,22.743,0.0,0.0,60.1917248816184,-7.472857447317304,4.313742053973755,Before Launch
454,2025-03-20 20:24:04,19.499,0.0328084,0.012,22.768,0.0,0.0,60.19834130703324,-7.501872790835483,4.305176456830963,Before Launch
455,2025-03-20 20:24:04,19.543,-0.21325460000000002,-0.773,22.765,0.0,0.0,60.202315613130324,-7.495903710234596,4.302857712616732,Before Launch
456,2025-03-20 20:24:04,19.585,0.8759842800000001,0.123,22.765,0.0,0.0,60.2147720114101,-7.503433021050922,4.306900924706448,Before Launch
457,2025-03-20 20:24:04,19.628,-0.22309712,-0.782,22.758,0.0,0.0,60.203875786029876,-7.4558292160738455,4.295971644073152,Before Launch
458,2025-03-20 20:24:04,19.671,-0.46259843999999994,-1.235,22.763,0.0,0.0,60.20787620731234,-7.454173802610684,4.290672548979471,Before Launch
459,2025-03-20 20:24:04,19.713,0.01968504,-1.591,22.725,0.0,0.0,60.218423974011486,-7.4224952011305785,4.277785944063248,Before Launch
460,2025-03-20 20:24:04,19.755,0.74475068,-0.305,22.76,0.0,0.0,60.23101033955625,-7.400790379295963,4.276525750541553,Before Launch
461,2025-03-20 20:24:05,19.798,-0.82677168,-0.567,22.763,0.0,0.0,60.22866315026637,-7.39927922833333,4.277315546820337,Before Launch
462,2025-03-20 20:24:05,19.841,0.2624672,1.127,22.765,0.0,0.0,60.22831356048833,-7.417655913750173,4.302410812744852,Before Launch
463,2025-03-20 20:24:05,19.883,-1.05643048,-1.443,22.768,0.0,0.0,60.223839844002015,-7.423848084016547,4.269473263155175,Before Launch
464,2025-03-20 20:24:05,19.926,1.69947512,1.349,22.748,0.0,0.0,60.20348861397602,-7.442151244320452,4.271431511829668,Before Launch
465,2025-03-20 20:24:05,19.968,1.3517060799999998,0.142,22.763,0.0,0.0,60.21218239965195,-7.453054681539484,4.2762016247783965,Before Launch
466,2025-03-20 20:24:05,20.011,0.62664044,-0.884,22.763,0.0,0.0,60.20989896586456,-7.442243907466187,4.285307319699442,Before Launch
467,2025-03-20 20:24:05,20.053,0.98753284,1.582,22.763,0.0,0.0,60.182720737135824,-7.423161949858238,4.291942128649792,Before Launch
468,2025-03-20 20:24:05,20.096,-0.21325460000000002,0.0,22.765,0.0,0.0,60.19968628874361,-7.42305948021499,4.275676974692906,Before Launch
469,2025-03-20 20:24:05,20.139,-1.05643048,-2.474,22.768,0.0,0.0,60.18269476166676,-7.455642294076229,4.278560187441824,Before Launch
470,2025-03-20 20:24:05,20.182,-0.21325460000000002,0.234,22.765,0.0,0.0,60.166647260866355,-7.444309790066082,4.274116766328472,Before Launch
471,2025-03-20 20:24:05,20.225,0.50196852,1.246,22.713,0.0,0.0,60.17004142418423,-7.473908771148567,4.298986617328784,Before Launch
472,2025-03-20 20:24:05,20.267,-0.9383202399999999,-3.019,22.765,0.0,0.0,60.19619903633818,-7.456127834854935,4.2870250271030885,Before Launch
473,2025-03-20 20:24:05,20.31,-0.33136484,0.228,22.768,0.0,0.0,60.202978819754215,-7.468807239485313,4.290317407990859,Before Launch
474,2025-03-20 20:24:05,20.353,0.01968504,-0.569,22.748,0.0,0.0,60.169794655613615,-7.4828457330447185,4.281779263222226,Before Launch
475,2025-03-20 20:24:05,20.395,0.8530184000000001,-0.114,22.75,0.0,0.0,60.17796319811812,-7.4900323355534475,4.291291201278838,Before Launch
476,2025-03-20 20:24:05,20.438,1.21719164,0.431,22.75,0.0,0.0,60.18202714173971,-7.4954743548791125,4.312364797759791,Before Launch
477,2025-03-20 20:24:05,20.48,0.2624672,0.138,22.755,0.0,0.0,60.180243982801805,-7.502491098638227,4.313054092186229,Before Launch
478,2025-03-20 20:24:05,20.523,-0.574147,-0.907,22.765,0.0,0.0,60.199051944666195,-7.523571811546415,4.292927188878761,Before Launch
479,2025-03-20 20:24:05,20.565,0.75787404,0.68,22.768,0.0,0.0,60.22603407575898,-7.536339527551567,4.275010610006819,Before Launch
480,2025-03-20 20:24:05,20.607,0.51837272,0.688,22.773,0.0,0.0,60.197653087226875,-7.513643211197767,4.26989804542796,Before Launch
481,2025-03-20 20:24:05,20.65,0.01968504,-0.804,22.76,0.0,0.0,60.20351999794681,-7.479643497092369,4.293607901049471,Before Launch
482,2025-03-20 20:24:05,20.692,-0.82677168,-0.567,22.763,0.0,0.0,60.1911038913275,-7.464159559422616,4.297642638566927,Before Launch
483,2025-03-20 20:24:05,20.735,-0.7053806,-0.228,22.76,0.0,0.0,60.171399124777395,-7.447486771830454,4.256806291109693,Before Launch
484,2025-03-20 20:24:06,20.777,-1.42060372,-1.354,22.768,0.0,0.0,60.167649766305516,-7.45532933531038,4.25241656103809,Before Launch
485,2025-03-20 20:24:06,20.82,0.2624672,-0.453,22.763,0.0,0.0,60.19488104188545,-7.479835889071694,4.2720190989636,Before Launch
486,2025-03-20 20:24:06,20.863,-0.10170604,0.681,22.763,0.0,0.0,60.213829461232244,-7.450486969504444,4.277228696610369,Before Launch
487,2025-03-20 20:24:06,20.905,0.01968504,-0.228,22.76,0.0,0.0,60.198251157327746,-7.487746654848522,4.285217686072724,Before Launch
488,2025-03-20 20:24:06,20.948,0.01968504,1.01,22.76,0.0,0.0,60.19400575640779,-7.49288764947026,4.307564339022035,Before Launch
489,2025-03-20 20:24:06,20.996,0.76115488,-0.877,22.775,0.0,0.0,60.23978352165286,-7.483483036685538,4.306674944059664,Before Launch
490,2025-03-20 20:24:06,21.04,1.56496068,0.199,22.735,0.0,0.0,60.22239427549225,-7.499618894349783,4.337937065846122,Before Launch
491,2025-03-20 20:24:06,21.088,-0.10498688,-0.679,22.755,0.0,0.0,60.21612337880948,-7.50422116932135,4.326712639081474,Before Launch
492,2025-03-20 20:24:06,21.131,-0.45275592000000003,-1.336,22.773,0.0,0.0,60.20031121481186,-7.441172742911367,4.2887777053551615,Before Launch
493,2025-03-20 20:24:06,21.173,0.83989504,0.978,22.743,0.0,0.0,60.2035269886987,-7.424505139717373,4.2841957284765755,Before Launch
494,2025-03-20 20:24:06,21.217,0.50196852,1.446,22.758,0.0,0.0,60.195152800011755,-7.4097157386317924,4.285408266890539,Before Launch
495,2025-03-20 20:24:06,21.259,2.04724416,2.099,22.76,0.0,0.0,60.21984815710857,-7.41714052535496,4.267003595863786,Before Launch
496,2025-03-20 20:24:06,21.302,0.37073492,-0.122,22.753,0.0,0.0,60.242434701695444,-7.413644179204629,4.273549640982,Before Launch
497,2025-03-20 20:24:06,21.344,-0.46587927999999995,0.439,22.755,0.0,0.0,60.26535059331769,-7.4475581590113835,4.270823683426517,Before Launch
498,2025-03-20 20:24:06,21.387,0.2624672,0.551,22.758,0.0,0.0,60.27258984216841,-7.455087165089892,4.260461770559468,Before Launch
499,2025-03-20 20:24:06,21.43,0.7185039599999999,0.649,22.738,0.0,0.0,60.258808090894114,-7.457565570174751,4.268755594082328,Before Launch
500,2025-03-20 20:24:06,21.472,-0.10170604,-0.886,22.763,0.0,0.0,60.23726318855301,-7.4543153749958435,4.299480752626501,Before Launch
501,2025-03-20 20:24:06,21.515,0.9842519999999999,-0.216,22.76,0.0,0.0,60.209183507558656,-7.431470311894727,4.303016287791065,Before Launch
502,2025-03-20 20:24:06,21.558,1.32217852,0.983,22.733,0.0,0.0,60.178007599982685,-7.464983906920884,4.289653895412343,Before Launch
503,2025-03-20 20:24:06,21.6,-0.10170604,0.439,22.763,0.0,0.0,60.17757839705407,-7.464108908665221,4.277459535448128,Before Launch
504,2025-03-20 20:24:06,21.642,0.62664044,-0.122,22.763,0.0,0.0,60.18862534572091,-8.561298818175796,4.945698344988178,Before Launch
505,2025-03-20 20:24:06,21.685,0.47900264,-0.037,22.743,0.0,0.0,60.21307529547727,-9.01541228227232,5.200446109107263,Before Launch
506,2025-03-20 20:24:06,21.727,-0.81364832,-0.774,22.77,0.0,0.0,60.28363500772643,-9.538103419083617,5.466645974123586,Before Launch
507,2025-03-20 20:24:06,21.77,0.95800528,1.656,22.733,0.0,0.0,60.294980653037534,-9.664488735441958,5.563751401096937,Before Launch
508,2025-03-20 20:24:07,21.812,1.56824152,2.111,22.743,0.0,0.0,60.331564419159754,-9.553639538461326,5.502341896213755,Before Launch
509,2025-03-20 20:24:07,21.855,0.01968504,1.336,22.76,0.0,0.0,60.34919474145911,-9.217640938461502,5.3164171439951655,Before Launch
510,2025-03-20 20:24:07,21.897,0.15091864,-0.104,22.765,0.0,0.0,60.294051752033845,-8.632960393368432,5.002055852883827,Before Launch
511,2025-03-20 20:24:07,21.94,-0.83005252,-0.676,22.755,0.0,0.0,60.25333670196555,-8.392048720377504,4.8921704280031015,Before Launch
512,2025-03-20 20:24:07,21.983,-1.17782156,-1.111,22.77,0.0,0.0,60.236544166031834,-8.060000538570842,4.656710005291626,Before Launch
513,2025-03-20 20:24:07,22.027,1.3615485999999999,1.244,22.773,0.0,0.0,60.213619998151785,-7.906434933703302,4.573618041478416,Before Launch
514,2025-03-20 20:24:07,22.07,1.56496068,0.748,22.735,0.0,0.0,60.19879138895515,-7.711476066921308,4.461745150374633,Before Launch
515,2025-03-20 20:24:07,22.112,-0.46259843999999994,-1.891,22.763,0.0,0.0,60.19414227124736,-7.6569777795565095,4.404227429484504,Before Launch
516,2025-03-20 20:24:07,22.154,0.0328084,0.129,22.763,0.0,0.0,60.176038987079764,-7.56733462648099,4.364900216566547,Before Launch
517,2025-03-20 20:24:07,22.198,0.48884516,0.882,22.75,0.0,0.0,60.17058624909647,-7.536920379229378,4.347302383274742,Before Launch
518,2025-03-20 20:24:07,22.24,-0.69553808,-1.439,22.768,0.0,0.0,60.18538767174194,-7.501389573891938,4.3104217721000655,Before Launch
519,2025-03-20 20:24:07,22.282,1.09251972,0.555,22.745,0.0,0.0,60.19273574514941,-7.487781733836573,4.288368175874904,Before Launch
520,2025-03-20 20:24:07,22.325,1.8208662000000002,-0.212,22.745,0.0,0.0,60.15038389554994,-7.474419578954356,4.291957151166554,Before Launch
521,2025-03-20 20:24:07,22.368,-0.10170604,-0.443,22.763,0.0,0.0,60.16019851038469,-7.471295597031515,4.297384792606489,Before Launch
522,2025-03-20 20:24:07,22.41,1.24015752,1.6,22.765,0.0,0.0,60.16994368614275,-7.473451488451305,4.300352702611634,Before Launch
523,2025-03-20 20:24:07,22.452,0.8530184000000001,0.555,22.75,0.0,0.0,60.16974820093656,-7.467091549286678,4.301715778236512,Before Launch
524,2025-03-20 20:24:07,22.495,-0.21325460000000002,-0.875,22.765,0.0,0.0,60.16939566050128,-7.4820833956006725,4.310070430729553,Before Launch
525,2025-03-20 20:24:07,22.537,1.10892392,1.137,22.76,0.0,0.0,60.173107865926895,-7.486830867397469,4.318550039183832,Before Launch
526,2025-03-20 20:24:07,22.58,-0.46259843999999994,-1.359,22.72,0.0,0.0,60.16188257112415,-7.488261900109142,4.320022661644922,Before Launch
527,2025-03-20 20:24:07,22.622,-0.81364832,-2.007,22.77,0.0,0.0,60.150598141899756,-7.504801384827619,4.32996881388918,Before Launch
528,2025-03-20 20:24:07,22.664,0.15091864,0.237,22.765,0.0,0.0,60.16252031014508,-7.488099911864115,4.329148340445195,Before Launch
529,2025-03-20 20:24:07,22.707,0.13779528000000002,-0.459,22.758,0.0,0.0,60.17004647615749,-7.480127150621122,4.31456223601572,Before Launch
530,2025-03-20 20:24:07,22.749,-1.05643048,-1.443,22.768,0.0,0.0,60.19978576527164,-7.462182935652029,4.317613991891314,Before Launch
531,2025-03-20 20:24:08,22.792,0.73162732,1.451,22.745,0.0,0.0,60.22206846207923,-7.482638434243887,4.313402453341018,Before Launch
532,2025-03-20 20:24:08,22.84,-0.33136484,-1.205,22.768,0.0,0.0,60.20001611566735,-7.478114703931154,4.303826868899095,Before Launch
533,2025-03-20 20:24:08,22.885,-0.35433072,-1.792,22.753,0.0,0.0,60.175944221348445,-7.4703027681826875,4.3234504958955755,Before Launch
534,2025-03-20 20:24:08,22.929,1.56824152,1.442,22.743,0.0,0.0,60.188139681148385,-7.4871651676072135,4.324627813360807,Before Launch
535,2025-03-20 20:24:08,22.973,-1.05643048,-1.122,22.765,0.0,0.0,60.169244321271194,-7.476828590900788,4.331663176720286,Before Launch
536,2025-03-20 20:24:08,23.015,1.57808404,2.24,22.75,0.0,0.0,60.18089523514052,-7.465348299843091,4.327742746775706,Before Launch
537,2025-03-20 20:24:08,23.058,-0.22309712,0.888,22.758,0.0,0.0,60.193335235244746,-7.497269891169211,4.324617771766991,Before Launch
538,2025-03-20 20:24:08,23.101,1.92913392,0.528,22.735,0.0,0.0,60.19231619589352,-7.488846663968792,4.30440792682509,Before Launch
539,2025-03-20 20:24:08,23.143,0.00328084,-1.455,22.745,0.0,0.0,60.16944168231339,-7.478795211271305,4.309308586672423,Before Launch
540,2025-03-20 20:24:08,23.186,-0.10170604,0.336,22.763,0.0,0.0,60.17259971523169,-7.4491879771044305,4.301873132344079,Before Launch
541,2025-03-20 20:24:08,23.228,0.13779528000000002,0.098,22.758,0.0,0.0,60.19871197078618,-7.434517148007145,4.322746217456056,Before Launch
542,2025-03-20 20:24:08,23.27,0.9612861199999999,0.441,22.74,0.0,0.0,60.17729629798694,-7.4283436201458315,4.322383087590894,Before Launch
543,2025-03-20 20:24:08,23.313,0.86614176,1.455,22.758,0.0,0.0,60.183073436274185,-7.454763385366283,4.302273108024701,Before Launch
544,2025-03-20 20:24:08,23.355,0.39370079999999996,-0.651,22.768,0.0,0.0,60.18440078128694,-7.489518677755797,4.330362634331433,Before Launch
545,2025-03-20 20:24:08,23.398,2.15879272,0.315,22.73,0.0,0.0,60.2036126457667,-7.5654893233872,4.354247754632667,Before Launch
546,2025-03-20 20:24:08,23.44,-1.05643048,-0.891,22.768,0.0,0.0,60.19585527031837,-7.593863362619615,4.346927985481172,Before Launch
547,2025-03-20 20:24:08,23.483,0.51509188,-0.676,22.765,0.0,0.0,60.21701116509948,-7.62938869392507,4.3748020988309575,Before Launch
548,2025-03-20 20:24:08,23.525,0.2624672,-0.55,22.758,0.0,0.0,60.206150916997814,-7.614607232875988,4.373958216703284,Before Launch
549,2025-03-20 20:24:08,23.568,-0.9383202399999999,-0.676,22.765,0.0,0.0,60.19642965097016,-7.618607985303159,4.376783498768568,Before Launch
550,2025-03-20 20:24:08,23.611,1.32217852,0.199,22.733,0.0,0.0,60.216350168370155,-7.597024786811264,4.388163269262943,Before Launch
551,2025-03-20 20:24:08,23.653,0.15091864,0.572,22.748,0.0,0.0,60.207669343171865,-7.544307152107556,4.368671777563871,Before Launch
552,2025-03-20 20:24:08,23.696,0.2624672,1.002,22.763,0.0,0.0,60.217604902597614,-7.526515530146829,4.361126649443205,Before Launch
553,2025-03-20 20:24:08,23.738,-0.21325460000000002,-0.339,22.765,0.0,0.0,60.24705077720673,-7.527954440202035,4.351034069085073,Before Launch
554,2025-03-20 20:24:09,23.78,-1.05643048,-1.113,22.768,0.0,0.0,60.25054558552898,-7.521845063294064,4.365901624140132,Before Launch
555,2025-03-20 20:24:09,23.823,0.51509188,1.463,22.765,0.0,0.0,60.23267377299383,-7.551339149290314,4.347635373719115,Before Launch
556,2025-03-20 20:24:09,23.866,-0.21325460000000002,-0.88,22.765,0.0,0.0,60.21805683577366,-7.559641450601539,4.346649888060488,Before Launch
557,2025-03-20 20:24:09,23.908,1.10892392,1.349,22.76,0.0,0.0,60.23083039619728,-7.559632662855794,4.348583581502325,Before Launch
558,2025-03-20 20:24:09,23.951,0.15091864,0.474,22.765,0.0,0.0,60.21908857510754,-7.554512295982392,4.357282984480513,Before Launch
559,2025-03-20 20:24:09,23.993,0.2624672,-1.227,22.763,0.0,0.0,60.212902832932485,-7.483223190665137,4.282304048194844,Before Launch
560,2025-03-20 20:24:09,24.036,-1.2992126400000001,-0.228,22.773,0.0,0.0,60.19502739035216,-7.449175946071859,4.260252812431848,Before Launch
561,2025-03-20 20:24:09,24.078,-0.10170604,-1.58,22.763,0.0,0.0,60.20022522989849,-7.388090507378274,4.232313358101921,Before Launch
562,2025-03-20 20:24:09,24.121,0.7185039599999999,0.886,22.738,0.0,0.0,60.214225860366774,-7.379670480279581,4.244127254244761,Before Launch
563,2025-03-20 20:24:09,24.163,0.0328084,-1.786,22.768,0.0,0.0,60.19899907887334,-7.377005151090223,4.245418157403084,Before Launch
564,2025-03-20 20:24:09,24.206,-0.23622047999999998,-0.225,22.77,0.0,0.0,60.207888477423225,-7.39559550673395,4.237350822715976,Before Launch
565,2025-03-20 20:24:09,24.248,0.74475068,0.797,22.76,0.0,0.0,60.21700144433193,-7.398324866490453,4.248413152351515,Before Launch
566,2025-03-20 20:24:09,24.29,0.74475068,0.572,22.76,0.0,0.0,60.21927661173238,-7.386911028636486,4.243881118337499,Before Launch
567,2025-03-20 20:24:09,24.333,-0.47900264,-1.355,22.765,0.0,0.0,60.23263648682065,-7.397107203347383,4.246051198806895,Before Launch
568,2025-03-20 20:24:09,24.375,0.50196852,-0.343,22.738,0.0,0.0,60.25685442719219,-7.445749741552303,4.264547277590907,Before Launch
569,2025-03-20 20:24:09,24.426,0.9612861199999999,0.53,22.74,0.0,0.0,60.24863225543392,-7.451055582463306,4.275430611400405,Before Launch
570,2025-03-20 20:24:09,24.469,-0.10170604,-2.111,22.763,0.0,0.0,60.23262827195014,-7.4589717705034815,4.276561924280925,Before Launch
571,2025-03-20 20:24:09,24.512,0.25918636,1.227,22.755,0.0,0.0,60.203825752611884,-7.506956319283489,4.291947824402694,Before Launch
572,2025-03-20 20:24:09,24.554,-0.45275592000000003,-0.904,22.77,0.0,0.0,60.22868888594825,-7.522543134289953,4.280063991046232,Before Launch
573,2025-03-20 20:24:09,24.597,0.75787404,0.462,22.768,0.0,0.0,60.23137489699386,-7.5511603814081605,4.302398850109901,Before Launch
574,2025-03-20 20:24:09,24.639,1.32545936,2.114,22.74,0.0,0.0,60.24311217539781,-7.54932973884953,4.312352664408157,Before Launch
575,2025-03-20 20:24:09,24.682,-0.46259843999999994,-1.666,22.763,0.0,0.0,60.24682041002015,-7.523358585352716,4.326484132731726,Before Launch
576,2025-03-20 20:24:09,24.725,1.3517060799999998,1.12,22.763,0.0,0.0,60.25477745050852,-7.500083926501343,4.289055470575055,Before Launch
577,2025-03-20 20:24:09,24.768,0.48884516,0.211,22.75,0.0,0.0,60.26267454621793,-7.490370072905815,4.290030847174285,Before Launch
578,2025-03-20 20:24:10,24.81,1.3517060799999998,1.46,22.763,0.0,0.0,60.257281873724175,-7.470372886797948,4.308508956919457,Before Launch
579,2025-03-20 20:24:10,24.853,-0.69553808,0.336,22.768,0.0,0.0,60.247612746659584,-7.4702518935631765,4.316976868085002,Before Launch
580,2025-03-20 20:24:10,24.895,0.27559056000000004,-0.223,22.748,0.0,0.0,60.257766494969026,-7.483586608993198,4.321358125336627,Before Launch
581,2025-03-20 20:24:10,24.938,1.92913392,1.998,22.735,0.0,0.0,60.24123553320725,-7.478149040663715,4.322100870559981,Before Launch
582,2025-03-20 20:24:10,24.981,0.62664044,-0.449,22.763,0.0,0.0,60.21145765875413,-7.511342279889174,4.300249209463836,Before Launch
583,2025-03-20 20:24:10,25.024,0.62664044,0.443,22.763,0.0,0.0,60.22828618926516,-7.504212238428086,4.318755856740691,Before Launch
584,2025-03-20 20:24:10,25.074,0.98753284,0.671,22.763,0.0,0.0,60.257244219775224,-7.508062957628195,4.327680293905281,Before Launch
585,2025-03-20 20:24:10,25.118,1.21719164,2.326,22.75,0.0,0.0,60.26403443306231,-7.51839886110212,4.307286689317989,Before Launch
586,2025-03-20 20:24:10,25.161,0.51509188,0.57,22.765,0.0,0.0,60.284719401452264,-7.509295257669769,4.3032018976721655,Before Launch
587,2025-03-20 20:24:10,25.204,-0.34448819999999997,-0.982,22.76,0.0,0.0,60.26695417580477,-7.450523997549788,4.284766608432777,Before Launch
588,2025-03-20 20:24:10,25.247,0.01968504,-0.012,22.76,0.0,0.0,60.251233580221914,-7.452235194221073,4.273981582227686,Before Launch
589,2025-03-20 20:24:10,25.289,0.98753284,1.13,22.763,0.0,0.0,60.270363246751835,-7.503197340760572,4.297572213339129,Before Launch
590,2025-03-20 20:24:10,25.332,0.51509188,-0.212,22.765,0.0,0.0,60.26273363342291,-7.514608938736942,4.29474910341071,Before Launch
591,2025-03-20 20:24:10,25.375,0.8759842800000001,0.121,22.765,0.0,0.0,60.26569507730158,-7.531068327826804,4.297435594083133,Before Launch
592,2025-03-20 20:24:10,25.417,0.15091864,0.581,22.765,0.0,0.0,60.26720486834755,-7.563253846644422,4.306432052844842,Before Launch
593,2025-03-20 20:24:10,25.46,-0.10170604,-0.556,22.763,0.0,0.0,60.2319590448516,-7.530879112898424,4.3143380392511235,Before Launch
594,2025-03-20 20:24:10,25.502,-0.10170604,-0.988,22.763,0.0,0.0,60.22131104110119,-7.539745886043552,4.295509648793237,Before Launch
595,2025-03-20 20:24:10,25.546,0.39370079999999996,0.46,22.768,0.0,0.0,60.19684310229919,-7.477768098581852,4.281608156812451,Before Launch
596,2025-03-20 20:24:10,25.589,1.3517060799999998,1.014,22.763,0.0,0.0,60.23516436354354,-7.4771260048782135,4.275896644626842,Before Launch
597,2025-03-20 20:24:10,25.631,0.0328084,0.451,22.768,0.0,0.0,60.20949276672176,-7.4570070270178865,4.286016644508466,Before Launch
598,2025-03-20 20:24:10,25.674,0.9842519999999999,0.21,22.773,0.0,0.0,60.2060943970589,-7.435291085356871,4.270945443726971,Before Launch
599,2025-03-20 20:24:10,25.716,-0.81364832,-1.986,22.77,0.0,0.0,60.219696932158946,-7.466626437459131,4.302849255256081,Before Launch
600,2025-03-20 20:24:10,25.76,1.71259848,2.018,22.755,0.0,0.0,60.23015320417387,-7.452850872855881,4.306253389325509,Before Launch
601,2025-03-20 20:24:11,25.802,1.22703416,-0.116,22.773,0.0,0.0,60.24137563064686,-7.453298563970069,4.296250365633124,Before Launch
602,2025-03-20 20:24:11,25.845,0.39370079999999996,-0.088,22.768,0.0,0.0,60.22055879117968,-7.469075780373836,4.294566628478249,Before Launch
603,2025-03-20 20:24:11,25.895,0.51837272,-0.768,22.773,0.0,0.0,60.21724786400804,-7.466707811659008,4.274748643328228,Before Launch
604,2025-03-20 20:24:11,25.94,0.27559056000000004,0.893,22.77,0.0,0.0,60.22080091706246,-7.496887296122236,4.283486623413905,Before Launch
605,2025-03-20 20:24:11,25.983,0.75787404,0.443,22.768,0.0,0.0,60.20383809348284,-7.504342829866568,4.309091800288384,Before Launch
606,2025-03-20 20:24:11,26.026,0.39698163999999997,-1.408,22.775,0.0,0.0,60.179923292416426,-7.503924229284739,4.322079365631504,Before Launch
607,2025-03-20 20:24:11,26.069,0.74475068,0.109,22.76,0.0,0.0,60.17456452047397,-7.4965736212013585,4.314237122255559,Before Launch
608,2025-03-20 20:24:11,26.111,-0.08858268,-0.658,22.77,0.0,0.0,60.179351834232534,-7.4695383092957375,4.322824738943969,Before Launch
609,2025-03-20 20:24:11,26.154,0.0328084,-0.884,22.768,0.0,0.0,60.180464088856894,-7.472338137276546,4.30564009958281,Before Launch
610,2025-03-20 20:24:11,26.197,1.22703416,0.009,22.758,0.0,0.0,60.16896900849104,-7.485768758570187,4.3074643037310505,Before Launch
611,2025-03-20 20:24:11,26.239,-0.69225724,-1.12,22.775,0.0,0.0,60.16670940054272,-7.456777005220925,4.294869564196662,Before Launch
612,2025-03-20 20:24:11,26.282,-0.81364832,-0.435,22.77,0.0,0.0,60.12337616091318,-7.440833960178504,4.279240152696596,Before Launch
613,2025-03-20 20:24:11,26.324,0.27559056000000004,0.238,22.76,0.0,0.0,60.148967483479886,-7.4694010809806155,4.2955067852620195,Before Launch
614,2025-03-20 20:24:11,26.367,-0.32808400000000004,-1.22,22.775,0.0,0.0,60.14086784043441,-7.503911483575222,4.293350034752117,Before Launch
615,2025-03-20 20:24:11,26.409,0.39370079999999996,-0.113,22.768,0.0,0.0,60.166338792141005,-7.525406706921194,4.324260395646727,Before Launch
616,2025-03-20 20:24:11,26.452,0.63648296,-0.222,22.755,0.0,0.0,60.139622645770665,-7.500168620986767,4.323004029145203,Before Launch
617,2025-03-20 20:24:11,26.494,-0.33136484,-0.448,22.768,0.0,0.0,60.15354096397937,-7.522354993749598,4.333499145479063,Before Launch
618,2025-03-20 20:24:11,26.538,0.39370079999999996,0.46,22.768,0.0,0.0,60.15553828484565,-7.502767562901558,4.312449899523211,Before Launch
619,2025-03-20 20:24:11,26.58,0.15091864,0.234,22.768,0.0,0.0,60.17497406822302,-7.518646236057387,4.31652338635947,Before Launch
620,2025-03-20 20:24:11,26.622,0.15419948,-0.223,22.773,0.0,0.0,60.22019915683969,-7.512519519175525,4.319605405693683,Before Launch
621,2025-03-20 20:24:11,26.666,-0.69225724,-1.898,22.775,0.0,0.0,60.22780389187132,-7.539899689722363,4.325567556706966,Before Launch
622,2025-03-20 20:24:11,26.709,0.15091864,0.11,22.765,0.0,0.0,60.23387396392574,-7.531273657487323,4.308118122017613,Before Launch
623,2025-03-20 20:24:11,26.751,1.3615485999999999,0.35,22.77,0.0,0.0,60.20323876637355,-7.521461775756379,4.310350458609706,Before Launch
624,2025-03-20 20:24:12,26.794,-0.33136484,0.447,22.768,0.0,0.0,60.184520943952776,-7.487592843929613,4.299037365357831,Before Launch
625,2025-03-20 20:24:12,26.837,0.38385828,-1.234,22.76,0.0,0.0,60.19580503390332,-7.484606461867291,4.302714734370959,Before Launch
626,2025-03-20 20:24:12,26.879,0.0328084,-1.109,22.768,0.0,0.0,60.18676417993055,-7.493070327339657,4.318985143814497,Before Launch
627,2025-03-20 20:24:12,26.922,0.39370079999999996,0.0,22.768,0.0,0.0,60.17299152057077,-7.526648964412875,4.372850182866754,Before Launch
628,2025-03-20 20:24:12,26.972,0.0328084,-0.451,22.768,0.0,0.0,60.16706627946533,-7.568537857940568,4.396808768525527,Before Launch
629,2025-03-20 20:24:12,27.016,0.76115488,0.451,22.775,0.0,0.0,60.184693887229756,-7.8804611187171565,4.525634939261536,Before Launch
630,2025-03-20 20:24:12,27.058,0.51509188,-0.226,22.765,0.0,0.0,60.114921964957915,-7.98031760220623,4.600575304305941,Before Launch
631,2025-03-20 20:24:12,27.101,0.75787404,0.336,22.768,0.0,0.0,60.113748670410516,-8.144275855208482,4.687067805022864,Before Launch
632,2025-03-20 20:24:12,27.143,-0.20997376,-0.889,22.773,0.0,0.0,60.1639717416421,-8.161860255455261,4.686431881372446,Before Launch
633,2025-03-20 20:24:12,27.186,-0.45275592000000003,-0.339,22.77,0.0,0.0,60.1558095175864,-7.622131748232518,4.3832015513265095,Before Launch
634,2025-03-20 20:24:12,27.228,-0.574147,-0.565,22.765,0.0,0.0,60.163563199851595,-7.47885862558009,4.297105174345909,Before Launch
635,2025-03-20 20:24:12,27.271,0.15419948,-0.999,22.773,0.0,0.0,60.197625643819606,-7.252908990381634,4.185519683185857,Before Launch
636,2025-03-20 20:24:12,27.313,-0.08858268,0.562,22.77,0.0,0.0,60.275325015484626,-7.191404601785309,4.156454870885916,Before Launch
637,2025-03-20 20:24:12,27.356,-0.8038058,0.009,22.778,0.0,0.0,60.51639758457675,-7.293918416381423,4.1365547756995245,Before Launch
638,2025-03-20 20:24:12,27.398,-0.21325460000000002,-0.455,22.765,0.0,0.0,60.653931193494024,-7.324405112135194,4.132500180804581,Before Launch
639,2025-03-20 20:24:12,27.44,0.74475068,1.0,22.76,0.0,0.0,60.768713168763156,-7.409435859812307,4.170317652058893,Before Launch
640,2025-03-20 20:24:12,27.483,-0.20997376,-0.562,22.773,0.0,0.0,60.76119174101078,-7.4180625290103235,4.200384560831286,Before Launch
641,2025-03-20 20:24:12,27.525,-0.32808400000000004,-0.899,22.775,0.0,0.0,60.96411632373893,-7.4132612322780504,4.170293157255915,Before Launch
642,2025-03-20 20:24:12,27.568,0.25918636,0.55,22.755,0.0,0.0,61.14686099231764,-7.445525349917515,4.171762323623897,Before Launch
643,2025-03-20 20:24:12,27.61,0.0328084,-0.337,22.775,0.0,0.0,61.25435517689513,-7.549907677383153,4.128943082296209,Before Launch
644,2025-03-20 20:24:12,27.652,-0.20997376,-0.337,22.773,0.0,0.0,61.08323051776807,-7.550866638922287,4.134581815260271,Before Launch
645,2025-03-20 20:24:12,27.695,0.50196852,0.324,22.758,0.0,0.0,60.83747064503629,-7.676050637052463,4.158875972767414,Before Launch
646,2025-03-20 20:24:12,27.737,0.27559056000000004,0.904,22.77,0.0,0.0,60.738703390789226,-7.721742952881772,4.16008932587813,Before Launch
647,2025-03-20 20:24:13,27.78,0.39698163999999997,0.23,22.775,0.0,0.0,60.5480053843095,-7.8551521482267725,4.227204625542351,Before Launch
648,2025-03-20 20:24:13,27.822,0.25918636,-1.029,22.755,0.0,0.0,60.406022238988115,-7.911813006261747,4.247470923657579,Before Launch
649,2025-03-20 20:24:13,27.865,1.3615485999999999,1.581,22.77,0.0,0.0,58.899440563783685,-7.689942742854068,4.361471525289951,Before Launch
650,2025-03-20 20:24:13,27.907,-0.32808400000000004,-0.665,22.775,0.0,0.0,58.045277835537554,-7.585338340391485,4.41567714476078,Before Launch
651,2025-03-20 20:24:13,27.95,-0.69553808,-0.68,22.753,0.0,0.0,55.73590272229109,-7.226328035337833,4.5762286137276345,Before Launch
652,2025-03-20 20:24:13,27.992,0.39370079999999996,0.0,22.768,0.0,0.0,54.35530830987357,-6.822154109900732,4.665834948325831,Before Launch
653,2025-03-20 20:24:13,28.035,-1.05643048,-1.025,22.775,0.0,0.0,52.40146380605952,-6.639601750037032,4.874532401933544,Before Launch
654,2025-03-20 20:24:13,28.078,-0.69225724,-1.369,22.755,0.0,0.0,51.533605900584426,-6.592590167296202,4.988788465075761,Before Launch
655,2025-03-20 20:24:13,28.12,1.10892392,0.559,22.76,0.0,0.0,50.20340074534581,-6.665177911998713,4.938769495849346,Before Launch
656,2025-03-20 20:24:13,28.163,1.48293968,0.683,22.768,0.0,0.0,49.37980525880863,-6.706135722582718,4.6646026604953725,Before Launch
657,2025-03-20 20:24:13,28.205,-0.10170604,0.102,22.75,0.0,0.0,47.12853153385174,-6.667278707235777,4.0359636639231535,Before Launch
658,2025-03-20 20:24:13,28.248,0.75787404,1.14,22.768,0.0,0.0,46.08664884956371,-6.658836421653899,3.7342690103032767,Before Launch
659,2025-03-20 20:24:13,28.29,0.51509188,1.026,22.765,0.0,0.0,44.29953006018369,-6.4580355062214725,3.219310807863539,Before Launch
660,2025-03-20 20:24:13,28.333,-0.574147,-0.686,22.765,0.0,0.0,43.340025734634516,-6.24843695179591,3.133437141646509,Before Launch
661,2025-03-20 20:24:13,28.375,1.01377956,1.038,22.778,0.0,0.0,41.32325269813532,-5.4007476932252345,3.475744589846013,Before Launch
662,2025-03-20 20:24:13,28.417,-0.08858268,0.674,22.77,0.0,0.0,41.29544831103618,-5.264766033109018,3.4217634527640426,Before Launch
663,2025-03-20 20:24:13,28.46,0.27559056000000004,0.46,22.77,0.0,0.0,42.57199779534713,-5.2108166318596805,3.185311422190991,Before Launch
664,2025-03-20 20:24:13,28.502,0.27559056000000004,-0.442,22.77,0.0,0.0,42.76301088987078,-5.119954456643806,3.4471622812775835,Before Launch
665,2025-03-20 20:24:13,28.545,0.0328084,0.229,22.768,0.0,0.0,43.47387283356168,-5.000819979044149,3.6478574164721325,Before Launch
666,2025-03-20 20:24:13,28.588,-0.57086616,-0.228,22.773,0.0,0.0,44.55747994711024,-5.329621195307611,3.5169340325924194,Before Launch
667,2025-03-20 20:24:13,28.638,-0.33136484,-0.552,22.778,0.0,0.0,44.46258322382805,-5.3641663308920595,3.750270063641819,Before Launch
668,2025-03-20 20:24:13,28.681,1.5912074,1.455,22.758,0.0,0.0,44.97666823649277,-5.505868997197861,3.7393474384873624,Before Launch
669,2025-03-20 20:24:13,28.723,0.87926512,1.017,22.773,0.0,0.0,45.14833137837655,-5.568513592288754,3.7309708104838064,Before Launch
670,2025-03-20 20:24:13,28.766,-0.32808400000000004,-0.775,22.775,0.0,0.0,44.370099169606384,-5.397960386289878,3.6497685259041805,Before Launch
671,2025-03-20 20:24:14,28.808,-0.10498688,-0.355,22.755,0.0,0.0,43.808914748829025,-5.339548315399338,3.790317291180756,Before Launch
672,2025-03-20 20:24:14,28.852,0.27559056000000004,-0.113,22.77,0.0,0.0,42.755258114373525,-5.201169250339177,4.287417293656835,Before Launch
673,2025-03-20 20:24:14,28.895,-0.32808400000000004,-0.547,22.775,0.0,0.0,42.534815553522705,-5.264368876561826,4.362372177094501,Before Launch
674,2025-03-20 20:24:14,28.937,3.0183728000000003,1.546,22.743,0.0,0.0,42.95214485387297,-5.4198129766680285,4.452534757984173,Before Launch
675,2025-03-20 20:24:14,28.98,0.15419948,0.449,22.773,0.0,0.0,43.12647537795596,-5.242979856270484,4.522729722637796,Before Launch
676,2025-03-20 20:24:14,29.022,-0.56102364,0.125,22.78,0.0,0.0,42.2570684430674,-5.004025853111739,4.7922625197486886,Before Launch
677,2025-03-20 20:24:14,29.065,1.20406828,0.755,22.743,0.0,0.0,41.78349981574991,-5.189024362293853,4.382182231233942,Before Launch
678,2025-03-20 20:24:14,29.107,0.27559056000000004,1.243,22.77,0.0,0.0,41.14745125106422,-5.36972446307325,3.2606442398178874,Before Launch
679,2025-03-20 20:24:14,29.149,1.0006561999999999,1.581,22.77,0.0,0.0,40.846912475665874,-5.301243825121735,2.929763530088627,Before Launch
680,2025-03-20 20:24:14,29.192,0.73162732,-0.352,22.753,0.0,0.0,40.18281286211762,-4.936585054499851,2.5872632001320324,Before Launch
681,2025-03-20 20:24:14,29.234,0.51837272,-0.901,22.773,0.0,0.0,39.868801995530234,-4.545708768564713,2.776433713981412,Before Launch
682,2025-03-20 20:24:14,29.276,0.51837272,0.579,22.773,0.0,0.0,39.42581822957704,-3.2219181733779507,3.3284150196949636,Before Launch
683,2025-03-20 20:24:14,29.319,0.0328084,-0.677,22.755,0.0,0.0,38.126569929665685,-2.435795356255114,3.4085149583221237,Before Launch
684,2025-03-20 20:24:14,29.361,1.3615485999999999,0.79,22.77,0.0,0.0,35.566006945375435,-1.727254772365923,4.107912026021522,Before Launch
685,2025-03-20 20:24:14,29.404,0.51837272,1.02,22.773,0.0,0.0,35.630287884326535,-1.0608697205537767,3.706077031261531,Before Launch
686,2025-03-20 20:24:14,29.446,-0.33136484,-1.256,22.76,0.0,0.0,39.6801852225976,0.02258040195866798,2.0461371817485623,Before Launch
687,2025-03-20 20:24:14,29.489,-0.46259843999999994,-0.349,22.763,0.0,0.0,39.47315927382365,1.6872627413944843,-1.6392500845561881,Before Launch
688,2025-03-20 20:24:14,29.54,0.2624672,-0.012,22.763,0.0,0.0,34.97319146048724,2.641629533760577,-3.7579717475657715,Before Launch
689,2025-03-20 20:24:14,29.583,0.75787404,0.446,22.768,0.0,0.0,25.92723865105586,3.647248981784953,-6.44301296570525,Before Launch
690,2025-03-20 20:24:14,29.625,-0.82677168,-0.796,22.763,0.0,0.0,23.381533533334007,3.436374971447085,-7.00778346739709,Before Launch
691,2025-03-20 20:24:14,29.668,0.8759842800000001,1.34,22.765,0.0,0.0,21.927416235653556,1.4624589628438016,-6.7077239379320135,Before Launch
692,2025-03-20 20:24:14,29.71,1.12204728,1.356,22.775,0.0,0.0,21.52127771200204,0.476324912745103,-6.324340831921204,Before Launch
693,2025-03-20 20:24:14,29.752,1.09251972,-0.466,22.765,0.0,0.0,19.928692793012416,-1.0408475076158619,-5.602123797523217,Before Launch
694,2025-03-20 20:24:15,29.795,1.24343836,0.34,22.773,0.0,0.0,18.65932948967553,-1.3601122167651039,-5.12228809984977,Before Launch
695,2025-03-20 20:24:15,29.838,1.3615485999999999,1.576,22.77,0.0,0.0,15.832473889424666,-3.5922158060353473,-0.25278465354377744,Before Launch
696,2025-03-20 20:24:15,29.88,2.4245407599999997,2.36,22.765,0.0,0.0,16.053940522342184,-5.142144049715211,3.170683841507908,Before Launch
697,2025-03-20 20:24:15,29.923,0.75787404,0.45,22.768,0.0,0.0,18.38147249250432,-8.227235247751555,9.874472872962484,Before Launch
698,2025-03-20 20:24:15,29.965,1.48293968,1.693,22.768,0.0,0.0,18.99955256837754,-9.678035548663395,13.208193686604565,Before Launch
699,2025-03-20 20:24:15,30.008,0.15419948,-2.674,22.768,0.0,0.0,17.32678679515366,-12.243969787679887,23.516125157461424,Before Launch
700,2025-03-20 20:24:15,30.05,1.72572184,1.469,22.77,0.0,0.0,15.411110179735246,-13.456121500358545,30.045876193385897,Before Launch
701,2025-03-20 20:24:15,30.093,0.8759842800000001,1.342,22.765,0.0,0.0,12.412408700877988,-16.58528302187405,43.00081602092517,Before Launch
702,2025-03-20 20:24:15,30.135,1.6043307599999999,0.374,22.765,0.0,0.0,11.385897680713773,-18.882273319851073,48.861797414037746,Before Launch
703,2025-03-20 20:24:15,30.183,2.07677172,1.674,22.763,0.0,0.0,10.457269170842533,-26.060281803656753,61.39491956796629,Before Launch
704,2025-03-20 20:24:15,30.228,3.26115496,2.095,22.738,0.0,0.0,5.488705270930435,-34.337513952049164,74.37597356905562,Before Launch
705,2025-03-20 20:24:15,30.273,2.43766412,1.578,22.755,0.0,0.0,0.47907463102919223,-37.11270635155496,81.72632283846133,Before Launch
706,2025-03-20 20:24:15,30.315,3.5039371200000002,2.762,22.74,0.0,0.0,-6.27951427585665,-40.739566163739944,92.58476165246807,Before Launch
707,2025-03-20 20:24:15,30.358,3.3956693999999996,2.659,22.75,0.0,0.0,-8.968486695869125,-41.75913778268685,97.2663667407165,Before Launch
708,2025-03-20 20:24:15,30.401,3.8779528799999996,3.554,22.748,0.0,0.0,-14.829796941024084,-42.47155220830873,103.85443040743532,Before Launch
709,2025-03-20 20:24:15,30.443,5.400262639999999,3.733,22.708,0.0,0.0,-19.620275968530446,-43.50537364227603,108.52922242654333,Before Launch
710,2025-03-20 20:24:15,30.486,4.3635172,3.554,22.753,0.0,0.0,-28.39464969081772,-45.929310860126364,114.88682450230205,During Launch
711,2025-03-20 20:24:15,30.529,3.89107624,3.899,22.755,0.0,0.0,-33.99983152178474,-48.165077059808745,116.82507511378434,During Launch
712,2025-03-20 20:24:15,30.572,5.04921276,5.089,22.715,0.0,0.0,-44.8657850821345,-52.78245748361564,118.76071204899348,During Launch
713,2025-03-20 20:24:15,30.614,3.526903,3.04,22.755,0.0,0.0,-50.28757257483873,-56.070514330363146,118.82159749728618,During Launch
714,2025-03-20 20:24:15,30.656,4.25196864,3.256,22.755,0.0,0.0,-59.57705011611178,-62.94690598268358,117.9157804751115,During Launch
715,2025-03-20 20:24:15,30.699,4.47178492,4.933,22.743,0.0,0.0,-63.30119551307119,-65.91830501906195,117.42372859173302,During Launch
716,2025-03-20 20:24:15,30.741,2.91010508,1.896,22.753,0.0,0.0,-68.69454496925185,-70.57223036805152,116.62143299146919,During Launch
717,2025-03-20 20:24:16,30.784,5.08858284,3.693,22.753,0.0,0.0,-69.90533693351419,-71.91471811289377,115.96433044983068,During Launch
718,2025-03-20 20:24:16,30.835,3.89107624,2.584,22.755,0.0,0.0,-72.0514988289188,-73.85924481639323,114.8181558237868,During Launch
719,2025-03-20 20:24:16,30.879,4.33727048,2.854,22.73,0.0,0.0,-74.47979601513454,-75.59475969328436,113.81241654477158,During Launch
720,2025-03-20 20:24:16,30.921,5.196850560000001,3.541,22.743,0.0,0.0,-76.38240192583427,-76.60683160955293,113.56387825381842,During Launch
721,2025-03-20 20:24:16,30.964,5.44947524,2.791,22.758,0.0,0.0,-80.59442843656984,-78.74374864997013,113.42164180669502,During Launch
722,2025-03-20 20:24:16,31.006,5.331365,4.223,22.748,0.0,0.0,-84.49073540006124,-80.27380138794955,114.1888210298414,During Launch
723,2025-03-20 20:24:16,31.049,4.73753296,3.002,22.76,0.0,0.0,-91.3131951316376,-83.2816393421414,116.69646692412019,During Launch
724,2025-03-20 20:24:16,31.091,5.80052512,5.214,22.738,0.0,0.0,-94.90697393244717,-85.20483114475955,117.9463691213928,During Launch
725,2025-03-20 20:24:16,31.134,4.61614188,2.666,22.755,0.0,0.0,-103.9481150020377,-90.23725976138421,119.28323318581491,During Launch
726,2025-03-20 20:24:16,31.176,4.60301852,3.441,22.748,0.0,0.0,-109.42909484609604,-93.28763522648883,119.66385338495782,During Launch
727,2025-03-20 20:24:16,31.219,5.58398968,3.671,22.758,0.0,0.0,-118.21247931315413,-98.92544856996943,120.08444956263318,During Launch
728,2025-03-20 20:24:16,31.261,5.94816292,3.591,22.758,0.0,0.0,-121.49772308067053,-101.2577945857283,120.02648340076865,During Launch
729,2025-03-20 20:24:16,31.304,5.4527560799999995,2.037,22.753,0.0,0.0,-126.25630022807687,-104.05535367677801,119.89030494395651,During Launch
730,2025-03-20 20:24:16,31.346,6.2828086,3.584,22.735,0.0,0.0,-128.09955882753928,-104.80456857821996,119.85048225755648,During Launch
731,2025-03-20 20:24:16,31.389,6.52559076,2.813,22.738,0.0,0.0,-131.59818903511365,-105.63299557495934,119.01309699057977,During Launch
732,2025-03-20 20:24:16,31.431,4.3635172,0.902,22.753,0.0,0.0,-132.88824979635393,-105.35005213369762,118.06139187449722,During Launch
733,2025-03-20 20:24:16,31.474,4.3635172,0.453,22.753,0.0,0.0,-129.82745616277833,-102.87127719321238,116.70499491107822,During Launch
734,2025-03-20 20:24:16,31.516,5.22309728,-0.165,22.755,0.0,0.0,-125.47189839330665,-100.88240982325433,116.31680957718488,During Launch
735,2025-03-20 20:24:16,31.558,5.196850560000001,0.777,22.743,0.0,0.0,-114.28062860060514,-96.40901543580209,115.01391954040639,During Launch
736,2025-03-20 20:24:16,31.601,6.538714120000001,2.47,22.745,0.0,0.0,-108.25718970361464,-94.25095557773457,114.54510364959746,During Launch
737,2025-03-20 20:24:16,31.643,4.73753296,-0.291,22.76,0.0,0.0,-97.39416207768026,-91.06080116344091,114.43847886209113,During Launch
738,2025-03-20 20:24:16,31.686,6.538714120000001,2.81,22.745,0.0,0.0,-92.01407877478971,-89.6182357701009,114.32347091061314,During Launch
739,2025-03-20 20:24:16,31.728,5.2329398,0.915,22.765,0.0,0.0,-84.06636439985408,-87.77288527108962,114.28970076416704,During Launch
740,2025-03-20 20:24:16,31.77,5.94816292,1.379,22.758,0.0,0.0,-81.85533056384847,-87.20753567203894,114.15629464614412,During Launch
741,2025-03-20 20:24:17,31.813,5.44947524,2.369,22.745,0.0,0.0,-79.11630418175577,-86.26266868013721,112.44434262773639,During Launch
742,2025-03-20 20:24:17,31.855,5.34448836,0.239,22.763,0.0,0.0,-80.28613488743711,-86.39550356037384,111.54963927824102,During Launch
743,2025-03-20 20:24:17,31.901,5.82677184,1.816,22.75,0.0,0.0,-85.85739645748842,-87.6313891283121,110.44955196612419,During Launch
744,2025-03-20 20:24:17,31.943,6.05643064,1.616,22.748,0.0,0.0,-88.48763847054252,-88.56796454008341,110.1897600961897,During Launch
745,2025-03-20 20:24:17,31.985,5.2329398,0.034,22.765,0.0,0.0,-91.20452656341266,-90.17680079952098,109.6862269717214,During Launch
746,2025-03-20 20:24:17,32.028,5.59711304,0.139,22.758,0.0,0.0,-91.79547919627541,-90.72844569989797,109.39706285196299,During Launch
747,2025-03-20 20:24:17,32.071,6.28608944,0.896,22.743,0.0,0.0,-92.39885143112966,-91.43391496056799,110.1757458077635,During Launch
748,2025-03-20 20:24:17,32.113,5.341207519999999,0.567,22.755,0.0,0.0,-92.51773966275746,-91.49881855356182,110.98548395000621,During Launch
749,2025-03-20 20:24:17,32.156,6.32217868,0.49,22.76,0.0,0.0,-92.8520704839307,-91.56201164540944,111.73648738101957,During Launch
750,2025-03-20 20:24:17,32.199,5.6922574,1.01,22.748,0.0,0.0,-93.06300915671761,-91.67189624799231,111.85668244481535,During Launch
751,2025-03-20 20:24:17,32.242,5.46587944,0.809,22.76,0.0,0.0,-93.16830286308964,-92.08670356359963,111.73994216930345,During Launch
752,2025-03-20 20:24:17,32.284,3.66141744,-1.805,22.765,0.0,0.0,-92.49520443323952,-92.1112571202057,111.32110604356028,During Launch
753,2025-03-20 20:24:17,32.327,7.0144359199999995,1.0,22.743,0.0,0.0,-91.30769533834386,-91.99090307065353,110.49900782254822,During Launch
754,2025-03-20 20:24:17,32.369,7.0144359199999995,1.466,22.743,0.0,0.0,-91.07294802153012,-91.8803286027897,110.30068671326012,During Launch
755,2025-03-20 20:24:17,32.412,5.34448836,-0.88,22.75,0.0,0.0,-90.87900175224442,-91.35815200177677,109.15545968712034,During Launch
756,2025-03-20 20:24:17,32.454,7.496719400000001,0.912,22.74,0.0,0.0,-90.49427184491957,-91.04264188212768,108.76923476640496,During Launch
757,2025-03-20 20:24:17,32.497,6.31233616,1.828,22.758,0.0,0.0,-89.26357408054051,-90.54506044364781,108.04792888602304,During Launch
758,2025-03-20 20:24:17,32.539,5.1017062,0.693,22.763,0.0,0.0,-88.5265007344476,-90.43216699620183,107.71633018494744,During Launch
759,2025-03-20 20:24:17,32.582,7.12926532,1.788,22.733,0.0,0.0,-85.87316420835793,-89.73616322841747,108.07287778401331,During Launch
760,2025-03-20 20:24:17,32.625,5.81364848,0.578,22.745,0.0,0.0,-84.36355214150198,-89.17663783322821,108.61587027712059,During Launch
761,2025-03-20 20:24:17,32.67,4.98031512,-1.458,22.755,0.0,0.0,-81.86685517970658,-87.93611880796458,109.96222878329168,During Launch
762,2025-03-20 20:24:17,32.713,5.331365,0.555,22.748,0.0,0.0,-80.58722658867822,-87.30495057374334,110.43625182079342,During Launch
763,2025-03-20 20:24:17,32.76,6.06627316,-0.44,22.755,0.0,0.0,-78.24041383724801,-86.32271639154054,110.55154239304457,During Launch
764,2025-03-20 20:24:18,32.803,5.82677184,0.552,22.76,0.0,0.0,-77.2477819221017,-86.02327219069474,110.43127563250965,During Launch
765,2025-03-20 20:24:18,32.846,6.4304464,0.448,22.748,0.0,0.0,-74.8510117337133,-85.54414872231855,110.278970085922,During Launch
766,2025-03-20 20:24:18,32.888,5.4527560799999995,0.003,22.753,0.0,0.0,-73.24823675750633,-85.13738620734169,109.70761547052982,During Launch
767,2025-03-20 20:24:18,32.931,5.20997392,-0.125,22.75,0.0,0.0,-67.7751183853559,-83.8445567781193,108.03167686916063,During Launch
768,2025-03-20 20:24:18,32.974,6.7946196400000005,0.902,22.75,0.0,0.0,-64.95074497828334,-83.40888365998002,107.54354815943738,During Launch
769,2025-03-20 20:24:18,33.016,5.7086616,-0.324,22.763,0.0,0.0,-60.392471359581485,-82.73618197760537,106.63723783780293,During Launch
770,2025-03-20 20:24:18,33.058,5.94816292,0.667,22.758,0.0,0.0,-59.14467318985142,-82.55048321405607,106.13998604038227,During Launch
771,2025-03-20 20:24:18,33.101,5.1017062,-0.462,22.76,0.0,0.0,-57.631414063401905,-82.49938473003806,105.0265640102504,During Launch
772,2025-03-20 20:24:18,33.144,4.619422719999999,-1.553,22.763,0.0,0.0,-57.585710329986505,-82.48032540800094,104.8448715722159,During Launch
773,2025-03-20 20:24:18,33.186,6.19094508,0.792,22.76,0.0,0.0,-58.18597463598361,-82.37919929756515,105.20818386817415,During Launch
774,2025-03-20 20:24:18,33.229,5.341207519999999,-0.914,22.755,0.0,0.0,-58.28776880974204,-82.26096359169935,105.43582055336472,During Launch
775,2025-03-20 20:24:18,33.28,5.22309728,-0.434,22.755,0.0,0.0,-58.093539214325524,-82.10395823212397,105.7731551730691,During Launch
776,2025-03-20 20:24:18,33.323,6.2828086,0.756,22.735,0.0,0.0,-56.084084736113624,-81.7689439194673,105.6065267814193,During Launch
777,2025-03-20 20:24:18,33.366,5.4527560799999995,1.656,22.753,0.0,0.0,-54.90497931712601,-81.67968625602003,105.48838366926762,During Launch
778,2025-03-20 20:24:18,33.408,6.7421262,-0.252,22.718,0.0,0.0,-52.27521345439962,-81.34005103847596,105.29167976821385,During Launch
779,2025-03-20 20:24:18,33.451,8.07414724,0.979,22.72,0.0,0.0,-51.452867951634346,-81.25886781150824,105.24114696798277,During Launch
780,2025-03-20 20:24:18,33.493,6.55511832,1.12,22.76,0.0,0.0,-51.06651126966504,-81.15083479947543,105.5348565213525,During Launch
781,2025-03-20 20:24:18,33.536,4.73753296,-2.55,22.725,0.0,0.0,-51.8817055931244,-81.22838055879316,105.78522068415013,During Launch
782,2025-03-20 20:24:18,33.578,5.1017062,-1.12,22.76,0.0,0.0,-54.98599671552293,-81.6903214125508,106.10437907029218,During Launch
783,2025-03-20 20:24:18,33.621,5.81692932,0.661,22.755,0.0,0.0,-58.86330541386203,-82.28343621239216,106.19843204495581,During Launch
784,2025-03-20 20:24:18,33.671,4.61614188,-2.308,22.755,0.0,0.0,-61.11185223808968,-82.72648056679115,106.16590631470164,During Launch
785,2025-03-20 20:24:18,33.716,5.341207519999999,-0.433,22.755,0.0,0.0,-64.32208250276452,-83.59534888538762,105.97082981343756,During Launch
786,2025-03-20 20:24:18,33.758,6.05643064,0.989,22.748,0.0,0.0,-64.93612905250072,-84.01467915371522,105.86704478939564,During Launch
787,2025-03-20 20:24:19,33.801,6.19094508,0.79,22.763,0.0,0.0,-65.01476585739412,-84.64124738660631,105.62191534815952,During Launch
788,2025-03-20 20:24:19,33.844,6.05643064,-0.009,22.748,0.0,0.0,-64.19848810249896,-84.74732756275121,105.49628066395809,During Launch
789,2025-03-20 20:24:19,33.887,6.06627316,0.221,22.755,0.0,0.0,-61.59462118063913,-84.83240619604929,104.98368164373505,During Launch
790,2025-03-20 20:24:19,33.929,6.40748052,-0.021,22.755,0.0,0.0,-60.04002454833791,-84.86575705369113,104.37868315225836,During Launch
791,2025-03-20 20:24:19,33.972,5.46587944,0.012,22.76,0.0,0.0,-58.08992173299773,-85.09070380985693,103.39617035021708,During Launch
792,2025-03-20 20:24:19,34.015,5.7086616,0.46,22.763,0.0,0.0,-57.68369189479367,-85.27097415027947,102.84257920965837,During Launch
793,2025-03-20 20:24:19,34.057,6.151575,-0.594,22.73,0.0,0.0,-58.05216570615548,-85.39446342881537,101.97772456122551,During Launch
794,2025-03-20 20:24:19,34.099,4.858924040000001,-0.785,22.758,0.0,0.0,-59.71129204094273,-85.18064195302489,102.08550493041051,During Launch
795,2025-03-20 20:24:19,34.142,3.89107624,-1.898,22.755,0.0,0.0,-65.06990767929109,-84.97403663083212,102.39835106940384,During Launch
796,2025-03-20 20:24:19,34.184,4.37664056,-0.669,22.76,0.0,0.0,-69.33297455058711,-85.44904285609348,102.61904636356768,During Launch
797,2025-03-20 20:24:19,34.226,5.46587944,0.782,22.76,0.0,0.0,-80.99142581192483,-88.04958714042598,103.50640515736342,During Launch
798,2025-03-20 20:24:19,34.269,4.36023636,-1.69,22.745,0.0,0.0,-89.0054057219225,-90.20898085772433,103.76188115861949,During Launch
799,2025-03-20 20:24:19,34.312,5.81692932,0.439,22.753,0.0,0.0,-103.43669572973732,-93.34205721522531,103.21245701410876,During Launch
800,2025-03-20 20:24:19,34.354,5.44947524,0.211,22.745,0.0,0.0,-110.30261132609743,-94.08268559906328,102.79086724618624,During Launch
801,2025-03-20 20:24:19,34.397,6.40748052,0.116,22.74,0.0,0.0,-123.85057041690457,-94.77329100070739,101.58026076395197,During Launch
802,2025-03-20 20:24:19,34.44,5.22309728,-0.214,22.758,0.0,0.0,-127.36627263553444,-94.80486479902942,101.02437831644819,During Launch
803,2025-03-20 20:24:19,34.482,4.858924040000001,-1.753,22.758,0.0,0.0,-124.56165561670096,-94.20656948931153,99.80637003219191,During Launch
804,2025-03-20 20:24:19,34.524,5.07545948,-2.795,22.738,0.0,0.0,-118.08864122692923,-93.65710702060616,99.08410967381415,During Launch
805,2025-03-20 20:24:19,34.567,7.349081600000001,0.739,22.72,0.0,0.0,-99.5634600691283,-91.66258762115329,98.81331277403069,During Launch
806,2025-03-20 20:24:19,34.609,6.673228559999999,1.804,22.763,0.0,0.0,-91.99989184850587,-90.41540799327336,99.44063049649596,During Launch
807,2025-03-20 20:24:19,34.652,7.8576118,2.566,22.74,0.0,0.0,-78.77788714702405,-87.93621068082622,100.21504857429376,During Launch
808,2025-03-20 20:24:19,34.695,4.25196864,-1.457,22.755,0.0,0.0,-72.06863372890439,-86.63321556706947,100.63484727584651,During Launch
809,2025-03-20 20:24:19,34.738,8.435039640000001,3.579,22.735,0.0,0.0,-57.07809614413081,-83.6159507628371,101.2932213231087,During Launch
810,2025-03-20 20:24:20,34.78,7.454068479999999,1.986,22.703,0.0,0.0,-48.91564466675033,-82.2428596473862,101.08841137827342,During Launch
811,2025-03-20 20:24:20,34.823,5.08858284,-0.909,22.753,0.0,0.0,-36.493105160373155,-79.63069201092621,100.3629743018833,During Launch
812,2025-03-20 20:24:20,34.865,4.01246732,-2.047,22.7,0.0,0.0,-32.81401791646621,-78.45568028744484,99.9343224936343,During Launch
813,2025-03-20 20:24:20,34.908,6.64698184,0.555,22.735,0.0,0.0,-29.531299224659367,-76.36031500306191,99.48560631416714,During Launch
814,2025-03-20 20:24:20,34.95,3.6482940800000003,-2.275,22.76,0.0,0.0,-28.396560259184096,-75.87221304393319,99.39993467347351,During Launch
815,2025-03-20 20:24:20,34.993,4.37664056,-1.909,22.76,0.0,0.0,-25.144786406201245,-75.64390405162182,99.10878051784763,During Launch
816,2025-03-20 20:24:20,35.036,4.25196864,-1.141,22.755,0.0,0.0,-23.400774181613777,-76.01503898392157,98.89848208650083,During Launch
817,2025-03-20 20:24:20,35.078,5.42322852,-0.269,22.723,0.0,0.0,-21.50468642624976,-76.95385870016158,99.27015575089128,During Launch
818,2025-03-20 20:24:20,35.12,4.4947508,-1.559,22.758,0.0,0.0,-22.593886589949257,-77.41804214818906,99.72319843547973,During Launch
819,2025-03-20 20:24:20,35.163,5.9219162,0.999,22.735,0.0,0.0,-25.853609115293988,-78.4265457192083,100.58900425039137,During Launch
820,2025-03-20 20:24:20,35.205,3.76968516,-0.114,22.758,0.0,0.0,-29.276215985582787,-78.96623162283569,100.99741961767658,During Launch
821,2025-03-20 20:24:20,35.255,4.1338584,-0.227,22.758,0.0,0.0,-37.95751390711426,-79.96817547603223,102.02589838432264,During Launch
822,2025-03-20 20:24:20,35.298,1.9652231599999999,-3.266,22.763,0.0,0.0,-43.719434495900764,-81.28363368946492,102.06712802301932,During Launch
823,2025-03-20 20:24:20,35.342,4.1338584,-0.211,22.758,0.0,0.0,-44.60043508451824,-81.80495220635596,102.22034029803066,During Launch
824,2025-03-20 20:24:20,35.385,4.347113,-1.37,22.738,0.0,0.0,-44.789148447894334,-82.47780711663628,102.26563150207585,During Launch
825,2025-03-20 20:24:20,35.427,3.89107624,-1.452,22.76,0.0,0.0,-42.60683402796557,-82.49033120834764,102.18266542247954,During Launch
826,2025-03-20 20:24:20,35.47,4.3635172,-1.905,22.753,0.0,0.0,-38.573353404014554,-81.09304123593273,102.54456391969624,During Launch
827,2025-03-20 20:24:20,35.513,2.91010508,-2.156,22.753,0.0,0.0,-35.89508875788422,-80.00586361723428,102.81757466557856,During Launch
828,2025-03-20 20:24:20,35.556,3.5137796399999996,-1.252,22.755,0.0,0.0,-28.309363573515935,-76.29608203664833,103.70393514046549,During Launch
829,2025-03-20 20:24:20,35.598,3.03149616,-1.903,22.75,0.0,0.0,-25.39270681525574,-74.2823116485116,104.57861152078414,During Launch
830,2025-03-20 20:24:20,35.642,2.1981628,-4.792,22.76,0.0,0.0,-19.79738536744642,-68.43424610592963,106.67821422265634,During Launch
831,2025-03-20 20:24:20,35.684,4.347113,-2.164,22.75,0.0,0.0,-17.529523146879264,-65.1030575583093,107.51550437499887,During Launch
832,2025-03-20 20:24:20,35.726,2.07349088,-5.386,22.755,0.0,0.0,-15.694126285364426,-60.36686010026837,108.26738671337738,During Launch
833,2025-03-20 20:24:20,35.769,1.3484252399999999,-2.703,22.755,0.0,0.0,-16.005734460289933,-58.64697197245218,109.37128699152109,During Launch
834,2025-03-20 20:24:21,35.812,2.07349088,-5.923,22.758,0.0,0.0,-16.30946375643991,-55.860984878605606,110.52424684639495,During Launch
835,2025-03-20 20:24:21,35.854,2.3064305199999997,-4.793,22.75,0.0,0.0,-16.807141393196208,-54.85441706271939,111.00376640738665,During Launch
836,2025-03-20 20:24:21,35.897,3.1233596799999996,-1.83,22.725,0.0,0.0,-17.03246731861286,-52.270716454316855,112.20640042020261,During Launch
837,2025-03-20 20:24:21,35.939,3.95997388,-0.049,22.748,0.0,0.0,-17.199926007839558,-50.794522578877825,112.93216024848643,During Launch
838,2025-03-20 20:24:21,35.982,1.92913392,-4.393,22.743,0.0,0.0,-16.269635246494882,-47.46390776350211,113.88915616592932,During Launch
839,2025-03-20 20:24:21,36.024,2.1817586,-1.365,22.745,0.0,0.0,-14.84012761634648,-45.364742073049115,113.71719021886072,During Launch
840,2025-03-20 20:24:21,36.066,3.27099748,-1.03,22.745,0.0,0.0,-12.596865023401609,-40.61200268637584,113.42272967738087,During Launch
841,2025-03-20 20:24:21,36.109,2.54593184,-1.59,22.745,0.0,0.0,-11.060267971989099,-37.25521757225224,112.74134083772078,During Launch
842,2025-03-20 20:24:21,36.159,1.92913392,-3.232,22.743,0.0,0.0,-10.97756581919362,-35.52117821010067,113.45036980756797,During Launch
843,2025-03-20 20:24:21,36.204,2.1817586,-2.134,22.745,0.0,0.0,-13.334711526163751,-31.618735851072376,116.8366243211423,During Launch
844,2025-03-20 20:24:21,36.246,1.0826772,-4.468,22.738,0.0,0.0,-13.970915573175848,-29.429039054945836,119.00912540505524,During Launch
845,2025-03-20 20:24:21,36.289,1.20406828,-2.367,22.743,0.0,0.0,-14.608135263000152,-24.553173029706212,124.22244083238732,During Launch
846,2025-03-20 20:24:21,36.331,2.53280848,-1.488,22.738,0.0,0.0,-14.9750895452741,-21.19159436208017,128.22691619832224,During Launch
847,2025-03-20 20:24:21,36.374,1.32545936,-0.595,22.728,0.0,0.0,-15.20769239987348,-15.933423730993173,133.94477533213922,During Launch
848,2025-03-20 20:24:21,36.416,1.68635176,-2.279,22.733,0.0,0.0,-14.721290500647093,-13.950245759308073,135.04973134885623,During Launch
849,2025-03-20 20:24:21,36.459,1.56824152,-2.587,22.743,0.0,0.0,-12.070988249921037,-11.822534633786434,133.18493011733221,During Launch
850,2025-03-20 20:24:21,36.501,2.41469824,-1.375,22.728,0.0,0.0,-11.434070400328402,-11.066179347029273,131.71156167764013,During Launch
851,2025-03-20 20:24:21,36.544,0.83989504,-3.281,22.735,0.0,0.0,-9.71233241477088,-8.557533700285243,125.54048796630178,During Launch
852,2025-03-20 20:24:21,36.587,0.11154856,-2.606,22.735,0.0,0.0,-8.682283666230472,-7.037773790523204,120.08915837275431,During Launch
853,2025-03-20 20:24:21,36.629,1.56824152,-1.813,22.73,0.0,0.0,-5.775915985290226,-2.7807144816308593,115.83019463580571,During Launch
854,2025-03-20 20:24:21,36.671,1.09251972,-1.807,22.745,0.0,0.0,-4.700237526594762,-1.0691103325874807,53.58237531530733,During Launch
855,2025-03-20 20:24:21,36.714,2.29002632,0.086,22.735,0.0,0.0,-2.071369135698344,2.2201109482869827,-20.713516404584105,During Launch
856,2025-03-20 20:24:21,36.757,-0.12795276,-4.171,22.74,0.0,0.0,-1.2147394882563465,3.844786635703721,-43.71978914923061,During Launch
857,2025-03-20 20:24:22,36.799,0.4757218,-1.489,22.735,0.0,0.0,0.18194583392309704,5.871850561362775,-71.98545878090798,During Launch
858,2025-03-20 20:24:22,36.841,0.11482940000000001,-1.151,22.743,0.0,0.0,0.7619275790809364,6.954877080866064,-80.39109696099844,During Launch
859,2025-03-20 20:24:22,36.892,1.09251972,-0.908,22.745,0.0,0.0,0.3596034412096648,9.319222727705572,-89.17427596431837,During Launch
860,2025-03-20 20:24:22,36.936,0.12795276,-2.013,22.75,0.0,0.0,-0.2600816694375283,11.270836611629907,-84.97171762866657,During Launch
861,2025-03-20 20:24:22,36.98,1.66010504,-1.351,22.718,0.0,0.0,0.8522605126414158,11.829471736486047,-78.64129660972365,During Launch
862,2025-03-20 20:24:22,37.023,0.48884516,-3.202,22.748,0.0,0.0,4.0701221734059905,12.16278760902924,-69.38363038824235,During Launch
863,2025-03-20 20:24:22,37.065,-0.11482940000000001,-1.887,22.748,0.0,0.0,5.568501868462957,11.996067939227474,-66.67280667586503,During Launch
864,2025-03-20 20:24:22,37.108,0.9744094799999999,-1.114,22.748,0.0,0.0,9.01143798600099,11.067511053712966,-59.19168181724912,During Launch
865,2025-03-20 20:24:22,37.15,1.09251972,-2.01,22.745,0.0,0.0,9.87668508944072,10.667929986189064,-55.28337643090638,During Launch
866,2025-03-20 20:24:22,37.193,0.48884516,-1.898,22.75,0.0,0.0,9.479076975698472,10.71734039637801,-49.84077147947268,During Launch
867,2025-03-20 20:24:22,37.235,2.53280848,0.561,22.738,0.0,0.0,9.305015426006205,10.999166721358158,-47.14463969598263,During Launch
868,2025-03-20 20:24:22,37.279,2.06364836,-0.11,22.748,0.0,0.0,10.922826279158222,11.73045599632728,-41.42873165810292,During Launch
869,2025-03-20 20:24:22,37.321,0.36745408,-0.665,22.745,0.0,0.0,11.738855567369994,14.918595780998558,-39.054896361173704,During Launch
870,2025-03-20 20:24:22,37.364,0.25918636,-0.879,22.755,0.0,0.0,14.46412446242522,12.691766091658629,-37.88501316317977,During Launch
871,2025-03-20 20:24:22,37.406,0.23622047999999998,-2.136,22.74,0.0,0.0,14.897739297443533,11.881370621921135,-38.8050259542718,During Launch
872,2025-03-20 20:24:22,37.449,0.48884516,-0.778,22.75,0.0,0.0,13.983020063582112,9.026945555910407,-34.65343107549556,During Launch
873,2025-03-20 20:24:22,37.491,0.36745408,-1.227,22.745,0.0,0.0,13.398605640090086,8.211653245173077,-33.411762754057676,During Launch
874,2025-03-20 20:24:22,37.534,0.12795276,-1.34,22.75,0.0,0.0,12.907462608774102,7.207599541290592,-31.843293661474938,During Launch
875,2025-03-20 20:24:22,37.576,-0.59711288,-2.802,22.75,0.0,0.0,13.55481151242261,7.160428821903372,-31.20458053298099,During Launch
876,2025-03-20 20:24:22,37.619,0.95800528,0.11,22.733,0.0,0.0,15.283019506563365,7.151466150229764,-29.259604061314302,During Launch
877,2025-03-20 20:24:22,37.661,0.61023624,0.464,22.748,0.0,0.0,15.760281893794733,7.121559193560556,-28.4720643521324,During Launch
878,2025-03-20 20:24:22,37.712,0.36745408,-1.109,22.745,0.0,0.0,16.86976145398256,7.185675326664029,-26.85002077097102,During Launch
879,2025-03-20 20:24:22,37.756,0.36745408,-0.668,22.745,0.0,0.0,18.09954522032212,6.216897405569292,-22.635979792211053,During Launch
880,2025-03-20 20:24:23,37.798,0.6233596,-1.538,22.755,0.0,0.0,18.576794557396187,5.6309718485903195,-20.374883160246668,During Launch
881,2025-03-20 20:24:23,37.841,0.48884516,0.569,22.73,0.0,0.0,19.063735798113846,4.548783010148749,-16.813579210786813,During Launch
882,2025-03-20 20:24:23,37.883,0.37073492,-0.097,22.753,0.0,0.0,19.310775671228065,3.8713591483493595,-15.297360007931722,During Launch
883,2025-03-20 20:24:23,37.926,-0.23622047999999998,-0.324,22.75,0.0,0.0,20.238676077082904,2.5879715129957432,-13.810626341549035,During Launch
884,2025-03-20 20:24:23,37.968,-0.23622047999999998,-1.235,22.75,0.0,0.0,21.071499435142435,2.0156098447754838,-13.38815272240448,During Launch
885,2025-03-20 20:24:23,38.011,0.73162732,0.562,22.753,0.0,0.0,22.60238279030522,1.1527043334611153,-13.018008258285384,During Launch
886,2025-03-20 20:24:23,38.053,0.00656168,-1.541,22.753,0.0,0.0,23.029839073353052,0.7020418711435081,-12.310825288344958,During Launch
887,2025-03-20 20:24:23,38.096,0.24606299999999998,-0.226,22.748,0.0,0.0,22.03474970296806,-0.590158067679061,-8.84602767524164,During Launch
888,2025-03-20 20:24:23,38.138,-0.35433072,-0.223,22.753,0.0,0.0,20.83380095216285,-0.44410625363685574,-7.130416598735319,During Launch
889,2025-03-20 20:24:23,38.18,0.73162732,-0.226,22.745,0.0,0.0,22.226151003025976,-0.7449268116525551,-3.316469034398964,During Launch
890,2025-03-20 20:24:23,38.223,0.73162732,-0.336,22.753,0.0,0.0,23.679478814413272,-1.0125400320175677,-1.8837199917792269,During Launch
891,2025-03-20 20:24:23,38.267,0.24606299999999998,-0.226,22.748,0.0,0.0,26.840488620538384,-2.0860660039575505,0.8490602061491983,During Launch
892,2025-03-20 20:24:23,38.309,-0.59711288,-2.914,22.75,0.0,0.0,27.95570749733527,-2.4318700966596203,1.720229837481527,During Launch
893,2025-03-20 20:24:23,38.352,-0.59711288,-2.48,22.75,0.0,0.0,29.50598957014304,-2.858082038489074,2.7531840512028216,During Launch
894,2025-03-20 20:24:23,38.394,-0.10498688,-0.44,22.755,0.0,0.0,29.75548973146931,-3.0076912279388277,3.1330571058078203,During Launch
895,2025-03-20 20:24:23,38.437,1.0826772,0.767,22.738,0.0,0.0,29.687995798966597,-3.16533421562554,3.801476143166581,During Launch
896,2025-03-20 20:24:23,38.479,-0.47900264,-0.667,22.748,0.0,0.0,29.834252914137604,-3.245251193170235,4.027279691036821,During Launch
897,2025-03-20 20:24:23,38.522,1.30905516,0.764,22.745,0.0,0.0,30.551621133880882,-3.5124058706908876,4.599132792028908,During Launch
898,2025-03-20 20:24:23,38.564,0.83989504,0.44,22.743,0.0,0.0,31.11369475039988,-3.6679241187912552,4.825566564299121,During Launch
899,2025-03-20 20:24:23,38.607,1.4435696,1.226,22.738,0.0,0.0,32.95161751568418,-4.024674398925931,5.215145152237886,During Launch
900,2025-03-20 20:24:23,38.649,-0.24606299999999998,0.327,22.753,0.0,0.0,34.28433537159457,-4.253583311543856,5.005759521076261,During Launch
901,2025-03-20 20:24:23,38.692,-0.11482940000000001,-1.0,22.748,0.0,0.0,36.20752206712426,-4.265326701528325,4.9514887709913165,During Launch
902,2025-03-20 20:24:23,38.735,0.59711288,-0.012,22.74,0.0,0.0,37.060204740543654,-4.221312023467429,4.778123658281962,During Launch
903,2025-03-20 20:24:24,38.777,-0.49212599999999995,-0.807,22.743,0.0,0.0,43.58853168040599,-4.148698684054702,3.4799053073553092,During Launch
904,2025-03-20 20:24:24,38.819,0.11482940000000001,-0.238,22.743,0.0,0.0,46.98145121893176,-3.8829519095559606,2.6592723164964065,During Launch
905,2025-03-20 20:24:24,38.862,0.23622047999999998,-0.364,22.74,0.0,0.0,53.77609225061061,-3.7040388662971124,1.5210477236538305,During Launch
906,2025-03-20 20:24:24,38.905,0.59711288,0.102,22.74,0.0,0.0,57.231812642360254,-3.8607724689390324,0.9040344065365282,During Launch
907,2025-03-20 20:24:24,38.947,0.36745408,-0.003,22.745,0.0,0.0,63.44491287080283,-3.980389443579616,0.4480783282629688,During Launch
908,2025-03-20 20:24:24,38.99,1.0826772,1.24,22.738,0.0,0.0,65.7713769063614,-3.838324964467894,0.17801988940662927,During Launch
909,2025-03-20 20:24:24,39.04,0.9744094799999999,1.129,22.748,0.0,0.0,69.75998386517443,-4.381937330268279,0.03693151886973112,During Launch
910,2025-03-20 20:24:24,39.085,0.00328084,-0.678,22.745,0.0,0.0,74.57578715421094,-7.910496862173542,0.3178183093332124,During Launch
911,2025-03-20 20:24:24,39.129,0.47900264,0.439,22.743,0.0,0.0,76.9978391709966,-11.071417882009843,0.42026233889592113,During Launch
912,2025-03-20 20:24:24,39.172,0.24606299999999998,0.0,22.728,0.0,0.0,81.20988455991001,-24.8964879190586,0.7033829451549433,During Launch
913,2025-03-20 20:24:24,39.214,-0.12795276,0.21,22.74,0.0,0.0,82.60385991259625,-31.26780752073933,0.8217298426061134,During Launch
914,2025-03-20 20:24:24,39.257,0.9612861199999999,0.213,22.74,0.0,0.0,84.3517047359916,-39.386911107067206,1.081566364523228,During Launch
915,2025-03-20 20:24:24,39.3,-0.35761156,-1.011,22.733,0.0,0.0,84.8501380225457,-41.82162724576556,1.1651157109449946,During Launch
916,2025-03-20 20:24:24,39.343,-0.61023624,-0.796,22.743,0.0,0.0,84.79732835651816,-39.845184967180195,1.2832867080653931,During Launch
917,2025-03-20 20:24:24,39.386,-0.59711288,0.0,22.75,0.0,0.0,84.61408822794556,-37.7991638573933,1.344460877138634,During Launch
918,2025-03-20 20:24:24,39.428,-0.35761156,0.223,22.73,0.0,0.0,84.0673720904926,-33.382386521126904,1.431106516107073,During Launch
919,2025-03-20 20:24:24,39.47,1.20406828,1.217,22.743,0.0,0.0,83.54907098312881,-30.72038914739144,1.4594144206948976,During Launch
920,2025-03-20 20:24:24,39.513,-0.35761156,-1.339,22.745,0.0,0.0,82.19940838150603,-26.02871587794433,1.5383987284098595,During Launch
921,2025-03-20 20:24:24,39.556,0.24606299999999998,0.673,22.733,0.0,0.0,81.54302602016831,-24.383448705733123,1.5898487204954153,During Launch
922,2025-03-20 20:24:24,39.599,-1.3353018799999998,-2.455,22.743,0.0,0.0,80.10178271431904,-21.81562140767693,1.7239371445627083,During Launch
923,2025-03-20 20:24:24,39.641,1.4435696,0.561,22.738,0.0,0.0,79.49281113454474,-20.868288281883444,1.8148684137668878,During Launch
924,2025-03-20 20:24:24,39.683,0.47900264,-0.896,22.73,0.0,0.0,78.44937492814431,-19.20308519274922,1.9162206447291597,During Launch
925,2025-03-20 20:24:24,39.726,0.59711288,0.783,22.74,0.0,0.0,77.85301174649308,-18.368315563725435,1.9526684906636256,During Launch
926,2025-03-20 20:24:24,39.768,0.73162732,0.787,22.745,0.0,0.0,76.45941605796267,-16.748173561765547,2.1574013435508883,During Launch
927,2025-03-20 20:24:25,39.811,0.59711288,0.0,22.74,0.0,0.0,75.49044829950093,-16.249644840057297,2.3690030319784277,During Launch
928,2025-03-20 20:24:25,39.854,-0.35761156,0.125,22.745,0.0,0.0,72.90652930435486,-14.437071587950843,2.6668385668588215,During Launch
929,2025-03-20 20:24:25,39.898,0.00328084,-0.103,22.745,0.0,0.0,71.30840608494866,-13.42586445875535,2.7831111682380314,During Launch
930,2025-03-20 20:24:25,39.94,-0.47900264,-0.663,22.738,0.0,0.0,68.21296485768649,-11.800764679561595,2.981314982594041,During Launch
931,2025-03-20 20:24:25,39.982,0.73162732,0.125,22.745,0.0,0.0,67.03179138479703,-11.30353022967133,3.097660442675251,During Launch
932,2025-03-20 20:24:25,40.029,-0.59711288,-0.891,22.748,0.0,0.0,65.22471550162554,-10.129972474165912,3.126175815813225,During Launch
933,2025-03-20 20:24:25,40.071,0.4757218,-0.561,22.735,0.0,0.0,63.807469999677394,-9.32011040068698,3.1260343683889777,During Launch
934,2025-03-20 20:24:25,40.114,-0.11482940000000001,-1.014,22.748,0.0,0.0,61.26102902748328,-8.185167080261147,3.200522020180194,During Launch
935,2025-03-20 20:24:25,40.157,0.47900264,0.444,22.735,0.0,0.0,60.00369634320703,-7.745107286065853,3.2852245746608264,During Launch
936,2025-03-20 20:24:25,40.199,1.8077428400000002,1.242,22.738,0.0,0.0,57.821828352115276,-7.060760047063283,3.3772713679835444,During Launch
937,2025-03-20 20:24:25,40.242,0.11482940000000001,-0.123,22.743,0.0,0.0,57.00973475854289,-6.800752890563084,3.42672971471454,During Launch
938,2025-03-20 20:24:25,40.285,-0.9744094799999999,-0.79,22.738,0.0,0.0,55.92959897545441,-6.473547261768778,3.477154168710587,During Launch
939,2025-03-20 20:24:25,40.327,0.59711288,-0.34,22.74,0.0,0.0,55.70674232647459,-6.401374016494838,3.50678447168568,During Launch
940,2025-03-20 20:24:25,40.369,1.0826772,1.347,22.738,0.0,0.0,55.7261935728045,-6.271114750984472,3.5259192300932924,During Launch
941,2025-03-20 20:24:25,40.412,0.11482940000000001,0.678,22.743,0.0,0.0,55.87942630227411,-6.258428333531624,3.536624329552833,During Launch
942,2025-03-20 20:24:25,40.454,-0.12795276,0.439,22.74,0.0,0.0,56.4599037521393,-6.246725804623843,3.4917004161542136,During Launch
943,2025-03-20 20:24:25,40.497,0.35433072,0.666,22.738,0.0,0.0,56.79404103665174,-6.270647668464428,3.490510190905917,During Launch
944,2025-03-20 20:24:25,40.539,-0.24606299999999998,-1.357,22.743,0.0,0.0,57.461943022177756,-6.355249112120324,3.446241100871655,During Launch
945,2025-03-20 20:24:25,40.582,0.36745408,0.678,22.745,0.0,0.0,58.074785074896155,-6.500949312303009,3.4019974589725663,During Launch
946,2025-03-20 20:24:25,40.624,0.11154856,-0.126,22.735,0.0,0.0,59.83524793796458,-6.998436987737318,3.349599495532894,During Launch
947,2025-03-20 20:24:25,40.667,1.4435696,2.602,22.738,0.0,0.0,60.987370921088164,-7.623074899629087,3.46271866264445,During Launch
948,2025-03-20 20:24:25,40.71,0.47900264,-0.902,22.743,0.0,0.0,62.8051756840626,-8.64526252613911,3.5702591552907967,During Launch
949,2025-03-20 20:24:25,40.753,0.83989504,0.337,22.743,0.0,0.0,63.32941134014807,-8.991486851888881,3.6048147415174383,During Launch
950,2025-03-20 20:24:26,40.796,-0.83989504,-1.343,22.748,0.0,0.0,63.67640198683172,-9.756288330210095,3.8306808704034734,During Launch
951,2025-03-20 20:24:26,40.838,0.37073492,-0.337,22.753,0.0,0.0,63.80258755817918,-9.82250081532262,3.788910759812368,During Launch
952,2025-03-20 20:24:26,40.882,0.24606299999999998,-0.328,22.748,0.0,0.0,64.07517559036391,-9.767585425275145,3.711325370216339,During Launch
953,2025-03-20 20:24:26,40.925,1.8208662000000002,2.034,22.745,0.0,0.0,63.71334504447816,-9.350421271495257,3.644673362121277,During Launch
954,2025-03-20 20:24:26,40.968,-0.35761156,-0.337,22.745,0.0,0.0,62.576587519573955,-8.636841117907313,3.6487482501333965,During Launch
955,2025-03-20 20:24:26,41.011,1.21719164,1.584,22.75,0.0,0.0,61.71142428783378,-8.270037395000179,3.678640049150469,During Launch
956,2025-03-20 20:24:26,41.054,0.36745408,-0.34,22.743,0.0,0.0,59.913093174356064,-7.569108954394256,3.706350844408365,During Launch
957,2025-03-20 20:24:26,41.096,0.24606299999999998,0.79,22.748,0.0,0.0,59.27329511313243,-7.3313026502215015,3.7150667506922916,During Launch
958,2025-03-20 20:24:26,41.138,0.59711288,0.114,22.74,0.0,0.0,58.80357626820229,-6.976777998462598,3.691093065920109,During Launch
959,2025-03-20 20:24:26,41.181,0.35433072,0.44,22.738,0.0,0.0,58.639680293731736,-6.878421162283038,3.6988223598296255,During Launch
960,2025-03-20 20:24:26,41.223,0.00328084,-0.446,22.745,0.0,0.0,58.38418014911871,-6.751965938498348,3.7223050237886257,During Launch
961,2025-03-20 20:24:26,41.265,-0.9744094799999999,-2.61,22.743,0.0,0.0,58.60421657357111,-6.786884434609062,3.7000787170699723,During Launch
962,2025-03-20 20:24:26,41.308,1.92913392,1.702,22.743,0.0,0.0,59.20582486021151,-6.972680902231552,3.643508025037939,During Launch
963,2025-03-20 20:24:26,41.35,0.47900264,1.365,22.743,0.0,0.0,59.701922800589344,-7.104061890945487,3.622648940071174,During Launch
964,2025-03-20 20:24:26,41.393,0.23622047999999998,-0.339,22.74,0.0,0.0,61.05203002031845,-7.607256226447504,3.55798776929766,During Launch
965,2025-03-20 20:24:26,41.435,0.8530184000000001,-0.215,22.75,0.0,0.0,61.49080667086611,-7.805292567553391,3.5340229804397,During Launch
966,2025-03-20 20:24:26,41.478,2.15551188,1.914,22.743,0.0,0.0,62.132888189353785,-8.035329501081062,3.4908659924112637,During Launch
967,2025-03-20 20:24:26,41.521,2.1817586,2.165,22.745,0.0,0.0,62.360461576178345,-8.097842524877136,3.5048699751051404,During Launch
968,2025-03-20 20:24:26,41.571,0.24606299999999998,-0.101,22.748,0.0,0.0,62.182413357071844,-7.941108991013418,3.496563882761573,During Launch
969,2025-03-20 20:24:26,41.616,0.12795276,0.347,22.74,0.0,0.0,61.66904764563116,-7.595752885985213,3.483347135700142,During Launch
970,2025-03-20 20:24:26,41.658,1.43044624,0.988,22.723,0.0,0.0,61.15302440651177,-7.303677225975133,3.4665410139789214,During Launch
971,2025-03-20 20:24:26,41.702,1.89960636,1.659,22.713,0.0,0.0,60.254348989138634,-6.964660429423716,3.4956348331183222,During Launch
972,2025-03-20 20:24:26,41.745,0.59711288,-0.785,22.74,0.0,0.0,59.97863467427194,-6.903372367073905,3.5398678760604785,During Launch
973,2025-03-20 20:24:27,41.788,1.06955384,0.548,22.73,0.0,0.0,59.690777605248726,-6.8412550123741855,3.61371496517423,During Launch
974,2025-03-20 20:24:27,41.83,0.73162732,-0.101,22.745,0.0,0.0,59.559151644646796,-6.877635534549768,3.669704759290149,During Launch
975,2025-03-20 20:24:27,41.873,1.30905516,1.995,22.725,0.0,0.0,59.80265067371948,-7.009584990426178,3.6920527739927307,During Launch
976,2025-03-20 20:24:27,41.915,0.11482940000000001,-0.238,22.743,0.0,0.0,59.874078885249986,-7.093547645327977,3.7029989177544365,During Launch
977,2025-03-20 20:24:27,41.958,1.32545936,1.003,22.74,0.0,0.0,60.46834042695434,-7.462432753634469,3.741487575423168,During Launch
978,2025-03-20 20:24:27,42.0,0.23622047999999998,-1.474,22.74,0.0,0.0,60.959012518196765,-7.635163804070602,3.7351874101064433,During Launch
979,2025-03-20 20:24:27,42.043,-0.7217848,-0.339,22.745,0.0,0.0,61.636695330161444,-8.029746318497455,3.79478626573594,During Launch
980,2025-03-20 20:24:27,42.086,-0.49212599999999995,-1.59,22.74,0.0,0.0,61.86980840566982,-8.055022821004147,3.7779830162084895,During Launch
981,2025-03-20 20:24:27,42.128,0.5839895199999999,0.202,22.725,0.0,0.0,61.883260454341475,-8.043815867583708,3.7246089143368173,During Launch
982,2025-03-20 20:24:27,42.171,0.47900264,0.217,22.743,0.0,0.0,61.72962666808252,-7.932432685844958,3.7189838812063902,During Launch
983,2025-03-20 20:24:27,42.213,-0.83989504,-1.337,22.748,0.0,0.0,61.55589705427487,-7.753666962121927,3.7359658365776336,During Launch
984,2025-03-20 20:24:27,42.256,-0.49212599999999995,-0.787,22.735,0.0,0.0,61.21351519334862,-7.6082889032434435,3.7460661046190147,During Launch
985,2025-03-20 20:24:27,42.299,-0.24606299999999998,-0.232,22.743,0.0,0.0,60.49255643718458,-7.344482120176132,3.8019533589482832,During Launch
986,2025-03-20 20:24:27,42.341,-0.8530184000000001,0.113,22.74,0.0,0.0,60.22534059024789,-7.259609995054137,3.8159805019609827,During Launch
987,2025-03-20 20:24:27,42.384,0.59711288,-1.238,22.73,0.0,0.0,59.93421105572256,-7.144800383416937,3.8349458455190164,During Launch
988,2025-03-20 20:24:27,42.426,1.20406828,0.674,22.743,0.0,0.0,60.0842483226242,-7.172685819370381,3.8443793001660755,During Launch
989,2025-03-20 20:24:27,42.469,0.7185039599999999,0.448,22.738,0.0,0.0,60.39646040528255,-7.280329576023054,3.8401292435824823,During Launch
990,2025-03-20 20:24:27,42.511,0.23622047999999998,-0.573,22.743,0.0,0.0,60.495794579440116,-7.361575183668447,3.8371666324047973,During Launch
991,2025-03-20 20:24:27,42.554,-0.12795276,-2.122,22.74,0.0,0.0,61.283234632676276,-7.617601232342486,3.8112289286479024,During Launch
992,2025-03-20 20:24:27,42.596,-0.00656168,-2.036,22.738,0.0,0.0,61.62379329997782,-7.753504712340841,3.781188641111628,During Launch
993,2025-03-20 20:24:27,42.639,0.11482940000000001,-0.123,22.743,0.0,0.0,62.14493538345022,-7.853810714841962,3.7151830463604942,During Launch
994,2025-03-20 20:24:27,42.681,0.7185039599999999,0.555,22.738,0.0,0.0,62.345110454961336,-7.874776517906774,3.6871151737343246,During Launch
995,2025-03-20 20:24:27,42.724,0.59711288,-0.782,22.74,0.0,0.0,62.41022015708969,-7.791467267609658,3.643597267716507,During Launch
996,2025-03-20 20:24:27,42.766,-1.09580056,-2.815,22.738,0.0,0.0,62.14167561885117,-7.690317003748103,3.657930921613579,During Launch
997,2025-03-20 20:24:28,42.808,0.23622047999999998,-0.34,22.74,0.0,0.0,61.48582952393463,-7.566668505080544,3.7076733993561315,During Launch
998,2025-03-20 20:24:28,42.851,-1.44685044,-2.367,22.745,0.0,0.0,61.238359420030434,-7.501138511554464,3.725205498003686,During Launch
999,2025-03-20 20:24:28,42.894,-2.29330716,-2.843,22.748,0.0,0.0,60.973385947782376,-7.399255354945959,3.7752364007720205,During Launch
1000,2025-03-20 20:24:28,42.936,-0.9612861199999999,-2.136,22.75,0.0,0.0,60.7433130611398,-7.335982043991271,3.810662554740187,During Launch
1001,2025-03-20 20:24:28,42.979,1.09251972,0.919,22.745,0.0,0.0,60.28176053067234,-7.260294614494609,3.8560790636346587,During Launch
1002,2025-03-20 20:24:28,43.021,0.35433072,-0.914,22.738,0.0,0.0,60.1205434745301,-7.255751276594796,3.8766946694365165,During Launch
1003,2025-03-20 20:24:28,43.065,1.68635176,1.362,22.74,0.0,0.0,59.84025008165156,-7.295693560163541,3.9308148266923544,During Launch
1004,2025-03-20 20:24:28,43.107,0.11482940000000001,0.786,22.743,0.0,0.0,59.75751725703848,-7.4007233098421805,4.039011665461065,During Launch
1005,2025-03-20 20:24:28,43.15,-0.8530184000000001,-0.339,22.74,0.0,0.0,60.133402390139004,-8.205882600704339,4.443175740188657,During Launch
1006,2025-03-20 20:24:28,43.192,-0.49212599999999995,-1.011,22.743,0.0,0.0,60.43161615745268,-8.563988464042565,4.631693332466515,During Launch
1007,2025-03-20 20:24:28,43.234,0.47900264,0.0,22.743,0.0,0.0,60.87811085534466,-8.802764389902597,4.682407388415468,During Launch
1008,2025-03-20 20:24:28,43.277,-0.12795276,0.669,22.74,0.0,0.0,60.977452177443325,-8.732133968370793,4.630002461653396,During Launch
1009,2025-03-20 20:24:28,43.319,0.35433072,0.796,22.743,0.0,0.0,61.035674680057895,-8.463740681541047,4.4586480516247,During Launch
1010,2025-03-20 20:24:28,43.362,0.73162732,0.92,22.745,0.0,0.0,60.945575838370026,-8.344160310213852,4.38778175109586,During Launch
1011,2025-03-20 20:24:28,43.405,0.9612861199999999,1.705,22.74,0.0,0.0,61.382347268566946,-8.113032509416334,4.163374346496013,During Launch
1012,2025-03-20 20:24:28,43.447,-0.00656168,-0.568,22.738,0.0,0.0,61.57004348050156,-8.037229511712184,4.066051445785897,During Launch
1013,2025-03-20 20:24:28,43.489,-0.00656168,-1.139,22.738,0.0,0.0,61.861214015161096,-7.8476966787240485,3.929127002263431,During Launch
1014,2025-03-20 20:24:28,43.532,-0.97769032,-1.596,22.735,0.0,0.0,61.890917622879456,-7.766469216897219,3.903039625225848,During Launch
1015,2025-03-20 20:24:28,43.583,-1.32545936,-1.457,22.75,0.0,0.0,61.74352745196187,-7.632129878222052,3.876797882746683,During Launch
1016,2025-03-20 20:24:28,43.628,0.35433072,0.449,22.738,0.0,0.0,61.61099386647234,-7.579964842163394,3.863354763635903,During Launch
1017,2025-03-20 20:24:28,43.671,0.23622047999999998,0.226,22.74,0.0,0.0,61.58971969336253,-7.548038186592142,3.8649863701009353,During Launch
1018,2025-03-20 20:24:28,43.714,-0.00656168,-0.113,22.745,0.0,0.0,61.61454747374894,-7.525615043514469,3.8690639097345505,During Launch
1019,2025-03-20 20:24:28,43.757,0.83989504,0.113,22.735,0.0,0.0,61.55242613377196,-7.53109462278175,3.884985926713974,During Launch
1020,2025-03-20 20:24:29,43.799,0.7185039599999999,0.113,22.738,0.0,0.0,61.22158528870258,-7.522682528563954,3.906850822616354,During Launch
1021,2025-03-20 20:24:29,43.842,0.23622047999999998,1.238,22.735,0.0,0.0,61.13124832274245,-7.505672974762854,3.910702426467158,During Launch
1022,2025-03-20 20:24:29,43.887,1.066273,0.769,22.723,0.0,0.0,61.53144171072511,-7.671709691435431,3.934490478444809,During Launch
1023,2025-03-20 20:24:29,43.929,0.11482940000000001,1.449,22.743,0.0,0.0,61.70911331854706,-7.6899238012883915,3.9470643950292685,During Launch
1024,2025-03-20 20:24:29,43.972,1.5419947999999999,3.558,22.72,0.0,0.0,61.984042675699044,-7.760264456044496,3.907481187925636,During Launch
1025,2025-03-20 20:24:29,44.014,-0.37073492,0.548,22.738,0.0,0.0,62.01576306903431,-7.74624509583735,3.924498232545976,During Launch
1026,2025-03-20 20:24:29,44.056,1.0826772,-0.009,22.738,0.0,0.0,61.96444080579663,-7.678421748742409,3.9166741797190294,During Launch
1027,2025-03-20 20:24:29,44.099,-0.24606299999999998,-0.557,22.723,0.0,0.0,61.96634177009405,-7.6670336780849,3.9101322046996434,During Launch
1028,2025-03-20 20:24:29,44.141,0.36745408,-1.226,22.745,0.0,0.0,61.68086214325533,-7.65010440752522,3.9237116780749486,During Launch
1029,2025-03-20 20:24:29,44.184,-0.8530184000000001,-0.899,22.74,0.0,0.0,61.49123068172691,-7.635744649580847,3.9372094974671796,During Launch
1030,2025-03-20 20:24:29,44.226,0.7185039599999999,1.461,22.71,0.0,0.0,61.494279963880444,-7.647047340131754,3.94576523884286,During Launch
1031,2025-03-20 20:24:29,44.269,-0.37073492,0.113,22.738,0.0,0.0,61.581861849682035,-7.615160461430395,3.943802896040981,During Launch
1032,2025-03-20 20:24:29,44.311,0.11482940000000001,-0.338,22.743,0.0,0.0,61.74053352432322,-7.606065611278138,3.9393004192556704,During Launch
1033,2025-03-20 20:24:29,44.354,0.9612861199999999,1.011,22.715,0.0,0.0,61.83047817475734,-7.609107334803142,3.9336304627336833,During Launch
1034,2025-03-20 20:24:29,44.396,1.32545936,0.902,22.74,0.0,0.0,61.90241799772383,-7.619064501965626,3.946015606341998,During Launch
1035,2025-03-20 20:24:29,44.439,0.11154856,-0.576,22.735,0.0,0.0,61.864506388451176,-7.632655605676146,3.9541508857284704,During Launch
1036,2025-03-20 20:24:29,44.481,-0.37073492,-1.238,22.738,0.0,0.0,61.59312815725316,-7.615460721442785,3.9573983782117086,During Launch
1037,2025-03-20 20:24:29,44.524,0.35433072,0.335,22.738,0.0,0.0,61.60574043263241,-7.644048148505672,3.9535556236095126,During Launch
1038,2025-03-20 20:24:29,44.567,1.4435696,1.345,22.738,0.0,0.0,61.71083918592298,-7.680875716519517,3.9713589146729618,During Launch
1039,2025-03-20 20:24:29,44.609,-0.61023624,0.341,22.743,0.0,0.0,61.80193017762546,-7.724799534028375,3.9720814335520838,During Launch
1040,2025-03-20 20:24:29,44.652,0.59711288,1.798,22.74,0.0,0.0,61.9689344214999,-7.767187897561088,3.9807023755823976,After Launch
1041,2025-03-20 20:25:50,124.803,1.04002628,0.008,22.797,-119.7498735,36.814240833333336,62.23470926430939,-7.74326916495003,4.117772687787847,After Launch
1042,2025-03-20 20:27:07,202.205,0.72834648,0.003,22.845,-119.7498915,36.814242166666666,62.20350934327931,-7.761686787727331,4.126539707637905,After Launch
1043,2025-03-20 20:28:25,280.058,0.6496063200000001,0.003,22.977,-119.74984583333334,36.81421816666667,62.13438875293838,-7.681147184172216,4.078634111621845,After Launch
