n,Datetime (UTC),Timestamp (s),Altitude (ft),Velocity (ft/s),Temperature (C),Longitude,Latitude,Roll (°),Pitch (°),Yaw (°),Flag
0,2025-03-20 23:34:47,0.004,-0.738189,,23.02,-1,-1,0.0,0.0,0.0,Before Launch
1,2025-03-20 23:34:47,0.046,0.7185039599999999,,23.017,-1,-1,0.0,0.0,0.0,Before Launch
2,2025-03-20 23:34:48,0.089,-0.24934383999999998,,23.022,-1,-1,0.0,0.0,0.0,Before Launch
3,2025-03-20 23:34:48,0.131,-1.23359584,,23.02,-1,-1,0.0,0.0,0.0,Before Launch
4,2025-03-20 23:34:48,0.174,-0.84645672,,23.027,-1,-1,0.0,0.0,0.0,Before Launch
5,2025-03-20 23:34:48,0.216,-0.738189,,23.017,-1,-1,0.0,0.0,0.0,Before Launch
6,2025-03-20 23:34:48,0.259,-0.738189,,23.017,-1,-1,0.0,0.0,0.0,Before Launch
7,2025-03-20 23:34:48,0.301,-0.1312336,,23.02,-1,-1,0.0,0.0,0.0,Before Launch
8,2025-03-20 23:34:48,0.343,-0.37401576000000003,,23.017,-1,-1,0.0,0.0,0.0,Before Launch
9,2025-03-20 23:34:48,0.386,-0.62664044,,23.015,-1,-1,0.0,0.0,0.0,Before Launch
10,2025-03-20 23:34:48,0.428,0.21653544,,23.004,-1,-1,0.0,0.0,0.0,Before Launch
11,2025-03-20 23:34:48,0.471,0.7217848,,23.025,-1,-1,0.0,0.0,0.0,Before Launch
12,2025-03-20 23:34:48,0.513,-0.84645672,,23.027,-1,-1,0.0,0.0,0.0,Before Launch
13,2025-03-20 23:34:48,0.556,-0.73490816,,23.01,-1,-1,0.0,0.0,0.0,Before Launch
14,2025-03-20 23:34:48,0.598,-0.8595800800000001,,23.02,-1,-1,0.0,0.0,0.0,Before Launch
15,2025-03-20 23:34:48,0.641,0.35761156,,23.025,-1,-1,0.0,0.0,0.0,Before Launch
16,2025-03-20 23:34:48,0.683,-0.97769032,,23.022,-1,-1,0.0,0.0,0.0,Before Launch
17,2025-03-20 23:34:48,0.726,-0.14435695999999998,,23.012,-1,-1,0.0,0.0,0.0,Before Launch
18,2025-03-20 23:34:48,0.768,0.35761156,,23.025,-1,-1,0.0,0.0,0.0,Before Launch
19,2025-03-20 23:34:48,0.811,-0.24934383999999998,,23.015,-1,-1,0.0,0.0,0.0,Before Launch
20,2025-03-20 23:34:48,0.853,-0.97769032,,23.022,-1,-1,0.0,0.0,0.0,Before Launch
21,2025-03-20 23:34:48,0.896,-2.07021004,,23.022,-1,-1,0.0,0.0,0.0,Before Launch
22,2025-03-20 23:34:48,0.938,1.15813652,,22.985,-1,-1,0.0,0.0,0.0,Before Launch
23,2025-03-20 23:34:48,0.981,-0.84645672,,23.027,-119.7498405,36.81435033333333,0.0,0.0,0.0,Before Launch
24,2025-03-20 23:34:48,1.023,0.35433072,,23.017,-119.7498405,36.81435033333333,24.547430681851022,-21.147577730786132,24.557764577279947,Before Launch
25,2025-03-20 23:34:49,1.068,-0.62992128,0.102,23.007,-119.7498405,36.81435033333333,37.490052330275105,-36.75595901098071,37.111619174392715,Before Launch
26,2025-03-20 23:34:49,1.113,-1.58464572,-2.159,23.02,-119.7498405,36.81435033333333,39.872854993839766,-39.392212198712734,39.62808939324589,Before Launch
27,2025-03-20 23:34:49,1.156,0.10170604,0.329,23.017,-119.7498405,36.81435033333333,91.18451216735387,71.11278182236005,19.31730035708193,Before Launch
28,2025-03-20 23:34:49,1.198,-0.73490816,0.467,23.025,-119.7498405,36.81435033333333,105.6528990802647,102.38770534962504,13.593758702305236,Before Launch
29,2025-03-20 23:34:49,1.241,1.30905516,2.02,23.004,-119.7498405,36.81435033333333,123.21057716831297,140.3292218511954,6.652112142010788,Before Launch
30,2025-03-20 23:34:49,1.284,0.35433072,1.023,23.017,-119.7498405,36.81435033333333,128.46266359700581,151.67043866424936,4.588665082495967,Before Launch
31,2025-03-20 23:34:49,1.327,0.59711288,1.25,23.02,-119.7498405,36.81435033333333,134.85861172091796,165.52003143901325,2.029183096001846,Before Launch
32,2025-03-20 23:34:49,1.369,-0.84645672,-0.67,23.027,-119.7498405,36.81435033333333,136.73269036429116,169.61583498545045,1.2611895103503568,Before Launch
33,2025-03-20 23:34:49,1.411,-0.24934383999999998,0.117,23.022,-119.7498405,36.81435033333333,138.99273585264442,174.6009587677305,0.29256458653258605,Before Launch
34,2025-03-20 23:34:49,1.454,-0.73490816,-0.101,23.025,-119.7498405,36.81435033333333,139.66624264062148,176.11700054471902,0.025994821043412053,Before Launch
35,2025-03-20 23:34:49,1.496,-0.49540683999999996,-0.667,23.02,-119.7498405,36.81435033333333,140.52127937079212,177.96213893092235,-0.3366370606867322,Before Launch
36,2025-03-20 23:34:49,1.538,0.10170604,-0.581,23.015,-119.7498405,36.81435033333333,140.76978874142938,178.50239650810116,-0.4423934456234604,Before Launch
37,2025-03-20 23:34:49,1.583,0.47900264,1.239,23.022,-119.7498405,36.81435033333333,141.08980656548707,179.1941006979864,-0.5908546231585698,Before Launch
38,2025-03-20 23:34:49,1.626,0.11482940000000001,0.794,23.022,-119.7498405,36.81435033333333,141.1492995972863,179.38926467764617,-0.6149351046757415,Before Launch
39,2025-03-20 23:34:49,1.67,1.20406828,1.925,23.022,-119.7498405,36.81435033333333,141.24099268830412,179.6756280479595,-0.6610952583827407,Before Launch
40,2025-03-20 23:34:49,1.712,-0.97769032,-1.247,23.022,-119.7498405,36.81435033333333,141.25903932145576,179.74305795637937,-0.6970699024171757,Before Launch
41,2025-03-20 23:34:49,1.757,0.09842519999999999,1.002,23.022,-119.7498405,36.81435033333333,141.31035627841194,179.77998069803783,-0.7047639343631418,Before Launch
42,2025-03-20 23:34:49,1.799,0.83005252,0.908,23.015,-119.7498405,36.81435033333333,141.30761659115836,179.79179308614195,-0.6734859316377427,Before Launch
43,2025-03-20 23:34:49,1.843,0.09842519999999999,-0.241,23.007,-119.7498405,36.81435033333333,141.31288248574208,179.8351082479028,-0.6587215661747434,Before Launch
44,2025-03-20 23:34:49,1.885,1.08595804,1.243,23.022,-119.7498405,36.81435033333333,141.3155177510119,179.86732549682495,-0.6461020775313737,Before Launch
45,2025-03-20 23:34:49,1.928,-0.49540683999999996,0.449,23.02,-119.7498405,36.81435033333333,141.3097046926136,179.90531179793336,-0.6490035701579916,Before Launch
46,2025-03-20 23:34:49,1.97,0.09842519999999999,2.019,23.007,-119.7498415,36.814350166666664,141.32535038655521,179.89719783119554,-0.6716272046396246,Before Launch
47,2025-03-20 23:34:49,2.013,-0.23622047999999998,-1.297,23.029,-119.7498415,36.814350166666664,141.3232454806681,179.90339623459715,-0.6356024634588433,Before Launch
48,2025-03-20 23:34:49,2.055,-0.73490816,0.104,23.025,-119.7498415,36.814350166666664,141.31055604033335,179.90594242216548,-0.622064996162124,Before Launch
49,2025-03-20 23:34:50,2.098,0.10170604,-0.235,23.015,-119.7498415,36.814350166666664,141.3051191510354,179.9604300540777,-0.5891638784984915,Before Launch
50,2025-03-20 23:34:50,2.141,-0.73490816,-0.098,23.025,-119.7498415,36.814350166666664,141.28738292631164,179.93876254292312,-0.60038884495425,Before Launch
51,2025-03-20 23:34:50,2.183,-0.48228348,1.03,23.027,-119.7498415,36.814350166666664,141.28455763695135,179.90318998134813,-0.586991327185571,Before Launch
52,2025-03-20 23:34:50,2.225,-1.47965884,-1.479,23.01,-119.7498415,36.814350166666664,141.28375073412442,179.89933531691455,-0.5686832684014211,Before Launch
53,2025-03-20 23:34:50,2.268,0.21653544,0.889,23.004,-119.7498415,36.814350166666664,141.27944864634514,179.9298853722126,-0.6069319212219328,Before Launch
54,2025-03-20 23:34:50,2.31,-0.37073492,-1.571,23.025,-119.7498415,36.814350166666664,141.2772381240872,179.90302315326048,-0.6093424770138454,Before Launch
55,2025-03-20 23:34:50,2.352,0.24606299999999998,-0.101,23.027,-119.7498415,36.814350166666664,141.2419831021145,179.88727479593254,-0.5895029509238551,Before Launch
56,2025-03-20 23:34:50,2.395,-0.23622047999999998,-0.78,23.029,-119.7498415,36.814350166666664,141.23879060130042,179.88044586437272,-0.6082473661461649,Before Launch
57,2025-03-20 23:34:50,2.437,-0.84645672,0.0,23.025,-119.7498415,36.814350166666664,141.25133059383336,179.860741536392,-0.6358633236908796,Before Launch
58,2025-03-20 23:34:50,2.479,-0.37073492,-0.114,23.025,-119.7498415,36.814350166666664,141.22353699776485,179.84627918775865,-0.655780380415957,Before Launch
59,2025-03-20 23:34:50,2.522,-0.84645672,-0.104,23.027,-119.7498415,36.814350166666664,141.21191193162758,179.8958907378605,-0.664848260690698,Before Launch
60,2025-03-20 23:34:50,2.564,-0.11811023999999999,0.353,23.027,-119.7498415,36.814350166666664,141.2214257179866,179.9008590452139,-0.6304359276374656,Before Launch
61,2025-03-20 23:34:50,2.607,-0.23622047999999998,-0.316,23.029,-119.7498415,36.814350166666664,141.21989915600852,179.90997378650994,-0.6160845941296368,Before Launch
62,2025-03-20 23:34:50,2.649,-0.48228348,-0.902,23.027,-119.7498415,36.814350166666664,141.20057515898839,179.90169621112227,-0.612396892412182,Before Launch
63,2025-03-20 23:34:50,2.692,-0.73490816,-0.797,23.025,-119.7498415,36.814350166666664,141.18598969871198,179.85078994696931,-0.6117472245839675,Before Launch
64,2025-03-20 23:34:50,2.734,-1.0990814,-2.165,23.025,-119.7498415,36.814350166666664,141.18261410466823,179.8366922172665,-0.6167689882681762,Before Launch
65,2025-03-20 23:34:50,2.778,0.43635172,1.326,22.992,-119.7498415,36.814350166666664,141.16717875094508,179.83474558039057,-0.6278561110004399,Before Launch
66,2025-03-20 23:34:50,2.821,-1.08595804,-1.113,23.01,-119.7498415,36.814350166666664,141.18745324763424,179.84522401153845,-0.6610760409730525,Before Launch
67,2025-03-20 23:34:50,2.864,-1.45013128,-2.141,23.032,-119.7498415,36.814350166666664,141.1889502239201,179.82384386885462,-0.6505576578655127,Before Launch
68,2025-03-20 23:34:50,2.906,-1.08595804,-1.114,23.032,-119.7498415,36.814350166666664,141.19196814973262,179.84965701767345,-0.6334276936559559,Before Launch
69,2025-03-20 23:34:50,2.949,0.61023624,-0.447,23.012,-119.7498415,36.814350166666664,141.1972873598344,179.84587744028752,-0.6075510527861534,Before Launch
70,2025-03-20 23:34:50,2.992,-0.60039372,-0.099,23.029,-119.7498415,36.814350166666664,141.176707803737,179.8695341011896,-0.6234679338180344,Before Launch
71,2025-03-20 23:34:50,3.038,-0.37073492,-0.439,23.025,-119.74983633333333,36.814348,141.1736537024788,179.8829472934389,-0.5982474386815788,Before Launch
72,2025-03-20 23:34:51,3.081,0.61023624,0.793,23.027,-119.74983633333333,36.814348,141.18201008691142,179.88373815481367,-0.5697899847779399,Before Launch
73,2025-03-20 23:34:51,3.123,-0.73490816,0.0,23.025,-119.74983633333333,36.814348,141.18788606281646,179.90007537036036,-0.5345719796662181,Before Launch
74,2025-03-20 23:34:51,3.166,-1.3287402000000001,-1.339,23.029,-119.74983633333333,36.814348,141.16418316847577,179.90684416671874,-0.5357287916681334,Before Launch
75,2025-03-20 23:34:51,3.208,-0.59711288,0.129,23.037,-119.74983633333333,36.814348,141.14482103736896,179.9180392295551,-0.5237109015761868,Before Launch
76,2025-03-20 23:34:51,3.251,-0.35761156,0.117,23.032,-119.74983633333333,36.814348,141.13834532842046,179.91863565670425,-0.5014372183502379,Before Launch
77,2025-03-20 23:34:51,3.293,1.7782152800000002,3.05,22.995,-119.74983633333333,36.814348,141.12184748534435,179.91473769530083,-0.510154811239453,Before Launch
78,2025-03-20 23:34:51,3.335,-0.9612861199999999,-1.104,23.037,-119.74983633333333,36.814348,141.0985508649221,179.9385882800306,-0.5012339779989551,Before Launch
79,2025-03-20 23:34:51,3.378,-0.83989504,-0.439,23.035,-119.74983633333333,36.814348,141.08455057799878,179.92260062125294,-0.48278806368365,Before Launch
80,2025-03-20 23:34:51,3.42,-0.7217848,-0.906,23.032,-119.74983633333333,36.814348,141.09623141913758,179.90512670847235,-0.465872800793866,Before Launch
81,2025-03-20 23:34:51,3.463,-1.08595804,-0.796,23.032,-119.74983633333333,36.814348,141.13542276339976,179.8994055056576,-0.49666899101080514,Before Launch
82,2025-03-20 23:34:51,3.506,-0.60039372,0.23,23.029,-119.74983633333333,36.814348,141.13705215991814,179.87697050713857,-0.5194846516069342,Before Launch
83,2025-03-20 23:34:51,3.548,0.12795276,0.466,23.029,-119.74983633333333,36.814348,141.14265546683822,179.80775813284555,-0.5689729314351879,Before Launch
84,2025-03-20 23:34:51,3.591,-0.1312336,0.669,23.017,-119.74983633333333,36.814348,141.1381163689026,179.82184758612075,-0.6003592642109794,Before Launch
85,2025-03-20 23:34:51,3.633,-0.47900264,-0.338,23.035,-119.74983633333333,36.814348,141.15648079171973,179.8043729784997,-0.6663470750836782,Before Launch
86,2025-03-20 23:34:51,3.675,-0.00656168,0.215,23.025,-119.74983633333333,36.814348,141.13260326089352,179.7655759708557,-0.6835542646678315,Before Launch
87,2025-03-20 23:34:51,3.718,-1.08595804,-0.565,23.032,-119.74983633333333,36.814348,141.15710671764202,179.75099793667314,-0.6897592372497855,Before Launch
88,2025-03-20 23:34:51,3.76,0.00656168,0.694,23.032,-119.74983633333333,36.814348,141.15625176174314,179.7125420874189,-0.7029093421498259,Before Launch
89,2025-03-20 23:34:51,3.803,0.78412076,1.762,22.977,-119.74983633333333,36.814348,141.13768543969516,179.72046628208184,-0.7197586972405786,Before Launch
90,2025-03-20 23:34:51,3.845,-0.7217848,-1.085,23.032,-119.74983633333333,36.814348,141.13633245762182,179.71261889857746,-0.7256413038029745,Before Launch
91,2025-03-20 23:34:51,3.887,-1.6896326,-0.566,23.037,-119.74983633333333,36.814348,141.11492930437402,179.70838274270335,-0.7164459329726804,Before Launch
92,2025-03-20 23:34:51,3.93,0.7185039599999999,2.034,23.017,-119.74983633333333,36.814348,141.1016123152477,179.68705391635936,-0.7198334755761772,Before Launch
93,2025-03-20 23:34:51,3.972,0.24606299999999998,1.25,23.027,-119.74983633333333,36.814348,141.08073117573227,179.68957521548063,-0.7469922193242029,Before Launch
94,2025-03-20 23:34:51,4.015,0.34120735999999996,-0.252,23.029,-119.74983633333333,36.814348,141.07531241797088,179.6877251621243,-0.7225139002805024,Before Launch
95,2025-03-20 23:34:51,4.057,0.9448819199999999,1.451,23.004,-119.74983466666667,36.814345333333335,141.038137346154,179.7276111364971,-0.7084658131831587,Before Launch
96,2025-03-20 23:34:52,4.099,-0.83989504,-0.442,23.035,-119.74983466666667,36.814345333333335,141.03916877092556,179.72672763521996,-0.7032260189657503,Before Launch
97,2025-03-20 23:34:52,4.142,0.12795276,-0.455,23.032,-119.74983466666667,36.814345333333335,141.0480428804603,179.7375169972504,-0.6890811683057684,Before Launch
98,2025-03-20 23:34:52,4.184,-0.7217848,0.012,23.032,-119.74983466666667,36.814345333333335,141.06875456341578,179.73749271161466,-0.6550775037827227,Before Launch
99,2025-03-20 23:34:52,4.227,-1.32545936,0.003,23.037,-119.74983466666667,36.814345333333335,141.05334267390273,179.73573667328597,-0.6343721422610207,Before Launch
100,2025-03-20 23:34:52,4.269,-0.84645672,-0.235,23.027,-119.74983466666667,36.814345333333335,141.04842657440037,179.74471525851854,-0.5946618285643341,Before Launch
101,2025-03-20 23:34:52,4.311,2.48031504,2.677,22.98,-119.74983466666667,36.814345333333335,141.0513670920761,179.7504170051733,-0.6089258972918099,Before Launch
102,2025-03-20 23:34:52,4.354,0.37073492,-1.327,23.032,-119.74983466666667,36.814345333333335,141.06828500170906,179.79539851112938,-0.5954790031194783,Before Launch
103,2025-03-20 23:34:52,4.396,-0.48228348,0.451,23.027,-119.74983466666667,36.814345333333335,141.0591604469871,179.7929254552097,-0.5832324223604979,Before Launch
104,2025-03-20 23:34:52,4.439,0.24934383999999998,1.027,23.02,-119.74983466666667,36.814345333333335,141.04975367845805,179.78001814492396,-0.5919429007538407,Before Launch
105,2025-03-20 23:34:52,4.49,0.37073492,1.021,23.032,-119.74983466666667,36.814345333333335,141.06047865021281,179.7565731037653,-0.6047448687430204,Before Launch
106,2025-03-20 23:34:52,4.534,0.24934383999999998,1.247,23.035,-119.74983466666667,36.814345333333335,141.05334020248932,179.75208599318645,-0.6103346935419829,Before Launch
107,2025-03-20 23:34:52,4.577,0.61023624,1.13,23.032,-119.74983466666667,36.814345333333335,141.03618930040653,179.76168867530512,-0.6176790761202692,Before Launch
108,2025-03-20 23:34:52,4.62,2.76574812,2.461,23.004,-119.74983466666667,36.814345333333335,141.05889998596885,179.7397318582549,-0.6171357647732393,Before Launch
109,2025-03-20 23:34:52,4.662,0.1312336,0.245,23.037,-119.74983466666667,36.814345333333335,141.06360455941933,179.73215729935322,-0.6227074797752556,Before Launch
110,2025-03-20 23:34:52,4.705,-0.48228348,-0.003,23.035,-119.74983466666667,36.814345333333335,141.0652797363129,179.7103756331984,-0.6065900640551458,Before Launch
111,2025-03-20 23:34:52,4.747,0.83005252,0.78,23.015,-119.74983466666667,36.814345333333335,141.0336762935664,179.72803933747943,-0.5780976168462123,Before Launch
112,2025-03-20 23:34:52,4.79,-2.05380584,-0.903,23.037,-119.74983466666667,36.814345333333335,141.05580604145223,179.7203479123149,-0.5960175220214948,Before Launch
113,2025-03-20 23:34:52,4.832,1.41732288,1.316,23.037,-119.74983466666667,36.814345333333335,141.06245795677705,179.72210563765648,-0.6124658083959,Before Launch
114,2025-03-20 23:34:52,4.874,0.5839895199999999,-0.187,23.012,-119.74983466666667,36.814345333333335,141.05476334094325,179.68474260752504,-0.6060690474499749,Before Launch
115,2025-03-20 23:34:52,4.917,0.12795276,0.793,23.029,-119.74983466666667,36.814345333333335,141.0369529618664,179.6865854484567,-0.6180571716554023,Before Launch
116,2025-03-20 23:34:52,4.959,0.37073492,1.922,23.032,-119.74983616666667,36.814341,141.04157887019434,179.68340381529558,-0.6419543664121999,Before Launch
117,2025-03-20 23:34:52,5.002,0.9481627599999999,0.214,23.012,-119.74983616666667,36.814341,141.05966551673978,179.68637112401996,-0.6467302028227087,Before Launch
118,2025-03-20 23:34:52,5.045,-0.7217848,-0.902,23.032,-119.74983616666667,36.814341,141.04178575215465,179.6531215683942,-0.6791353938701317,Before Launch
119,2025-03-20 23:34:53,5.087,0.9744094799999999,0.591,23.027,-119.74983616666667,36.814341,141.00451496239702,179.66007603650945,-0.6684082087877001,Before Launch
120,2025-03-20 23:34:53,5.13,1.15813652,0.199,22.985,-119.74983616666667,36.814341,141.05542374417,179.65164067047277,-0.6777551817108934,Before Launch
121,2025-03-20 23:34:53,5.172,-0.83989504,0.0,23.035,-119.74983616666667,36.814341,141.0432165110882,179.6709591055667,-0.6758250447441211,Before Launch
122,2025-03-20 23:34:53,5.215,0.1312336,0.003,23.037,-119.74983616666667,36.814341,141.0295255172716,179.65894528694395,-0.6575899399370082,Before Launch
123,2025-03-20 23:34:53,5.257,0.12795276,0.792,23.029,-119.74983616666667,36.814341,141.043863541969,179.66594933016844,-0.6486374745888519,Before Launch
124,2025-03-20 23:34:53,5.3,-1.56824152,-0.226,23.035,-119.74983616666667,36.814341,141.0109725350044,179.66308152959223,-0.6718245594079145,Before Launch
125,2025-03-20 23:34:53,5.343,2.6312336800000002,3.238,23.0,-119.74983616666667,36.814341,141.02364705851676,179.68537950601032,-0.6522191386097673,Before Launch
126,2025-03-20 23:34:53,5.386,-0.23622047999999998,-2.527,23.029,-119.74983616666667,36.814341,141.0478378692126,179.69711910081324,-0.625852492638855,Before Launch
127,2025-03-20 23:34:53,5.428,0.00656168,-0.339,23.032,-119.74983616666667,36.814341,141.05351313231645,179.70731799694462,-0.6142304892557354,Before Launch
128,2025-03-20 23:34:53,5.47,0.1312336,0.571,23.037,-119.74983616666667,36.814341,141.03829613709726,179.6966760821617,-0.593507260765023,Before Launch
129,2025-03-20 23:34:53,5.513,0.24606299999999998,-0.003,23.027,-119.74983616666667,36.814341,141.05812247575315,179.71604275638575,-0.5769239550297506,Before Launch
130,2025-03-20 23:34:53,5.556,0.8595800800000001,0.459,23.037,-119.74983616666667,36.814341,141.1583955997134,179.85799751145197,-0.4184830103420295,Before Launch
131,2025-03-20 23:34:53,5.598,0.61351708,0.342,23.035,-119.74983616666667,36.814341,141.27838658256056,179.95455397499032,-0.32872688095804414,Before Launch
132,2025-03-20 23:34:53,5.641,-0.10170604,-0.669,22.977,-119.74983616666667,36.814341,141.43978188943933,180.02197553920692,-0.19309956985221047,Before Launch
133,2025-03-20 23:34:53,5.683,0.48884516,-2.142,23.029,-119.74983616666667,36.814341,141.4642485902803,180.05138387705773,-0.2072342113806795,Before Launch
134,2025-03-20 23:34:53,5.726,0.1312336,0.0,23.037,-119.74983616666667,36.814341,141.42354978162223,180.03654801401993,-0.21366876567510812,Before Launch
135,2025-03-20 23:34:53,5.768,0.49540683999999996,0.92,23.035,-119.74983616666667,36.814341,141.3608725741532,179.99719751987186,-0.24361024787783878,Before Launch
136,2025-03-20 23:34:53,5.81,0.24934383999999998,-0.546,23.035,-119.74983616666667,36.814341,141.2349544147899,179.90559499460426,-0.31506185586941166,Before Launch
137,2025-03-20 23:34:53,5.853,1.0826772,2.951,23.017,-119.74983616666667,36.814341,141.19837593254388,179.85354697107923,-0.38189387874602354,Before Launch
138,2025-03-20 23:34:53,5.895,-0.83989504,-2.123,23.035,-119.74983616666667,36.814341,141.1406901121005,179.80133785403683,-0.4627317813683179,Before Launch
139,2025-03-20 23:34:53,5.938,1.11220476,0.496,23.039,-119.74983616666667,36.814341,141.11529228203298,179.75821522811114,-0.48463817002445225,Before Launch
140,2025-03-20 23:34:53,5.98,-1.32545936,-1.367,23.037,-119.74984633333334,36.81433166666667,141.04333122335825,179.717376658996,-0.5200544447911956,Before Launch
141,2025-03-20 23:34:53,6.023,-1.19094492,-1.468,23.042,-119.74984633333334,36.81433166666667,141.0252328255088,179.69069149322377,-0.5394417539138511,Before Launch
142,2025-03-20 23:34:53,6.065,0.7185039599999999,-0.216,23.035,-119.74984633333334,36.81433166666667,140.98559513583058,179.68703050057584,-0.5647277846823853,Before Launch
143,2025-03-20 23:34:54,6.107,1.58464572,2.172,23.037,-119.74984633333334,36.81433166666667,140.98041786453393,179.6950223431281,-0.5520361670165121,Before Launch
144,2025-03-20 23:34:54,6.15,-0.34448819999999997,-1.241,23.039,-119.74984633333334,36.81433166666667,140.95732848411674,179.66164078131274,-0.5692475499950774,Before Launch
145,2025-03-20 23:34:54,6.192,0.48884516,-0.63,23.037,-119.74984633333334,36.81433166666667,140.96590819105487,179.67457290924375,-0.5960396560535869,Before Launch
146,2025-03-20 23:34:54,6.235,0.01968504,0.809,23.039,-119.74984633333334,36.81433166666667,140.9525634552444,179.6924379631924,-0.5934827459693968,Before Launch
147,2025-03-20 23:34:54,6.277,-0.34448819999999997,-0.448,23.039,-119.74984633333334,36.81433166666667,140.94262931860573,179.68629438819988,-0.5918466384559944,Before Launch
148,2025-03-20 23:34:54,6.32,-2.05380584,-2.052,23.035,-119.74984633333334,36.81433166666667,140.92278256069355,179.66483561064098,-0.5937108496857069,Before Launch
149,2025-03-20 23:34:54,6.363,0.47900264,1.926,23.022,-119.74984633333334,36.81433166666667,140.90119265017563,179.67736258750716,-0.5683256732603096,Before Launch
150,2025-03-20 23:34:54,6.405,0.01968504,-2.459,23.039,-119.74984633333334,36.81433166666667,140.90495820840093,179.6803024857376,-0.5497315217300761,Before Launch
151,2025-03-20 23:34:54,6.448,0.35761156,0.559,23.025,-119.74984633333334,36.81433166666667,140.8937110052466,179.66977355184238,-0.5621337319042741,Before Launch
152,2025-03-20 23:34:54,6.49,1.11220476,1.041,23.039,-119.74984633333334,36.81433166666667,140.9231020058659,179.61634387814712,-0.579873673701499,Before Launch
153,2025-03-20 23:34:54,6.532,0.9744094799999999,0.794,23.027,-119.74984633333334,36.81433166666667,140.9282724649539,179.58977057499717,-0.5971762951144506,Before Launch
154,2025-03-20 23:34:54,6.575,0.49540683999999996,0.235,23.037,-119.74984633333334,36.81433166666667,140.95683669369117,179.5653946002084,-0.6395815231831772,Before Launch
155,2025-03-20 23:34:54,6.617,-0.7217848,-1.49,23.032,-119.74984633333334,36.81433166666667,140.94897073904477,179.55974000449976,-0.6533956553311008,Before Launch
156,2025-03-20 23:34:54,6.659,-1.32545936,-1.827,23.037,-119.74984633333334,36.81433166666667,140.94647358056062,179.56092306455696,-0.6562420691024607,Before Launch
157,2025-03-20 23:34:54,6.702,-0.59711288,-0.467,23.037,-119.74984633333334,36.81433166666667,140.938687518582,179.58327010981859,-0.6734300357471357,Before Launch
158,2025-03-20 23:34:54,6.744,0.01968504,-0.442,23.039,-119.74984633333334,36.81433166666667,140.96543779840647,179.60517577101902,-0.645801675802133,Before Launch
159,2025-03-20 23:34:54,6.787,2.3622047999999998,2.103,22.982,-119.74984633333334,36.81433166666667,140.95511048022934,179.6005003623506,-0.6253601774161648,Before Launch
160,2025-03-20 23:34:54,6.829,-0.59711288,-1.03,23.037,-119.74984633333334,36.81433166666667,140.96303344683338,179.62265146988557,-0.603585293474958,Before Launch
161,2025-03-20 23:34:54,6.872,0.1312336,-0.111,23.037,-119.74984633333334,36.81433166666667,140.95610604624738,179.6444972979973,-0.5981442132754957,Before Launch
162,2025-03-20 23:34:54,6.914,0.47900264,-0.569,23.022,-119.74984633333334,36.81433166666667,140.9744249133966,179.66976575241736,-0.5756704011337269,Before Launch
163,2025-03-20 23:34:54,6.957,-1.80118116,-0.905,23.039,-119.74984466666666,36.81432016666667,140.96020081275736,179.67216592687672,-0.5638736214119678,Before Launch
164,2025-03-20 23:34:54,7.007,-0.46587927999999995,-1.476,23.042,-119.74984466666666,36.81432016666667,140.94851293091457,179.72224142258014,-0.5096962864093115,Before Launch
165,2025-03-20 23:34:54,7.051,0.61351708,1.81,23.035,-119.74984466666666,36.81432016666667,140.92544246652483,179.74120772974578,-0.5013561634622529,Before Launch
166,2025-03-20 23:34:55,7.093,-1.3123360000000002,-0.113,23.045,-119.74984466666666,36.81432016666667,140.93307816858334,179.7490100877831,-0.5027362852614476,Before Launch
167,2025-03-20 23:34:55,7.137,-1.3123360000000002,-1.894,23.045,-119.74984466666666,36.81432016666667,140.95917948365076,179.73779824670626,-0.47651768481766443,Before Launch
168,2025-03-20 23:34:55,7.179,0.83989504,-0.695,23.022,-119.74984466666666,36.81432016666667,140.9632275746439,179.7214883535372,-0.4945393543644452,Before Launch
169,2025-03-20 23:34:55,7.221,0.2624672,0.567,23.042,-119.74984466666666,36.81432016666667,140.94713573689143,179.65511783691446,-0.543391395182915,Before Launch
170,2025-03-20 23:34:55,7.264,-0.7053806,-1.114,23.047,-119.74984466666666,36.81432016666667,140.92358870306379,179.66289101018793,-0.5508880326409079,Before Launch
171,2025-03-20 23:34:55,7.307,0.8595800800000001,0.783,23.052,-119.74984466666666,36.81432016666667,140.9761203601515,179.59774645327255,-0.5720470197761439,Before Launch
172,2025-03-20 23:34:55,7.349,0.75131236,1.022,23.037,-119.74984466666666,36.81432016666667,140.91509781617316,179.61442375285498,-0.5775129340019826,Before Launch
173,2025-03-20 23:34:55,7.4,-0.9350394,1.036,23.052,-119.74984466666666,36.81432016666667,140.90123803317255,179.600619830165,-0.5931807342093697,Before Launch
174,2025-03-20 23:34:55,7.444,0.02296588,-0.422,23.045,-119.74984466666666,36.81432016666667,140.90347431999268,179.57659976646553,-0.6060971933520706,Before Launch
175,2025-03-20 23:34:55,7.486,1.55183732,1.417,23.007,-119.74984466666666,36.81432016666667,140.9028856685967,179.56177774753627,-0.6195291089649937,Before Launch
176,2025-03-20 23:34:55,7.529,0.38713912,0.027,23.047,-119.74984466666666,36.81432016666667,140.89017703405312,179.5901404120615,-0.6165643026422185,Before Launch
177,2025-03-20 23:34:55,7.571,-0.9481627599999999,-1.906,23.045,-119.74984466666666,36.81432016666667,140.8707748289326,179.60832236792328,-0.5926361305526197,Before Launch
178,2025-03-20 23:34:55,7.614,0.83989504,-0.124,23.022,-119.74984466666666,36.81432016666667,140.9040398423596,179.58812963156055,-0.589707138861832,Before Launch
179,2025-03-20 23:34:55,7.656,-0.46587927999999995,-0.889,23.042,-119.74984466666666,36.81432016666667,140.91559891140753,179.57018517678443,-0.5693341664605297,Before Launch
180,2025-03-20 23:34:55,7.699,-0.10170604,0.573,23.042,-119.74984466666666,36.81432016666667,140.9180975519754,179.58729390488014,-0.5648753509912281,Before Launch
181,2025-03-20 23:34:55,7.741,1.34186356,2.465,23.035,-119.74984466666666,36.81432016666667,140.94063427011145,179.60318245255834,-0.5835867147053589,Before Launch
182,2025-03-20 23:34:55,7.784,-0.5839895199999999,0.012,23.045,-119.74984466666666,36.81432016666667,140.95701345873331,179.5973817484904,-0.5858389727443147,Before Launch
183,2025-03-20 23:34:55,7.826,-0.34120735999999996,-0.334,23.047,-119.74984466666666,36.81432016666667,140.94263005689436,179.59648138835755,-0.5665606725182483,Before Launch
184,2025-03-20 23:34:55,7.869,1.20406828,-1.07,23.022,-119.74984466666666,36.81432016666667,140.94474955429848,179.6294711641848,-0.5437029485686771,Before Launch
185,2025-03-20 23:34:55,7.911,0.14435695999999998,0.685,23.045,-119.74984466666666,36.81432016666667,140.948639139552,179.66438359437473,-0.5226260750543898,Before Launch
186,2025-03-20 23:34:55,7.955,-0.7053806,-0.772,23.047,-119.7498675,36.81431233333333,140.92166165301947,179.65726201962667,-0.5272662284389746,Before Launch
187,2025-03-20 23:34:55,7.998,1.76837276,1.189,22.987,-119.7498675,36.81431233333333,140.9276746174179,179.63880979913685,-0.5071262808797599,Before Launch
188,2025-03-20 23:34:55,8.048,0.5085302,2.117,23.045,-119.7498675,36.81431233333333,140.92277215966138,179.63130347630394,-0.5094418729168737,Before Launch
189,2025-03-20 23:34:56,8.091,0.73490816,1.108,23.032,-119.7498675,36.81431233333333,140.90123134857953,179.61930224288324,-0.5156318506177523,Before Launch
190,2025-03-20 23:34:56,8.134,0.2624672,-0.324,23.047,-119.7498675,36.81431233333333,140.88111417611938,179.60555328306407,-0.5228735184365768,Before Launch
191,2025-03-20 23:34:56,8.176,0.7480315200000001,1.902,23.039,-119.7498675,36.81431233333333,140.89689226446131,179.61749508706066,-0.5466189453626538,Before Launch
192,2025-03-20 23:34:56,8.218,0.02296588,1.235,23.047,-119.7498675,36.81431233333333,140.93400510994704,179.59262841096535,-0.5483252838331862,Before Launch
193,2025-03-20 23:34:56,8.261,-0.34120735999999996,-1.092,23.047,-119.7498675,36.81431233333333,140.9469605306556,179.58056797093678,-0.557292752827178,Before Launch
194,2025-03-20 23:34:56,8.303,0.59711288,0.309,23.02,-119.7498675,36.81431233333333,140.93612780402376,179.56500102079906,-0.5697807098552187,Before Launch
195,2025-03-20 23:34:56,8.346,0.00656168,0.658,23.032,-119.7498675,36.81431233333333,140.89428754739646,179.59478179412275,-0.5856102598672768,Before Launch
196,2025-03-20 23:34:56,8.388,0.38713912,-0.437,23.047,-119.7498675,36.81431233333333,140.88242855090164,179.58630488802828,-0.5919505937368689,Before Launch
197,2025-03-20 23:34:56,8.43,-0.34120735999999996,-1.011,23.049,-119.7498675,36.81431233333333,140.85184817321164,179.60619511762738,-0.5890806509215697,Before Launch
198,2025-03-20 23:34:56,8.473,0.9744094799999999,1.78,23.027,-119.7498675,36.81431233333333,140.87090140041082,179.5766733581733,-0.595818906324011,Before Launch
199,2025-03-20 23:34:56,8.515,0.59711288,0.536,23.02,-119.7498675,36.81431233333333,140.86863226849485,179.5864291275279,-0.5922185721694947,Before Launch
200,2025-03-20 23:34:56,8.557,0.6397638,-0.852,23.047,-119.7498675,36.81431233333333,140.87635264595886,179.59968877992625,-0.5855299329160911,Before Launch
201,2025-03-20 23:34:56,8.608,0.2624672,-0.116,23.042,-119.7498675,36.81431233333333,140.8863197428015,179.61272620167955,-0.5643918485189957,Before Launch
202,2025-03-20 23:34:56,8.652,0.5085302,1.348,23.045,-119.7498675,36.81431233333333,140.89202320462056,179.58751023503547,-0.5733333106132585,Before Launch
203,2025-03-20 23:34:56,8.695,0.38713912,-0.419,23.047,-119.7498675,36.81431233333333,140.88253607953442,179.58204629842788,-0.5530156008607637,Before Launch
204,2025-03-20 23:34:56,8.737,0.6397638,1.023,23.049,-119.7498675,36.81431233333333,140.86998128366423,179.5799415028914,-0.5358201921176046,Before Launch
205,2025-03-20 23:34:56,8.779,-1.1811023999999999,-0.999,23.049,-119.7498675,36.81431233333333,140.87587732374675,179.5642331040683,-0.5250477307450513,Before Launch
206,2025-03-20 23:34:56,8.822,1.9192913999999999,0.534,23.015,-119.7498675,36.81431233333333,140.8841815953927,179.58672537840934,-0.533258218998927,Before Launch
207,2025-03-20 23:34:56,8.865,-0.32808400000000004,0.237,23.054,-119.7498675,36.81431233333333,140.89977654282714,179.59581015834658,-0.5354796204470841,Before Launch
208,2025-03-20 23:34:56,8.907,-1.06955384,-0.674,23.047,-119.7498675,36.81431233333333,140.9165887206636,179.6194403757053,-0.5535633083264814,Before Launch
209,2025-03-20 23:34:56,8.95,0.5085302,-0.643,23.045,-119.7498675,36.81431233333333,140.9149747762227,179.6034003289719,-0.5486893059544441,Before Launch
210,2025-03-20 23:34:56,8.992,0.14435695999999998,0.0,23.045,-119.749859,36.81432066666667,140.88337008065616,179.62046480377708,-0.5517952010063725,Before Launch
211,2025-03-20 23:34:56,9.035,0.62664044,1.233,23.025,-119.749859,36.81432066666667,140.85574180479864,179.62423361954973,-0.5552253254124522,Before Launch
212,2025-03-20 23:34:57,9.085,-0.46587927999999995,-2.055,23.042,-119.749859,36.81432066666667,140.89353630859958,179.61168647153136,-0.5497946494025757,Before Launch
213,2025-03-20 23:34:57,9.13,0.7480315200000001,0.221,23.042,-119.749859,36.81432066666667,140.881337596737,179.56473516794725,-0.5431716355529647,Before Launch
214,2025-03-20 23:34:57,9.172,1.45013128,0.662,23.025,-119.749859,36.81432066666667,140.89628730874603,179.57858790888258,-0.5666601659228707,Before Launch
215,2025-03-20 23:34:57,9.214,0.02296588,-0.222,23.047,-119.749859,36.81432066666667,140.89555505332956,179.582922923427,-0.5828955137525598,Before Launch
216,2025-03-20 23:34:57,9.257,0.6397638,-0.1,23.045,-119.749859,36.81432066666667,140.9058687454068,179.59124794329307,-0.5747323959617048,Before Launch
217,2025-03-20 23:34:57,9.299,1.34186356,1.22,23.035,-119.749859,36.81432066666667,140.9277521848031,179.57547578910595,-0.5601905790689543,Before Launch
218,2025-03-20 23:34:57,9.342,0.7480315200000001,1.008,23.039,-119.749859,36.81432066666667,140.94469631582956,179.59527547638584,-0.5467508206335513,Before Launch
219,2025-03-20 23:34:57,9.384,-0.70866144,-1.208,23.039,-119.749859,36.81432066666667,140.9015829181729,179.63672211299732,-0.5240817168813741,Before Launch
220,2025-03-20 23:34:57,9.427,0.35761156,0.325,23.025,-119.749859,36.81432066666667,140.91383816585937,179.6263968949854,-0.5221390037721289,Before Launch
221,2025-03-20 23:34:57,9.469,-0.21981628,-0.561,23.045,-119.749859,36.81432066666667,140.91758103851924,179.60763436969722,-0.5403220934139805,Before Launch
222,2025-03-20 23:34:57,9.512,0.27559056000000004,0.57,23.049,-119.749859,36.81432066666667,140.87806424522364,179.62885444574175,-0.5531565924171218,Before Launch
223,2025-03-20 23:34:57,9.554,0.73490816,-0.222,23.032,-119.749859,36.81432066666667,140.90629441101962,179.6099494311161,-0.5451541248885414,Before Launch
224,2025-03-20 23:34:57,9.596,0.2624672,-0.31,23.042,-119.749859,36.81432066666667,140.8947096692456,179.62261679941975,-0.5520114254387478,Before Launch
225,2025-03-20 23:34:57,9.639,0.24934383999999998,-0.361,23.035,-119.749859,36.81432066666667,140.8964149261596,179.63392141608495,-0.581355220070395,Before Launch
226,2025-03-20 23:34:57,9.681,0.40026248,0.128,23.049,-119.749859,36.81432066666667,140.903324806329,179.62824576591478,-0.5740892063056593,Before Launch
227,2025-03-20 23:34:57,9.724,-0.81692916,-1.236,23.049,-119.749859,36.81432066666667,140.92149913073365,179.65902542037222,-0.5426249210485988,Before Launch
228,2025-03-20 23:34:57,9.766,-0.34120735999999996,-0.68,23.047,-119.749859,36.81432066666667,140.91211824440708,179.63496632550812,-0.5515512538907831,Before Launch
229,2025-03-20 23:34:57,9.808,-1.06955384,-1.596,23.047,-119.749859,36.81432066666667,140.87377624364143,179.59422131164527,-0.5823163125814314,Before Launch
230,2025-03-20 23:34:57,9.851,-0.7053806,0.444,23.047,-119.749859,36.81432066666667,140.88792430228105,179.6008667063066,-0.5832094297072078,Before Launch
231,2025-03-20 23:34:57,9.893,-0.81692916,-2.555,23.049,-119.749859,36.81432066666667,140.8560130247001,179.5686620909071,-0.5715015980824928,Before Launch
232,2025-03-20 23:34:57,9.935,0.02296588,0.328,23.047,-119.749859,36.81432066666667,140.85165815679264,179.5502151764694,-0.5671978065283604,Before Launch
233,2025-03-20 23:34:57,9.978,-0.44947508,0.579,23.057,-119.749859,36.81432066666667,140.86965279031156,179.55156790216168,-0.5796525454226107,Before Launch
234,2025-03-20 23:34:57,10.02,-0.69225724,-1.122,23.054,-119.749859,36.81432066666667,140.88796109982746,179.57229263476378,-0.5789218569913929,Before Launch
235,2025-03-20 23:34:57,10.063,-0.9350394,-1.008,23.052,-119.74985783333334,36.81431533333333,140.89229407480047,179.5556979767338,-0.5373062152511852,Before Launch
236,2025-03-20 23:34:58,10.105,1.00393704,0.353,23.047,-119.74985783333334,36.81431533333333,140.882919617264,179.57085261203503,-0.5436395310714461,Before Launch
237,2025-03-20 23:34:58,10.147,0.8530184000000001,1.242,23.029,-119.74985783333334,36.81431533333333,140.87182611355425,179.5533951519836,-0.5379727190887124,Before Launch
238,2025-03-20 23:34:58,10.19,-0.08858268,-0.789,23.049,-119.74985783333334,36.81431533333333,140.86433802082638,179.56935573950622,-0.5424822803245943,Before Launch
239,2025-03-20 23:34:58,10.232,0.75131236,-0.659,23.047,-119.74985783333334,36.81431533333333,140.83952564025705,179.58626632098986,-0.5389918486977207,Before Launch
240,2025-03-20 23:34:58,10.275,0.40026248,0.356,23.054,-119.74985783333334,36.81431533333333,140.83228990568915,179.60038100659426,-0.5330884739902537,Before Launch
241,2025-03-20 23:34:58,10.323,-0.7053806,-1.262,23.047,-119.74985783333334,36.81431533333333,140.8219373622008,179.56190237886725,-0.5432745290656872,Before Launch
242,2025-03-20 23:34:58,10.368,-0.21981628,-1.461,23.045,-119.74985783333334,36.81431533333333,140.84034860835874,179.5523954179948,-0.5588233479350502,Before Launch
243,2025-03-20 23:34:58,10.412,0.14435695999999998,-0.564,23.045,-119.74985783333334,36.81431533333333,140.84701520519945,179.54974256975547,-0.5539636889722312,Before Launch
244,2025-03-20 23:34:58,10.454,1.00721788,1.604,23.057,-119.74985783333334,36.81431533333333,140.84479842051346,179.55330571094734,-0.5648313325590563,Before Launch
245,2025-03-20 23:34:58,10.497,0.036089239999999995,-0.3,23.054,-119.74985783333334,36.81431533333333,140.85774508056798,179.5690116256107,-0.5537011353418667,Before Launch
246,2025-03-20 23:34:58,10.539,-0.46587927999999995,-0.23,23.054,-119.74985783333334,36.81431533333333,140.8296993343627,179.5893958641167,-0.5280889435762767,Before Launch
247,2025-03-20 23:34:58,10.582,0.036089239999999995,-0.224,23.054,-119.74985783333334,36.81431533333333,140.8449667877367,179.59855235575162,-0.5222048431158923,Before Launch
248,2025-03-20 23:34:58,10.624,-0.08530183999999999,-0.767,23.057,-119.74985783333334,36.81431533333333,140.8352633527895,179.61606503506553,-0.5173292487687472,Before Launch
249,2025-03-20 23:34:58,10.666,0.9744094799999999,0.665,23.045,-119.74985783333334,36.81431533333333,140.7891294551092,179.63381596885202,-0.5113482518360456,Before Launch
250,2025-03-20 23:34:58,10.709,1.12860896,0.822,23.054,-119.74985783333334,36.81431533333333,140.76806172370055,179.6058375663506,-0.5101799802744902,Before Launch
251,2025-03-20 23:34:58,10.751,0.14435695999999998,-0.239,23.045,-119.74985783333334,36.81431533333333,140.7154875625006,179.67811665567763,-0.4409165856226084,Before Launch
252,2025-03-20 23:34:58,10.794,0.02296588,0.785,23.047,-119.74985783333334,36.81431533333333,140.69935521732268,179.75055185735908,-0.3324044422129735,Before Launch
253,2025-03-20 23:34:58,10.836,-0.20669292,0.126,23.052,-119.74985783333334,36.81431533333333,140.68758306583197,179.76781136414567,-0.2928198756145345,Before Launch
254,2025-03-20 23:34:58,10.879,0.40026248,1.372,23.054,-119.74985783333334,36.81431533333333,140.6931804429173,0.72716781619296,-0.038881218450931204,Before Launch
255,2025-03-20 23:34:58,10.922,0.27559056000000004,0.916,23.049,-119.74985783333334,36.81431533333333,140.62597094400164,-52.98143652883738,0.06260905153457653,Before Launch
256,2025-03-20 23:34:58,10.964,0.036089239999999995,0.796,23.054,-119.74985983333333,36.81432366666667,140.56114470601688,-119.18412363220148,0.1423852865951886,Before Launch
257,2025-03-20 23:34:58,11.007,0.8694226,0.79,23.045,-119.74985983333333,36.81432366666667,140.56435211342787,-34.66475244705754,-0.2565467986911117,Before Launch
258,2025-03-20 23:34:58,11.049,-0.32808400000000004,0.113,23.054,-119.74985983333333,36.81432366666667,140.62200941317917,69.10045829840055,-0.769340865299952,Before Launch
259,2025-03-20 23:34:59,11.092,1.00393704,1.582,23.049,-119.74985983333333,36.81432366666667,140.63538744501804,100.09814535964347,-0.9281464098706069,Before Launch
260,2025-03-20 23:34:59,11.14,0.38713912,1.228,23.052,-119.74985983333333,36.81432366666667,140.73068948144365,138.6501527766996,-1.0097402245303415,Before Launch
261,2025-03-20 23:34:59,11.184,-0.81692916,-1.688,23.049,-119.74985983333333,36.81432366666667,140.8030839302062,158.62579773204388,-0.8870596185424104,Before Launch
262,2025-03-20 23:34:59,11.229,0.8825459600000001,0.027,23.054,-119.74985983333333,36.81432366666667,140.81337710984656,164.6424742541293,-0.8508440672701466,Before Launch
263,2025-03-20 23:34:59,11.271,-0.32808400000000004,-0.222,23.054,-119.74985983333333,36.81432366666667,140.78682226108202,172.07860404057087,-0.7420024017014172,Before Launch
264,2025-03-20 23:34:59,11.314,-0.45275592000000003,-1.113,23.049,-119.74985983333333,36.81432366666667,140.80141701802634,174.27423691097695,-0.7222363622486698,Before Launch
265,2025-03-20 23:34:59,11.356,1.11220476,0.659,23.052,-119.74985983333333,36.81432366666667,140.82229570711462,177.05103354523538,-0.6627745208084734,Before Launch
266,2025-03-20 23:34:59,11.399,0.8825459600000001,1.476,23.052,-119.74985983333333,36.81432366666667,140.81450256486988,177.8656170216796,-0.6347906205907937,Before Launch
267,2025-03-20 23:34:59,11.441,1.61089244,1.706,23.052,-119.74985983333333,36.81432366666667,140.83248571270138,178.88394892771427,-0.595508571758384,Before Launch
268,2025-03-20 23:34:59,11.483,-0.7053806,-0.793,23.047,-119.74985983333333,36.81432366666667,140.86556592762363,179.21046040706295,-0.5997032358786543,Before Launch
269,2025-03-20 23:34:59,11.526,0.51837272,-0.456,23.052,-119.74985983333333,36.81432366666667,140.89090345249414,179.59755641491577,-0.5906464039483367,Before Launch
270,2025-03-20 23:34:59,11.568,-0.5839895199999999,-0.579,23.045,-119.74985983333333,36.81432366666667,140.89339637576225,179.70018130755824,-0.6039167864313245,Before Launch
271,2025-03-20 23:34:59,11.611,-0.34120735999999996,0.116,23.047,-119.74985983333333,36.81432366666667,140.8885725719945,179.80287433167803,-0.60506663903496,Before Launch
272,2025-03-20 23:34:59,11.653,-1.17454072,-1.13,23.057,-119.74985983333333,36.81432366666667,140.8844213319647,179.8347697242672,-0.6000375462590728,Before Launch
273,2025-03-20 23:34:59,11.701,0.38713912,0.439,23.057,-119.74985983333333,36.81432366666667,140.86460038318285,179.88685053087264,-0.5843418849387713,Before Launch
274,2025-03-20 23:34:59,11.747,-0.32808400000000004,-1.205,23.054,-119.74985983333333,36.81432366666667,140.84005463865836,179.9026548776892,-0.6070209199035198,Before Launch
275,2025-03-20 23:34:59,11.79,-0.81692916,-1.8,23.052,-119.74985983333333,36.81432366666667,140.861138954352,179.90160953401355,-0.6223199530924794,Before Launch
276,2025-03-20 23:34:59,11.832,0.75131236,0.561,23.047,-119.74985983333333,36.81432366666667,140.86109152101457,179.94680181291642,-0.5967186681229876,Before Launch
277,2025-03-20 23:34:59,11.875,0.51837272,0.458,23.052,-119.74985983333333,36.81432366666667,140.88314887955937,179.95195786656686,-0.578511617902168,Before Launch
278,2025-03-20 23:34:59,11.917,0.5085302,0.662,23.045,-119.74985983333333,36.81432366666667,140.85102355957716,180.01631289119345,-0.5054003869281498,Before Launch
279,2025-03-20 23:34:59,11.96,-1.42060372,-1.684,23.054,-119.74985983333333,36.81432366666667,140.85719141866272,180.05908432884559,-0.4491623336559166,Before Launch
280,2025-03-20 23:34:59,12.002,1.1154856,0.778,23.047,-119.74985983333333,36.81432366666667,140.84684888285267,180.1151658819229,-0.3704360539875214,Before Launch
281,2025-03-20 23:34:59,12.044,-0.5577428,-0.55,23.059,-119.749865,36.81432216666666,140.86218921450947,180.12371363960497,-0.35491200229083814,Before Launch
282,2025-03-20 23:35:00,12.089,-1.1811023999999999,-1.895,23.049,-119.749865,36.81432216666666,140.8696289313214,180.05785015638244,-0.3923137721074882,Before Launch
283,2025-03-20 23:35:00,12.132,0.9908136799999999,1.218,23.042,-119.749865,36.81432216666666,140.88864446811192,180.04466098253297,-0.3823174370153425,Before Launch
284,2025-03-20 23:35:00,12.174,0.2788714,-0.67,23.054,-119.749865,36.81432216666666,140.8718670011054,179.98794546278842,-0.4079630115469241,Before Launch
285,2025-03-20 23:35:00,12.217,0.49540683999999996,0.101,23.037,-119.749865,36.81432216666666,140.86842164446765,179.96395076725278,-0.4306477613496459,Before Launch
286,2025-03-20 23:35:00,12.259,0.51837272,1.242,23.052,-119.749865,36.81432216666666,140.88759076480736,179.97030979206804,-0.4322785519619405,Before Launch
287,2025-03-20 23:35:00,12.301,0.15748032,-0.676,23.052,-119.749865,36.81432216666666,140.89905796059534,179.97120614397176,-0.4326705291167664,Before Launch
288,2025-03-20 23:35:00,12.344,0.1312336,0.428,23.037,-119.749865,36.81432216666666,140.9033147045973,179.99454197838872,-0.4369879699041338,Before Launch
289,2025-03-20 23:35:00,12.386,-0.9350394,-0.45,23.052,-119.749865,36.81432216666666,140.92262681324974,179.99690882828807,-0.44391432084412746,Before Launch
290,2025-03-20 23:35:00,12.429,0.2788714,-0.777,23.057,-119.749865,36.81432216666666,140.9021758716965,179.99629628825735,-0.4084436985797026,Before Launch
291,2025-03-20 23:35:00,12.471,0.75131236,-0.122,23.047,-119.749865,36.81432216666666,140.89762274782623,180.00556071237492,-0.4290324985724293,Before Launch
292,2025-03-20 23:35:00,12.513,-0.57086616,-2.035,23.052,-119.749865,36.81432216666666,140.88354797470916,179.9877752467348,-0.4585994765712494,Before Launch
293,2025-03-20 23:35:00,12.556,0.2788714,0.917,23.057,-119.749865,36.81432216666666,140.88185820431914,179.97309626602475,-0.467975393027429,Before Launch
294,2025-03-20 23:35:00,12.606,-1.17454072,-1.568,23.057,-119.749865,36.81432216666666,140.88576978414733,179.92802743090425,-0.4950676653304567,Before Launch
295,2025-03-20 23:35:00,12.65,0.6430446400000001,1.134,23.057,-119.749865,36.81432216666666,140.89414080390242,179.87400397433703,-0.530470441480823,Before Launch
296,2025-03-20 23:35:00,12.693,-0.45275592000000003,-0.103,23.049,-119.749865,36.81432216666666,140.8964584148822,179.85827676218398,-0.5372642890412214,Before Launch
297,2025-03-20 23:35:00,12.736,-0.32808400000000004,0.782,23.052,-119.749865,36.81432216666666,140.88643041978975,179.85732601278184,-0.551769674865636,Before Launch
298,2025-03-20 23:35:00,12.778,-0.08530183999999999,-0.439,23.057,-119.749865,36.81432216666666,140.90092224802478,179.83569709643908,-0.5499493294679468,Before Launch
299,2025-03-20 23:35:00,12.821,-0.08530183999999999,0.226,23.057,-119.749865,36.81432216666666,140.88740927136968,179.8259171990172,-0.5282608235822807,Before Launch
300,2025-03-20 23:35:00,12.863,0.8956693200000001,1.596,23.059,-119.749865,36.81432216666666,140.90453950764635,179.85062391592712,-0.5167216468046628,Before Launch
301,2025-03-20 23:35:00,12.905,0.51837272,-0.217,23.052,-119.749865,36.81432216666666,140.91292319983552,179.85565930841807,-0.509764907765698,Before Launch
302,2025-03-20 23:35:00,12.948,-0.19356956,-0.664,23.059,-119.749865,36.81432216666666,140.93952078515855,179.86274130689137,-0.4955985309462526,Before Launch
303,2025-03-20 23:35:00,12.99,0.049212599999999995,-0.428,23.062,-119.74986266666667,36.814332666666665,140.88958229781792,179.85853888003365,-0.496182647521037,Before Launch
304,2025-03-20 23:35:00,13.033,-0.32808400000000004,1.018,23.054,-119.74986266666667,36.814332666666665,140.87370094612263,179.86477083665983,-0.5064977217824662,Before Launch
305,2025-03-20 23:35:01,13.075,-0.20669292,-1.232,23.052,-119.74986266666667,36.814332666666665,140.90066117453605,179.84378553446922,-0.5020040085352454,Before Launch
306,2025-03-20 23:35:01,13.118,-0.08530183999999999,0.44,23.057,-119.74986266666667,36.814332666666665,140.87531005401547,179.82620943220252,-0.51116796574163,Before Launch
307,2025-03-20 23:35:01,13.16,1.2467192,2.267,23.057,-119.74986266666667,36.814332666666665,140.8606720066813,179.8073533917302,-0.5207241089064627,Before Launch
308,2025-03-20 23:35:01,13.203,1.11220476,0.113,23.039,-119.74986266666667,36.814332666666665,140.8605523697637,179.8146122036188,-0.5433572456267048,Before Launch
309,2025-03-20 23:35:01,13.246,0.76443572,0.453,23.054,-119.74986266666667,36.814332666666665,140.874224188923,179.80180696743884,-0.5434271644407462,Before Launch
310,2025-03-20 23:35:01,13.288,1.4927822,0.931,23.064,-119.74986266666667,36.814332666666665,140.8755922725852,179.79307677340339,-0.5197975338839442,Before Launch
311,2025-03-20 23:35:01,13.331,0.9908136799999999,0.441,23.042,-119.74986266666667,36.814332666666665,140.83051602215497,179.78058492338917,-0.5647814274986073,Before Launch
312,2025-03-20 23:35:01,13.374,1.4927822,1.244,23.054,-119.74986266666667,36.814332666666665,140.82907018419036,179.74972231097695,-0.5780304156539112,Before Launch
313,2025-03-20 23:35:01,13.416,0.2788714,0.138,23.057,-119.74986266666667,36.814332666666665,140.81276899789302,179.72584026142212,-0.5970061700681684,Before Launch
314,2025-03-20 23:35:01,13.459,1.58464572,2.348,23.037,-119.74986266666667,36.814332666666665,140.80985434156347,179.74783726660007,-0.6014869274037815,Before Launch
315,2025-03-20 23:35:01,13.501,-0.08530183999999999,-0.34,23.057,-119.74986266666667,36.814332666666665,140.83716998499682,179.72132069514933,-0.6072355061947495,Before Launch
316,2025-03-20 23:35:01,13.544,0.049212599999999995,-0.654,23.067,-119.74986266666667,36.814332666666665,140.83077790385454,179.72454029245438,-0.6258908649242556,Before Launch
317,2025-03-20 23:35:01,13.594,0.16732284,0.683,23.059,-119.74986266666667,36.814332666666665,140.8170757542034,179.7320219372449,-0.6428573445691281,Before Launch
318,2025-03-20 23:35:01,13.641,0.41338584,0.124,23.062,-119.74986266666667,36.814332666666665,140.8477625939222,179.7237322502482,-0.6450672934676548,Before Launch
319,2025-03-20 23:35:01,13.684,-0.19356956,0.91,23.059,-119.74986266666667,36.814332666666665,140.8631552786819,179.703668549931,-0.6278120217205139,Before Launch
320,2025-03-20 23:35:01,13.726,1.50590556,0.802,23.062,-119.74986266666667,36.814332666666665,140.84796020484458,179.73118623382317,-0.6292406569658338,Before Launch
321,2025-03-20 23:35:01,13.771,0.049212599999999995,0.466,23.057,-119.74986266666667,36.814332666666665,140.84358500154192,179.72128520620487,-0.6217379564635107,Before Launch
322,2025-03-20 23:35:01,13.814,0.9744094799999999,1.208,23.027,-119.74986266666667,36.814332666666665,140.84868411996058,179.70552591316982,-0.5873323421244059,Before Launch
323,2025-03-20 23:35:01,13.857,0.17388452,0.24,23.067,-119.74986266666667,36.814332666666665,140.84338018794904,179.69125462146386,-0.604282998540626,Before Launch
324,2025-03-20 23:35:01,13.9,0.97769032,0.985,23.035,-119.74986266666667,36.814332666666665,140.82545764279539,179.72005028394065,-0.5885061191640619,Before Launch
325,2025-03-20 23:35:01,13.942,0.29199475999999996,-0.559,23.064,-119.74986266666667,36.814332666666665,140.83161662920548,179.72062253366173,-0.5804553958465541,Before Launch
326,2025-03-20 23:35:01,13.985,-0.08530183999999999,-0.559,23.057,-119.749871,36.8143265,140.82266697128506,179.7065660460146,-0.5861931702770065,Before Launch
327,2025-03-20 23:35:01,14.028,0.62664044,0.759,23.062,-119.749871,36.8143265,140.84321688807998,179.70877127409034,-0.5814311190216723,Before Launch
328,2025-03-20 23:35:02,14.07,-0.5577428,-0.562,23.059,-119.749871,36.8143265,140.8521740259507,179.70940304271838,-0.587292926160433,Before Launch
329,2025-03-20 23:35:02,14.113,0.2788714,0.562,23.057,-119.749871,36.8143265,140.85536154588533,179.71531828290537,-0.5875317671104565,Before Launch
330,2025-03-20 23:35:02,14.155,1.2467192,1.346,23.057,-119.749871,36.8143265,140.84447618283778,179.7287800048658,-0.5719125857506133,Before Launch
331,2025-03-20 23:35:02,14.198,0.6430446400000001,0.674,23.057,-119.749871,36.8143265,140.86778575210386,179.7274141573626,-0.5696540928759306,Before Launch
332,2025-03-20 23:35:02,14.241,1.14173232,-0.097,23.062,-119.749871,36.8143265,140.84045715985982,179.72061652106828,-0.5645313926425068,Before Launch
333,2025-03-20 23:35:02,14.283,-0.5577428,-1.546,23.054,-119.749871,36.8143265,140.84910748049595,179.72786884074551,-0.5501527854011902,Before Launch
334,2025-03-20 23:35:02,14.325,0.2788714,-0.45,23.057,-119.749871,36.8143265,140.86044435651462,179.70514977669612,-0.5205989031464563,Before Launch
335,2025-03-20 23:35:02,14.368,-0.5577428,-1.899,23.059,-119.749871,36.8143265,140.8637984521998,179.6991479891841,-0.513199944225691,Before Launch
336,2025-03-20 23:35:02,14.41,-0.07217847999999999,-0.985,23.064,-119.749871,36.8143265,140.88457140037156,179.688859437712,-0.5516393278934474,Before Launch
337,2025-03-20 23:35:02,14.452,-1.2860892800000001,-2.578,23.059,-119.749871,36.8143265,140.87252270041085,179.66402978001932,-0.5662910862353627,Before Launch
338,2025-03-20 23:35:02,14.495,0.40026248,0.113,23.054,-119.749871,36.8143265,140.86559185860347,179.63537102697902,-0.6050632100380141,Before Launch
339,2025-03-20 23:35:02,14.537,-1.28280844,-2.66,23.067,-119.749871,36.8143265,140.86142196954427,179.63100658598174,-0.6073786666492915,Before Launch
340,2025-03-20 23:35:02,14.58,-0.31496064,-0.213,23.062,-119.749871,36.8143265,140.87773245178266,179.6514360195738,-0.6098472484873503,Before Launch
341,2025-03-20 23:35:02,14.623,1.47965884,1.326,23.047,-119.749871,36.8143265,140.89820964551262,179.65567854977797,-0.6223892599593157,Before Launch
342,2025-03-20 23:35:02,14.665,-0.19028872,-0.334,23.067,-119.749871,36.8143265,140.9008925488863,179.70527525026995,-0.5763005373598821,Before Launch
343,2025-03-20 23:35:02,14.708,-1.5255906000000001,-1.817,23.062,-119.749871,36.8143265,140.88615617296364,179.69636072626267,-0.566809772655,Before Launch
344,2025-03-20 23:35:02,14.75,0.036089239999999995,0.215,23.054,-119.749871,36.8143265,140.9147894743316,179.69456313981266,-0.5614115896655971,Before Launch
345,2025-03-20 23:35:02,14.793,-0.3116798,-1.703,23.07,-119.749871,36.8143265,140.90599052118006,179.72214931796648,-0.5557279784050847,Before Launch
346,2025-03-20 23:35:02,14.835,-0.19356956,-0.228,23.062,-119.749871,36.8143265,140.8816813381904,179.70051629221246,-0.5555741930359465,Before Launch
347,2025-03-20 23:35:02,14.877,0.5085302,-0.438,23.045,-119.749871,36.8143265,140.88962981955743,179.69740344872753,-0.5512685010105015,Before Launch
348,2025-03-20 23:35:02,14.92,-0.31496064,-0.46,23.062,-119.749871,36.8143265,140.85624255083124,179.65142802621247,-0.5834285582534314,Before Launch
349,2025-03-20 23:35:02,14.962,-0.43635172,-1.331,23.064,-119.749871,36.8143265,140.87087065663653,179.63193382140065,-0.581907121560665,Before Launch
350,2025-03-20 23:35:02,15.005,1.55511816,1.188,23.015,-119.749871,36.8143265,140.85956156875648,179.6469198133719,-0.5638870000143389,Before Launch
351,2025-03-20 23:35:02,15.047,4.57021012,4.384,22.997,-119.74988916666666,36.81430966666667,140.83801533286208,179.64551740088592,-0.5559668940678034,Before Launch
352,2025-03-20 23:35:03,15.089,-0.31496064,-0.887,23.062,-119.74988916666666,36.81430966666667,140.81760932048846,179.67004757386286,-0.5508738398842362,Before Launch
353,2025-03-20 23:35:03,15.132,1.1154856,1.576,23.047,-119.74988916666666,36.81430966666667,140.84912580138226,179.65789848841953,-0.5457670120583313,Before Launch
354,2025-03-20 23:35:03,15.174,-0.07217847999999999,-0.331,23.064,-119.74988916666666,36.81430966666667,140.83731813180742,179.6601404517351,-0.5493318668526379,Before Launch
355,2025-03-20 23:35:03,15.217,-0.80052496,-1.928,23.064,-119.74988916666666,36.81430966666667,140.8478616247528,179.66479558003303,-0.5513546034013672,Before Launch
356,2025-03-20 23:35:03,15.26,-0.9186352000000001,-1.471,23.057,-119.74988916666666,36.81430966666667,140.85868964874066,179.66740154522967,-0.5498865182584564,Before Launch
357,2025-03-20 23:35:03,15.302,-0.07217847999999999,-1.144,23.064,-119.74988916666666,36.81430966666667,140.83971876329227,179.65697679635886,-0.5437555478648811,Before Launch
358,2025-03-20 23:35:03,15.344,0.40026248,0.903,23.054,-119.74988916666666,36.81430966666667,140.8563953239875,179.623091910183,-0.535644081377853,Before Launch
359,2025-03-20 23:35:03,15.387,1.25984256,0.924,23.057,-119.74988916666666,36.81430966666667,140.86516231249286,179.6390964256674,-0.542864145560277,Before Launch
360,2025-03-20 23:35:03,15.429,0.53149608,1.027,23.059,-119.74988916666666,36.81430966666667,140.86738406146307,179.63979178623802,-0.541613181964391,Before Launch
361,2025-03-20 23:35:03,15.472,-1.5255906000000001,-1.369,23.064,-119.74988916666666,36.81430966666667,140.85526639807767,179.66003644386376,-0.5382393143235066,Before Launch
362,2025-03-20 23:35:03,15.515,-1.16141736,0.117,23.057,-119.74988916666666,36.81430966666667,140.84426675870475,179.6900646441732,-0.5263444115858982,Before Launch
363,2025-03-20 23:35:03,15.557,-0.80052496,-1.131,23.064,-119.74988916666666,36.81430966666667,140.8352173940684,179.6794640732257,-0.5279411423649555,Before Launch
364,2025-03-20 23:35:03,15.599,0.049212599999999995,1.254,23.062,-119.74988916666666,36.81430966666667,140.8239305256538,179.70871937956167,-0.5413376096270267,Before Launch
365,2025-03-20 23:35:03,15.642,-0.31496064,0.0,23.062,-119.74988916666666,36.81430966666667,140.82780401239177,179.71168959548152,-0.5479940173694196,Before Launch
366,2025-03-20 23:35:03,15.684,-0.31496064,-1.691,23.062,-119.74988916666666,36.81430966666667,140.84615436077425,179.7006342664367,-0.5384839156780603,Before Launch
367,2025-03-20 23:35:03,15.727,0.77755908,0.911,23.062,-119.74988916666666,36.81430966666667,140.83621646198014,179.71093768580408,-0.5502646883692102,Before Launch
368,2025-03-20 23:35:03,15.769,-0.55446196,0.915,23.067,-119.74988916666666,36.81430966666667,140.82854820779804,179.65515153328602,-0.5694119685515726,Before Launch
369,2025-03-20 23:35:03,15.812,0.53149608,0.466,23.059,-119.74988916666666,36.81430966666667,140.82409966622092,179.64264178421269,-0.574214152714244,Before Launch
370,2025-03-20 23:35:03,15.862,-0.3116798,0.0,23.07,-119.74988916666666,36.81430966666667,140.82708622726696,179.61099702842253,-0.559814238347344,Before Launch
371,2025-03-20 23:35:03,15.906,1.23359584,1.333,23.045,-119.74988916666666,36.81430966666667,140.88085890366037,179.59968258372277,-0.549120941257168,Before Launch
372,2025-03-20 23:35:03,15.948,-0.07217847999999999,-0.542,23.057,-119.74988916666666,36.81430966666667,140.88347305914553,179.57975846556266,-0.5649381595910435,Before Launch
373,2025-03-20 23:35:03,15.991,0.75131236,0.996,23.047,-119.7498985,36.81430616666667,140.88779183656385,179.59819973004508,-0.5533903601925491,Before Launch
374,2025-03-20 23:35:03,16.034,-0.07217847999999999,0.34,23.064,-119.7498985,36.81430616666667,140.88624757966437,179.59236927062955,-0.5599099130955533,Before Launch
375,2025-03-20 23:35:04,16.077,-0.43635172,-1.858,23.059,-119.7498985,36.81430616666667,140.885356881068,179.60363647941278,-0.5504106392960524,Before Launch
376,2025-03-20 23:35:04,16.12,0.38385828,-3.902,23.039,-119.7498985,36.81430616666667,140.87159589483815,179.59854605233951,-0.5393096874259456,Before Launch
377,2025-03-20 23:35:04,16.162,0.29199475999999996,0.566,23.064,-119.7498985,36.81430616666667,140.87743545472247,179.5796808285607,-0.5432671357008888,Before Launch
378,2025-03-20 23:35:04,16.204,0.16732284,-0.884,23.07,-119.7498985,36.81430616666667,140.83989276869477,179.57809183255998,-0.5639478307710577,Before Launch
379,2025-03-20 23:35:04,16.255,0.049212599999999995,0.112,23.062,-119.7498985,36.81430616666667,140.8052928806502,179.58915611986123,-0.557588766985588,Before Launch
380,2025-03-20 23:35:04,16.299,-0.67913388,0.112,23.062,-119.7498985,36.81430616666667,140.37015088203205,75.67688719305298,-0.40276232811041096,Before Launch
381,2025-03-20 23:35:04,16.341,-0.5577428,0.334,23.059,-119.7498985,36.81430616666667,140.20228974429915,1.0174642365510493,-0.2465596547676521,Before Launch
382,2025-03-20 23:35:04,16.385,-0.67913388,-0.56,23.062,-119.7498985,36.81430616666667,140.1693954993044,-91.83302717085704,-0.0536681661661199,Before Launch
383,2025-03-20 23:35:04,16.427,1.14173232,0.685,23.062,-119.7498985,36.81430616666667,140.17341930921043,-15.094677415636056,-0.11162126740060664,Before Launch
384,2025-03-20 23:35:04,16.469,0.6561680000000001,-0.558,23.064,-119.7498985,36.81430616666667,140.35551644657767,79.41677152018912,-0.17207323348439538,Before Launch
385,2025-03-20 23:35:04,16.512,0.049212599999999995,-0.445,23.062,-119.7498985,36.81430616666667,140.41148463568038,107.93379123873576,-0.2349986523813455,Before Launch
386,2025-03-20 23:35:04,16.554,-1.8897638399999999,-0.337,23.064,-119.7498985,36.81430616666667,140.60144921132317,142.86354697054077,-0.3451003453994037,Before Launch
387,2025-03-20 23:35:04,16.597,-1.4074803599999999,-0.227,23.062,-119.7498985,36.81430616666667,140.66686089908453,153.35559336332707,-0.39627210152097814,Before Launch
388,2025-03-20 23:35:04,16.639,-0.08858268,0.658,23.067,-119.7498985,36.81430616666667,140.7127230941877,166.30535573214163,-0.47795027707020743,Before Launch
389,2025-03-20 23:35:04,16.681,-1.28280844,-1.231,23.067,-119.7498985,36.81430616666667,140.75525520638672,170.1767526172961,-0.47695714521531274,Before Launch
390,2025-03-20 23:35:04,16.724,1.38451448,1.571,23.064,-119.7498985,36.81430616666667,140.79907828618903,174.98191428974408,-0.5117639399995376,Before Launch
391,2025-03-20 23:35:04,16.766,0.6430446400000001,0.885,23.057,-119.7498985,36.81430616666667,140.79557287167654,176.42445904682467,-0.5215547640852505,Before Launch
392,2025-03-20 23:35:04,16.808,0.53805776,-0.222,23.067,-119.7498985,36.81430616666667,140.78443109290123,178.16868358720257,-0.5253175399031738,Before Launch
393,2025-03-20 23:35:04,16.851,-0.6758530399999999,-0.112,23.07,-119.7498985,36.81430616666667,140.810357462823,178.66051351745836,-0.532159820681726,Before Launch
394,2025-03-20 23:35:04,16.893,0.05249344,-0.443,23.07,-119.7498985,36.81430616666667,140.83161057209165,179.30454153684366,-0.552369901892335,Before Launch
395,2025-03-20 23:35:04,16.936,-0.07217847999999999,0.223,23.064,-119.7498985,36.81430616666667,140.8134660114711,179.4828367549474,-0.5613062024188963,Before Launch
396,2025-03-20 23:35:04,16.978,1.2467192,0.012,23.052,-119.7498985,36.81430616666667,140.84608637087442,179.68680094250567,-0.5751887537013193,Before Launch
397,2025-03-20 23:35:04,17.02,0.41666668,0.456,23.07,-119.7498985,36.81430616666667,140.85538449841502,179.73319916552532,-0.5865798483267717,Before Launch
398,2025-03-20 23:35:04,17.063,0.17388452,-0.539,23.064,-119.749904,36.814302,140.81960925271943,179.85095364941162,-0.6282830976544925,Before Launch
399,2025-03-20 23:35:05,17.105,1.36811028,1.345,23.049,-119.749904,36.814302,140.822059481382,179.8757524302696,-0.6262548201022797,Before Launch
400,2025-03-20 23:35:05,17.156,-1.04002628,-0.559,23.07,-119.749904,36.814302,140.8028849233509,179.88854076758594,-0.6216326024880755,Before Launch
401,2025-03-20 23:35:05,17.198,0.18700788000000002,-0.183,23.074,-119.749904,36.814302,140.83945633970882,179.89593037848147,-0.6176571324818337,Before Launch
402,2025-03-20 23:35:05,17.242,-1.02690292,-1.221,23.077,-119.749904,36.814302,140.85559293221846,179.88596383774473,-0.6296112347534448,Before Launch
403,2025-03-20 23:35:05,17.285,0.6561680000000001,0.452,23.064,-119.749904,36.814302,140.87348090185418,179.86347724432702,-0.6068070481953151,Before Launch
404,2025-03-20 23:35:05,17.327,-0.19028872,-0.223,23.067,-119.749904,36.814302,140.88791915415882,179.8843079833327,-0.604010551944837,Before Launch
405,2025-03-20 23:35:05,17.37,-0.42322836,0.239,23.072,-119.749904,36.814302,140.88762594982143,179.8903435728724,-0.5723361143039614,Before Launch
406,2025-03-20 23:35:05,17.413,0.66929136,1.145,23.072,-119.749904,36.814302,140.88847829815657,179.91369895351085,-0.5759886886274326,Before Launch
407,2025-03-20 23:35:05,17.455,1.38451448,1.929,23.064,-119.749904,36.814302,140.88430247350584,179.87564878050256,-0.6062696982367162,Before Launch
408,2025-03-20 23:35:05,17.498,0.30511812,-0.781,23.072,-119.749904,36.814302,140.86885806553911,179.84389409282838,-0.6210179383375395,Before Launch
409,2025-03-20 23:35:05,17.54,1.25984256,0.564,23.059,-119.749904,36.814302,140.83304220169245,179.85343019097547,-0.6180696003362509,Before Launch
410,2025-03-20 23:35:05,17.583,-0.07217847999999999,-0.113,23.064,-119.749904,36.814302,140.8251989330852,179.84997311746739,-0.6323106480856263,Before Launch
411,2025-03-20 23:35:05,17.626,0.41338584,2.148,23.062,-119.749904,36.814302,140.8335319739101,179.8003281560158,-0.6260199886950403,Before Launch
412,2025-03-20 23:35:05,17.668,0.77755908,2.04,23.062,-119.749904,36.814302,140.82603771370717,179.81239200245696,-0.6445266900656932,Before Launch
413,2025-03-20 23:35:05,17.719,0.41666668,0.468,23.07,-119.749904,36.814302,140.85193995352006,179.7815396609133,-0.6199337121308927,Before Launch
414,2025-03-20 23:35:05,17.764,1.96194232,2.996,23.045,-119.749904,36.814302,140.8470187094003,179.7961021988593,-0.5824174274135264,Before Launch
415,2025-03-20 23:35:05,17.806,0.7808399199999999,-0.558,23.07,-119.749904,36.814302,140.84227400476297,179.79360951500686,-0.6004036040800196,Before Launch
416,2025-03-20 23:35:05,17.849,0.18700788000000002,-0.421,23.074,-119.749904,36.814302,140.84147887196784,179.80901791457967,-0.5576129818226958,Before Launch
417,2025-03-20 23:35:05,17.891,0.30511812,-0.215,23.072,-119.749904,36.814302,140.83202122041175,179.7925568770958,-0.5237842892778278,Before Launch
418,2025-03-20 23:35:05,17.934,2.07021004,2.536,23.035,-119.749904,36.814302,140.84462889788023,179.83088310534845,-0.5379960166498687,Before Launch
419,2025-03-20 23:35:05,17.977,0.05249344,0.0,23.07,-119.74991383333334,36.81428966666667,140.86347833348646,179.83208076873944,-0.5358961812509168,Before Launch
420,2025-03-20 23:35:05,18.02,-0.42322836,-0.324,23.072,-119.74991383333334,36.81428966666667,140.850031715067,179.82772048848722,-0.5586355662316868,Before Launch
421,2025-03-20 23:35:05,18.063,0.18700788000000002,-0.977,23.074,-119.74991383333334,36.81428966666667,140.84741606565564,179.79818097226246,-0.566325648684882,Before Launch
422,2025-03-20 23:35:06,18.105,-1.04002628,-1.343,23.07,-119.74991383333334,36.81428966666667,140.86649457014968,179.79095254525726,-0.5467638260063885,Before Launch
423,2025-03-20 23:35:06,18.148,-0.19028872,-0.336,23.067,-119.74991383333334,36.81428966666667,140.87062110011573,179.80106054223603,-0.5637500422260457,Before Launch
424,2025-03-20 23:35:06,18.19,-2.48031504,-3.547,23.077,-119.74991383333334,36.81428966666667,140.8959705625861,179.7946199583,-0.5801014176090902,Before Launch
425,2025-03-20 23:35:06,18.233,-0.6758530399999999,0.338,23.07,-119.74991383333334,36.81428966666667,140.91118510629758,179.76598921055933,-0.5918333480416391,Before Launch
426,2025-03-20 23:35:06,18.275,0.53149608,0.32,23.072,-119.74991383333334,36.81428966666667,140.88342012266264,179.76805837677045,-0.6123250633978373,Before Launch
427,2025-03-20 23:35:06,18.318,0.05249344,1.003,23.07,-119.74991383333334,36.81428966666667,140.88430601116943,179.77320528193948,-0.616414223312735,Before Launch
428,2025-03-20 23:35:06,18.369,-0.7874015999999999,-1.332,23.072,-119.74991383333334,36.81428966666667,140.86703369455532,179.77314461713584,-0.6183035502411756,Before Launch
429,2025-03-20 23:35:06,18.411,-0.9055118400000001,-0.66,23.074,-119.74991383333334,36.81428966666667,140.86857292658783,179.79340891202432,-0.5952835082408718,Before Launch
430,2025-03-20 23:35:06,18.456,0.036089239999999995,0.423,23.054,-119.74991383333334,36.81428966666667,140.8671827000169,179.7803072373095,-0.5928414918385325,Before Launch
431,2025-03-20 23:35:06,18.499,0.30511812,-0.335,23.072,-119.74991383333334,36.81428966666667,140.8761939902498,179.7637702979811,-0.5730479627765583,Before Launch
432,2025-03-20 23:35:06,18.542,-0.08530183999999999,-1.352,23.057,-119.74991383333334,36.81428966666667,140.89748642408995,179.77072712645975,-0.5768745994924771,Before Launch
433,2025-03-20 23:35:06,18.584,0.51837272,0.196,23.052,-119.74991383333334,36.81428966666667,140.90624494167523,179.76696416393028,-0.5595009310367741,Before Launch
434,2025-03-20 23:35:06,18.627,-0.7874015999999999,-1.883,23.072,-119.74991383333334,36.81428966666667,140.90400911048386,179.74025368205648,-0.5551475529690877,Before Launch
435,2025-03-20 23:35:06,18.669,-0.9055118400000001,-0.767,23.074,-119.74991383333334,36.81428966666667,140.90644882214943,179.76021054410248,-0.5327540006034558,Before Launch
436,2025-03-20 23:35:06,18.713,0.41338584,0.0,23.062,-119.74991383333334,36.81428966666667,140.90371201609995,179.75395849751484,-0.5320330691225414,Before Launch
437,2025-03-20 23:35:06,18.755,1.58136488,0.739,23.029,-119.74991383333334,36.81428966666667,140.87369047956253,179.7681505869953,-0.5107382937150081,Before Launch
438,2025-03-20 23:35:06,18.797,0.66929136,0.234,23.072,-119.74991383333334,36.81428966666667,140.8537913163129,179.7589214940152,-0.4960825835089122,Before Launch
439,2025-03-20 23:35:06,18.84,-0.69225724,-2.467,23.054,-119.74991383333334,36.81428966666667,140.8548092373516,179.76581068662796,-0.5114915286686635,Before Launch
440,2025-03-20 23:35:06,18.882,-0.55446196,-1.241,23.067,-119.74991383333334,36.81428966666667,140.86942023126775,179.78509642918104,-0.5039933024837543,Before Launch
441,2025-03-20 23:35:06,18.925,-0.80052496,-0.918,23.067,-119.74991383333334,36.81428966666667,140.8583191569213,179.76772725545916,-0.5133102350364867,Before Launch
442,2025-03-20 23:35:06,18.968,-0.08858268,-0.366,23.049,-119.74991,36.81428116666667,140.8660651849054,179.75383723508912,-0.523432078377224,Before Launch
443,2025-03-20 23:35:06,19.01,-0.9055118400000001,-2.766,23.074,-119.74991,36.81428116666667,140.86915043791728,179.7479759939556,-0.5219039960110569,Before Launch
444,2025-03-20 23:35:06,19.053,-1.04330712,-1.018,23.052,-119.74991,36.81428116666667,140.88330497561415,179.7701484404242,-0.5233165706622711,Before Launch
445,2025-03-20 23:35:07,19.096,1.12860896,1.442,23.054,-119.74991,36.81428116666667,140.8877889484596,179.72852462553143,-0.5343788157987273,Before Launch
446,2025-03-20 23:35:07,19.138,-0.07217847999999999,-0.241,23.064,-119.74991,36.81428116666667,140.86205738529372,179.7209847688446,-0.5571506168764896,Before Launch
447,2025-03-20 23:35:07,19.18,-0.7874015999999999,0.235,23.07,-119.74991,36.81428116666667,140.87081937272245,179.7071746779226,-0.5357475697791892,Before Launch
448,2025-03-20 23:35:07,19.223,-0.34120735999999996,-0.14,23.047,-119.74991,36.81428116666667,140.86477621410145,179.69617157068853,-0.5477168635229546,Before Launch
449,2025-03-20 23:35:07,19.266,0.9744094799999999,3.211,23.027,-119.74991,36.81428116666667,140.83158955926163,179.67282204610382,-0.5891496856824066,Before Launch
450,2025-03-20 23:35:07,19.31,0.18700788000000002,0.801,23.074,-119.74991,36.81428116666667,140.8342345587381,179.66129652394443,-0.6047735959230168,Before Launch
451,2025-03-20 23:35:07,19.353,0.41338584,-0.11,23.062,-119.74991,36.81428116666667,140.83607773269614,179.5894227517476,-0.6737970938104527,Before Launch
452,2025-03-20 23:35:07,19.395,1.14501316,1.014,23.07,-119.74991,36.81428116666667,140.84940264820466,179.61124222393823,-0.6850923684323149,Before Launch
453,2025-03-20 23:35:07,19.438,-0.7874015999999999,0.0,23.07,-119.74991,36.81428116666667,140.851541353057,179.59816560081302,-0.6737982455436877,Before Launch
454,2025-03-20 23:35:07,19.481,1.36811028,2.125,23.049,-119.74991,36.81428116666667,140.8854671069945,179.57891353839523,-0.6823776831527623,Before Launch
455,2025-03-20 23:35:07,19.523,0.7808399199999999,0.698,23.07,-119.74991,36.81428116666667,140.86966576689963,179.61980647973905,-0.6848906520465691,Before Launch
456,2025-03-20 23:35:07,19.566,1.59776908,1.211,23.045,-119.74991,36.81428116666667,140.86470887290977,179.61557273529107,-0.6561976187495835,Before Launch
457,2025-03-20 23:35:07,19.609,1.61089244,1.59,23.052,-119.74991,36.81428116666667,140.8520345559899,179.65492980403866,-0.6316452748529326,Before Launch
458,2025-03-20 23:35:07,19.652,-0.3116798,-0.777,23.074,-119.74991,36.81428116666667,140.88003519357218,179.67377266258998,-0.6195667799018587,Before Launch
459,2025-03-20 23:35:07,19.702,0.89895016,1.569,23.067,-119.74991,36.81428116666667,140.87818172369575,179.69284905480924,-0.6086067161441483,Before Launch
460,2025-03-20 23:35:07,19.745,0.15748032,0.988,23.052,-119.74991,36.81428116666667,140.87511230932643,179.66477297932184,-0.5949095691284646,Before Launch
461,2025-03-20 23:35:07,19.788,-1.04002628,-1.352,23.07,-119.74991,36.81428116666667,140.87059013914293,179.64383136076776,-0.5897125910631359,Before Launch
462,2025-03-20 23:35:07,19.83,-1.39107616,-2.765,23.077,-119.74991,36.81428116666667,140.86509507770484,179.65337849321637,-0.5829214528068465,Before Launch
463,2025-03-20 23:35:07,19.873,0.036089239999999995,-0.588,23.054,-119.74991,36.81428116666667,140.84420161839617,179.6688249934862,-0.5732687656396582,Before Launch
464,2025-03-20 23:35:07,19.915,-0.43635172,0.238,23.064,-119.74991,36.81428116666667,140.79484109464516,179.66725922514286,-0.5577944324440101,Before Launch
465,2025-03-20 23:35:07,19.959,-0.6758530399999999,-0.113,23.07,-119.74992,36.814282666666664,140.80293851817052,179.66156291350856,-0.5696678724586539,Before Launch
466,2025-03-20 23:35:07,20.001,2.2309712,2.817,23.062,-119.74992,36.814282666666664,140.7860394752039,179.71301550560233,-0.5525496116509313,Before Launch
467,2025-03-20 23:35:07,20.043,0.17388452,0.244,23.067,-119.74992,36.814282666666664,140.79964566496722,179.69565696120154,-0.5103620084821436,Before Launch
468,2025-03-20 23:35:08,20.086,0.9908136799999999,1.762,23.042,-119.74992,36.814282666666664,140.7906627701085,179.69351359689793,-0.5132269954784694,Before Launch
469,2025-03-20 23:35:08,20.129,0.40026248,1.342,23.054,-119.74992,36.814282666666664,140.78808798123967,179.72346969328984,-0.5199663444087679,Before Launch
470,2025-03-20 23:35:08,20.179,0.66929136,-0.424,23.072,-119.74992,36.814282666666664,140.80454592589643,179.70411510964342,-0.5262310507305582,Before Launch
471,2025-03-20 23:35:08,20.223,0.40026248,0.435,23.054,-119.74992,36.814282666666664,140.8544598547375,179.68572368466013,-0.5189034165886088,Before Launch
472,2025-03-20 23:35:08,20.266,-0.66272968,0.115,23.07,-119.74992,36.814282666666664,140.87478342109506,179.69317387479137,-0.5206530687931193,Before Launch
473,2025-03-20 23:35:08,20.308,1.12860896,1.355,23.054,-119.74992,36.814282666666664,140.87364978305342,179.68569034466987,-0.5665995774032331,Before Launch
474,2025-03-20 23:35:08,20.351,-0.9055118400000001,-1.733,23.074,-119.74992,36.814282666666664,140.89005526637888,179.64787917000584,-0.5683618041998069,Before Launch
475,2025-03-20 23:35:08,20.394,0.17388452,-0.012,23.07,-119.74992,36.814282666666664,140.88865360630965,179.64956241011973,-0.5670097477792597,Before Launch
476,2025-03-20 23:35:08,20.436,1.73228352,1.218,23.049,-119.74992,36.814282666666664,140.8980134150878,179.66975816816935,-0.5712603035467734,Before Launch
477,2025-03-20 23:35:08,20.479,0.18700788000000002,-0.884,23.074,-119.74992,36.814282666666664,140.8972078482753,179.6767229350869,-0.5529146851707838,Before Launch
478,2025-03-20 23:35:08,20.521,0.17388452,0.888,23.077,-119.74992,36.814282666666664,140.9083095485084,179.64338740791902,-0.5523916621396385,Before Launch
479,2025-03-20 23:35:08,20.563,1.25984256,-0.1,23.059,-119.74992,36.814282666666664,140.87445396940376,179.68105419613363,-0.525962998555579,Before Launch
480,2025-03-20 23:35:08,20.606,1.02034124,0.221,23.064,-119.74992,36.814282666666664,140.86274807227204,179.6653396895342,-0.5176669158232606,Before Launch
481,2025-03-20 23:35:08,20.649,-0.3116798,-1.763,23.074,-119.74992,36.814282666666664,140.84125779897477,179.6776578751933,-0.5185445834102657,Before Launch
482,2025-03-20 23:35:08,20.692,0.76443572,-0.782,23.054,-119.74992,36.814282666666664,140.827884377951,179.6666708042589,-0.5236021833335871,Before Launch
483,2025-03-20 23:35:08,20.736,0.66929136,0.905,23.072,-119.74992,36.814282666666664,140.84393352423172,179.654631268496,-0.5417900211042251,Before Launch
484,2025-03-20 23:35:08,20.779,0.7939632799999999,-0.097,23.077,-119.74992,36.814282666666664,140.86447399721402,179.63731079508167,-0.5588186997839042,Before Launch
485,2025-03-20 23:35:08,20.822,1.00721788,0.789,23.057,-119.74992,36.814282666666664,140.86924429432477,179.6377647233542,-0.5903424704857883,Before Launch
486,2025-03-20 23:35:08,20.864,-0.52821524,0.476,23.082,-119.74992,36.814282666666664,140.8795404724123,179.61286426915854,-0.6184024118192492,Before Launch
487,2025-03-20 23:35:08,20.908,1.03674544,2.252,23.079,-119.74992,36.814282666666664,140.8772212425033,179.56233601538298,-0.6393236632131976,Before Launch
488,2025-03-20 23:35:08,20.95,1.61089244,1.462,23.052,-119.74992,36.814282666666664,140.88890917619017,179.5550069703646,-0.6410056809618231,Before Launch
489,2025-03-20 23:35:08,20.993,0.18700788000000002,0.578,23.074,-119.74992366666666,36.8142835,140.88372885751792,179.62187553967485,-0.6285823534351704,Before Launch
490,2025-03-20 23:35:08,21.036,0.54790028,1.136,23.074,-119.74992366666666,36.8142835,140.87310042675048,179.63684713191353,-0.6142985221772991,Before Launch
491,2025-03-20 23:35:09,21.078,-0.5413386,-2.574,23.074,-119.74992366666666,36.8142835,140.872890620071,179.63527632862375,-0.5765540816810113,Before Launch
492,2025-03-20 23:35:09,21.121,0.54790028,0.347,23.074,-119.74992366666666,36.8142835,140.87505338768725,179.6111527686905,-0.563691713727394,Before Launch
493,2025-03-20 23:35:09,21.163,-0.41994752,-1.31,23.079,-119.74992366666666,36.8142835,140.86322510357115,179.6273260439708,-0.5852359134765929,Before Launch
494,2025-03-20 23:35:09,21.206,0.16732284,-0.216,23.059,-119.74992366666666,36.8142835,140.86289392257117,179.63948585161836,-0.5918082267125905,Before Launch
495,2025-03-20 23:35:09,21.248,1.0334646,0.341,23.072,-119.74992366666666,36.8142835,140.8423913017808,179.63459926459953,-0.5679016430254079,Before Launch
496,2025-03-20 23:35:09,21.29,-0.41994752,-0.769,23.074,-119.74992366666666,36.8142835,140.83687094498939,179.637150735713,-0.5881127624691437,Before Launch
497,2025-03-20 23:35:09,21.341,-0.9055118400000001,-0.226,23.074,-119.74992366666666,36.8142835,140.82945234126245,179.63676232878987,-0.5783053543499924,Before Launch
498,2025-03-20 23:35:09,21.385,-1.02690292,-2.001,23.077,-119.74992366666666,36.8142835,140.8319722583239,179.61589571702157,-0.5955049287966944,Before Launch
499,2025-03-20 23:35:09,21.427,-0.3116798,0.552,23.07,-119.74992366666666,36.8142835,140.81590731589037,179.59251357361475,-0.5975930258510354,Before Launch
500,2025-03-20 23:35:09,21.472,0.66929136,0.46,23.072,-119.74992366666666,36.8142835,140.82327005812255,179.6061408168736,-0.614091235291734,Before Launch
501,2025-03-20 23:35:09,21.515,-1.04002628,-2.569,23.07,-119.74992366666666,36.8142835,140.82227996072479,179.58963117124418,-0.6061082995017981,Before Launch
502,2025-03-20 23:35:09,21.558,0.8825459600000001,0.645,23.052,-119.74992366666666,36.8142835,140.78372720792223,179.58853400251795,-0.6110501662317667,Before Launch
503,2025-03-20 23:35:09,21.6,-1.39107616,-1.45,23.077,-119.74992366666666,36.8142835,140.79407964110706,179.59285756736202,-0.5952741016847741,Before Launch
504,2025-03-20 23:35:09,21.642,-0.17716536,-1.332,23.074,-119.74992366666666,36.8142835,140.80338002170834,1.69989971205176,0.7833111668443213,Before Launch
505,2025-03-20 23:35:09,21.685,0.049212599999999995,-0.9,23.062,-119.74992366666666,36.8142835,140.7931157404962,-51.816483085829475,1.188080839942339,Before Launch
506,2025-03-20 23:35:09,21.728,-0.42322836,-0.103,23.072,-119.74992366666666,36.8142835,140.98930505206673,-117.62134664668972,1.7062262551184926,Before Launch
507,2025-03-20 23:35:09,21.77,0.42979004000000004,-0.31,23.077,-119.74992366666666,36.8142835,141.0729366951543,-137.34809296359572,1.7791547267591254,Before Launch
508,2025-03-20 23:35:09,21.821,-0.19028872,-0.792,23.067,-119.74992366666666,36.8142835,141.17867608842926,16.49524890202678,0.7455258455344673,Before Launch
509,2025-03-20 23:35:09,21.865,-0.89238848,-1.553,23.082,-119.74992366666666,36.8142835,141.15088642345455,95.7825102786098,0.1794026186341181,Before Launch
510,2025-03-20 23:35:09,21.908,0.0656168,-0.867,23.077,-119.74992366666666,36.8142835,141.1536360570571,119.58471222329442,-0.016888404152240355,Before Launch
511,2025-03-20 23:35:09,21.95,-0.5413386,-0.012,23.074,-119.74992366666666,36.8142835,141.05237524363162,148.90532934259082,-0.24704522460235023,Before Launch
512,2025-03-20 23:35:09,21.993,-0.19356956,-1.134,23.059,-119.7499305,36.814282666666664,141.01364777517165,157.7210851152594,-0.32497680780884886,Before Launch
513,2025-03-20 23:35:09,22.036,-0.059055119999999996,-1.538,23.072,-119.7499305,36.814282666666664,140.9934287906309,168.53659495056306,-0.4525579105354904,Before Launch
514,2025-03-20 23:35:10,22.078,0.53805776,0.324,23.082,-119.7499305,36.814282666666664,140.9560817793088,171.8132036143106,-0.4845331805281072,Before Launch
515,2025-03-20 23:35:10,22.121,1.7355643600000001,1.095,23.057,-119.7499305,36.814282666666664,140.91758754311647,175.79960423603814,-0.5198691412658853,Before Launch
516,2025-03-20 23:35:10,22.163,0.54790028,1.004,23.074,-119.7499305,36.814282666666664,140.916942963004,177.01087561206353,-0.531504279575048,Before Launch
517,2025-03-20 23:35:10,22.205,-0.42322836,-0.896,23.072,-119.7499305,36.814282666666664,140.90018949849414,178.49344351439527,-0.579556940742078,Before Launch
518,2025-03-20 23:35:10,22.248,1.00721788,1.315,23.057,-119.7499305,36.814282666666664,140.8951622020762,178.94471216329555,-0.5873068399193295,Before Launch
519,2025-03-20 23:35:10,22.291,-0.16404200000000002,-0.305,23.082,-119.7499305,36.814282666666664,140.87655528799095,179.47382765549253,-0.6474828085037384,Before Launch
520,2025-03-20 23:35:10,22.333,-0.41994752,-1.34,23.072,-119.7499305,36.814282666666664,140.85047164536178,179.7702449389821,-0.6620915885550536,Before Launch
521,2025-03-20 23:35:10,22.384,1.00721788,1.305,23.082,-119.7499305,36.814282666666664,140.87230948883564,179.83488690626697,-0.6525789844162698,Before Launch
522,2025-03-20 23:35:10,22.427,-0.41994752,0.447,23.079,-119.7499305,36.814282666666664,140.90027546913876,179.9019707504459,-0.6761616251824681,Before Launch
523,2025-03-20 23:35:10,22.473,-0.29855644,0.669,23.082,-119.7499305,36.814282666666664,140.89916311546398,179.90544445562878,-0.6595481640833112,Before Launch
524,2025-03-20 23:35:10,22.517,0.30839896,0.569,23.079,-119.7499305,36.814282666666664,140.89353494997647,179.9566940256173,-0.6433420782168158,Before Launch
525,2025-03-20 23:35:10,22.559,0.07874016,-0.543,23.084,-119.7499305,36.814282666666664,140.88559893114595,179.99704405510371,-0.6385130708181929,Before Launch
526,2025-03-20 23:35:10,22.601,0.9120735200000001,1.798,23.079,-119.7499305,36.814282666666664,140.8786677900555,180.0340521920946,-0.614025129085856,Before Launch
527,2025-03-20 23:35:10,22.644,0.14435695999999998,-0.68,23.045,-119.7499305,36.814282666666664,140.90117708493165,180.0339828279888,-0.6203280219399928,Before Launch
528,2025-03-20 23:35:10,22.686,-0.29855644,1.006,23.077,-119.7499305,36.814282666666664,140.8864605297541,179.9942220344128,-0.6267062168912235,Before Launch
529,2025-03-20 23:35:10,22.728,0.30839896,0.447,23.079,-119.7499305,36.814282666666664,140.89151062075518,179.98880261812658,-0.6252172507424679,Before Launch
530,2025-03-20 23:35:10,22.771,0.18700788000000002,0.127,23.074,-119.7499305,36.814282666666664,140.90481047151175,179.97358730544528,-0.629362190386371,Before Launch
531,2025-03-20 23:35:10,22.814,-0.6496063200000001,-0.208,23.084,-119.7499305,36.814282666666664,140.88882046376708,179.98631639430164,-0.6134717125917056,Before Launch
532,2025-03-20 23:35:10,22.857,0.9908136799999999,0.516,23.042,-119.7499305,36.814282666666664,140.84348181416823,179.9937956664885,-0.5788646514431455,Before Launch
533,2025-03-20 23:35:10,22.899,0.54790028,0.685,23.074,-119.7499305,36.814282666666664,140.83692473679722,180.0043688742745,-0.5752375730529673,Before Launch
534,2025-03-20 23:35:10,22.941,-0.6496063200000001,0.226,23.084,-119.7499305,36.814282666666664,140.848348421661,180.00511219602154,-0.5582659743474644,Before Launch
535,2025-03-20 23:35:10,22.984,-0.07217847999999999,-0.128,23.064,-119.74993866666667,36.8142725,140.85366155730193,179.9884041444781,-0.5489872763936067,Before Launch
536,2025-03-20 23:35:10,23.026,0.20013124,0.689,23.082,-119.74993866666667,36.8142725,140.8190755601722,180.02587144535477,-0.5515779952612917,Before Launch
537,2025-03-20 23:35:10,23.069,-0.05577428,0.128,23.079,-119.74993866666667,36.8142725,140.82725304260063,180.00084728645507,-0.5370605391165701,Before Launch
538,2025-03-20 23:35:11,23.111,0.0656168,0.116,23.077,-119.74993866666667,36.8142725,140.8281504332086,180.00379612102188,-0.5134577358393354,Before Launch
539,2025-03-20 23:35:11,23.153,-0.52821524,-0.992,23.052,-119.74993866666667,36.8142725,140.83277010412345,179.9829566559658,-0.5050725359972794,Before Launch
540,2025-03-20 23:35:11,23.196,1.0334646,-0.653,23.072,-119.74993866666667,36.8142725,140.84715899867714,179.9914756955096,-0.4894219203285941,Before Launch
541,2025-03-20 23:35:11,23.238,0.53805776,-0.009,23.067,-119.74993866666667,36.8142725,140.8523952312694,180.01099315970657,-0.4862115221341256,Before Launch
542,2025-03-20 23:35:11,23.281,0.20013124,0.579,23.084,-119.74993866666667,36.8142725,140.8515994191866,179.99495721532332,-0.48827139022307026,Before Launch
543,2025-03-20 23:35:11,23.323,1.50590556,0.464,23.062,-119.74993866666667,36.8142725,140.86124402317196,179.98656305927355,-0.513165632691368,Before Launch
544,2025-03-20 23:35:11,23.365,-0.89238848,-0.678,23.082,-119.74993866666667,36.8142725,140.84738101453098,179.95873629740439,-0.5438875813252004,Before Launch
545,2025-03-20 23:35:11,23.408,1.65354336,1.929,23.079,-119.74993866666667,36.8142725,140.8263845949371,179.95790798627138,-0.5454222531581135,Before Launch
546,2025-03-20 23:35:11,23.451,1.8733596399999999,0.812,23.07,-119.74993866666667,36.8142725,140.80884377145668,179.94306990298657,-0.5315637349359893,Before Launch
547,2025-03-20 23:35:11,23.494,0.20013124,0.581,23.082,-119.74993866666667,36.8142725,140.8147978422559,179.94038664180877,-0.5311474575886053,Before Launch
548,2025-03-20 23:35:11,23.536,0.56102364,0.809,23.082,-119.74993866666667,36.8142725,140.85800179061934,179.92259228033697,-0.5483782087562368,Before Launch
549,2025-03-20 23:35:11,23.579,-0.08530183999999999,-0.371,23.057,-119.74993866666667,36.8142725,140.88361833883715,179.93371969384722,-0.5332805201963556,Before Launch
550,2025-03-20 23:35:11,23.621,-0.28543308,-0.343,23.084,-119.74993866666667,36.8142725,140.86231346511158,179.88236938237134,-0.5135946720213176,Before Launch
551,2025-03-20 23:35:11,23.664,0.07874016,-0.784,23.084,-119.74993866666667,36.8142725,140.858380489002,179.87851688541957,-0.5353962326304634,Before Launch
552,2025-03-20 23:35:11,23.714,-0.89238848,-0.969,23.082,-119.74993866666667,36.8142725,140.8632043643858,179.89719249513402,-0.5304381616480605,Before Launch
553,2025-03-20 23:35:11,23.758,-0.89238848,-0.554,23.082,-119.74993866666667,36.8142725,140.8751130187604,179.85355647583415,-0.5474096954886419,Before Launch
554,2025-03-20 23:35:11,23.801,0.30839896,0.0,23.079,-119.74993866666667,36.8142725,140.87170985800978,179.8387411751546,-0.5477359025433912,Before Launch
555,2025-03-20 23:35:11,23.844,-0.29855644,-0.453,23.077,-119.74993866666667,36.8142725,140.85575658206295,179.84895971608736,-0.5608560580989146,Before Launch
556,2025-03-20 23:35:11,23.887,0.32152232000000003,0.905,23.087,-119.74993866666667,36.8142725,140.86257001529742,179.83539769638682,-0.564427358514343,Before Launch
557,2025-03-20 23:35:11,23.929,0.4429134,-0.511,23.084,-119.74993866666667,36.8142725,140.87990085892827,179.8089646025381,-0.5632639807438186,Before Launch
558,2025-03-20 23:35:11,23.972,2.67716544,1.984,23.037,-119.74997283333333,36.8142555,140.85306051833808,179.85663819749357,-0.5718013433971515,Before Launch
559,2025-03-20 23:35:11,24.014,-0.66272968,-0.012,23.077,-119.74997283333333,36.8142555,140.85445723046374,179.83757071854282,-0.5615528889618723,Before Launch
560,2025-03-20 23:35:11,24.057,-1.01377956,-0.878,23.084,-119.74997283333333,36.8142555,140.85377668122865,179.87790651119374,-0.5670091382791499,Before Launch
561,2025-03-20 23:35:12,24.099,0.56102364,0.336,23.077,-119.74997283333333,36.8142555,140.85550202295835,179.82851030872786,-0.5605090303390609,Before Launch
562,2025-03-20 23:35:12,24.141,-0.28543308,-0.214,23.084,-119.74997283333333,36.8142555,140.86016986579514,179.81318863820192,-0.5616817495942216,Before Launch
563,2025-03-20 23:35:12,24.184,0.75131236,0.639,23.047,-119.74997283333333,36.8142555,140.86077853867974,179.81471600475476,-0.5694445284726778,Before Launch
564,2025-03-20 23:35:12,24.226,-1.25656172,-0.679,23.082,-119.74997283333333,36.8142555,140.85286147067023,179.83258050217674,-0.5724305138258894,Before Launch
565,2025-03-20 23:35:12,24.268,-0.52821524,-1.457,23.082,-119.74997283333333,36.8142555,140.84564066415706,179.80256425775275,-0.5774634578304206,Before Launch
566,2025-03-20 23:35:12,24.311,-0.059055119999999996,-0.556,23.072,-119.74997283333333,36.8142555,140.85879501591117,179.78841217377806,-0.5680600846461418,Before Launch
567,2025-03-20 23:35:12,24.354,-1.9849082,-2.036,23.082,-119.74997283333333,36.8142555,140.80880412181264,179.7910791411783,-0.5857372418673241,Before Launch
568,2025-03-20 23:35:12,24.4,0.42979004000000004,-0.999,23.077,-119.74997283333333,36.8142555,140.79419044456998,179.8157460027145,-0.5738895144461132,Before Launch
569,2025-03-20 23:35:12,24.442,-0.7808399199999999,0.104,23.079,-119.74997283333333,36.8142555,140.8044417661704,179.78596759575908,-0.5770923551186918,Before Launch
570,2025-03-20 23:35:12,24.485,1.96194232,0.286,23.045,-119.74997283333333,36.8142555,140.80931700750713,179.770101861244,-0.5986270079470886,Before Launch
571,2025-03-20 23:35:12,24.527,-0.40682416,-2.119,23.087,-119.74997283333333,36.8142555,140.84417287922605,179.76525272357281,-0.5848684404254493,Before Launch
572,2025-03-20 23:35:12,24.57,0.20013124,0.0,23.082,-119.74997283333333,36.8142555,140.8604680353035,179.76552209323998,-0.5761942295250833,Before Launch
573,2025-03-20 23:35:12,24.613,-0.40682416,-0.899,23.087,-119.74997283333333,36.8142555,140.855863724927,179.7831252633499,-0.5332174489460662,Before Launch
574,2025-03-20 23:35:12,24.655,-0.05577428,0.027,23.079,-119.74997283333333,36.8142555,140.84254324647745,179.78922215198438,-0.561705449069971,Before Launch
575,2025-03-20 23:35:12,24.698,-0.16404200000000002,0.113,23.082,-119.74997283333333,36.8142555,140.84190399383908,179.77784995906146,-0.5391757234277683,Before Launch
576,2025-03-20 23:35:12,24.74,-0.042650919999999995,-0.113,23.087,-119.74997283333333,36.8142555,140.85305591250145,179.78858028605433,-0.5366854418255007,Before Launch
577,2025-03-20 23:35:12,24.784,0.07874016,0.908,23.084,-119.74997283333333,36.8142555,140.86957907264372,179.78446311591736,-0.5553887838460202,Before Launch
578,2025-03-20 23:35:12,24.827,0.20013124,1.022,23.082,-119.74997283333333,36.8142555,140.87542364258456,179.7707156880778,-0.560368020498874,Before Launch
579,2025-03-20 23:35:12,24.87,-0.07217847999999999,-0.356,23.064,-119.74997283333333,36.8142555,140.87664461644437,179.70706419583405,-0.5655701627779599,Before Launch
580,2025-03-20 23:35:12,24.912,-0.6496063200000001,-0.329,23.084,-119.74997283333333,36.8142555,140.88336535016984,179.6872648709851,-0.566825652356589,Before Launch
581,2025-03-20 23:35:12,24.955,-0.16404200000000002,-0.455,23.082,-119.74997866666666,36.814256666666665,140.8988552034269,179.67678617962497,-0.611965332617673,Before Launch
582,2025-03-20 23:35:12,24.997,1.61089244,1.094,23.052,-119.74997866666666,36.814256666666665,140.8873944524797,179.66308038837593,-0.6153108791073622,Before Launch
583,2025-03-20 23:35:12,25.039,-1.74212604,-4.142,23.084,-119.74997866666666,36.814256666666665,140.87426527614483,179.66532022277664,-0.5981753594364969,Before Launch
584,2025-03-20 23:35:13,25.082,-0.6496063200000001,0.012,23.084,-119.74997866666666,36.814256666666665,140.8572513349753,179.6938489846111,-0.6017505462450358,Before Launch
585,2025-03-20 23:35:13,25.125,-1.01377956,0.0,23.084,-119.74997866666666,36.814256666666665,140.84084128995661,179.6999463979952,-0.5965056919890132,Before Launch
586,2025-03-20 23:35:13,25.168,-0.28543308,-0.792,23.084,-119.74997866666666,36.814256666666665,140.84563386361867,179.72359825265656,-0.5984802422175658,Before Launch
587,2025-03-20 23:35:13,25.211,0.68569556,0.908,23.087,-119.74997866666666,36.814256666666665,140.8355701153937,179.72049687956047,-0.578981737881024,Before Launch
588,2025-03-20 23:35:13,25.254,-0.41994752,-1.095,23.079,-119.74997866666666,36.814256666666665,140.81940339027742,179.72114415086315,-0.5816067356474357,Before Launch
589,2025-03-20 23:35:13,25.296,-0.40682416,0.794,23.087,-119.74997866666666,36.814256666666665,140.81340131493232,179.75804498962506,-0.5638281967254752,Before Launch
590,2025-03-20 23:35:13,25.338,-1.3648294399999998,-0.782,23.092,-119.74997866666666,36.814256666666665,140.81705093153627,179.77188948588906,-0.5510588972888638,Before Launch
591,2025-03-20 23:35:13,25.389,-0.40682416,-0.323,23.087,-119.74997866666666,36.814256666666665,140.81997846611173,179.79186542433285,-0.5309818003622614,Before Launch
592,2025-03-20 23:35:13,25.433,-0.66272968,1.225,23.077,-119.74997866666666,36.814256666666665,140.8340967631848,179.7709612375008,-0.5317348725074623,Before Launch
593,2025-03-20 23:35:13,25.475,-0.16404200000000002,-0.552,23.082,-119.74997866666666,36.814256666666665,140.8213521144331,179.75956545652895,-0.5068479824820039,Before Launch
594,2025-03-20 23:35:13,25.518,0.6561680000000001,1.336,23.079,-119.74997866666666,36.814256666666665,140.83664246618633,179.74979067748848,-0.5155213078536477,Before Launch
595,2025-03-20 23:35:13,25.56,0.4429134,-1.413,23.084,-119.74997866666666,36.814256666666665,140.83200584784416,179.72548516197054,-0.5347179616688725,Before Launch
596,2025-03-20 23:35:13,25.602,0.20013124,0.565,23.082,-119.74997866666666,36.814256666666665,140.8417861933146,179.65958448135635,-0.5733006605420744,Before Launch
597,2025-03-20 23:35:13,25.645,0.32152232000000003,0.113,23.087,-119.74997866666666,36.814256666666665,140.8447441377438,179.66311832809552,-0.5954588494201133,Before Launch
598,2025-03-20 23:35:13,25.688,1.0498688,1.355,23.087,-119.74997866666666,36.814256666666665,140.85544852542176,179.67048886839245,-0.5795865217714469,Before Launch
599,2025-03-20 23:35:13,25.73,1.40091868,1.355,23.079,-119.74997866666666,36.814256666666665,140.84695678834507,179.6473634675484,-0.5855953530358464,Before Launch
600,2025-03-20 23:35:13,25.773,0.32152232000000003,0.452,23.087,-119.74997866666666,36.814256666666665,140.8394463744387,179.6583666844824,-0.5648042957543754,Before Launch
601,2025-03-20 23:35:13,25.815,1.47965884,1.416,23.047,-119.74997866666666,36.814256666666665,140.84710333228205,179.67364344506427,-0.5399073765159857,Before Launch
602,2025-03-20 23:35:13,25.857,-0.042650919999999995,-0.113,23.087,-119.74997866666666,36.814256666666665,140.8352677408294,179.73544924435018,-0.5328733801828229,Before Launch
603,2025-03-20 23:35:13,25.9,1.0498688,0.792,23.087,-119.74997866666666,36.814256666666665,140.84342923964857,179.72057206143057,-0.5355708929840247,Before Launch
604,2025-03-20 23:35:13,25.943,-0.89238848,-0.764,23.082,-119.74997866666666,36.814256666666665,140.86204587437373,179.70422597716828,-0.5457524382696607,Before Launch
605,2025-03-20 23:35:13,25.985,1.28937012,1.807,23.082,-119.74997133333333,36.81426366666667,140.84085901277294,179.71831808087452,-0.5124268535301272,Before Launch
606,2025-03-20 23:35:13,26.027,0.30511812,0.438,23.072,-119.74997133333333,36.81426366666667,140.86205251857382,179.72500995710266,-0.49896863535517416,Before Launch
607,2025-03-20 23:35:13,26.07,1.64042,0.028,23.084,-119.74997133333333,36.81426366666667,140.85851182154786,179.72022993166505,-0.5234899051539508,Before Launch
608,2025-03-20 23:35:14,26.112,1.17125988,2.715,23.084,-119.74997133333333,36.81426366666667,140.86264652034455,179.72944197268384,-0.5120431267323856,Before Launch
609,2025-03-20 23:35:14,26.155,0.56758532,1.134,23.089,-119.74997133333333,36.81426366666667,140.8670879627355,179.71344007590778,-0.5038637897356891,Before Launch
610,2025-03-20 23:35:14,26.198,0.6725722,1.572,23.087,-119.74997133333333,36.81426366666667,140.84272034046802,179.7345383372028,-0.4896255073291993,Before Launch
611,2025-03-20 23:35:14,26.24,-0.05577428,0.214,23.079,-119.74997133333333,36.81426366666667,140.8443641212225,179.72334647284623,-0.5193339681063874,Before Launch
612,2025-03-20 23:35:14,26.283,-1.25656172,-1.812,23.082,-119.74997133333333,36.81426366666667,140.82850066163292,179.70495978635256,-0.5325127619856481,Before Launch
613,2025-03-20 23:35:14,26.325,-0.28543308,0.126,23.084,-119.74997133333333,36.81426366666667,140.81846489933542,179.7293211846928,-0.5122258232344004,Before Launch
614,2025-03-20 23:35:14,26.368,0.4429134,0.793,23.084,-119.74997133333333,36.81426366666667,140.8262906776173,179.69768159381866,-0.5441973806770127,Before Launch
615,2025-03-20 23:35:14,26.411,1.65354336,2.813,23.082,-119.74997133333333,36.81426366666667,140.822688579702,179.68507348837235,-0.5461861668908861,Before Launch
616,2025-03-20 23:35:14,26.453,-0.05577428,0.33,23.079,-119.74997133333333,36.81426366666667,140.8275313074193,179.66487937623484,-0.5640462873585002,Before Launch
617,2025-03-20 23:35:14,26.495,-0.042650919999999995,0.584,23.087,-119.74997133333333,36.81426366666667,140.8391374897494,179.6527458682735,-0.5703240995574859,Before Launch
618,2025-03-20 23:35:14,26.547,0.56102364,0.676,23.082,-119.74997133333333,36.81426366666667,140.84824050139446,179.64635749949585,-0.5706257624581367,Before Launch
619,2025-03-20 23:35:14,26.591,0.9251968799999999,0.251,23.082,-119.74997133333333,36.81426366666667,140.84888146219714,179.65213608221836,-0.5889187225026812,Before Launch
620,2025-03-20 23:35:14,26.633,2.46063,1.88,23.049,-119.74997133333333,36.81426366666667,140.8282208419608,179.63779580886558,-0.592111315450839,Before Launch
621,2025-03-20 23:35:14,26.677,0.80708664,0.565,23.084,-119.74997133333333,36.81426366666667,140.85413292909485,179.6479340637565,-0.5642148194193997,Before Launch
622,2025-03-20 23:35:14,26.719,1.0498688,0.678,23.087,-119.74997133333333,36.81426366666667,140.868018710651,179.6391739844132,-0.5436922428479258,Before Launch
623,2025-03-20 23:35:14,26.761,1.02034124,-0.028,23.064,-119.74997133333333,36.81426366666667,140.8711577393881,179.60247663023088,-0.5871055654725875,Before Launch
624,2025-03-20 23:35:14,26.804,0.42979004000000004,-0.904,23.077,-119.74997133333333,36.81426366666667,140.84824904120134,179.63137343191306,-0.6026664114289227,Before Launch
625,2025-03-20 23:35:14,26.847,0.76443572,0.412,23.054,-119.74997133333333,36.81426366666667,140.82525272628612,179.61301609190684,-0.5910726464628783,Before Launch
626,2025-03-20 23:35:14,26.889,0.89895016,-0.541,23.067,-119.74997133333333,36.81426366666667,140.8336897907634,179.58194964897,-0.6047486069699827,Before Launch
627,2025-03-20 23:35:14,26.931,0.9251968799999999,0.901,23.082,-119.74997133333333,36.81426366666667,140.8295985796297,179.53458592526638,-0.6319317588384683,Before Launch
628,2025-03-20 23:35:14,26.974,0.20341208,-0.788,23.089,-119.74997016666667,36.81426833333333,140.82384348850903,179.55565540251314,-0.6407944278930829,Before Launch
629,2025-03-20 23:35:14,27.024,1.7650919200000001,2.458,23.079,-119.74997016666667,36.81426833333333,140.82814994181686,179.57586242232185,-0.6016933366827326,Before Launch
630,2025-03-20 23:35:14,27.067,1.17125988,-0.109,23.084,-119.74997016666667,36.81426833333333,140.9784222201907,75.31972642823284,-0.40119234371014134,Before Launch
631,2025-03-20 23:35:15,27.111,1.0498688,0.687,23.087,-119.74997016666667,36.81426833333333,141.16255292559345,0.30413041282713493,-0.27291538125159165,Before Launch
632,2025-03-20 23:35:15,27.154,2.82480324,1.093,23.084,-119.74997016666667,36.81426833333333,141.27684005212285,-91.73101889135143,-0.07130617586115628,Before Launch
633,2025-03-20 23:35:15,27.196,0.56102364,-0.563,23.082,-119.74997016666667,36.81426833333333,141.2485798849956,-15.21664364790756,-0.07100352161714979,Before Launch
634,2025-03-20 23:35:15,27.238,-0.042650919999999995,-0.563,23.087,-119.74997016666667,36.81426833333333,141.2289991232643,79.09941301741307,-0.198841995907987,Before Launch
635,2025-03-20 23:35:15,27.281,1.0498688,0.348,23.087,-119.74997016666667,36.81426833333333,141.2076735623882,107.49018794643007,-0.26112092267715437,Before Launch
636,2025-03-20 23:35:15,27.324,0.20013124,0.236,23.082,-119.74997016666667,36.81426833333333,141.14651249823555,142.5263989866388,-0.3625893231136913,Before Launch
637,2025-03-20 23:35:15,27.367,0.9251968799999999,2.013,23.082,-119.74997016666667,36.81426833333333,141.08427687111472,153.1015836091688,-0.39965121236459755,Before Launch
638,2025-03-20 23:35:15,27.409,1.97506568,2.085,23.052,-119.74997016666667,36.81426833333333,140.9918436439708,166.15502359305393,-0.4676825131373966,Before Launch
639,2025-03-20 23:35:15,27.451,0.66929136,0.209,23.072,-119.74997016666667,36.81426833333333,140.91817872798072,172.875193661267,-0.5220665056345805,Before Launch
640,2025-03-20 23:35:15,27.502,0.56758532,-0.995,23.089,-119.74997016666667,36.81426833333333,140.90835440109794,174.92089699893322,-0.5439255077021018,Before Launch
641,2025-03-20 23:35:15,27.546,1.0498688,1.012,23.087,-119.74997016666667,36.81426833333333,140.89824963166,177.35068972763375,-0.5540577914213703,Before Launch
642,2025-03-20 23:35:15,27.588,1.89960636,1.777,23.057,-119.74997016666667,36.81426833333333,140.87733181330054,178.084498925723,-0.5671460006270447,Before Launch
643,2025-03-20 23:35:15,27.631,0.6725722,0.103,23.079,-119.74997016666667,36.81426833333333,140.87084803152746,178.97907090746932,-0.5747174831641172,Before Launch
644,2025-03-20 23:35:15,27.673,-0.6496063200000001,-1.455,23.084,-119.74997016666667,36.81426833333333,140.8731380219198,179.25262853802906,-0.5758766539558342,Before Launch
645,2025-03-20 23:35:15,27.716,-0.40682416,-2.648,23.084,-119.74997016666667,36.81426833333333,140.85319278648134,179.5680681053575,-0.5646005374859902,Before Launch
646,2025-03-20 23:35:15,27.758,-0.40682416,-1.123,23.087,-119.74997016666667,36.81426833333333,140.84566798191975,179.66533399160963,-0.5670420734307943,Before Launch
647,2025-03-20 23:35:15,27.801,0.9251968799999999,-0.115,23.082,-119.74997016666667,36.81426833333333,140.83068249315266,179.8361354268406,-0.5342944899869575,Before Launch
648,2025-03-20 23:35:15,27.843,0.45603676000000004,-0.522,23.092,-119.74997016666667,36.81426833333333,140.841510850426,179.86094086722764,-0.5355680063954611,Before Launch
649,2025-03-20 23:35:15,27.885,0.68569556,0.237,23.087,-119.74997016666667,36.81426833333333,140.86244933961294,179.92984185801447,-0.5300185755092376,Before Launch
650,2025-03-20 23:35:15,27.928,-0.042650919999999995,-0.747,23.087,-119.74997016666667,36.81426833333333,140.86729480544238,179.95422587959908,-0.5381025680563079,Before Launch
651,2025-03-20 23:35:15,27.978,0.9251968799999999,0.024,23.082,-119.74998,36.81425766666667,140.84543270205862,179.9676789686208,-0.5144041043190094,Before Launch
652,2025-03-20 23:35:15,28.022,-0.042650919999999995,-0.887,23.087,-119.74998,36.81425766666667,140.89703692606653,179.96477364257177,-0.5060583414672933,Before Launch
653,2025-03-20 23:35:15,28.064,0.9120735200000001,0.65,23.074,-119.74998,36.81425766666667,140.89716013527078,179.97201037688222,-0.4938918669086375,Before Launch
654,2025-03-20 23:35:16,28.107,-0.28543308,-1.893,23.084,-119.74998,36.81425766666667,140.87034853622964,179.99860367337735,-0.5388033964276143,Before Launch
655,2025-03-20 23:35:16,28.149,-0.8891076400000001,-1.904,23.082,-119.74998,36.81425766666667,140.8853185735568,179.98152474854902,-0.5626732259992213,Before Launch
656,2025-03-20 23:35:16,28.192,1.14173232,0.085,23.062,-119.74998,36.81425766666667,140.8913087548855,179.9438290881551,-0.558980312940702,Before Launch
657,2025-03-20 23:35:16,28.234,0.45603676000000004,-2.193,23.092,-119.74998,36.81425766666667,140.86951145804682,179.92958752537916,-0.5543188788772738,Before Launch
658,2025-03-20 23:35:16,28.276,0.30839896,-0.234,23.079,-119.74998,36.81425766666667,140.87508864401553,179.90589392205155,-0.533189643647786,Before Launch
659,2025-03-20 23:35:16,28.319,0.7808399199999999,0.762,23.07,-119.74998,36.81425766666667,140.8578203535203,179.88145165932755,-0.5300905703607668,Before Launch
660,2025-03-20 23:35:16,28.362,-0.5249344,-1.457,23.089,-119.74998,36.81425766666667,140.8822732443776,179.8555218604005,-0.5606734397737172,Before Launch
661,2025-03-20 23:35:16,28.404,1.0498688,0.787,23.087,-119.74998,36.81425766666667,140.8652125110462,179.8666835235398,-0.5665120883171719,Before Launch
662,2025-03-20 23:35:16,28.447,-1.25328088,-2.017,23.089,-119.74998,36.81425766666667,140.84834214993316,179.84373834484853,-0.578501222288003,Before Launch
663,2025-03-20 23:35:16,28.489,-0.5249344,-2.315,23.089,-119.74998,36.81425766666667,140.86439333168005,179.84366604527054,-0.5897439879081308,Before Launch
664,2025-03-20 23:35:16,28.532,-0.042650919999999995,-0.659,23.087,-119.74998,36.81425766666667,140.8634357901545,179.82971916227729,-0.6107160534934857,Before Launch
665,2025-03-20 23:35:16,28.575,-0.07217847999999999,-0.596,23.064,-119.74998,36.81425766666667,140.8590278911607,179.8357664944966,-0.6090635899180648,Before Launch
666,2025-03-20 23:35:16,28.625,0.6725722,-0.35,23.079,-119.74998,36.81425766666667,140.82428039065266,179.8643310488617,-0.5952108207163079,Before Launch
667,2025-03-20 23:35:16,28.669,0.41666668,-1.372,23.07,-119.74998,36.81425766666667,140.83430955823863,179.84893480124694,-0.5819376202006866,Before Launch
668,2025-03-20 23:35:16,28.711,-0.8891076400000001,-1.446,23.087,-119.74998,36.81425766666667,140.86552856315598,179.84134952240095,-0.5833926589052819,Before Launch
669,2025-03-20 23:35:16,28.754,1.50590556,1.994,23.062,-119.74998,36.81425766666667,140.8807510347999,179.84458086012748,-0.585708198870793,Before Launch
670,2025-03-20 23:35:16,28.796,0.56102364,0.896,23.082,-119.74998,36.81425766666667,140.89238143332224,179.83851963152034,-0.5517103313095812,Before Launch
671,2025-03-20 23:35:16,28.839,0.32152232000000003,0.674,23.084,-119.74998,36.81425766666667,140.88204089750613,179.8009532602525,-0.5549326112337333,Before Launch
672,2025-03-20 23:35:16,28.881,2.59514444,1.546,23.062,-119.74998,36.81425766666667,140.89224750997664,179.80328140894846,-0.5346476671485059,Before Launch
673,2025-03-20 23:35:16,28.924,-0.7709973999999999,-1.135,23.087,-119.74998,36.81425766666667,140.90113516463362,179.75078933129524,-0.5489836872276055,Before Launch
674,2025-03-20 23:35:16,28.966,-1.6174541199999999,-2.131,23.089,-119.74997066666667,36.814269833333334,140.9058735712999,179.74519943033093,-0.573842327750966,Before Launch
675,2025-03-20 23:35:16,29.009,1.2631234,1.208,23.067,-119.74997066666667,36.814269833333334,140.91967006438733,179.7309271171,-0.6018025382868833,Before Launch
676,2025-03-20 23:35:16,29.051,0.56102364,-0.339,23.082,-119.74997066666667,36.814269833333334,140.9086461707434,179.75540860321235,-0.6264805095458269,Before Launch
677,2025-03-20 23:35:17,29.094,0.68569556,0.679,23.087,-119.74997066666667,36.814269833333334,140.87262000630105,179.73783051196125,-0.633068346478666,Before Launch
678,2025-03-20 23:35:17,29.136,0.05249344,-0.802,23.07,-119.74997066666667,36.814269833333334,140.86319100151994,179.73938820900125,-0.6255039713674815,Before Launch
679,2025-03-20 23:35:17,29.178,-0.042650919999999995,0.227,23.087,-119.74997066666667,36.814269833333334,140.84383457675744,179.72932268906936,-0.6181354306626358,Before Launch
680,2025-03-20 23:35:17,29.221,0.09186352,0.915,23.092,-119.74997066666667,36.814269833333334,140.84058681857422,179.73705737495473,-0.6372702467115562,Before Launch
681,2025-03-20 23:35:17,29.263,0.32152232000000003,-0.766,23.082,-119.74997066666667,36.814269833333334,140.81924949986893,179.74691259711255,-0.5996137754463052,Before Launch
682,2025-03-20 23:35:17,29.306,0.09186352,-0.34,23.092,-119.74997066666667,36.814269833333334,140.80059223460412,179.76621245822378,-0.6070323895474904,Before Launch
683,2025-03-20 23:35:17,29.348,0.20341208,-0.098,23.089,-119.74997066666667,36.814269833333334,140.82496203366858,179.72976277062656,-0.6078275338307252,Before Launch
684,2025-03-20 23:35:17,29.391,0.4429134,-0.315,23.084,-119.74997066666667,36.814269833333334,140.84278006570398,179.7439111543369,-0.5918061877559426,Before Launch
685,2025-03-20 23:35:17,29.433,0.80708664,1.244,23.084,-119.74997066666667,36.814269833333334,140.85500812577226,179.72816845593877,-0.5613901300951062,Before Launch
686,2025-03-20 23:35:17,29.475,-0.5249344,-1.47,23.082,-119.74997066666667,36.814269833333334,140.82389414048697,179.78727133254588,-0.5376510136153758,Before Launch
687,2025-03-20 23:35:17,29.526,0.54790028,1.669,23.074,-119.74997066666667,36.814269833333334,140.84362318436868,179.77821594449975,-0.5391509617111301,Before Launch
688,2025-03-20 23:35:17,29.57,-0.39370079999999996,0.121,23.094,-119.74997066666667,36.814269833333334,140.8641973123243,179.76428631824518,-0.5426790232978003,Before Launch
689,2025-03-20 23:35:17,29.613,1.39763784,1.332,23.072,-119.74997066666667,36.814269833333334,140.85425784999686,179.7670787557606,-0.5628056991398378,Before Launch
690,2025-03-20 23:35:17,29.655,0.45603676000000004,0.489,23.092,-119.74997066666667,36.814269833333334,140.8398784500129,179.80034857833482,-0.5273094588419707,Before Launch
691,2025-03-20 23:35:17,29.698,0.68569556,0.012,23.087,-119.74997066666667,36.814269833333334,140.8361610201788,179.80867735947265,-0.5344572077365733,Before Launch
692,2025-03-20 23:35:17,29.74,0.56758532,0.141,23.089,-119.74997066666667,36.814269833333334,140.8467573591637,179.78039452924233,-0.5298961742378706,Before Launch
693,2025-03-20 23:35:17,29.783,0.09186352,0.915,23.092,-119.74997066666667,36.814269833333334,140.8300280215749,179.8032039535632,-0.5226265803184126,Before Launch
694,2025-03-20 23:35:17,29.825,0.82021,-0.64,23.094,-119.74997066666667,36.814269833333334,140.83045781739622,179.78744333130717,-0.5195726958816208,Before Launch
695,2025-03-20 23:35:17,29.868,0.07874016,-0.45,23.084,-119.74997066666667,36.814269833333334,140.83182380059213,179.775360504656,-0.5125714815275073,Before Launch
696,2025-03-20 23:35:17,29.911,0.56758532,0.23,23.089,-119.74997066666667,36.814269833333334,140.84161766661566,179.7714540828255,-0.5105156869999118,Before Launch
697,2025-03-20 23:35:17,29.953,0.68569556,-1.781,23.087,-119.74997066666667,36.814269833333334,140.84248572914294,179.76527997032747,-0.5255759282620829,Before Launch
698,2025-03-20 23:35:17,29.996,0.17388452,0.881,23.067,-119.74997133333333,36.814271,140.83466505276857,179.72688542928861,-0.5340411922053453,Before Launch
699,2025-03-20 23:35:17,30.038,0.92847772,2.375,23.089,-119.74997133333333,36.814271,140.82060666848554,179.76767876261397,-0.5449437907196538,Before Launch
700,2025-03-20 23:35:18,30.088,-0.63648296,-1.761,23.092,-119.74997133333333,36.814271,140.83384488181176,179.76127271757883,-0.5792603629782164,Before Launch
701,2025-03-20 23:35:18,30.133,0.82021,0.24,23.092,-119.74997133333333,36.814271,140.83270640429134,179.75796383329035,-0.5670608745742313,Before Launch
702,2025-03-20 23:35:18,30.175,0.45603676000000004,-0.212,23.092,-119.74997133333333,36.814271,140.85629149071013,179.71825474388572,-0.5918234804128303,Before Launch
703,2025-03-20 23:35:18,30.218,0.20341208,0.139,23.089,-119.74997133333333,36.814271,140.88767996867153,179.69212904819568,-0.6026244854035586,Before Launch
704,2025-03-20 23:35:18,30.26,-0.042650919999999995,0.0,23.087,-119.74997133333333,36.814271,140.92717976014987,179.66550122354923,-0.5881410439802218,Before Launch
705,2025-03-20 23:35:18,30.303,-0.75787404,-0.785,23.094,-119.74997133333333,36.814271,140.89979418788494,179.66676532103827,-0.5987893573918838,Before Launch
706,2025-03-20 23:35:18,30.346,1.66994756,1.245,23.097,-119.74997133333333,36.814271,140.90255786291527,179.664208158394,-0.5754338766789291,Before Launch
707,2025-03-20 23:35:18,30.388,-0.042650919999999995,-0.124,23.087,-119.74997133333333,36.814271,140.93111704410646,179.68847442878885,-0.5551573516716422,Before Launch
708,2025-03-20 23:35:18,30.431,-0.39370079999999996,-0.551,23.094,-119.74997133333333,36.814271,140.93007284382819,179.679789080299,-0.5634089515316918,Before Launch
709,2025-03-20 23:35:18,30.473,1.53543312,1.01,23.084,-119.74997133333333,36.814271,140.87774559436158,179.71464118860624,-0.5514394458043264,Before Launch
710,2025-03-20 23:35:18,30.516,0.21653544,-0.545,23.097,-119.74997133333333,36.814271,140.89339106070685,179.7008513996808,-0.5491869819953574,Before Launch
711,2025-03-20 23:35:18,30.566,0.9251968799999999,1.329,23.082,-119.74997133333333,36.814271,140.8753107925512,179.69158917499934,-0.566163177913056,Before Launch
712,2025-03-20 23:35:18,30.61,0.45603676000000004,-0.085,23.092,-119.74997133333333,36.814271,140.84732196456065,179.66322634590105,-0.5617797963177318,Before Launch
713,2025-03-20 23:35:18,30.653,0.56758532,0.888,23.094,-119.74997133333333,36.814271,140.86515571970816,179.6331936067733,-0.56486107268806,Before Launch
714,2025-03-20 23:35:18,30.696,1.28937012,-0.1,23.082,-119.74997133333333,36.814271,140.83926951418698,179.6479873847773,-0.5752191063693705,Before Launch
715,2025-03-20 23:35:18,30.738,-0.16076116000000001,-0.57,23.089,-119.74997133333333,36.814271,140.8179361700168,179.64883493391474,-0.577007252031411,Before Launch
716,2025-03-20 23:35:18,30.781,0.45603676000000004,-0.212,23.089,-119.74997133333333,36.814271,140.82901562688855,179.60198074999425,-0.5862586483139319,Before Launch
717,2025-03-20 23:35:18,30.824,1.7618110800000002,1.102,23.072,-119.74997133333333,36.814271,140.83606271316302,179.62468172798262,-0.6078086668530024,Before Launch
718,2025-03-20 23:35:18,30.866,0.80708664,0.66,23.084,-119.74997133333333,36.814271,140.83633310110383,179.64191821134685,-0.6259074777443422,Before Launch
719,2025-03-20 23:35:18,30.908,-1.12204728,-1.793,23.087,-119.74997133333333,36.814271,140.8458468314265,179.62574489950583,-0.6398579643368785,Before Launch
720,2025-03-20 23:35:18,30.951,1.14501316,0.985,23.07,-119.74997133333333,36.814271,140.85955167899866,179.62723290893467,-0.6555296787738122,Before Launch
721,2025-03-20 23:35:18,30.994,0.4429134,-0.115,23.084,-119.74997133333333,36.814271,140.87600145342583,179.6172008877325,-0.6488232515918569,Before Launch
722,2025-03-20 23:35:18,31.036,-0.029527559999999998,-0.66,23.094,-119.74997866666666,36.814274,140.89132545742623,179.60312411464784,-0.6344895375824507,Before Launch
723,2025-03-20 23:35:19,31.078,2.35236228,2.013,23.059,-119.74997866666666,36.814274,140.88473706037826,179.60730794088352,-0.6336384754816109,Before Launch
724,2025-03-20 23:35:19,31.121,1.18438324,0.236,23.092,-119.74997866666666,36.814274,140.92333438696835,179.63947471069008,-0.6216827511550873,Before Launch
725,2025-03-20 23:35:19,31.163,0.69881892,1.242,23.094,-119.74997866666666,36.814274,140.92682423740305,179.65087796414187,-0.5985224542508927,Before Launch
726,2025-03-20 23:35:19,31.206,0.30839896,-0.477,23.079,-119.74997866666666,36.814274,140.90577326913203,179.6523708652943,-0.5858827386639524,Before Launch
727,2025-03-20 23:35:19,31.248,2.46391084,1.871,23.057,-119.74997866666666,36.814274,140.88666096750265,179.65513699271136,-0.5799421864971243,Before Launch
728,2025-03-20 23:35:19,31.291,1.0498688,0.789,23.087,-119.74997866666666,36.814274,140.8802441184197,179.66579258980656,-0.5983890657330256,Before Launch
729,2025-03-20 23:35:19,31.334,0.9251968799999999,0.901,23.082,-119.74997866666666,36.814274,140.87401783277514,179.65367712792886,-0.5850741802213076,Before Launch
730,2025-03-20 23:35:19,31.376,1.4271654,2.036,23.094,-119.74997866666666,36.814274,140.86628282586045,179.63213311993428,-0.5817247058450388,Before Launch
731,2025-03-20 23:35:19,31.419,0.33464568,-1.244,23.094,-119.74997866666666,36.814274,140.86201830485948,179.64581118833735,-0.5820159912658592,Before Launch
732,2025-03-20 23:35:19,31.461,1.06299216,1.03,23.082,-119.74997866666666,36.814274,140.83396164188008,179.6102627087187,-0.6068713211915374,Before Launch
733,2025-03-20 23:35:19,31.504,-0.40682416,-0.012,23.087,-119.74997866666666,36.814274,140.82664730523058,179.60498066228013,-0.6093727794639164,Before Launch
734,2025-03-20 23:35:19,31.554,1.8667979599999998,0.307,23.062,-119.74997866666666,36.814274,140.83296199753497,179.5946641246617,-0.6003737039635381,Before Launch
735,2025-03-20 23:35:19,31.598,-0.39370079999999996,-0.564,23.094,-119.74997866666666,36.814274,140.77928050799937,179.49464416483409,-0.5960298769263023,Before Launch
736,2025-03-20 23:35:19,31.64,0.09186352,-0.776,23.092,-119.74997866666666,36.814274,140.75707736494013,179.4446052621469,-0.4840005029587006,Before Launch
737,2025-03-20 23:35:19,31.683,0.45931760000000005,0.003,23.099,-119.74997866666666,36.814274,139.69383973321732,178.9753621491396,-0.7978808228856595,Before Launch
738,2025-03-20 23:35:19,31.726,0.82021,0.235,23.092,-119.74997866666666,36.814274,139.01516300778476,178.89770969944036,-1.290356177601454,Before Launch
739,2025-03-20 23:35:19,31.768,-0.39370079999999996,-1.57,23.094,-119.74997866666666,36.814274,137.4278485938617,75.48404471796468,-2.2664539261900556,Before Launch
740,2025-03-20 23:35:19,31.811,0.68569556,0.789,23.087,-119.74997866666666,36.814274,137.2757094635258,1.5907006517362277,-2.468242983100132,Before Launch
741,2025-03-20 23:35:19,31.854,0.09186352,-0.339,23.092,-119.74997866666666,36.814274,138.0836884831325,-89.938916911937,-2.616299790631796,Before Launch
742,2025-03-20 23:35:19,31.896,0.45603676000000004,-1.218,23.092,-119.74997866666666,36.814274,138.2207505591239,-117.94813032313638,-2.694786641786778,Before Launch
743,2025-03-20 23:35:19,31.939,-0.16076116000000001,-0.902,23.089,-119.74997866666666,36.814274,139.49113339143827,-50.44496054047303,-3.382407034050742,Before Launch
744,2025-03-20 23:35:19,31.981,0.09186352,1.131,23.092,-119.749983,36.814275333333335,140.58172722202468,10.811751123984855,-4.961323332180913,Before Launch
745,2025-03-20 23:35:19,32.023,0.92847772,-0.202,23.089,-119.749983,36.814275333333335,141.42438033236633,82.34163767552593,-9.4781713853321,Before Launch
746,2025-03-20 23:35:19,32.066,0.7808399199999999,0.315,23.07,-119.749983,36.814275333333335,141.04112276844472,101.38157564719269,-12.730700512392968,Before Launch
747,2025-03-20 23:35:20,32.109,0.33464568,0.339,23.094,-119.749983,36.814275333333335,138.96926504688955,121.57564830427904,-20.91765915156602,Before Launch
748,2025-03-20 23:35:20,32.151,0.9120735200000001,-1.342,23.092,-119.749983,36.814275333333335,138.04543119867037,128.9192656875252,-24.742062010572155,Before Launch
749,2025-03-20 23:35:20,32.193,0.09186352,-1.019,23.092,-119.749983,36.814275333333335,135.51100640321008,139.44378710377663,-29.924932645338377,Before Launch
750,2025-03-20 23:35:20,32.236,-0.029527559999999998,-0.679,23.094,-119.749983,36.814275333333335,134.06030108871064,142.62147441063814,-31.99678668825207,Before Launch
751,2025-03-20 23:35:20,32.279,-0.16404200000000002,-0.44,23.094,-119.749983,36.814275333333335,136.7814056236056,145.9873334680434,-34.68595681283585,Before Launch
752,2025-03-20 23:35:20,32.321,0.92847772,-1.431,23.089,-119.749983,36.814275333333335,140.45385942450181,146.4647211985441,-35.27681475513542,Before Launch
753,2025-03-20 23:35:20,32.369,3.19225732,1.987,23.057,-119.749983,36.814275333333335,144.09124258499142,145.906028477011,-34.73877925128214,Before Launch
754,2025-03-20 23:35:20,32.414,1.89960636,0.902,23.084,-119.749983,36.814275333333335,142.15534245850392,146.6606786518987,-33.617652589243335,Before Launch
755,2025-03-20 23:35:20,32.458,2.38188984,0.882,23.082,-119.749983,36.814275333333335,140.16985682416276,147.4867927348361,-33.13060452153379,Before Launch
756,2025-03-20 23:35:20,32.501,2.6246720000000003,2.116,23.084,-119.749983,36.814275333333335,134.19315833758364,149.14943338185455,-29.246432876944464,Before Launch
757,2025-03-20 23:35:20,32.544,2.02099744,0.885,23.089,-119.749983,36.814275333333335,132.83676712910838,150.6531827781808,-26.505563485219064,Before Launch
758,2025-03-20 23:35:20,32.587,2.38188984,2.575,23.082,-119.749983,36.814275333333335,134.58863498013616,152.8305765505623,-20.84798717053872,Before Launch
759,2025-03-20 23:35:20,32.629,4.93438336,2.854,23.089,-119.749983,36.814275333333335,137.5662413159373,154.31171825699542,-19.116359031430655,Before Launch
760,2025-03-20 23:35:20,32.672,5.29527576,5.297,23.082,-119.749983,36.814275333333335,140.23509933376542,158.0815527929563,-16.224934576050877,Before Launch
761,2025-03-20 23:35:20,32.714,5.52493456,5.059,23.077,-119.749983,36.814275333333335,139.6544918228748,160.28703770970253,-15.79550728178114,During Launch
762,2025-03-20 23:35:20,32.756,4.56692928,3.828,23.082,-119.749983,36.814275333333335,135.25246565970585,165.77795637294878,-13.927251776346724,During Launch
763,2025-03-20 23:35:20,32.799,4.20275604,3.152,23.082,-119.749983,36.814275333333335,131.99843176152933,168.99383135723707,-12.098955576446977,During Launch
764,2025-03-20 23:35:20,32.841,2.870735,3.042,23.084,-119.749983,36.814275333333335,126.990231169436,172.31906318519412,-8.287744582350093,During Launch
765,2025-03-20 23:35:20,32.884,7.296588160000001,6.161,23.039,-119.749983,36.814275333333335,126.36613571313954,172.57123420267266,-7.08936933024887,During Launch
766,2025-03-20 23:35:20,32.926,5.17388468,4.741,23.084,-119.749983,36.814275333333335,126.45260632411618,175.37492186817374,-1.9482409457394079,During Launch
767,2025-03-20 23:35:20,32.968,5.03937024,4.275,23.074,-119.75001783333333,36.81426033333334,126.77740191925311,75.27542072418427,2.2278382551948948,During Launch
768,2025-03-20 23:35:20,33.011,7.19488212,6.862,23.057,-119.75001783333333,36.81426033333334,125.36118926856317,-39.873725017319394,13.396091732193634,During Launch
769,2025-03-20 23:35:20,33.053,6.12860912,5.631,23.072,-119.75001783333333,36.81426033333334,122.85891329464762,-70.09782719435316,19.873860261035794,During Launch
770,2025-03-20 23:35:21,33.096,6.11548576,4.834,23.064,-119.75001783333333,36.81426033333334,117.51642030709765,-99.8636869467562,34.585285245054536,During Launch
771,2025-03-20 23:35:21,33.138,7.3458007599999995,6.124,23.077,-119.75001783333333,36.81426033333334,115.43768599224215,-108.07986047873672,39.75287239074364,During Launch
772,2025-03-20 23:35:21,33.188,7.30314984,6.458,23.047,-119.75001783333333,36.81426033333334,114.63914010226787,-116.73635460987563,47.86446386616523,During Launch
773,2025-03-20 23:35:21,33.232,8.540026520000001,7.056,23.059,-119.75001783333333,36.81426033333334,118.65310533239285,-119.22773259423259,55.384441409875336,During Launch
774,2025-03-20 23:35:21,33.274,6.96850416,6.361,23.074,-119.75001783333333,36.81426033333334,120.58632866740393,-119.70719337217294,59.029422819820546,During Launch
775,2025-03-20 23:35:21,33.317,9.268373,8.601,23.059,-119.75001783333333,36.81426033333334,121.97945540394966,-117.044361684871,65.54694324788356,During Launch
776,2025-03-20 23:35:21,33.36,7.841207600000001,7.405,23.082,-119.75001783333333,36.81426033333334,119.84202567154108,-115.44145552541636,67.37597220814358,During Launch
777,2025-03-20 23:35:21,33.402,8.87795304,7.354,23.077,-119.75001783333333,36.81426033333334,118.78102301391445,-113.50955470585723,68.71536723586091,During Launch
778,2025-03-20 23:35:21,33.445,9.61942288,5.973,23.052,-119.75001783333333,36.81426033333334,117.58670372020786,-112.5471272779125,68.53837794176265,During Launch
779,2025-03-20 23:35:21,33.487,7.82808424,5.525,23.074,-119.75001783333333,36.81426033333334,112.49262534008503,-109.30482956814566,69.6634358039129,During Launch
780,2025-03-20 23:35:21,33.529,7.358924119999999,4.647,23.084,-119.75001783333333,36.81426033333334,106.45434975124478,-107.03792185755033,70.40778910058877,During Launch
781,2025-03-20 23:35:21,33.572,8.66469844,5.64,23.064,-119.75001783333333,36.81426033333334,88.77380456673232,-102.14925497451125,72.15304009871558,During Launch
782,2025-03-20 23:35:21,33.615,7.95275616,5.539,23.079,-119.75001783333333,36.81426033333334,76.58548379512628,-98.50184750412359,73.43170359121956,During Launch
783,2025-03-20 23:35:21,33.657,7.82808424,5.09,23.074,-119.75001783333333,36.81426033333334,55.830830648592354,-91.43325587968837,75.67582359532915,During Launch
784,2025-03-20 23:35:21,33.7,9.95406856,4.687,23.029,-119.75001783333333,36.81426033333334,51.32850881952407,-89.42502643391587,75.77174920547415,During Launch
785,2025-03-20 23:35:21,33.743,7.841207600000001,2.377,23.082,-119.75001783333333,36.81426033333334,50.058654788716886,-87.2388485580222,75.0200258357836,During Launch
786,2025-03-20 23:35:21,33.785,7.0866144,1.458,23.067,-119.75001783333333,36.81426033333334,50.84842268068189,-86.33051216078674,74.6469484140706,During Launch
787,2025-03-20 23:35:21,33.835,9.268373,4.357,23.074,-119.75001783333333,36.81426033333334,51.99086243709671,-85.13833639196586,74.41525456924444,During Launch
788,2025-03-20 23:35:21,33.88,7.58858292,3.132,23.079,-119.75001783333333,36.81426033333334,53.19702668054378,-84.68438968687877,74.28473563014406,During Launch
789,2025-03-20 23:35:21,33.922,8.55643072,5.26,23.074,-119.75001783333333,36.81426033333334,54.70062313037476,-84.77564848673116,74.069197743906,During Launch
790,2025-03-20 23:35:21,33.965,7.585302079999999,0.267,23.072,-119.75002716666667,36.814264666666666,59.877509925275056,-86.28170011584069,73.90150271739451,During Launch
791,2025-03-20 23:35:21,34.007,8.061023879999999,2.671,23.07,-119.75002716666667,36.814264666666666,62.32441960964315,-86.93274026028045,73.84715852952944,During Launch
792,2025-03-20 23:35:21,34.05,8.54330736,3.238,23.067,-119.75002716666667,36.814264666666666,66.2433536803976,-87.77432007232834,74.4152236224113,During Launch
793,2025-03-20 23:35:22,34.093,8.0708664,0.81,23.082,-119.75002716666667,36.814264666666666,67.85089552074139,-88.11094860587629,74.90508623738735,During Launch
794,2025-03-20 23:35:22,34.135,9.52755936,3.141,23.077,-119.75002716666667,36.814264666666666,68.71475891448134,-88.50809778592861,76.10678068370422,During Launch
795,2025-03-20 23:35:22,34.178,6.38451464,0.249,23.082,-119.75002716666667,36.814264666666666,68.5298733805619,-88.91138767770089,77.01260457807963,During Launch
796,2025-03-20 23:35:22,34.221,8.75656196,1.303,23.074,-119.75002716666667,36.814264666666666,67.82537884597508,-89.53693377548916,78.26896707681581,During Launch
797,2025-03-20 23:35:22,34.263,8.19225748,0.827,23.074,-119.75002716666667,36.814264666666666,67.44843780828629,-89.74372527733557,78.83319043304759,During Launch
798,2025-03-20 23:35:22,34.306,6.0203413999999995,-2.346,23.082,-119.75002716666667,36.814264666666666,67.57722912659406,-90.36143977107895,80.09066198527805,During Launch
799,2025-03-20 23:35:22,34.349,7.572178719999999,0.562,23.082,-119.75002716666667,36.814264666666666,68.45906312418043,-90.82402686333744,80.78941463241345,During Launch
800,2025-03-20 23:35:22,34.392,8.92060396,-0.324,23.074,-119.75002716666667,36.814264666666666,70.44766807498443,-91.45263598752346,81.71460054873774,During Launch
801,2025-03-20 23:35:22,34.435,8.20538084,0.339,23.059,-119.75002716666667,36.814264666666666,73.21045950703673,-92.00053317613387,82.02179298413199,During Launch
802,2025-03-20 23:35:22,34.485,7.841207600000001,-0.957,23.082,-119.75002716666667,36.814264666666666,75.16078299358227,-92.31638068031421,81.90260059315328,During Launch
803,2025-03-20 23:35:22,34.528,8.421916280000001,-1.106,23.07,-119.75002716666667,36.814264666666666,78.23214045184402,-92.5898459288512,81.30016004619729,During Launch
804,2025-03-20 23:35:22,34.571,8.87795304,0.969,23.045,-119.75002716666667,36.814264666666666,79.3747771014568,-92.73813195488665,81.01615181981369,During Launch
805,2025-03-20 23:35:22,34.614,7.358924119999999,0.0,23.084,-119.75002716666667,36.814264666666666,80.9079534364057,-92.64179504686786,80.69309019132727,During Launch
806,2025-03-20 23:35:22,34.657,9.39304492,0.671,23.064,-119.75002716666667,36.814264666666666,81.28656948414731,-92.65517499290058,80.57752872325104,During Launch
807,2025-03-20 23:35:22,34.7,8.57283492,0.572,23.089,-119.75002716666667,36.814264666666666,81.17597816497036,-92.93349307878705,80.33546134220795,During Launch
808,2025-03-20 23:35:22,34.744,8.208661679999999,0.35,23.089,-119.75002716666667,36.814264666666666,80.5349081723776,-92.90752563683525,80.26260755788074,During Launch
809,2025-03-20 23:35:22,34.787,8.316929400000001,-1.506,23.079,-119.75002716666667,36.814264666666666,79.7620982430564,-92.39637741320865,79.7998250606957,During Launch
810,2025-03-20 23:35:22,34.829,9.04527588,1.109,23.079,-119.75002716666667,36.814264666666666,79.66877701509974,-92.33107275196623,79.86129809951223,During Launch
811,2025-03-20 23:35:22,34.872,8.435039640000001,1.241,23.077,-119.75002716666667,36.814264666666666,79.69877650072787,-92.65347688190829,80.97038818961,During Launch
812,2025-03-20 23:35:22,34.914,8.19225748,-0.997,23.074,-119.75002716666667,36.814264666666666,79.89415892619901,-92.82630050693238,81.93903348237522,During Launch
813,2025-03-20 23:35:22,34.957,9.6620738,1.925,23.082,-119.75001933333333,36.814266333333336,80.62161228490473,-92.2462519800265,83.6484238559611,During Launch
814,2025-03-20 23:35:22,34.999,6.630577639999999,-1.788,23.084,-119.75001933333333,36.814266333333336,83.99731062088813,-92.03676857636322,84.23161321531443,During Launch
815,2025-03-20 23:35:22,35.042,7.112861120000001,-0.439,23.082,-119.75001933333333,36.814266333333336,90.1564593021741,-91.86188731736436,85.43827019339092,During Launch
816,2025-03-20 23:35:23,35.084,7.82808424,-0.216,23.074,-119.75001933333333,36.814266333333336,93.05768807593972,-91.97751139955541,85.91942283917969,During Launch
817,2025-03-20 23:35:23,35.129,7.358924119999999,-1.098,23.084,-119.75001933333333,36.814266333333336,96.34714459321467,-91.48923449802703,85.61055083882823,During Launch
818,2025-03-20 23:35:23,35.172,8.681102639999999,0.566,23.079,-119.75001933333333,36.814266333333336,89.00703569709454,-90.75001861851844,85.24280241068146,During Launch
819,2025-03-20 23:35:23,35.214,8.08398976,-1.338,23.087,-119.75001933333333,36.814266333333336,77.5182810233566,-90.03524012500256,86.0314986221799,During Launch
820,2025-03-20 23:35:23,35.257,7.585302079999999,1.113,23.072,-119.75001933333333,36.814266333333336,76.38488490837258,-90.02854006853853,85.89505520687176,During Launch
821,2025-03-20 23:35:23,35.3,6.38451464,-2.198,23.082,-119.75001933333333,36.814266333333336,75.96856623885559,-89.93604766808028,84.91770578735571,During Launch
822,2025-03-20 23:35:23,35.343,6.75196872,-1.334,23.089,-119.75001933333333,36.814266333333336,76.34468198490144,-89.89521017535976,84.60659257132365,During Launch
823,2025-03-20 23:35:23,35.385,7.94947532,1.788,23.072,-119.75001933333333,36.814266333333336,77.03354103250057,-90.19419269051876,84.38122029969718,During Launch
824,2025-03-20 23:35:23,35.428,7.60170628,0.027,23.087,-119.75001933333333,36.814266333333336,75.25271188949779,-90.39259876008867,84.8004967837463,During Launch
825,2025-03-20 23:35:23,35.47,7.84448844,-0.998,23.089,-119.75001933333333,36.814266333333336,66.20521051970974,-90.73547563685152,85.88471034960496,During Launch
826,2025-03-20 23:35:23,35.513,7.0866144,-1.038,23.067,-119.75001933333333,36.814266333333336,61.8268713378949,-90.778113484167,86.12685716026283,During Launch
827,2025-03-20 23:35:23,35.556,7.60170628,-0.224,23.087,-119.75001933333333,36.814266333333336,57.459123773542125,-90.77814698383355,86.13222089915267,During Launch
828,2025-03-20 23:35:23,35.598,7.723097360000001,-0.653,23.084,-119.75001933333333,36.814266333333336,62.41111818265377,-91.09466335011085,86.09501461238129,During Launch
829,2025-03-20 23:35:23,35.641,5.6430448,-3.023,23.074,-119.75001933333333,36.814266333333336,86.89864587245107,-92.15931909193242,86.03819336619594,During Launch
830,2025-03-20 23:35:23,35.683,7.11614196,-0.227,23.089,-119.75001933333333,36.814266333333336,98.4601922762624,-92.59862664636556,86.08124968042141,During Launch
831,2025-03-20 23:35:23,35.725,6.04002644,-3.14,23.097,-119.75001933333333,36.814266333333336,116.22994020859008,-94.04258647032994,86.55373289014875,During Launch
832,2025-03-20 23:35:23,35.768,6.25328104,-2.172,23.077,-119.75001933333333,36.814266333333336,121.88204586165988,-94.48558775282211,86.18807425079444,During Launch
833,2025-03-20 23:35:23,35.819,5.78084008,-2.258,23.087,-119.75001933333333,36.814266333333336,130.21826439848496,-94.89295687153519,85.24142994677041,During Launch
834,2025-03-20 23:35:23,35.865,5.78084008,-2.353,23.079,-119.75001933333333,36.814266333333336,131.08000963744607,-94.78524969606102,83.46875306676012,During Launch
835,2025-03-20 23:35:23,35.907,7.477034359999999,-1.455,23.082,-119.75001933333333,36.814266333333336,131.8183597734123,-94.93394555233303,82.35446285786918,During Launch
836,2025-03-20 23:35:23,35.95,6.748687879999999,-1.564,23.082,-119.75001933333333,36.814266333333336,130.10300523884936,-95.09928361904997,79.16854254832367,During Launch
837,2025-03-20 23:35:23,35.992,6.73556452,-1.351,23.074,-119.7500155,36.81427133333333,129.8359726762617,-95.52294845699687,77.82264903360658,During Launch
838,2025-03-20 23:35:23,36.035,5.91535452,-3.476,23.092,-119.7500155,36.81427133333333,130.68766932891478,-95.92508145053311,75.47145377166879,During Launch
839,2025-03-20 23:35:24,36.077,5.31167996,-1.223,23.097,-119.7500155,36.81427133333333,130.59002631674846,-96.5586677486767,74.73045047787328,During Launch
840,2025-03-20 23:35:24,36.12,7.23753304,0.116,23.087,-119.7500155,36.81427133333333,129.4317850293873,-96.76234123766226,72.87916421380281,During Launch
841,2025-03-20 23:35:24,36.162,5.55118128,-2.112,23.092,-119.7500155,36.81427133333333,121.76445983217266,-96.27554402974899,66.18065126636546,During Launch
842,2025-03-20 23:35:24,36.213,4.57021012,-2.573,23.089,-119.7500155,36.81427133333333,117.23298292480173,-95.64684205404784,62.63045730966037,During Launch
843,2025-03-20 23:35:24,36.255,4.70144372,-3.675,23.094,-119.7500155,36.81427133333333,117.16606570986161,-97.97380500646881,56.74935098352259,During Launch
844,2025-03-20 23:35:24,36.3,4.93110252,-2.903,23.082,-119.7500155,36.81427133333333,121.05922872683288,-100.45525616030092,54.77915281931393,During Launch
845,2025-03-20 23:35:24,36.343,4.70144372,-2.655,23.094,-119.7500155,36.81427133333333,129.08822570694906,-106.33975857647651,50.37518000479148,During Launch
846,2025-03-20 23:35:24,36.385,4.80971144,-1.451,23.084,-119.7500155,36.81427133333333,132.04126179681313,-110.06694935796865,46.500439533298085,During Launch
847,2025-03-20 23:35:24,36.428,4.4619424,-2.111,23.077,-119.7500155,36.81427133333333,133.99756948967763,-117.67267816718024,37.55464125556741,During Launch
848,2025-03-20 23:35:24,36.47,4.57021012,-3.115,23.089,-119.7500155,36.81427133333333,135.91798157821248,-123.89135696528396,33.08416988654645,During Launch
849,2025-03-20 23:35:24,36.515,3.9730972400000004,-3.338,23.094,-119.7500155,36.81427133333333,138.7657180718636,-135.83268914257616,25.88501892983283,During Launch
850,2025-03-20 23:35:24,36.557,4.79658808,-2.804,23.077,-119.7500155,36.81427133333333,140.3452232819502,-140.33024911536663,23.08101840992364,During Launch
851,2025-03-20 23:35:24,36.6,2.88385836,-3.866,23.094,-119.7500155,36.81427133333333,142.67423655468295,-148.25365673904588,16.702548302983864,During Launch
852,2025-03-20 23:35:24,36.643,3.2480316,-4.005,23.094,-119.7500155,36.81427133333333,143.89871960941946,-151.8694950392303,14.35865511357622,During Launch
853,2025-03-20 23:35:24,36.685,4.18963268,-3.251,23.074,-119.7500155,36.81427133333333,146.71461017932722,-156.8485931733289,13.018013461597977,During Launch
854,2025-03-20 23:35:24,36.728,2.15551188,-3.208,23.094,-119.7500155,36.81427133333333,147.6176052302552,-158.8187957061587,13.073675221544391,During Launch
855,2025-03-20 23:35:24,36.77,2.9888452400000003,-3.797,23.084,-119.7500155,36.81427133333333,147.00649853031314,-161.64329672022433,14.200999215177337,During Launch
856,2025-03-20 23:35:24,36.813,4.20275604,-1.689,23.082,-119.7500155,36.81427133333333,146.57283301594128,-163.25653751949565,14.899567119693968,During Launch
857,2025-03-20 23:35:24,36.856,2.51968512,-3.432,23.094,-119.7500155,36.81427133333333,144.3841132400758,-165.6052488621772,17.211751919782564,During Launch
858,2025-03-20 23:35:24,36.898,1.30577432,-4.147,23.097,-119.7500155,36.81427133333333,143.15023342241582,-167.35077591543728,17.334718750290577,During Launch
859,2025-03-20 23:35:24,36.941,1.7782152800000002,-3.72,23.087,-119.7500155,36.81427133333333,140.37251433663704,-171.2609674913972,16.196990557195573,During Launch
860,2025-03-20 23:35:24,36.983,2.63779536,-4.497,23.092,-119.749996,36.81428116666667,138.1718771438343,-173.6295828384964,14.843727980911343,During Launch
861,2025-03-20 23:35:24,37.026,1.6568242,-4.732,23.089,-119.749996,36.81428116666667,136.0671873086222,-179.57736917468264,9.866907227171811,During Launch
862,2025-03-20 23:35:24,37.068,0.20341208,-6.071,23.072,-119.749996,36.81428116666667,138.26481510004928,-181.7484266041023,8.251087245637347,During Launch
863,2025-03-20 23:35:25,37.111,2.0341208,-3.607,23.097,-119.749996,36.81428116666667,146.07882868821497,-183.9221340511688,6.4481268661770965,During Launch
864,2025-03-20 23:35:25,37.153,2.02099744,-3.058,23.089,-119.749996,36.81428116666667,149.68951696416144,-184.57804252001236,5.6673079716894925,During Launch
865,2025-03-20 23:35:25,37.204,2.74606308,-4.143,23.082,-119.749996,36.81428116666667,154.53258157376396,-184.96459959892283,4.472434479361797,During Launch
866,2025-03-20 23:35:25,37.247,0.09186352,-5.032,23.092,-119.749996,36.81428116666667,159.01553973356124,-80.7041347590877,2.2302660747141188,During Launch
867,2025-03-20 23:35:25,37.291,2.2309712,-2.17,23.062,-119.749996,36.81428116666667,161.3962418009677,-5.644382107171253,0.9120142307637791,During Launch
868,2025-03-20 23:35:25,37.333,0.9416010799999999,-3.488,23.097,-119.749996,36.81428116666667,165.61354190341294,87.06026591840532,-1.5299119333783497,During Launch
869,2025-03-20 23:35:25,37.375,0.69881892,-3.937,23.094,-119.749996,36.81428116666667,167.44363107723066,114.72649026838067,-2.559448496385206,During Launch
870,2025-03-20 23:35:25,37.418,0.80708664,-3.623,23.084,-119.749996,36.81428116666667,169.59286905395604,-28.928563151550442,-0.17787484841694745,During Launch
871,2025-03-20 23:35:25,37.461,0.68569556,-3.833,23.087,-119.749996,36.81428116666667,169.9160844135447,-72.15389993565783,1.3017872824664944,During Launch
872,2025-03-20 23:35:25,37.503,0.45603676000000004,-3.726,23.092,-119.749996,36.81428116666667,170.26078610539838,-125.67860037164175,4.838602296308299,During Launch
873,2025-03-20 23:35:25,37.545,1.18438324,-3.15,23.092,-119.749996,36.81428116666667,170.35816041029832,-142.20599703771867,6.962391127001498,During Launch
874,2025-03-20 23:35:25,37.588,-0.029527559999999998,-3.73,23.052,-119.749996,36.81428116666667,171.80554639477086,-161.86472345438725,12.866335887102778,During Launch
875,2025-03-20 23:35:25,37.632,0.56758532,-3.934,23.089,-119.749996,36.81428116666667,172.69292086696373,-167.50317047036233,16.555008250547726,During Launch
876,2025-03-20 23:35:25,37.677,-0.16076116000000001,-2.827,23.089,-119.749996,36.81428116666667,173.17277465525186,-173.72010233780804,22.01197201790282,During Launch
877,2025-03-20 23:35:25,37.72,2.5688977200000003,-0.631,23.047,-119.749996,36.81428116666667,172.78277892469245,-175.16527741004774,24.275711129299676,During Launch
878,2025-03-20 23:35:25,37.763,1.85695544,-2.164,23.054,-119.749996,36.81428116666667,172.46007462816016,-176.97923307574692,26.905602938377616,During Launch
879,2025-03-20 23:35:25,37.805,1.40091868,-0.701,23.079,-119.749996,36.81428116666667,173.1299452732861,-178.55090271667615,25.518529078532822,During Launch
880,2025-03-20 23:35:25,37.848,0.69881892,-2.124,23.094,-119.749996,36.81428116666667,173.61925856876422,-77.16792134929092,9.893308131383854,During Launch
881,2025-03-20 23:35:25,37.89,-0.14763779999999999,-4.039,23.097,-119.749996,36.81428116666667,174.02485542096582,-3.274326415140621,-2.468525895615537,During Launch
882,2025-03-20 23:35:25,37.933,-0.27230972000000003,-2.592,23.092,-119.749996,36.81428116666667,174.0755345060223,87.10302489541851,-18.218149284760297,During Launch
883,2025-03-20 23:35:25,37.975,0.09186352,-1.127,23.092,-119.7500075,36.814272833333334,173.73848610104625,114.29899624069435,-23.090639234947766,During Launch
884,2025-03-20 23:35:25,38.018,-0.39370079999999996,-2.017,23.094,-119.7500075,36.814272833333334,172.91090337147793,147.56963161890815,-31.639073510993583,During Launch
885,2025-03-20 23:35:25,38.061,1.18438324,-1.348,23.092,-119.7500075,36.814272833333334,172.04139161346126,157.57208576615176,-31.95560528630932,During Launch
886,2025-03-20 23:35:26,38.103,1.98818904,0.308,23.059,-119.7500075,36.814272833333334,169.00886040567514,169.93614604589064,-28.326539472156753,During Launch
887,2025-03-20 23:35:26,38.146,1.0498688,0.785,23.082,-119.7500075,36.814272833333334,165.7157054886664,176.50113653894556,-23.750526658176604,During Launch
888,2025-03-20 23:35:26,38.196,-1.3615485999999999,-3.13,23.099,-119.7500075,36.814272833333334,164.30481868457255,178.36291652046611,-21.717203748962934,During Launch
889,2025-03-20 23:35:26,38.239,-0.5249344,-2.344,23.089,-119.7500075,36.814272833333334,161.59980724272043,180.66434852250532,-16.451522272307518,During Launch
890,2025-03-20 23:35:26,38.281,-0.5249344,-3.037,23.089,-119.7500075,36.814272833333334,162.30042347944703,181.26058561332943,-13.939022585107779,During Launch
891,2025-03-20 23:35:26,38.324,-0.39370079999999996,-0.451,23.094,-119.7500075,36.814272833333334,157.72842925630363,182.82747001282468,-7.958170442215184,During Launch
892,2025-03-20 23:35:26,38.367,1.7913386400000002,-0.409,23.094,-119.7500075,36.814272833333334,154.76037792879475,183.51345020639494,-5.65564280566627,During Launch
893,2025-03-20 23:35:26,38.41,0.89895016,-0.04,23.067,-119.7500075,36.814272833333334,149.74111730768578,184.2872406054262,-2.7382742067683132,During Launch
894,2025-03-20 23:35:26,38.453,0.33464568,-0.338,23.094,-119.7500075,36.814272833333334,147.86115161720167,184.51744258406268,-1.8707207705986892,During Launch
895,2025-03-20 23:35:26,38.496,-0.75787404,-1.452,23.089,-119.7500075,36.814272833333334,145.35769695810433,184.51494515274737,-1.0328924527790384,During Launch
896,2025-03-20 23:35:26,38.538,1.0498688,0.338,23.087,-119.7500075,36.814272833333334,144.98995796047362,184.37552706416244,-1.0044037567373232,During Launch
897,2025-03-20 23:35:26,38.581,0.20341208,-0.234,23.089,-119.7500075,36.814272833333334,145.20154614771565,184.20277338001364,-1.0306082450904717,During Launch
898,2025-03-20 23:35:26,38.624,1.4927822,0.286,23.054,-119.7500075,36.814272833333334,145.3462900367416,184.14267174834913,-1.0445619791974838,During Launch
899,2025-03-20 23:35:26,38.666,0.45603676000000004,0.45,23.092,-119.7500075,36.814272833333334,145.46323558598039,183.90336988004668,-1.0614723255484622,During Launch
900,2025-03-20 23:35:26,38.709,0.45603676000000004,-0.104,23.092,-119.7500075,36.814272833333334,145.5127851462118,183.8116236368708,-1.0964077666878778,During Launch
901,2025-03-20 23:35:26,38.751,0.20341208,0.339,23.089,-119.7500075,36.814272833333334,145.6209287124084,183.6794848405081,-1.1343733935263072,During Launch
902,2025-03-20 23:35:26,38.794,0.92847772,-1.527,23.089,-119.7500075,36.814272833333334,145.60432994507883,183.71711608527758,-1.133551940260346,During Launch
903,2025-03-20 23:35:26,38.836,0.09186352,-1.645,23.092,-119.7500075,36.814272833333334,145.65073916145974,183.5116521933739,-1.1642515811166483,During Launch
904,2025-03-20 23:35:26,38.879,-0.63648296,-1.897,23.092,-119.7500075,36.814272833333334,145.68549640823116,183.42540788474736,-1.1867348033006462,During Launch
905,2025-03-20 23:35:26,38.922,1.37139112,0.626,23.057,-119.7500075,36.814272833333334,145.71931839833803,183.32440880012297,-1.170313833025256,During Launch
906,2025-03-20 23:35:26,38.964,0.56102364,0.66,23.082,-119.74999883333334,36.81427933333333,145.70265036617454,183.29275309480718,-1.168567319168381,During Launch
907,2025-03-20 23:35:26,39.007,0.33464568,0.565,23.094,-119.74999883333334,36.81427933333333,145.754297099747,183.21759596332356,-1.1419044515149184,During Launch
908,2025-03-20 23:35:26,39.049,-0.63648296,-0.678,23.092,-119.74999883333334,36.81427933333333,145.739928483292,183.1829273357486,-1.1351156288592246,During Launch
909,2025-03-20 23:35:27,39.092,-0.16076116000000001,0.217,23.089,-119.74999883333334,36.81427933333333,145.76796437149395,183.10815235468405,-1.1143464797968516,During Launch
910,2025-03-20 23:35:27,39.134,0.41338584,-0.719,23.094,-119.74999883333334,36.81427933333333,145.76019730133237,183.01089009261688,-1.1616908341930057,During Launch
911,2025-03-20 23:35:27,39.185,0.20341208,-1.65,23.089,-119.74999883333334,36.81427933333333,145.77259932974337,182.93742914534425,-1.1732397760700615,During Launch
912,2025-03-20 23:35:27,39.228,1.02034124,-0.027,23.064,-119.74999883333334,36.81427933333333,145.82223516936028,182.8436801163944,-1.209865015460192,During Launch
913,2025-03-20 23:35:27,39.27,1.18438324,2.371,23.092,-119.74999883333334,36.81427933333333,145.83630629975173,182.78715379141605,-1.2497398108773206,During Launch
914,2025-03-20 23:35:27,39.312,0.82349084,1.257,23.099,-119.74999883333334,36.81427933333333,145.8123405063337,182.68269476835522,-1.2556479306727315,During Launch
915,2025-03-20 23:35:27,39.355,0.9120735200000001,1.338,23.074,-119.74999883333334,36.81427933333333,145.83336027351632,182.66262835383262,-1.256508969132389,During Launch
916,2025-03-20 23:35:27,39.397,-0.27230972000000003,0.113,23.092,-119.74999883333334,36.81427933333333,145.8542967010459,182.56766501766847,-1.2835756409703167,During Launch
917,2025-03-20 23:35:27,39.44,1.85695544,0.061,23.054,-119.74999883333334,36.81427933333333,145.86642125062363,182.50599319931388,-1.2928583455984217,During Launch
918,2025-03-20 23:35:27,39.482,0.82021,-0.073,23.082,-119.74999883333334,36.81427933333333,145.86525280738076,182.44244543913396,-1.3178068103346658,During Launch
919,2025-03-20 23:35:27,39.525,1.30577432,0.906,23.097,-119.74999883333334,36.81427933333333,145.86516593933408,182.42992129067673,-1.3362451685891907,During Launch
920,2025-03-20 23:35:27,39.568,0.92847772,1.573,23.089,-119.74999883333334,36.81427933333333,145.87125169694798,182.33295272988875,-1.3367642603027756,During Launch
921,2025-03-20 23:35:27,39.61,-0.63320212,-1.57,23.089,-119.74999883333334,36.81427933333333,145.8628698062835,182.36723231080472,-1.2900827298387372,During Launch
922,2025-03-20 23:35:27,39.653,1.18438324,0.915,23.092,-119.74999883333334,36.81427933333333,145.8622652415789,182.27329680850755,-1.2839104478561303,During Launch
923,2025-03-20 23:35:27,39.695,0.45603676000000004,-0.968,23.092,-119.74999883333334,36.81427933333333,145.8518361304364,182.2332149474655,-1.2770409343243512,During Launch
924,2025-03-20 23:35:27,39.738,1.4271654,0.906,23.07,-119.74999883333334,36.81427933333333,145.84970275282066,182.16934433773488,-1.2272444778628493,During Launch
925,2025-03-20 23:35:27,39.78,-0.16076116000000001,-0.576,23.089,-119.74999883333334,36.81427933333333,145.8316196176614,182.1437964324653,-1.2333899738079126,During Launch
926,2025-03-20 23:35:27,39.823,1.29265096,1.016,23.089,-119.74999883333334,36.81427933333333,145.85265289660398,182.10656312622748,-1.263700012493806,During Launch
927,2025-03-20 23:35:27,39.866,0.82021,-0.101,23.094,-119.74999883333334,36.81427933333333,145.85964411004628,182.06076245919093,-1.2718331555087352,During Launch
928,2025-03-20 23:35:27,39.909,0.58070868,0.456,23.097,-119.74999883333334,36.81427933333333,145.87611354250078,181.95521659743252,-1.3160605682237096,During Launch
929,2025-03-20 23:35:27,39.952,2.7034121599999996,3.113,23.052,-119.74999883333334,36.81427933333333,145.8749287600749,181.90811700458437,-1.3290708502450121,During Launch
930,2025-03-20 23:35:27,39.994,0.45603676000000004,-0.854,23.089,-119.74999383333333,36.814280333333336,145.8968182532281,181.81423303763552,-1.3456010730876327,During Launch
931,2025-03-20 23:35:27,40.037,0.45603676000000004,-0.098,23.092,-119.74999383333333,36.814280333333336,145.90541191966824,181.7837131419908,-1.343124026118842,During Launch
932,2025-03-20 23:35:28,40.079,1.06299216,0.679,23.094,-119.74999383333333,36.814280333333336,145.8918572372784,181.66720734070574,-1.376436450632578,During Launch
933,2025-03-20 23:35:28,40.122,1.0498688,1.572,23.087,-119.74999383333333,36.814280333333336,145.87797968140066,181.65500523658528,-1.3905714066430588,During Launch
934,2025-03-20 23:35:28,40.164,-0.14763779999999999,0.012,23.097,-119.74999383333333,36.814280333333336,145.88440939155547,181.6431535761599,-1.4046288005385026,During Launch
935,2025-03-20 23:35:28,40.206,0.69881892,0.266,23.087,-119.74999383333333,36.814280333333336,145.8824851480864,181.5954078916208,-1.4085600410499866,During Launch
936,2025-03-20 23:35:28,40.257,1.27624676,1.001,23.074,-119.74999383333333,36.814280333333336,145.87767340994378,181.5623804772155,-1.4133847028660855,During Launch
937,2025-03-20 23:35:28,40.301,-0.51181104,-1.428,23.097,-119.74999383333333,36.814280333333336,145.8808012256308,181.49282118494406,-1.4202476264523518,During Launch
938,2025-03-20 23:35:28,40.343,1.5091864000000002,0.303,23.07,-119.74999383333333,36.814280333333336,145.8772645819732,181.45424897528858,-1.4286988901522888,During Launch
939,2025-03-20 23:35:28,40.386,-0.26902888,-1.017,23.099,-119.74999383333333,36.814280333333336,145.8797541699267,181.40655946338984,-1.427451713278899,During Launch
940,2025-03-20 23:35:28,40.428,1.18438324,0.254,23.097,-119.74999383333333,36.814280333333336,145.90229134098345,181.37007753668186,-1.4201594296144189,During Launch
941,2025-03-20 23:35:28,40.471,1.7618110800000002,1.894,23.072,-119.74999383333333,36.814280333333336,145.89917185503666,181.31197641599192,-1.4587781181921904,During Launch
942,2025-03-20 23:35:28,40.513,-0.39370079999999996,-2.098,23.094,-119.74999383333333,36.814280333333336,145.9413691932546,181.24960166897958,-1.4533684870568255,During Launch
943,2025-03-20 23:35:28,40.555,1.18438324,0.339,23.092,-119.74999383333333,36.814280333333336,145.96468159103554,181.1969168800352,-1.4525512678979198,During Launch
944,2025-03-20 23:35:28,40.598,1.2631234,-0.04,23.067,-119.74999383333333,36.814280333333336,145.95104462335863,181.18537975439497,-1.4295532283469745,During Launch
945,2025-03-20 23:35:28,40.64,0.45603676000000004,-0.441,23.092,-119.74999383333333,36.814280333333336,145.94197394555908,181.13675987052827,-1.451715886239451,During Launch
946,2025-03-20 23:35:28,40.682,-0.16076116000000001,0.441,23.089,-119.74999383333333,36.814280333333336,145.94097553210392,181.11572838809974,-1.4638400206653066,During Launch
947,2025-03-20 23:35:28,40.725,0.7939632799999999,-0.364,23.077,-119.74999383333333,36.814280333333336,145.95170135035798,181.08272505183209,-1.479963052205459,During Launch
948,2025-03-20 23:35:28,40.767,0.92847772,0.441,23.089,-119.74999383333333,36.814280333333336,145.95537674604194,181.0241094045307,-1.4645992251894013,During Launch
949,2025-03-20 23:35:28,40.81,-0.029527559999999998,-1.359,23.094,-119.74999383333333,36.814280333333336,145.95871018399015,181.01898939958468,-1.4689161654191407,During Launch
950,2025-03-20 23:35:28,40.853,1.0334646,1.113,23.072,-119.74999383333333,36.814280333333336,145.98971066020434,181.01636739305366,-1.4767188501229978,During Launch
951,2025-03-20 23:35:28,40.895,-0.8891076400000001,-2.035,23.089,-119.74999383333333,36.814280333333336,145.98551677719152,180.9638829870682,-1.445100945671799,During Launch
952,2025-03-20 23:35:28,40.938,1.0498688,0.214,23.092,-119.74999383333333,36.814280333333336,145.955783394222,180.93138760050417,-1.4376424941590267,During Launch
953,2025-03-20 23:35:28,40.989,0.42979004000000004,-0.14,23.077,-119.74999383333333,36.814280333333336,145.9563195660312,180.94067413005885,-1.4178075861131292,During Launch
954,2025-03-20 23:35:28,41.033,-0.5249344,-2.986,23.089,-119.74999383333333,36.814280333333336,145.93869307590816,180.91424437395983,-1.43380319516547,During Launch
955,2025-03-20 23:35:29,41.076,-0.28543308,-0.685,23.084,-119.74999666666666,36.81426783333333,145.94972629523124,180.86886342354768,-1.4394605387630215,During Launch
956,2025-03-20 23:35:29,41.118,-0.39370079999999996,-0.786,23.094,-119.74999666666666,36.81426783333333,145.96321106199616,180.8220931193518,-1.4577998375726968,During Launch
957,2025-03-20 23:35:29,41.161,-0.40682416,-1.358,23.087,-119.74999666666666,36.81426783333333,145.97012473874696,180.78278043922455,-1.452165212916454,During Launch
958,2025-03-20 23:35:29,41.203,-0.39370079999999996,-1.335,23.094,-119.74999666666666,36.81426783333333,145.9916977341773,180.7383951610208,-1.4577218011044106,During Launch
959,2025-03-20 23:35:29,41.245,-0.28543308,-0.127,23.089,-119.74999666666666,36.81426783333333,145.99492798302785,180.7552435334431,-1.4468331190058334,During Launch
960,2025-03-20 23:35:29,41.291,-0.63648296,-1.231,23.092,-119.74999666666666,36.81426783333333,145.99179748299548,180.71201924694446,-1.478908794155161,During Launch
961,2025-03-20 23:35:29,41.333,0.07874016,-1.113,23.084,-119.74999666666666,36.81426783333333,145.96921190989826,180.63523750321247,-1.4726177824060112,During Launch
962,2025-03-20 23:35:29,41.376,0.82021,1.239,23.092,-119.74999666666666,36.81426783333333,145.9868291969392,180.5932219889797,-1.491357635891054,During Launch
963,2025-03-20 23:35:29,41.419,-0.39370079999999996,-1.768,23.094,-119.74999666666666,36.81426783333333,145.98077837287778,180.58553280384552,-1.480905215071628,During Launch
964,2025-03-20 23:35:29,41.462,0.32152232000000003,0.549,23.092,-119.74999666666666,36.81426783333333,145.93882233277347,180.55233119384658,-1.451807754944092,During Launch
965,2025-03-20 23:35:29,41.505,0.09186352,-1.014,23.092,-119.74999666666666,36.81426783333333,145.9433424118162,180.5386206811462,-1.4495811367249982,During Launch
966,2025-03-20 23:35:29,41.547,-0.75787404,-2.342,23.094,-119.74999666666666,36.81426783333333,145.94951471928505,180.4920772974626,-1.4557976621299527,During Launch
967,2025-03-20 23:35:29,41.59,0.80708664,1.115,23.084,-119.74999666666666,36.81426783333333,145.95819062256734,180.4797731661242,-1.4502952414509278,During Launch
968,2025-03-20 23:35:29,41.632,1.41404204,0.213,23.087,-119.74999666666666,36.81426783333333,145.93078481274645,180.4530518022393,-1.4472122438359045,During Launch
969,2025-03-20 23:35:29,41.675,-0.16076116000000001,-1.322,23.089,-119.74999666666666,36.81426783333333,145.91790610009454,180.41505965835663,-1.4510695123617565,During Launch
970,2025-03-20 23:35:29,41.717,0.56758532,0.104,23.089,-119.74999666666666,36.81426783333333,145.8980798274246,180.37083462565093,-1.502492677081335,During Launch
971,2025-03-20 23:35:29,41.76,0.09186352,0.234,23.092,-119.74999666666666,36.81426783333333,145.89970115270708,180.3036602816486,-1.5135320219406494,During Launch
972,2025-03-20 23:35:29,41.802,1.53543312,0.688,23.084,-119.74999666666666,36.81426783333333,145.92072877684936,180.29168269931768,-1.5234262593767178,During Launch
973,2025-03-20 23:35:29,41.845,1.17125988,0.225,23.084,-119.74999666666666,36.81426783333333,145.94326376963247,180.27720237220956,-1.542874176428,During Launch
974,2025-03-20 23:35:29,41.887,-0.63648296,-0.564,23.094,-119.74999666666666,36.81426783333333,145.98023951205326,180.26487802096523,-1.5260745474068982,During Launch
975,2025-03-20 23:35:29,41.929,0.54790028,-0.451,23.074,-119.74999666666666,36.81426783333333,146.00060180469427,180.24319044313935,-1.5321237611952843,During Launch
976,2025-03-20 23:35:29,41.972,0.56758532,1.353,23.089,-119.75001333333333,36.8142545,145.9823349170172,180.26844492183582,-1.5181584157645633,During Launch
977,2025-03-20 23:35:29,42.014,-0.8891076400000001,-1.802,23.092,-119.75001333333333,36.8142545,145.9777174039113,180.2506823160522,-1.5224001437714991,During Launch
978,2025-03-20 23:35:29,42.057,0.53805776,0.101,23.067,-119.75001333333333,36.8142545,145.97932556044535,180.20271934679226,-1.536865275918886,During Launch
979,2025-03-20 23:35:30,42.099,1.39763784,1.804,23.072,-119.75001333333333,36.8142545,145.98066872794476,180.16267479503605,-1.5219761534631027,During Launch
980,2025-03-20 23:35:30,42.142,0.92847772,1.139,23.089,-119.75001333333333,36.8142545,145.9837316412312,180.14162484944984,-1.5573143068446398,During Launch
981,2025-03-20 23:35:30,42.184,1.38451448,1.668,23.064,-119.75001333333333,36.8142545,145.98490556586017,180.11325587944984,-1.5731395532040493,During Launch
982,2025-03-20 23:35:30,42.227,1.65354336,1.933,23.082,-119.75001333333333,36.8142545,145.95158732495324,180.0574450722402,-1.6128343147313766,During Launch
983,2025-03-20 23:35:30,42.269,1.06299216,1.367,23.094,-119.75001333333333,36.8142545,145.98276067930487,180.04347411548267,-1.6121215867274077,During Launch
984,2025-03-20 23:35:30,42.312,0.54790028,0.781,23.074,-119.75001333333333,36.8142545,145.98532400554066,180.04101562816962,-1.607532757264775,During Launch
985,2025-03-20 23:35:30,42.354,2.46063,2.914,23.049,-119.75001333333333,36.8142545,145.98292757007317,180.0360544044888,-1.5882860738504727,During Launch
986,2025-03-20 23:35:30,42.398,1.06299216,0.924,23.094,-119.75001333333333,36.8142545,145.99717281097654,180.0617303485671,-1.5288760535563366,During Launch
987,2025-03-20 23:35:30,42.44,1.64042,0.771,23.074,-119.75001333333333,36.8142545,145.998244561275,180.09056218229975,-1.5049638500887372,During Launch
988,2025-03-20 23:35:30,42.482,0.21653544,0.574,23.097,-119.75001333333333,36.8142545,146.0181515457365,180.03278593356958,-1.49387105017582,During Launch
989,2025-03-20 23:35:30,42.525,0.82021,0.469,23.092,-119.75001333333333,36.8142545,145.9996768509521,180.0446258832863,-1.4682999758597188,During Launch
990,2025-03-20 23:35:30,42.567,0.6725722,0.547,23.079,-119.75001333333333,36.8142545,145.97933554544704,180.03408118701068,-1.4673216126701938,During Launch
991,2025-03-20 23:35:30,42.61,1.0334646,1.685,23.072,-119.75001333333333,36.8142545,145.98555585195749,180.03321151921367,-1.4708177032587493,During Launch
992,2025-03-20 23:35:30,42.655,0.32152232000000003,-0.456,23.087,-119.75001333333333,36.8142545,145.99350846752574,179.9764360252397,-1.4812301252943867,During Launch
993,2025-03-20 23:35:30,42.697,0.32152232000000003,-1.026,23.087,-119.75001333333333,36.8142545,145.98808977664103,179.927531552858,-1.5063654414413636,During Launch
994,2025-03-20 23:35:30,42.74,0.33464568,0.465,23.094,-119.75001333333333,36.8142545,145.9908501694516,179.89189631142418,-1.5604490618162075,During Launch
995,2025-03-20 23:35:30,42.783,-0.63648296,-1.13,23.094,-119.75001333333333,36.8142545,145.98965716459426,179.8889628317124,-1.5831028846213813,During Launch
996,2025-03-20 23:35:30,42.826,-0.27230972000000003,-0.342,23.092,-119.75001333333333,36.8142545,145.97809620572025,179.86919012619379,-1.6119768216380674,During Launch
997,2025-03-20 23:35:30,42.868,0.09514436,-1.351,23.099,-119.75001333333333,36.8142545,145.96564292944174,179.8392586784815,-1.6148031842045591,During Launch
998,2025-03-20 23:35:30,42.911,0.4429134,-0.683,23.089,-119.75001333333333,36.8142545,145.97415097926458,179.8156846421019,-1.6125809400886455,During Launch
999,2025-03-20 23:35:30,42.954,0.56758532,1.128,23.089,-119.75001333333333,36.8142545,145.97863203234704,179.80451663454056,-1.5913135353605163,During Launch
1000,2025-03-20 23:35:30,42.997,0.09186352,-0.427,23.092,-119.75001766666666,36.81425083333333,145.99641078964862,179.74715751111657,-1.6076711175354994,During Launch
1001,2025-03-20 23:35:30,43.039,1.18438324,0.578,23.084,-119.75001766666666,36.81425083333333,146.00242047938735,179.73776744767093,-1.6126528513276792,During Launch
1002,2025-03-20 23:35:31,43.087,2.5688977200000003,3.223,23.047,-119.75001766666666,36.81425083333333,146.00818613839294,179.75981200472094,-1.5844631796650062,During Launch
1003,2025-03-20 23:35:31,43.131,0.69881892,0.15,23.094,-119.75001766666666,36.81425083333333,146.18669312474276,179.7340707581157,-1.6113502195175022,During Launch
1004,2025-03-20 23:35:31,43.176,1.30577432,-0.085,23.097,-119.75001766666666,36.81425083333333,146.28414308278028,179.70956769657838,-1.6197607799372056,During Launch
1005,2025-03-20 23:35:31,43.219,1.8733596399999999,0.877,23.07,-119.75001766666666,36.81425083333333,146.39972834598143,179.62976630858097,-1.6867284889761538,During Launch
1006,2025-03-20 23:35:31,43.261,1.06299216,-0.299,23.094,-119.75001766666666,36.81425083333333,146.44878898691138,179.47620826130205,-1.9447011857238339,During Launch
1007,2025-03-20 23:35:31,43.304,2.15551188,0.466,23.094,-119.75001766666666,36.81425083333333,146.2784796336771,179.41796998759824,-1.9882846780067631,During Launch
1008,2025-03-20 23:35:31,43.347,0.7808399199999999,-0.262,23.07,-119.75001766666666,36.81425083333333,146.2064390096969,179.39338364091427,-1.9968219065464474,During Launch
1009,2025-03-20 23:35:31,43.389,0.92847772,0.353,23.089,-119.75001766666666,36.81425083333333,146.11920846701958,179.45696134334895,-1.8770490943956526,During Launch
1010,2025-03-20 23:35:31,43.432,0.33464568,-1.972,23.094,-119.75001766666666,36.81425083333333,146.07123807499627,179.47894848293745,-1.8465006064420688,During Launch
1011,2025-03-20 23:35:31,43.475,0.7808399199999999,-0.262,23.07,-119.75001766666666,36.81425083333333,146.04408572183013,179.5097097388711,-1.7422494906229802,During Launch
1012,2025-03-20 23:35:31,43.517,-0.5249344,-2.011,23.089,-119.75001766666666,36.81425083333333,146.03048674514056,179.5654716596456,-1.6698471326889184,During Launch
1013,2025-03-20 23:35:31,43.56,-0.14763779999999999,-0.338,23.097,-119.75001766666666,36.81425083333333,146.01422646247767,179.61490661492795,-1.567869408887739,During Launch
1014,2025-03-20 23:35:31,43.603,2.00459324,1.099,23.089,-119.75001766666666,36.81425083333333,146.02219955122,179.65087221020033,-1.5104257351207304,During Launch
1015,2025-03-20 23:35:31,43.653,0.45603676000000004,-0.199,23.092,-119.75001766666666,36.81425083333333,146.02966447731228,179.63882988272152,-1.4796248758217145,During Launch
1016,2025-03-20 23:35:31,43.696,0.82021,-0.196,23.092,-119.75001766666666,36.81425083333333,146.02391788699146,179.67298219547305,-1.4515193177636045,During Launch
1017,2025-03-20 23:35:31,43.738,0.20341208,-0.109,23.089,-119.75001766666666,36.81425083333333,146.01020004278215,179.68898225959904,-1.437452030009488,During Launch
1018,2025-03-20 23:35:31,43.781,0.69881892,0.348,23.094,-119.75001766666666,36.81425083333333,145.98418263173724,179.6942743270169,-1.4502278721304402,During Launch
1019,2025-03-20 23:35:31,43.823,0.4429134,0.1,23.084,-119.75001766666666,36.81425083333333,146.00263915850164,179.68140730943497,-1.461446319859166,During Launch
1020,2025-03-20 23:35:31,43.865,-0.26902888,0.34,23.099,-119.75001766666666,36.81425083333333,145.95439986014208,179.66655995058036,-1.456913364910038,During Launch
1021,2025-03-20 23:35:31,43.908,0.92847772,1.11,23.089,-119.75001766666666,36.81425083333333,145.9716037442851,179.65809574029313,-1.46113757902713,During Launch
1022,2025-03-20 23:35:31,43.951,1.17125988,0.994,23.084,-119.75001766666666,36.81425083333333,145.98676278031886,179.6212936820573,-1.4965395032037478,During Launch
1023,2025-03-20 23:35:31,43.993,1.06299216,0.573,23.094,-119.75001966666666,36.81424916666667,146.01680157676753,179.60865718065364,-1.500883196772083,During Launch
1024,2025-03-20 23:35:31,44.036,0.20341208,-0.337,23.089,-119.75001966666666,36.81424916666667,146.03480444219466,179.56026231879005,-1.5006595664223894,During Launch
1025,2025-03-20 23:35:32,44.078,1.28937012,1.108,23.082,-119.75001966666666,36.81424916666667,146.0452822765884,179.53046106280968,-1.5140881334447231,During Launch
1026,2025-03-20 23:35:32,44.121,0.69881892,-0.449,23.094,-119.75001966666666,36.81424916666667,146.01232193357845,179.51597149603646,-1.4845005776154325,During Launch
1027,2025-03-20 23:35:32,44.163,1.18438324,-1.287,23.092,-119.75001966666666,36.81424916666667,146.0357436210076,179.50705938359098,-1.481763689739537,During Launch
1028,2025-03-20 23:35:32,44.214,0.82021,0.112,23.092,-119.75001966666666,36.81424916666667,146.0280503863142,179.50195450152282,-1.4874854575482368,During Launch
1029,2025-03-20 23:35:32,44.258,2.26049876,0.882,23.084,-119.75001966666666,36.81424916666667,146.01930156893104,179.5057519536624,-1.477478972860828,During Launch
1030,2025-03-20 23:35:32,44.3,0.92847772,-0.874,23.077,-119.75001966666666,36.81424916666667,146.0079941451576,179.49699068432386,-1.4902670206157511,During Launch
1031,2025-03-20 23:35:32,44.343,-0.75131236,-1.677,23.102,-119.75001966666666,36.81424916666667,146.04771061557938,179.47304021494338,-1.4849545736805154,During Launch
1032,2025-03-20 23:35:32,44.386,0.45931760000000005,-1.568,23.099,-119.75001966666666,36.81424916666667,146.0582274186092,179.46579296491564,-1.4939384568597378,During Launch
1033,2025-03-20 23:35:32,44.428,-0.14763779999999999,-0.859,23.097,-119.75001966666666,36.81424916666667,146.0347426094962,179.4806166187626,-1.4710563605297402,During Launch
1034,2025-03-20 23:35:32,44.47,0.69881892,-0.212,23.094,-119.75001966666666,36.81424916666667,146.04525105868396,179.46867333718612,-1.4919952950735633,During Launch
1035,2025-03-20 23:35:32,44.513,-0.51181104,-0.783,23.097,-119.75001966666666,36.81424916666667,146.05287113473995,179.43279176314587,-1.4937115474255016,During Launch
1036,2025-03-20 23:35:32,44.555,0.21653544,-0.523,23.097,-119.75001966666666,36.81424916666667,146.04131512517736,179.44316746718795,-1.4930795476562548,During Launch
1037,2025-03-20 23:35:32,44.598,0.70209976,1.135,23.102,-119.75001966666666,36.81424916666667,146.04509246590305,179.44767907964103,-1.4913708900425267,During Launch
1038,2025-03-20 23:35:32,44.64,2.2736221199999997,2.242,23.092,-119.75001966666666,36.81424916666667,146.04873524617722,179.45699015455375,-1.4993930010166732,During Launch
1039,2025-03-20 23:35:32,44.683,0.45603676000000004,-1.434,23.092,-119.75001966666666,36.81424916666667,146.05109230042757,179.44998387962622,-1.483416323353993,During Launch
1040,2025-03-20 23:35:32,44.725,2.00459324,1.445,23.097,-119.75001966666666,36.81424916666667,146.0453408757166,179.43705082384335,-1.4940646916698135,During Launch
1041,2025-03-20 23:35:32,44.767,-0.51181104,-1.244,23.097,-119.75001966666666,36.81424916666667,146.04230696578045,179.44033953245147,-1.5150649296407557,During Launch
1042,2025-03-20 23:35:32,44.81,2.02099744,1.696,23.089,-119.75001966666666,36.81424916666667,146.02033861414984,179.41607862015624,-1.524932618992974,During Launch
1043,2025-03-20 23:35:32,44.852,1.52230976,0.769,23.094,-119.75001966666666,36.81424916666667,146.0060442838469,179.40751153882073,-1.5396989670563601,During Launch
1044,2025-03-20 23:35:32,44.895,0.45931760000000005,0.015,23.099,-119.75001966666666,36.81424916666667,146.01047001742276,179.37582273152714,-1.5832049053348625,During Launch
1045,2025-03-20 23:35:32,44.946,0.33464568,0.558,23.094,-119.75001966666666,36.81424916666667,146.02725340996358,179.35582643691478,-1.599850976479393,During Launch
1046,2025-03-20 23:35:32,44.988,-0.029527559999999998,-0.887,23.094,-119.75001683333333,36.814249833333335,146.03313657861565,179.33801421445602,-1.5662946160919664,During Launch
1047,2025-03-20 23:35:32,45.032,1.40091868,0.212,23.079,-119.75001683333333,36.814249833333335,146.0528069979888,179.33458081619168,-1.5497201938916438,During Launch
1048,2025-03-20 23:35:33,45.074,0.69881892,-0.337,23.094,-119.75001683333333,36.814249833333335,146.03388493696912,179.30298850483913,-1.567740268411036,During Launch
1049,2025-03-20 23:35:33,45.117,0.21653544,0.012,23.097,-119.75001683333333,36.814249833333335,146.05815669375482,179.32041521659607,-1.5673239843263338,During Launch
1050,2025-03-20 23:35:33,45.16,1.40091868,0.103,23.079,-119.75001683333333,36.814249833333335,146.05340799013499,179.33908319687453,-1.5274949973221559,During Launch
1051,2025-03-20 23:35:33,45.202,1.0498688,0.325,23.087,-119.75001683333333,36.814249833333335,146.03785791406747,179.33965251258414,-1.5330951500528711,During Launch
1052,2025-03-20 23:35:33,45.244,-0.029527559999999998,-1.123,23.094,-119.75001683333333,36.814249833333335,146.03391212574596,179.3431675824585,-1.5365980828107308,During Launch
1053,2025-03-20 23:35:33,45.287,0.33464568,-0.453,23.077,-119.75001683333333,36.814249833333335,146.01800037812296,179.33148708526954,-1.5243187151075783,During Launch
1054,2025-03-20 23:35:33,45.329,0.56758532,-1.581,23.089,-119.75001683333333,36.814249833333335,146.04103478379463,179.31218631809972,-1.5235548278922777,During Launch
1055,2025-03-20 23:35:33,45.372,0.21653544,-0.664,23.097,-119.75001683333333,36.814249833333335,146.04740069767902,179.31044585077962,-1.5347925912101443,During Launch
1056,2025-03-20 23:35:33,45.415,0.56758532,1.23,23.089,-119.75001683333333,36.814249833333335,146.0441254275838,179.2926517169419,-1.5260460292583338,During Launch
1057,2025-03-20 23:35:33,45.457,1.30577432,0.79,23.097,-119.75001683333333,36.814249833333335,146.0340544148136,179.28410788781133,-1.5387274360753216,During Launch
1058,2025-03-20 23:35:33,45.5,0.58070868,0.679,23.097,-119.75001683333333,36.814249833333335,146.06218730246772,179.24835464826452,-1.5547433169092113,During Launch
1059,2025-03-20 23:35:33,45.543,0.21653544,-0.449,23.097,-119.75001683333333,36.814249833333335,146.0563388045607,179.25417642258031,-1.5661195098912308,During Launch
1060,2025-03-20 23:35:33,45.585,2.02099744,2.363,23.089,-119.75001683333333,36.814249833333335,146.08780978848853,179.24054980833503,-1.5528340756053423,During Launch
1061,2025-03-20 23:35:33,45.627,0.09514436,-0.113,23.099,-119.75001683333333,36.814249833333335,146.09240859915286,179.24892624655917,-1.5442021056644637,During Launch
1062,2025-03-20 23:35:33,45.67,-0.51181104,-1.132,23.097,-119.75001683333333,36.814249833333335,146.10783946950755,179.25876645604765,-1.5255713256626682,During Launch
1063,2025-03-20 23:35:33,45.712,1.18766408,-1.013,23.099,-119.75001683333333,36.814249833333335,146.09892646430856,179.25816855343712,-1.5400617738385718,During Launch
1064,2025-03-20 23:35:33,45.755,0.58070868,0.116,23.097,-119.75001683333333,36.814249833333335,146.06105516059822,179.24113897907407,-1.557728348017393,During Launch
1065,2025-03-20 23:35:33,45.797,1.18438324,-0.765,23.092,-119.75001683333333,36.814249833333335,146.059345861384,179.2426376832952,-1.57662580117657,During Launch
1066,2025-03-20 23:35:33,45.84,0.9416010799999999,1.355,23.097,-119.75001683333333,36.814249833333335,146.0528176731813,179.1921315293968,-1.6061003089615948,During Launch
1067,2025-03-20 23:35:33,45.883,-0.8759842800000001,-2.7,23.097,-119.75001683333333,36.814249833333335,146.05164217141825,179.16522004166657,-1.6225113498935986,During Launch
1068,2025-03-20 23:35:33,45.925,1.18766408,-0.312,23.099,-119.75001683333333,36.814249833333335,146.0601114391837,179.1486580582586,-1.6416467743412182,During Launch
1069,2025-03-20 23:35:33,45.967,1.18766408,0.679,23.099,-119.75001466666667,36.814250333333334,146.08043060541792,179.15051680711397,-1.634176406086306,During Launch
1070,2025-03-20 23:35:33,46.011,0.9416010799999999,0.57,23.097,-119.75001466666667,36.814250333333334,146.06960018530438,179.1455013005242,-1.65372359874907,During Launch
1071,2025-03-20 23:35:33,46.053,2.51968512,2.394,23.094,-119.75001466666667,36.814250333333334,146.08074617520748,179.15392053088433,-1.658283077501766,During Launch
1072,2025-03-20 23:35:34,46.095,1.30577432,-0.09,23.097,-119.75001466666667,36.814250333333334,146.09861429103566,179.10766472631826,-1.6653493461150257,During Launch
1073,2025-03-20 23:35:34,46.138,0.70209976,0.003,23.102,-119.75001466666667,36.814250333333334,146.0554252781956,179.09943908461597,-1.652028556628853,During Launch
1074,2025-03-20 23:35:34,46.18,1.30577432,1.025,23.097,-119.75001466666667,36.814250333333334,146.040964021106,179.1137185133091,-1.6412523379727157,During Launch
1075,2025-03-20 23:35:34,46.223,0.9416010799999999,-0.432,23.099,-119.75001466666667,36.814250333333334,146.0254016157857,179.133256489563,-1.642450506380842,During Launch
1076,2025-03-20 23:35:34,46.265,0.21653544,-0.784,23.097,-119.75001466666667,36.814250333333334,146.01692598306107,179.15261437429587,-1.5842878857418494,During Launch
1077,2025-03-20 23:35:34,46.307,0.33464568,0.343,23.094,-119.75001466666667,36.814250333333334,146.01885202715343,179.19069409485107,-1.5540632267322676,During Launch
1078,2025-03-20 23:35:34,46.35,-0.029527559999999998,-0.343,23.094,-119.75001466666667,36.814250333333334,146.00941956347,179.1826278622124,-1.540119870576619,During Launch
1079,2025-03-20 23:35:34,46.392,1.06299216,0.466,23.094,-119.75001466666667,36.814250333333334,145.99109545573393,179.22531420158595,-1.541197365260614,During Launch
1080,2025-03-20 23:35:34,46.44,0.45931760000000005,0.227,23.099,-119.75001466666667,36.814250333333334,145.95479175827515,179.20982100442478,-1.5195136940528355,During Launch
1081,2025-03-20 23:35:34,46.487,0.45931760000000005,-0.101,23.099,-119.75001466666667,36.814250333333334,145.99614244229323,179.21366237930332,-1.5145266423525454,During Launch
1082,2025-03-20 23:35:34,46.529,1.4271654,0.113,23.094,-119.75001466666667,36.814250333333334,146.0132414772667,179.22815166329977,-1.515027716434952,During Launch
1083,2025-03-20 23:35:34,46.572,0.21653544,-0.34,23.097,-119.75001466666667,36.814250333333334,146.0123049123866,179.2156450869572,-1.5080221326102399,During Launch
1084,2025-03-20 23:35:34,46.614,-0.14763779999999999,-0.34,23.097,-119.75001466666667,36.814250333333334,146.01222046033126,179.2006623490994,-1.4949094423395264,During Launch
1085,2025-03-20 23:35:34,46.657,-0.40682416,-2.265,23.042,-119.75001466666667,36.814250333333334,146.01444950617667,179.1840275449812,-1.50357275142024,During Launch
1086,2025-03-20 23:35:34,46.7,0.58070868,0.453,23.097,-119.75001466666667,36.814250333333334,146.0262791530871,179.15776095161638,-1.5001627220756049,During Launch
1087,2025-03-20 23:35:34,46.742,1.06299216,1.469,23.094,-119.75001466666667,36.814250333333334,146.02944691884238,179.1635134629514,-1.5301859960212525,During Launch
1088,2025-03-20 23:35:34,46.784,0.21653544,-0.906,23.094,-119.75001466666667,36.814250333333334,146.04862467656773,179.15549123479178,-1.5297528601975032,During Launch
1089,2025-03-20 23:35:34,46.827,0.09186352,-0.456,23.092,-119.75001466666667,36.814250333333334,146.05791816865855,179.1554036591124,-1.5431552052362476,After Launch
1090,2025-03-20 23:36:56,128.829,3.1660106,0.024,23.212,-119.7499365,36.8143455,3.3722899382456006,0.698509276767857,-12.13106648233547,After Launch
1091,2025-03-20 23:38:11,204.045,2.84776912,0.012,23.68,-119.74989716666667,36.81432183333333,27.610365970700407,-22.803584567239024,38.44089550327353,After Launch
1092,2025-03-20 23:39:31,283.373,4.48818912,0.023,23.985,-119.74991966666667,36.8142735,19.01629227613142,-3.112358826453884,9.009514196054006,After Launch
