n,Datetime (UTC),Timestamp (s),Altitude (ft),Velocity (ft/s),Temperature (C),Longitude,Latitude,Roll (°),Pitch (°),Flag
0,2025-03-19 23:29:17,0.403,0.48884516,,22.117,-1,-1,0.0,0.0,Before Launch
1,2025-03-19 23:29:17,0.426,-0.9612861199999999,,22.112,-1,-1,0.0,0.0,Before Launch
2,2025-03-19 23:29:17,0.449,-1.20078744,,22.117,-1,-1,0.0,0.0,Before Launch
3,2025-03-19 23:29:17,0.472,-0.11482940000000001,,22.114,-1,-1,0.0,0.0,Before Launch
4,2025-03-19 23:29:17,0.495,-0.35433072,,22.122,-1,-1,0.0,0.0,Before Launch
5,2025-03-19 23:29:18,0.918,0.12467191999999999,,22.112,-1,-1,0.0,0.0,Before Launch
6,2025-03-19 23:29:18,0.94,-0.35761156,,22.114,-1,-1,0.0,0.0,Before Launch
7,2025-03-19 23:29:18,0.963,0.72834648,,22.114,-1,-1,0.0,0.0,Before Launch
8,2025-03-19 23:29:18,0.986,-0.4757218,,22.117,-1,-1,0.0,0.0,Before Launch
9,2025-03-19 23:29:18,1.014,0.00656168,,22.119,-1,-1,15.517526853309192,-18.879834164173815,Before Launch
10,2025-03-19 23:29:18,1.442,-0.4757218,,22.117,-1,-1,2.0909549441187023,-7.50048011928729,Before Launch
11,2025-03-19 23:29:18,1.468,0.12467191999999999,,22.119,-1,-1,1.5613004335947929,-7.030967118333689,Before Launch
12,2025-03-19 23:29:18,1.49,-0.59711288,,22.119,-1,-1,1.5613004335947929,-7.030967118333689,Before Launch
13,2025-03-19 23:29:18,1.513,-1.19094492,,22.124,-1,-1,1.189706021609653,-6.742893255624023,Before Launch
14,2025-03-19 23:29:18,1.535,0.00656168,,22.124,-1,-1,0.9510772215373613,-6.515189926865347,Before Launch
15,2025-03-19 23:29:19,1.971,-1.19094492,,22.124,-1,-1,0.4439474780388143,-6.116570104780763,Before Launch
16,2025-03-19 23:29:19,1.997,-0.23622047999999998,,22.119,-1,-1,0.437810314177295,-6.090200554836293,Before Launch
17,2025-03-19 23:29:19,2.02,-0.7185039599999999,,22.114,-1,-1,0.437810314177295,-6.090200554836293,Before Launch
18,2025-03-19 23:29:19,2.043,-0.59711288,,22.119,-1,-1,0.4033072720757675,-6.099618480272396,Before Launch
19,2025-03-19 23:29:19,2.065,0.00656168,,22.122,-1,-1,0.4195392455023933,-6.075861464797802,Before Launch
20,2025-03-19 23:29:19,2.502,0.25918636,,22.124,-1,-1,0.36298950177557554,-6.049018669107756,Before Launch
21,2025-03-19 23:29:19,2.529,-1.5616798399999998,,22.117,-1,-1,0.3492448795896896,-6.0605482891561495,Before Launch
22,2025-03-19 23:29:19,2.551,-0.23622047999999998,,22.119,-1,-1,0.3492448795896896,-6.0605482891561495,Before Launch
23,2025-03-19 23:29:19,2.573,-1.20078744,,22.117,-1,-1,0.34996369043638187,-6.046888145156969,Before Launch
24,2025-03-19 23:29:19,2.596,-0.59711288,,22.119,-1,-1,0.34996369043638187,-6.046888145156969,Before Launch
25,2025-03-19 23:29:20,3.024,-0.7185039599999999,,22.119,-1,-1,0.35223936918417736,-6.028141929167662,Before Launch
26,2025-03-19 23:29:20,3.046,0.12795276,,22.119,-1,-1,0.35223936918417736,-6.028141929167662,Before Launch
27,2025-03-19 23:29:20,3.069,-0.71522312,,22.122,-1,-1,0.3756557236238116,-6.013037783902285,Before Launch
28,2025-03-19 23:29:20,3.092,-0.58727036,,22.112,-1,-1,0.3937158513655386,-6.002845430759532,Before Launch
29,2025-03-19 23:29:20,3.122,-0.71522312,,22.122,-1,-1,0.3937158513655386,-6.002845430759532,Before Launch
30,2025-03-19 23:29:20,3.546,0.97112864,,22.107,-1,-1,0.3727538253391335,-6.037368634970216,Before Launch
31,2025-03-19 23:29:20,3.576,0.61023624,,22.117,-1,-1,0.3727538253391335,-6.037368634970216,Before Launch
32,2025-03-19 23:29:20,3.598,0.48884516,,22.119,-1,-1,0.3874198838890403,-6.0624730779162,Before Launch
33,2025-03-19 23:29:20,3.621,-0.9612861199999999,,22.112,-1,-1,0.3687274782133085,-6.03821414825359,Before Launch
34,2025-03-19 23:29:20,3.652,-0.59711288,,22.119,-1,-1,0.3687274782133085,-6.03821414825359,Before Launch
35,2025-03-19 23:29:21,4.075,-0.59711288,,22.119,-1,-1,0.35725232273815316,-6.011047285609415,Before Launch
36,2025-03-19 23:29:21,4.097,-0.46587927999999995,,22.119,-1,-1,0.35727654732148856,-5.9595443154943535,Before Launch
37,2025-03-19 23:29:21,4.124,-0.83989504,,22.117,-1,-1,0.34473249639460624,-5.9872461431967885,Before Launch
38,2025-03-19 23:29:21,4.146,-0.71522312,,22.122,-1,-1,0.34473249639460624,-5.9872461431967885,Before Launch
39,2025-03-19 23:29:21,4.169,0.97112864,,22.117,-1,-1,0.36288544860752875,-5.989268931656881,Before Launch
40,2025-03-19 23:29:21,4.592,-1.19094492,,22.124,-1,-1,0.351043720909726,-5.944841380479047,Before Launch
41,2025-03-19 23:29:21,4.615,-1.20078744,,22.117,-1,-1,0.3571871737911011,-5.973626272650419,Before Launch
42,2025-03-19 23:29:21,4.637,-0.35761156,,22.114,-1,-1,0.3571871737911011,-5.973626272650419,Before Launch
43,2025-03-19 23:29:21,4.66,0.00656168,,22.114,-1,-1,0.3523314334124729,-5.9845483404144355,Before Launch
44,2025-03-19 23:29:21,4.682,-1.07939636,,22.104,-1,-1,0.35816356409512934,-5.977690770748651,Before Launch
45,2025-03-19 23:29:22,5.119,-1.20078744,,22.117,-1,-1,0.36657476675450806,-6.0037460951556465,Before Launch
46,2025-03-19 23:29:22,5.145,-1.31889768,,22.119,-1,-1,0.37811889421909906,-6.02987629109911,Before Launch
47,2025-03-19 23:29:22,5.169,-0.11482940000000001,,22.117,-1,-1,0.37811889421909906,-6.02987629109911,Before Launch
48,2025-03-19 23:29:22,5.192,-1.20078744,,22.117,-1,-1,0.4136689369248925,-6.024085088239331,Before Launch
49,2025-03-19 23:29:22,5.22,-0.95800528,,22.119,-1,-1,0.39335446326608053,-6.0111149307349345,Before Launch
50,2025-03-19 23:29:22,5.649,-0.10498688,-0.113,22.124,-1,-1,0.3402136502965814,-6.012022786065002,Before Launch
51,2025-03-19 23:29:22,5.675,-1.31889768,-0.068,22.119,-1,-1,0.3102029216516694,-5.997443874973665,Before Launch
52,2025-03-19 23:29:22,5.698,-0.59711288,0.115,22.119,-1,-1,0.3102029216516694,-5.997443874973665,Before Launch
53,2025-03-19 23:29:22,5.721,0.48884516,0.115,22.119,-1,-1,0.3241598151620415,-6.001488322554986,Before Launch
54,2025-03-19 23:29:22,5.744,-1.5616798399999998,-0.23,22.122,-1,-1,0.3522064350351736,-5.988233153170103,Before Launch
55,2025-03-19 23:29:23,6.181,-1.80118116,-0.366,22.122,-1,-1,0.3910374113561031,-5.980395665182296,Before Launch
56,2025-03-19 23:29:23,6.208,-1.43044624,-0.204,22.129,-1,-1,0.3809343320047561,-5.988449356079911,Before Launch
57,2025-03-19 23:29:23,6.232,-0.59711288,-0.252,22.119,-1,-1,0.3809343320047561,-5.988449356079911,Before Launch
58,2025-03-19 23:29:23,6.256,-0.82677168,-0.067,22.124,-1,-1,0.39991915291144636,-6.05103575651972,Before Launch
59,2025-03-19 23:29:23,6.286,-1.20078744,-0.229,22.117,-1,-1,0.37084882145613074,-6.016809415180079,Before Launch
60,2025-03-19 23:29:23,6.714,-1.44028876,-0.183,22.122,-1,-1,0.34940103078556295,-6.030914774297761,Before Launch
61,2025-03-19 23:29:23,6.741,-0.35433072,-0.091,22.122,-1,-1,0.3738614042936105,-5.999856976897253,Before Launch
62,2025-03-19 23:29:23,6.763,-0.71522312,-0.022,22.122,-1,-1,0.3738614042936105,-5.999856976897253,Before Launch
63,2025-03-19 23:29:23,6.786,0.25918636,0.275,22.122,-1,-1,0.3676781042115924,-5.992056580910933,Before Launch
64,2025-03-19 23:29:24,6.809,-0.58727036,-0.113,22.122,-1,-1,0.39260490076776217,-5.999459220190102,Before Launch
65,2025-03-19 23:29:24,7.245,-1.30905516,-0.022,22.127,-1,-1,0.3251921752014083,-5.948258348930992,Before Launch
66,2025-03-19 23:29:24,7.273,-1.07939636,-0.16,22.122,-1,-1,0.3238870305728402,-5.965283834163535,Before Launch
67,2025-03-19 23:29:24,7.295,-0.71522312,0.001,22.122,-1,-1,0.3238870305728402,-5.965283834163535,Before Launch
68,2025-03-19 23:29:24,7.318,-1.20078744,-0.114,22.117,-1,-1,0.35023150219458893,-5.950931697355881,Before Launch
69,2025-03-19 23:29:24,7.341,-0.9481627599999999,-0.181,22.117,-1,-1,0.3523434020439224,-5.955899885857746,Before Launch
70,2025-03-19 23:29:24,7.778,-1.68307092,-0.368,22.119,-1,-1,0.4298869065576287,-5.936315808600877,Before Launch
71,2025-03-19 23:29:24,7.805,-1.55183732,0.002,22.124,-1,-1,0.4336090411129721,-5.9252165318691254,Before Launch
72,2025-03-19 23:29:25,7.827,-1.44028876,-0.228,22.122,-1,-1,0.4336090411129721,-5.9252165318691254,Before Launch
73,2025-03-19 23:29:25,7.85,0.00656168,0.229,22.122,-1,-1,0.4307238682374502,-5.96542836628256,Before Launch
74,2025-03-19 23:29:25,7.874,-0.59711288,0.0,22.112,-1,-1,0.4375659912924359,-5.979066801117111,Before Launch
75,2025-03-19 23:29:25,8.31,0.36745408,0.205,22.122,-1,-1,0.3473565584334332,-6.035185973667607,Before Launch
76,2025-03-19 23:29:25,8.336,-0.46587927999999995,-0.112,22.124,-1,-1,0.32478583828042656,-6.026420406693444,Before Launch
77,2025-03-19 23:29:25,8.361,-0.11482940000000001,0.113,22.117,-1,-1,0.32478583828042656,-6.026420406693444,Before Launch
78,2025-03-19 23:29:25,8.385,-0.22309712,0.069,22.127,-1,-1,0.345357323342277,-6.018758834288349,Before Launch
79,2025-03-19 23:29:25,8.412,0.84973756,0.296,22.119,-1,-1,0.3519678995535958,-5.990292422538548,Before Launch
80,2025-03-19 23:29:26,8.839,-0.46587927999999995,-0.271,22.124,-1,-1,0.3551706787095134,-5.981511344278652,Before Launch
81,2025-03-19 23:29:26,8.865,-1.07939636,-0.319,22.122,-1,-1,0.356038981352827,-5.963978090346387,Before Launch
82,2025-03-19 23:29:26,8.887,-1.55183732,-0.386,22.122,-1,-1,0.356038981352827,-5.963978090346387,Before Launch
83,2025-03-19 23:29:26,8.91,-1.68307092,-0.136,22.119,-1,-1,0.36064307696308534,-5.97004598184997,Before Launch
84,2025-03-19 23:29:26,8.933,-0.71522312,-0.022,22.122,-1,-1,0.3205266993570439,-5.991945454440409,Before Launch
85,2025-03-19 23:29:26,9.369,-0.82677168,-0.043,22.124,-1,-1,0.3496705510255189,-5.927124822775211,Before Launch
86,2025-03-19 23:29:26,9.394,0.00656168,0.089,22.122,-1,-1,0.3861560556472648,-5.94872542240131,Before Launch
87,2025-03-19 23:29:26,9.417,-0.82677168,0.002,22.124,-1,-1,0.3861560556472648,-5.94872542240131,Before Launch
88,2025-03-19 23:29:26,9.439,0.25918636,0.184,22.124,-1,-1,0.35468287222540423,-5.9495024796626375,Before Launch
89,2025-03-19 23:29:26,9.469,0.00656168,-0.182,22.122,-1,-1,0.35478753307250366,-5.943284035022285,Before Launch
90,2025-03-19 23:29:27,9.898,0.00656168,0.226,22.122,-1,-1,0.3257540945783216,-6.077684668212023,Before Launch
91,2025-03-19 23:29:27,9.924,0.48884516,0.318,22.119,-1,-1,0.3321076763989626,-6.059187347108918,Before Launch
92,2025-03-19 23:29:27,9.946,-0.59711288,-0.045,22.119,-1,-1,0.3321076763989626,-6.059187347108918,Before Launch
93,2025-03-19 23:29:27,9.969,-0.11482940000000001,-0.023,22.117,-1,-1,0.34768891160894444,-6.021335997436839,Before Launch
94,2025-03-19 23:29:27,9.991,-0.71522312,0.069,22.117,-1,-1,0.34451186055599603,-6.046432400042311,Before Launch
95,2025-03-19 23:29:27,10.427,-0.35433072,0.159,22.122,-1,-1,0.3480621325556722,-5.931234084258393,Before Launch
96,2025-03-19 23:29:27,10.453,-0.11482940000000001,0.227,22.117,-1,-1,0.3611318164745553,-5.942977556267221,Before Launch
97,2025-03-19 23:29:27,10.477,0.61023624,0.137,22.117,-1,-1,0.3611318164745553,-5.942977556267221,Before Launch
98,2025-03-19 23:29:27,10.5,-0.71522312,0.091,22.122,-1,-1,0.3610958967053731,-5.975823806214989,Before Launch
99,2025-03-19 23:29:27,10.528,-0.82677168,0.025,22.124,-1,-1,0.3511826202458587,-6.004291159980134,Before Launch
100,2025-03-19 23:29:28,10.956,-1.5616798399999998,-0.274,22.117,-1,-1,0.38503254155303357,-5.965184550461063,Before Launch
101,2025-03-19 23:29:28,10.982,-0.59711288,0.136,22.119,-1,-1,0.3765739254164938,-5.982029575613641,Before Launch
102,2025-03-19 23:29:28,11.004,0.49868767999999997,0.207,22.127,-1,-1,0.3765739254164938,-5.982029575613641,Before Launch
103,2025-03-19 23:29:28,11.027,0.00656168,-0.091,22.122,-1,-1,0.3904219154595603,-5.96837339015438,Before Launch
104,2025-03-19 23:29:28,11.056,-0.71522312,0.159,22.122,-1,-1,0.3769354045451706,-5.9511844703710866,Before Launch
105,2025-03-19 23:29:28,11.485,-0.71522312,0.205,22.122,-1,-1,0.32052460437079633,-6.000721543872505,Before Launch
106,2025-03-19 23:29:28,11.511,-1.07939636,0.066,22.114,-1,-1,0.3553449781964082,-6.008920733996611,Before Launch
107,2025-03-19 23:29:28,11.533,-1.19094492,-0.112,22.124,-1,-1,0.3553449781964082,-6.008920733996611,Before Launch
108,2025-03-19 23:29:28,11.556,0.12467191999999999,0.18,22.112,-1,-1,0.3712135956022517,-6.033465186442795,Before Launch
109,2025-03-19 23:29:28,11.578,-1.5616798399999998,-0.068,22.119,-1,-1,0.38539772156453117,-6.078870906907224,Before Launch
110,2025-03-19 23:29:29,12.015,-0.23622047999999998,0.227,22.119,-1,-1,0.38470177016103835,-6.057959401676333,Before Launch
111,2025-03-19 23:29:29,12.041,-0.83989504,-0.092,22.117,-1,-1,0.3910998959841624,-6.063132014771191,Before Launch
112,2025-03-19 23:29:29,12.063,-0.23622047999999998,0.09,22.119,-1,-1,0.3910998959841624,-6.063132014771191,Before Launch
113,2025-03-19 23:29:29,12.086,0.00656168,-0.048,22.114,-1,-1,0.40576720011371226,-6.071442738399627,Before Launch
114,2025-03-19 23:29:29,12.109,-0.95800528,-0.07,22.119,-1,-1,0.40576720011371226,-6.071442738399627,Before Launch
115,2025-03-19 23:29:29,12.548,0.12795276,0.271,22.119,-1,-1,0.40482861241725965,-5.947233603511033,Before Launch
116,2025-03-19 23:29:29,12.575,-0.11482940000000001,0.182,22.119,-1,-1,0.3864809235034467,-5.91922197455928,Before Launch
117,2025-03-19 23:29:29,12.597,0.25918636,0.184,22.124,-1,-1,0.3864809235034467,-5.91922197455928,Before Launch
118,2025-03-19 23:29:29,12.619,0.48884516,0.319,22.119,-1,-1,0.4070327732639576,-5.925962514073185,Before Launch
119,2025-03-19 23:29:29,12.642,-2.04396332,-0.207,22.119,-1,-1,0.4070327732639576,-5.925962514073185,Before Launch
120,2025-03-19 23:29:30,13.067,-0.48556432,0.226,22.112,-1,-1,0.2660718437228094,-5.9263210353513225,Before Launch
121,2025-03-19 23:29:30,13.09,0.00656168,0.295,22.122,-1,-1,0.2660718437228094,-5.9263210353513225,Before Launch
122,2025-03-19 23:29:30,13.112,-0.95800528,0.091,22.119,-1,-1,0.27577763346559314,-5.908249192748994,Before Launch
123,2025-03-19 23:29:30,13.135,-0.10498688,-0.021,22.117,-1,-1,0.3105513272108994,-5.922122915992328,Before Launch
124,2025-03-19 23:29:30,13.167,-1.31889768,-0.136,22.119,-1,-1,0.3105513272108994,-5.922122915992328,Before Launch
125,2025-03-19 23:29:30,13.59,-0.95800528,-0.251,22.119,-1,-1,0.37972660297638977,-5.924071517968555,Before Launch
126,2025-03-19 23:29:30,13.62,-1.4435696,-0.185,22.114,-1,-1,0.37972660297638977,-5.924071517968555,Before Launch
127,2025-03-19 23:29:30,13.642,-0.4757218,-0.068,22.117,-1,-1,0.37123752151351097,-5.896885772168213,Before Launch
128,2025-03-19 23:29:30,13.665,-0.23622047999999998,-0.002,22.127,-1,-1,0.4071947479059373,-5.932726901953603,Before Launch
129,2025-03-19 23:29:30,13.696,-0.83989504,-0.32,22.117,-1,-1,0.4071947479059373,-5.932726901953603,Before Launch
130,2025-03-19 23:29:31,14.119,-0.23622047999999998,0.043,22.117,-1,-1,0.4382323033726135,-5.963400369366983,Before Launch
131,2025-03-19 23:29:31,14.149,-0.46587927999999995,0.116,22.124,-1,-1,0.4382323033726135,-5.963400369366983,Before Launch
132,2025-03-19 23:29:31,14.172,-0.82677168,0.137,22.124,-1,-1,0.45193821574967563,-5.972780217439623,Before Launch
133,2025-03-19 23:29:31,14.195,-0.35433072,0.251,22.109,-1,-1,0.4393902958262025,-5.974204054140505,Before Launch
134,2025-03-19 23:29:31,14.225,-1.91272972,-0.226,22.124,-1,-1,0.4393902958262025,-5.974204054140505,Before Launch
135,2025-03-19 23:29:31,14.649,0.12467191999999999,0.18,22.109,-1,-1,0.3864057293858108,-5.986065609127615,Before Launch
136,2025-03-19 23:29:31,14.679,-0.35433072,-0.068,22.122,-1,-1,0.3864057293858108,-5.986065609127615,Before Launch
137,2025-03-19 23:29:31,14.701,0.72834648,0.294,22.114,-1,-1,0.3830107925601549,-6.016703303371341,Before Launch
138,2025-03-19 23:29:31,14.724,-1.07939636,-0.253,22.114,-1,-1,0.3830107925601549,-6.016703303371341,Before Launch
139,2025-03-19 23:29:31,14.754,-1.31889768,-0.251,22.119,-1,-1,0.38611262696390736,-6.003166062091573,Before Launch
140,2025-03-19 23:29:32,15.186,-0.35761156,-0.069,22.114,-1,-1,0.35159231450639594,-5.954377818069985,Before Launch
141,2025-03-19 23:29:32,15.209,-0.71522312,-0.228,22.122,-1,-1,0.35159231450639594,-5.954377818069985,Before Launch
142,2025-03-19 23:29:32,15.232,-0.59711288,0.0,22.112,-1,-1,0.3470537425351288,-5.920571002481449,Before Launch
143,2025-03-19 23:29:32,15.254,0.72834648,0.16,22.112,-1,-1,0.3494053140348453,-5.939397410858249,Before Launch
144,2025-03-19 23:29:32,15.285,-0.71522312,0.0,22.119,-1,-1,0.3494053140348453,-5.939397410858249,Before Launch
145,2025-03-19 23:29:32,15.715,0.59711288,0.18,22.109,-1,-1,0.34145929561294097,-6.017755468003126,Before Launch
146,2025-03-19 23:29:32,15.738,0.12467191999999999,0.045,22.119,-1,-1,0.34145929561294097,-6.017755468003126,Before Launch
147,2025-03-19 23:29:32,15.761,0.24606299999999998,-0.069,22.117,-1,-1,0.3613258736864955,-6.0216358145237185,Before Launch
148,2025-03-19 23:29:32,15.783,-0.46587927999999995,0.047,22.119,-1,-1,0.4107385759806811,-6.038054241910524,Before Launch
149,2025-03-19 23:29:33,15.813,-0.23622047999999998,0.112,22.119,-1,-1,0.4107385759806811,-6.038054241910524,Before Launch
150,2025-03-19 23:29:33,16.239,-0.23622047999999998,0.251,22.119,-1,-1,0.3747997826629737,-6.05366937311958,Before Launch
151,2025-03-19 23:29:33,16.271,-0.4757218,0.023,22.117,-1,-1,0.3747997826629737,-6.05366937311958,Before Launch
152,2025-03-19 23:29:33,16.294,0.72834648,0.043,22.114,-1,-1,0.4040834813832728,-6.051975984876114,Before Launch
153,2025-03-19 23:29:33,16.317,0.48884516,0.091,22.112,-1,-1,0.3997394516760711,-6.067794888104616,Before Launch
154,2025-03-19 23:29:33,16.349,-0.35761156,0.068,22.119,-1,-1,0.3997394516760711,-6.067794888104616,Before Launch
155,2025-03-19 23:29:33,16.772,0.24606299999999998,0.182,22.117,-1,-1,0.35066944542788514,-5.935402009290063,Before Launch
156,2025-03-19 23:29:33,16.795,0.24606299999999998,0.251,22.117,-1,-1,0.3591584327158732,-5.919367243171888,Before Launch
157,2025-03-19 23:29:34,16.821,-0.59711288,0.112,22.119,-1,-1,0.3292139291740928,-5.926542449198132,Before Launch
158,2025-03-19 23:29:34,16.844,-0.35433072,-0.091,22.122,-1,-1,0.3292139291740928,-5.926542449198132,Before Launch
159,2025-03-19 23:29:34,16.866,-1.07939636,0.091,22.114,-1,-1,0.3232520149489551,-5.915969022670668,Before Launch
160,2025-03-19 23:29:34,17.296,0.12795276,0.069,22.119,-1,-1,0.3568749156643606,-5.986805243283481,Before Launch
161,2025-03-19 23:29:34,17.319,-0.95800528,-0.022,22.119,-1,-1,0.34684181575629125,-5.9790050281641856,Before Launch
162,2025-03-19 23:29:34,17.341,0.36745408,0.114,22.114,-1,-1,0.34684181575629125,-5.9790050281641856,Before Launch
163,2025-03-19 23:29:34,17.364,-0.95800528,-0.183,22.112,-1,-1,0.3674277275294249,-5.96503715049177,Before Launch
164,2025-03-19 23:29:34,17.389,-2.5262468,-0.297,22.122,-1,-1,0.39124957287795215,-5.972766691756033,Before Launch
165,2025-03-19 23:29:35,17.816,-1.07939636,-0.229,22.114,-1,-1,0.4207775584226486,-6.006615258347545,Before Launch
166,2025-03-19 23:29:35,17.842,-0.35433072,-0.045,22.122,-1,-1,0.3894783456847634,-5.978708622651501,Before Launch
167,2025-03-19 23:29:35,17.864,-0.46587927999999995,-0.138,22.124,-1,-1,0.3894783456847634,-5.978708622651501,Before Launch
168,2025-03-19 23:29:35,17.887,-0.7185039599999999,-0.229,22.114,-1,-1,0.3921880610656411,-5.97766221338903,Before Launch
169,2025-03-19 23:29:35,17.917,0.24606299999999998,0.434,22.117,-1,-1,0.39829766895353597,-5.9877712123287115,Before Launch
170,2025-03-19 23:29:35,18.346,-0.35761156,0.024,22.114,-1,-1,0.3430026345462385,-6.009652797156433,Before Launch
171,2025-03-19 23:29:35,18.372,-0.11482940000000001,-0.023,22.117,-1,-1,0.31952870629005636,-6.007781379546652,Before Launch
172,2025-03-19 23:29:35,18.397,0.61023624,0.297,22.117,-1,-1,0.31952870629005636,-6.007781379546652,Before Launch
173,2025-03-19 23:29:35,18.42,0.24606299999999998,0.066,22.117,-1,-1,0.316851543722487,-5.981651298678953,Before Launch
174,2025-03-19 23:29:35,18.442,0.24606299999999998,0.297,22.117,-1,-1,0.316851543722487,-5.981651298678953,Before Launch
175,2025-03-19 23:29:36,18.878,-1.31889768,-0.068,22.119,-1,-1,0.4441356613923337,-6.004536374238034,Before Launch
176,2025-03-19 23:29:36,18.905,0.36745408,0.343,22.114,-1,-1,0.44682217440643446,-6.014094770045347,Before Launch
177,2025-03-19 23:29:36,18.928,-0.71522312,-0.045,22.122,-1,-1,0.44682217440643446,-6.014094770045347,Before Launch
178,2025-03-19 23:29:36,18.95,0.00656168,0.046,22.119,-1,-1,0.4219566318682588,-6.017197604802926,Before Launch
179,2025-03-19 23:29:36,18.973,0.36745408,0.229,22.114,-1,-1,0.4219566318682588,-6.017197604802926,Before Launch
180,2025-03-19 23:29:36,19.401,-0.59711288,-0.068,22.119,-1,-1,0.38097737678130555,-6.098204199832339,Before Launch
181,2025-03-19 23:29:36,19.424,-0.11482940000000001,0.067,22.119,-1,-1,0.38097737678130555,-6.098204199832339,Before Launch
182,2025-03-19 23:29:36,19.446,-0.7185039599999999,0.021,22.114,-1,-1,0.36326249230328805,-6.1011691088300175,Before Launch
183,2025-03-19 23:29:36,19.469,0.12795276,0.091,22.119,-1,-1,0.36326249230328805,-6.1011691088300175,Before Launch
184,2025-03-19 23:29:36,19.492,-0.11482940000000001,0.341,22.119,-1,-1,0.35518630383724614,-6.067756312079624,Before Launch
185,2025-03-19 23:29:37,19.918,-1.31889768,-0.274,22.119,-1,-1,0.33269428480196206,-5.903146730358684,Before Launch
186,2025-03-19 23:29:37,19.941,-0.95800528,-0.115,22.119,-1,-1,0.34423460350926227,-5.879964406949853,Before Launch
187,2025-03-19 23:29:37,19.963,-1.80118116,-0.481,22.122,-1,-1,0.39096337975357137,-5.884792198105812,Before Launch
188,2025-03-19 23:29:37,19.994,-0.83989504,0.045,22.117,-1,-1,0.39096337975357137,-5.884792198105812,Before Launch
189,2025-03-19 23:29:37,20.016,0.48884516,0.344,22.119,-1,-1,0.3993656105581398,-5.854595080824838,Before Launch
190,2025-03-19 23:29:37,20.44,-0.35433072,0.001,22.122,-1,-1,0.35199314341392796,-5.955846321189567,Before Launch
191,2025-03-19 23:29:37,20.466,0.84973756,0.298,22.112,-1,-1,0.35283158502483497,-5.978459652535713,Before Launch
192,2025-03-19 23:29:37,20.488,-0.71522312,-0.022,22.117,-1,-1,0.35283158502483497,-5.978459652535713,Before Launch
193,2025-03-19 23:29:37,20.511,-0.35433072,-0.206,22.122,-1,-1,0.3328133147359521,-6.015376117877293,Before Launch
194,2025-03-19 23:29:37,20.534,0.24606299999999998,0.183,22.117,-1,-1,0.3328133147359521,-6.015376117877293,Before Launch
195,2025-03-19 23:29:38,20.962,0.36745408,-0.044,22.109,-1,-1,0.312957739872048,-5.93020257270108,Before Launch
196,2025-03-19 23:29:38,20.984,-1.0892388800000001,-0.231,22.107,-1,-1,0.312957739872048,-5.93020257270108,Before Launch
197,2025-03-19 23:29:38,21.006,-0.35761156,-0.115,22.114,-1,-1,0.30321576021514896,-5.896807806963271,Before Launch
198,2025-03-19 23:29:38,21.029,-0.7185039599999999,-0.048,22.114,-1,-1,0.30321576021514896,-5.896807806963271,Before Launch
199,2025-03-19 23:29:38,21.052,-1.07939636,-0.161,22.122,-1,-1,0.3013205444424753,-5.902048522025893,Before Launch
200,2025-03-19 23:29:38,21.478,0.24606299999999998,0.092,22.117,-1,-1,0.33474244569771294,-5.940206910883814,Before Launch
201,2025-03-19 23:29:38,21.5,-0.59711288,-0.023,22.112,-1,-1,0.3509571822232302,-5.919826529324162,Before Launch
202,2025-03-19 23:29:38,21.528,-1.44028876,-0.414,22.122,-1,-1,0.3467550660233222,-5.905963434185608,Before Launch
203,2025-03-19 23:29:38,21.553,-1.5616798399999998,-0.392,22.122,-1,-1,0.3467550660233222,-5.905963434185608,Before Launch
204,2025-03-19 23:29:38,21.575,-1.6732284,-0.252,22.127,-1,-1,0.3342122923617195,-5.905021559243289,Before Launch
205,2025-03-19 23:29:39,22.004,-0.23622047999999998,-0.092,22.119,-1,-1,0.32502992978913775,-5.987654825798974,Before Launch
206,2025-03-19 23:29:39,22.026,-0.59711288,-0.161,22.112,-1,-1,0.34279615642004946,-5.9873963403207195,Before Launch
207,2025-03-19 23:29:39,22.049,0.24606299999999998,0.161,22.117,-1,-1,0.34279615642004946,-5.9873963403207195,Before Launch
208,2025-03-19 23:29:39,22.079,0.23622047999999998,0.113,22.109,-1,-1,0.3622581632996869,-5.943769476469389,Before Launch
209,2025-03-19 23:29:39,22.101,-1.32217852,-0.046,22.112,-1,-1,0.3718113420805036,-5.920858683168939,Before Launch
210,2025-03-19 23:29:39,22.524,0.48884516,0.069,22.112,-1,-1,0.35252587440650335,-5.944812322720261,Before Launch
211,2025-03-19 23:29:39,22.549,-0.35761156,0.115,22.114,-1,-1,0.35915660800153754,-5.973193011946246,Before Launch
212,2025-03-19 23:29:39,22.571,-1.4435696,-0.346,22.114,-1,-1,0.35915660800153754,-5.973193011946246,Before Launch
213,2025-03-19 23:29:39,22.593,-0.7185039599999999,0.046,22.114,-1,-1,0.36177984513302197,-5.994602869378275,Before Launch
214,2025-03-19 23:29:39,22.616,-1.80118116,0.139,22.122,-1,-1,0.3602501209356553,-5.985736103633273,Before Launch
215,2025-03-19 23:29:40,23.051,0.12467191999999999,0.23,22.112,-1,-1,0.3123241053773045,-5.9672238917596285,Before Launch
216,2025-03-19 23:29:40,23.077,-0.35761156,-0.001,22.114,-1,-1,0.3188784891585609,-5.976381769713858,Before Launch
217,2025-03-19 23:29:40,23.1,-1.07939636,-0.117,22.122,-1,-1,0.3188784891585609,-5.976381769713858,Before Launch
218,2025-03-19 23:29:40,23.122,-0.59711288,0.023,22.112,-1,-1,0.3473594957593714,-5.983326848079364,Before Launch
219,2025-03-19 23:29:40,23.152,-0.83989504,-0.207,22.117,-1,-1,0.33452939283821587,-5.984224788707948,Before Launch
220,2025-03-19 23:29:40,23.581,0.00656168,0.07,22.114,-1,-1,0.3806386689575358,-5.953603991391144,Before Launch
221,2025-03-19 23:29:40,23.609,-1.20078744,-0.207,22.117,-1,-1,0.3438825896457664,-5.922153644050321,Before Launch
222,2025-03-19 23:29:40,23.636,1.09251972,0.092,22.114,-1,-1,0.3438825896457664,-5.922153644050321,Before Launch
223,2025-03-19 23:29:40,23.659,0.24606299999999998,0.0,22.117,-1,-1,0.346376002780994,-5.92626037369788,Before Launch
224,2025-03-19 23:29:40,23.681,0.12467191999999999,-0.023,22.117,-1,-1,0.33543758103451987,-5.938516927338095,Before Launch
225,2025-03-19 23:29:41,24.117,0.24606299999999998,0.299,22.117,-1,-1,0.35946857203379146,-5.909797854802931,Before Launch
226,2025-03-19 23:29:41,24.143,-0.4757218,-0.161,22.117,-1,-1,0.3653713470538611,-5.8940304276979925,Before Launch
227,2025-03-19 23:29:41,24.166,0.48884516,0.23,22.119,-1,-1,0.3653713470538611,-5.8940304276979925,Before Launch
228,2025-03-19 23:29:41,24.188,-0.35433072,-0.069,22.122,-1,-1,0.37746701328064003,-5.92998321374367,Before Launch
229,2025-03-19 23:29:41,24.211,-0.71522312,-0.207,22.122,-1,-1,0.3510981552369484,-5.921944634508939,Before Launch
230,2025-03-19 23:29:41,24.647,-2.40485572,-0.345,22.119,-1,-1,0.3201154657948101,-5.9530246906419135,Before Launch
231,2025-03-19 23:29:41,24.673,-1.55183732,-0.274,22.124,-1,-1,0.3277675138196476,-5.92620511370895,Before Launch
232,2025-03-19 23:29:41,24.696,-1.44028876,-0.137,22.122,-1,-1,0.3277675138196476,-5.92620511370895,Before Launch
233,2025-03-19 23:29:41,24.718,-0.95800528,-0.207,22.119,-1,-1,0.31888183995827085,-5.9615394369299715,Before Launch
234,2025-03-19 23:29:41,24.741,-0.83989504,-0.138,22.117,-1,-1,0.32911757491995525,-5.978545046335427,Before Launch
235,2025-03-19 23:29:42,25.176,0.00656168,0.252,22.122,-1,-1,0.40387792154765256,-5.946608475736187,Before Launch
236,2025-03-19 23:29:42,25.202,-0.95800528,0.0,22.119,-1,-1,0.3881141045225977,-5.94216357275637,Before Launch
237,2025-03-19 23:29:42,25.225,-0.11482940000000001,0.32,22.117,-1,-1,0.3881141045225977,-5.94216357275637,Before Launch
238,2025-03-19 23:29:42,25.247,-0.23622047999999998,0.115,22.119,-1,-1,0.3993308069702907,-5.935768443616308,Before Launch
239,2025-03-19 23:29:42,25.27,-0.23622047999999998,-0.138,22.114,-1,-1,0.3697337035009557,-5.922793091762802,Before Launch
240,2025-03-19 23:29:42,25.705,-0.83989504,-0.092,22.117,-1,-1,0.36378363747550274,-5.907089237498154,Before Launch
241,2025-03-19 23:29:42,25.731,-0.35761156,-0.229,22.107,-1,-1,0.3852629286476811,-5.907067185871116,Before Launch
242,2025-03-19 23:29:42,25.753,-1.80118116,-0.206,22.122,-1,-1,0.3852629286476811,-5.907067185871116,Before Launch
243,2025-03-19 23:29:42,25.776,-1.32217852,-0.184,22.112,-1,-1,0.4059668341266529,-5.9334344957746845,Before Launch
244,2025-03-19 23:29:42,25.798,-0.23622047999999998,-0.092,22.117,-1,-1,0.39840950675959896,-5.925361875417959,Before Launch
245,2025-03-19 23:29:43,26.234,-1.44028876,-0.343,22.122,-1,-1,0.3448295843516019,-5.931464018338092,Before Launch
246,2025-03-19 23:29:43,26.26,0.12795276,0.231,22.119,-1,-1,0.35173544316408717,-5.947844196845642,Before Launch
247,2025-03-19 23:29:43,26.282,-0.10498688,0.048,22.124,-1,-1,0.35173544316408717,-5.947844196845642,Before Launch
248,2025-03-19 23:29:43,26.305,-2.1653544,-0.274,22.122,-1,-1,0.3865834218074519,-5.9280653151301665,Before Launch
249,2025-03-19 23:29:43,26.327,-0.23622047999999998,0.16,22.114,-1,-1,0.3741742724033642,-5.930840385478692,Before Launch
250,2025-03-19 23:29:43,26.763,0.36745408,0.023,22.122,-1,-1,0.3474750266962302,-5.966917784588909,Before Launch
251,2025-03-19 23:29:43,26.789,-0.82677168,-0.043,22.124,-1,-1,0.3332480199851676,-5.960741385681006,Before Launch
252,2025-03-19 23:29:44,26.811,-1.07939636,0.068,22.122,-1,-1,0.3332480199851676,-5.960741385681006,Before Launch
253,2025-03-19 23:29:44,26.833,-0.71522312,0.16,22.119,-1,-1,0.32186061268844013,-5.986439299765548,Before Launch
254,2025-03-19 23:29:44,26.856,-1.19094492,0.091,22.119,-1,-1,0.35076517257247963,-5.957237410708341,Before Launch
255,2025-03-19 23:29:44,27.292,0.36745408,0.114,22.122,-1,-1,0.3375628376068528,-5.949742580771945,Before Launch
256,2025-03-19 23:29:44,27.318,-1.19094492,-0.112,22.124,-1,-1,0.34882605900280705,-5.9795187363574165,Before Launch
257,2025-03-19 23:29:44,27.342,-0.4757218,-0.136,22.117,-1,-1,0.34882605900280705,-5.9795187363574165,Before Launch
258,2025-03-19 23:29:44,27.364,-0.95800528,-0.226,22.119,-1,-1,0.31535733121136394,-5.997491520683948,Before Launch
259,2025-03-19 23:29:44,27.387,-0.83989504,0.091,22.117,-1,-1,0.31535733121136394,-5.997491520683948,Before Launch
260,2025-03-19 23:29:45,27.814,-0.35433072,-0.159,22.122,-1,-1,0.3789537704751242,-5.951754539732682,Before Launch
261,2025-03-19 23:29:45,27.836,-0.71522312,-0.068,22.122,-1,-1,0.3789537704751242,-5.951754539732682,Before Launch
262,2025-03-19 23:29:45,27.859,-0.71522312,0.138,22.124,-1,-1,0.3613064683742559,-5.962838546359075,Before Launch
263,2025-03-19 23:29:45,27.881,-1.91272972,-0.226,22.124,-1,-1,0.3613064683742559,-5.962838546359075,Before Launch
264,2025-03-19 23:29:45,27.909,0.25918636,0.389,22.124,-1,-1,0.38024026392363836,-5.984350147730182,Before Launch
265,2025-03-19 23:29:45,28.332,-0.59711288,-0.137,22.119,-1,-1,0.3708551986402733,-5.95645160127734,Before Launch
266,2025-03-19 23:29:45,28.354,-0.95800528,-0.114,22.119,-1,-1,0.3675861177984061,-5.94568817828299,Before Launch
267,2025-03-19 23:29:45,28.382,-1.9225722399999998,-0.16,22.117,-1,-1,0.36863195548458927,-5.952861919471493,Before Launch
268,2025-03-19 23:29:45,28.404,-1.31889768,-0.137,22.119,-1,-1,0.36863195548458927,-5.952861919471493,Before Launch
269,2025-03-19 23:29:45,28.427,-0.4757218,0.069,22.117,-1,-1,0.36844291774645477,-5.961407130371031,Before Launch
270,2025-03-19 23:29:46,28.85,0.00656168,0.0,22.114,-1,-1,0.32565944617318227,-5.957679718897241,Before Launch
271,2025-03-19 23:29:46,28.876,-0.23622047999999998,0.183,22.119,-1,-1,0.338967716625061,-5.955207542897367,Before Launch
272,2025-03-19 23:29:46,28.901,-0.59711288,-0.321,22.119,-1,-1,0.338967716625061,-5.955207542897367,Before Launch
273,2025-03-19 23:29:46,28.924,-1.19094492,-0.273,22.124,-1,-1,0.3416285492655595,-5.984148207663189,Before Launch
274,2025-03-19 23:29:46,28.952,-0.35433072,-0.091,22.119,-1,-1,0.30743749359512557,-5.951454779137157,Before Launch
275,2025-03-19 23:29:46,29.379,0.61023624,0.069,22.117,-1,-1,0.2836332018575993,-5.974210736971614,Before Launch
276,2025-03-19 23:29:46,29.405,-0.59711288,-0.023,22.109,-1,-1,0.30493265478839826,-5.946924319527286,Before Launch
277,2025-03-19 23:29:46,29.427,0.00656168,-0.092,22.114,-1,-1,0.30493265478839826,-5.946924319527286,Before Launch
278,2025-03-19 23:29:46,29.45,0.36745408,0.137,22.114,-1,-1,0.29593867579212974,-6.00267341538282,Before Launch
279,2025-03-19 23:29:46,29.472,-0.7185039599999999,-0.001,22.114,-1,-1,0.3341398452406292,-5.94825406653809,Before Launch
280,2025-03-19 23:29:47,29.908,0.12795276,0.481,22.117,-1,-1,0.3200441352821794,-5.978799360572305,Before Launch
281,2025-03-19 23:29:47,29.934,-0.4757218,0.205,22.117,-1,-1,0.30809633810499504,-5.995418993445778,Before Launch
282,2025-03-19 23:29:47,29.956,-0.71522312,0.138,22.112,-1,-1,0.30809633810499504,-5.995418993445778,Before Launch
283,2025-03-19 23:29:47,29.979,0.72834648,0.321,22.114,-1,-1,0.3374902213019933,-5.980143575176701,Before Launch
284,2025-03-19 23:29:47,30.008,-1.68307092,-0.16,22.112,-1,-1,0.3340424750199336,-6.026091433510098,Before Launch
285,2025-03-19 23:29:47,30.438,-0.71522312,-0.137,22.122,-1,-1,0.4258546689060236,-5.971960799093741,Before Launch
286,2025-03-19 23:29:47,30.465,-0.59711288,0.069,22.112,-1,-1,0.3823795764827012,-5.985017609691894,Before Launch
287,2025-03-19 23:29:47,30.487,-1.31889768,-0.229,22.119,-1,-1,0.3823795764827012,-5.985017609691894,Before Launch
288,2025-03-19 23:29:47,30.509,-0.59711288,-0.069,22.119,-1,-1,0.36904041764335427,-6.015690895560664,Before Launch
289,2025-03-19 23:29:47,30.532,-1.5616798399999998,-0.252,22.112,-1,-1,0.3719360508080405,-6.010842008220725,Before Launch
290,2025-03-19 23:29:48,30.968,-0.00656168,0.158,22.107,-1,-1,0.3396644099187481,-5.986542318837535,Before Launch
291,2025-03-19 23:29:48,30.994,-1.20078744,-0.16,22.117,-1,-1,0.33157967471235317,-5.932801451990826,Before Launch
292,2025-03-19 23:29:48,31.017,-0.9612861199999999,0.16,22.112,-1,-1,0.33157967471235317,-5.932801451990826,Before Launch
293,2025-03-19 23:29:48,31.041,0.12467191999999999,0.275,22.112,-1,-1,0.3182593288293288,-5.945689524277789,Before Launch
294,2025-03-19 23:29:48,31.069,-1.32217852,-0.206,22.112,-1,-1,0.33973580242842705,-5.904047006733825,Before Launch
295,2025-03-19 23:29:48,31.498,-2.28674548,-0.161,22.117,-1,-1,0.348115418382152,-5.957134099336666,Before Launch
296,2025-03-19 23:29:48,31.524,-0.95800528,-0.206,22.119,-1,-1,0.3331993995323681,-5.955689056982353,Before Launch
297,2025-03-19 23:29:48,31.549,-0.9612861199999999,-0.163,22.112,-1,-1,0.3331993995323681,-5.955689056982353,Before Launch
298,2025-03-19 23:29:48,31.572,-0.71522312,0.275,22.117,-1,-1,0.35748638670142335,-5.977892003344988,Before Launch
299,2025-03-19 23:29:48,31.6,-0.23622047999999998,0.0,22.112,-1,-1,0.34644068677586237,-5.952745395776151,Before Launch
300,2025-03-19 23:29:49,32.028,-0.9612861199999999,-0.252,22.112,-1,-1,0.3783902193586055,-5.945177150444054,Before Launch
301,2025-03-19 23:29:49,32.054,-0.35761156,0.089,22.114,-1,-1,0.36769444933873524,-5.97896130986255,Before Launch
302,2025-03-19 23:29:49,32.076,-1.07939636,0.0,22.114,-1,-1,0.36769444933873524,-5.97896130986255,Before Launch
303,2025-03-19 23:29:49,32.1,0.12467191999999999,0.159,22.112,-1,-1,0.3908791715462126,-6.013085782625701,Before Launch
304,2025-03-19 23:29:49,32.128,-0.4757218,0.136,22.117,-1,-1,0.40402944324802287,-5.9840975766871916,Before Launch
305,2025-03-19 23:29:49,32.557,-0.59711288,-0.183,22.112,-1,-1,0.3648523409488346,-5.916013816067387,Before Launch
306,2025-03-19 23:29:49,32.582,0.00656168,0.227,22.114,-1,-1,0.3641651810236252,-5.922826615008191,Before Launch
307,2025-03-19 23:29:49,32.605,-1.20078744,-0.138,22.117,-1,-1,0.3641651810236252,-5.922826615008191,Before Launch
308,2025-03-19 23:29:49,32.627,-0.59711288,0.069,22.114,-1,-1,0.3548395418606583,-5.912192893407708,Before Launch
309,2025-03-19 23:29:49,32.65,0.48884516,0.252,22.112,-1,-1,0.3583579980380642,-5.891686407100567,Before Launch
310,2025-03-19 23:29:50,33.087,0.12795276,0.091,22.119,-1,-1,0.37305059460993484,-5.8912271810521295,Before Launch
311,2025-03-19 23:29:50,33.113,-0.72834648,-0.002,22.107,-1,-1,0.37402379296347016,-5.907372428297311,Before Launch
312,2025-03-19 23:29:50,33.135,-0.59711288,0.022,22.112,-1,-1,0.37402379296347016,-5.907372428297311,Before Launch
313,2025-03-19 23:29:50,33.158,0.35761156,0.43,22.107,-1,-1,0.3767929658511377,-5.890388424363362,Before Launch
314,2025-03-19 23:29:50,33.18,-0.48556432,-0.141,22.102,-1,-1,0.38220493939594,-5.946554559249982,Before Launch
315,2025-03-19 23:29:50,33.617,-0.36745408,0.043,22.107,-1,-1,0.39388988596592234,-5.992369473965874,Before Launch
316,2025-03-19 23:29:50,33.644,-1.20078744,-0.046,22.117,-1,-1,0.41845946838622633,-6.01903431002692,Before Launch
317,2025-03-19 23:29:50,33.667,-1.07939636,0.16,22.114,-1,-1,0.41845946838622633,-6.01903431002692,Before Launch
318,2025-03-19 23:29:50,33.689,-0.59711288,0.137,22.109,-1,-1,0.4118264484348725,-6.032038593345931,Before Launch
319,2025-03-19 23:29:50,33.719,-1.8044620000000002,-0.251,22.114,-1,-1,0.4402345439075643,-6.065938170014636,Before Launch
320,2025-03-19 23:29:51,34.148,-0.84973756,-0.162,22.109,-1,-1,0.35667509879469017,-6.052826053494433,Before Launch
321,2025-03-19 23:29:51,34.174,-0.84973756,-0.116,22.114,-1,-1,0.34160718196025064,-5.992240940705102,Before Launch
322,2025-03-19 23:29:51,34.196,-2.04396332,-0.273,22.119,-1,-1,0.34160718196025064,-5.992240940705102,Before Launch
323,2025-03-19 23:29:51,34.219,-0.35761156,0.157,22.114,-1,-1,0.36396751658379883,-5.959546166380678,Before Launch
324,2025-03-19 23:29:51,34.249,-2.04724416,-0.32,22.112,-1,-1,0.3716011695494232,-5.975761060498532,Before Launch
325,2025-03-19 23:29:51,34.68,-1.68307092,-0.433,22.112,-1,-1,0.3414659162560937,-5.9615099743788935,Before Launch
326,2025-03-19 23:29:51,34.706,-0.59711288,0.0,22.107,-1,-1,0.3518817801212116,-5.99626944870206,Before Launch
327,2025-03-19 23:29:51,34.728,-1.68307092,-0.319,22.119,-1,-1,0.3518817801212116,-5.99626944870206,Before Launch
328,2025-03-19 23:29:51,34.75,-1.07939636,-0.273,22.114,-1,-1,0.3626955552602737,-5.943999939027557,Before Launch
329,2025-03-19 23:29:51,34.773,-1.32217852,-0.114,22.117,-1,-1,0.36484746724688205,-5.935637550099069,Before Launch
330,2025-03-19 23:29:52,35.21,-1.4435696,-0.296,22.114,-1,-1,0.3588453366305692,-5.89357745638303,Before Launch
331,2025-03-19 23:29:52,35.236,-2.28674548,-0.342,22.117,-1,-1,0.3625573304514146,-5.9253462878082,Before Launch
332,2025-03-19 23:29:52,35.258,-2.1653544,-0.274,22.114,-1,-1,0.3625573304514146,-5.9253462878082,Before Launch
333,2025-03-19 23:29:52,35.281,-1.31889768,-0.386,22.119,-1,-1,0.37059951776015626,-5.896153919658214,Before Launch
334,2025-03-19 23:29:52,35.303,-0.35761156,0.25,22.112,-1,-1,0.39905806180607317,-5.92626692541901,Before Launch
335,2025-03-19 23:29:52,35.739,-1.45341212,-0.139,22.112,-1,-1,0.3561490103927342,-5.9114670169047905,Before Launch
336,2025-03-19 23:29:52,35.765,-1.20078744,-0.114,22.117,-1,-1,0.3648959548278195,-5.927444929426099,Before Launch
337,2025-03-19 23:29:52,35.788,-1.20078744,0.022,22.117,-1,-1,0.3648959548278195,-5.927444929426099,Before Launch
338,2025-03-19 23:29:53,35.81,-0.59711288,0.0,22.112,-1,-1,0.3627299628810807,-5.949117395230763,Before Launch
339,2025-03-19 23:29:53,35.833,-1.57152236,-0.002,22.107,-1,-1,0.3676582310290792,-5.930766767560628,Before Launch
340,2025-03-19 23:29:53,36.269,-0.48556432,-0.09,22.109,-1,-1,0.35449334625549705,-5.930504748615351,Before Launch
341,2025-03-19 23:29:53,36.295,-0.12467191999999999,0.203,22.109,-1,-1,0.37056164857298046,-5.941373700728571,Before Launch
342,2025-03-19 23:29:53,36.317,-0.24606299999999998,0.135,22.104,-1,-1,0.37056164857298046,-5.941373700728571,Before Launch
343,2025-03-19 23:29:53,36.339,-1.68307092,-0.341,22.112,-1,-1,0.32785629168111413,-5.967129554757549,Before Launch
344,2025-03-19 23:29:53,36.362,-0.95800528,0.069,22.112,-1,-1,0.3359643067599186,-5.961190205207367,Before Launch
345,2025-03-19 23:29:53,36.798,-0.59711288,0.319,22.112,-1,-1,0.3660153090029002,-5.9705570270797,Before Launch
346,2025-03-19 23:29:54,36.823,-0.95800528,0.0,22.114,-1,-1,0.37446793140537143,-5.967180593182501,Before Launch
347,2025-03-19 23:29:54,36.846,-1.07939636,-0.022,22.114,-1,-1,0.37446793140537143,-5.967180593182501,Before Launch
348,2025-03-19 23:29:54,36.868,-1.21062996,-0.094,22.109,-1,-1,0.37662595001997795,-5.948820705670119,Before Launch
349,2025-03-19 23:29:54,36.891,-1.32217852,-0.205,22.117,-1,-1,0.3739826475494923,-5.989049161584274,Before Launch
350,2025-03-19 23:29:54,37.326,-0.95800528,0.001,22.122,-1,-1,0.3354782262546067,-5.945042593741531,Before Launch
351,2025-03-19 23:29:54,37.352,-1.5616798399999998,-0.227,22.117,-1,-1,0.3432853836748526,-5.998672335889838,Before Launch
352,2025-03-19 23:29:54,37.375,-0.46587927999999995,0.116,22.124,-1,-1,0.3432853836748526,-5.998672335889838,Before Launch
353,2025-03-19 23:29:54,37.397,-0.59711288,-0.136,22.119,-1,-1,0.31114534203457367,-6.006704212420723,Before Launch
354,2025-03-19 23:29:54,37.42,-0.4757218,0.0,22.117,-1,-1,0.33202044431603495,-5.99037877111004,Before Launch
355,2025-03-19 23:29:55,37.855,0.00656168,0.114,22.114,-1,-1,0.328375026132046,-5.971390652346022,Before Launch
356,2025-03-19 23:29:55,37.881,-0.23622047999999998,-0.046,22.119,-1,-1,0.3331135275347774,-5.944858811157149,Before Launch
357,2025-03-19 23:29:55,37.903,-1.19094492,0.002,22.124,-1,-1,0.3331135275347774,-5.944858811157149,Before Launch
358,2025-03-19 23:29:55,37.926,-0.35433072,0.046,22.114,-1,-1,0.3275376162423098,-5.964591897278046,Before Launch
359,2025-03-19 23:29:55,37.949,0.00656168,-0.091,22.112,-1,-1,0.3331824433887368,-5.983557806228758,Before Launch
360,2025-03-19 23:29:55,38.384,-0.71522312,-0.159,22.122,-1,-1,0.2990770189169627,-5.919586999377927,Before Launch
361,2025-03-19 23:29:55,38.41,-0.23622047999999998,0.093,22.114,-1,-1,0.29883293411147605,-5.957385211883059,Before Launch
362,2025-03-19 23:29:55,38.432,-2.1653544,-0.296,22.122,-1,-1,0.29883293411147605,-5.957385211883059,Before Launch
363,2025-03-19 23:29:55,38.455,-0.71522312,-0.203,22.122,-1,-1,0.30979216330524,-5.934769703326123,Before Launch
364,2025-03-19 23:29:55,38.477,0.24606299999999998,0.138,22.114,-1,-1,0.2992545418046991,-5.929236012149179,Before Launch
365,2025-03-19 23:29:56,38.913,0.12795276,0.094,22.119,-1,-1,0.39332001605302,-5.948862687545746,Before Launch
366,2025-03-19 23:29:56,38.939,-1.20078744,0.0,22.117,-1,-1,0.39143654434834274,-5.9375394167285735,Before Launch
367,2025-03-19 23:29:56,38.961,-1.19094492,-0.021,22.119,-1,-1,0.39143654434834274,-5.9375394167285735,Before Launch
368,2025-03-19 23:29:56,38.984,0.72834648,0.25,22.114,-1,-1,0.3755880133113823,-5.947243429017215,Before Launch
369,2025-03-19 23:29:56,39.015,-0.59711288,0.228,22.112,-1,-1,0.3579415022457701,-5.9272252559945695,Before Launch
370,2025-03-19 23:29:56,39.443,-1.20078744,-0.066,22.117,-1,-1,0.4158008757879505,-5.945292982706491,Before Launch
371,2025-03-19 23:29:56,39.468,-1.31889768,-0.089,22.119,-1,-1,0.4221427305671788,-5.998681048984802,Before Launch
372,2025-03-19 23:29:56,39.491,-0.35433072,0.319,22.122,-1,-1,0.4221427305671788,-5.998681048984802,Before Launch
373,2025-03-19 23:29:56,39.513,-2.0341208,-0.317,22.117,-1,-1,0.44102411140621123,-5.988259228268686,Before Launch
374,2025-03-19 23:29:56,39.536,-1.07939636,0.183,22.109,-1,-1,0.4245280126074565,-5.966868096484215,Before Launch
375,2025-03-19 23:29:57,39.972,-0.95800528,0.137,22.119,-1,-1,0.37862518102833703,-5.9275867143243515,Before Launch
376,2025-03-19 23:29:57,39.998,-1.68307092,-0.205,22.119,-1,-1,0.3960301672367162,-5.915840800961329,Before Launch
377,2025-03-19 23:29:57,40.021,-0.7185039599999999,0.182,22.114,-1,-1,0.3960301672367162,-5.915840800961329,Before Launch
378,2025-03-19 23:29:57,40.044,-0.59711288,0.091,22.112,-1,-1,0.3955932808036,-5.93434927730617,Before Launch
379,2025-03-19 23:29:57,40.067,-0.23622047999999998,0.205,22.112,-1,-1,0.3752835252666784,-5.913179605726794,Before Launch
380,2025-03-19 23:29:57,40.502,0.48884516,0.365,22.119,-1,-1,0.35712540011954946,-5.92655960254132,Before Launch
381,2025-03-19 23:29:57,40.528,0.24606299999999998,0.479,22.114,-1,-1,0.3713247656590524,-5.920898356686267,Before Launch
382,2025-03-19 23:29:57,40.553,-0.59711288,0.296,22.119,-1,-1,0.3713247656590524,-5.920898356686267,Before Launch
383,2025-03-19 23:29:57,40.576,-0.7185039599999999,0.113,22.114,-1,-1,0.37581881786981447,-5.937040451062748,Before Launch
384,2025-03-19 23:29:57,40.604,-0.35433072,0.001,22.122,-1,-1,0.38227238591118806,-5.921311130163646,Before Launch
385,2025-03-19 23:29:58,41.031,-0.71522312,0.139,22.127,-1,-1,0.33308341509207784,-5.874883587437436,Before Launch
386,2025-03-19 23:29:58,41.057,-1.07939636,0.023,22.114,-1,-1,0.33726649685399357,-5.890499691029518,Before Launch
387,2025-03-19 23:29:58,41.079,-0.95800528,0.046,22.122,-1,-1,0.33726649685399357,-5.890499691029518,Before Launch
388,2025-03-19 23:29:58,41.103,-1.07939636,-0.091,22.122,-1,-1,0.33112458955427493,-5.930918922381236,Before Launch
389,2025-03-19 23:29:58,41.132,-1.20078744,0.07,22.117,-1,-1,0.350336642885985,-5.897500463347419,Before Launch
390,2025-03-19 23:29:58,41.559,0.00656168,0.093,22.114,-1,-1,0.34510158409586306,-5.9954783905401765,Before Launch
391,2025-03-19 23:29:58,41.585,0.24606299999999998,0.07,22.117,-1,-1,0.3777300018831708,-5.960117418227407,Before Launch
392,2025-03-19 23:29:58,41.607,0.48884516,0.139,22.112,-1,-1,0.3777300018831708,-5.960117418227407,Before Launch
393,2025-03-19 23:29:58,41.63,-0.83989504,0.159,22.117,-1,-1,0.37459139176052897,-5.959852583398158,Before Launch
394,2025-03-19 23:29:58,41.652,-0.11482940000000001,0.159,22.119,-1,-1,0.39253852605577355,-5.90875230658134,Before Launch
395,2025-03-19 23:29:59,42.088,-0.83989504,-0.046,22.117,-1,-1,0.36306043808442523,-5.891084831829439,Before Launch
396,2025-03-19 23:29:59,42.114,0.12467191999999999,0.205,22.112,-1,-1,0.36613069363364703,-5.8947412316658685,Before Launch
397,2025-03-19 23:29:59,42.137,-0.59711288,0.091,22.119,-1,-1,0.36613069363364703,-5.8947412316658685,Before Launch
398,2025-03-19 23:29:59,42.159,-1.91272972,-0.133,22.124,-1,-1,0.3627553405401254,-5.897182265796174,Before Launch
399,2025-03-19 23:29:59,42.182,-0.11482940000000001,0.228,22.119,-1,-1,0.36226127249590473,-5.915306124841221,Before Launch
400,2025-03-19 23:29:59,42.618,-1.07939636,-0.023,22.114,-1,-1,0.37291925724867675,-5.952559310179312,Before Launch
401,2025-03-19 23:29:59,42.645,-0.48556432,0.203,22.112,-1,-1,0.36897858393453353,-5.977164303791211,Before Launch
402,2025-03-19 23:29:59,42.667,-0.48556432,-0.004,22.109,-1,-1,0.36897858393453353,-5.977164303791211,Before Launch
403,2025-03-19 23:29:59,42.69,-0.4757218,0.023,22.117,-1,-1,0.3770791683750241,-5.9799657962624755,Before Launch
404,2025-03-19 23:29:59,42.713,-0.95800528,-0.091,22.119,-1,-1,0.34505296568463656,-5.9412876818273785,Before Launch
405,2025-03-19 23:30:00,43.147,-0.59711288,-0.114,22.124,-1,-1,0.40292462080720975,-6.025967628286063,Before Launch
406,2025-03-19 23:30:00,43.173,-0.11482940000000001,0.023,22.117,-1,-1,0.3688412060582287,-6.003208696000881,Before Launch
407,2025-03-19 23:30:00,43.196,-0.11482940000000001,0.203,22.117,-1,-1,0.3688412060582287,-6.003208696000881,Before Launch
408,2025-03-19 23:30:00,43.218,-0.35433072,0.0,22.122,-1,-1,0.3951509241611745,-6.016905433816016,Before Launch
409,2025-03-19 23:30:00,43.241,-1.20078744,-0.228,22.117,-1,-1,0.3878262533206561,-6.0195954530023545,Before Launch
410,2025-03-19 23:30:00,43.677,-1.07939636,-0.069,22.114,-1,-1,0.3851207129123845,-5.957203140259734,Before Launch
411,2025-03-19 23:30:00,43.704,0.59711288,0.157,22.109,-1,-1,0.36541324462574787,-5.974743848240364,Before Launch
412,2025-03-19 23:30:00,43.73,0.12467191999999999,0.432,22.112,-1,-1,0.36541324462574787,-5.974743848240364,Before Launch
413,2025-03-19 23:30:00,43.753,-0.4757218,0.045,22.117,-1,-1,0.3536641079752084,-5.966665744407541,Before Launch
414,2025-03-19 23:30:00,43.781,-0.95800528,-0.227,22.119,-1,-1,0.32148715340375256,-5.943806886771221,Before Launch
415,2025-03-19 23:30:01,44.209,-0.46587927999999995,-0.112,22.124,-1,-1,0.35443552558648617,-5.957103827074562,Before Launch
416,2025-03-19 23:30:01,44.235,-2.40485572,-0.227,22.119,-1,-1,0.37078537178791,-5.9436581724673205,Before Launch
417,2025-03-19 23:30:01,44.257,-0.59711288,0.112,22.119,-1,-1,0.37078537178791,-5.9436581724673205,Before Launch
418,2025-03-19 23:30:01,44.28,-1.07939636,-0.341,22.122,-1,-1,0.3834592944352275,-5.93545469122772,Before Launch
419,2025-03-19 23:30:01,44.302,-0.71522312,-0.022,22.117,-1,-1,0.36853825292855613,-5.953574234669454,Before Launch
420,2025-03-19 23:30:01,44.739,-0.4757218,0.137,22.117,-1,-1,0.39297319462970437,-6.0274201091500945,Before Launch
421,2025-03-19 23:30:01,44.765,-0.11482940000000001,0.227,22.117,-1,-1,0.3493425273065733,-6.001870342415995,Before Launch
422,2025-03-19 23:30:01,44.787,-0.58727036,-0.044,22.127,-1,-1,0.3493425273065733,-6.001870342415995,Before Launch
423,2025-03-19 23:30:02,44.811,0.12795276,0.408,22.119,-1,-1,0.3340734118779004,-6.031540173623291,Before Launch
424,2025-03-19 23:30:02,44.84,-0.4757218,0.114,22.124,-1,-1,0.3655403753766067,-6.035643343894283,Before Launch
425,2025-03-19 23:30:02,45.269,-0.10498688,0.161,22.124,-1,-1,0.40060946289273475,-6.011213263627232,Before Launch
426,2025-03-19 23:30:02,45.295,-0.71522312,0.183,22.122,-1,-1,0.4137243547254563,-6.023348970915014,Before Launch
427,2025-03-19 23:30:02,45.321,0.24606299999999998,0.182,22.117,-1,-1,0.4137243547254563,-6.023348970915014,Before Launch
428,2025-03-19 23:30:02,45.344,-0.46587927999999995,0.025,22.117,-1,-1,0.39459569209818407,-6.010963050273043,Before Launch
429,2025-03-19 23:30:02,45.372,-0.10498688,0.025,22.124,-1,-1,0.3776878817806715,-5.979258260974299,Before Launch
430,2025-03-19 23:30:02,45.798,-0.23622047999999998,-0.137,22.127,-1,-1,0.33019595473446334,-5.992611973184667,Before Launch
431,2025-03-19 23:30:03,45.824,-0.10498688,-0.066,22.124,-1,-1,0.3351618953270132,-5.9980990531499865,Before Launch
432,2025-03-19 23:30:03,45.849,-0.46587927999999995,0.025,22.124,-1,-1,0.3351618953270132,-5.9980990531499865,Before Launch
433,2025-03-19 23:30:03,45.872,0.36745408,0.205,22.122,-1,-1,0.3294403162411504,-5.991058253303607,Before Launch
434,2025-03-19 23:30:03,45.901,-0.35433072,0.0,22.122,-1,-1,0.36447332628236445,-5.988270615673672,Before Launch
435,2025-03-19 23:30:03,46.329,-0.95800528,-0.046,22.119,-1,-1,0.3789836243008004,-5.953081477048465,Before Launch
436,2025-03-19 23:30:03,46.355,-0.82677168,0.048,22.124,-1,-1,0.34113621743705114,-5.958649361170506,Before Launch
437,2025-03-19 23:30:03,46.377,-0.35433072,0.114,22.122,-1,-1,0.34113621743705114,-5.958649361170506,Before Launch
438,2025-03-19 23:30:03,46.4,-0.58727036,0.093,22.127,-1,-1,0.35829548476191997,-5.957068595610228,Before Launch
439,2025-03-19 23:30:03,46.422,0.12795276,0.251,22.107,-1,-1,0.35851366116832045,-5.94368296817422,Before Launch
440,2025-03-19 23:30:04,46.853,-1.07939636,-0.205,22.114,-1,-1,0.37711533708782163,-5.940122711803428,Before Launch
441,2025-03-19 23:30:04,46.876,0.48884516,0.046,22.119,-1,-1,0.37711533708782163,-5.940122711803428,Before Launch
442,2025-03-19 23:30:04,46.898,-0.46587927999999995,-0.18,22.124,-1,-1,0.3728582823166971,-5.952204826665621,Before Launch
443,2025-03-19 23:30:04,46.925,0.72834648,0.296,22.114,-1,-1,0.3833982639722075,-5.9743657163654005,Before Launch
444,2025-03-19 23:30:04,46.948,-1.31889768,-0.227,22.119,-1,-1,0.3833982639722075,-5.9743657163654005,Before Launch
445,2025-03-19 23:30:04,47.376,-0.23622047999999998,0.114,22.119,-1,-1,0.33911706418868653,-5.893761265504995,Before Launch
446,2025-03-19 23:30:04,47.4,-0.4757218,-0.114,22.117,-1,-1,0.33911706418868653,-5.893761265504995,Before Launch
447,2025-03-19 23:30:04,47.422,0.61023624,0.228,22.114,-1,-1,0.3665307416415979,-5.926218088601998,Before Launch
448,2025-03-19 23:30:04,47.445,-0.71522312,0.227,22.122,-1,-1,0.3665307416415979,-5.926218088601998,Before Launch
449,2025-03-19 23:30:04,47.476,-1.07939636,-0.182,22.114,-1,-1,0.3633833408996,-5.954599033506676,Before Launch
450,2025-03-19 23:30:05,47.907,-1.07939636,0.0,22.122,-1,-1,0.34048163933256037,-6.020059506942819,Before Launch
451,2025-03-19 23:30:05,47.93,-0.10498688,0.072,22.124,-1,-1,0.34048163933256037,-6.020059506942819,Before Launch
452,2025-03-19 23:30:05,47.952,-0.71522312,-0.043,22.122,-1,-1,0.33897145110232707,-6.0114015833641075,Before Launch
453,2025-03-19 23:30:05,47.975,0.36745408,0.16,22.117,-1,-1,0.33897145110232707,-6.0114015833641075,Before Launch
454,2025-03-19 23:30:05,47.999,0.36745408,0.251,22.122,-1,-1,0.34887976098446205,-6.011274563082121,Before Launch
455,2025-03-19 23:30:05,48.423,-1.07939636,-0.091,22.114,-1,-1,0.44205412159326496,-5.937268174990272,Before Launch
456,2025-03-19 23:30:05,48.446,-0.11482940000000001,0.0,22.117,-1,-1,0.42894413941617077,-5.9314461972942265,Before Launch
457,2025-03-19 23:30:05,48.473,-0.35761156,-0.046,22.114,-1,-1,0.39954286151331647,-5.948967702208084,Before Launch
458,2025-03-19 23:30:05,48.498,-1.07939636,-0.137,22.114,-1,-1,0.39954286151331647,-5.948967702208084,Before Launch
459,2025-03-19 23:30:05,48.521,-0.35761156,0.16,22.114,-1,-1,0.39926652477666225,-5.992241403740367,Before Launch
460,2025-03-19 23:30:06,48.943,-1.30905516,-0.044,22.127,-1,-1,0.34231774561811806,-6.008073911742051,Before Launch
461,2025-03-19 23:30:06,48.966,-0.23622047999999998,-0.158,22.119,-1,-1,0.3110282396609414,-6.006850284552889,Before Launch
462,2025-03-19 23:30:06,48.988,-0.71522312,-0.16,22.122,-1,-1,0.3110282396609414,-6.006850284552889,Before Launch
463,2025-03-19 23:30:06,49.011,-1.55183732,-0.205,22.124,-1,-1,0.3194011804632697,-6.02227263872774,Before Launch
464,2025-03-19 23:30:06,49.033,-0.35433072,0.115,22.112,-1,-1,0.3541610790716717,-5.993491582264554,Before Launch
465,2025-03-19 23:30:06,49.469,0.00656168,0.09,22.114,-1,-1,0.4061042412901102,-5.912187933051416,Before Launch
466,2025-03-19 23:30:06,49.495,0.72834648,0.596,22.114,-1,-1,0.4185405765119443,-5.898347449700372,Before Launch
467,2025-03-19 23:30:06,49.517,-0.71522312,-0.022,22.122,-1,-1,0.4185405765119443,-5.898347449700372,Before Launch
468,2025-03-19 23:30:06,49.539,-0.82677168,0.048,22.124,-1,-1,0.42894446246143914,-5.9316838837612025,Before Launch
469,2025-03-19 23:30:06,49.562,-1.31889768,-0.115,22.122,-1,-1,0.43264302566244867,-5.943657162469649,Before Launch
470,2025-03-19 23:30:07,49.998,-0.83989504,-0.069,22.117,-1,-1,0.37864550164510746,-5.863780207552731,Before Launch
471,2025-03-19 23:30:07,50.024,0.00656168,0.023,22.117,-1,-1,0.35585664031630926,-5.9201657739993,Before Launch
472,2025-03-19 23:30:07,50.046,-0.59711288,-0.002,22.119,-1,-1,0.35585664031630926,-5.9201657739993,Before Launch
473,2025-03-19 23:30:07,50.068,-0.59711288,-0.138,22.119,-1,-1,0.3884499923262227,-5.940207418022446,Before Launch
474,2025-03-19 23:30:07,50.091,-1.20078744,-0.138,22.117,-1,-1,0.4002796965676161,-5.9557899088209005,Before Launch
475,2025-03-19 23:30:07,50.527,-0.58727036,-0.092,22.122,-1,-1,0.3685856022667005,-5.913219694390942,Before Launch
476,2025-03-19 23:30:07,50.553,-1.55183732,-0.159,22.124,-1,-1,0.3666432977155394,-5.885533882924782,Before Launch
477,2025-03-19 23:30:07,50.577,0.73162732,0.092,22.122,-1,-1,0.3666432977155394,-5.885533882924782,Before Launch
478,2025-03-19 23:30:07,50.6,-0.4757218,-0.002,22.117,-1,-1,0.33779000606754406,-5.906008272051672,Before Launch
479,2025-03-19 23:30:07,50.623,-0.82677168,-0.137,22.122,-1,-1,0.3588951708289879,-5.921283110581293,Before Launch
480,2025-03-19 23:30:08,51.059,-0.22309712,0.002,22.127,-1,-1,0.35155111829856744,-5.978495512220903,Before Launch
481,2025-03-19 23:30:08,51.085,0.25918636,0.069,22.124,-1,-1,0.33476951309204517,-5.981049427656655,Before Launch
482,2025-03-19 23:30:08,51.107,0.13779528000000002,0.115,22.129,-1,-1,0.33476951309204517,-5.981049427656655,Before Launch
483,2025-03-19 23:30:08,51.13,-0.59711288,-0.183,22.119,-1,-1,0.3377602760690793,-5.99337740628273,Before Launch
484,2025-03-19 23:30:08,51.153,0.12795276,0.092,22.124,-1,-1,0.3215778956339933,-5.978354912739418,Before Launch
485,2025-03-19 23:30:08,51.589,-0.71522312,0.046,22.122,-1,-1,0.38645185295978685,-5.9482198672743705,Before Launch
486,2025-03-19 23:30:08,51.615,-1.44028876,-0.117,22.122,-1,-1,0.36445454562269886,-5.9282297284697085,Before Launch
487,2025-03-19 23:30:08,51.641,0.00656168,0.069,22.122,-1,-1,0.36445454562269886,-5.9282297284697085,Before Launch
488,2025-03-19 23:30:08,51.664,0.73162732,0.251,22.122,-1,-1,0.3457629445301498,-5.909315498990411,Before Launch
489,2025-03-19 23:30:08,51.692,-0.23622047999999998,-0.069,22.119,-1,-1,0.3100360879925595,-5.877425989192901,Before Launch
490,2025-03-19 23:30:09,52.12,-1.06955384,0.002,22.129,-1,-1,0.3834909415978833,-5.962123116699871,Before Launch
491,2025-03-19 23:30:09,52.147,-0.7053806,-0.227,22.129,-1,-1,0.38744873061629664,-5.966739469771217,Before Launch
492,2025-03-19 23:30:09,52.17,-0.9481627599999999,-0.091,22.127,-1,-1,0.38744873061629664,-5.966739469771217,Before Launch
493,2025-03-19 23:30:09,52.193,-2.02427828,-0.523,22.134,-1,-1,0.36827494907913727,-5.997548597212007,Before Launch
494,2025-03-19 23:30:09,52.216,-0.71522312,0.115,22.122,-1,-1,0.37373073954520575,-5.971039472815525,Before Launch
495,2025-03-19 23:30:09,52.652,0.13779528000000002,0.071,22.127,-1,-1,0.32586204757614085,-6.062330786928884,Before Launch
496,2025-03-19 23:30:09,52.677,-0.82677168,-0.067,22.124,-1,-1,0.30798747872727567,-6.127485934490751,Before Launch
497,2025-03-19 23:30:09,52.7,-0.71522312,-0.251,22.122,-1,-1,0.30798747872727567,-6.127485934490751,Before Launch
498,2025-03-19 23:30:09,52.722,-0.10498688,0.116,22.124,-1,-1,0.34957577687516106,-6.1516265953168405,Before Launch
499,2025-03-19 23:30:09,52.745,-0.46587927999999995,0.116,22.129,-1,-1,0.33473964147268714,-6.173571083082447,Before Launch
500,2025-03-19 23:30:10,53.18,-2.2736221199999997,-0.226,22.132,-1,-1,0.393650497136277,-6.035090393227878,Before Launch
501,2025-03-19 23:30:10,53.206,-0.81692916,-0.135,22.132,-1,-1,0.3836473973220015,-6.010087431641055,Before Launch
502,2025-03-19 23:30:10,53.228,0.38057744,0.208,22.129,-1,-1,0.3836473973220015,-6.010087431641055,Before Launch
503,2025-03-19 23:30:10,53.251,-0.574147,-0.178,22.142,-1,-1,0.38415991321231896,-5.969109883601706,Before Launch
504,2025-03-19 23:30:10,53.28,-1.05643048,-0.27,22.137,-1,-1,0.3681867049055195,-6.007234560266576,Before Launch
505,2025-03-19 23:30:10,53.709,-1.7913386400000002,-0.135,22.129,-1,-1,0.3894312787546889,-5.922912397321838,Before Launch
506,2025-03-19 23:30:10,53.734,-1.54855648,-0.271,22.132,-1,-1,0.40039058131082733,-5.941596996062512,Before Launch
507,2025-03-19 23:30:10,53.757,-1.43044624,-0.203,22.137,-1,-1,0.40039058131082733,-5.941596996062512,Before Launch
508,2025-03-19 23:30:10,53.779,-1.42060372,-0.065,22.137,-1,-1,0.3948731912674492,-5.941720747756246,Before Launch
509,2025-03-19 23:30:11,53.802,-1.18766408,-0.157,22.132,-1,-1,0.3934799415981833,-5.947255819155176,Before Launch
510,2025-03-19 23:30:11,54.24,0.0164042,0.25,22.129,-1,-1,0.3764888207037536,-5.95027080778329,Before Launch
511,2025-03-19 23:30:11,54.266,-1.43044624,-0.225,22.129,-1,-1,0.3622815095724588,-5.957068888096658,Before Launch
512,2025-03-19 23:30:11,54.288,-2.63451452,-0.362,22.129,-1,-1,0.3622815095724588,-5.957068888096658,Before Launch
513,2025-03-19 23:30:11,54.311,-0.82677168,0.137,22.132,-1,-1,0.3969852434808727,-5.982949085343897,Before Launch
514,2025-03-19 23:30:11,54.333,0.0164042,0.07,22.129,-1,-1,0.3969852434808727,-5.982949085343897,Before Launch
515,2025-03-19 23:30:11,54.759,-0.58727036,-0.112,22.127,-1,-1,0.38339913297229583,-5.880820213979635,Before Launch
516,2025-03-19 23:30:11,54.782,0.13779528000000002,-0.112,22.129,-1,-1,0.38339913297229583,-5.880820213979635,Before Launch
517,2025-03-19 23:30:11,54.804,-1.2992126400000001,-0.11,22.134,-1,-1,0.3930404380552962,-5.902605488663998,Before Launch
518,2025-03-19 23:30:12,54.826,-0.69553808,0.025,22.129,-1,-1,0.3891452539092512,-5.931492124766319,Before Launch
519,2025-03-19 23:30:12,54.857,-1.2992126400000001,0.004,22.134,-1,-1,0.3891452539092512,-5.931492124766319,Before Launch
520,2025-03-19 23:30:12,55.28,-1.30905516,-0.089,22.127,-1,-1,0.4078423809238497,-5.949809158441279,Before Launch
521,2025-03-19 23:30:12,55.31,-1.2992126400000001,-0.247,22.134,-1,-1,0.4078423809238497,-5.949809158441279,Before Launch
522,2025-03-19 23:30:12,55.332,-1.43044624,-0.158,22.124,-1,-1,0.3998583974173527,-5.946425942663438,Before Launch
523,2025-03-19 23:30:12,55.355,-1.07939636,-0.091,22.122,-1,-1,0.3998583974173527,-5.946425942663438,Before Launch
524,2025-03-19 23:30:12,55.385,-1.54855648,-0.066,22.132,-1,-1,0.3843810240316424,-5.924551847513295,Before Launch
525,2025-03-19 23:30:13,55.808,-1.18766408,-0.114,22.122,-1,-1,0.38784115454288687,-5.891465327894577,Before Launch
526,2025-03-19 23:30:13,55.838,-0.9481627599999999,0.114,22.127,-1,-1,0.38784115454288687,-5.891465327894577,Before Launch
527,2025-03-19 23:30:13,55.861,-0.58727036,-0.25,22.127,-1,-1,0.4010030066910837,-5.9107129197508925,Before Launch
528,2025-03-19 23:30:13,55.883,-1.2992126400000001,-0.156,22.134,-1,-1,0.4010030066910837,-5.9107129197508925,Before Launch
529,2025-03-19 23:30:13,55.906,-1.05643048,-0.043,22.137,-1,-1,0.39016741285475326,-5.924118876232722,Before Launch
530,2025-03-19 23:30:13,56.332,-0.9481627599999999,-0.138,22.127,-1,-1,0.3914518899881102,-5.936421097129965,Before Launch
531,2025-03-19 23:30:13,56.354,0.0164042,-0.046,22.129,-1,-1,0.37245193058105763,-5.935093060493011,Before Launch
532,2025-03-19 23:30:13,56.376,-0.58727036,-0.138,22.127,-1,-1,0.3705836077243481,-5.938867885415778,Before Launch
533,2025-03-19 23:30:13,56.407,-0.9383202399999999,-0.065,22.127,-1,-1,0.3705836077243481,-5.938867885415778,Before Launch
534,2025-03-19 23:30:13,56.429,0.49868767999999997,0.07,22.127,-1,-1,0.37505732031911104,-5.9691119153611245,Before Launch
535,2025-03-19 23:30:14,56.852,-0.10498688,0.116,22.124,-1,-1,0.3841479984355135,-5.989778538289009,Before Launch
536,2025-03-19 23:30:14,56.878,-0.58727036,0.162,22.127,-1,-1,0.3729870317317226,-5.983724773701885,Before Launch
537,2025-03-19 23:30:14,56.901,-0.10170604,-0.021,22.132,-1,-1,0.3729870317317226,-5.983724773701885,Before Launch
538,2025-03-19 23:30:14,56.923,-0.46587927999999995,-0.228,22.124,-1,-1,0.3915791288088516,-5.96426848278841,Before Launch
539,2025-03-19 23:30:14,56.946,-1.43044624,-0.227,22.127,-1,-1,0.39641805190554624,-5.955729555436479,Before Launch
540,2025-03-19 23:30:14,57.382,0.62007876,0.321,22.132,-1,-1,0.33153377660564753,-5.940014205520751,Before Launch
541,2025-03-19 23:30:14,57.408,-0.574147,0.025,22.142,-1,-1,0.3458582123379676,-5.911795907111798,Before Launch
542,2025-03-19 23:30:14,57.43,-0.7053806,0.046,22.129,-1,-1,0.3458582123379676,-5.911795907111798,Before Launch
543,2025-03-19 23:30:14,57.452,-0.82677168,0.228,22.132,-1,-1,0.36104045258616924,-5.95693694852076,Before Launch
544,2025-03-19 23:30:14,57.475,-0.9481627599999999,-0.044,22.124,-1,-1,0.3532671005589933,-5.936110582764865,Before Launch
545,2025-03-19 23:30:15,57.91,0.49868767999999997,0.069,22.127,-1,-1,0.4176241833693234,-5.945906113211682,Before Launch
546,2025-03-19 23:30:15,57.936,1.3451444,0.413,22.124,-1,-1,0.41463996332288966,-5.935465676387803,Before Launch
547,2025-03-19 23:30:15,57.961,-0.82677168,-0.021,22.132,-1,-1,0.41463996332288966,-5.935465676387803,Before Launch
548,2025-03-19 23:30:15,57.984,-0.22309712,-0.022,22.127,-1,-1,0.37826678069707437,-5.95219451590528,Before Launch
549,2025-03-19 23:30:15,58.012,-0.574147,-0.021,22.134,-1,-1,0.4112612184772972,-5.97985305149052,Before Launch
550,2025-03-19 23:30:15,58.439,0.0164042,0.435,22.129,-1,-1,0.33453510779045176,-5.991698297492682,Before Launch
551,2025-03-19 23:30:15,58.465,-0.46587927999999995,0.067,22.129,-1,-1,0.3419505710304924,-5.9603136986754714,Before Launch
552,2025-03-19 23:30:15,58.487,-0.82677168,-0.23,22.132,-1,-1,0.3419505710304924,-5.9603136986754714,Before Launch
553,2025-03-19 23:30:15,58.51,-1.06955384,-0.094,22.129,-1,-1,0.34040107265579084,-5.942570897374124,Before Launch
554,2025-03-19 23:30:15,58.532,-1.6732284,-0.117,22.132,-1,-1,0.33349024281409123,-5.959401492154657,Before Launch
555,2025-03-19 23:30:16,58.968,-0.22309712,0.298,22.132,-1,-1,0.323393202189496,-6.033697005062059,Before Launch
556,2025-03-19 23:30:16,58.994,-2.15223104,-0.115,22.129,-1,-1,0.3359667100780906,-6.048936115192502,Before Launch
557,2025-03-19 23:30:16,59.016,-1.43044624,0.0,22.129,-1,-1,0.3359667100780906,-6.048936115192502,Before Launch
558,2025-03-19 23:30:16,59.039,-1.18766408,0.044,22.132,-1,-1,0.34022264746215325,-5.987078517720482,Before Launch
559,2025-03-19 23:30:16,59.061,-1.18766408,0.0,22.117,-1,-1,0.34316299904215597,-5.981096017809563,Before Launch
560,2025-03-19 23:30:16,59.497,-1.55183732,-0.298,22.124,-1,-1,0.4373941651032662,-5.986749875001299,Before Launch
561,2025-03-19 23:30:16,59.523,-0.82677168,0.115,22.132,-1,-1,0.4358271121537084,-6.021424436758589,Before Launch
562,2025-03-19 23:30:16,59.545,-0.7053806,0.367,22.129,-1,-1,0.4358271121537084,-6.021424436758589,Before Launch
563,2025-03-19 23:30:16,59.569,-1.06955384,-0.046,22.127,-1,-1,0.3912873099004877,-6.017725218670426,Before Launch
564,2025-03-19 23:30:16,59.597,-0.46587927999999995,-0.092,22.127,-1,-1,0.33809871707612693,-6.009719801783741,Before Launch
565,2025-03-19 23:30:17,60.025,-0.34448819999999997,0.046,22.129,-1,-1,0.40533294700023487,-5.954473253726487,Before Launch
566,2025-03-19 23:30:17,60.051,-1.66010504,-0.341,22.137,-1,-1,0.3832089188778596,-5.94573511299113,Before Launch
567,2025-03-19 23:30:17,60.078,-0.574147,0.137,22.134,-1,-1,0.3832089188778596,-5.94573511299113,Before Launch
568,2025-03-19 23:30:17,60.101,-0.46587927999999995,0.044,22.124,-1,-1,0.3825865702689408,-5.9497363073541125,Before Launch
569,2025-03-19 23:30:17,60.128,-1.91272972,-0.116,22.132,-1,-1,0.3838307590668013,-5.966860638474128,Before Launch
570,2025-03-19 23:30:17,60.554,0.25918636,0.297,22.127,-1,-1,0.3405110844954411,-6.002721155025403,Before Launch
571,2025-03-19 23:30:17,60.58,0.49868767999999997,0.341,22.127,-1,-1,0.3280343576837014,-6.001032597955133,Before Launch
572,2025-03-19 23:30:17,60.606,-0.9481627599999999,0.091,22.127,-1,-1,0.3280343576837014,-6.001032597955133,Before Launch
573,2025-03-19 23:30:17,60.629,-1.18766408,-0.021,22.132,-1,-1,0.3375872788032676,-5.991631815108592,Before Launch
574,2025-03-19 23:30:17,60.656,-0.82677168,0.137,22.124,-1,-1,0.33468807146030716,-5.982439750068136,Before Launch
575,2025-03-19 23:30:18,61.084,-1.2992126400000001,-0.021,22.134,-1,-1,0.3979581155952916,-5.927251203718394,Before Launch
576,2025-03-19 23:30:18,61.11,-0.22309712,0.138,22.127,-1,-1,0.3905509395072568,-5.928939447851043,Before Launch
577,2025-03-19 23:30:18,61.132,-0.46587927999999995,0.023,22.132,-1,-1,0.3905509395072568,-5.928939447851043,Before Launch
578,2025-03-19 23:30:18,61.154,-1.30905516,-0.002,22.129,-1,-1,0.3783400469073828,-5.9197645566903265,Before Launch
579,2025-03-19 23:30:18,61.177,-0.9481627599999999,0.021,22.124,-1,-1,0.3699908278506259,-5.9402430191445115,Before Launch
580,2025-03-19 23:30:18,61.613,-0.69553808,0.048,22.137,-1,-1,0.3311002773108968,-5.985904770528379,Before Launch
581,2025-03-19 23:30:18,61.64,-0.33464568,-0.066,22.137,-1,-1,0.34548105627364706,-5.986453240789036,Before Launch
582,2025-03-19 23:30:18,61.662,-1.18766408,-0.114,22.132,-1,-1,0.34548105627364706,-5.986453240789036,Before Launch
583,2025-03-19 23:30:18,61.685,-0.34448819999999997,0.113,22.132,-1,-1,0.38987756610912316,-6.024914932681498,Before Launch
584,2025-03-19 23:30:18,61.715,-0.82677168,-0.251,22.127,-1,-1,0.38948714807624707,-6.0036971494398275,Before Launch
585,2025-03-19 23:30:19,62.144,0.25918636,0.069,22.132,-1,-1,0.3596319021329139,-5.925128519565987,Before Launch
586,2025-03-19 23:30:19,62.171,-0.82677168,-0.045,22.132,-1,-1,0.3726627338400219,-5.930086536682244,Before Launch
587,2025-03-19 23:30:19,62.193,-0.46587927999999995,-0.069,22.132,-1,-1,0.3726627338400219,-5.930086536682244,Before Launch
588,2025-03-19 23:30:19,62.216,-0.9383202399999999,-0.089,22.134,-1,-1,0.3921126195836673,-5.902094424554679,Before Launch
589,2025-03-19 23:30:19,62.244,-0.22309712,0.228,22.127,-1,-1,0.3997885765973156,-5.9291995923443785,Before Launch
590,2025-03-19 23:30:19,62.674,-0.34448819999999997,-0.182,22.129,-1,-1,0.332657515505089,-5.899762607883753,Before Launch
591,2025-03-19 23:30:19,62.699,-1.18766408,-0.116,22.132,-1,-1,0.3245333922008685,-5.875456788294541,Before Launch
592,2025-03-19 23:30:19,62.726,-1.89960636,-0.225,22.139,-1,-1,0.3245333922008685,-5.875456788294541,Before Launch
593,2025-03-19 23:30:19,62.748,-1.66010504,-0.157,22.142,-1,-1,0.3374733082354106,-5.881158183639631,Before Launch
594,2025-03-19 23:30:19,62.776,-1.2992126400000001,-0.066,22.134,-1,-1,0.35156150755034465,-5.908068320662594,Before Launch
595,2025-03-19 23:30:20,63.202,-1.2992126400000001,-0.34,22.134,-1,-1,0.36742760994972173,-5.926544212388771,Before Launch
596,2025-03-19 23:30:20,63.228,-1.66010504,-0.568,22.142,-1,-1,0.36718796351812194,-5.943625505020328,Before Launch
597,2025-03-19 23:30:20,63.251,-1.05643048,-0.043,22.137,-1,-1,0.36718796351812194,-5.943625505020328,Before Launch
598,2025-03-19 23:30:20,63.273,0.25918636,0.091,22.132,-1,-1,0.3902256669836862,-5.9537787487049805,Before Launch
599,2025-03-19 23:30:20,63.296,-0.9383202399999999,-0.069,22.124,-1,-1,0.39403052064477184,-6.005388753615358,Before Launch
600,2025-03-19 23:30:20,63.731,-1.17782156,-0.226,22.139,-1,-1,0.4075923903565267,-6.0176412820660845,Before Launch
601,2025-03-19 23:30:20,63.757,-1.91272972,-0.273,22.132,-1,-1,0.3842134050094179,-5.99293765213488,Before Launch
602,2025-03-19 23:30:20,63.781,-2.50328092,-0.317,22.137,-1,-1,0.3842134050094179,-5.99293765213488,Before Launch
603,2025-03-19 23:30:20,63.804,-0.9350394,0.025,22.137,-1,-1,0.40777811335990255,-6.0226582737874566,Before Launch
604,2025-03-19 23:30:21,63.832,-0.69553808,0.184,22.134,-1,-1,0.3971857176580408,-6.00013497152047,Before Launch
605,2025-03-19 23:30:21,64.26,-0.9383202399999999,-0.135,22.134,-1,-1,0.4060187774896869,-6.051418102528758,Before Launch
606,2025-03-19 23:30:21,64.286,-0.9383202399999999,0.229,22.134,-1,-1,0.4143062915895634,-6.004286778043001,Before Launch
607,2025-03-19 23:30:21,64.309,-0.33464568,0.207,22.137,-1,-1,0.4143062915895634,-6.004286778043001,Before Launch
608,2025-03-19 23:30:21,64.332,-0.9383202399999999,0.047,22.134,-1,-1,0.41909585763680185,-6.018795819225563,Before Launch
609,2025-03-19 23:30:21,64.36,-0.33464568,0.161,22.137,-1,-1,0.4457878160305688,-5.98176935778408,Before Launch
610,2025-03-19 23:30:21,64.789,-0.9383202399999999,0.116,22.137,-1,-1,0.35198095446070593,-6.029860230176311,Before Launch
611,2025-03-19 23:30:22,64.814,-0.7053806,0.023,22.129,-1,-1,0.36605096400942216,-6.00328882698079,Before Launch
612,2025-03-19 23:30:22,64.837,-0.34448819999999997,0.068,22.129,-1,-1,0.36605096400942216,-6.00328882698079,Before Launch
613,2025-03-19 23:30:22,64.86,-0.69553808,0.071,22.137,-1,-1,0.37880693056416465,-6.015398133572576,Before Launch
614,2025-03-19 23:30:22,64.888,-0.34448819999999997,0.023,22.129,-1,-1,0.38216824995034276,-5.988641197631588,Before Launch
615,2025-03-19 23:30:22,65.317,-0.58727036,-0.046,22.127,-1,-1,0.3838732424590955,-5.988413871402678,Before Launch
616,2025-03-19 23:30:22,65.343,-0.46587927999999995,0.226,22.132,-1,-1,0.37515488952688164,-5.966668280526367,Before Launch
617,2025-03-19 23:30:22,65.365,-1.54855648,-0.184,22.132,-1,-1,0.37515488952688164,-5.966668280526367,Before Launch
618,2025-03-19 23:30:22,65.388,-0.69553808,-0.043,22.137,-1,-1,0.3790144724771364,-5.97015062422012,Before Launch
619,2025-03-19 23:30:22,65.411,-1.66010504,0.048,22.129,-1,-1,0.3816994557880097,-5.956268476362542,Before Launch
620,2025-03-19 23:30:23,65.846,-1.42060372,-0.317,22.137,-1,-1,0.37011765987658907,-6.002076487466356,Before Launch
621,2025-03-19 23:30:23,65.872,0.62007876,0.023,22.134,-1,-1,0.3589963134839964,-5.97910035302417,Before Launch
622,2025-03-19 23:30:23,65.897,-0.33464568,0.116,22.137,-1,-1,0.3589963134839964,-5.97910035302417,Before Launch
623,2025-03-19 23:30:23,65.921,0.38057744,0.296,22.127,-1,-1,0.3889730756140593,-5.982874324079934,Before Launch
624,2025-03-19 23:30:23,65.944,0.029527559999999998,0.162,22.129,-1,-1,0.37779124061190894,-5.96687311583094,Before Launch
625,2025-03-19 23:30:23,66.38,-1.53871396,-0.045,22.139,-1,-1,0.3949231470197634,-6.0815523845051125,Before Launch
626,2025-03-19 23:30:23,66.407,0.87270344,0.207,22.134,-1,-1,0.40301390169735996,-6.098084039057321,Before Launch
627,2025-03-19 23:30:23,66.429,-0.81692916,-0.066,22.139,-1,-1,0.40301390169735996,-6.098084039057321,Before Launch
628,2025-03-19 23:30:23,66.452,-0.10170604,0.228,22.132,-1,-1,0.40918037543857017,-6.112749801270248,Before Launch
629,2025-03-19 23:30:23,66.474,-0.21325460000000002,0.139,22.134,-1,-1,0.4242145706487953,-6.09826641548733,Before Launch
630,2025-03-19 23:30:24,66.909,-1.17782156,-0.091,22.139,-1,-1,0.3196207253283432,-6.052564913330091,Before Launch
631,2025-03-19 23:30:24,66.935,-0.69553808,-0.068,22.137,-1,-1,0.3631598722654591,-6.027746879118029,Before Launch
632,2025-03-19 23:30:24,66.958,-0.45275592000000003,0.139,22.139,-1,-1,0.3631598722654591,-6.027746879118029,Before Launch
633,2025-03-19 23:30:24,66.98,-0.33464568,0.002,22.137,-1,-1,0.3798020372314978,-6.0058859590090545,Before Launch
634,2025-03-19 23:30:24,67.003,-0.574147,0.048,22.134,-1,-1,0.33610882956747395,-5.962786503020299,Before Launch
635,2025-03-19 23:30:24,67.438,0.25918636,0.0,22.129,-1,-1,0.2865284948436104,-5.924572447574398,Before Launch
636,2025-03-19 23:30:24,67.464,-0.69553808,0.025,22.137,-1,-1,0.2544700671999474,-5.888179000711842,Before Launch
637,2025-03-19 23:30:24,67.487,0.25918636,0.137,22.132,-1,-1,0.2544700671999474,-5.888179000711842,Before Launch
638,2025-03-19 23:30:24,67.509,0.0164042,0.18,22.129,-1,-1,0.22307861993708245,-5.859493756045213,Before Launch
639,2025-03-19 23:30:24,67.532,0.0164042,0.045,22.129,-1,-1,0.19803604724965862,-5.845347919089284,Before Launch
640,2025-03-19 23:30:25,67.97,-0.69553808,-0.066,22.139,-1,-1,0.340034040645481,-5.89219759662513,Before Launch
641,2025-03-19 23:30:25,67.995,-0.46587927999999995,0.136,22.132,-1,-1,0.33797436343893744,-5.885187911130936,Before Launch
642,2025-03-19 23:30:25,68.018,-0.9350394,0.182,22.142,-1,-1,0.33797436343893744,-5.885187911130936,Before Launch
643,2025-03-19 23:30:25,68.04,-0.22309712,0.272,22.127,-1,-1,0.31866080568514626,-5.885693623263698,Before Launch
644,2025-03-19 23:30:25,68.063,-0.81692916,0.091,22.139,-1,-1,0.33981437748639415,-5.884353012693956,Before Launch
645,2025-03-19 23:30:25,68.498,-1.42060372,-0.023,22.137,-1,-1,0.3922418056443671,-6.005512465681851,Before Launch
646,2025-03-19 23:30:25,68.524,-0.69553808,0.182,22.137,-1,-1,0.3962316789865627,-5.997529545957171,Before Launch
647,2025-03-19 23:30:25,68.546,-1.05643048,0.0,22.137,-1,-1,0.3962316789865627,-5.997529545957171,Before Launch
648,2025-03-19 23:30:25,68.569,-0.82677168,-0.205,22.132,-1,-1,0.37212749919763854,-5.968740742675187,Before Launch
649,2025-03-19 23:30:25,68.591,-2.02099744,-0.204,22.132,-1,-1,0.3817942490152057,-5.952487510449058,Before Launch
650,2025-03-19 23:30:26,69.027,-1.54855648,-0.07,22.132,-1,-1,0.33722199578260104,-5.958965538391485,Before Launch
651,2025-03-19 23:30:26,69.053,0.029527559999999998,0.367,22.137,-1,-1,0.3287258271639578,-5.96121800551404,Before Launch
652,2025-03-19 23:30:26,69.076,-1.2992126400000001,0.227,22.134,-1,-1,0.3287258271639578,-5.96121800551404,Before Launch
653,2025-03-19 23:30:26,69.1,-0.33464568,0.113,22.137,-1,-1,0.3574439042179833,-6.010202697214786,Before Launch
654,2025-03-19 23:30:26,69.123,-1.2992126400000001,-0.114,22.134,-1,-1,0.37371851253577126,-5.986772508920697,Before Launch
655,2025-03-19 23:30:26,69.559,-0.9383202399999999,0.0,22.134,-1,-1,0.35943949843855694,-5.943218435686749,Before Launch
656,2025-03-19 23:30:26,69.585,-1.05643048,-0.022,22.139,-1,-1,0.3696959029891772,-5.966500403409163,Before Launch
657,2025-03-19 23:30:26,69.609,-0.46587927999999995,-0.025,22.132,-1,-1,0.3696959029891772,-5.966500403409163,Before Launch
658,2025-03-19 23:30:26,69.632,-0.45275592000000003,0.092,22.139,-1,-1,0.3782660012120931,-5.962611908775042,Before Launch
659,2025-03-19 23:30:26,69.655,-0.69553808,-0.068,22.137,-1,-1,0.36494105463502396,-5.940034376792777,Before Launch
660,2025-03-19 23:30:27,70.091,0.029527559999999998,0.183,22.137,-1,-1,0.395933098134288,-6.009287162665204,Before Launch
661,2025-03-19 23:30:27,70.119,-1.7814961200000001,-0.203,22.137,-1,-1,0.3875876447789748,-5.987302522690879,Before Launch
662,2025-03-19 23:30:27,70.141,-0.574147,-0.043,22.142,-1,-1,0.3875876447789748,-5.987302522690879,Before Launch
663,2025-03-19 23:30:27,70.165,-0.9383202399999999,-0.046,22.134,-1,-1,0.3854569248147503,-5.981291476725545,Before Launch
664,2025-03-19 23:30:27,70.188,-0.10170604,0.046,22.137,-1,-1,0.40753960875607814,-5.971748717899699,Before Launch
665,2025-03-19 23:30:27,70.623,-0.82677168,-0.045,22.132,-1,-1,0.3312212096446595,-5.955710507949499,Before Launch
666,2025-03-19 23:30:27,70.649,-1.43044624,-0.182,22.134,-1,-1,0.319326526469607,-5.954525535425454,Before Launch
667,2025-03-19 23:30:27,70.671,-0.82677168,0.136,22.132,-1,-1,0.319326526469607,-5.954525535425454,Before Launch
668,2025-03-19 23:30:27,70.694,-0.33464568,0.068,22.137,-1,-1,0.3019821331065059,-5.978445107927782,Before Launch
669,2025-03-19 23:30:27,70.717,-0.33464568,0.25,22.132,-1,-1,0.30231681549908207,-5.9325211532424085,Before Launch
670,2025-03-19 23:30:28,71.153,-0.82677168,0.112,22.132,-1,-1,0.3965722567753481,-5.985464296372856,Before Launch
671,2025-03-19 23:30:28,71.179,-0.81692916,-0.271,22.144,-1,-1,0.41193124307956125,-5.962722646661244,Before Launch
672,2025-03-19 23:30:28,71.206,-1.42060372,-0.205,22.137,-1,-1,0.41193124307956125,-5.962722646661244,Before Launch
673,2025-03-19 23:30:28,71.229,-1.7814961200000001,-0.407,22.137,-1,-1,0.34907850730827067,-5.960747281134874,Before Launch
674,2025-03-19 23:30:28,71.255,-1.2959318,-0.25,22.142,-1,-1,0.3511235990887163,-5.926772487578423,Before Launch
675,2025-03-19 23:30:28,71.682,-1.17782156,0.068,22.139,-1,-1,0.3423024171282536,-5.951887215937006,Before Launch
676,2025-03-19 23:30:28,71.708,-0.46587927999999995,-0.253,22.132,-1,-1,0.33753320532341385,-5.968068645158798,Before Launch
677,2025-03-19 23:30:28,71.733,-0.21325460000000002,0.114,22.142,-1,-1,0.33753320532341385,-5.968068645158798,Before Launch
678,2025-03-19 23:30:28,71.756,-0.21325460000000002,-0.021,22.134,-1,-1,0.3320391692029703,-5.971737028294708,Before Launch
679,2025-03-19 23:30:28,71.784,-0.45275592000000003,-0.045,22.139,-1,-1,0.3659499596006422,-5.988634731665197,Before Launch
680,2025-03-19 23:30:29,72.21,-1.05643048,0.023,22.137,-1,-1,0.38330539983991757,-5.926018324652163,Before Launch
681,2025-03-19 23:30:29,72.236,-0.82677168,-0.025,22.132,-1,-1,0.3686542741871527,-5.916264243568158,Before Launch
682,2025-03-19 23:30:29,72.261,-0.81692916,-0.069,22.139,-1,-1,0.3686542741871527,-5.916264243568158,Before Launch
683,2025-03-19 23:30:29,72.284,0.14763779999999999,0.091,22.142,-1,-1,0.38188194266156,-5.925917716193573,Before Launch
684,2025-03-19 23:30:29,72.312,-1.17782156,-0.114,22.132,-1,-1,0.38347346360058365,-5.90798947535858,Before Launch
685,2025-03-19 23:30:29,72.74,-1.42060372,-0.317,22.137,-1,-1,0.3447610173130027,-5.949005941922938,Before Launch
686,2025-03-19 23:30:29,72.766,-1.05643048,-0.068,22.139,-1,-1,0.3695635652036133,-5.928781856581842,Before Launch
687,2025-03-19 23:30:29,72.788,0.51181104,0.048,22.134,-1,-1,0.3695635652036133,-5.928781856581842,Before Launch
688,2025-03-19 23:30:30,72.811,-0.9350394,-0.179,22.142,-1,-1,0.41281489061739296,-5.947635108759364,Before Launch
689,2025-03-19 23:30:30,72.833,-0.69553808,-0.134,22.139,-1,-1,0.43555033558869705,-5.9366101681220425,Before Launch
690,2025-03-19 23:30:30,73.272,0.13779528000000002,0.157,22.127,-1,-1,0.34086128562264606,-5.889033063141361,Before Launch
691,2025-03-19 23:30:30,73.298,-1.91272972,-0.273,22.129,-1,-1,0.3139741950733631,-5.942029260820021,Before Launch
692,2025-03-19 23:30:30,73.32,-1.42060372,-0.092,22.137,-1,-1,0.3139741950733631,-5.942029260820021,Before Launch
693,2025-03-19 23:30:30,73.342,0.029527559999999998,0.048,22.137,-1,-1,0.32432215703624095,-5.913070292963919,Before Launch
694,2025-03-19 23:30:30,73.373,0.25918636,0.203,22.132,-1,-1,0.2863001670385202,-5.910822193924183,Before Launch
695,2025-03-19 23:30:30,73.8,-1.17782156,0.046,22.129,-1,-1,0.361038361131701,-5.912754764564329,Before Launch
696,2025-03-19 23:30:31,73.826,-0.9383202399999999,-0.046,22.134,-1,-1,0.37316220203714423,-5.907853858750122,Before Launch
697,2025-03-19 23:30:31,73.848,-0.45275592000000003,0.114,22.139,-1,-1,0.37316220203714423,-5.907853858750122,Before Launch
698,2025-03-19 23:30:31,73.871,-0.7053806,0.023,22.129,-1,-1,0.384931165798295,-5.926588260246885,Before Launch
699,2025-03-19 23:30:31,73.901,-0.45275592000000003,0.295,22.139,-1,-1,0.38381787472576173,-5.945675446387771,Before Launch
700,2025-03-19 23:30:31,74.33,-2.02099744,-0.089,22.142,-1,-1,0.38426258795420404,-5.904083688715667,Before Launch
701,2025-03-19 23:30:31,74.356,-0.9350394,-0.182,22.142,-1,-1,0.3527999989743063,-5.913876879015623,Before Launch
702,2025-03-19 23:30:31,74.378,-0.81692916,0.091,22.139,-1,-1,0.3527999989743063,-5.913876879015623,Before Launch
703,2025-03-19 23:30:31,74.4,0.029527559999999998,0.069,22.139,-1,-1,0.3528640702653886,-5.925194763055782,Before Launch
704,2025-03-19 23:30:31,74.423,-1.05643048,0.046,22.132,-1,-1,0.38191512548026135,-5.937810683010778,Before Launch
705,2025-03-19 23:30:32,74.859,0.39041995999999995,0.251,22.137,-1,-1,0.3871975438788463,-5.907610403119714,Before Launch
706,2025-03-19 23:30:32,74.885,-0.574147,0.091,22.134,-1,-1,0.39620832875613254,-5.911329909962903,Before Launch
707,2025-03-19 23:30:32,74.907,-1.17782156,-0.134,22.139,-1,-1,0.39620832875613254,-5.911329909962903,Before Launch
708,2025-03-19 23:30:32,74.929,0.029527559999999998,0.091,22.137,-1,-1,0.38841860109390713,-5.910471139476493,Before Launch
709,2025-03-19 23:30:32,74.952,0.029527559999999998,0.137,22.134,-1,-1,0.38841860109390713,-5.910471139476493,Before Launch
710,2025-03-19 23:30:32,75.379,0.029527559999999998,0.0,22.137,-1,-1,0.3466294497870022,-5.954083231760802,Before Launch
711,2025-03-19 23:30:32,75.401,0.14763779999999999,0.365,22.134,-1,-1,0.3466294497870022,-5.954083231760802,Before Launch
712,2025-03-19 23:30:32,75.423,-0.21325460000000002,0.068,22.134,-1,-1,0.350126491602662,-5.980652526369658,Before Launch
713,2025-03-19 23:30:32,75.446,0.029527559999999998,0.183,22.137,-1,-1,0.350126491602662,-5.980652526369658,Before Launch
714,2025-03-19 23:30:32,75.469,-0.9350394,-0.158,22.142,-1,-1,0.3611814705269776,-5.9866077364225525,Before Launch
715,2025-03-19 23:30:33,75.897,-0.574147,0.048,22.142,-1,-1,0.3342717287185186,-6.026883179831451,Before Launch
716,2025-03-19 23:30:33,75.92,0.51181104,0.368,22.134,-1,-1,0.3480548607390606,-5.998168052790792,Before Launch
717,2025-03-19 23:30:33,75.948,-0.9383202399999999,-0.021,22.134,-1,-1,0.37064526046913415,-6.0111746611476375,Before Launch
718,2025-03-19 23:30:33,75.973,-0.45275592000000003,-0.022,22.139,-1,-1,0.37064526046913415,-6.0111746611476375,Before Launch
719,2025-03-19 23:30:33,75.996,-0.10170604,0.044,22.139,-1,-1,0.38567538174235644,-6.001862745478601,Before Launch
720,2025-03-19 23:30:33,76.424,-0.45275592000000003,0.071,22.139,-1,-1,0.3580817194175365,-5.945651506053088,Before Launch
721,2025-03-19 23:30:33,76.446,0.87270344,0.321,22.142,-1,-1,0.3618561697594502,-5.929264656465518,Before Launch
722,2025-03-19 23:30:33,76.469,0.26902888,0.321,22.139,-1,-1,0.3618561697594502,-5.929264656465518,Before Launch
723,2025-03-19 23:30:33,76.499,0.99409452,0.527,22.139,-1,-1,0.3608234327910218,-5.9104301522646745,Before Launch
724,2025-03-19 23:30:33,76.522,0.14763779999999999,0.274,22.134,-1,-1,0.35613454227728997,-5.929510667909094,Before Launch
725,2025-03-19 23:30:34,76.945,-1.05643048,0.023,22.137,-1,-1,0.3621152823305538,-5.915097026158007,Before Launch
726,2025-03-19 23:30:34,76.971,0.39041995999999995,0.163,22.134,-1,-1,0.32762620152877575,-5.904414255624315,Before Launch
727,2025-03-19 23:30:34,76.993,-0.33464568,-0.023,22.137,-1,-1,0.32762620152877575,-5.904414255624315,Before Launch
728,2025-03-19 23:30:34,77.016,1.23359584,0.275,22.134,-1,-1,0.343264540302382,-5.888476985469537,Before Launch
729,2025-03-19 23:30:34,77.038,0.029527559999999998,0.092,22.134,-1,-1,0.3684377497024051,-5.886568355975965,Before Launch
730,2025-03-19 23:30:34,77.475,-0.33464568,0.137,22.137,-1,-1,0.4108089468153664,-5.963536657520801,Before Launch
731,2025-03-19 23:30:34,77.502,0.63320212,0.277,22.144,-1,-1,0.4071838638207796,-5.924682900710059,Before Launch
732,2025-03-19 23:30:34,77.524,0.39041995999999995,0.229,22.137,-1,-1,0.4071838638207796,-5.924682900710059,Before Launch
733,2025-03-19 23:30:34,77.546,-0.9350394,-0.206,22.142,-1,-1,0.38406163980527397,-5.916352978917568,Before Launch
734,2025-03-19 23:30:34,77.569,-0.33464568,0.16,22.139,-1,-1,0.40249478605719713,-5.923249945136877,Before Launch
735,2025-03-19 23:30:35,78.004,-1.41732288,0.001,22.144,-1,-1,0.3317353162892634,-5.946592578236663,Before Launch
736,2025-03-19 23:30:35,78.03,-0.81692916,0.045,22.139,-1,-1,0.3464384265936755,-5.941444464576934,Before Launch
737,2025-03-19 23:30:35,78.052,-0.45275592000000003,-0.183,22.139,-1,-1,0.3464384265936755,-5.941444464576934,Before Launch
738,2025-03-19 23:30:35,78.075,-1.05643048,-0.023,22.144,-1,-1,0.3508368922057169,-5.934678430683126,Before Launch
739,2025-03-19 23:30:35,78.098,0.029527559999999998,0.138,22.144,-1,-1,0.3668146739782907,-5.957298634886297,Before Launch
740,2025-03-19 23:30:35,78.533,0.25918636,0.023,22.132,-1,-1,0.3482085603191833,-5.964597629987826,Before Launch
741,2025-03-19 23:30:35,78.558,-1.17782156,0.14,22.139,-1,-1,0.36009407790322245,-5.990957499636209,Before Launch
742,2025-03-19 23:30:35,78.581,-1.7814961200000001,-0.069,22.137,-1,-1,0.36009407790322245,-5.990957499636209,Before Launch
743,2025-03-19 23:30:35,78.603,-0.33464568,-0.069,22.137,-1,-1,0.34152003508172696,-5.992946196420027,Before Launch
744,2025-03-19 23:30:35,78.626,-0.9383202399999999,-0.228,22.134,-1,-1,0.3393373257003581,-6.003799053818912,Before Launch
745,2025-03-19 23:30:36,79.063,0.75131236,0.367,22.137,-1,-1,0.3885010171696712,-6.013312363589123,Before Launch
746,2025-03-19 23:30:36,79.09,0.51181104,0.275,22.142,-1,-1,0.4111249531312102,-5.981172799108382,Before Launch
747,2025-03-19 23:30:36,79.112,0.51181104,0.183,22.142,-1,-1,0.4111249531312102,-5.981172799108382,Before Launch
748,2025-03-19 23:30:36,79.135,-0.45275592000000003,0.048,22.139,-1,-1,0.3926223524684954,-5.9496785266973875,Before Launch
749,2025-03-19 23:30:36,79.158,-0.09186352,0.069,22.137,-1,-1,0.3999137381741024,-5.90561606121333,Before Launch
750,2025-03-19 23:30:36,79.593,0.029527559999999998,0.39,22.137,-1,-1,0.4339953473731328,-6.0045529505028785,Before Launch
751,2025-03-19 23:30:36,79.619,-1.05643048,-0.023,22.137,-1,-1,0.3868292497802341,-6.024634436594214,Before Launch
752,2025-03-19 23:30:36,79.641,-0.9350394,-0.022,22.142,-1,-1,0.3868292497802341,-6.024634436594214,Before Launch
753,2025-03-19 23:30:36,79.664,-0.574147,-0.115,22.134,-1,-1,0.3779209873804972,-5.980103537834188,Before Launch
754,2025-03-19 23:30:36,79.686,-2.14238852,-0.206,22.142,-1,-1,0.3683254442369442,-5.955512082109665,Before Launch
755,2025-03-19 23:30:37,80.123,-0.21325460000000002,-0.115,22.134,-1,-1,0.4400457942629243,-5.98798114504166,Before Launch
756,2025-03-19 23:30:37,80.15,-0.574147,0.0,22.142,-1,-1,0.404031298184333,-5.99326866774913,Before Launch
757,2025-03-19 23:30:37,80.173,0.14763779999999999,0.252,22.134,-1,-1,0.404031298184333,-5.99326866774913,Before Launch
758,2025-03-19 23:30:37,80.195,-0.9350394,-0.183,22.142,-1,-1,0.37608519030409465,-5.948432866308273,Before Launch
759,2025-03-19 23:30:37,80.218,-0.81692916,-0.161,22.139,-1,-1,0.36919331410299044,-5.981709765932145,Before Launch
760,2025-03-19 23:30:37,80.653,-1.05643048,-0.206,22.142,-1,-1,0.42194821890175677,-6.037806018566295,Before Launch
761,2025-03-19 23:30:37,80.679,-1.7814961200000001,-0.366,22.137,-1,-1,0.41806867735754183,-6.012785804885642,Before Launch
762,2025-03-19 23:30:37,80.705,-0.81692916,-0.114,22.139,-1,-1,0.41806867735754183,-6.012785804885642,Before Launch
763,2025-03-19 23:30:37,80.728,-0.33136484,-0.068,22.144,-1,-1,0.4097476489258297,-5.987867116045169,Before Launch
764,2025-03-19 23:30:37,80.756,0.6430446400000001,0.298,22.146,-1,-1,0.39316908783618676,-5.9660975247640025,Before Launch
765,2025-03-19 23:30:38,81.183,-1.41732288,-0.16,22.144,-1,-1,0.3764201528506212,-5.974937461456454,Before Launch
766,2025-03-19 23:30:38,81.208,0.63320212,0.023,22.139,-1,-1,0.398546111768568,-5.971542465124165,Before Launch
767,2025-03-19 23:30:38,81.233,-0.574147,0.069,22.137,-1,-1,0.398546111768568,-5.971542465124165,Before Launch
768,2025-03-19 23:30:38,81.256,-0.81692916,-0.069,22.139,-1,-1,0.38867133323643716,-5.987258601896631,Before Launch
769,2025-03-19 23:30:38,81.284,-0.69225724,-0.112,22.144,-1,-1,0.39606117957417036,-5.982303850412026,Before Launch
770,2025-03-19 23:30:38,81.711,0.15091864,0.114,22.142,-1,-1,0.40475106264377847,-5.999189824915393,Before Launch
771,2025-03-19 23:30:38,81.737,-0.09186352,-0.182,22.139,-1,-1,0.3895672579455362,-5.983253985542381,Before Launch
772,2025-03-19 23:30:38,81.759,-1.05643048,-0.251,22.144,-1,-1,0.3895672579455362,-5.983253985542381,Before Launch
773,2025-03-19 23:30:38,81.781,-1.66010504,-0.502,22.142,-1,-1,0.37368234067038963,-5.981158094534371,Before Launch
774,2025-03-19 23:30:39,81.804,-0.81692916,-0.183,22.142,-1,-1,0.3710774622558632,-5.9433838336477605,Before Launch
775,2025-03-19 23:30:39,82.239,-1.41732288,-0.068,22.144,-1,-1,0.4405832082027806,-5.980746878836214,Before Launch
776,2025-03-19 23:30:39,82.265,-0.4429134,-0.157,22.146,-1,-1,0.4450944821968496,-5.9494137972156595,Before Launch
777,2025-03-19 23:30:39,82.288,-0.33464568,0.0,22.142,-1,-1,0.4450944821968496,-5.9494137972156595,Before Launch
778,2025-03-19 23:30:39,82.31,-0.45275592000000003,-0.319,22.139,-1,-1,0.4752169737074961,-5.933444767636281,Before Launch
779,2025-03-19 23:30:39,82.333,0.14763779999999999,0.022,22.146,-1,-1,0.45358734283596447,-5.940538761404037,Before Launch
780,2025-03-19 23:30:39,82.768,-1.8897638399999999,-0.294,22.146,-1,-1,0.36931962055627443,-6.0358217546165855,Before Launch
781,2025-03-19 23:30:39,82.794,-0.69225724,-0.25,22.144,-1,-1,0.37876764817992903,-6.021388924623758,Before Launch
782,2025-03-19 23:30:40,82.816,0.7545932000000001,0.069,22.144,-1,-1,0.37876764817992903,-6.021388924623758,Before Launch
783,2025-03-19 23:30:40,82.838,0.39041995999999995,0.25,22.142,-1,-1,0.3707155019295421,-5.9972046374977435,Before Launch
784,2025-03-19 23:30:40,82.861,0.39041995999999995,0.137,22.137,-1,-1,0.37961724816758186,-5.957871328229891,Before Launch
785,2025-03-19 23:30:40,83.296,-0.45275592000000003,0.182,22.139,-1,-1,0.3338147138088515,-5.867170786552566,Before Launch
786,2025-03-19 23:30:40,83.322,0.51181104,0.251,22.142,-1,-1,0.31021482857524585,-5.8587786455451045,Before Launch
787,2025-03-19 23:30:40,83.344,-0.574147,-0.023,22.142,-1,-1,0.31021482857524585,-5.8587786455451045,Before Launch
788,2025-03-19 23:30:40,83.367,-1.66010504,-0.114,22.142,-1,-1,0.29565039031468676,-5.826369574864186,Before Launch
789,2025-03-19 23:30:40,83.39,-0.4429134,-0.089,22.142,-1,-1,0.3146127427901439,-5.799633469377836,Before Launch
790,2025-03-19 23:30:41,83.825,-0.4429134,-0.133,22.146,-1,-1,0.345661848343413,-5.89173720552748,Before Launch
791,2025-03-19 23:30:41,83.851,-1.4074803599999999,-0.043,22.152,-1,-1,0.3473846229362176,-5.915574489826592,Before Launch
792,2025-03-19 23:30:41,83.873,-1.1679790399999999,0.116,22.139,-1,-1,0.3473846229362176,-5.915574489826592,Before Launch
793,2025-03-19 23:30:41,83.896,-1.04658796,-0.135,22.152,-1,-1,0.351950923414492,-5.889727596234283,Before Launch
794,2025-03-19 23:30:41,83.918,-0.45275592000000003,0.092,22.146,-1,-1,0.3170561022386478,-5.899115896060009,Before Launch
795,2025-03-19 23:30:41,84.354,-0.09186352,-0.159,22.139,-1,-1,0.30415993489927035,-5.929644144807627,Before Launch
796,2025-03-19 23:30:41,84.38,-0.33136484,-0.159,22.144,-1,-1,0.31950091087608506,-5.962025021651654,Before Launch
797,2025-03-19 23:30:41,84.402,-0.33136484,-0.159,22.144,-1,-1,0.31950091087608506,-5.962025021651654,Before Launch
798,2025-03-19 23:30:41,84.424,-0.56430448,-0.021,22.149,-1,-1,0.32191613292746213,-5.958600778506191,Before Launch
799,2025-03-19 23:30:41,84.455,0.15091864,0.046,22.142,-1,-1,0.3381196188990737,-5.979792871188594,Before Launch
800,2025-03-19 23:30:42,84.883,-1.2959318,-0.251,22.142,-1,-1,0.3902957068961502,-5.960617122388946,Before Launch
801,2025-03-19 23:30:42,84.909,-0.69225724,0.069,22.144,-1,-1,0.409979322396155,-5.940074334172312,Before Launch
802,2025-03-19 23:30:42,84.931,-0.9350394,0.0,22.142,-1,-1,0.409979322396155,-5.940074334172312,Before Launch
803,2025-03-19 23:30:42,84.953,-0.45275592000000003,0.023,22.142,-1,-1,0.43152969676827324,-5.961020670705794,Before Launch
804,2025-03-19 23:30:42,84.983,0.63320212,0.524,22.137,-1,-1,0.44994063515679406,-5.94896789800727,Before Launch
805,2025-03-19 23:30:42,85.412,-0.08202100000000001,0.025,22.146,-1,-1,0.43800809308949684,-5.9571408405680195,Before Launch
806,2025-03-19 23:30:42,85.438,-0.08202100000000001,0.093,22.139,-1,-1,0.42996668432200896,-5.942741160404447,Before Launch
807,2025-03-19 23:30:42,85.46,-0.33136484,-0.091,22.144,-1,-1,0.42996668432200896,-5.942741160404447,Before Launch
808,2025-03-19 23:30:42,85.483,0.39041995999999995,0.251,22.137,-1,-1,0.4173162370444729,-5.904580971225196,Before Launch
809,2025-03-19 23:30:42,85.505,-0.09186352,0.137,22.139,-1,-1,0.4173162370444729,-5.904580971225196,Before Launch
810,2025-03-19 23:30:43,85.942,-0.81692916,0.045,22.139,-1,-1,0.3792378889962446,-5.9287813734629475,Before Launch
811,2025-03-19 23:30:43,85.968,-0.69225724,0.206,22.144,-1,-1,0.37585101311939334,-5.927357802263829,Before Launch
812,2025-03-19 23:30:43,85.991,-0.9350394,-0.022,22.142,-1,-1,0.37585101311939334,-5.927357802263829,Before Launch
813,2025-03-19 23:30:43,86.013,-1.17782156,-0.16,22.139,-1,-1,0.38892616459583296,-5.950799572562664,Before Launch
814,2025-03-19 23:30:43,86.037,-0.45275592000000003,-0.207,22.139,-1,-1,0.38892616459583296,-5.950799572562664,Before Launch
815,2025-03-19 23:30:43,86.462,-0.69225724,0.137,22.137,-1,-1,0.4227884467916038,-5.982828860411091,Before Launch
816,2025-03-19 23:30:43,86.484,-0.81692916,-0.275,22.139,-1,-1,0.4227884467916038,-5.982828860411091,Before Launch
817,2025-03-19 23:30:43,86.507,0.15091864,0.137,22.142,-1,-1,0.4262456459651189,-5.995678121349435,Before Launch
818,2025-03-19 23:30:43,86.529,-0.21325460000000002,0.114,22.142,-1,-1,0.4262456459651189,-5.995678121349435,Before Launch
819,2025-03-19 23:30:43,86.552,-0.69225724,0.0,22.144,-1,-1,0.4361360722417385,-6.006005965104251,Before Launch
820,2025-03-19 23:30:44,86.978,-1.2959318,-0.275,22.142,-1,-1,0.3319766930092764,-5.986430359707314,Before Launch
821,2025-03-19 23:30:44,87.001,0.26902888,0.069,22.139,-1,-1,0.3337393714144204,-6.005136338802614,Before Launch
822,2025-03-19 23:30:44,87.028,0.029527559999999998,0.206,22.137,-1,-1,0.3488274309631397,-5.976532690597991,Before Launch
823,2025-03-19 23:30:44,87.053,-1.1679790399999999,0.093,22.142,-1,-1,0.3488274309631397,-5.976532690597991,Before Launch
824,2025-03-19 23:30:44,87.075,-0.33464568,0.091,22.137,-1,-1,0.37978686510382687,-5.914287086807081,Before Launch
825,2025-03-19 23:30:44,87.499,0.26902888,0.321,22.139,-1,-1,0.3518635403259795,-5.942013057970149,Before Launch
826,2025-03-19 23:30:44,87.521,0.029527559999999998,0.09,22.137,-1,-1,0.35047485669846273,-5.960148225574082,Before Launch
827,2025-03-19 23:30:44,87.544,-0.45275592000000003,-0.022,22.139,-1,-1,0.35047485669846273,-5.960148225574082,Before Launch
828,2025-03-19 23:30:44,87.566,-0.09186352,0.069,22.139,-1,-1,0.37104078023882386,-5.954511293372439,Before Launch
829,2025-03-19 23:30:44,87.589,-0.33464568,-0.092,22.134,-1,-1,0.3779210387010048,-5.948984742255373,Before Launch
830,2025-03-19 23:30:45,88.024,-0.33136484,0.296,22.144,-1,-1,0.38381287536664055,-5.959196193093643,Before Launch
831,2025-03-19 23:30:45,88.05,-0.45275592000000003,0.046,22.139,-1,-1,0.388921063302079,-5.971808489884253,Before Launch
832,2025-03-19 23:30:45,88.072,-0.20013124,-0.182,22.149,-1,-1,0.388921063302079,-5.971808489884253,Before Launch
833,2025-03-19 23:30:45,88.095,-1.1679790399999999,-0.296,22.146,-1,-1,0.4121261425627011,-5.952862063042556,Before Launch
834,2025-03-19 23:30:45,88.118,-0.21325460000000002,-0.115,22.142,-1,-1,0.42145407422592923,-5.975936162030036,Before Launch
835,2025-03-19 23:30:45,88.554,-0.21325460000000002,0.046,22.142,-1,-1,0.3519437018143906,-5.959605605148411,Before Launch
836,2025-03-19 23:30:45,88.58,-0.69553808,-0.23,22.137,-1,-1,0.34606569409616406,-5.957150245630863,Before Launch
837,2025-03-19 23:30:45,88.602,-0.574147,0.0,22.142,-1,-1,0.34606569409616406,-5.957150245630863,Before Launch
838,2025-03-19 23:30:45,88.625,-0.33464568,0.252,22.137,-1,-1,0.3326339358953745,-5.988862321717407,Before Launch
839,2025-03-19 23:30:45,88.648,-0.09186352,0.067,22.139,-1,-1,0.3326339358953745,-5.988862321717407,Before Launch
840,2025-03-19 23:30:46,89.084,0.39041995999999995,0.158,22.144,-1,-1,0.3461963715918044,-5.890038619279399,Before Launch
841,2025-03-19 23:30:46,89.11,-0.69225724,0.136,22.144,-1,-1,0.35736256541217454,-5.864802932398599,Before Launch
842,2025-03-19 23:30:46,89.132,-0.08202100000000001,0.206,22.146,-1,-1,0.35736256541217454,-5.864802932398599,Before Launch
843,2025-03-19 23:30:46,89.157,-0.9350394,0.021,22.142,-1,-1,0.36541666302171555,-5.89068957817516,Before Launch
844,2025-03-19 23:30:46,89.185,0.26902888,0.137,22.139,-1,-1,0.3539743313101247,-5.929063692689141,Before Launch
845,2025-03-19 23:30:46,89.612,-0.45275592000000003,-0.069,22.139,-1,-1,0.3987559298240416,-5.9511529552238205,Before Launch
846,2025-03-19 23:30:46,89.638,-0.69225724,-0.069,22.144,-1,-1,0.4094555848467805,-5.951447651016602,Before Launch
847,2025-03-19 23:30:46,89.661,-0.4429134,-0.021,22.146,-1,-1,0.4094555848467805,-5.951447651016602,Before Launch
848,2025-03-19 23:30:46,89.684,-0.45275592000000003,0.021,22.139,-1,-1,0.4174583757289165,-5.959535170023729,Before Launch
849,2025-03-19 23:30:46,89.713,-0.574147,-0.138,22.142,-1,-1,0.41737876662894136,-5.948854509850641,Before Launch
850,2025-03-19 23:30:47,90.142,-2.14238852,-0.161,22.144,-1,-1,0.33296004109042127,-5.966108547510437,Before Launch
851,2025-03-19 23:30:47,90.169,-0.08202100000000001,0.116,22.146,-1,-1,0.343885450130289,-5.987430416835084,Before Launch
852,2025-03-19 23:30:47,90.192,-0.09186352,0.16,22.139,-1,-1,0.343885450130289,-5.987430416835084,Before Launch
853,2025-03-19 23:30:47,90.214,0.26902888,0.137,22.142,-1,-1,0.3464226531924367,-6.001721110078005,Before Launch
854,2025-03-19 23:30:47,90.237,-0.81692916,-0.276,22.139,-1,-1,0.3464226531924367,-6.001721110078005,Before Launch
855,2025-03-19 23:30:47,90.663,-0.8038058,-0.137,22.146,-1,-1,0.4536439264953208,-5.904102494069367,Before Launch
856,2025-03-19 23:30:47,90.686,-0.33136484,-0.048,22.144,-1,-1,0.4536439264953208,-5.904102494069367,Before Launch
857,2025-03-19 23:30:47,90.708,-0.4429134,-0.021,22.146,-1,-1,0.43836157792414726,-5.929143249410099,Before Launch
858,2025-03-19 23:30:47,90.73,-1.4074803599999999,-0.343,22.152,-1,-1,0.43836157792414726,-5.929143249410099,Before Launch
859,2025-03-19 23:30:47,90.761,1.72900268,0.346,22.146,-1,-1,0.4304921532949354,-5.927129636684432,Before Launch
860,2025-03-19 23:30:48,91.192,-0.33136484,0.092,22.144,-1,-1,0.41718112027567356,-5.9199915567420565,Before Launch
861,2025-03-19 23:30:48,91.215,0.51181104,0.229,22.142,-1,-1,0.41718112027567356,-5.9199915567420565,Before Launch
862,2025-03-19 23:30:48,91.238,0.15091864,0.207,22.149,-1,-1,0.411460555218549,-5.963237439852319,Before Launch
863,2025-03-19 23:30:48,91.26,-0.20013124,0.186,22.144,-1,-1,0.41242485244706173,-5.974717514691881,Before Launch
864,2025-03-19 23:30:48,91.291,-0.20013124,0.048,22.149,-1,-1,0.41242485244706173,-5.974717514691881,Before Launch
865,2025-03-19 23:30:48,91.714,-1.17782156,-0.092,22.142,-1,-1,0.36801794256847664,-5.924737211467636,Before Launch
866,2025-03-19 23:30:48,91.744,0.14763779999999999,0.183,22.134,-1,-1,0.36801794256847664,-5.924737211467636,Before Launch
867,2025-03-19 23:30:48,91.766,-0.69553808,-0.161,22.137,-1,-1,0.38667547514321116,-5.9404485717373285,Before Launch
868,2025-03-19 23:30:48,91.788,-0.69225724,-0.091,22.146,-1,-1,0.39146257631797937,-5.918432643799668,Before Launch
869,2025-03-19 23:30:49,91.819,-0.09186352,0.114,22.134,-1,-1,0.39146257631797937,-5.918432643799668,Before Launch
870,2025-03-19 23:30:49,92.242,-1.05643048,0.045,22.129,-1,-1,0.385753183909649,-5.971003645507642,Before Launch
871,2025-03-19 23:30:49,92.272,-1.17782156,-0.274,22.137,-1,-1,0.385753183909649,-5.971003645507642,Before Launch
872,2025-03-19 23:30:49,92.294,-0.7053806,-0.14,22.129,-1,-1,0.40416775022956497,-5.962491637411836,Before Launch
873,2025-03-19 23:30:49,92.317,-2.2637796,-0.208,22.139,-1,-1,0.40416775022956497,-5.962491637411836,Before Launch
874,2025-03-19 23:30:49,92.339,-0.33464568,0.0,22.137,-1,-1,0.39009293008280926,-5.963908706132044,Before Launch
875,2025-03-19 23:30:49,92.765,-0.21325460000000002,-0.092,22.142,-1,-1,0.4145431393562203,-5.947747448783196,Before Launch
876,2025-03-19 23:30:49,92.787,-0.9383202399999999,-0.184,22.134,-1,-1,0.3981128338431894,-5.934222086893746,Before Launch
877,2025-03-19 23:30:50,92.815,-0.45275592000000003,0.0,22.139,-1,-1,0.40491788082756347,-5.941439261528402,Before Launch
878,2025-03-19 23:30:50,92.839,-1.52887144,-0.273,22.146,-1,-1,0.40491788082756347,-5.941439261528402,Before Launch
879,2025-03-19 23:30:50,92.862,-1.05643048,-0.137,22.144,-1,-1,0.41066937108026785,-5.944612802281334,Before Launch
880,2025-03-19 23:30:50,93.285,-0.33464568,-0.001,22.137,-1,-1,0.37943911421179355,-5.9432408032345645,Before Launch
881,2025-03-19 23:30:50,93.307,0.14763779999999999,0.114,22.134,-1,-1,0.37517004398647946,-5.935830402157206,Before Launch
882,2025-03-19 23:30:50,93.33,-0.574147,-0.071,22.134,-1,-1,0.37517004398647946,-5.935830402157206,Before Launch
883,2025-03-19 23:30:50,93.352,-0.10170604,0.203,22.132,-1,-1,0.32792544749140146,-5.9263148402645935,Before Launch
884,2025-03-19 23:30:50,93.375,0.14763779999999999,0.069,22.137,-1,-1,0.34242081880609054,-5.928143922052684,Before Launch
885,2025-03-19 23:30:51,93.812,0.62007876,0.158,22.132,-1,-1,0.3348695969093938,-5.8958051188039615,Before Launch
886,2025-03-19 23:30:51,93.838,-1.05643048,-0.069,22.139,-1,-1,0.3694670370579379,-5.887447166040112,Before Launch
887,2025-03-19 23:30:51,93.861,-0.45275592000000003,0.023,22.139,-1,-1,0.3694670370579379,-5.887447166040112,Before Launch
888,2025-03-19 23:30:51,93.884,0.25918636,0.113,22.132,-1,-1,0.40719231635454994,-5.84869593752747,Before Launch
889,2025-03-19 23:30:51,93.912,-1.05643048,-0.183,22.137,-1,-1,0.4290036732466518,-5.834838642922326,Before Launch
890,2025-03-19 23:30:51,94.341,-0.574147,-0.183,22.134,-1,-1,0.35675630092028804,-5.956435502034501,Before Launch
891,2025-03-19 23:30:51,94.367,-0.21325460000000002,0.091,22.134,-1,-1,0.3616900549998333,-5.947471220076472,Before Launch
892,2025-03-19 23:30:51,94.389,-1.18766408,-0.21,22.139,-1,-1,0.3616900549998333,-5.947471220076472,Before Launch
893,2025-03-19 23:30:51,94.412,-0.21325460000000002,0.137,22.134,-1,-1,0.36863397266680464,-5.950777156221852,Before Launch
894,2025-03-19 23:30:51,94.442,-0.69225724,-0.183,22.144,-1,-1,0.3723145148689751,-5.982176259278977,Before Launch
895,2025-03-19 23:30:52,94.871,0.75131236,0.229,22.137,-1,-1,0.4193899468652768,-6.036928987828959,Before Launch
896,2025-03-19 23:30:52,94.898,0.25918636,0.181,22.132,-1,-1,0.42614815675194867,-6.047102098278265,Before Launch
897,2025-03-19 23:30:52,94.922,-0.574147,-0.025,22.134,-1,-1,0.42614815675194867,-6.047102098278265,Before Launch
898,2025-03-19 23:30:52,94.945,-0.46587927999999995,-0.002,22.132,-1,-1,0.3798958846481418,-5.992347422766568,Before Launch
899,2025-03-19 23:30:52,94.973,-0.574147,0.0,22.134,-1,-1,0.380684397243265,-5.9762949713562605,Before Launch
900,2025-03-19 23:30:52,95.402,-0.33464568,0.344,22.137,-1,-1,0.387281335949398,-5.891813551854154,Before Launch
901,2025-03-19 23:30:52,95.428,-1.05643048,-0.185,22.137,-1,-1,0.36269115419124576,-5.875264308085588,Before Launch
902,2025-03-19 23:30:52,95.453,-0.45275592000000003,-0.069,22.134,-1,-1,0.36269115419124576,-5.875264308085588,Before Launch
903,2025-03-19 23:30:52,95.476,-0.9350394,-0.229,22.142,-1,-1,0.3735818630220106,-5.860663729577541,Before Launch
904,2025-03-19 23:30:52,95.504,-0.81692916,0.0,22.139,-1,-1,0.36437616694125985,-5.842994539941913,Before Launch
905,2025-03-19 23:30:53,95.931,-0.69553808,0.021,22.137,-1,-1,0.410788951782056,-5.923981985333641,Before Launch
906,2025-03-19 23:30:53,95.957,-0.574147,-0.046,22.134,-1,-1,0.43185297109186294,-5.906913148518313,Before Launch
907,2025-03-19 23:30:53,95.979,-1.06955384,-0.119,22.129,-1,-1,0.43185297109186294,-5.906913148518313,Before Launch
908,2025-03-19 23:30:53,96.001,-0.46587927999999995,0.179,22.132,-1,-1,0.3958733702435886,-5.945512408195133,Before Launch
909,2025-03-19 23:30:53,96.026,0.62007876,-0.211,22.124,-1,-1,0.3958733702435886,-5.945512408195133,Before Launch
910,2025-03-19 23:30:53,96.462,0.0164042,0.066,22.129,-1,-1,0.3579666169983291,-5.924627955175185,Before Launch
911,2025-03-19 23:30:53,96.489,-0.574147,-0.206,22.134,-1,-1,0.36892208430566154,-5.924594413334331,Before Launch
912,2025-03-19 23:30:53,96.511,-0.09186352,-0.046,22.139,-1,-1,0.36892208430566154,-5.924594413334331,Before Launch
913,2025-03-19 23:30:53,96.534,-0.69553808,-0.094,22.137,-1,-1,0.3585617298398319,-5.939049338373257,Before Launch
914,2025-03-19 23:30:53,96.556,-0.22309712,-0.004,22.127,-1,-1,0.33458459654099965,-5.939873649274333,Before Launch
915,2025-03-19 23:30:54,96.992,-0.10170604,0.204,22.132,-1,-1,0.37655321294753213,-5.993983694910379,Before Launch
916,2025-03-19 23:30:54,97.017,-0.21325460000000002,-0.068,22.134,-1,-1,0.403892607139983,-5.972153009060773,Before Launch
917,2025-03-19 23:30:54,97.04,0.49868767999999997,0.226,22.127,-1,-1,0.403892607139983,-5.972153009060773,Before Launch
918,2025-03-19 23:30:54,97.062,-0.9383202399999999,-0.047,22.134,-1,-1,0.42243315502445156,-5.9600253701462025,Before Launch
919,2025-03-19 23:30:54,97.085,-1.2992126400000001,-0.229,22.132,-1,-1,0.41921959800975556,-5.9853551106031695,Before Launch
920,2025-03-19 23:30:54,97.52,0.029527559999999998,0.206,22.137,-1,-1,0.34507518613543015,-5.907355845451084,Before Launch
921,2025-03-19 23:30:54,97.546,-0.574147,0.114,22.134,-1,-1,0.31532384396330715,-5.920970492728107,Before Launch
922,2025-03-19 23:30:54,97.568,-0.33464568,0.07,22.137,-1,-1,0.31532384396330715,-5.920970492728107,Before Launch
923,2025-03-19 23:30:54,97.591,-0.33464568,0.366,22.129,-1,-1,0.3175013217500207,-5.956208578451113,Before Launch
924,2025-03-19 23:30:54,97.613,-0.574147,-0.045,22.132,-1,-1,0.35166592956030945,-5.942379664075357,Before Launch
925,2025-03-19 23:30:55,98.049,-0.9383202399999999,-0.137,22.134,-1,-1,0.4178241907932841,-5.943954954699564,Before Launch
926,2025-03-19 23:30:55,98.075,-0.69553808,0.046,22.137,-1,-1,0.41523833834945784,-5.952707253517439,Before Launch
927,2025-03-19 23:30:55,98.097,-0.34448819999999997,0.02,22.129,-1,-1,0.41523833834945784,-5.952707253517439,Before Launch
928,2025-03-19 23:30:55,98.119,-1.2959318,0.044,22.142,-1,-1,0.4255329800161582,-5.946796994105517,Before Launch
929,2025-03-19 23:30:55,98.142,-0.33464568,0.137,22.137,-1,-1,0.4220571881670815,-5.937859598466252,Before Launch
930,2025-03-19 23:30:55,98.578,0.0164042,0.066,22.129,-1,-1,0.3609898561377059,-5.949871749291486,Before Launch
931,2025-03-19 23:30:55,98.603,-1.42060372,-0.296,22.137,-1,-1,0.3521892594945248,-5.993509125270635,Before Launch
932,2025-03-19 23:30:55,98.626,-0.21325460000000002,0.068,22.134,-1,-1,0.3521892594945248,-5.993509125270635,Before Launch
933,2025-03-19 23:30:55,98.648,0.029527559999999998,0.025,22.137,-1,-1,0.36695559024433033,-5.975319213844889,Before Launch
934,2025-03-19 23:30:55,98.671,-0.34448819999999997,-0.093,22.129,-1,-1,0.36695559024433033,-5.975319213844889,Before Launch
935,2025-03-19 23:30:56,99.098,-0.69553808,-0.249,22.137,-1,-1,0.33739957488364514,-5.98447828497449,Before Launch
936,2025-03-19 23:30:56,99.12,-0.10170604,0.181,22.132,-1,-1,0.33739957488364514,-5.98447828497449,Before Launch
937,2025-03-19 23:30:56,99.142,0.13779528000000002,0.112,22.127,-1,-1,0.34914800393713774,-5.954257619648824,Before Launch
938,2025-03-19 23:30:56,99.165,-0.574147,-0.158,22.129,-1,-1,0.34914800393713774,-5.954257619648824,Before Launch
939,2025-03-19 23:30:56,99.188,0.25918636,0.249,22.132,-1,-1,0.3635397109790242,-5.94778066878245,Before Launch
940,2025-03-19 23:30:56,99.614,-0.9481627599999999,-0.071,22.127,-1,-1,0.35295646959180615,-5.936190236803103,Before Launch
941,2025-03-19 23:30:56,99.637,-0.82677168,-0.116,22.124,-1,-1,0.3598199937043613,-5.9532055597818365,Before Launch
942,2025-03-19 23:30:56,99.664,-1.06955384,0.022,22.129,-1,-1,0.3537063811088998,-5.985170656479834,Before Launch
943,2025-03-19 23:30:56,99.689,-0.10170604,0.021,22.132,-1,-1,0.3537063811088998,-5.985170656479834,Before Launch
944,2025-03-19 23:30:56,99.712,-1.06955384,-0.072,22.129,-1,-1,0.36590376956068654,-6.026191319549247,Before Launch
945,2025-03-19 23:30:57,100.14,-0.35433072,-0.21,22.129,-1,-1,0.3417727650120657,-5.981871389201146,Before Launch
946,2025-03-19 23:30:57,100.163,0.25918636,0.0,22.124,-1,-1,0.3518281771086745,-6.013609644615923,Before Launch
947,2025-03-19 23:30:57,100.185,-0.34448819999999997,0.044,22.129,-1,-1,0.3518281771086745,-6.013609644615923,Before Launch
948,2025-03-19 23:30:57,100.207,-1.30905516,-0.16,22.127,-1,-1,0.34609869871219195,-6.020515079170357,Before Launch
949,2025-03-19 23:30:57,100.234,0.13779528000000002,0.135,22.127,-1,-1,0.3511284026739635,-5.975377330707373,Before Launch
950,2025-03-19 23:30:57,100.661,-0.22309712,0.021,22.127,-1,-1,0.3945252391613733,-6.0080426386844845,Before Launch
951,2025-03-19 23:30:57,100.687,0.25918636,0.25,22.124,-1,-1,0.37510455790043545,-5.970209672102611,Before Launch
952,2025-03-19 23:30:57,100.709,-0.46587927999999995,-0.002,22.124,-1,-1,0.37510455790043545,-5.970209672102611,Before Launch
953,2025-03-19 23:30:57,100.732,0.25918636,0.227,22.132,-1,-1,0.40244239116686137,-5.940283337257103,Before Launch
954,2025-03-19 23:30:57,100.754,0.13779528000000002,0.182,22.122,-1,-1,0.4103175352165524,-5.91918106256589,Before Launch
955,2025-03-19 23:30:58,101.19,-0.7053806,-0.002,22.129,-1,-1,0.4237120985552346,-5.958586295134291,Before Launch
956,2025-03-19 23:30:58,101.218,-1.18766408,-0.117,22.132,-1,-1,0.39685991850545566,-5.977242889592789,Before Launch
957,2025-03-19 23:30:58,101.24,-1.91272972,-0.16,22.132,-1,-1,0.39685991850545566,-5.977242889592789,Before Launch
958,2025-03-19 23:30:58,101.263,-0.34448819999999997,0.023,22.132,-1,-1,0.40356486936270813,-5.980202291836568,Before Launch
959,2025-03-19 23:30:58,101.285,-1.91272972,-0.482,22.129,-1,-1,0.41806727531381677,-6.005815416274223,Before Launch
960,2025-03-19 23:30:58,101.723,-0.574147,-0.112,22.134,-1,-1,0.3892938894656885,-6.004522882231915,Before Launch
961,2025-03-19 23:30:58,101.751,-0.9383202399999999,-0.069,22.134,-1,-1,0.35473335777661086,-6.006685654054401,Before Launch
962,2025-03-19 23:30:58,101.773,0.39041995999999995,0.092,22.137,-1,-1,0.35473335777661086,-6.006685654054401,Before Launch
963,2025-03-19 23:30:58,101.796,-1.42060372,-0.138,22.137,-1,-1,0.37078093236136983,-5.987677553915718,Before Launch
964,2025-03-19 23:30:59,101.819,-1.19094492,-0.184,22.124,-1,-1,0.3908365440919201,-5.990142251410003,Before Launch
965,2025-03-19 23:30:59,102.256,-1.2992126400000001,-0.227,22.134,-1,-1,0.4016108599375519,-6.007308846883033,Before Launch
966,2025-03-19 23:30:59,102.282,0.13779528000000002,0.067,22.127,-1,-1,0.43494818613791225,-6.021916753446227,Before Launch
967,2025-03-19 23:30:59,102.305,-0.21325460000000002,-0.135,22.134,-1,-1,0.43494818613791225,-6.021916753446227,Before Launch
968,2025-03-19 23:30:59,102.327,0.14763779999999999,0.206,22.134,-1,-1,0.43624577223911004,-6.020562718446758,Before Launch
969,2025-03-19 23:30:59,102.35,-0.46587927999999995,0.158,22.132,-1,-1,0.4298035327288863,-6.003220600084299,Before Launch
970,2025-03-19 23:30:59,102.785,-1.2992126400000001,-0.252,22.134,-1,-1,0.39122066021631535,-5.990440082530173,Before Launch
971,2025-03-19 23:31:00,102.811,-0.33464568,0.045,22.137,-1,-1,0.3914901822232524,-6.003181285003984,Before Launch
972,2025-03-19 23:31:00,102.833,-0.22309712,0.021,22.127,-1,-1,0.3914901822232524,-6.003181285003984,Before Launch
973,2025-03-19 23:31:00,102.856,-0.7053806,-0.07,22.129,-1,-1,0.4152237690787838,-6.0207313407414125,Before Launch
974,2025-03-19 23:31:00,102.879,0.14763779999999999,0.137,22.132,-1,-1,0.40790465584533625,-6.025877251896365,Before Launch
975,2025-03-19 23:31:00,103.314,-0.45275592000000003,0.092,22.139,-1,-1,0.42252978540319125,-5.991181434120471,Before Launch
976,2025-03-19 23:31:00,103.34,-0.574147,0.023,22.134,-1,-1,0.40708752668820364,-6.017442623060315,Before Launch
977,2025-03-19 23:31:00,103.362,-0.46587927999999995,-0.023,22.132,-1,-1,0.40708752668820364,-6.017442623060315,Before Launch
978,2025-03-19 23:31:00,103.385,-0.82677168,0.089,22.132,-1,-1,0.3867604710681919,-5.9892361595817105,Before Launch
979,2025-03-19 23:31:00,103.408,0.87270344,0.229,22.129,-1,-1,0.36823942375745505,-5.989850376734275,Before Launch
980,2025-03-19 23:31:01,103.843,-1.2992126400000001,-0.25,22.132,-1,-1,0.3405981039932174,-5.895358396592869,Before Launch
981,2025-03-19 23:31:01,103.869,0.38057744,0.342,22.129,-1,-1,0.34132022012950836,-5.939648816702596,Before Launch
982,2025-03-19 23:31:01,103.891,-0.10170604,0.021,22.132,-1,-1,0.34132022012950836,-5.939648816702596,Before Launch
983,2025-03-19 23:31:01,103.914,-0.34448819999999997,-0.071,22.129,-1,-1,0.36208772075466494,-5.935527787495046,Before Launch
984,2025-03-19 23:31:01,103.936,0.74146984,0.206,22.129,-1,-1,0.36208772075466494,-5.935527787495046,Before Launch
985,2025-03-19 23:31:01,104.362,-0.82677168,-0.025,22.132,-1,-1,0.3879486630585467,-5.95337408318434,Before Launch
986,2025-03-19 23:31:01,104.385,-0.10170604,0.0,22.124,-1,-1,0.3879486630585467,-5.95337408318434,Before Launch
987,2025-03-19 23:31:01,104.407,-1.18766408,-0.252,22.132,-1,-1,0.4017059104985883,-5.945683569254678,Before Launch
988,2025-03-19 23:31:01,104.43,0.25918636,0.158,22.127,-1,-1,0.4060725005916135,-5.9521595985858395,Before Launch
989,2025-03-19 23:31:01,104.463,0.13779528000000002,-0.023,22.127,-1,-1,0.4060725005916135,-5.9521595985858395,Before Launch
990,2025-03-19 23:31:02,104.891,0.38057744,0.252,22.129,-1,-1,0.385486908277938,-6.023324735355582,Before Launch
991,2025-03-19 23:31:02,104.916,-0.82677168,0.0,22.132,-1,-1,0.385486908277938,-6.023324735355582,Before Launch
992,2025-03-19 23:31:02,104.938,-0.46587927999999995,0.114,22.124,-1,-1,0.3830014639952228,-6.0115640098636876,Before Launch
993,2025-03-19 23:31:02,104.961,0.25918636,0.068,22.132,-1,-1,0.3469715873487042,-5.948476293698039,Before Launch
994,2025-03-19 23:31:02,104.992,-1.43044624,-0.068,22.129,-1,-1,0.3469715873487042,-5.948476293698039,Before Launch
995,2025-03-19 23:31:02,105.422,-0.9383202399999999,-0.111,22.134,-1,-1,0.4382739674534721,-5.995607806755389,Before Launch
996,2025-03-19 23:31:02,105.445,-1.54855648,-0.342,22.132,-1,-1,0.4382739674534721,-5.995607806755389,Before Launch
997,2025-03-19 23:31:02,105.467,-0.82677168,-0.091,22.132,-1,-1,0.4204405457977157,-5.984650318917927,Before Launch
998,2025-03-19 23:31:02,105.489,-0.21325460000000002,0.207,22.129,-1,-1,0.4391210194000741,-5.95743145657401,Before Launch
999,2025-03-19 23:31:02,105.52,0.25918636,0.023,22.132,-1,-1,0.4391210194000741,-5.95743145657401,Before Launch
1000,2025-03-19 23:31:03,105.943,-0.9383202399999999,-0.135,22.129,-1,-1,0.32463165579370645,-5.930990725506051,Before Launch
1001,2025-03-19 23:31:03,105.973,-0.46587927999999995,-0.137,22.132,-1,-1,0.32463165579370645,-5.930990725506051,Before Launch
1002,2025-03-19 23:31:03,105.995,-1.2992126400000001,-0.158,22.134,-1,-1,0.3133408711342865,-5.899849889446382,Before Launch
1003,2025-03-19 23:31:03,106.018,-0.82677168,-0.205,22.132,-1,-1,0.3133408711342865,-5.899849889446382,Before Launch
1004,2025-03-19 23:31:03,106.048,-2.50328092,-0.499,22.137,-1,-1,0.2919946446147972,-5.9149598690878795,Before Launch
1005,2025-03-19 23:31:03,106.471,-0.33464568,0.07,22.137,-1,-1,0.3816792260710365,-5.948207148989462,Before Launch
1006,2025-03-19 23:31:03,106.501,0.49868767999999997,0.319,22.127,-1,-1,0.3816792260710365,-5.948207148989462,Before Launch
1007,2025-03-19 23:31:03,106.523,-0.7053806,0.229,22.129,-1,-1,0.3621198501015835,-5.95450326136489,Before Launch
1008,2025-03-19 23:31:03,106.546,-0.34448819999999997,0.0,22.129,-1,-1,0.3621198501015835,-5.95450326136489,Before Launch
1009,2025-03-19 23:31:03,106.568,-0.9383202399999999,0.184,22.134,-1,-1,0.34621242153274095,-5.939291763499447,Before Launch
1010,2025-03-19 23:31:04,106.994,-0.09186352,0.091,22.139,-1,-1,0.3640618346266223,-5.9075449683442836,Before Launch
1011,2025-03-19 23:31:04,107.017,0.62007876,0.296,22.132,-1,-1,0.33305616022893936,-5.920823290451638,Before Launch
1012,2025-03-19 23:31:04,107.044,0.62007876,0.044,22.132,-1,-1,0.3263886736957195,-5.9721401549373905,Before Launch
1013,2025-03-19 23:31:04,107.068,0.75131236,0.412,22.137,-1,-1,0.3263886736957195,-5.9721401549373905,Before Launch
1014,2025-03-19 23:31:04,107.091,-0.33464568,0.162,22.137,-1,-1,0.3229885530699979,-5.956857561912482,Before Launch
1015,2025-03-19 23:31:04,107.514,0.25918636,0.296,22.132,-1,-1,0.3638832545499732,-5.975265787629996,Before Launch
1016,2025-03-19 23:31:04,107.536,-0.34448819999999997,-0.092,22.127,-1,-1,0.3493235959839264,-5.96333954002626,Before Launch
1017,2025-03-19 23:31:04,107.559,-0.46587927999999995,-0.048,22.132,-1,-1,0.3493235959839264,-5.96333954002626,Before Launch
1018,2025-03-19 23:31:04,107.581,0.74146984,0.113,22.129,-1,-1,0.35559083525983143,-5.956236445831433,Before Launch
1019,2025-03-19 23:31:04,107.604,-1.43044624,-0.184,22.132,-1,-1,0.34412378295481627,-5.939772136877736,Before Launch
1020,2025-03-19 23:31:05,108.039,0.62007876,0.365,22.124,-1,-1,0.40761461789446746,-5.918017150905379,Before Launch
1021,2025-03-19 23:31:05,108.065,-0.46587927999999995,-0.025,22.132,-1,-1,0.400357284411146,-5.9578633985213765,Before Launch
1022,2025-03-19 23:31:05,108.087,-0.7053806,-0.092,22.124,-1,-1,0.400357284411146,-5.9578633985213765,Before Launch
1023,2025-03-19 23:31:05,108.11,-0.10170604,0.115,22.132,-1,-1,0.3837081933972926,-5.973796999010893,Before Launch
1024,2025-03-19 23:31:05,108.132,0.38057744,0.044,22.124,-1,-1,0.40967784775608557,-5.933573259076605,Before Launch
1025,2025-03-19 23:31:05,108.568,-0.34448819999999997,0.021,22.129,-1,-1,0.3697870141842003,-5.966593475867927,Before Launch
1026,2025-03-19 23:31:05,108.595,-0.21325460000000002,0.069,22.134,-1,-1,0.3723773347100263,-5.96251811328873,Before Launch
1027,2025-03-19 23:31:05,108.618,-1.18766408,-0.137,22.132,-1,-1,0.3723773347100263,-5.96251811328873,Before Launch
1028,2025-03-19 23:31:05,108.64,-0.7053806,0.023,22.132,-1,-1,0.36902762648163195,-5.959660032114923,Before Launch
1029,2025-03-19 23:31:05,108.663,-0.82677168,-0.323,22.117,-1,-1,0.3921691125795574,-5.934049573664955,Before Launch
1030,2025-03-19 23:31:06,109.099,-1.18766408,0.021,22.132,-1,-1,0.33360339665983896,-5.9863899153326665,Before Launch
1031,2025-03-19 23:31:06,109.125,0.86286092,0.092,22.127,-1,-1,0.3851264265895241,-5.995544903766758,Before Launch
1032,2025-03-19 23:31:06,109.147,0.62007876,0.137,22.132,-1,-1,0.3851264265895241,-5.995544903766758,Before Launch
1033,2025-03-19 23:31:06,109.17,-0.574147,-0.044,22.132,-1,-1,0.3849974912493787,-5.998528180881769,Before Launch
1034,2025-03-19 23:31:06,109.199,0.25918636,-0.092,22.132,-1,-1,0.3943870609737867,-6.020460909978927,Before Launch
1035,2025-03-19 23:31:06,109.63,0.51181104,0.254,22.134,-1,-1,0.3903126736555315,-5.977817192545701,Before Launch
1036,2025-03-19 23:31:06,109.657,-0.58727036,-0.092,22.127,-1,-1,0.36876567582135783,-5.962928279932621,Before Launch
1037,2025-03-19 23:31:06,109.679,0.0164042,0.228,22.129,-1,-1,0.36876567582135783,-5.962928279932621,Before Launch
1038,2025-03-19 23:31:06,109.704,1.22375332,0.183,22.129,-1,-1,0.3694381452332008,-5.972796842222606,Before Launch
1039,2025-03-19 23:31:06,109.732,-0.46587927999999995,-0.115,22.132,-1,-1,0.3879432633064043,-5.972068078553797,Before Launch
1040,2025-03-19 23:31:07,110.159,0.38057744,0.0,22.129,-1,-1,0.36656006205077296,-5.994500903452416,Before Launch
1041,2025-03-19 23:31:07,110.185,0.13779528000000002,0.183,22.132,-1,-1,0.3416502071267389,-5.99241675110861,Before Launch
1042,2025-03-19 23:31:07,110.208,-0.46587927999999995,0.0,22.132,-1,-1,0.3416502071267389,-5.99241675110861,Before Launch
1043,2025-03-19 23:31:07,110.23,0.25918636,0.0,22.132,-1,-1,0.39628370529629137,-6.008944302894539,Before Launch
1044,2025-03-19 23:31:07,110.253,0.14763779999999999,0.3,22.134,-1,-1,0.39628370529629137,-6.008944302894539,Before Launch
1045,2025-03-19 23:31:07,110.679,-0.22309712,0.136,22.127,-1,-1,0.36162063602674066,-6.030267140072926,Before Launch
1046,2025-03-19 23:31:07,110.701,-0.10170604,0.275,22.132,-1,-1,0.36162063602674066,-6.030267140072926,Before Launch
1047,2025-03-19 23:31:07,110.724,-0.82677168,0.0,22.132,-1,-1,0.40567519358980897,-6.026905412677761,Before Launch
1048,2025-03-19 23:31:07,110.746,0.74146984,0.182,22.129,-1,-1,0.40567519358980897,-6.026905412677761,Before Launch
1049,2025-03-19 23:31:07,110.777,0.62007876,0.069,22.124,-1,-1,0.40267868685052444,-5.977269256013217,Before Launch
1050,2025-03-19 23:31:08,111.2,-0.22309712,0.136,22.132,-1,-1,0.4348762932777883,-5.967568088268401,Before Launch
1051,2025-03-19 23:31:08,111.23,-0.9383202399999999,-0.09,22.132,-1,-1,0.4348762932777883,-5.967568088268401,Before Launch
1052,2025-03-19 23:31:08,111.252,-0.69553808,0.115,22.137,-1,-1,0.41413481710576666,-5.976460304860789,Before Launch
1053,2025-03-19 23:31:08,111.274,-0.22309712,0.115,22.127,-1,-1,0.41413481710576666,-5.976460304860789,Before Launch
1054,2025-03-19 23:31:08,111.297,0.38057744,0.549,22.129,-1,-1,0.41258027395970104,-6.019639770136949,Before Launch
1055,2025-03-19 23:31:08,111.723,0.62007876,0.182,22.132,-1,-1,0.3842487958515663,-5.907133059761168,Before Launch
1056,2025-03-19 23:31:08,111.745,-0.574147,-0.205,22.134,-1,-1,0.36089476524459857,-5.883932836921678,Before Launch
1057,2025-03-19 23:31:08,111.773,-1.17782156,-0.09,22.139,-1,-1,0.3290444722662888,-5.879164931146524,Before Launch
1058,2025-03-19 23:31:08,111.798,-0.46587927999999995,-0.023,22.132,-1,-1,0.3290444722662888,-5.879164931146524,Before Launch
1059,2025-03-19 23:31:09,111.82,-2.2637796,-0.252,22.132,-1,-1,0.33675171266132087,-5.861255387210116,Before Launch
1060,2025-03-19 23:31:09,112.243,-0.10170604,-0.002,22.132,-1,-1,0.39817225275249585,-5.961756392266014,Before Launch
1061,2025-03-19 23:31:09,112.266,0.0164042,-0.115,22.129,-1,-1,0.39274994300461263,-5.92154630286146,Before Launch
1062,2025-03-19 23:31:09,112.288,-1.06955384,-0.322,22.129,-1,-1,0.39274994300461263,-5.92154630286146,Before Launch
1063,2025-03-19 23:31:09,112.31,-0.46587927999999995,-0.232,22.124,-1,-1,0.40639646571662225,-5.919239641256769,Before Launch
1064,2025-03-19 23:31:09,112.333,0.14763779999999999,0.092,22.129,-1,-1,0.4065836811891734,-5.929537922339082,Before Launch
1065,2025-03-19 23:31:09,112.768,-0.10170604,-0.069,22.132,-1,-1,0.3988158167003979,-5.9102985991714725,Before Launch
1066,2025-03-19 23:31:09,112.794,0.14763779999999999,0.094,22.134,-1,-1,0.3832103539049134,-5.948848454057739,Before Launch
1067,2025-03-19 23:31:10,112.816,-0.574147,-0.021,22.134,-1,-1,0.3832103539049134,-5.948848454057739,Before Launch
1068,2025-03-19 23:31:10,112.839,-0.21325460000000002,-0.182,22.134,-1,-1,0.37707866864124756,-5.94216678315686,Before Launch
1069,2025-03-19 23:31:10,112.861,-0.33464568,0.208,22.134,-1,-1,0.3620363094969772,-5.947187403247066,Before Launch
1070,2025-03-19 23:31:10,113.297,0.9842519999999999,0.069,22.132,-1,-1,0.3557790491215648,-5.976636862043163,Before Launch
1071,2025-03-19 23:31:10,113.323,0.75131236,0.231,22.137,-1,-1,0.3541002396524245,-5.992368219915499,Before Launch
1072,2025-03-19 23:31:10,113.346,-0.10170604,0.115,22.132,-1,-1,0.3541002396524245,-5.992368219915499,Before Launch
1073,2025-03-19 23:31:10,113.368,0.13779528000000002,0.046,22.127,-1,-1,0.3695958773380298,-5.9975180620347075,Before Launch
1074,2025-03-19 23:31:10,113.39,-0.10170604,-0.092,22.129,-1,-1,0.32967916597174074,-5.991973474067312,Before Launch
1075,2025-03-19 23:31:11,113.827,0.86286092,0.23,22.127,-1,-1,0.37837771369541234,-5.974762627607675,Before Launch
1076,2025-03-19 23:31:11,113.853,0.25918636,0.09,22.124,-1,-1,0.3792212572025326,-5.962682194002213,Before Launch
1077,2025-03-19 23:31:11,113.876,0.0164042,0.229,22.129,-1,-1,0.3792212572025326,-5.962682194002213,Before Launch
1078,2025-03-19 23:31:11,113.898,-1.05643048,-0.067,22.129,-1,-1,0.37973024514522424,-5.940278950912756,Before Launch
1079,2025-03-19 23:31:11,113.927,-0.21325460000000002,0.117,22.134,-1,-1,0.37464475836051886,-5.921889425530911,Before Launch
1080,2025-03-19 23:31:11,114.358,0.38057744,0.298,22.129,-1,-1,0.3986561808804051,-5.9647309244275535,Before Launch
1081,2025-03-19 23:31:11,114.384,-1.06955384,-0.367,22.129,-1,-1,0.37924794187130945,-5.970809136000308,Before Launch
1082,2025-03-19 23:31:11,114.407,-0.7053806,-0.252,22.129,-1,-1,0.37924794187130945,-5.970809136000308,Before Launch
1083,2025-03-19 23:31:11,114.429,-0.46587927999999995,0.021,22.129,-1,-1,0.38135926281252414,-5.977355252354343,Before Launch
1084,2025-03-19 23:31:11,114.453,-0.82677168,-0.207,22.132,-1,-1,0.38135926281252414,-5.977355252354343,Before Launch
1085,2025-03-19 23:31:12,114.878,1.8274278800000001,0.251,22.129,-1,-1,0.3747128974910027,-6.00938195315319,Before Launch
1086,2025-03-19 23:31:12,114.901,-0.34448819999999997,0.046,22.129,-1,-1,0.3747128974910027,-6.00938195315319,Before Launch
1087,2025-03-19 23:31:12,114.923,-0.10170604,-0.023,22.134,-1,-1,0.3939571205102851,-5.997989867988771,Before Launch
1088,2025-03-19 23:31:12,114.945,0.38057744,-0.161,22.129,-1,-1,0.3778391199983119,-5.968096946284387,Before Launch
1089,2025-03-19 23:31:12,114.976,-0.9383202399999999,-0.09,22.134,-1,-1,0.3778391199983119,-5.968096946284387,Before Launch
1090,2025-03-19 23:31:12,115.399,-0.7053806,-0.207,22.127,-1,-1,0.39959660731040914,-6.02094984344724,Before Launch
1091,2025-03-19 23:31:12,115.429,-2.02427828,-0.412,22.134,-1,-1,0.39959660731040914,-6.02094984344724,Before Launch
1092,2025-03-19 23:31:12,115.453,-0.7053806,-0.046,22.129,-1,-1,0.4469003106557939,-6.008743736698055,Before Launch
1093,2025-03-19 23:31:12,115.475,-1.43044624,-0.322,22.129,-1,-1,0.4469003106557939,-6.008743736698055,Before Launch
1094,2025-03-19 23:31:12,115.498,-0.82677168,-0.186,22.132,-1,-1,0.40681872068943525,-5.992007106076531,Before Launch
1095,2025-03-19 23:31:13,115.924,0.0164042,0.046,22.129,-1,-1,0.34822750108868455,-5.974779801487099,Before Launch
1096,2025-03-19 23:31:13,115.947,-0.21325460000000002,-0.021,22.127,-1,-1,0.3448771208096881,-5.980357391347659,Before Launch
1097,2025-03-19 23:31:13,115.969,0.38057744,0.23,22.132,-1,-1,0.3389762361608239,-6.003593691729386,Before Launch
1098,2025-03-19 23:31:13,116.001,0.38057744,-0.069,22.129,-1,-1,0.3389762361608239,-6.003593691729386,Before Launch
1099,2025-03-19 23:31:13,116.023,-0.7053806,-0.253,22.129,-1,-1,0.35663994749484346,-5.983315490838018,Before Launch
1100,2025-03-19 23:31:13,116.452,-0.69553808,-0.09,22.137,-1,-1,0.3837321987785665,-6.040462169605977,Before Launch
1101,2025-03-19 23:31:13,116.474,-0.7053806,0.044,22.129,-1,-1,0.36366862502991465,-5.997712187524356,Before Launch
1102,2025-03-19 23:31:13,116.496,0.38057744,0.205,22.127,-1,-1,0.3580099982999899,-6.011674750242674,Before Launch
1103,2025-03-19 23:31:13,116.526,-0.7053806,-0.092,22.129,-1,-1,0.3580099982999899,-6.011674750242674,Before Launch
1104,2025-03-19 23:31:13,116.549,-1.2992126400000001,-0.32,22.134,-1,-1,0.35271366777494484,-6.009844652533502,Before Launch
1105,2025-03-19 23:31:14,116.972,-0.22309712,-0.161,22.129,-1,-1,0.3721528172130965,-5.912067777899808,Before Launch
1106,2025-03-19 23:31:14,116.996,0.49868767999999997,0.204,22.127,-1,-1,0.3763998400334338,-5.9295670070661055,Before Launch
1107,2025-03-19 23:31:14,117.018,0.25918636,0.274,22.124,-1,-1,0.3763998400334338,-5.9295670070661055,Before Launch
1108,2025-03-19 23:31:14,117.041,0.0164042,0.092,22.129,-1,-1,0.3509560721353605,-5.9705432244505285,Before Launch
1109,2025-03-19 23:31:14,117.063,0.49868767999999997,0.527,22.122,-1,-1,0.3383876022043283,-5.974200888701205,Before Launch
1110,2025-03-19 23:31:14,117.499,0.25918636,0.069,22.124,-1,-1,0.3355543821052238,-5.8651538034449215,Before Launch
1111,2025-03-19 23:31:14,117.525,0.86286092,0.161,22.127,-1,-1,0.32919443784607366,-5.864725355938251,Before Launch
1112,2025-03-19 23:31:14,117.547,-0.58727036,0.092,22.127,-1,-1,0.32919443784607366,-5.864725355938251,Before Launch
1113,2025-03-19 23:31:14,117.57,-0.46587927999999995,0.0,22.132,-1,-1,0.35234654121129805,-5.866144985318366,Before Launch
1114,2025-03-19 23:31:14,117.592,-1.30905516,-0.277,22.127,-1,-1,0.376198622351963,-5.870785902704651,Before Launch
1115,2025-03-19 23:31:15,118.03,-0.22309712,-0.023,22.127,-1,-1,0.369302218259205,-5.934909490113492,Before Launch
1116,2025-03-19 23:31:15,118.056,0.62007876,0.09,22.124,-1,-1,0.33780948298296004,-5.923315572677391,Before Launch
1117,2025-03-19 23:31:15,118.078,-0.34448819999999997,0.044,22.129,-1,-1,0.33780948298296004,-5.923315572677391,Before Launch
1118,2025-03-19 23:31:15,118.101,-0.10170604,0.021,22.132,-1,-1,0.3594774720949974,-5.910657676988298,Before Launch
1119,2025-03-19 23:31:15,118.13,1.22375332,0.296,22.127,-1,-1,0.3544456968016761,-5.909572289628446,Before Launch
1120,2025-03-19 23:31:15,118.558,-1.54855648,-0.481,22.132,-1,-1,0.3651256925772107,-5.9458771908798225,Before Launch
1121,2025-03-19 23:31:15,118.584,0.62007876,-0.025,22.124,-1,-1,0.3704937838556787,-5.9527672690566105,Before Launch
1122,2025-03-19 23:31:15,118.607,0.49868767999999997,0.114,22.132,-1,-1,0.3704937838556787,-5.9527672690566105,Before Launch
1123,2025-03-19 23:31:15,118.629,0.74146984,0.115,22.129,-1,-1,0.3615953487758978,-5.96735991621887,Before Launch
1124,2025-03-19 23:31:15,118.652,-0.21325460000000002,-0.021,22.134,-1,-1,0.3566351288080214,-5.966025748230678,Before Launch
1125,2025-03-19 23:31:16,119.088,0.62007876,-0.046,22.124,-1,-1,0.39294303174191986,-5.921719184544404,Before Launch
1126,2025-03-19 23:31:16,119.113,0.36745408,0.021,22.122,-1,-1,0.40796357376682013,-5.928651635683055,Before Launch
1127,2025-03-19 23:31:16,119.136,0.73162732,0.136,22.122,-1,-1,0.40796357376682013,-5.928651635683055,Before Launch
1128,2025-03-19 23:31:16,119.158,-0.10498688,0.181,22.124,-1,-1,0.40155939662857126,-5.927247919866999,Before Launch
1129,2025-03-19 23:31:16,119.181,1.1023622400000002,0.25,22.127,-1,-1,0.39341804068451114,-5.980759973585149,Before Launch
1130,2025-03-19 23:31:16,119.617,0.00656168,-0.071,22.122,-1,-1,0.3623594536095455,-6.055415977833597,Before Launch
1131,2025-03-19 23:31:16,119.644,-0.22309712,0.161,22.127,-1,-1,0.38956467973870096,-6.010259393874219,Before Launch
1132,2025-03-19 23:31:16,119.666,0.98097116,0.321,22.124,-1,-1,0.38956467973870096,-6.010259393874219,Before Launch
1133,2025-03-19 23:31:16,119.689,-0.34448819999999997,0.023,22.122,-1,-1,0.3558622159603659,-6.006588696581985,Before Launch
1134,2025-03-19 23:31:16,119.712,-0.9481627599999999,-0.023,22.119,-1,-1,0.3333287243737858,-5.981994512709781,Before Launch
1135,2025-03-19 23:31:17,120.147,-0.58727036,-0.458,22.127,-1,-1,0.36889081873991136,-5.911403666866681,Before Launch
1136,2025-03-19 23:31:17,120.174,0.0164042,0.068,22.129,-1,-1,0.32026795183977497,-5.9288972166752165,Before Launch
1137,2025-03-19 23:31:17,120.196,0.9842519999999999,0.206,22.132,-1,-1,0.32026795183977497,-5.9288972166752165,Before Launch
1138,2025-03-19 23:31:17,120.218,-0.10498688,-0.092,22.124,-1,-1,0.32498500726134827,-5.9226476864168225,Before Launch
1139,2025-03-19 23:31:17,120.241,-0.34448819999999997,0.113,22.129,-1,-1,0.34086650151161024,-5.9284229488381115,Before Launch
1140,2025-03-19 23:31:17,120.676,0.14763779999999999,0.162,22.134,-1,-1,0.46445036458954836,-5.909342015451767,Before Launch
1141,2025-03-19 23:31:17,120.702,-0.33464568,0.32,22.137,-1,-1,0.45193014149993527,-5.9303045363653375,Before Launch
1142,2025-03-19 23:31:17,120.725,-0.7053806,0.0,22.129,-1,-1,0.45193014149993527,-5.9303045363653375,Before Launch
1143,2025-03-19 23:31:17,120.747,-0.9383202399999999,0.093,22.134,-1,-1,0.4593694063619476,-5.978031471794745,Before Launch
1144,2025-03-19 23:31:17,120.77,-0.82677168,0.0,22.129,-1,-1,0.44148838303260063,-5.967928889743016,Before Launch
1145,2025-03-19 23:31:18,121.205,-0.10170604,-0.022,22.132,-1,-1,0.3735728249038896,-5.900515650019124,Before Launch
1146,2025-03-19 23:31:18,121.231,0.13779528000000002,0.066,22.127,-1,-1,0.373716214102882,-5.900765900141304,Before Launch
1147,2025-03-19 23:31:18,121.254,0.25918636,-0.023,22.132,-1,-1,0.373716214102882,-5.900765900141304,Before Launch
1148,2025-03-19 23:31:18,121.276,0.49868767999999997,0.022,22.127,-1,-1,0.3367108524535845,-5.909689224472365,Before Launch
1149,2025-03-19 23:31:18,121.299,-0.58727036,0.022,22.127,-1,-1,0.32749221335075246,-5.876072204643442,Before Launch
1150,2025-03-19 23:31:18,121.735,-0.10170604,0.112,22.132,-1,-1,0.3354040347215545,-5.862973997832592,Before Launch
1151,2025-03-19 23:31:18,121.76,0.86286092,0.297,22.127,-1,-1,0.33689221992113766,-5.875985885711094,Before Launch
1152,2025-03-19 23:31:18,121.785,-1.06955384,-0.274,22.129,-1,-1,0.33689221992113766,-5.875985885711094,Before Launch
1153,2025-03-19 23:31:19,121.808,-1.7913386400000002,-0.206,22.129,-1,-1,0.3103898119474094,-5.944172513484292,Before Launch
1154,2025-03-19 23:31:19,121.831,0.25918636,0.295,22.124,-1,-1,0.3190114199154793,-5.932493817838395,Before Launch
1155,2025-03-19 23:31:19,122.267,0.25918636,0.091,22.124,-1,-1,0.4055816210052546,-5.973449539812035,Before Launch
1156,2025-03-19 23:31:19,122.294,0.86286092,0.069,22.127,-1,-1,0.4079461418080086,-5.97723446007926,Before Launch
1157,2025-03-19 23:31:19,122.317,1.58464572,0.25,22.127,-1,-1,0.4079461418080086,-5.97723446007926,Before Launch
1158,2025-03-19 23:31:19,122.339,-0.46587927999999995,-0.091,22.129,-1,-1,0.42018627790093177,-5.999455662881814,Before Launch
1159,2025-03-19 23:31:19,122.362,0.25918636,-0.045,22.127,-1,-1,0.38915018002572144,-5.972995813985051,Before Launch
1160,2025-03-19 23:31:19,122.797,0.14763779999999999,-0.021,22.134,-1,-1,0.3255419651745791,-5.951971680126139,Before Launch
1161,2025-03-19 23:31:20,122.823,-0.46587927999999995,-0.251,22.132,-1,-1,0.347275242017483,-5.945333681730369,Before Launch
1162,2025-03-19 23:31:20,122.845,0.98097116,0.296,22.124,-1,-1,0.347275242017483,-5.945333681730369,Before Launch
1163,2025-03-19 23:31:20,122.868,0.13779528000000002,0.114,22.127,-1,-1,0.3815747752147206,-5.949778250780493,Before Launch
1164,2025-03-19 23:31:20,122.891,-0.22309712,0.205,22.129,-1,-1,0.37432834560105727,-5.951458805407061,Before Launch
1165,2025-03-19 23:31:20,123.327,-0.10498688,0.022,22.124,-1,-1,0.3787774171509574,-5.958469701051835,Before Launch
1166,2025-03-19 23:31:20,123.353,0.00656168,-0.116,22.124,-1,-1,0.3945205706216434,-5.963846780614902,Before Launch
1167,2025-03-19 23:31:20,123.375,0.86286092,0.228,22.127,-1,-1,0.3945205706216434,-5.963846780614902,Before Launch
1168,2025-03-19 23:31:20,123.397,0.86286092,0.182,22.127,-1,-1,0.4105943072478864,-5.962550856272564,Before Launch
1169,2025-03-19 23:31:20,123.42,-1.05643048,-0.431,22.134,-1,-1,0.4066405147847164,-5.95783417643211,Before Launch
1170,2025-03-19 23:31:21,123.855,-0.10170604,0.273,22.124,-1,-1,0.3624048239226923,-5.971006755870643,Before Launch
1171,2025-03-19 23:31:21,123.881,-1.06955384,-0.319,22.129,-1,-1,0.37779611783076483,-5.941905718924204,Before Launch
1172,2025-03-19 23:31:21,123.904,-0.22309712,-0.136,22.127,-1,-1,0.37779611783076483,-5.941905718924204,Before Launch
1173,2025-03-19 23:31:21,123.926,0.74146984,0.0,22.129,-1,-1,0.36510859587370487,-5.915175997217268,Before Launch
1174,2025-03-19 23:31:21,123.949,0.49868767999999997,0.134,22.127,-1,-1,0.36769501163020685,-5.935268002824963,Before Launch
1175,2025-03-19 23:31:21,124.385,-1.07939636,-0.321,22.122,-1,-1,0.3966566889431316,-6.017323670745268,Before Launch
1176,2025-03-19 23:31:21,124.41,-1.19094492,-0.294,22.124,-1,-1,0.39389053776579025,-6.004974045389254,Before Launch
1177,2025-03-19 23:31:21,124.433,-0.58727036,-0.249,22.127,-1,-1,0.39389053776579025,-6.004974045389254,Before Launch
1178,2025-03-19 23:31:21,124.457,-1.18766408,-0.204,22.132,-1,-1,0.3743798044281421,-5.9796238909767645,Before Launch
1179,2025-03-19 23:31:21,124.48,0.38057744,-0.136,22.129,-1,-1,0.3964652359195486,-5.944992062795625,Before Launch
1180,2025-03-19 23:31:22,124.916,-0.7053806,-0.134,22.129,-1,-1,0.3673695336834946,-5.899015160857464,Before Launch
1181,2025-03-19 23:31:22,124.941,-0.7053806,-0.091,22.129,-1,-1,0.37302334901343615,-5.969460965473403,Before Launch
1182,2025-03-19 23:31:22,124.965,-1.43044624,-0.455,22.129,-1,-1,0.37302334901343615,-5.969460965473403,Before Launch
1183,2025-03-19 23:31:22,124.989,0.25918636,0.114,22.124,-1,-1,0.410940002544371,-5.981556405544649,Before Launch
1184,2025-03-19 23:31:22,125.012,-0.7053806,0.046,22.124,-1,-1,0.41730091817716847,-5.990861548247119,Before Launch
1185,2025-03-19 23:31:22,125.447,0.36745408,0.18,22.122,-1,-1,0.3707898210616395,-6.0312251614213,Before Launch
1186,2025-03-19 23:31:22,125.473,-1.30905516,-0.25,22.127,-1,-1,0.3736376385792324,-5.969351974275087,Before Launch
1187,2025-03-19 23:31:22,125.495,-1.30905516,-0.433,22.127,-1,-1,0.3736376385792324,-5.969351974275087,Before Launch
1188,2025-03-19 23:31:22,125.517,0.38057744,0.092,22.129,-1,-1,0.40407446476354225,-5.975137032795302,Before Launch
1189,2025-03-19 23:31:22,125.54,-0.46587927999999995,-0.023,22.127,-1,-1,0.4013340209607086,-5.948092397838707,Before Launch
1190,2025-03-19 23:31:23,125.976,1.7060368000000001,0.294,22.132,-1,-1,0.4081987269416109,-5.959120412886022,Before Launch
1191,2025-03-19 23:31:23,126.002,-1.55183732,-0.23,22.124,-1,-1,0.39326442520941524,-5.967736730179505,Before Launch
1192,2025-03-19 23:31:23,126.024,-1.19094492,-0.092,22.124,-1,-1,0.39326442520941524,-5.967736730179505,Before Launch
1193,2025-03-19 23:31:23,126.047,-0.21325460000000002,0.137,22.134,-1,-1,0.3722200960256125,-6.000761923522825,Before Launch
1194,2025-03-19 23:31:23,126.069,0.38057744,0.228,22.124,-1,-1,0.37231685276925186,-6.0124653113309385,Before Launch
1195,2025-03-19 23:31:23,126.505,-1.30905516,-0.228,22.122,-1,-1,0.3284452526615877,-5.977580538849867,Before Launch
1196,2025-03-19 23:31:23,126.531,-1.19094492,-0.251,22.124,-1,-1,0.35691389173351185,-6.003395165932773,Before Launch
1197,2025-03-19 23:31:23,126.553,-0.58727036,-0.16,22.127,-1,-1,0.35691389173351185,-6.003395165932773,Before Launch
1198,2025-03-19 23:31:23,126.576,0.13779528000000002,-0.068,22.127,-1,-1,0.3812335198447992,-5.99256127568263,Before Launch
1199,2025-03-19 23:31:23,126.598,-0.59711288,-0.002,22.127,-1,-1,0.3418409078853625,-6.005334741032826,Before Launch
1200,2025-03-19 23:31:24,127.034,-1.19094492,-0.206,22.124,-1,-1,0.37972394021112715,-5.910355573508722,Before Launch
1201,2025-03-19 23:31:24,127.059,-0.46587927999999995,-0.251,22.124,-1,-1,0.3453696801097897,-5.868608536537212,Before Launch
1202,2025-03-19 23:31:24,127.082,0.62007876,0.319,22.132,-1,-1,0.3453696801097897,-5.868608536537212,Before Launch
1203,2025-03-19 23:31:24,127.104,-0.34448819999999997,0.273,22.129,-1,-1,0.36275625280084584,-5.891301570216679,Before Launch
1204,2025-03-19 23:31:24,127.127,-0.21325460000000002,-0.089,22.127,-1,-1,0.3472415582982032,-5.982842705411498,Before Launch
1205,2025-03-19 23:31:24,127.562,-0.58727036,-0.16,22.127,-1,-1,0.33623140287789893,-5.99819528312718,Before Launch
1206,2025-03-19 23:31:24,127.588,0.73162732,-0.025,22.129,-1,-1,0.3534064073423364,-6.0141411895030465,Before Launch
1207,2025-03-19 23:31:24,127.611,-0.10498688,-0.319,22.124,-1,-1,0.3534064073423364,-6.0141411895030465,Before Launch
1208,2025-03-19 23:31:24,127.633,0.0164042,0.091,22.129,-1,-1,0.35651057026693095,-6.0074609398038,Before Launch
1209,2025-03-19 23:31:24,127.656,-0.34448819999999997,-0.114,22.127,-1,-1,0.3786177179465611,-5.970185254275189,Before Launch
1210,2025-03-19 23:31:25,128.091,-0.10498688,-0.048,22.124,-1,-1,0.34183705481133003,-5.844725531003232,Before Launch
1211,2025-03-19 23:31:25,128.117,-0.7053806,-0.045,22.129,-1,-1,0.34732613595093315,-5.854333636759364,Before Launch
1212,2025-03-19 23:31:25,128.14,-0.10170604,-0.204,22.134,-1,-1,0.34732613595093315,-5.854333636759364,Before Launch
1213,2025-03-19 23:31:25,128.162,-0.82677168,-0.182,22.132,-1,-1,0.32077187576981014,-5.866607990317233,Before Launch
1214,2025-03-19 23:31:25,128.185,-0.58727036,-0.069,22.122,-1,-1,0.3265613869370203,-5.910198453301886,Before Launch
1215,2025-03-19 23:31:25,128.62,-1.44028876,-0.252,22.122,-1,-1,0.4564635706501818,-5.971756209858683,Before Launch
1216,2025-03-19 23:31:25,128.646,0.00656168,0.0,22.122,-1,-1,0.431302710396509,-5.992588563709723,Before Launch
1217,2025-03-19 23:31:25,128.668,-1.06955384,-0.365,22.129,-1,-1,0.431302710396509,-5.992588563709723,Before Launch
1218,2025-03-19 23:31:25,128.691,-0.71522312,-0.298,22.132,-1,-1,0.46322511048732157,-6.021934964497042,Before Launch
1219,2025-03-19 23:31:25,128.714,0.13779528000000002,0.226,22.119,-1,-1,0.4360154666020838,-6.0652015565088115,Before Launch
1220,2025-03-19 23:31:26,129.149,-1.19094492,-0.206,22.124,-1,-1,0.35895605134508857,-5.9233375751985315,Before Launch
1221,2025-03-19 23:31:26,129.175,-0.7053806,0.069,22.129,-1,-1,0.3329029768103768,-5.9323369749391555,Before Launch
1222,2025-03-19 23:31:26,129.201,-1.20078744,-0.185,22.117,-1,-1,0.3329029768103768,-5.9323369749391555,Before Launch
1223,2025-03-19 23:31:26,129.224,0.36745408,-0.071,22.122,-1,-1,0.3601578432406654,-5.924038247980564,Before Launch
1224,2025-03-19 23:31:26,129.252,-0.10498688,-0.114,22.124,-1,-1,0.36208135743763886,-5.912216405887336,Before Launch
1225,2025-03-19 23:31:26,129.678,-1.55183732,-0.089,22.124,-1,-1,0.37315566533221645,-5.9546266891097,Before Launch
1226,2025-03-19 23:31:26,129.704,-1.91272972,-0.136,22.124,-1,-1,0.41325786658277425,-5.959327816429198,Before Launch
1227,2025-03-19 23:31:26,129.729,-0.83989504,-0.048,22.117,-1,-1,0.41325786658277425,-5.959327816429198,Before Launch
1228,2025-03-19 23:31:26,129.752,-1.19094492,-0.001,22.124,-1,-1,0.40742868137757826,-5.97347754743142,Before Launch
1229,2025-03-19 23:31:26,129.78,-0.35433072,-0.139,22.122,-1,-1,0.3926367076182308,-5.978395606624113,Before Launch
1230,2025-03-19 23:31:27,130.206,-0.83989504,-0.025,22.117,-1,-1,0.2805666758297091,-5.898505804081586,Before Launch
1231,2025-03-19 23:31:27,130.232,-0.22309712,0.091,22.127,-1,-1,0.3075329133662634,-5.933578639447469,Before Launch
1232,2025-03-19 23:31:27,130.254,-0.4757218,0.181,22.117,-1,-1,0.3075329133662634,-5.933578639447469,Before Launch
1233,2025-03-19 23:31:27,130.277,-0.35761156,-0.117,22.124,-1,-1,0.3289876046139544,-5.910230234988637,Before Launch
1234,2025-03-19 23:31:27,130.306,-0.35761156,0.066,22.114,-1,-1,0.3184006383124863,-5.911402671006985,Before Launch
1235,2025-03-19 23:31:27,130.735,-1.19094492,-0.295,22.124,-1,-1,0.34436381149452194,-6.0935886678850855,Before Launch
1236,2025-03-19 23:31:27,130.761,-0.9481627599999999,0.068,22.117,-1,-1,0.3406110151892367,-6.076584826571834,Before Launch
1237,2025-03-19 23:31:27,130.783,-0.23622047999999998,0.203,22.119,-1,-1,0.3406110151892367,-6.076584826571834,Before Launch
1238,2025-03-19 23:31:27,130.805,0.00656168,-0.071,22.122,-1,-1,0.3433353951313693,-6.1128302676191355,Before Launch
1239,2025-03-19 23:31:28,130.834,0.00656168,0.089,22.122,-1,-1,0.35158693517299516,-6.12830238014196,Before Launch
1240,2025-03-19 23:31:28,131.264,-1.6732284,-0.639,22.127,-1,-1,0.4090305413812633,-5.893024940012798,Before Launch
1241,2025-03-19 23:31:28,131.289,-1.06955384,0.091,22.129,-1,-1,0.38869431167411406,-5.888655159177244,Before Launch
1242,2025-03-19 23:31:28,131.312,-1.43044624,-0.045,22.137,-1,-1,0.38869431167411406,-5.888655159177244,Before Launch
1243,2025-03-19 23:31:28,131.334,0.13779528000000002,0.066,22.127,-1,-1,0.36941710930937555,-5.874974349096309,Before Launch
1244,2025-03-19 23:31:28,131.364,-1.66010504,-0.385,22.134,-1,-1,0.34187656456681154,-5.858804030654651,Before Launch
1245,2025-03-19 23:31:28,131.793,-0.58727036,0.136,22.127,-1,-1,0.4261037548158324,-6.025450282429417,Before Launch
1246,2025-03-19 23:31:29,131.819,-0.9481627599999999,0.046,22.127,-1,-1,0.436904494622218,-6.0378805381411285,Before Launch
1247,2025-03-19 23:31:29,131.841,-1.06955384,-0.091,22.129,-1,-1,0.436904494622218,-6.0378805381411285,Before Launch
1248,2025-03-19 23:31:29,131.863,0.13779528000000002,0.0,22.127,-1,-1,0.4494434941374408,-6.036249850394489,Before Launch
1249,2025-03-19 23:31:29,131.886,0.25918636,0.162,22.124,-1,-1,0.4252077820212951,-6.011094590293021,Before Launch
1250,2025-03-19 23:31:29,132.322,-0.10170604,0.206,22.132,-1,-1,0.3546906230038609,-5.92674091058491,Before Launch
1251,2025-03-19 23:31:29,132.349,-0.46587927999999995,0.0,22.132,-1,-1,0.3165958143894081,-5.961103508701174,Before Launch
1252,2025-03-19 23:31:29,132.371,-0.10170604,-0.136,22.132,-1,-1,0.3165958143894081,-5.961103508701174,Before Launch
1253,2025-03-19 23:31:29,132.394,-1.30905516,-0.182,22.127,-1,-1,0.3885670590217602,-5.987912349150756,Before Launch
1254,2025-03-19 23:31:29,132.416,0.25918636,0.089,22.127,-1,-1,0.39379299983873695,-5.975628613838983,Before Launch
1255,2025-03-19 23:31:30,132.852,-0.9481627599999999,-0.068,22.127,-1,-1,0.4167192179902765,-6.021819126887414,Before Launch
1256,2025-03-19 23:31:30,132.878,-0.7053806,-0.272,22.132,-1,-1,0.3891589949217298,-6.0452049011296936,Before Launch
1257,2025-03-19 23:31:30,132.9,-0.22309712,-0.022,22.127,-1,-1,0.3891589949217298,-6.0452049011296936,Before Launch
1258,2025-03-19 23:31:30,132.922,0.49868767999999997,0.091,22.127,-1,-1,0.42752774218179124,-6.042722597836931,Before Launch
1259,2025-03-19 23:31:30,132.945,-1.30905516,-0.182,22.127,-1,-1,0.40694423304794713,-6.006157744350936,Before Launch
1260,2025-03-19 23:31:30,133.381,-0.9481627599999999,-0.159,22.127,-1,-1,0.3909169682756277,-5.9777649209578945,Before Launch
1261,2025-03-19 23:31:30,133.407,-0.22309712,0.091,22.127,-1,-1,0.4036565080356289,-5.99049513511892,Before Launch
1262,2025-03-19 23:31:30,133.429,-0.58727036,-0.092,22.132,-1,-1,0.4036565080356289,-5.99049513511892,Before Launch
1263,2025-03-19 23:31:30,133.452,-0.82677168,0.0,22.132,-1,-1,0.38047310461086786,-5.9518245815007385,Before Launch
1264,2025-03-19 23:31:30,133.475,-1.30905516,-0.136,22.132,-1,-1,0.3935643494557359,-5.969835615037141,Before Launch
1265,2025-03-19 23:31:31,133.911,-0.4757218,0.182,22.117,-1,-1,0.40297927779027254,-5.946412695278812,Before Launch
1266,2025-03-19 23:31:31,133.936,-0.46587927999999995,-0.089,22.124,-1,-1,0.4004678639242779,-5.963240587640914,Before Launch
1267,2025-03-19 23:31:31,133.959,-0.10498688,0.182,22.124,-1,-1,0.4004678639242779,-5.963240587640914,Before Launch
1268,2025-03-19 23:31:31,133.981,-1.6732284,-0.181,22.124,-1,-1,0.37623911776572044,-5.967675084239118,Before Launch
1269,2025-03-19 23:31:31,134.004,-0.4757218,-0.116,22.117,-1,-1,0.37623911776572044,-5.967675084239118,Before Launch
1270,2025-03-19 23:31:31,134.431,0.73162732,0.364,22.122,-1,-1,0.3961882806364406,-5.970822782240266,Before Launch
1271,2025-03-19 23:31:31,134.454,1.2139108,0.364,22.122,-1,-1,0.3961882806364406,-5.970822782240266,Before Launch
1272,2025-03-19 23:31:31,134.476,0.73162732,0.366,22.122,-1,-1,0.3778320838117567,-5.976919666940497,Before Launch
1273,2025-03-19 23:31:31,134.498,-0.34448819999999997,-0.135,22.129,-1,-1,0.3778320838117567,-5.976919666940497,Before Launch
1274,2025-03-19 23:31:31,134.521,-0.35433072,-0.047,22.122,-1,-1,0.3585614321474038,-6.005495761210468,Before Launch
1275,2025-03-19 23:31:32,134.947,0.25918636,0.344,22.119,-1,-1,0.40622643617205506,-6.010693989476813,Before Launch
1276,2025-03-19 23:31:32,134.969,-1.30905516,0.115,22.127,-1,-1,0.3931769989711018,-5.9302321340420985,Before Launch
1277,2025-03-19 23:31:32,134.996,-0.59711288,0.046,22.119,-1,-1,0.3774736570430766,-5.939790024382222,Before Launch
1278,2025-03-19 23:31:32,135.021,-0.22309712,0.184,22.127,-1,-1,0.3774736570430766,-5.939790024382222,Before Launch
1279,2025-03-19 23:31:32,135.043,-0.22309712,0.025,22.127,-1,-1,0.3813129489988532,-5.973711654362704,Before Launch
1280,2025-03-19 23:31:32,135.466,-1.07939636,-0.046,22.122,-1,-1,0.43320768126014947,-5.95891781331357,Before Launch
1281,2025-03-19 23:31:32,135.49,-0.22309712,0.0,22.127,-1,-1,0.4197301233370575,-5.95299402192684,Before Launch
1282,2025-03-19 23:31:32,135.512,0.00656168,0.092,22.122,-1,-1,0.4197301233370575,-5.95299402192684,Before Launch
1283,2025-03-19 23:31:32,135.535,-0.58727036,-0.044,22.127,-1,-1,0.4176245862310344,-5.929366158908723,Before Launch
1284,2025-03-19 23:31:32,135.557,-0.22309712,0.026,22.127,-1,-1,0.4224182501130941,-5.947393818644385,Before Launch
1285,2025-03-19 23:31:33,135.994,-1.06955384,0.023,22.129,-1,-1,0.3518957289116145,-5.986392161836345,Before Launch
1286,2025-03-19 23:31:33,136.02,-1.2992126400000001,-0.067,22.124,-1,-1,0.38648896531270116,-5.996059068442129,Before Launch
1287,2025-03-19 23:31:33,136.042,-0.46587927999999995,-0.044,22.132,-1,-1,0.38648896531270116,-5.996059068442129,Before Launch
1288,2025-03-19 23:31:33,136.065,-1.55183732,-0.296,22.124,-1,-1,0.37988642533612027,-6.017031594782133,Before Launch
1289,2025-03-19 23:31:33,136.094,-1.18766408,-0.227,22.122,-1,-1,0.38447485869008835,-6.047667642343269,Before Launch
1290,2025-03-19 23:31:33,136.523,-0.21325460000000002,0.278,22.134,-1,-1,0.38045681737865017,-5.972049382154819,Before Launch
1291,2025-03-19 23:31:33,136.549,0.25918636,0.253,22.124,-1,-1,0.3865183552333177,-5.962704559911556,Before Launch
1292,2025-03-19 23:31:33,136.571,-0.82677168,0.115,22.124,-1,-1,0.3865183552333177,-5.962704559911556,Before Launch
1293,2025-03-19 23:31:33,136.594,-0.82677168,-0.183,22.124,-1,-1,0.35843336196479353,-5.983088495832202,Before Launch
1294,2025-03-19 23:31:33,136.617,-0.82677168,0.159,22.122,-1,-1,0.38099134739175755,-5.990878095902647,Before Launch
1295,2025-03-19 23:31:34,137.053,-0.10170604,0.092,22.132,-1,-1,0.3201596476223209,-5.964183163915029,Before Launch
1296,2025-03-19 23:31:34,137.078,1.22375332,0.413,22.127,-1,-1,0.3364529022229782,-5.93232033451014,Before Launch
1297,2025-03-19 23:31:34,137.101,0.49868767999999997,0.298,22.127,-1,-1,0.3364529022229782,-5.93232033451014,Before Launch
1298,2025-03-19 23:31:34,137.123,0.86286092,0.138,22.127,-1,-1,0.3393092640233689,-5.934922053305516,Before Launch
1299,2025-03-19 23:31:34,137.146,0.86286092,0.115,22.119,-1,-1,0.34570619102032707,-5.963081286567648,Before Launch
1300,2025-03-19 23:31:34,137.583,1.22375332,0.252,22.127,-1,-1,0.4498552632127265,-5.9624389786177225,Before Launch
1301,2025-03-19 23:31:34,137.61,-0.82677168,-0.069,22.124,-1,-1,0.43838981869212595,-5.964353866067186,Before Launch
1302,2025-03-19 23:31:34,137.632,-0.22309712,-0.023,22.127,-1,-1,0.43838981869212595,-5.964353866067186,Before Launch
1303,2025-03-19 23:31:34,137.655,0.25918636,0.298,22.124,-1,-1,0.40701515506816255,-5.962331378714707,Before Launch
1304,2025-03-19 23:31:34,137.677,0.74146984,0.092,22.127,-1,-1,0.3773231901352643,-5.93669214505875,Before Launch
1305,2025-03-19 23:31:35,138.114,-0.34448819999999997,0.115,22.129,-1,-1,0.35654711360098457,-5.964424977843182,Before Launch
1306,2025-03-19 23:31:35,138.14,0.25918636,0.183,22.124,-1,-1,0.3587150281004288,-5.923249113713772,Before Launch
1307,2025-03-19 23:31:35,138.163,-0.46587927999999995,-0.046,22.132,-1,-1,0.3587150281004288,-5.923249113713772,Before Launch
1308,2025-03-19 23:31:35,138.185,-1.30905516,-0.343,22.127,-1,-1,0.3726752724656241,-5.913593549480462,Before Launch
1309,2025-03-19 23:31:35,138.208,-0.22309712,0.206,22.127,-1,-1,0.3761386631787499,-5.931122782350623,Before Launch
1310,2025-03-19 23:31:35,138.644,-0.9383202399999999,0.002,22.134,-1,-1,0.36125244375211085,-5.952257878709298,Before Launch
1311,2025-03-19 23:31:35,138.67,-0.58727036,-0.069,22.122,-1,-1,0.3557932655532783,-5.979088067489217,Before Launch
1312,2025-03-19 23:31:35,138.692,-0.7053806,-0.022,22.129,-1,-1,0.3557932655532783,-5.979088067489217,Before Launch
1313,2025-03-19 23:31:35,138.714,-0.7053806,0.023,22.129,-1,-1,0.35605075043323176,-5.942861678195526,Before Launch
1314,2025-03-19 23:31:35,138.737,-0.82677168,0.092,22.127,-1,-1,0.35605075043323176,-5.942861678195526,Before Launch
1315,2025-03-19 23:31:36,139.165,-0.21325460000000002,0.05,22.134,-1,-1,0.38264416129527656,-5.980404021920855,Before Launch
1316,2025-03-19 23:31:36,139.188,0.75131236,0.232,22.137,-1,-1,0.38264416129527656,-5.980404021920855,Before Launch
1317,2025-03-19 23:31:36,139.21,-0.10170604,0.001,22.132,-1,-1,0.3352072869316607,-5.9883203685307524,Before Launch
1318,2025-03-19 23:31:36,139.233,-0.21325460000000002,0.278,22.132,-1,-1,0.3508218225911037,-6.015521070543544,Before Launch
1319,2025-03-19 23:31:36,139.263,-1.54855648,-0.204,22.132,-1,-1,0.3508218225911037,-6.015521070543544,Before Launch
1320,2025-03-19 23:31:36,139.686,0.62007876,-0.021,22.124,-1,-1,0.3713902055217122,-5.897626643047906,Before Launch
1321,2025-03-19 23:31:36,139.716,0.25918636,-0.181,22.124,-1,-1,0.3713902055217122,-5.897626643047906,Before Launch
1322,2025-03-19 23:31:36,139.738,-0.10170604,-0.158,22.132,-1,-1,0.3820628375139658,-5.912384336240901,Before Launch
1323,2025-03-19 23:31:36,139.761,0.38057744,0.138,22.129,-1,-1,0.3820628375139658,-5.912384336240901,Before Launch
1324,2025-03-19 23:31:36,139.783,-0.58727036,-0.044,22.127,-1,-1,0.3956624191079246,-5.915567736956174,Before Launch
1325,2025-03-19 23:31:37,140.21,0.13779528000000002,-0.023,22.127,-1,-1,0.39450109725933946,-5.95964919363358,Before Launch
1326,2025-03-19 23:31:37,140.232,-0.10170604,0.229,22.132,-1,-1,0.39997032142111266,-5.950642548941821,Before Launch
1327,2025-03-19 23:31:37,140.254,-1.43044624,-0.158,22.129,-1,-1,0.4002619765602189,-5.939901802485218,Before Launch
1328,2025-03-19 23:31:37,140.285,1.22375332,0.275,22.129,-1,-1,0.4002619765602189,-5.939901802485218,Before Launch
1329,2025-03-19 23:31:37,140.307,-0.9383202399999999,-0.136,22.134,-1,-1,0.39594829093582035,-5.983316975289613,Before Launch
1330,2025-03-19 23:31:37,140.73,-1.42060372,-0.065,22.137,-1,-1,0.5080269570394186,-7.174822133206874,Before Launch
1331,2025-03-19 23:31:37,140.753,-1.42060372,-0.228,22.137,-1,-1,0.7230238007603123,-7.280947281589586,Before Launch
1332,2025-03-19 23:31:37,140.775,0.87270344,0.165,22.134,-1,-1,0.7230238007603123,-7.280947281589586,Before Launch
1333,2025-03-19 23:31:37,140.798,-0.69553808,-0.021,22.137,-1,-1,1.3412598938437905,-6.653806920357238,Before Launch
1334,2025-03-19 23:31:38,140.82,-0.82677168,-0.115,22.124,-1,-1,2.023861696825795,-6.63267368004549,Before Launch
1335,2025-03-19 23:31:38,141.256,-0.574147,0.094,22.142,-1,-1,8.188046615635336,-12.019548284255183,Before Launch
1336,2025-03-19 23:31:38,141.285,-0.9251968799999999,0.071,22.149,-1,-1,9.229740102907781,-13.35845884174735,Before Launch
1337,2025-03-19 23:31:38,141.308,-0.33136484,0.026,22.142,-1,-1,9.229740102907781,-13.35845884174735,Before Launch
1338,2025-03-19 23:31:38,141.331,-0.21325460000000002,0.254,22.142,-1,-1,10.450646756503055,-14.527407546667995,Before Launch
1339,2025-03-19 23:31:38,141.354,0.15091864,0.254,22.146,-1,-1,11.058623041444342,-17.895179594863386,Before Launch
1340,2025-03-19 23:31:38,141.791,-2.0013123999999998,-0.339,22.156,-1,-1,10.789375400690858,-26.44382337526008,Before Launch
1341,2025-03-19 23:31:39,141.818,0.40354332,0.027,22.152,-1,-1,10.410663705467528,-27.299156347812847,Before Launch
1342,2025-03-19 23:31:39,141.841,1.12532812,0.37,22.156,-1,-1,10.410663705467528,-27.299156347812847,Before Launch
1343,2025-03-19 23:31:39,141.863,-0.4429134,0.073,22.154,-1,-1,10.212462060937531,-28.054205929528248,Before Launch
1344,2025-03-19 23:31:39,141.886,-1.27624676,-0.085,22.154,-1,-1,10.061737520047751,-29.316425846460877,Before Launch
1345,2025-03-19 23:31:39,142.323,-0.29855644,-0.037,22.171,-1,-1,5.008240811573495,-44.66949893724296,Before Launch
1346,2025-03-19 23:31:39,142.351,0.41338584,-0.154,22.164,-1,-1,6.293891922019883,-42.859942827273215,Before Launch
1347,2025-03-19 23:31:39,142.376,0.53477692,0.007,22.164,-1,-1,6.293891922019883,-42.859942827273215,Before Launch
1348,2025-03-19 23:31:39,142.398,0.77427824,-0.017,22.159,-1,-1,7.9468994561750845,-42.259382197791986,Before Launch
1349,2025-03-19 23:31:39,142.427,-0.5413386,-0.266,22.171,-1,-1,8.859692820030746,-43.510556933708074,Before Launch
1350,2025-03-19 23:31:40,142.858,-0.66272968,-0.358,22.166,-1,-1,6.7014567796460565,-41.58377302888533,Before Launch
1351,2025-03-19 23:31:40,142.885,0.30511812,0.215,22.169,-1,-1,6.650460024281049,-39.03250628275273,Before Launch
1352,2025-03-19 23:31:40,142.909,-0.059055119999999996,0.031,22.169,-1,-1,6.650460024281049,-39.03250628275273,Before Launch
1353,2025-03-19 23:31:40,142.931,-0.17716536,-0.083,22.171,-1,-1,6.918655376980555,-36.70471314172885,Before Launch
1354,2025-03-19 23:31:40,142.954,1.63057748,0.168,22.174,-1,-1,5.565183892624896,-36.34560292046574,Before Launch
1355,2025-03-19 23:31:40,143.39,0.18372704,0.1,22.171,-1,-1,13.578526206991302,-21.087204814724146,Before Launch
1356,2025-03-19 23:31:40,143.416,0.7874015999999999,0.1,22.174,-1,-1,14.782115149305302,-20.6572629182075,Before Launch
1357,2025-03-19 23:31:40,143.439,0.7874015999999999,0.238,22.174,-1,-1,14.782115149305302,-20.6572629182075,Before Launch
1358,2025-03-19 23:31:40,143.463,0.18372704,0.283,22.171,-1,-1,16.12211580529885,-19.849548297063667,Before Launch
1359,2025-03-19 23:31:40,143.491,0.9186352000000001,0.216,22.179,-1,-1,16.126305181892064,-19.14248709548593,Before Launch
1360,2025-03-19 23:31:41,143.919,-0.29855644,0.121,22.177,-1,-1,24.146325665198752,-16.632154134918224,Before Launch
1361,2025-03-19 23:31:41,143.945,0.062335959999999996,0.123,22.174,-1,-1,26.758416481741374,-16.061052215693024,Before Launch
1362,2025-03-19 23:31:41,143.97,2.4770342,0.603,22.177,-1,-1,26.758416481741374,-16.061052215693024,Before Launch
1363,2025-03-19 23:31:41,143.993,0.79724412,0.285,22.181,-1,-1,28.254148083536627,-17.767962546210377,Before Launch
1364,2025-03-19 23:31:41,144.021,0.7874015999999999,0.305,22.174,-1,-1,30.82584447342403,-17.183643387549818,Before Launch
1365,2025-03-19 23:31:41,144.45,-0.52821524,-0.06,22.179,-1,-1,39.231753454162934,-19.74590459852994,Before Launch
1366,2025-03-19 23:31:41,144.478,-0.6496063200000001,-0.265,22.181,-1,-1,42.36474014710282,-21.129258626753195,Before Launch
1367,2025-03-19 23:31:41,144.502,0.9186352000000001,0.193,22.179,-1,-1,42.36474014710282,-21.129258626753195,Before Launch
1368,2025-03-19 23:31:41,144.525,-0.7808399199999999,-0.107,22.177,-1,-1,44.96711557523812,-22.568937747506098,Before Launch
1369,2025-03-19 23:31:41,144.548,0.19685039999999998,0.33,22.187,-1,-1,46.56717919872686,-23.370486646839847,Before Launch
1370,2025-03-19 23:31:42,144.983,0.56758532,-0.01,22.191,-1,-1,32.174366596502416,-18.096746494246478,Before Launch
1371,2025-03-19 23:31:42,145.01,0.56758532,0.058,22.194,-1,-1,32.710476392442295,-18.544831854194012,Before Launch
1372,2025-03-19 23:31:42,145.032,1.77493444,0.354,22.191,-1,-1,32.710476392442295,-18.544831854194012,Before Launch
1373,2025-03-19 23:31:42,145.055,0.9416010799999999,0.106,22.201,-1,-1,33.8519821296524,-19.184715094097207,Before Launch
1374,2025-03-19 23:31:42,145.078,0.56758532,0.218,22.199,-1,-1,36.28378906939472,-18.282888060401156,Before Launch
1375,2025-03-19 23:31:42,145.509,1.18438324,0.198,22.204,-1,-1,29.841809869568944,-17.20134410268801,Before Launch
1376,2025-03-19 23:31:42,145.531,-0.62664044,-0.099,22.204,-1,-1,29.841809869568944,-17.20134410268801,Before Launch
1377,2025-03-19 23:31:42,145.554,0.82021,0.425,22.204,-1,-1,28.21302620469373,-16.973570977604215,Before Launch
1378,2025-03-19 23:31:42,145.581,-0.02296588,-0.235,22.199,-1,-1,28.30275336967013,-16.762652204371587,Before Launch
1379,2025-03-19 23:31:42,145.609,-0.26574804,0.127,22.204,-1,-1,28.30275336967013,-16.762652204371587,Before Launch
1380,2025-03-19 23:31:43,146.032,1.30249348,0.514,22.201,-1,-1,31.727922869790643,-16.792438263551247,Before Launch
1381,2025-03-19 23:31:43,146.054,0.83333336,0.425,22.211,-1,-1,29.6040101590418,-16.605737085625655,Before Launch
1382,2025-03-19 23:31:43,146.082,0.33792651999999995,-0.101,22.206,-1,-1,28.66898803790892,-16.709338969332265,Before Launch
1383,2025-03-19 23:31:43,146.105,0.70209976,0.263,22.204,-1,-1,28.66898803790892,-16.709338969332265,Before Launch
1384,2025-03-19 23:31:43,146.127,1.18438324,0.379,22.204,-1,-1,28.778149609428898,-16.45548398209551,Before Launch
1385,2025-03-19 23:31:43,146.557,0.33792651999999995,0.172,22.206,-1,-1,30.777967953601053,-17.1303030213889,Before Launch
1386,2025-03-19 23:31:43,146.579,0.82021,0.33,22.204,-1,-1,29.274225733360165,-17.08281095187581,Before Launch
1387,2025-03-19 23:31:43,146.602,0.70209976,0.195,22.206,-1,-1,29.274225733360165,-17.08281095187581,Before Launch
1388,2025-03-19 23:31:43,146.624,-0.01312336,0.038,22.214,-1,-1,28.61033629182743,-17.058523210979725,Before Launch
1389,2025-03-19 23:31:43,146.653,0.35104988,0.038,22.214,-1,-1,29.07136024628785,-17.023592097825006,Before Launch
1390,2025-03-19 23:31:44,147.081,0.46916011999999996,0.467,22.211,-1,-1,30.12458009734091,-16.65369639366722,Before Launch
1391,2025-03-19 23:31:44,147.109,1.9192913999999999,0.286,22.209,-1,-1,29.400051337653213,-16.69420502909006,Before Launch
1392,2025-03-19 23:31:44,147.132,-0.72506564,-0.35,22.221,-1,-1,29.400051337653213,-16.69420502909006,Before Launch
1393,2025-03-19 23:31:44,147.155,0.46916011999999996,0.172,22.211,-1,-1,29.495406459568674,-16.6179815224606,Before Launch
1394,2025-03-19 23:31:44,147.178,0.46916011999999996,0.33,22.211,-1,-1,29.86630559405935,-16.63476154721975,Before Launch
1395,2025-03-19 23:31:44,147.613,0.1312336,0.081,22.234,-1,-1,28.1276314488041,-16.430274717291347,Before Launch
1396,2025-03-19 23:31:44,147.641,1.4599738,0.198,22.236,-1,-1,28.20566160176373,-16.392092363670976,Before Launch
1397,2025-03-19 23:31:44,147.663,0.0,-0.101,22.229,-1,-1,28.20566160176373,-16.392092363670976,Before Launch
1398,2025-03-19 23:31:44,147.686,0.73490816,-0.007,22.236,-1,-1,28.377666875856846,-16.21829228129639,Before Launch
1399,2025-03-19 23:31:44,147.708,1.44685044,0.376,22.221,-1,-1,30.63529666609057,-15.919118945059967,Before Launch
1400,2025-03-19 23:31:45,148.145,0.73490816,0.264,22.236,-1,-1,31.259036123176827,-16.421920702153248,Before Launch
1401,2025-03-19 23:31:45,148.172,0.61351708,0.058,22.239,-1,-1,31.70237561818866,-15.760820391584664,Before Launch
1402,2025-03-19 23:31:45,148.194,1.8208662000000002,0.356,22.241,-1,-1,31.70237561818866,-15.760820391584664,Before Launch
1403,2025-03-19 23:31:45,148.217,2.1817586,0.446,22.236,-1,-1,33.51855184748897,-14.742000306272827,Before Launch
1404,2025-03-19 23:31:45,148.239,0.85629924,-0.147,22.234,-1,-1,36.337053437781236,-13.850300406751046,Before Launch
1405,2025-03-19 23:31:45,148.675,-0.21653544,-0.076,22.249,-1,-1,32.87764874218148,-16.30129946013495,Before Launch
1406,2025-03-19 23:31:45,148.7,1.46981632,0.129,22.244,-1,-1,34.93029922722617,-15.988361511117759,Before Launch
1407,2025-03-19 23:31:45,148.723,0.02296588,-0.145,22.251,-1,-1,34.93029922722617,-15.988361511117759,Before Launch
1408,2025-03-19 23:31:45,148.745,0.50524936,0.061,22.254,-1,-1,36.72800986869539,-15.313718009504688,Before Launch
1409,2025-03-19 23:31:45,148.768,-0.08858268,-0.191,22.246,-1,-1,37.54896770878206,-14.942848665365169,Before Launch
1410,2025-03-19 23:31:46,149.203,1.47309716,0.335,22.251,-1,-1,33.862980010571306,-15.042638862593696,Before Launch
1411,2025-03-19 23:31:46,149.229,0.14435695999999998,0.016,22.249,-1,-1,34.43241086455282,-14.113607145420794,Before Launch
1412,2025-03-19 23:31:46,149.252,1.5912074,-0.168,22.249,-1,-1,34.43241086455282,-14.113607145420794,Before Launch
1413,2025-03-19 23:31:46,149.274,0.14435695999999998,-0.124,22.249,-1,-1,35.25511019880024,-13.64320844587279,Before Launch
1414,2025-03-19 23:31:46,149.304,0.75787404,-0.006,22.259,-1,-1,35.974869308899756,-13.721125170746816,Before Launch
1415,2025-03-19 23:31:46,149.732,1.6043307599999999,0.404,22.264,-1,-1,37.533099445653555,-9.789236527749793,Before Launch
1416,2025-03-19 23:31:46,149.758,-0.31824148,0.063,22.266,-1,-1,40.17342777810513,-8.946781943995868,Before Launch
1417,2025-03-19 23:31:46,149.78,-0.08858268,-0.191,22.254,-1,-1,40.17342777810513,-8.946781943995868,Before Launch
1418,2025-03-19 23:31:46,149.803,0.15419948,0.177,22.256,-1,-1,37.50220390944244,-9.957378995859099,Before Launch
1419,2025-03-19 23:31:47,149.825,1.3615485999999999,0.221,22.256,-1,-1,37.168975318693526,-10.620945044425744,Before Launch
1420,2025-03-19 23:31:47,150.261,-0.08858268,-0.124,22.254,-1,-1,32.74753794441098,-5.9710718915555505,Before Launch
1421,2025-03-19 23:31:47,150.287,0.7480315200000001,0.034,22.251,-1,-1,32.813322626468356,-6.288408655643985,Before Launch
1422,2025-03-19 23:31:47,150.309,0.27559056000000004,-0.284,22.261,-1,-1,32.813322626468356,-6.288408655643985,Before Launch
1423,2025-03-19 23:31:47,150.332,-0.32808400000000004,-0.241,22.259,-1,-1,33.11430223636435,-6.496019506175616,Before Launch
1424,2025-03-19 23:31:47,150.354,0.75787404,0.036,22.246,-1,-1,33.44593147639272,-6.606018850658195,Before Launch
1425,2025-03-19 23:31:47,150.79,-0.20669292,-0.263,22.256,-1,-1,38.31188625933678,-7.472799632506365,Before Launch
1426,2025-03-19 23:31:48,150.816,1.9520997999999998,0.488,22.249,-1,-1,38.457045565494276,-8.36474294438946,Before Launch
1427,2025-03-19 23:31:48,150.838,0.39698163999999997,-0.08,22.259,-1,-1,38.457045565494276,-8.36474294438946,Before Launch
1428,2025-03-19 23:31:48,150.861,1.48293968,0.285,22.259,-1,-1,39.86609090040409,-9.167400257014725,Before Launch
1429,2025-03-19 23:31:48,150.891,1.24015752,0.285,22.256,-1,-1,41.4034061413907,-9.708459105115837,Before Launch
1430,2025-03-19 23:31:48,151.319,1.8339895600000002,0.101,22.251,-1,-1,62.706697916758785,6.805595677927477,Before Launch
1431,2025-03-19 23:31:48,151.345,2.5590552,0.326,22.249,-1,-1,64.0886537127878,7.531524923158441,Before Launch
1432,2025-03-19 23:31:48,151.367,1.9520997999999998,0.305,22.249,-1,-1,64.0886537127878,7.531524923158441,Before Launch
1433,2025-03-19 23:31:48,151.39,2.91666676,0.419,22.244,-1,-1,65.09717758034154,7.824330585488204,Before Launch
1434,2025-03-19 23:31:48,151.412,1.722441,0.102,22.246,-1,-1,65.83603373275854,8.508322114980462,Before Launch
1435,2025-03-19 23:31:49,151.848,2.44750664,0.399,22.251,-1,-1,53.84144674140787,5.759613804793894,Before Launch
1436,2025-03-19 23:31:49,151.874,2.9199476,0.397,22.251,-1,-1,51.63905251588336,4.147870487245992,Before Launch
1437,2025-03-19 23:31:49,151.896,2.67716544,0.373,22.249,-1,-1,51.63905251588336,4.147870487245992,Before Launch
1438,2025-03-19 23:31:49,151.919,0.9973753599999999,0.191,22.254,-1,-1,49.20605322736767,2.704326724060658,Before Launch
1439,2025-03-19 23:31:49,151.942,1.722441,0.259,22.254,-1,-1,46.44283296743349,2.110386531859934,Before Launch
1440,2025-03-19 23:31:49,152.378,3.64501324,0.6,22.251,-1,-1,29.287543821931948,5.703521298478193,Before Launch
1441,2025-03-19 23:31:49,152.404,4.11417336,0.415,22.241,-1,-1,28.828050961568064,5.78345993295328,Before Launch
1442,2025-03-19 23:31:49,152.426,3.28084,0.757,22.251,-1,-1,28.828050961568064,5.78345993295328,Before Launch
1443,2025-03-19 23:31:49,152.448,3.88451456,0.645,22.244,-1,-1,28.238361228134202,6.374057187782014,Before Launch
1444,2025-03-19 23:31:49,152.471,3.28084,0.531,22.249,-1,-1,27.529265016668546,7.178181097068144,Before Launch
1445,2025-03-19 23:31:50,152.907,1.94225728,0.342,22.241,-1,-1,20.670927683122972,10.569135191665652,Before Launch
1446,2025-03-19 23:31:50,152.932,2.5688977200000003,0.21,22.259,-1,-1,20.239936534373655,10.4274015836616,Before Launch
1447,2025-03-19 23:31:50,152.955,3.17257228,0.6,22.261,-1,-1,20.239936534373655,10.4274015836616,Before Launch
1448,2025-03-19 23:31:50,152.98,2.68700796,0.369,22.261,-1,-1,19.8493496082742,10.30720535656069,Before Launch
1449,2025-03-19 23:31:50,153.008,3.17257228,0.326,22.259,-1,-1,19.610286609884106,10.33017713064119,Before Launch
1450,2025-03-19 23:31:50,153.436,3.17257228,0.461,22.261,-1,-1,19.401286754260212,9.991168432012168,Before Launch
1451,2025-03-19 23:31:50,153.462,4.619422719999999,0.757,22.254,-1,-1,19.287157192115185,9.888425903395317,Before Launch
1452,2025-03-19 23:31:50,153.485,3.29396336,0.278,22.259,-1,-1,19.287157192115185,9.888425903395317,Before Launch
1453,2025-03-19 23:31:50,153.508,2.3293964,0.028,22.264,-1,-1,19.17447911086875,9.758979080311963,Before Launch
1454,2025-03-19 23:31:50,153.531,2.94291348,0.394,22.264,-1,-1,19.137660400012695,9.647516704520477,Before Launch
1455,2025-03-19 23:31:51,153.967,3.06430456,0.62,22.271,-1,-1,19.23141477218349,9.245065753611733,Before Launch
1456,2025-03-19 23:31:51,153.994,3.17257228,0.322,22.261,-1,-1,19.33653370912575,9.093188476274882,Before Launch
1457,2025-03-19 23:31:51,154.016,2.68700796,0.503,22.256,-1,-1,19.33653370912575,9.093188476274882,Before Launch
1458,2025-03-19 23:31:51,154.038,4.3799214,0.732,22.259,-1,-1,19.37169423082561,8.947971194474402,Before Launch
1459,2025-03-19 23:31:51,154.061,2.09645676,0.413,22.269,-1,-1,19.37169423082561,8.947971194474402,Before Launch
1460,2025-03-19 23:31:51,154.487,2.3392389199999997,0.164,22.271,-1,-1,19.322211818818722,8.469402630835823,Before Launch
1461,2025-03-19 23:31:51,154.509,2.58202108,0.462,22.274,-1,-1,19.322211818818722,8.469402630835823,Before Launch
1462,2025-03-19 23:31:51,154.531,3.6679791200000005,0.393,22.274,-1,-1,19.4074263445804,8.449270257176831,Before Launch
1463,2025-03-19 23:31:51,154.554,1.74540688,0.303,22.276,-1,-1,19.48106433263095,8.509845021448015,Before Launch
1464,2025-03-19 23:31:51,154.584,3.1824148,0.459,22.269,-1,-1,19.48106433263095,8.509845021448015,Before Launch
1465,2025-03-19 23:31:52,155.007,3.19553816,0.302,22.276,-1,-1,19.657509610927637,8.928472296529927,Before Launch
1466,2025-03-19 23:31:52,155.035,2.71325468,0.574,22.279,-1,-1,19.573593160784316,8.955223285238567,Before Launch
1467,2025-03-19 23:31:52,155.058,2.47047252,0.485,22.276,-1,-1,19.48089041165059,8.896169345024795,Before Launch
1468,2025-03-19 23:31:52,155.08,1.74540688,0.302,22.276,-1,-1,19.48089041165059,8.896169345024795,Before Launch
1469,2025-03-19 23:31:52,155.103,1.85695544,0.094,22.274,-1,-1,19.48173415246629,8.933917398443416,Before Launch
1470,2025-03-19 23:31:52,155.53,2.10958012,0.417,22.284,-1,-1,19.865707593399392,9.146715922627877,Before Launch
1471,2025-03-19 23:31:52,155.553,2.952756,0.419,22.281,-1,-1,20.00878545061994,9.141029686640335,Before Launch
1472,2025-03-19 23:31:52,155.575,2.83464576,0.486,22.281,-1,-1,20.0968940367317,9.075439398244908,Before Launch
1473,2025-03-19 23:31:52,155.605,0.91535436,0.236,22.294,-1,-1,20.0968940367317,9.075439398244908,Before Launch
1474,2025-03-19 23:31:52,155.628,3.3169292399999994,0.485,22.281,-1,-1,20.038370350719553,9.06652829569001,Before Launch
1475,2025-03-19 23:31:53,156.051,2.132546,0.445,22.299,-1,-1,19.57526841084289,9.820526775688107,Before Launch
1476,2025-03-19 23:31:53,156.074,1.8799213199999998,-0.014,22.296,-1,-1,19.698563151513174,9.839646161399692,Before Launch
1477,2025-03-19 23:31:53,156.097,1.52887144,0.215,22.304,-1,-1,19.698563151513174,9.839646161399692,Before Launch
1478,2025-03-19 23:31:53,156.119,2.60498696,0.213,22.296,-1,-1,19.700537658313188,9.942790448148454,Before Launch
1479,2025-03-19 23:31:53,156.142,1.04658796,-0.037,22.301,-1,-1,19.673415435458136,10.022397594894988,Before Launch
1480,2025-03-19 23:31:53,156.577,3.21850404,0.263,22.299,-1,-1,18.512517449119517,11.034745467044297,Before Launch
1481,2025-03-19 23:31:53,156.603,2.37204732,-0.036,22.301,-1,-1,18.802330553077706,11.163566231373267,Before Launch
1482,2025-03-19 23:31:53,156.625,0.91535436,-0.197,22.299,-1,-1,18.802330553077706,11.163566231373267,Before Launch
1483,2025-03-19 23:31:53,156.648,2.4934384,-0.08,22.299,-1,-1,19.288581713593178,11.325941200181074,Before Launch
1484,2025-03-19 23:31:53,156.677,2.132546,0.078,22.299,-1,-1,19.51071272706926,11.275643924368223,Before Launch
1485,2025-03-19 23:31:54,157.106,2.8543308,0.077,22.299,-1,-1,20.736356220613686,12.021029650369128,Before Launch
1486,2025-03-19 23:31:54,157.132,2.3622047999999998,-0.106,22.294,-1,-1,20.784820658262078,12.271461702288303,Before Launch
1487,2025-03-19 23:31:54,157.158,2.37204732,-0.058,22.301,-1,-1,20.784820658262078,12.271461702288303,Before Launch
1488,2025-03-19 23:31:54,157.181,2.132546,0.216,22.299,-1,-1,20.93111620083367,12.429667733595993,Before Launch
1489,2025-03-19 23:31:54,157.209,2.01115492,0.055,22.301,-1,-1,21.11742765191298,12.489509895692951,Before Launch
1490,2025-03-19 23:31:54,157.639,0.91535436,-0.519,22.294,-1,-1,22.64977383786326,13.902908662888327,Before Launch
1491,2025-03-19 23:31:54,157.664,2.8543308,-0.24,22.299,-1,-1,22.65290649700565,13.66228336936728,Before Launch
1492,2025-03-19 23:31:54,157.689,3.32677176,0.009,22.299,-1,-1,22.65290649700565,13.66228336936728,Before Launch
1493,2025-03-19 23:31:54,157.712,3.21850404,-0.127,22.299,-1,-1,22.66206626892059,13.488950213723253,Before Launch
1494,2025-03-19 23:31:54,157.74,2.0013123999999998,-0.243,22.294,-1,-1,22.623297784183762,13.254698402073492,Before Launch
1495,2025-03-19 23:31:55,158.169,2.132546,0.036,22.306,-1,-1,21.84715717670071,13.103176652159144,Before Launch
1496,2025-03-19 23:31:55,158.195,1.8897638399999999,-0.129,22.304,-1,-1,21.90061228493943,13.154173871548808,Before Launch
1497,2025-03-19 23:31:55,158.217,2.132546,-0.198,22.306,-1,-1,21.90061228493943,13.154173871548808,Before Launch
1498,2025-03-19 23:31:55,158.24,1.52887144,-0.22,22.304,-1,-1,21.915262068125582,13.205398080606471,Before Launch
1499,2025-03-19 23:31:55,158.262,2.25393708,-0.175,22.301,-1,-1,21.83944277051137,13.302643116881201,Before Launch
1500,2025-03-19 23:31:55,158.698,2.97572188,-0.037,22.304,-1,-1,21.503442066379368,13.446629875117686,Before Launch
1501,2025-03-19 23:31:55,158.724,1.66010504,-0.562,22.309,-1,-1,21.492090246660325,13.473618085895245,Before Launch
1502,2025-03-19 23:31:55,158.746,1.17782156,-0.402,22.311,-1,-1,21.492090246660325,13.473618085895245,Before Launch
1503,2025-03-19 23:31:55,158.769,1.2992126400000001,-0.196,22.306,-1,-1,21.445078892660536,13.497818742010118,Before Launch
1504,2025-03-19 23:31:55,158.8,2.14238852,-0.152,22.311,-1,-1,21.25630165822433,13.430700477887898,Before Launch
1505,2025-03-19 23:31:56,159.229,2.96587936,-0.019,22.296,-1,-1,20.994181993554648,13.521721167997516,Before Launch
1506,2025-03-19 23:31:56,159.255,3.09711296,-0.014,22.306,-1,-1,21.43440215160282,13.650425186650995,Before Launch
1507,2025-03-19 23:31:56,159.277,2.74606308,0.011,22.309,-1,-1,21.43440215160282,13.650425186650995,Before Launch
1508,2025-03-19 23:31:56,159.3,2.60498696,-0.337,22.296,-1,-1,21.670610700494443,13.628859797030568,Before Launch
1509,2025-03-19 23:31:56,159.322,3.09711296,0.19,22.309,-1,-1,21.827120142556453,13.626010091206165,Before Launch
1510,2025-03-19 23:31:56,159.759,1.4074803599999999,-0.177,22.306,-1,-1,23.423019044259412,16.616472642773775,Before Launch
1511,2025-03-19 23:31:56,159.785,2.02099744,-0.106,22.309,-1,-1,23.90666169958235,20.187830476866083,Before Launch
1512,2025-03-19 23:31:57,159.807,1.4074803599999999,-0.428,22.306,-1,-1,23.90666169958235,20.187830476866083,Before Launch
1513,2025-03-19 23:31:57,159.83,1.7716536,0.005,22.306,-1,-1,24.161282749301932,23.58184185628504,Before Launch
1514,2025-03-19 23:31:57,159.852,0.68569556,-0.474,22.311,-1,-1,24.288941079739875,25.68413024698334,Before Launch
1515,2025-03-19 23:31:57,160.288,1.2860892800000001,-0.362,22.301,-1,-1,38.05813032752042,24.10221822978117,Before Launch
1516,2025-03-19 23:31:57,160.314,0.32152232000000003,-0.453,22.299,-1,-1,39.00555185271929,23.117105474128625,Before Launch
1517,2025-03-19 23:31:57,160.336,0.32152232000000003,-0.407,22.306,-1,-1,39.00555185271929,23.117105474128625,Before Launch
1518,2025-03-19 23:31:57,160.359,0.7939632799999999,-0.18,22.296,-1,-1,39.423338384364264,22.96881896174202,Before Launch
1519,2025-03-19 23:31:57,160.381,1.04658796,-0.154,22.299,-1,-1,39.009252249025415,22.652441436832454,Before Launch
1520,2025-03-19 23:31:58,160.816,0.08202100000000001,-0.384,22.304,-1,-1,27.93306295833377,3.249322892579153,Before Launch
1521,2025-03-19 23:31:58,160.842,-2.08005256,-0.952,22.311,-1,-1,26.69279370797597,3.27677509396023,Before Launch
1522,2025-03-19 23:31:58,160.865,0.08202100000000001,-0.52,22.304,-1,-1,26.69279370797597,3.27677509396023,Before Launch
1523,2025-03-19 23:31:58,160.887,-0.29199475999999996,-0.229,22.296,-1,-1,25.026780663584404,1.3178397421626844,Before Launch
1524,2025-03-19 23:31:58,160.91,0.32152232000000003,-0.567,22.306,-1,-1,23.303407969234637,0.2106406410449595,Before Launch
1525,2025-03-19 23:31:58,161.346,0.20013124,-0.365,22.301,-1,-1,23.43444579365096,19.11533044706085,Before Launch
1526,2025-03-19 23:31:58,161.373,-0.03937008,-0.362,22.306,-1,-1,23.10001722922002,21.79924071460747,Before Launch
1527,2025-03-19 23:31:58,161.396,1.65026252,0.023,22.301,-1,-1,23.10001722922002,21.79924071460747,Before Launch
1528,2025-03-19 23:31:58,161.419,-0.03937008,-0.499,22.306,-1,-1,22.629701080692264,24.453631258188533,Before Launch
1529,2025-03-19 23:31:58,161.443,1.4074803599999999,0.068,22.299,-1,-1,22.33216835823381,26.236893748985583,Before Launch
1530,2025-03-19 23:31:59,161.879,0.574147,-0.499,22.309,-1,-1,22.240103943179395,38.24323333131457,Before Launch
1531,2025-03-19 23:31:59,161.906,0.9350394,-0.271,22.309,-1,-1,21.91976626100899,38.69350370873104,Before Launch
1532,2025-03-19 23:31:59,161.929,0.9350394,0.004,22.309,-1,-1,21.91976626100899,38.69350370873104,Before Launch
1533,2025-03-19 23:31:59,161.953,0.81692916,-0.316,22.311,-1,-1,21.79187815441467,39.020020564925744,Before Launch
1534,2025-03-19 23:31:59,161.981,1.66010504,-0.089,22.309,-1,-1,21.340216600362265,39.06377060951104,Before Launch
1535,2025-03-19 23:31:59,162.411,0.57086616,-0.43,22.423,-1,-1,19.30936239836429,31.774680175640963,Before Launch
1536,2025-03-19 23:31:59,162.437,1.33202104,-0.194,22.466,-1,-1,19.893181936525213,30.695020343084263,Before Launch
1537,2025-03-19 23:31:59,162.459,0.65288716,-0.324,22.498,-1,-1,19.893181936525213,30.695020343084263,Before Launch
1538,2025-03-19 23:31:59,162.484,-0.0328084,-0.408,22.536,-1,-1,20.373825778380155,29.860416041891806,Before Launch
1539,2025-03-19 23:31:59,162.512,-1.7618110800000002,-0.711,22.603,-1,-1,20.93129130777771,29.187775511634783,Before Launch
1540,2025-03-19 23:32:00,162.94,-0.73490816,-0.311,23.701,-1,-1,16.983191862119334,27.16159320533857,Before Launch
1541,2025-03-19 23:32:00,162.966,1.61417328,-0.234,23.743,-1,-1,16.650357913946177,27.258052394460634,Before Launch
1542,2025-03-19 23:32:00,162.988,0.22965880000000002,-0.584,23.828,-1,-1,16.650357913946177,27.258052394460634,Before Launch
1543,2025-03-19 23:32:00,163.011,0.09842519999999999,-0.589,23.883,-1,-1,16.415577449025527,27.320494661505908,Before Launch
1544,2025-03-19 23:32:00,163.041,0.9055118400000001,-0.207,23.95,-1,-1,16.22016529953719,27.444996029239753,Before Launch
1545,2025-03-19 23:32:00,163.469,0.9383202399999999,-0.225,24.803,-1,-1,15.780735897378971,26.610331242969533,Before Launch
1546,2025-03-19 23:32:00,163.495,1.8339895600000002,-0.011,24.838,-1,-1,15.567352612735164,26.458652781530326,Before Launch
1547,2025-03-19 23:32:00,163.517,-0.5577428,-0.508,24.865,-1,-1,15.567352612735164,26.458652781530326,Before Launch
1548,2025-03-19 23:32:00,163.54,1.66666672,0.026,24.905,-1,-1,15.337892678256114,26.363786528986616,Before Launch
1549,2025-03-19 23:32:00,163.569,0.89238848,-0.257,24.95,-1,-1,15.177634266072106,26.3280724111015,Before Launch
1550,2025-03-19 23:32:01,163.999,-1.04002628,-0.758,25.469,-1,-1,14.310577161573061,26.175216791715048,Before Launch
1551,2025-03-19 23:32:01,164.025,-0.0656168,-0.326,25.479,-1,-1,14.289198623996324,26.157564943352938,Before Launch
1552,2025-03-19 23:32:01,164.047,-0.76443572,-0.366,25.494,-1,-1,14.289198623996324,26.157564943352938,Before Launch
1553,2025-03-19 23:32:01,164.069,-0.40354332,-0.321,25.494,-1,-1,14.324531125219838,26.09503028625452,Before Launch
1554,2025-03-19 23:32:01,164.092,-1.58136488,-0.704,25.519,-1,-1,14.249298872217842,26.05251700014669,Before Launch
1555,2025-03-19 23:32:01,164.53,0.9186352000000001,-0.386,25.736,-1,-1,14.136538297047705,26.678625998318047,Before Launch
1556,2025-03-19 23:32:01,164.556,-0.26574804,-0.634,25.758,-1,-1,14.62411060632827,26.88593985198125,Before Launch
1557,2025-03-19 23:32:01,164.578,-0.84973756,-0.678,25.773,-1,-1,14.62411060632827,26.88593985198125,Before Launch
1558,2025-03-19 23:32:01,164.6,0.26902888,-0.441,25.788,-1,-1,14.692337942812793,26.887101895927337,Before Launch
1559,2025-03-19 23:32:01,164.623,-0.79068244,-0.733,25.811,-1,-1,14.963486107219914,26.81546764869428,Before Launch
1560,2025-03-19 23:32:02,165.059,0.08202100000000001,-0.25,26.075,-1,-1,16.434303721640067,25.24587288290296,Before Launch
1561,2025-03-19 23:32:02,165.085,-0.30839896,-0.44,26.055,-1,-1,18.008602068969147,25.399998556482373,Before Launch
1562,2025-03-19 23:32:02,165.107,-0.9186352000000001,-0.439,26.04,-1,-1,18.008602068969147,25.399998556482373,Before Launch
1563,2025-03-19 23:32:02,165.13,0.15419948,-0.305,26.038,-1,-1,19.613315590312236,26.341751100750262,Before Launch
1564,2025-03-19 23:32:02,165.152,-1.07611552,-0.332,26.008,-1,-1,20.549335278293963,25.27498939484495,Before Launch
1565,2025-03-19 23:32:02,165.583,-1.92913392,-0.607,25.611,-1,-1,24.63253573751119,21.237053193615314,Before Launch
1566,2025-03-19 23:32:02,165.605,-1.10892392,-0.27,25.594,-1,-1,24.63253573751119,21.237053193615314,Before Launch
1567,2025-03-19 23:32:02,165.628,-1.8667979599999998,-0.414,25.571,-1,-1,24.894640184585132,21.294174467188352,Before Launch
1568,2025-03-19 23:32:02,165.655,-1.05314964,-0.349,25.546,-1,-1,25.482185185844518,21.4241341909914,Before Launch
1569,2025-03-19 23:32:02,165.679,-2.050525,-0.585,25.521,-1,-1,25.482185185844518,21.4241341909914,Before Launch
1570,2025-03-19 23:32:03,166.107,-1.2139108,-0.245,25.264,-1,-1,28.432024218171385,24.081699384904006,Before Launch
1571,2025-03-19 23:32:03,166.13,-0.6233596,0.275,25.252,-1,-1,28.432024218171385,24.081699384904006,Before Launch
1572,2025-03-19 23:32:03,166.152,0.33464568,0.048,25.239,-1,-1,28.112926962721,24.180454096222263,Before Launch
1573,2025-03-19 23:32:03,166.174,-1.48950136,-0.227,25.227,-1,-1,27.858261818144676,24.16236383675586,Before Launch
1574,2025-03-19 23:32:03,166.205,-0.059055119999999996,-0.072,25.225,-1,-1,27.858261818144676,24.16236383675586,Before Launch
1575,2025-03-19 23:32:03,166.628,-1.63713916,-0.348,25.117,-1,-1,25.036245778110818,25.761450085573994,Before Launch
1576,2025-03-19 23:32:03,166.658,-1.04330712,-0.19,25.13,-1,-1,25.036245778110818,25.761450085573994,Before Launch
1577,2025-03-19 23:32:03,166.681,-1.4074803599999999,-0.579,25.13,-1,-1,24.86012233476259,25.79720307283689,Before Launch
1578,2025-03-19 23:32:03,166.703,-0.9251968799999999,-0.168,25.127,-1,-1,24.86012233476259,25.79720307283689,Before Launch
1579,2025-03-19 23:32:03,166.725,-0.92847772,-0.442,25.12,-1,-1,24.75082352044015,25.810536408716658,Before Launch
1580,2025-03-19 23:32:04,167.153,-0.48556432,-0.201,25.095,-1,-1,22.382009925417574,24.662977113763414,Before Launch
1581,2025-03-19 23:32:04,167.176,0.24278216,-0.131,25.095,-1,-1,21.74306890087517,25.263012412854618,Before Launch
1582,2025-03-19 23:32:04,167.198,0.63320212,-0.057,25.11,-1,-1,21.01891492306916,26.46934845755693,Before Launch
1583,2025-03-19 23:32:04,167.229,-0.43963256,-0.238,25.125,-1,-1,21.01891492306916,26.46934845755693,Before Launch
1584,2025-03-19 23:32:04,167.251,-1.1515748399999999,-0.534,25.14,-1,-1,20.145023976797784,27.25210658230236,Before Launch
1585,2025-03-19 23:32:04,167.674,-0.9908136799999999,-0.297,25.923,-1,-1,15.132792119908933,25.52291579333655,Before Launch
1586,2025-03-19 23:32:04,167.699,-0.56758532,-0.361,25.96,-1,-1,14.842349947223441,25.33171704135338,Before Launch
1587,2025-03-19 23:32:04,167.722,-0.97112864,-0.309,26.015,-1,-1,14.842349947223441,25.33171704135338,Before Launch
1588,2025-03-19 23:32:04,167.744,0.5249344,0.106,26.045,-1,-1,14.636350849908432,25.219478284777484,Before Launch
1589,2025-03-19 23:32:04,167.767,0.0164042,0.338,26.11,-1,-1,14.535349299756104,24.995924420740344,Before Launch
1590,2025-03-19 23:32:05,168.202,-2.2408137200000002,-0.286,26.691,-1,-1,13.03842983456046,23.527435333731283,Before Launch
1591,2025-03-19 23:32:05,168.229,-1.3648294399999998,-0.566,26.711,-1,-1,13.024508144263844,23.472200303648687,Before Launch
1592,2025-03-19 23:32:05,168.251,-1.69947512,-0.367,26.726,-1,-1,13.024508144263844,23.472200303648687,Before Launch
1593,2025-03-19 23:32:05,168.274,-1.66338588,-0.335,26.749,-1,-1,13.040324127069457,23.53897067402869,Before Launch
1594,2025-03-19 23:32:05,168.303,-1.50590556,-0.458,26.776,-1,-1,13.054851732779396,23.57821936798663,Before Launch
1595,2025-03-19 23:32:05,168.733,-1.59448824,-0.481,27.095,-1,-1,12.784908660364243,24.294386622026632,Before Launch
1596,2025-03-19 23:32:05,168.759,-1.57152236,-0.647,27.11,-1,-1,12.803946050993854,24.276316494528135,Before Launch
1597,2025-03-19 23:32:05,168.785,-0.70209976,-0.027,27.13,-1,-1,12.803946050993854,24.276316494528135,Before Launch
1598,2025-03-19 23:32:06,168.807,-2.37204732,-0.767,27.143,-1,-1,12.820835742580945,24.333565184987695,Before Launch
1599,2025-03-19 23:32:06,168.835,-1.37467196,-0.431,27.158,-1,-1,12.807924761638125,24.421601047658736,Before Launch
1600,2025-03-19 23:32:06,169.263,-0.75131236,0.055,27.465,-1,-1,13.569193272599458,24.24910647925352,Before Launch
1601,2025-03-19 23:32:06,169.289,-0.59383204,-0.1,27.487,-1,-1,13.658872401324032,24.202119111078925,Before Launch
1602,2025-03-19 23:32:06,169.311,-0.19356956,0.108,27.507,-1,-1,13.658872401324032,24.202119111078925,Before Launch
1603,2025-03-19 23:32:06,169.333,0.41666668,0.156,27.51,-1,-1,13.81884595794234,24.22390046121903,Before Launch
1604,2025-03-19 23:32:06,169.356,0.56758532,0.408,27.534,-1,-1,13.81884595794234,24.22390046121903,Before Launch
1605,2025-03-19 23:32:06,169.785,1.10892392,0.036,27.844,-1,-1,14.358711628330534,24.30038970232844,Before Launch
1606,2025-03-19 23:32:07,169.808,-0.5413386,-0.052,27.871,-1,-1,14.358711628330534,24.30038970232844,Before Launch
1607,2025-03-19 23:32:07,169.83,-0.029527559999999998,0.156,27.891,-1,-1,14.746292179372146,24.55762300225901,Before Launch
1608,2025-03-19 23:32:07,169.853,-0.35761156,-0.119,27.914,-1,-1,14.746292179372146,24.55762300225901,Before Launch
1609,2025-03-19 23:32:07,169.876,-0.92847772,-0.026,27.934,-1,-1,15.1286122220462,24.525132426925467,Before Launch
1610,2025-03-19 23:32:07,170.301,-0.14435695999999998,-0.043,27.963,-1,-1,22.687709715452087,27.060060946282434,Before Launch
1611,2025-03-19 23:32:07,170.324,-0.89895016,-0.113,27.948,-1,-1,23.149774517798196,27.417503195867475,Before Launch
1612,2025-03-19 23:32:07,170.351,-0.83333336,0.016,27.909,-1,-1,23.528242523644106,27.71557768273917,Before Launch
1613,2025-03-19 23:32:07,170.376,-0.14107612,-0.056,27.894,-1,-1,23.528242523644106,27.71557768273917,Before Launch
1614,2025-03-19 23:32:07,170.398,0.15748032,0.235,27.856,-1,-1,24.41616901004316,28.32851043982341,Before Launch
1615,2025-03-19 23:32:08,170.821,-0.55446196,0.262,27.36,-1,-1,24.626092288884305,15.916062386880236,Before Launch
1616,2025-03-19 23:32:08,170.847,-0.83005252,0.053,27.337,-1,-1,25.16570374555194,11.553184807833999,Before Launch
1617,2025-03-19 23:32:08,170.869,-0.7480315200000001,0.213,27.317,-1,-1,25.16570374555194,11.553184807833999,Before Launch
1618,2025-03-19 23:32:08,170.892,-0.40354332,0.124,27.302,-1,-1,25.196655549117462,7.4658633441745845,Before Launch
1619,2025-03-19 23:32:08,170.921,-0.9251968799999999,0.215,27.282,-1,-1,25.353449425379733,2.7863077163213466,Before Launch
1620,2025-03-19 23:32:08,171.351,-1.49934388,-0.054,27.155,-1,-1,20.052953212154154,-4.940067856482548,Before Launch
1621,2025-03-19 23:32:08,171.377,-2.59514444,-0.376,27.155,-1,-1,19.983930219470196,-5.725333590181396,Before Launch
1622,2025-03-19 23:32:08,171.399,-1.27624676,-0.307,27.143,-1,-1,19.983930219470196,-5.725333590181396,Before Launch
1623,2025-03-19 23:32:08,171.422,-1.52230976,-0.006,27.14,-1,-1,21.044032911058995,-6.297708034308485,Before Launch
1624,2025-03-19 23:32:08,171.446,-2.26706044,-0.421,27.133,-1,-1,21.044032911058995,-6.297708034308485,Before Launch
1625,2025-03-19 23:32:09,171.884,-1.52230976,0.022,26.993,-1,-1,25.793970888309197,-0.21912994771409144,Before Launch
1626,2025-03-19 23:32:09,171.911,-1.41732288,-0.071,26.983,-1,-1,26.047349044502745,-2.3727067486769076,Before Launch
1627,2025-03-19 23:32:09,171.934,-2.01115492,-0.115,26.988,-1,-1,26.047349044502745,-2.3727067486769076,Before Launch
1628,2025-03-19 23:32:09,171.956,-0.08202100000000001,0.161,26.978,-1,-1,24.826921350691087,-2.2563389704600203,Before Launch
1629,2025-03-19 23:32:09,171.979,-1.2959318,-0.07,26.973,-1,-1,23.030799538568264,-0.603230058734333,Before Launch
1630,2025-03-19 23:32:09,172.414,-1.78477696,-0.247,26.906,-1,-1,13.346669653591803,-1.5921662370738316,Before Launch
1631,2025-03-19 23:32:09,172.44,-1.07611552,-0.251,26.891,-1,-1,14.24301137049767,-4.168948823126594,Before Launch
1632,2025-03-19 23:32:09,172.462,-1.31889768,-0.371,26.888,-1,-1,14.24301137049767,-4.168948823126594,Before Launch
1633,2025-03-19 23:32:09,172.485,-0.97112864,-0.101,26.881,-1,-1,14.903451369168677,-4.4460992368347725,Before Launch
1634,2025-03-19 23:32:09,172.507,-2.1981628,-0.199,26.863,-1,-1,15.145280979074164,-4.934142600722346,Before Launch
1635,2025-03-19 23:32:10,172.943,-1.3156168400000001,-0.062,26.819,-1,-1,1.5715151893419343,-5.4612829925993935,Before Launch
1636,2025-03-19 23:32:10,172.969,-0.10170604,0.088,26.823,-1,-1,1.278974338825225,-5.271891396125625,Before Launch
1637,2025-03-19 23:32:10,172.991,-0.58727036,0.073,26.819,-1,-1,1.278974338825225,-5.271891396125625,Before Launch
1638,2025-03-19 23:32:10,173.013,-2.2736221199999997,-0.531,26.823,-1,-1,1.1384012887682804,-5.223819192103575,Before Launch
1639,2025-03-19 23:32:10,173.036,-1.05643048,-0.204,26.833,-1,-1,1.1100968873039776,-5.200703509802238,Before Launch
1640,2025-03-19 23:32:10,173.472,-1.24343836,0.189,26.863,-1,-1,1.320883223201796,-5.210298772026507,Before Launch
1641,2025-03-19 23:32:10,173.501,-2.0997376,-0.139,26.858,-1,-1,1.3301076890191885,-5.207343096058806,Before Launch
1642,2025-03-19 23:32:10,173.525,-1.35498692,0.065,26.866,-1,-1,1.3301076890191885,-5.207343096058806,Before Launch
1643,2025-03-19 23:32:10,173.548,-1.47309716,0.036,26.868,-1,-1,1.340043667805947,-5.229090693460879,Before Launch
1644,2025-03-19 23:32:10,173.576,-1.7191601600000002,-0.04,26.866,-1,-1,1.335330520169279,-5.207262191294913,Before Launch
1645,2025-03-19 23:32:11,174.005,-2.32283472,-0.138,26.871,-1,-1,1.390805224012466,-5.25658281933479,Before Launch
1646,2025-03-19 23:32:11,174.031,-2.92650928,-0.257,26.876,-1,-1,1.3887107273053716,-5.268396855062925,Before Launch
1647,2025-03-19 23:32:11,174.054,-2.2047244800000003,-0.285,26.868,-1,-1,1.3887107273053716,-5.268396855062925,Before Launch
1648,2025-03-19 23:32:11,174.076,-1.3484252399999999,0.194,26.873,-1,-1,1.4081447055655438,-5.317182284272584,Before Launch
1649,2025-03-19 23:32:11,174.105,-1.57808404,-0.039,26.878,-1,-1,1.4057202910643185,-5.311559750810742,Before Launch
1650,2025-03-19 23:32:11,174.537,-2.32283472,-0.298,26.871,-1,-1,1.4550757382448265,-5.270977211859223,Before Launch
1651,2025-03-19 23:32:11,174.563,-2.08005256,-0.282,26.873,-1,-1,1.433876290470099,-5.318454588207573,Before Launch
1652,2025-03-19 23:32:11,174.586,-1.35498692,-0.22,26.868,-1,-1,1.433876290470099,-5.318454588207573,Before Launch
1653,2025-03-19 23:32:11,174.609,-2.4442258,-0.542,26.873,-1,-1,1.416016838384044,-5.352864102028446,Before Launch
1654,2025-03-19 23:32:11,174.637,-2.32283472,-0.547,26.871,-1,-1,1.425935672475281,-5.3078746377246055,Before Launch
1655,2025-03-19 23:32:12,175.069,-1.3353018799999998,-0.463,26.794,-1,-1,1.539163813481794,-5.262861495815385,Before Launch
1656,2025-03-19 23:32:12,175.095,-0.74146984,-0.038,26.799,-1,-1,1.5055616941785956,-5.241726326042488,Before Launch
1657,2025-03-19 23:32:12,175.121,-1.72900268,-0.321,26.789,-1,-1,1.5055616941785956,-5.241726326042488,Before Launch
1658,2025-03-19 23:32:12,175.144,-1.72900268,-0.259,26.789,-1,-1,1.479261245748272,-5.262724728763794,Before Launch
1659,2025-03-19 23:32:12,175.171,-2.3392389199999997,-0.266,26.786,-1,-1,1.4740176320614746,-5.280417772605385,Before Launch
1660,2025-03-19 23:32:12,175.597,-1.71587932,-0.297,26.719,-1,-1,1.476727803773567,-5.1568227394300825,Before Launch
1661,2025-03-19 23:32:12,175.623,-2.6738845999999996,-0.335,26.724,-1,-1,1.4818373101151325,-5.179214950419568,Before Launch
1662,2025-03-19 23:32:12,175.649,-2.32283472,-0.281,26.716,-1,-1,1.4818373101151325,-5.179214950419568,Before Launch
1663,2025-03-19 23:32:12,175.672,-1.71587932,-0.297,26.719,-1,-1,1.4745983386719566,-5.165497018462212,Before Launch
1664,2025-03-19 23:32:12,175.7,-2.09317592,-0.424,26.711,-1,-1,1.4637459951664755,-5.16504494998833,Before Launch
1665,2025-03-19 23:32:13,176.126,-2.00787408,-0.274,26.686,-1,-1,1.492873503683272,-5.34833646855366,Before Launch
1666,2025-03-19 23:32:13,176.152,-2.37204732,-0.291,26.686,-1,-1,1.4623253464108028,-5.315635735189038,Before Launch
1667,2025-03-19 23:32:13,176.174,-1.66010504,-0.172,26.679,-1,-1,1.4623253464108028,-5.315635735189038,Before Launch
1668,2025-03-19 23:32:13,176.197,-1.66010504,-0.237,26.679,-1,-1,1.4703294497403363,-5.336332558859355,Before Launch
1669,2025-03-19 23:32:13,176.219,-2.75262476,-0.345,26.676,-1,-1,1.459471562280206,-5.347771419716359,Before Launch
1670,2025-03-19 23:32:13,176.656,-1.44028876,0.011,26.659,-1,-1,1.642041365525395,-5.395079664988746,Before Launch
1671,2025-03-19 23:32:13,176.682,-1.5583989999999999,0.195,26.661,-1,-1,1.6721865443580228,-5.352987570563432,Before Launch
1672,2025-03-19 23:32:13,176.704,-2.05708668,-0.147,26.656,-1,-1,1.6721865443580228,-5.352987570563432,Before Launch
1673,2025-03-19 23:32:13,176.726,-2.06364836,-0.102,26.651,-1,-1,1.658255581415734,-5.386395359873175,Before Launch
1674,2025-03-19 23:32:13,176.749,-1.0892388800000001,0.222,26.639,-1,-1,1.6418559210595076,-5.373971824667775,Before Launch
1675,2025-03-19 23:32:14,177.185,-2.5262468,-0.189,26.589,-1,-1,1.6374749821546537,-5.370454620661351,Before Launch
1676,2025-03-19 23:32:14,177.211,-0.21981628,0.226,26.587,-1,-1,1.6027053068403074,-5.360228108111586,Before Launch
1677,2025-03-19 23:32:14,177.238,-2.04396332,-0.006,26.587,-1,-1,1.6027053068403074,-5.360228108111586,Before Launch
1678,2025-03-19 23:32:14,177.26,-0.83005252,-0.141,26.584,-1,-1,1.6151383569150313,-5.390097340984836,Before Launch
1679,2025-03-19 23:32:14,177.283,-2.542651,-0.235,26.577,-1,-1,1.5807576379920762,-5.389542400221683,Before Launch
1680,2025-03-19 23:32:14,177.719,-2.11286096,-0.062,26.542,-1,-1,1.649817197332027,-5.358512857252871,Before Launch
1681,2025-03-19 23:32:14,177.746,-2.2473754,-0.221,26.537,-1,-1,1.6785388500224938,-5.350538122529631,Before Launch
1682,2025-03-19 23:32:14,177.77,-1.99146988,-0.127,26.539,-1,-1,1.6785388500224938,-5.350538122529631,Before Launch
1683,2025-03-19 23:32:14,177.793,-1.1515748399999999,-0.034,26.537,-1,-1,1.6820585043734302,-5.381563198862022,Before Launch
1684,2025-03-19 23:32:15,177.821,-2.2473754,-0.009,26.537,-1,-1,1.709829897454829,-5.392849841383595,Before Launch
1685,2025-03-19 23:32:15,178.249,-1.41732288,-0.019,26.519,-1,-1,1.6319539780334742,-5.385108385670144,Before Launch
1686,2025-03-19 23:32:15,178.275,-0.70209976,-0.113,26.522,-1,-1,1.6160085007893907,-5.434276410768548,Before Launch
1687,2025-03-19 23:32:15,178.297,-2.02755912,-0.271,26.517,-1,-1,1.6160085007893907,-5.434276410768548,Before Launch
1688,2025-03-19 23:32:15,178.319,-2.14566936,0.024,26.519,-1,-1,1.6305753843265185,-5.426916064329066,Before Launch
1689,2025-03-19 23:32:15,178.342,-1.55183732,-0.093,26.514,-1,-1,1.6693406548266945,-5.398308857031351,Before Launch
1690,2025-03-19 23:32:15,178.777,-1.22703416,0.003,26.484,-1,-1,1.6107834443434204,-5.3422974471925695,Before Launch
1691,2025-03-19 23:32:16,178.803,-2.31955388,-0.041,26.484,-1,-1,1.6377834806369882,-5.355694148263145,Before Launch
1692,2025-03-19 23:32:16,178.825,-1.3451444,0.002,26.487,-1,-1,1.6377834806369882,-5.355694148263145,Before Launch
1693,2025-03-19 23:32:16,178.848,-1.84383208,-0.07,26.482,-1,-1,1.654305932452421,-5.34361664098995,Before Launch
1694,2025-03-19 23:32:16,178.87,-2.81824156,-0.208,26.467,-1,-1,1.645765990122557,-5.341328629997832,Before Launch
1695,2025-03-19 23:32:16,179.306,-2.2637796,0.011,26.444,-1,-1,1.7293883445202405,-5.368729147462713,Before Launch
1696,2025-03-19 23:32:16,179.332,-2.97900272,-0.01,26.452,-1,-1,1.7478175438384553,-5.351391258152265,Before Launch
1697,2025-03-19 23:32:16,179.354,-3.2316274,-0.194,26.449,-1,-1,1.7478175438384553,-5.351391258152265,Before Launch
1698,2025-03-19 23:32:16,179.376,-1.28937012,0.011,26.447,-1,-1,1.7316588298496856,-5.368308919828583,Before Launch
1699,2025-03-19 23:32:16,179.399,-1.77493444,-0.037,26.444,-1,-1,1.7134233597911253,-5.401734219306339,Before Launch
1700,2025-03-19 23:32:17,179.835,-2.0997376,0.042,26.395,-1,-1,1.6344019880546063,-5.466760800652668,Before Launch
1701,2025-03-19 23:32:17,179.862,-2.10629928,-0.005,26.389,-1,-1,1.67576619927491,-5.436359920909803,Before Launch
1702,2025-03-19 23:32:17,179.884,-1.4960630400000001,-0.027,26.389,-1,-1,1.67576619927491,-5.436359920909803,Before Launch
1703,2025-03-19 23:32:17,179.906,-3.22834656,-0.148,26.372,-1,-1,1.6845021507977567,-5.431157403930059,Before Launch
1704,2025-03-19 23:32:17,179.929,-3.57939644,-0.237,26.372,-1,-1,1.6887222767437633,-5.427717318980331,Before Launch
1705,2025-03-19 23:32:17,180.365,-2.10301844,-0.145,26.31,-1,-1,1.5925612294020197,-5.0767142077150185,Before Launch
1706,2025-03-19 23:32:17,180.392,-1.62729664,-0.167,26.305,-1,-1,1.653871147021556,-5.093488601352036,Before Launch
1707,2025-03-19 23:32:17,180.418,-1.14501316,0.11,26.305,-1,-1,1.653871147021556,-5.093488601352036,Before Launch
1708,2025-03-19 23:32:17,180.441,-2.1161418,-0.073,26.302,-1,-1,1.6670410080094147,-5.135038508133086,Before Launch
1709,2025-03-19 23:32:17,180.468,-2.48031504,-0.027,26.302,-1,-1,1.6671804137356794,-5.1792687616791016,Before Launch
1710,2025-03-19 23:32:18,180.894,-3.1200788399999997,-0.265,26.285,-1,-1,1.7493882600097226,-3.9229579490115336,Before Launch
1711,2025-03-19 23:32:18,180.92,-1.80118116,0.165,26.272,-1,-1,1.7559094165409568,-4.247363876794879,Before Launch
1712,2025-03-19 23:32:18,180.945,-0.7217848,0.302,26.265,-1,-1,1.7559094165409568,-4.247363876794879,Before Launch
1713,2025-03-19 23:32:18,180.968,-2.1653544,-0.085,26.272,-1,-1,1.729434118872496,-4.60982410071195,Before Launch
1714,2025-03-19 23:32:18,180.996,-1.9192913999999999,0.033,26.27,-1,-1,1.7275677392936253,-4.676498723646951,Before Launch
1715,2025-03-19 23:32:18,181.423,-2.31955388,-0.059,26.252,-1,-1,1.736594154370834,0.26498089692335447,Before Launch
1716,2025-03-19 23:32:18,181.449,-2.4278216,-0.011,26.255,-1,-1,1.7352535527544923,0.4086735639699322,Before Launch
1717,2025-03-19 23:32:18,181.471,-0.37729660000000004,0.242,26.25,-1,-1,1.7352535527544923,0.4086735639699322,Before Launch
1718,2025-03-19 23:32:18,181.496,-1.71587932,-0.011,26.247,-1,-1,1.7356806592175638,0.6416576629312295,Before Launch
1719,2025-03-19 23:32:18,181.525,-1.8339895600000002,0.173,26.25,-1,-1,1.7665271519996537,0.8326936409348084,Before Launch
1720,2025-03-19 23:32:19,181.952,-1.02034124,0.079,26.225,-1,-1,1.7628009209088145,1.5060596037560066,Before Launch
1721,2025-03-19 23:32:19,181.978,-1.99146988,-0.082,26.222,-1,-1,1.78737844563786,1.5919056115579528,Before Launch
1722,2025-03-19 23:32:19,182.0,-2.61154864,-0.105,26.22,-1,-1,1.78737844563786,1.5919056115579528,Before Launch
1723,2025-03-19 23:32:19,182.025,-2.49015756,-0.08,26.217,-1,-1,1.8146017265812542,1.5603301827437788,Before Launch
1724,2025-03-19 23:32:19,182.053,-3.70406836,-0.493,26.22,-1,-1,1.8488971239664642,1.7947663050572262,Before Launch
1725,2025-03-19 23:32:19,182.484,-1.3123360000000002,0.229,26.192,-1,-1,1.8371544556678736,0.8307461021537238,Before Launch
1726,2025-03-19 23:32:19,182.51,-2.5262468,-0.435,26.195,-1,-1,1.8365370358936999,0.7778562337497733,Before Launch
1727,2025-03-19 23:32:19,182.532,-1.91601056,0.024,26.197,-1,-1,1.8365370358936999,0.7778562337497733,Before Launch
1728,2025-03-19 23:32:19,182.554,-1.6765092400000001,-0.16,26.182,-1,-1,1.8215705731654985,0.7105952819018045,Before Launch
1729,2025-03-19 23:32:19,182.577,-3.00853028,-0.088,26.188,-1,-1,1.80753867625125,0.6336126577361176,Before Launch
1730,2025-03-19 23:32:20,183.013,-3.65157492,-0.291,26.172,-1,-1,1.8041520262361255,0.12590565680441998,Before Launch
1731,2025-03-19 23:32:20,183.039,-3.1660106,-0.174,26.17,-1,-1,1.7949483439747982,0.11646816064289903,Before Launch
1732,2025-03-19 23:32:20,183.062,-2.0898950800000002,-0.019,26.163,-1,-1,1.7949483439747982,0.11646816064289903,Before Launch
1733,2025-03-19 23:32:20,183.085,-3.06102372,-0.361,26.16,-1,-1,1.8079375139778877,0.07889762081153037,Before Launch
1734,2025-03-19 23:32:20,183.113,-3.7893702,-0.291,26.16,-1,-1,1.8094239406215262,0.1668070956741886,Before Launch
1735,2025-03-19 23:32:20,183.542,-3.33989512,-0.363,26.135,-1,-1,1.8654615531408723,0.018396707241377354,Before Launch
1736,2025-03-19 23:32:20,183.568,-2.12270348,-0.268,26.14,-1,-1,1.8569858161324884,0.03742137938303535,Before Launch
1737,2025-03-19 23:32:20,183.59,-2.61154864,-0.11,26.135,-1,-1,1.8569858161324884,0.03742137938303535,Before Launch
1738,2025-03-19 23:32:20,183.612,-4.0682416,-0.363,26.135,-1,-1,1.8582129520026018,0.09330006515445202,Before Launch
1739,2025-03-19 23:32:20,183.635,-2.50000008,-0.179,26.133,-1,-1,1.857435462462362,0.11944529400067408,Before Launch
1740,2025-03-19 23:32:21,184.071,-3.03805784,-0.342,26.098,-1,-1,1.790263363044195,0.3936053552716215,Before Launch
1741,2025-03-19 23:32:21,184.097,-2.20144364,0.022,26.088,-1,-1,1.8011080074792465,0.4056497990570239,Before Launch
1742,2025-03-19 23:32:21,184.12,-2.68700796,-0.253,26.09,-1,-1,1.8011080074792465,0.4056497990570239,Before Launch
1743,2025-03-19 23:32:21,184.142,-2.79855652,-0.18,26.088,-1,-1,1.7796429738897965,0.387316711416512,Before Launch
1744,2025-03-19 23:32:21,184.165,-3.1758531199999998,-0.068,26.085,-1,-1,1.7796429738897965,0.387316711416512,Before Launch
1745,2025-03-19 23:32:21,184.604,-2.7723098,-0.096,26.03,-1,-1,1.7419874954197094,0.6432160689207111,Before Launch
1746,2025-03-19 23:32:21,184.63,-2.7591864399999997,0.041,26.038,-1,-1,1.7496095522482242,0.6489068663728018,Before Launch
1747,2025-03-19 23:32:21,184.653,-2.40813656,0.155,26.03,-1,-1,1.7496095522482242,0.6489068663728018,Before Launch
1748,2025-03-19 23:32:21,184.675,-2.89698172,-0.303,26.028,-1,-1,1.7165696089278684,0.6697086361604183,Before Launch
1749,2025-03-19 23:32:21,184.698,-3.8779528799999996,-0.397,26.013,-1,-1,1.7224018742397091,0.705837016264021,Before Launch
1750,2025-03-19 23:32:22,185.134,-1.91272972,0.035,25.958,-1,-1,1.6430067325258322,0.745080156150857,Before Launch
1751,2025-03-19 23:32:22,185.16,-1.54855648,0.105,25.958,-1,-1,1.6135794641918169,0.8808411442581012,Before Launch
1752,2025-03-19 23:32:22,185.183,-1.91601056,-0.079,25.95,-1,-1,1.6135794641918169,0.8808411442581012,Before Launch
1753,2025-03-19 23:32:22,185.205,-2.64435704,0.11,25.95,-1,-1,1.6345613468304434,0.8910065334775142,Before Launch
1754,2025-03-19 23:32:22,185.228,-1.91601056,0.314,25.95,-1,-1,1.6123080885940775,0.9959244701867324,Before Launch
1755,2025-03-19 23:32:22,185.663,-1.8897638399999999,0.04,25.888,-1,-1,1.5788551722623967,0.7553690052054607,Before Launch
1756,2025-03-19 23:32:22,185.689,-1.40091868,0.043,25.893,-1,-1,1.5526050398290698,0.7140986590391011,Before Launch
1757,2025-03-19 23:32:22,185.711,-2.25393708,-0.21,25.888,-1,-1,1.5526050398290698,0.7140986590391011,Before Launch
1758,2025-03-19 23:32:22,185.733,-1.7716536,0.065,25.886,-1,-1,1.5254502349125154,0.5808663126755086,Before Launch
1759,2025-03-19 23:32:22,185.756,-2.39173236,0.017,25.878,-1,-1,1.5301147203657461,0.46927269858386256,Before Launch
1760,2025-03-19 23:32:23,186.192,-2.2342520400000003,0.167,25.818,-1,-1,2.054874205177145,-1.0527972827284302,Before Launch
1761,2025-03-19 23:32:23,186.218,-0.66929136,0.214,25.808,-1,-1,2.8922573573224937,-0.7330721459053768,Before Launch
1762,2025-03-19 23:32:23,186.24,-2.97572188,-0.426,25.811,-1,-1,2.8922573573224937,-0.7330721459053768,Before Launch
1763,2025-03-19 23:32:23,186.262,-2.8543308,-0.13,25.806,-1,-1,4.577258395066005,-0.664532866183574,Before Launch
1764,2025-03-19 23:32:23,186.285,-3.70406836,-0.337,25.798,-1,-1,6.571933581129706,-1.0393863111171329,Before Launch
1765,2025-03-19 23:32:23,186.721,-0.75131236,0.296,25.756,-1,-1,38.52198259304223,2.2007127443412227,Before Launch
1766,2025-03-19 23:32:23,186.746,-2.7034121599999996,-0.052,25.751,-1,-1,43.12561235468533,2.9117280192854587,Before Launch
1767,2025-03-19 23:32:23,186.769,-1.26640424,-0.168,25.736,-1,-1,43.12561235468533,2.9117280192854587,Before Launch
1768,2025-03-19 23:32:23,186.791,-1.7552494,-0.007,25.731,-1,-1,48.50885456436206,4.581763998102769,Before Launch
1769,2025-03-19 23:32:24,186.814,-2.37532816,-0.102,25.721,-1,-1,54.054605568095845,6.353926236162194,Before Launch
1770,2025-03-19 23:32:24,187.249,-2.3950131999999997,-0.26,25.629,-1,-1,88.70354385900515,45.49072401381392,Before Launch
1771,2025-03-19 23:32:24,187.275,-2.51312344,-0.098,25.631,-1,-1,89.27590015235978,-2.88604905538822,Before Launch
1772,2025-03-19 23:32:24,187.298,-3.36614184,-0.142,25.626,-1,-1,89.27590015235978,-2.88604905538822,Before Launch
1773,2025-03-19 23:32:24,187.32,-1.66666672,0.156,25.629,-1,-1,89.64576359480535,-33.83512205376731,Before Launch
1774,2025-03-19 23:32:24,187.343,-0.69553808,0.569,25.619,-1,-1,90.04880037066422,-55.2849874245037,Before Launch
1775,2025-03-19 23:32:24,187.778,-0.47244095999999997,0.159,25.611,-1,-1,89.74313016325787,-80.47019693811824,Before Launch
1776,2025-03-19 23:32:25,187.804,-2.0308399599999998,0.094,25.629,-1,-1,89.62882358406684,-81.86221545348428,Before Launch
1777,2025-03-19 23:32:25,187.826,-1.5616798399999998,0.067,25.619,-1,-1,89.62882358406684,-81.86221545348428,Before Launch
1778,2025-03-19 23:32:25,187.849,-1.44028876,0.045,25.616,-1,-1,89.67771154124408,-84.33031829885556,Before Launch
1779,2025-03-19 23:32:25,187.871,-1.5616798399999998,0.273,25.614,-1,-1,89.71488508082936,-85.9900153878374,Before Launch
1780,2025-03-19 23:32:25,188.307,-0.9383202399999999,0.513,25.629,-1,-1,88.41861771786742,-61.477657455812306,Before Launch
1781,2025-03-19 23:32:25,188.333,-2.0308399599999998,0.214,25.629,-1,-1,88.27784234986284,-57.94295431743562,Before Launch
1782,2025-03-19 23:32:25,188.357,-0.8038058,0.243,25.634,-1,-1,88.27784234986284,-57.94295431743562,Before Launch
1783,2025-03-19 23:32:25,188.38,-3.1233596799999996,-0.012,25.624,-1,-1,88.06831179937362,-54.45850357872567,Before Launch
1784,2025-03-19 23:32:25,188.41,-1.42060372,0.447,25.631,-1,-1,87.97261288344896,-52.096578600337175,Before Launch
1785,2025-03-19 23:32:26,188.838,-2.16863524,0.221,25.616,-1,-1,88.10510281223944,-50.27933683999566,Before Launch
1786,2025-03-19 23:32:26,188.864,-1.30577432,0.154,25.621,-1,-1,88.15851931027953,-51.66638701733902,Before Launch
1787,2025-03-19 23:32:26,188.886,-2.16863524,0.084,25.616,-1,-1,88.15851931027953,-51.66638701733902,Before Launch
1788,2025-03-19 23:32:26,188.909,-2.76246728,0.247,25.621,-1,-1,88.25443637080245,-53.635139677929864,Before Launch
1789,2025-03-19 23:32:26,188.932,-2.65091872,-0.028,25.619,-1,-1,88.30374502379216,-55.41633374438944,Before Launch
1790,2025-03-19 23:32:26,189.368,-2.07677172,0.181,25.596,-1,-1,88.52253640186893,-62.90395995034227,Before Launch
1791,2025-03-19 23:32:26,189.394,-1.95538064,0.046,25.596,-1,-1,88.52920946764806,-63.36836172653094,Before Launch
1792,2025-03-19 23:32:26,189.416,-3.5301838400000003,-0.159,25.599,-1,-1,88.52920946764806,-63.36836172653094,Before Launch
1793,2025-03-19 23:32:26,189.438,-1.5912074,0.228,25.596,-1,-1,88.59903391066294,-63.51307814712235,Before Launch
1794,2025-03-19 23:32:26,189.469,-2.68372712,0.093,25.596,-1,-1,88.50134500199091,-62.22407557579431,Before Launch
1795,2025-03-19 23:32:27,189.897,-1.50590556,0.239,25.571,-1,-1,88.40853352014489,-63.66965789694583,Before Launch
1796,2025-03-19 23:32:27,189.923,-2.12598432,0.12,25.561,-1,-1,88.42969547725616,-64.31201488908486,Before Launch
1797,2025-03-19 23:32:27,189.945,-1.63713916,0.146,25.566,-1,-1,88.42969547725616,-64.31201488908486,Before Launch
1798,2025-03-19 23:32:27,189.969,-1.64370084,0.237,25.559,-1,-1,88.3894111461768,-64.28468244396768,Before Launch
1799,2025-03-19 23:32:27,189.997,-0.80708664,0.58,25.549,-1,-1,88.4751462983636,-64.02538044651503,Before Launch
1800,2025-03-19 23:32:27,190.428,-0.8858268,0.194,25.496,-1,-1,88.3721487142908,-58.59949186697987,Before Launch
1801,2025-03-19 23:32:27,190.454,-2.22112868,-0.127,25.494,-1,-1,88.49097519672667,-62.786546004036,Before Launch
1802,2025-03-19 23:32:27,190.476,-1.50590556,0.077,25.487,-1,-1,88.49097519672667,-62.786546004036,Before Launch
1803,2025-03-19 23:32:27,190.499,-1.37467196,0.24,25.491,-1,-1,88.73147590059284,-67.51388530479134,Before Launch
1804,2025-03-19 23:32:27,190.522,-2.22112868,-0.058,25.494,-1,-1,89.10516778607064,-72.6113438898149,Before Launch
1805,2025-03-19 23:32:28,190.958,-1.79790032,0.017,25.454,-1,-1,89.21273684549003,-76.26379140619655,Before Launch
1806,2025-03-19 23:32:28,190.983,-0.70866144,0.131,25.446,-1,-1,89.08533352997102,-75.92729193066899,Before Launch
1807,2025-03-19 23:32:28,191.009,-1.9192913999999999,0.063,25.449,-1,-1,89.08533352997102,-75.92729193066899,Before Launch
1808,2025-03-19 23:32:28,191.032,-1.6896326,0.015,25.444,-1,-1,89.03418512801966,-76.85040995647428,Before Launch
1809,2025-03-19 23:32:28,191.06,-2.6607612400000002,-0.051,25.442,-1,-1,88.8282720515837,-79.05402426055838,Before Launch
1810,2025-03-19 23:32:28,191.488,-2.58530192,-0.066,25.409,-1,-1,88.01013875086885,-84.60620848257665,Before Launch
1811,2025-03-19 23:32:28,191.514,-1.4960630400000001,-0.156,25.409,-1,-1,88.7652435346262,-82.113791432645,Before Launch
1812,2025-03-19 23:32:28,191.536,-1.1318898,0.348,25.409,-1,-1,88.7652435346262,-82.113791432645,Before Launch
1813,2025-03-19 23:32:28,191.558,-1.62073496,0.233,25.404,-1,-1,88.34067588234907,-81.23168804809922,Before Launch
1814,2025-03-19 23:32:28,191.581,-3.07086624,0.12,25.407,-1,-1,87.8115248894141,-79.86783333070618,Before Launch
1815,2025-03-19 23:32:29,192.017,-0.9383202399999999,-0.035,25.374,-1,-1,89.29276429178134,-84.46384001300636,Before Launch
1816,2025-03-19 23:32:29,192.044,-1.17782156,0.288,25.379,-1,-1,89.95061942048343,-85.89345076029893,Before Launch
1817,2025-03-19 23:32:29,192.066,-1.42060372,-0.029,25.377,-1,-1,89.95061942048343,-85.89345076029893,Before Launch
1818,2025-03-19 23:32:29,192.088,-0.7053806,0.198,25.369,-1,-1,90.86473750895837,-89.07579117634334,Before Launch
1819,2025-03-19 23:32:29,192.118,-2.04068248,0.063,25.374,-1,-1,92.13988723033262,-96.0994920527588,Before Launch
1820,2025-03-19 23:32:29,192.546,-1.70931764,0.129,25.344,-1,-1,95.68685130122114,-120.29631493040081,Before Launch
1821,2025-03-19 23:32:29,192.572,-2.19160112,0.061,25.334,-1,-1,96.14425393079661,-121.59223315410239,Before Launch
1822,2025-03-19 23:32:29,192.597,-2.6935696399999998,0.127,25.334,-1,-1,96.14425393079661,-121.59223315410239,Before Launch
1823,2025-03-19 23:32:29,192.62,-1.8471129199999998,-0.034,25.332,-1,-1,96.42468017066399,-122.5589492631006,Before Launch
1824,2025-03-19 23:32:29,192.648,-1.3648294399999998,-0.126,25.329,-1,-1,96.3756422840731,-123.2011813886017,Before Launch
1825,2025-03-19 23:32:30,193.075,-1.68307092,-0.229,25.274,-1,-1,96.23034290784727,-123.64308068325762,Before Launch
1826,2025-03-19 23:32:30,193.101,-1.9258530799999998,0.02,25.272,-1,-1,96.34338018283489,-123.35229980464415,Before Launch
1827,2025-03-19 23:32:30,193.123,-0.72506564,0.158,25.27,-1,-1,96.34338018283489,-123.35229980464415,Before Launch
1828,2025-03-19 23:32:30,193.145,-2.54921268,-0.209,25.262,-1,-1,96.25263453154032,-123.3779512375185,Before Launch
1829,2025-03-19 23:32:30,193.168,-1.95538064,-0.074,25.257,-1,-1,96.13517935703311,-123.5261336966941,Before Launch
1830,2025-03-19 23:32:30,193.603,-1.51574808,-0.109,25.225,-1,-1,96.94814564356706,-127.8168827613587,Before Launch
1831,2025-03-19 23:32:30,193.629,-1.51574808,0.097,25.225,-1,-1,97.18244618265983,-126.82864146964826,Before Launch
1832,2025-03-19 23:32:30,193.653,-2.2408137200000002,-0.271,25.225,-1,-1,97.18244618265983,-126.82864146964826,Before Launch
1833,2025-03-19 23:32:30,193.676,-1.7716536,0.255,25.215,-1,-1,97.62017888851138,-125.7555716227679,Before Launch
1834,2025-03-19 23:32:30,193.704,-1.8963255199999998,-0.09,25.21,-1,-1,98.11510583627663,-125.12278049646054,Before Launch
1835,2025-03-19 23:32:31,194.132,-2.32283472,-0.029,25.165,-1,-1,99.36556275568009,-139.82717417184665,Before Launch
1836,2025-03-19 23:32:31,194.157,-1.59448824,-0.055,25.165,-1,-1,98.58392082215498,-145.45577114956126,Before Launch
1837,2025-03-19 23:32:31,194.18,-1.12532812,0.197,25.16,-1,-1,98.58392082215498,-145.45577114956126,Before Launch
1838,2025-03-19 23:32:31,194.202,-1.71259848,0.198,25.167,-1,-1,97.98913977401345,-148.70622894818908,Before Launch
1839,2025-03-19 23:32:31,194.225,-2.56233604,0.017,25.162,-1,-1,97.88375627279271,-151.78083328375143,Before Launch
1840,2025-03-19 23:32:31,194.66,-1.63713916,0.083,25.135,-1,-1,97.10159390013362,152.81921219440218,Before Launch
1841,2025-03-19 23:32:31,194.686,-3.22506572,-0.24,25.13,-1,-1,97.58573892728042,150.73393602684487,Before Launch
1842,2025-03-19 23:32:31,194.708,-2.62139116,0.172,25.125,-1,-1,97.58573892728042,150.73393602684487,Before Launch
1843,2025-03-19 23:32:31,194.731,-1.4107612,0.034,25.122,-1,-1,98.24473013985144,151.4693113228991,Before Launch
1844,2025-03-19 23:32:31,194.753,-1.42388456,0.238,25.107,-1,-1,98.88821739450948,152.45296607834422,Before Launch
1845,2025-03-19 23:32:32,195.189,-1.6240158,-0.022,25.057,-1,-1,101.5558407282451,155.54651948316356,Before Launch
1846,2025-03-19 23:32:32,195.216,-1.7552494,0.07,25.053,-1,-1,101.4981472952724,155.22119398687482,Before Launch
1847,2025-03-19 23:32:32,195.238,-1.51574808,0.023,25.047,-1,-1,101.4981472952724,155.22119398687482,Before Launch
1848,2025-03-19 23:32:32,195.261,-1.1384514799999998,0.095,25.055,-1,-1,101.71284100698084,155.47631666444695,Before Launch
1849,2025-03-19 23:32:32,195.289,-0.062335959999999996,0.141,25.047,-1,-1,101.59625366558741,154.87061510790483,Before Launch
1850,2025-03-19 23:32:32,195.718,-1.8930446799999998,-0.19,25.038,-1,-1,101.44793507497626,161.7726827969218,Before Launch
1851,2025-03-19 23:32:32,195.744,0.16404200000000002,0.451,25.035,-1,-1,101.36281149013466,161.2441648502175,Before Launch
1852,2025-03-19 23:32:32,195.769,-0.80708664,0.132,25.032,-1,-1,101.36281149013466,161.2441648502175,Before Launch
1853,2025-03-19 23:32:32,195.793,-1.8963255199999998,-0.099,25.032,-1,-1,101.32427474157596,161.22163901456068,Before Launch
1854,2025-03-19 23:32:33,195.82,-0.21325460000000002,0.379,25.028,-1,-1,101.28027504612645,160.73731349996294,Before Launch
1855,2025-03-19 23:32:33,196.247,-0.46916011999999996,0.251,25.018,-1,-1,102.16019990135922,163.106902552449,Before Launch
1856,2025-03-19 23:32:33,196.272,-1.3156168400000001,-0.115,25.02,-1,-1,102.26038576777249,163.39354238284437,Before Launch
1857,2025-03-19 23:32:33,196.295,-1.5616798399999998,0.068,25.018,-1,-1,102.26038576777249,163.39354238284437,Before Launch
1858,2025-03-19 23:32:33,196.317,-1.67979008,0.002,25.015,-1,-1,102.18178475160052,163.37414977874525,Before Launch
1859,2025-03-19 23:32:33,196.347,-0.5905511999999999,0.392,25.015,-1,-1,102.21003167770257,163.50668434378176,Before Launch
1860,2025-03-19 23:32:33,196.775,-1.0892388800000001,0.283,25.008,-1,-1,102.07596974985687,165.10798493860534,Before Launch
1861,2025-03-19 23:32:33,196.801,-2.04724416,-0.104,25.012,-1,-1,102.08090046476455,165.30054662526294,Before Launch
1862,2025-03-19 23:32:34,196.825,-1.9356955999999998,-0.152,25.01,-1,-1,102.08090046476455,165.30054662526294,Before Launch
1863,2025-03-19 23:32:34,196.848,-1.0892388800000001,0.1,25.008,-1,-1,101.77135473727112,164.6945969290015,Before Launch
1864,2025-03-19 23:32:34,196.876,-2.1817586,0.168,25.008,-1,-1,101.3258027639538,164.7336767754974,Before Launch
1865,2025-03-19 23:32:34,197.306,-1.74212604,-0.152,24.975,-1,-1,94.76368618882327,-107.75367398250606,Before Launch
1866,2025-03-19 23:32:34,197.331,-2.10301844,-0.175,24.975,-1,-1,95.00386758220006,-132.10745796306256,Before Launch
1867,2025-03-19 23:32:34,197.354,-1.62073496,-0.038,24.973,-1,-1,95.00386758220006,-132.10745796306256,Before Launch
1868,2025-03-19 23:32:34,197.376,-1.8635171199999998,-0.219,24.97,-1,-1,94.09727648720367,-149.94928301507267,Before Launch
1869,2025-03-19 23:32:34,197.399,-1.1384514799999998,0.171,24.97,-1,-1,94.09727648720367,-149.94928301507267,Before Launch
1870,2025-03-19 23:32:35,197.825,-1.04330712,0.126,24.953,-1,-1,79.99377791046514,67.35845164686955,Before Launch
1871,2025-03-19 23:32:35,197.848,-1.77493444,0.079,24.945,-1,-1,79.99377791046514,67.35845164686955,Before Launch
1872,2025-03-19 23:32:35,197.87,-1.4107612,0.243,24.945,-1,-1,73.70502511408321,48.78222607660091,Before Launch
1873,2025-03-19 23:32:35,197.892,-1.1811023999999999,0.126,24.94,-1,-1,73.70502511408321,48.78222607660091,Before Launch
1874,2025-03-19 23:32:35,197.915,-2.3950131999999997,-0.196,24.943,-1,-1,67.23021285647283,36.9556534219864,Before Launch
1875,2025-03-19 23:32:35,198.342,-1.9061680399999998,-0.042,24.855,-1,-1,18.824851682255822,9.358130511871206,Before Launch
1876,2025-03-19 23:32:35,198.365,-3.35958016,-0.272,24.855,-1,-1,16.898487938515395,9.327843787654226,Before Launch
1877,2025-03-19 23:32:35,198.392,-2.5262468,-0.342,24.846,-1,-1,14.089740863048588,9.00925647415592,Before Launch
1878,2025-03-19 23:32:35,198.417,-2.8871392,-0.064,24.846,-1,-1,14.089740863048588,9.00925647415592,Before Launch
1879,2025-03-19 23:32:35,198.44,-2.04068248,-0.016,24.843,-1,-1,11.856937585165854,8.121557277997713,Before Launch
1880,2025-03-19 23:32:36,198.863,-1.24015752,0.052,24.798,-1,-1,1.294149206019404,4.5173339924256135,Before Launch
1881,2025-03-19 23:32:36,198.885,-1.9816273599999998,-0.089,24.796,-1,-1,1.138834410193523,4.029798721270851,Before Launch
1882,2025-03-19 23:32:36,198.907,-1.8602362799999999,0.072,24.793,-1,-1,1.138834410193523,4.029798721270851,Before Launch
1883,2025-03-19 23:32:36,198.93,-2.84120744,-0.204,24.791,-1,-1,1.0396320541172388,3.7714024153856065,Before Launch
1884,2025-03-19 23:32:36,198.952,-1.7552494,0.027,24.788,-1,-1,0.9356487558831388,3.432256433517366,Before Launch
1885,2025-03-19 23:32:36,199.388,-0.22309712,0.399,24.751,-1,-1,0.651158966980707,1.688073227592764,Before Launch
1886,2025-03-19 23:32:36,199.414,-1.55511816,0.007,24.753,-1,-1,0.6284823878016774,1.6277692527775194,Before Launch
1887,2025-03-19 23:32:36,199.436,-2.16207356,-0.197,24.753,-1,-1,0.6284823878016774,1.6277692527775194,Before Launch
1888,2025-03-19 23:32:36,199.459,-2.29330716,-0.11,24.748,-1,-1,0.6040964640243707,1.5123064977260046,Before Launch
1889,2025-03-19 23:32:36,199.481,-1.6765092400000001,0.169,24.748,-1,-1,0.630706682129037,1.5065885042713971,Before Launch
1890,2025-03-19 23:32:37,199.918,-2.52296596,-0.168,24.751,-1,-1,0.5246453313626703,1.8097571378123152,Before Launch
1891,2025-03-19 23:32:37,199.944,-2.6574804000000003,0.108,24.748,-1,-1,0.5365586885311439,1.8677702213710858,Before Launch
1892,2025-03-19 23:32:37,199.966,-0.7217848,0.361,24.738,-1,-1,0.5365586885311439,1.8677702213710858,Before Launch
1893,2025-03-19 23:32:37,199.988,-2.78215232,-0.261,24.743,-1,-1,0.5388110725861062,1.90390382853229,Before Launch
1894,2025-03-19 23:32:37,200.011,-2.41797908,-0.189,24.733,-1,-1,0.5300988146912329,1.8335935035280395,Before Launch
1895,2025-03-19 23:32:37,200.447,-1.23359584,0.074,24.726,-1,-1,0.5421782690456914,1.1303139786058751,Before Launch
1896,2025-03-19 23:32:37,200.473,-2.32283472,-0.108,24.726,-1,-1,0.580648537912551,1.1463192992505782,Before Launch
1897,2025-03-19 23:32:37,200.497,-1.476378,0.007,24.723,-1,-1,0.580648537912551,1.1463192992505782,Before Launch
1898,2025-03-19 23:32:37,200.52,-1.95866148,-0.156,24.726,-1,-1,0.5771112953146899,1.1423756322656142,Before Launch
1899,2025-03-19 23:32:37,200.548,-2.81167988,-0.523,24.721,-1,-1,0.5857143292326891,1.1950520308425674,Before Launch
1900,2025-03-19 23:32:38,200.976,-2.46063,-0.108,24.713,-1,-1,0.4805030501261355,0.7856193202394879,Before Launch
1901,2025-03-19 23:32:38,201.002,-2.82480324,-0.568,24.711,-1,-1,0.47049314929988967,0.7872080811911749,Before Launch
1902,2025-03-19 23:32:38,201.024,-1.25000004,-0.084,24.711,-1,-1,0.47049314929988967,0.7872080811911749,Before Launch
1903,2025-03-19 23:32:38,201.048,-1.7191601600000002,0.034,24.721,-1,-1,0.44849899587908915,0.8753830029764758,Before Launch
1904,2025-03-19 23:32:38,201.076,-1.61417328,-0.267,24.711,-1,-1,0.47586054861802396,0.8539011546069353,Before Launch
1905,2025-03-19 23:32:38,201.505,-3.3103675599999995,-0.54,24.701,-1,-1,0.5321574120022589,1.0178041419207464,Before Launch
1906,2025-03-19 23:32:38,201.531,-1.02362208,0.056,24.698,-1,-1,0.4985151976069513,1.223238835227699,Before Launch
1907,2025-03-19 23:32:38,201.553,-2.82808408,-0.241,24.706,-1,-1,0.4985151976069513,1.223238835227699,Before Launch
1908,2025-03-19 23:32:38,201.576,-1.2631234,0.079,24.703,-1,-1,0.49754417933159,1.3214685089904412,Before Launch
1909,2025-03-19 23:32:38,201.599,-0.7939632799999999,-0.039,24.693,-1,-1,0.5159089543803254,1.3182408205715799,Before Launch
1910,2025-03-19 23:32:39,202.034,-2.51968512,-0.272,24.668,-1,-1,0.35503089226205514,1.551272373190342,Before Launch
1911,2025-03-19 23:32:39,202.059,-2.2801837999999996,-0.044,24.663,-1,-1,0.3330768216862724,1.5695044637433535,Before Launch
1912,2025-03-19 23:32:39,202.086,-3.12664052,-0.226,24.666,-1,-1,0.3330768216862724,1.5695044637433535,Before Launch
1913,2025-03-19 23:32:39,202.108,-2.16863524,-0.205,24.661,-1,-1,0.3203538126903968,1.56082882320067,Before Launch
1914,2025-03-19 23:32:39,202.135,-1.92913392,0.048,24.653,-1,-1,0.34608687249214143,1.5783972361147338,Before Launch
1915,2025-03-19 23:32:39,202.562,-1.49934388,0.046,24.616,-1,-1,0.12992676901146027,1.7681611075240222,Before Launch
1916,2025-03-19 23:32:39,202.588,-3.198819,-0.208,24.613,-1,-1,0.11699869392518401,1.8625999688637829,Before Launch
1917,2025-03-19 23:32:39,202.614,-2.7001313199999997,-0.205,24.618,-1,-1,0.11699869392518401,1.8625999688637829,Before Launch
1918,2025-03-19 23:32:39,202.636,-1.98818904,-0.024,24.611,-1,-1,0.060741585470815776,1.9827851442249407,Before Launch
1919,2025-03-19 23:32:39,202.664,-2.95603684,-0.345,24.608,-1,-1,0.06594956867571805,2.0578034827985068,Before Launch
1920,2025-03-19 23:32:40,203.09,-2.7296588799999997,-0.32,24.596,-1,-1,0.08626921106678365,2.430647025025373,Before Launch
1921,2025-03-19 23:32:40,203.116,-2.62139116,-0.161,24.594,-1,-1,0.07668233229491482,2.5101888279202815,Before Launch
1922,2025-03-19 23:32:40,203.142,-2.86417332,-0.276,24.594,-1,-1,0.07668233229491482,2.5101888279202815,Before Launch
1923,2025-03-19 23:32:40,203.164,-2.98228356,-0.342,24.594,-1,-1,0.09898106332566067,2.518263042113198,Before Launch
1924,2025-03-19 23:32:40,203.192,-2.0177166,0.071,24.591,-1,-1,0.0927824455137598,2.507720584225751,Before Launch
1925,2025-03-19 23:32:40,203.62,-2.0308399599999998,-0.024,24.581,-1,-1,0.31864630002573363,3.182898976788581,Before Launch
1926,2025-03-19 23:32:40,203.647,-2.99868776,0.068,24.579,-1,-1,0.3456159482519196,3.2116795664909863,Before Launch
1927,2025-03-19 23:32:40,203.669,-2.63779536,-0.021,24.579,-1,-1,0.3456159482519196,3.2116795664909863,Before Launch
1928,2025-03-19 23:32:40,203.692,-3.1200788399999997,-0.044,24.581,-1,-1,0.36753530911549337,3.258992220345158,Before Launch
1929,2025-03-19 23:32:40,203.72,-3.01181112,-0.184,24.581,-1,-1,0.38111814210724,3.2124908450935,Before Launch
1930,2025-03-19 23:32:41,204.15,-1.31889768,-0.015,24.566,-1,-1,0.4594947782025667,3.4276279257852957,Before Launch
1931,2025-03-19 23:32:41,204.176,-2.29002632,-0.058,24.563,-1,-1,0.4755395382888587,3.349753903839011,Before Launch
1932,2025-03-19 23:32:41,204.198,-3.26771664,-0.266,24.561,-1,-1,0.4755395382888587,3.349753903839011,Before Launch
1933,2025-03-19 23:32:41,204.221,-3.02821532,-0.035,24.556,-1,-1,0.502646098852207,3.34311924370245,Before Launch
1934,2025-03-19 23:32:41,204.243,-2.66404208,-0.172,24.556,-1,-1,0.46722832854479807,3.354568632756035,Before Launch
1935,2025-03-19 23:32:41,204.679,-1.8471129199999998,-0.307,24.531,-1,-1,0.4326187824953433,3.229426137083281,Before Launch
1936,2025-03-19 23:32:41,204.705,-1.48293968,0.014,24.539,-1,-1,0.4241157597739762,3.182875170139549,Before Launch
1937,2025-03-19 23:32:41,204.728,-1.72572184,0.082,24.536,-1,-1,0.4241157597739762,3.182875170139549,Before Launch
1938,2025-03-19 23:32:41,204.75,-2.45078748,-0.03,24.536,-1,-1,0.41521158957811966,3.127811148340258,Before Launch
1939,2025-03-19 23:32:41,204.773,-1.72572184,-0.009,24.536,-1,-1,0.4204158492337801,3.2671770759414738,Before Launch
1940,2025-03-19 23:32:42,205.208,-3.1003938,-0.109,24.504,-1,-1,0.5481490387249934,1.8900750024085502,Before Launch
1941,2025-03-19 23:32:42,205.234,-3.21850404,-0.106,24.506,-1,-1,0.6053399501955581,1.9446188596930254,Before Launch
1942,2025-03-19 23:32:42,205.256,-2.38517068,-0.314,24.496,-1,-1,0.6053399501955581,1.9446188596930254,Before Launch
1943,2025-03-19 23:32:42,205.279,-1.66010504,0.212,24.496,-1,-1,0.6258069037707203,1.8618318022000062,Before Launch
1944,2025-03-19 23:32:42,205.307,-1.7716536,0.122,24.499,-1,-1,0.6542529763541053,1.8528619773836201,Before Launch
1945,2025-03-19 23:32:42,205.736,-2.43110244,-0.226,24.459,-1,-1,0.7240240479040077,1.4027714940826288,Before Launch
1946,2025-03-19 23:32:42,205.762,-2.6738845999999996,-0.066,24.456,-1,-1,0.7309584746621616,1.609209046563318,Before Launch
1947,2025-03-19 23:32:42,205.785,-1.7060368000000001,-0.043,24.454,-1,-1,0.7309584746621616,1.609209046563318,Before Launch
1948,2025-03-19 23:32:43,205.807,-2.5688977200000003,-0.115,24.446,-1,-1,0.7446442209449481,1.8761223662363273,Before Launch
1949,2025-03-19 23:32:43,205.83,-1.8536745999999997,0.181,24.439,-1,-1,0.7705011049101647,2.1798216425939376,Before Launch
1950,2025-03-19 23:32:43,206.265,-0.9120735200000001,0.293,24.419,-1,-1,0.754730528959914,3.8961627247684563,Before Launch
1951,2025-03-19 23:32:43,206.291,-1.4107612,0.267,24.406,-1,-1,0.7217892993145025,4.001069352419925,Before Launch
1952,2025-03-19 23:32:43,206.314,-2.00459324,-0.143,24.411,-1,-1,0.7217892993145025,4.001069352419925,Before Launch
1953,2025-03-19 23:32:43,206.336,-1.2795276,0.083,24.409,-1,-1,0.7476163472877609,4.051187725301431,Before Launch
1954,2025-03-19 23:32:43,206.359,-1.0498688,0.107,24.396,-1,-1,0.7527854468012414,4.084320327561026,Before Launch
1955,2025-03-19 23:32:43,206.794,-1.45341212,0.351,24.377,-1,-1,0.7800867495912861,4.211722534039161,Before Launch
1956,2025-03-19 23:32:44,206.82,-0.72834648,0.056,24.374,-1,-1,0.8331681214287575,4.2195331064001005,Before Launch
1957,2025-03-19 23:32:44,206.842,-2.04724416,0.148,24.381,-1,-1,0.8331681214287575,4.2195331064001005,Before Launch
1958,2025-03-19 23:32:44,206.865,-2.29002632,-0.194,24.379,-1,-1,0.8390557073692697,4.218778463716202,Before Launch
1959,2025-03-19 23:32:44,206.887,-1.0892388800000001,-0.056,24.379,-1,-1,0.8666731908798571,4.18568111816061,Before Launch
1960,2025-03-19 23:32:44,207.323,-2.9363518,-0.079,24.356,-1,-1,0.5843291263898781,4.7541800596552095,Before Launch
1961,2025-03-19 23:32:44,207.349,-3.2841208399999995,-0.19,24.362,-1,-1,0.5399439284150314,4.741573369839768,Before Launch
1962,2025-03-19 23:32:44,207.371,-1.71259848,0.268,24.359,-1,-1,0.5399439284150314,4.741573369839768,Before Launch
1963,2025-03-19 23:32:44,207.394,-2.45078748,-0.053,24.352,-1,-1,0.11793389365414875,4.433486256137945,Before Launch
1964,2025-03-19 23:32:44,207.416,-1.9685039999999998,-0.007,24.346,-1,-1,-0.8223861933337885,3.4337927796135954,Before Launch
1965,2025-03-19 23:32:45,207.852,-0.8956693200000001,0.114,24.334,-1,-1,-11.89228012742246,4.4681979130690985,Before Launch
1966,2025-03-19 23:32:45,207.877,-1.8602362799999999,0.253,24.339,-1,-1,-13.233211362658011,4.736380239667037,Before Launch
1967,2025-03-19 23:32:45,207.9,-1.9849082,0.135,24.334,-1,-1,-13.233211362658011,4.736380239667037,Before Launch
1968,2025-03-19 23:32:45,207.922,-1.49934388,0.092,24.339,-1,-1,-14.537655975401398,4.8955528990054225,Before Launch
1969,2025-03-19 23:32:45,207.945,-1.3779527999999999,0.299,24.334,-1,-1,-15.50457829025975,5.05980281767283,Before Launch
1970,2025-03-19 23:32:45,208.38,-1.2992126400000001,0.27,24.304,-1,-1,-16.053721414435383,3.680356649679321,Before Launch
1971,2025-03-19 23:32:45,208.406,-1.79790032,0.156,24.292,-1,-1,-14.245756545860939,3.891243207520162,Before Launch
1972,2025-03-19 23:32:45,208.429,-2.03740164,0.156,24.297,-1,-1,-14.245756545860939,3.891243207520162,Before Launch
1973,2025-03-19 23:32:45,208.452,-1.55511816,0.27,24.294,-1,-1,-12.876297006560696,4.028479462773221,Before Launch
1974,2025-03-19 23:32:45,208.48,-1.32545936,0.131,24.289,-1,-1,-11.44856075686733,3.946209762780729,Before Launch
1975,2025-03-19 23:32:46,208.909,-3.34973764,-0.249,24.217,-1,-1,-1.9816344081861617,3.94468251805719,Before Launch
1976,2025-03-19 23:32:46,208.935,-2.87729668,0.023,24.207,-1,-1,-1.563272102292868,4.064793892397085,Before Launch
1977,2025-03-19 23:32:46,208.957,-2.64763788,-0.002,24.202,-1,-1,-1.563272102292868,4.064793892397085,Before Launch
1978,2025-03-19 23:32:46,208.98,-2.87729668,0.046,24.199,-1,-1,-1.2327091642331174,4.161553404877345,Before Launch
1979,2025-03-19 23:32:46,209.002,-3.01181112,0.0,24.202,-1,-1,-1.2327091642331174,4.161553404877345,Before Launch
1980,2025-03-19 23:32:46,209.44,-1.3353018799999998,-0.003,24.182,-1,-1,31.623037767815948,6.186612322358623,Before Launch
1981,2025-03-19 23:32:46,209.466,-2.07349088,0.041,24.174,-1,-1,34.8199053640575,6.2110418324501335,Before Launch
1982,2025-03-19 23:32:46,209.488,-0.9842519999999999,0.432,24.174,-1,-1,34.8199053640575,6.2110418324501335,Before Launch
1983,2025-03-19 23:32:46,209.511,-1.1154856,0.362,24.17,-1,-1,39.72659811185656,6.797107294369536,Before Launch
1984,2025-03-19 23:32:46,209.533,-0.63320212,0.384,24.167,-1,-1,39.72659811185656,6.797107294369536,Before Launch
1985,2025-03-19 23:32:47,209.961,-1.8471129199999998,0.0,24.07,-1,-1,97.69016701648488,-85.5214270298492,Before Launch
1986,2025-03-19 23:32:47,209.983,-1.6043307599999999,-0.023,24.072,-1,-1,97.69016701648488,-85.5214270298492,Before Launch
1987,2025-03-19 23:32:47,210.005,-1.71587932,0.002,24.07,-1,-1,99.11329613653766,-116.0428857902683,Before Launch
1988,2025-03-19 23:32:47,210.028,-1.48293968,0.183,24.07,-1,-1,99.11329613653766,-116.0428857902683,Before Launch
1989,2025-03-19 23:32:47,210.05,-2.5590552,-0.158,24.077,-1,-1,99.99690339625378,-136.90126063883247,Before Launch
1990,2025-03-19 23:32:47,210.478,-2.44094496,0.125,24.08,-1,-1,99.54569966405137,-162.66823331119429,Before Launch
1991,2025-03-19 23:32:47,210.501,-1.3517060799999998,0.354,24.075,-1,-1,98.9543577393311,-162.5981293272165,Before Launch
1992,2025-03-19 23:32:47,210.523,-1.24015752,0.217,24.075,-1,-1,98.96431578084622,-162.53227335059125,Before Launch
1993,2025-03-19 23:32:47,210.553,-1.9652231599999999,-0.058,24.072,-1,-1,98.96431578084622,-162.53227335059125,Before Launch
1994,2025-03-19 23:32:47,210.576,-1.24015752,0.101,24.072,-1,-1,99.16595910977784,-162.97937386952418,Before Launch
1995,2025-03-19 23:32:48,210.999,-1.3484252399999999,0.206,24.082,-1,-1,96.23653982459636,-154.9892766166424,Before Launch
1996,2025-03-19 23:32:48,211.025,-1.46981632,0.229,24.077,-1,-1,96.04661200935777,-155.32415780687265,Before Launch
1997,2025-03-19 23:32:48,211.047,-1.22703416,0.091,24.08,-1,-1,96.04661200935777,-155.32415780687265,Before Launch
1998,2025-03-19 23:32:48,211.07,-1.09580056,0.28,24.082,-1,-1,95.82207022894579,-154.54776087160886,Before Launch
1999,2025-03-19 23:32:48,211.092,-1.71259848,0.027,24.082,-1,-1,95.82207022894579,-154.54776087160886,Before Launch
2000,2025-03-19 23:32:48,211.518,-1.69947512,-0.15,24.09,-1,-1,93.94979358149152,-153.3070372780357,Before Launch
2001,2025-03-19 23:32:48,211.541,-1.69947512,-0.055,24.09,-1,-1,93.94979358149152,-153.3070372780357,Before Launch
2002,2025-03-19 23:32:48,211.563,-1.3353018799999998,0.128,24.092,-1,-1,93.9329391663339,-153.27012141860243,Before Launch
2003,2025-03-19 23:32:48,211.586,-1.68635176,-0.077,24.092,-1,-1,94.03892924625762,-152.38243776220258,Before Launch
2004,2025-03-19 23:32:48,211.617,-0.23293963999999998,0.155,24.097,-1,-1,94.03892924625762,-152.38243776220258,Before Launch
2005,2025-03-19 23:32:49,212.045,-2.54921268,-0.209,24.085,-1,-1,89.6840779846788,-145.10700840220036,Before Launch
2006,2025-03-19 23:32:49,212.07,-1.3484252399999999,-0.118,24.082,-1,-1,89.6840779846788,-145.10700840220036,Before Launch
2007,2025-03-19 23:32:49,212.093,-1.69947512,0.066,24.09,-1,-1,87.90494101410373,-146.7370068833778,Before Launch
2008,2025-03-19 23:32:49,212.115,-1.69947512,0.112,24.082,-1,-1,87.90494101410373,-146.7370068833778,Before Launch
2009,2025-03-19 23:32:49,212.146,-1.56496068,-0.09,24.095,-1,-1,85.87059465331436,-149.8893497465411,Before Launch
2010,2025-03-19 23:32:49,212.569,-2.61482948,0.061,24.037,-1,-1,35.69707655738303,-6.827077456801857,Before Launch
2011,2025-03-19 23:32:49,212.599,-1.18766408,0.399,24.017,-1,-1,35.69707655738303,-6.827077456801857,Before Launch
2012,2025-03-19 23:32:49,212.622,-2.75262476,-0.198,24.02,-1,-1,33.95009974813078,-4.569057841888238,Before Launch
2013,2025-03-19 23:32:49,212.644,-2.51968512,-0.013,24.015,-1,-1,33.95009974813078,-4.569057841888238,Before Launch
2014,2025-03-19 23:32:49,212.667,-2.53608932,-0.108,23.997,-1,-1,27.41662393582402,-0.49347922796993426,Before Launch
2015,2025-03-19 23:32:50,213.093,-1.93241476,-0.198,23.903,-1,-1,2.022969557805822,7.222063924679724,Before Launch
2016,2025-03-19 23:32:50,213.115,-2.296588,-0.083,23.903,-1,-1,1.5893364800908771,7.227246625604071,Before Launch
2017,2025-03-19 23:32:50,213.138,-2.5393701600000003,-0.106,23.9,-1,-1,1.3001860798031937,7.27280078037296,Before Launch
2018,2025-03-19 23:32:50,213.168,-1.33858272,0.031,23.898,-1,-1,1.3001860798031937,7.27280078037296,Before Launch
2019,2025-03-19 23:32:50,213.191,-1.22047248,0.03,23.898,-1,-1,1.109377543630106,7.288323493364467,Before Launch
2020,2025-03-19 23:32:50,213.614,-2.45406832,-0.221,23.875,-1,-1,0.6530337348181053,6.761454292671393,Before Launch
2021,2025-03-19 23:32:50,213.638,-1.476378,0.061,23.878,-1,-1,0.6835210091884026,6.73129706658843,Before Launch
2022,2025-03-19 23:32:50,213.661,-0.77755908,0.241,23.863,-1,-1,0.6835210091884026,6.73129706658843,Before Launch
2023,2025-03-19 23:32:50,213.683,-1.8635171199999998,-0.059,23.863,-1,-1,0.6740917071986878,6.6511846199258375,Before Launch
2024,2025-03-19 23:32:50,213.707,-0.77755908,0.105,23.863,-1,-1,0.6197551691934952,6.690001948813877,Before Launch
2025,2025-03-19 23:32:51,214.145,-2.38845152,0.184,23.828,-1,-1,0.7021185500704238,5.94418672892407,Before Launch
2026,2025-03-19 23:32:51,214.173,-2.63451452,0.046,23.825,-1,-1,0.693712360532015,5.970279230681095,Before Launch
2027,2025-03-19 23:32:51,214.197,-2.62139116,0.005,23.833,-1,-1,0.693712360532015,5.970279230681095,Before Launch
2028,2025-03-19 23:32:51,214.219,-1.1679790399999999,0.326,23.833,-1,-1,0.708488095612683,5.928123089935601,Before Launch
2029,2025-03-19 23:32:51,214.242,-1.53215228,0.282,23.838,-1,-1,0.6890071491159276,5.896083811035738,Before Launch
2030,2025-03-19 23:32:51,214.678,-2.63451452,-0.248,23.833,-1,-1,0.7502501169058058,5.664612386936145,Before Launch
2031,2025-03-19 23:32:51,214.706,-2.27034128,-0.038,23.825,-1,-1,0.7655349132579898,5.642490814172202,Before Launch
2032,2025-03-19 23:32:51,214.729,-1.78477696,-0.153,23.83,-1,-1,0.7655349132579898,5.642490814172202,Before Launch
2033,2025-03-19 23:32:51,214.751,-1.7880578,-0.128,23.823,-1,-1,0.7530874481882897,5.631967151111261,Before Launch
2034,2025-03-19 23:32:51,214.775,-2.98228356,-0.448,23.833,-1,-1,0.7650038390648012,5.663843798643116,Before Launch
2035,2025-03-19 23:32:52,215.213,-1.6765092400000001,0.032,23.82,-1,-1,0.6666568394149612,5.691163165974174,Before Launch
2036,2025-03-19 23:32:52,215.24,-1.06299216,0.103,23.818,-1,-1,0.6450553396713306,5.680224272658279,Before Launch
2037,2025-03-19 23:32:52,215.263,-1.55511816,0.031,23.818,-1,-1,0.6450553396713306,5.680224272658279,Before Launch
2038,2025-03-19 23:32:52,215.285,-1.3123360000000002,0.032,23.82,-1,-1,0.6252738466136829,5.587107670255342,Before Launch
2039,2025-03-19 23:32:52,215.315,-2.14566936,0.079,23.83,-1,-1,0.6161638158543871,5.5112000370193215,Before Launch
2040,2025-03-19 23:32:52,215.743,-1.4370079199999999,0.191,23.82,-1,-1,0.6887823060801028,5.348164227082649,Before Launch
2041,2025-03-19 23:32:52,215.771,-1.07283468,0.053,23.815,-1,-1,0.6965184915355468,5.363903521088781,Before Launch
