n,Datetime (UTC),Timestamp (s),Altitude (ft),Velocity (ft/s),Temperature (C),Longitude,Latitude,Roll (°),Pitch (°),Flag
0,2025-03-19 23:40:00,0.403,0.38385828,,22.266,-1,-1,-1,-1,Before Launch
1,2025-03-19 23:40:00,0.426,0.13451444,,22.264,-1,-1,-1,-1,Before Launch
2,2025-03-19 23:40:00,0.448,-0.21653544,,22.271,-1,-1,-1,-1,Before Launch
3,2025-03-19 23:40:00,0.472,-0.08530183999999999,,22.269,-1,-1,-1,-1,Before Launch
4,2025-03-19 23:40:00,0.495,-0.21653544,,22.271,-1,-1,-1,-1,Before Launch
5,2025-03-19 23:40:01,0.919,-0.82021,,22.269,-1,-1,-1,-1,Before Launch
6,2025-03-19 23:40:01,0.942,-0.45931760000000005,,22.269,-1,-1,-1,-1,Before Launch
7,2025-03-19 23:40:01,0.965,-1.5452756399999998,,22.269,-1,-1,-1,-1,Before Launch
8,2025-03-19 23:40:01,0.987,-0.33792651999999995,,22.266,-1,-1,-1,-1,Before Launch
9,2025-03-19 23:40:01,1.015,-1.30249348,,22.276,-1,-1,-1,-1,Before Launch
10,2025-03-19 23:40:01,1.439,-0.58070868,,22.271,-1,-1,-1,-1,Before Launch
11,2025-03-19 23:40:01,1.462,1.10892392,,22.266,-1,-1,-1,-1,Before Launch
12,2025-03-19 23:40:01,1.485,1.58136488,,22.271,-1,-1,-1,-1,Before Launch
13,2025-03-19 23:40:01,1.513,-0.21653544,,22.271,-1,-1,-1,-1,Before Launch
14,2025-03-19 23:40:01,1.541,-0.45931760000000005,,22.269,-1,-1,-1,-1,Before Launch
15,2025-03-19 23:40:02,1.97,0.02624672,,22.274,-1,-1,-1,-1,Before Launch
16,2025-03-19 23:40:02,1.993,-0.09842519999999999,,22.269,-1,-1,-1,-1,Before Launch
17,2025-03-19 23:40:02,2.017,0.25262468,,22.261,-1,-1,-1,-1,Before Launch
18,2025-03-19 23:40:02,2.042,1.59448824,,22.271,-1,-1,-1,-1,Before Launch
19,2025-03-19 23:40:02,2.073,0.7480315200000001,,22.266,-1,-1,-1,-1,Before Launch
20,2025-03-19 23:40:02,2.501,-1.06299216,,22.274,-1,-1,-1,-1,Before Launch
21,2025-03-19 23:40:02,2.524,-0.21653544,,22.271,-1,-1,-1,-1,Before Launch
22,2025-03-19 23:40:02,2.549,-1.06299216,,22.266,-1,-1,-1,-1,Before Launch
23,2025-03-19 23:40:02,2.574,0.26574804,,22.269,-1,-1,-1,-1,Before Launch
24,2025-03-19 23:40:02,2.605,0.26574804,,22.269,-1,-1,-1,-1,Before Launch
25,2025-03-19 23:40:03,3.034,0.50524936,,22.271,-1,-1,-1,-1,Before Launch
26,2025-03-19 23:40:03,3.061,1.46981632,,22.266,-1,-1,-1,-1,Before Launch
27,2025-03-19 23:40:03,3.083,-0.70209976,,22.266,-1,-1,-1,-1,Before Launch
28,2025-03-19 23:40:03,3.11,0.14435695999999998,,22.269,-1,-1,-1,-1,Before Launch
29,2025-03-19 23:40:03,3.139,-0.82021,,22.276,-1,-1,-1,-1,Before Launch
30,2025-03-19 23:40:03,3.575,-0.9416010799999999,,22.271,-1,-1,-1,-1,Before Launch
31,2025-03-19 23:40:03,3.598,-0.20669292,,22.279,-1,-1,-1,-1,Before Launch
32,2025-03-19 23:40:03,3.624,-0.21653544,,22.271,-1,-1,-1,-1,Before Launch
33,2025-03-19 23:40:03,3.655,0.02624672,,22.274,-1,-1,-1,-1,Before Launch
34,2025-03-19 23:40:03,3.683,-0.58070868,,22.271,-1,-1,-1,-1,Before Launch
35,2025-03-19 23:40:04,4.112,1.22047248,,22.264,-1,-1,-1,-1,Before Launch
36,2025-03-19 23:40:04,4.135,0.14435695999999998,,22.271,-1,-1,-1,-1,Before Launch
37,2025-03-19 23:40:04,4.159,0.02624672,,22.274,-1,-1,-1,-1,Before Launch
38,2025-03-19 23:40:04,4.188,0.38385828,,22.266,-1,-1,-1,-1,Before Launch
39,2025-03-19 23:40:04,4.217,0.14435695999999998,,22.271,-1,-1,-1,-1,Before Launch
40,2025-03-19 23:40:04,4.646,0.14435695999999998,,22.271,-1,-1,-1,-1,Before Launch
41,2025-03-19 23:40:04,4.668,0.14435695999999998,,22.271,-1,-1,-1,-1,Before Launch
42,2025-03-19 23:40:04,4.692,1.230315,,22.271,-1,-1,-1,-1,Before Launch
43,2025-03-19 23:40:04,4.718,0.14435695999999998,,22.271,-1,-1,-1,-1,Before Launch
44,2025-03-19 23:40:04,4.747,0.26574804,,22.269,-1,-1,-1,-1,Before Launch
45,2025-03-19 23:40:05,5.176,-0.21653544,,22.271,-1,-1,-1,-1,Before Launch
46,2025-03-19 23:40:05,5.198,0.8694226,,22.271,-1,-1,-1,-1,Before Launch
47,2025-03-19 23:40:05,5.224,-0.45931760000000005,,22.269,-1,-1,-1,-1,Before Launch
48,2025-03-19 23:40:05,5.249,-0.81036748,,22.276,-1,-1,-1,-1,Before Launch
49,2025-03-19 23:40:05,5.278,-0.21653544,,22.271,-1,-1,-1,-1,Before Launch
50,2025-03-19 23:40:05,5.709,0.38385828,0.0,22.266,-1,-1,-1,-1,Before Launch
51,2025-03-19 23:40:05,5.731,-1.78477696,-0.362,22.274,-1,-1,-1,-1,Before Launch
52,2025-03-19 23:40:05,5.755,0.38713912,0.114,22.274,-1,-1,-1,-1,Before Launch
53,2025-03-19 23:40:05,5.784,0.02296588,0.02,22.266,-1,-1,-1,-1,Before Launch
54,2025-03-19 23:40:06,5.814,0.26574804,0.091,22.269,-1,-1,-1,-1,Before Launch
55,2025-03-19 23:40:06,6.243,-1.17125988,-0.066,22.276,-1,-1,-1,-1,Before Launch
56,2025-03-19 23:40:06,6.265,0.14435695999999998,0.113,22.271,-1,-1,-1,-1,Before Launch
57,2025-03-19 23:40:06,6.289,0.02296588,0.295,22.266,-1,-1,-1,-1,Before Launch
58,2025-03-19 23:40:06,6.317,0.49540683999999996,0.156,22.264,-1,-1,-1,-1,Before Launch
59,2025-03-19 23:40:06,6.346,-0.09842519999999999,0.226,22.269,-1,-1,-1,-1,Before Launch
60,2025-03-19 23:40:06,6.774,-0.21653544,0.068,22.271,-1,-1,-1,-1,Before Launch
61,2025-03-19 23:40:06,6.797,-0.70209976,-0.339,22.266,-1,-1,-1,-1,Before Launch
62,2025-03-19 23:40:07,6.822,0.63648296,-0.177,22.276,-1,-1,-1,-1,Before Launch
63,2025-03-19 23:40:07,6.847,0.26574804,0.09,22.269,-1,-1,-1,-1,Before Launch
64,2025-03-19 23:40:07,6.876,0.02296588,0.09,22.266,-1,-1,-1,-1,Before Launch
65,2025-03-19 23:40:07,7.305,0.49540683999999996,0.088,22.264,-1,-1,-1,-1,Before Launch
66,2025-03-19 23:40:07,7.328,0.87926512,0.183,22.279,-1,-1,-1,-1,Before Launch
67,2025-03-19 23:40:07,7.353,-0.33792651999999995,-0.111,22.274,-1,-1,-1,-1,Before Launch
68,2025-03-19 23:40:07,7.378,0.87926512,-0.134,22.279,-1,-1,-1,-1,Before Launch
69,2025-03-19 23:40:07,7.407,-0.33792651999999995,-0.204,22.274,-1,-1,-1,-1,Before Launch
70,2025-03-19 23:40:08,7.837,-0.81036748,0.047,22.276,-1,-1,-1,-1,Before Launch
71,2025-03-19 23:40:08,7.865,-0.33792651999999995,-0.023,22.274,-1,-1,-1,-1,Before Launch
72,2025-03-19 23:40:08,7.895,-0.33792651999999995,0.136,22.274,-1,-1,-1,-1,Before Launch
73,2025-03-19 23:40:08,7.922,0.63648296,0.069,22.276,-1,-1,-1,-1,Before Launch
74,2025-03-19 23:40:08,7.95,-0.6889763999999999,-0.179,22.281,-1,-1,-1,-1,Before Launch
75,2025-03-19 23:40:08,8.379,-1.65354336,-0.404,22.279,-1,-1,-1,-1,Before Launch
76,2025-03-19 23:40:08,8.401,-0.44947508,-0.359,22.276,-1,-1,-1,-1,Before Launch
77,2025-03-19 23:40:08,8.426,-1.17125988,-0.088,22.276,-1,-1,-1,-1,Before Launch
78,2025-03-19 23:40:08,8.451,-0.82021,-0.181,22.274,-1,-1,-1,-1,Before Launch
79,2025-03-19 23:40:08,8.48,0.62664044,0.271,22.269,-1,-1,-1,-1,Before Launch
80,2025-03-19 23:40:09,8.911,0.14435695999999998,0.204,22.271,-1,-1,-1,-1,Before Launch
81,2025-03-19 23:40:09,8.934,0.25262468,0.086,22.261,-1,-1,-1,-1,Before Launch
82,2025-03-19 23:40:09,8.958,-0.45931760000000005,-0.046,22.269,-1,-1,-1,-1,Before Launch
83,2025-03-19 23:40:09,8.983,0.50524936,0.09,22.276,-1,-1,-1,-1,Before Launch
84,2025-03-19 23:40:09,9.012,-0.9416010799999999,-0.068,22.271,-1,-1,-1,-1,Before Launch
85,2025-03-19 23:40:09,9.441,-0.69881892,-0.36,22.274,-1,-1,-1,-1,Before Launch
86,2025-03-19 23:40:09,9.463,-0.20669292,-0.066,22.279,-1,-1,-1,-1,Before Launch
87,2025-03-19 23:40:09,9.487,-1.29265096,-0.248,22.279,-1,-1,-1,-1,Before Launch
88,2025-03-19 23:40:09,9.515,-2.50000008,-0.541,22.276,-1,-1,-1,-1,Before Launch
89,2025-03-19 23:40:09,9.546,-1.5452756399999998,-0.317,22.269,-1,-1,-1,-1,Before Launch
90,2025-03-19 23:40:10,9.975,-0.58070868,-0.136,22.271,-1,-1,-1,-1,Before Launch
91,2025-03-19 23:40:10,9.998,-0.69881892,-0.158,22.274,-1,-1,-1,-1,Before Launch
92,2025-03-19 23:40:10,10.022,-0.58070868,-0.34,22.271,-1,-1,-1,-1,Before Launch
93,2025-03-19 23:40:10,10.05,-0.08530183999999999,-0.043,22.276,-1,-1,-1,-1,Before Launch
94,2025-03-19 23:40:10,10.079,-0.69881892,-0.181,22.274,-1,-1,-1,-1,Before Launch
95,2025-03-19 23:40:10,10.507,0.15419948,0.07,22.279,-1,-1,-1,-1,Before Launch
96,2025-03-19 23:40:10,10.53,-1.53215228,-0.45,22.284,-1,-1,-1,-1,Before Launch
97,2025-03-19 23:40:10,10.554,-0.9317585599999999,-0.089,22.279,-1,-1,-1,-1,Before Launch
98,2025-03-19 23:40:10,10.579,-0.81036748,0.0,22.281,-1,-1,-1,-1,Before Launch
99,2025-03-19 23:40:10,10.608,0.02624672,0.046,22.279,-1,-1,-1,-1,Before Launch
100,2025-03-19 23:40:11,11.037,1.94553812,0.293,22.264,-1,-1,-1,-1,Before Launch
101,2025-03-19 23:40:11,11.06,1.230315,0.566,22.271,-1,-1,-1,-1,Before Launch
102,2025-03-19 23:40:11,11.085,0.27559056000000004,-0.021,22.276,-1,-1,-1,-1,Before Launch
103,2025-03-19 23:40:11,11.11,1.11220476,0.205,22.271,-1,-1,-1,-1,Before Launch
104,2025-03-19 23:40:11,11.138,-0.58070868,-0.159,22.271,-1,-1,-1,-1,Before Launch
105,2025-03-19 23:40:11,11.568,-0.08530183999999999,0.204,22.276,-1,-1,-1,-1,Before Launch
106,2025-03-19 23:40:11,11.591,-1.30249348,-0.272,22.271,-1,-1,-1,-1,Before Launch
107,2025-03-19 23:40:11,11.616,0.50524936,0.091,22.274,-1,-1,-1,-1,Before Launch
108,2025-03-19 23:40:11,11.641,0.27559056000000004,-0.041,22.274,-1,-1,-1,-1,Before Launch
109,2025-03-19 23:40:11,11.671,0.7480315200000001,0.159,22.274,-1,-1,-1,-1,Before Launch
110,2025-03-19 23:40:12,12.102,-0.69881892,-0.091,22.274,-1,-1,-1,-1,Before Launch
111,2025-03-19 23:40:12,12.125,-0.9317585599999999,-0.043,22.279,-1,-1,-1,-1,Before Launch
112,2025-03-19 23:40:12,12.15,-1.0498688,-0.317,22.281,-1,-1,-1,-1,Before Launch
113,2025-03-19 23:40:12,12.178,-1.0498688,-0.247,22.281,-1,-1,-1,-1,Before Launch
114,2025-03-19 23:40:12,12.207,-0.9416010799999999,-0.181,22.271,-1,-1,-1,-1,Before Launch
115,2025-03-19 23:40:12,12.636,0.50524936,0.002,22.271,-1,-1,-1,-1,Before Launch
116,2025-03-19 23:40:12,12.659,-0.56758532,-0.271,22.279,-1,-1,-1,-1,Before Launch
117,2025-03-19 23:40:12,12.682,-0.80708664,-0.088,22.284,-1,-1,-1,-1,Before Launch
118,2025-03-19 23:40:12,12.71,-0.9317585599999999,-0.34,22.279,-1,-1,-1,-1,Before Launch
119,2025-03-19 23:40:12,12.741,-1.64370084,-0.245,22.286,-1,-1,-1,-1,Before Launch
120,2025-03-19 23:40:13,13.17,-0.81036748,0.0,22.276,-1,-1,-1,-1,Before Launch
121,2025-03-19 23:40:13,13.193,-0.9317585599999999,-0.111,22.274,-1,-1,-1,-1,Before Launch
122,2025-03-19 23:40:13,13.217,-0.9317585599999999,-0.112,22.279,-1,-1,-1,-1,Before Launch
123,2025-03-19 23:40:13,13.242,-0.9317585599999999,-0.295,22.279,-1,-1,-1,-1,Before Launch
124,2025-03-19 23:40:13,13.272,-1.8930446799999998,-0.226,22.284,-1,-1,-1,-1,Before Launch
125,2025-03-19 23:40:13,13.701,-1.30249348,0.066,22.271,-1,-1,-1,-1,Before Launch
126,2025-03-19 23:40:13,13.724,-0.56758532,-0.022,22.279,-1,-1,-1,-1,Before Launch
127,2025-03-19 23:40:13,13.748,-0.6889763999999999,0.091,22.281,-1,-1,-1,-1,Before Launch
128,2025-03-19 23:40:13,13.777,-1.06299216,-0.046,22.274,-1,-1,-1,-1,Before Launch
129,2025-03-19 23:40:13,13.805,-0.56758532,-0.224,22.279,-1,-1,-1,-1,Before Launch
130,2025-03-19 23:40:14,14.234,-0.33792651999999995,-0.091,22.274,-1,-1,-1,-1,Before Launch
131,2025-03-19 23:40:14,14.256,-0.33792651999999995,-0.111,22.274,-1,-1,-1,-1,Before Launch
132,2025-03-19 23:40:14,14.282,-0.45931760000000005,0.0,22.269,-1,-1,-1,-1,Before Launch
133,2025-03-19 23:40:14,14.312,-0.82021,-0.249,22.269,-1,-1,-1,-1,Before Launch
134,2025-03-19 23:40:14,14.338,-1.0498688,-0.02,22.281,-1,-1,-1,-1,Before Launch
135,2025-03-19 23:40:14,14.771,-1.42388456,-0.136,22.274,-1,-1,-1,-1,Before Launch
136,2025-03-19 23:40:14,14.794,-0.58070868,-0.07,22.271,-1,-1,-1,-1,Before Launch
137,2025-03-19 23:40:15,14.817,-1.18438324,0.02,22.269,-1,-1,-1,-1,Before Launch
138,2025-03-19 23:40:15,14.84,-1.30249348,0.225,22.271,-1,-1,-1,-1,Before Launch
139,2025-03-19 23:40:15,14.87,-0.82021,0.136,22.269,-1,-1,-1,-1,Before Launch
140,2025-03-19 23:40:15,15.299,-1.78477696,-0.226,22.274,-1,-1,-1,-1,Before Launch
141,2025-03-19 23:40:15,15.322,-1.06299216,-0.068,22.274,-1,-1,-1,-1,Before Launch
142,2025-03-19 23:40:15,15.346,-1.8963255199999998,-0.247,22.276,-1,-1,-1,-1,Before Launch
143,2025-03-19 23:40:15,15.371,-0.81036748,-0.136,22.276,-1,-1,-1,-1,Before Launch
144,2025-03-19 23:40:15,15.401,0.14435695999999998,0.158,22.271,-1,-1,-1,-1,Before Launch
145,2025-03-19 23:40:16,15.832,-0.32808400000000004,-0.091,22.281,-1,-1,-1,-1,Before Launch
146,2025-03-19 23:40:16,15.855,-1.04002628,0.092,22.289,-1,-1,-1,-1,Before Launch
147,2025-03-19 23:40:16,15.88,-2.62139116,-0.317,22.276,-1,-1,-1,-1,Before Launch
148,2025-03-19 23:40:16,15.906,-0.20669292,0.113,22.279,-1,-1,-1,-1,Before Launch
149,2025-03-19 23:40:16,15.937,-0.9317585599999999,-0.18,22.281,-1,-1,-1,-1,Before Launch
150,2025-03-19 23:40:16,16.371,-1.0498688,-0.562,22.281,-1,-1,-1,-1,Before Launch
151,2025-03-19 23:40:16,16.394,-0.9416010799999999,-0.407,22.276,-1,-1,-1,-1,Before Launch
152,2025-03-19 23:40:16,16.418,0.02624672,-0.047,22.274,-1,-1,-1,-1,Before Launch
153,2025-03-19 23:40:16,16.442,-0.09842519999999999,-0.227,22.269,-1,-1,-1,-1,Before Launch
154,2025-03-19 23:40:16,16.473,-1.17125988,-0.111,22.276,-1,-1,-1,-1,Before Launch
155,2025-03-19 23:40:17,16.901,-0.81036748,-0.136,22.276,-1,-1,-1,-1,Before Launch
156,2025-03-19 23:40:17,16.924,0.27559056000000004,0.296,22.276,-1,-1,-1,-1,Before Launch
157,2025-03-19 23:40:17,16.947,0.63648296,0.025,22.276,-1,-1,-1,-1,Before Launch
158,2025-03-19 23:40:17,16.976,0.036089239999999995,-0.045,22.281,-1,-1,-1,-1,Before Launch
159,2025-03-19 23:40:17,17.005,-0.20669292,-0.179,22.279,-1,-1,-1,-1,Before Launch
160,2025-03-19 23:40:17,17.434,0.38713912,0.204,22.274,-1,-1,-1,-1,Before Launch
161,2025-03-19 23:40:17,17.457,-0.08530183999999999,0.159,22.276,-1,-1,-1,-1,Before Launch
162,2025-03-19 23:40:17,17.482,-0.81036748,0.045,22.276,-1,-1,-1,-1,Before Launch
163,2025-03-19 23:40:17,17.507,-1.0498688,0.0,22.281,-1,-1,-1,-1,Before Launch
164,2025-03-19 23:40:17,17.536,-0.20669292,0.138,22.279,-1,-1,-1,-1,Before Launch
165,2025-03-19 23:40:18,17.968,-0.6889763999999999,-0.224,22.281,-1,-1,-1,-1,Before Launch
166,2025-03-19 23:40:18,17.99,-1.8930446799999998,-0.249,22.284,-1,-1,-1,-1,Before Launch
167,2025-03-19 23:40:18,18.013,-1.41404204,-0.114,22.281,-1,-1,-1,-1,Before Launch
168,2025-03-19 23:40:18,18.037,-0.56758532,0.068,22.281,-1,-1,-1,-1,Before Launch
169,2025-03-19 23:40:18,18.065,-0.81036748,0.157,22.281,-1,-1,-1,-1,Before Launch
170,2025-03-19 23:40:18,18.494,-0.08530183999999999,0.136,22.284,-1,-1,-1,-1,Before Launch
171,2025-03-19 23:40:18,18.517,-1.29265096,-0.068,22.279,-1,-1,-1,-1,Before Launch
172,2025-03-19 23:40:18,18.541,-0.6889763999999999,0.046,22.281,-1,-1,-1,-1,Before Launch
173,2025-03-19 23:40:18,18.567,-0.44947508,0.091,22.276,-1,-1,-1,-1,Before Launch
174,2025-03-19 23:40:18,18.596,-0.31496064,0.296,22.289,-1,-1,-1,-1,Before Launch
175,2025-03-19 23:40:19,19.025,-0.6889763999999999,0.115,22.284,-1,-1,-1,-1,Before Launch
176,2025-03-19 23:40:19,19.048,0.036089239999999995,0.113,22.281,-1,-1,-1,-1,Before Launch
177,2025-03-19 23:40:19,19.075,0.2788714,0.182,22.281,-1,-1,-1,-1,Before Launch
178,2025-03-19 23:40:19,19.1,-1.41404204,-0.066,22.281,-1,-1,-1,-1,Before Launch
179,2025-03-19 23:40:19,19.131,-1.41404204,-0.159,22.281,-1,-1,-1,-1,Before Launch
180,2025-03-19 23:40:19,19.56,0.51837272,0.161,22.279,-1,-1,-1,-1,Before Launch
181,2025-03-19 23:40:19,19.583,-1.0498688,-0.134,22.281,-1,-1,-1,-1,Before Launch
182,2025-03-19 23:40:19,19.607,0.2788714,0.139,22.284,-1,-1,-1,-1,Before Launch
183,2025-03-19 23:40:19,19.632,-0.9186352000000001,-0.019,22.279,-1,-1,-1,-1,Before Launch
184,2025-03-19 23:40:19,19.663,-0.56758532,0.091,22.276,-1,-1,-1,-1,Before Launch
185,2025-03-19 23:40:20,20.091,-0.9186352000000001,0.095,22.286,-1,-1,-1,-1,Before Launch
186,2025-03-19 23:40:20,20.114,-0.6889763999999999,-0.02,22.281,-1,-1,-1,-1,Before Launch
187,2025-03-19 23:40:20,20.138,-0.9317585599999999,0.047,22.281,-1,-1,-1,-1,Before Launch
188,2025-03-19 23:40:20,20.163,0.63648296,0.364,22.276,-1,-1,-1,-1,Before Launch
189,2025-03-19 23:40:20,20.193,-1.8930446799999998,-0.202,22.284,-1,-1,-1,-1,Before Launch
190,2025-03-19 23:40:20,20.621,-1.53543312,0.047,22.281,-1,-1,-1,-1,Before Launch
191,2025-03-19 23:40:20,20.644,-0.32808400000000004,0.138,22.281,-1,-1,-1,-1,Before Launch
192,2025-03-19 23:40:20,20.668,0.51837272,0.454,22.279,-1,-1,-1,-1,Before Launch
193,2025-03-19 23:40:20,20.693,-0.9186352000000001,-0.02,22.286,-1,-1,-1,-1,Before Launch
194,2025-03-19 23:40:20,20.722,-0.20669292,-0.066,22.279,-1,-1,-1,-1,Before Launch
195,2025-03-19 23:40:21,21.152,-0.44619424,-0.022,22.284,-1,-1,-1,-1,Before Launch
196,2025-03-19 23:40:21,21.174,-1.53215228,-0.093,22.284,-1,-1,-1,-1,Before Launch
197,2025-03-19 23:40:21,21.198,-0.80708664,0.341,22.284,-1,-1,-1,-1,Before Launch
198,2025-03-19 23:40:21,21.223,-1.28280844,-0.202,22.286,-1,-1,-1,-1,Before Launch
199,2025-03-19 23:40:21,21.249,-0.9186352000000001,0.002,22.286,-1,-1,-1,-1,Before Launch
200,2025-03-19 23:40:21,21.687,-0.19685039999999998,0.16,22.286,-1,-1,-1,-1,Before Launch
201,2025-03-19 23:40:21,21.71,-0.08530183999999999,0.161,22.284,-1,-1,-1,-1,Before Launch
202,2025-03-19 23:40:21,21.735,-0.20669292,-0.044,22.279,-1,-1,-1,-1,Before Launch
203,2025-03-19 23:40:21,21.76,-0.9186352000000001,-0.154,22.286,-1,-1,-1,-1,Before Launch
204,2025-03-19 23:40:21,21.793,-0.44619424,0.136,22.284,-1,-1,-1,-1,Before Launch
205,2025-03-19 23:40:22,22.222,0.036089239999999995,0.159,22.281,-1,-1,-1,-1,Before Launch
206,2025-03-19 23:40:22,22.245,-0.19685039999999998,-0.089,22.286,-1,-1,-1,-1,Before Launch
207,2025-03-19 23:40:22,22.269,-0.20669292,-0.158,22.279,-1,-1,-1,-1,Before Launch
208,2025-03-19 23:40:22,22.295,-0.08530183999999999,-0.023,22.284,-1,-1,-1,-1,Before Launch
209,2025-03-19 23:40:22,22.323,-0.44619424,-0.045,22.284,-1,-1,-1,-1,Before Launch
210,2025-03-19 23:40:22,22.752,0.39698163999999997,0.002,22.281,-1,-1,-1,-1,Before Launch
211,2025-03-19 23:40:22,22.774,-0.44619424,-0.068,22.284,-1,-1,-1,-1,Before Launch
212,2025-03-19 23:40:22,22.801,-0.19685039999999998,0.115,22.286,-1,-1,-1,-1,Before Launch
213,2025-03-19 23:40:23,22.826,-1.53215228,-0.091,22.284,-1,-1,-1,-1,Before Launch
214,2025-03-19 23:40:23,22.857,-1.0498688,-0.158,22.281,-1,-1,-1,-1,Before Launch
215,2025-03-19 23:40:23,23.287,-0.9186352000000001,-0.043,22.294,-1,-1,-1,-1,Before Launch
216,2025-03-19 23:40:23,23.309,-1.17125988,0.136,22.284,-1,-1,-1,-1,Before Launch
217,2025-03-19 23:40:23,23.333,-0.79724412,0.116,22.291,-1,-1,-1,-1,Before Launch
218,2025-03-19 23:40:23,23.361,-1.29265096,-0.136,22.279,-1,-1,-1,-1,Before Launch
219,2025-03-19 23:40:23,23.39,-0.80708664,0.001,22.284,-1,-1,-1,-1,Before Launch
220,2025-03-19 23:40:24,23.821,-0.32808400000000004,-0.046,22.281,-1,-1,-1,-1,Before Launch
221,2025-03-19 23:40:24,23.844,-0.19685039999999998,0.206,22.291,-1,-1,-1,-1,Before Launch
222,2025-03-19 23:40:24,23.869,0.16732284,0.161,22.286,-1,-1,-1,-1,Before Launch
223,2025-03-19 23:40:24,23.894,-0.19685039999999998,0.047,22.286,-1,-1,-1,-1,Before Launch
224,2025-03-19 23:40:24,23.924,-0.44619424,-0.025,22.284,-1,-1,-1,-1,Before Launch
225,2025-03-19 23:40:24,24.354,-1.17125988,-0.091,22.284,-1,-1,-1,-1,Before Launch
226,2025-03-19 23:40:24,24.376,0.15419948,0.022,22.279,-1,-1,-1,-1,Before Launch
227,2025-03-19 23:40:24,24.401,-1.7650919200000001,-0.384,22.289,-1,-1,-1,-1,Before Launch
228,2025-03-19 23:40:24,24.427,-0.08530183999999999,0.249,22.276,-1,-1,-1,-1,Before Launch
229,2025-03-19 23:40:24,24.456,-0.32808400000000004,0.204,22.281,-1,-1,-1,-1,Before Launch
230,2025-03-19 23:40:25,24.884,-0.08530183999999999,-0.113,22.284,-1,-1,-1,-1,Before Launch
231,2025-03-19 23:40:25,24.907,0.87926512,0.362,22.284,-1,-1,-1,-1,Before Launch
232,2025-03-19 23:40:25,24.932,-0.9317585599999999,-0.227,22.279,-1,-1,-1,-1,Before Launch
233,2025-03-19 23:40:25,24.957,0.036089239999999995,0.179,22.281,-1,-1,-1,-1,Before Launch
234,2025-03-19 23:40:25,24.986,-0.20669292,0.068,22.279,-1,-1,-1,-1,Before Launch
235,2025-03-19 23:40:25,25.42,0.036089239999999995,0.179,22.274,-1,-1,-1,-1,Before Launch
236,2025-03-19 23:40:25,25.442,-0.9317585599999999,-0.046,22.279,-1,-1,-1,-1,Before Launch
237,2025-03-19 23:40:25,25.465,-0.67913388,0.047,22.289,-1,-1,-1,-1,Before Launch
238,2025-03-19 23:40:25,25.49,-0.19685039999999998,-0.156,22.286,-1,-1,-1,-1,Before Launch
239,2025-03-19 23:40:25,25.52,-0.31496064,0.296,22.289,-1,-1,-1,-1,Before Launch
240,2025-03-19 23:40:26,25.951,-0.5577428,0.183,22.284,-1,-1,-1,-1,Before Launch
241,2025-03-19 23:40:26,25.974,-0.31496064,0.002,22.289,-1,-1,-1,-1,Before Launch
242,2025-03-19 23:40:26,25.999,-0.9186352000000001,-0.27,22.286,-1,-1,-1,-1,Before Launch
243,2025-03-19 23:40:26,26.025,-0.5577428,0.068,22.286,-1,-1,-1,-1,Before Launch
244,2025-03-19 23:40:26,26.053,-0.07217847999999999,0.025,22.291,-1,-1,-1,-1,Before Launch
245,2025-03-19 23:40:26,26.488,-1.40091868,-0.179,22.289,-1,-1,-1,-1,Before Launch
246,2025-03-19 23:40:26,26.51,-1.04002628,0.092,22.289,-1,-1,-1,-1,Before Launch
247,2025-03-19 23:40:26,26.533,0.2788714,0.204,22.284,-1,-1,-1,-1,Before Launch
248,2025-03-19 23:40:26,26.559,-0.6889763999999999,0.111,22.281,-1,-1,-1,-1,Before Launch
249,2025-03-19 23:40:26,26.59,-0.19685039999999998,0.135,22.286,-1,-1,-1,-1,Before Launch
250,2025-03-19 23:40:27,27.018,0.036089239999999995,0.044,22.281,-1,-1,-1,-1,Before Launch
251,2025-03-19 23:40:27,27.041,-0.9186352000000001,-0.156,22.286,-1,-1,-1,-1,Before Launch
252,2025-03-19 23:40:27,27.065,-1.04002628,-0.156,22.289,-1,-1,-1,-1,Before Launch
253,2025-03-19 23:40:27,27.091,-1.04002628,-0.023,22.286,-1,-1,-1,-1,Before Launch
254,2025-03-19 23:40:27,27.12,-0.08530183999999999,0.068,22.291,-1,-1,-1,-1,Before Launch
255,2025-03-19 23:40:27,27.549,0.036089239999999995,0.0,22.281,-1,-1,-1,-1,Before Launch
256,2025-03-19 23:40:27,27.572,-0.31496064,-0.022,22.289,-1,-1,-1,-1,Before Launch
257,2025-03-19 23:40:27,27.596,-0.5577428,-0.066,22.286,-1,-1,-1,-1,Before Launch
258,2025-03-19 23:40:27,27.621,-1.28280844,-0.225,22.286,-1,-1,-1,-1,Before Launch
259,2025-03-19 23:40:27,27.65,-2.12598432,-0.315,22.289,-1,-1,-1,-1,Before Launch
260,2025-03-19 23:40:28,28.079,-1.28280844,-0.315,22.281,-1,-1,-1,-1,Before Launch
261,2025-03-19 23:40:28,28.102,-0.67913388,-0.044,22.289,-1,-1,-1,-1,Before Launch
262,2025-03-19 23:40:28,28.125,-1.28280844,-0.204,22.286,-1,-1,-1,-1,Before Launch
263,2025-03-19 23:40:28,28.154,-1.64370084,-0.021,22.286,-1,-1,-1,-1,Before Launch
264,2025-03-19 23:40:28,28.182,-0.5577428,0.092,22.286,-1,-1,-1,-1,Before Launch
265,2025-03-19 23:40:28,28.615,-1.7650919200000001,-0.159,22.289,-1,-1,-1,-1,Before Launch
266,2025-03-19 23:40:28,28.638,-1.17125988,0.0,22.284,-1,-1,-1,-1,Before Launch
267,2025-03-19 23:40:28,28.662,-0.44619424,0.066,22.284,-1,-1,-1,-1,Before Launch
268,2025-03-19 23:40:28,28.692,-1.04002628,0.047,22.289,-1,-1,-1,-1,Before Launch
269,2025-03-19 23:40:28,28.721,-0.9186352000000001,-0.021,22.286,-1,-1,-1,-1,Before Launch
270,2025-03-19 23:40:29,29.15,-0.9186352000000001,-0.111,22.286,-1,-1,-1,-1,Before Launch
271,2025-03-19 23:40:29,29.172,-0.67913388,-0.091,22.289,-1,-1,-1,-1,Before Launch
272,2025-03-19 23:40:29,29.197,-0.43635172,-0.113,22.291,-1,-1,-1,-1,Before Launch
273,2025-03-19 23:40:29,29.225,-0.9186352000000001,-0.135,22.294,-1,-1,-1,-1,Before Launch
274,2025-03-19 23:40:29,29.255,-0.20669292,0.045,22.279,-1,-1,-1,-1,Before Launch
275,2025-03-19 23:40:29,29.684,-0.19685039999999998,0.183,22.286,-1,-1,-1,-1,Before Launch
276,2025-03-19 23:40:29,29.706,-0.32808400000000004,-0.09,22.281,-1,-1,-1,-1,Before Launch
277,2025-03-19 23:40:29,29.731,-0.9186352000000001,0.159,22.294,-1,-1,-1,-1,Before Launch
278,2025-03-19 23:40:29,29.757,-1.8930446799999998,-0.339,22.284,-1,-1,-1,-1,Before Launch
279,2025-03-19 23:40:29,29.786,-2.6082678,-0.428,22.291,-1,-1,-1,-1,Before Launch
280,2025-03-19 23:40:30,30.214,-0.67913388,-0.111,22.289,-1,-1,-1,-1,Before Launch
281,2025-03-19 23:40:30,30.237,-1.28280844,-0.406,22.286,-1,-1,-1,-1,Before Launch
282,2025-03-19 23:40:30,30.261,-0.79724412,0.025,22.291,-1,-1,-1,-1,Before Launch
283,2025-03-19 23:40:30,30.287,-1.15813652,-0.224,22.291,-1,-1,-1,-1,Before Launch
284,2025-03-19 23:40:30,30.317,-1.28280844,-0.202,22.286,-1,-1,-1,-1,Before Launch
285,2025-03-19 23:40:30,30.748,-1.28280844,-0.248,22.286,-1,-1,-1,-1,Before Launch
286,2025-03-19 23:40:30,30.77,-1.28280844,-0.066,22.286,-1,-1,-1,-1,Before Launch
287,2025-03-19 23:40:30,30.793,-0.9186352000000001,-0.045,22.286,-1,-1,-1,-1,Before Launch
288,2025-03-19 23:40:31,30.822,-0.44619424,-0.047,22.284,-1,-1,-1,-1,Before Launch
289,2025-03-19 23:40:31,30.85,0.6397638,0.179,22.284,-1,-1,-1,-1,Before Launch
290,2025-03-19 23:40:31,31.281,-0.80708664,-0.047,22.291,-1,-1,-1,-1,Before Launch
291,2025-03-19 23:40:31,31.304,-0.80708664,-0.092,22.284,-1,-1,-1,-1,Before Launch
292,2025-03-19 23:40:31,31.328,-2.00459324,-0.204,22.286,-1,-1,-1,-1,Before Launch
293,2025-03-19 23:40:31,31.353,-1.17125988,-0.115,22.284,-1,-1,-1,-1,Before Launch
294,2025-03-19 23:40:31,31.382,0.16732284,0.045,22.286,-1,-1,-1,-1,Before Launch
295,2025-03-19 23:40:31,31.811,-0.6889763999999999,0.134,22.281,-1,-1,-1,-1,Before Launch
296,2025-03-19 23:40:32,31.833,-0.56758532,0.089,22.286,-1,-1,-1,-1,Before Launch
297,2025-03-19 23:40:32,31.858,-0.32808400000000004,-0.114,22.281,-1,-1,-1,-1,Before Launch
298,2025-03-19 23:40:32,31.883,-1.28280844,-0.112,22.286,-1,-1,-1,-1,Before Launch
299,2025-03-19 23:40:32,31.912,-1.41404204,-0.229,22.281,-1,-1,-1,-1,Before Launch
300,2025-03-19 23:40:32,32.34,-0.5577428,-0.112,22.286,-1,-1,-1,-1,Before Launch
301,2025-03-19 23:40:32,32.363,1.0006561999999999,0.361,22.284,-1,-1,-1,-1,Before Launch
302,2025-03-19 23:40:32,32.387,-1.17125988,-0.025,22.284,-1,-1,-1,-1,Before Launch
303,2025-03-19 23:40:32,32.416,-1.17125988,-0.025,22.284,-1,-1,-1,-1,Before Launch
304,2025-03-19 23:40:32,32.444,-1.52230976,-0.27,22.291,-1,-1,-1,-1,Before Launch
305,2025-03-19 23:40:33,32.875,-0.56758532,-0.113,22.279,-1,-1,-1,-1,Before Launch
306,2025-03-19 23:40:33,32.898,-1.77493444,-0.274,22.276,-1,-1,-1,-1,Before Launch
307,2025-03-19 23:40:33,32.922,-0.81036748,-0.047,22.276,-1,-1,-1,-1,Before Launch
308,2025-03-19 23:40:33,32.95,-1.77493444,-0.092,22.281,-1,-1,-1,-1,Before Launch
309,2025-03-19 23:40:33,32.979,0.27559056000000004,0.451,22.276,-1,-1,-1,-1,Before Launch
310,2025-03-19 23:40:33,33.408,-0.32808400000000004,0.179,22.281,-1,-1,-1,-1,Before Launch
311,2025-03-19 23:40:33,33.431,-1.53215228,-0.16,22.284,-1,-1,-1,-1,Before Launch
312,2025-03-19 23:40:33,33.456,0.036089239999999995,0.247,22.281,-1,-1,-1,-1,Before Launch
313,2025-03-19 23:40:33,33.482,-0.79724412,0.159,22.291,-1,-1,-1,-1,Before Launch
314,2025-03-19 23:40:33,33.51,-0.9186352000000001,-0.068,22.286,-1,-1,-1,-1,Before Launch
315,2025-03-19 23:40:34,33.942,0.2788714,0.384,22.286,-1,-1,-1,-1,Before Launch
316,2025-03-19 23:40:34,33.964,-1.15813652,0.002,22.291,-1,-1,-1,-1,Before Launch
317,2025-03-19 23:40:34,33.99,-1.8832021599999997,-0.27,22.291,-1,-1,-1,-1,Before Launch
318,2025-03-19 23:40:34,34.015,-1.41404204,-0.07,22.281,-1,-1,-1,-1,Before Launch
319,2025-03-19 23:40:34,34.043,-1.0498688,-0.025,22.281,-1,-1,-1,-1,Before Launch
320,2025-03-19 23:40:34,34.475,-1.0498688,-0.025,22.281,-1,-1,-1,-1,Before Launch
321,2025-03-19 23:40:34,34.497,-0.80708664,-0.024,22.284,-1,-1,-1,-1,Before Launch
322,2025-03-19 23:40:34,34.523,-1.7650919200000001,-0.249,22.289,-1,-1,-1,-1,Before Launch
323,2025-03-19 23:40:34,34.551,-1.53215228,-0.115,22.284,-1,-1,-1,-1,Before Launch
324,2025-03-19 23:40:34,34.58,-0.5577428,-0.066,22.286,-1,-1,-1,-1,Before Launch
325,2025-03-19 23:40:35,35.009,-1.17125988,-0.183,22.284,-1,-1,-1,-1,Before Launch
326,2025-03-19 23:40:35,35.031,0.39698163999999997,0.136,22.281,-1,-1,-1,-1,Before Launch
327,2025-03-19 23:40:35,35.056,-1.28280844,-0.068,22.286,-1,-1,-1,-1,Before Launch
328,2025-03-19 23:40:35,35.082,-1.77493444,0.022,22.284,-1,-1,-1,-1,Before Launch
329,2025-03-19 23:40:35,35.11,-2.12598432,0.091,22.289,-1,-1,-1,-1,Before Launch
330,2025-03-19 23:40:35,35.542,-0.19685039999999998,0.091,22.286,-1,-1,-1,-1,Before Launch
331,2025-03-19 23:40:35,35.565,-0.32808400000000004,0.179,22.281,-1,-1,-1,-1,Before Launch
332,2025-03-19 23:40:35,35.589,-0.79724412,0.0,22.291,-1,-1,-1,-1,Before Launch
333,2025-03-19 23:40:35,35.615,-0.32808400000000004,0.156,22.281,-1,-1,-1,-1,Before Launch
334,2025-03-19 23:40:35,35.643,0.8891076400000001,0.408,22.284,-1,-1,-1,-1,Before Launch
335,2025-03-19 23:40:36,36.076,-1.52230976,-0.045,22.291,-1,-1,-1,-1,Before Launch
336,2025-03-19 23:40:36,36.098,-0.19685039999999998,0.204,22.286,-1,-1,-1,-1,Before Launch
337,2025-03-19 23:40:36,36.123,-1.52230976,-0.113,22.291,-1,-1,-1,-1,Before Launch
338,2025-03-19 23:40:36,36.149,-1.17125988,-0.136,22.284,-1,-1,-1,-1,Before Launch
339,2025-03-19 23:40:36,36.178,-1.40091868,-0.383,22.289,-1,-1,-1,-1,Before Launch
340,2025-03-19 23:40:36,36.607,-0.5577428,0.047,22.286,-1,-1,-1,-1,Before Launch
341,2025-03-19 23:40:36,36.63,-0.19685039999999998,0.115,22.281,-1,-1,-1,-1,Before Launch
342,2025-03-19 23:40:36,36.653,-0.19685039999999998,0.339,22.286,-1,-1,-1,-1,Before Launch
343,2025-03-19 23:40:36,36.681,-0.19685039999999998,0.183,22.286,-1,-1,-1,-1,Before Launch
344,2025-03-19 23:40:36,36.71,-0.5577428,-0.136,22.286,-1,-1,-1,-1,Before Launch
345,2025-03-19 23:40:37,37.142,-1.53215228,-0.158,22.284,-1,-1,-1,-1,Before Launch
346,2025-03-19 23:40:37,37.165,-0.44619424,0.023,22.284,-1,-1,-1,-1,Before Launch
347,2025-03-19 23:40:37,37.189,-1.40091868,-0.201,22.289,-1,-1,-1,-1,Before Launch
348,2025-03-19 23:40:37,37.218,-0.43635172,0.159,22.291,-1,-1,-1,-1,Before Launch
349,2025-03-19 23:40:37,37.247,-1.53215228,-0.022,22.284,-1,-1,-1,-1,Before Launch
350,2025-03-19 23:40:37,37.676,0.7709973999999999,0.249,22.294,-1,-1,-1,-1,Before Launch
351,2025-03-19 23:40:37,37.698,-0.79724412,-0.337,22.291,-1,-1,-1,-1,Before Launch
352,2025-03-19 23:40:37,37.723,-1.7650919200000001,-0.111,22.289,-1,-1,-1,-1,Before Launch
353,2025-03-19 23:40:37,37.748,-2.2473754,-0.202,22.291,-1,-1,-1,-1,Before Launch
354,2025-03-19 23:40:37,37.777,-1.40091868,0.023,22.289,-1,-1,-1,-1,Before Launch
355,2025-03-19 23:40:38,38.208,-1.28280844,-0.134,22.286,-1,-1,-1,-1,Before Launch
356,2025-03-19 23:40:38,38.231,0.036089239999999995,0.34,22.281,-1,-1,-1,-1,Before Launch
357,2025-03-19 23:40:38,38.256,-0.79724412,0.002,22.289,-1,-1,-1,-1,Before Launch
358,2025-03-19 23:40:38,38.281,-0.5577428,0.228,22.286,-1,-1,-1,-1,Before Launch
359,2025-03-19 23:40:38,38.31,-1.15813652,-0.269,22.291,-1,-1,-1,-1,Before Launch
360,2025-03-19 23:40:38,38.74,-0.44619424,-0.022,22.284,-1,-1,-1,-1,Before Launch
361,2025-03-19 23:40:38,38.762,-0.9186352000000001,0.115,22.286,-1,-1,-1,-1,Before Launch
362,2025-03-19 23:40:38,38.785,-0.44619424,-0.091,22.286,-1,-1,-1,-1,Before Launch
363,2025-03-19 23:40:39,38.813,0.049212599999999995,0.159,22.296,-1,-1,-1,-1,Before Launch
364,2025-03-19 23:40:39,38.844,-0.9186352000000001,0.0,22.296,-1,-1,-1,-1,Before Launch
365,2025-03-19 23:40:39,39.273,-0.55446196,-0.156,22.294,-1,-1,-1,-1,Before Launch
366,2025-03-19 23:40:39,39.295,0.28871391999999996,0.271,22.291,-1,-1,-1,-1,Before Launch
367,2025-03-19 23:40:39,39.319,-0.79724412,0.204,22.291,-1,-1,-1,-1,Before Launch
368,2025-03-19 23:40:39,39.348,-0.79724412,0.116,22.291,-1,-1,-1,-1,Before Launch
369,2025-03-19 23:40:39,39.377,-0.55446196,0.093,22.294,-1,-1,-1,-1,Before Launch
370,2025-03-19 23:40:39,39.805,0.04593176,0.206,22.289,-1,-1,-1,-1,Before Launch
371,2025-03-19 23:40:40,39.828,0.2788714,0.204,22.284,-1,-1,-1,-1,Before Launch
372,2025-03-19 23:40:40,39.852,0.036089239999999995,0.338,22.286,-1,-1,-1,-1,Before Launch
373,2025-03-19 23:40:40,39.877,-0.5577428,0.183,22.294,-1,-1,-1,-1,Before Launch
374,2025-03-19 23:40:40,39.907,-0.79724412,-0.045,22.291,-1,-1,-1,-1,Before Launch
375,2025-03-19 23:40:40,40.335,-1.64042,-0.088,22.291,-1,-1,-1,-1,Before Launch
376,2025-03-19 23:40:40,40.358,-1.28280844,-0.315,22.286,-1,-1,-1,-1,Before Launch
377,2025-03-19 23:40:40,40.382,-0.7874015999999999,0.093,22.299,-1,-1,-1,-1,Before Launch
378,2025-03-19 23:40:40,40.408,-0.79724412,0.184,22.291,-1,-1,-1,-1,Before Launch
379,2025-03-19 23:40:40,40.437,-0.79724412,0.249,22.291,-1,-1,-1,-1,Before Launch
380,2025-03-19 23:40:41,40.865,-1.52230976,-0.249,22.291,-1,-1,-1,-1,Before Launch
381,2025-03-19 23:40:41,40.888,1.01377956,0.252,22.291,-1,-1,-1,-1,Before Launch
382,2025-03-19 23:40:41,40.912,-1.40091868,-0.113,22.289,-1,-1,-1,-1,Before Launch
383,2025-03-19 23:40:41,40.938,-1.51246724,-0.223,22.299,-1,-1,-1,-1,Before Launch
384,2025-03-19 23:40:41,40.967,-1.03674544,-0.362,22.296,-1,-1,-1,-1,Before Launch
385,2025-03-19 23:40:41,41.395,-0.43635172,0.204,22.291,-1,-1,-1,-1,Before Launch
386,2025-03-19 23:40:41,41.418,-0.19356956,0.001,22.294,-1,-1,-1,-1,Before Launch
387,2025-03-19 23:40:41,41.443,-0.07217847999999999,0.273,22.291,-1,-1,-1,-1,Before Launch
388,2025-03-19 23:40:41,41.471,-1.15813652,0.002,22.291,-1,-1,-1,-1,Before Launch
389,2025-03-19 23:40:41,41.497,-1.2795276,0.023,22.294,-1,-1,-1,-1,Before Launch
390,2025-03-19 23:40:42,41.928,-1.40091868,-0.158,22.296,-1,-1,-1,-1,Before Launch
391,2025-03-19 23:40:42,41.95,-1.03674544,-0.158,22.296,-1,-1,-1,-1,Before Launch
392,2025-03-19 23:40:42,41.973,-2.48687672,-0.43,22.296,-1,-1,-1,-1,Before Launch
393,2025-03-19 23:40:42,41.997,0.16732284,0.069,22.291,-1,-1,-1,-1,Before Launch
394,2025-03-19 23:40:42,42.026,1.01377956,0.296,22.284,-1,-1,-1,-1,Before Launch
395,2025-03-19 23:40:42,42.454,-1.15813652,0.07,22.291,-1,-1,-1,-1,Before Launch
396,2025-03-19 23:40:42,42.477,-1.03674544,-0.111,22.296,-1,-1,-1,-1,Before Launch
397,2025-03-19 23:40:42,42.501,-0.67913388,0.136,22.289,-1,-1,-1,-1,Before Launch
398,2025-03-19 23:40:42,42.526,-1.03674544,-0.113,22.296,-1,-1,-1,-1,Before Launch
399,2025-03-19 23:40:42,42.555,0.049212599999999995,0.298,22.296,-1,-1,-1,-1,Before Launch
400,2025-03-19 23:40:43,42.983,-0.31496064,-0.205,22.296,-1,-1,-1,-1,Before Launch
401,2025-03-19 23:40:43,43.006,-0.07217847999999999,0.137,22.291,-1,-1,-1,-1,Before Launch
402,2025-03-19 23:40:43,43.031,-1.40091868,0.069,22.296,-1,-1,-1,-1,Before Launch
403,2025-03-19 23:40:43,43.056,0.16732284,0.455,22.286,-1,-1,-1,-1,Before Launch
404,2025-03-19 23:40:43,43.085,-0.31496064,0.205,22.289,-1,-1,-1,-1,Before Launch
405,2025-03-19 23:40:43,43.516,-1.15813652,0.023,22.291,-1,-1,-1,-1,Before Launch
406,2025-03-19 23:40:43,43.538,-1.8832021599999997,-0.362,22.291,-1,-1,-1,-1,Before Launch
407,2025-03-19 23:40:43,43.563,-2.12598432,-0.25,22.289,-1,-1,-1,-1,Before Launch
408,2025-03-19 23:40:43,43.59,-1.64042,-0.204,22.294,-1,-1,-1,-1,Before Launch
409,2025-03-19 23:40:43,43.619,-1.03674544,0.023,22.296,-1,-1,-1,-1,Before Launch
410,2025-03-19 23:40:44,44.049,-1.2696850800000001,-0.155,22.301,-1,-1,-1,-1,Before Launch
411,2025-03-19 23:40:44,44.072,-0.31496064,0.114,22.296,-1,-1,-1,-1,Before Launch
412,2025-03-19 23:40:44,44.095,-2.00459324,-0.293,22.294,-1,-1,-1,-1,Before Launch
413,2025-03-19 23:40:44,44.126,-0.5577428,-0.114,22.286,-1,-1,-1,-1,Before Launch
414,2025-03-19 23:40:44,44.154,-1.03674544,-0.022,22.296,-1,-1,-1,-1,Before Launch
415,2025-03-19 23:40:44,44.585,-1.28280844,-0.137,22.286,-1,-1,-1,-1,Before Launch
416,2025-03-19 23:40:44,44.608,-0.79724412,-0.204,22.291,-1,-1,-1,-1,Before Launch
417,2025-03-19 23:40:44,44.632,-1.15813652,-0.068,22.291,-1,-1,-1,-1,Before Launch
418,2025-03-19 23:40:44,44.658,-1.2795276,-0.091,22.294,-1,-1,-1,-1,Before Launch
419,2025-03-19 23:40:44,44.686,-1.7618110800000002,-0.227,22.294,-1,-1,-1,-1,Before Launch
420,2025-03-19 23:40:45,45.115,-1.52230976,-0.295,22.291,-1,-1,-1,-1,Before Launch
421,2025-03-19 23:40:45,45.138,-1.64042,-0.361,22.294,-1,-1,-1,-1,Before Launch
422,2025-03-19 23:40:45,45.162,-0.55446196,-0.111,22.296,-1,-1,-1,-1,Before Launch
423,2025-03-19 23:40:45,45.187,0.28871391999999996,0.159,22.291,-1,-1,-1,-1,Before Launch
424,2025-03-19 23:40:45,45.216,0.52821524,0.25,22.286,-1,-1,-1,-1,Before Launch
425,2025-03-19 23:40:45,45.652,-1.40091868,0.045,22.296,-1,-1,-1,-1,Before Launch
426,2025-03-19 23:40:45,45.674,-1.52230976,-0.045,22.299,-1,-1,-1,-1,Before Launch
427,2025-03-19 23:40:45,45.699,-1.7650919200000001,-0.184,22.289,-1,-1,-1,-1,Before Launch
428,2025-03-19 23:40:45,45.724,-1.40091868,-0.114,22.289,-1,-1,-1,-1,Before Launch
429,2025-03-19 23:40:45,45.753,-1.15813652,-0.068,22.291,-1,-1,-1,-1,Before Launch
430,2025-03-19 23:40:46,46.181,-0.31496064,0.227,22.289,-1,-1,-1,-1,Before Launch
431,2025-03-19 23:40:46,46.209,-1.40091868,-0.454,22.289,-1,-1,-1,-1,Before Launch
432,2025-03-19 23:40:46,46.248,-0.9186352000000001,0.09,22.294,-1,-1,-1,-1,Before Launch
433,2025-03-19 23:40:46,46.271,-1.8733596399999999,-0.068,22.299,-1,-1,-1,-1,Before Launch
434,2025-03-19 23:40:46,46.296,-0.5446194400000001,0.092,22.301,-1,-1,-1,-1,Before Launch
435,2025-03-19 23:40:46,46.725,-1.64042,-0.226,22.294,-1,-1,-1,-1,Before Launch
436,2025-03-19 23:40:46,46.748,-1.8832021599999997,-0.317,22.286,-1,-1,-1,-1,Before Launch
437,2025-03-19 23:40:46,46.772,-2.00459324,-0.363,22.294,-1,-1,-1,-1,Before Launch
438,2025-03-19 23:40:46,46.801,-1.15813652,0.0,22.291,-1,-1,-1,-1,Before Launch
439,2025-03-19 23:40:47,46.83,-1.40091868,-0.023,22.289,-1,-1,-1,-1,Before Launch
440,2025-03-19 23:40:47,47.26,-0.31496064,0.204,22.284,-1,-1,-1,-1,Before Launch
441,2025-03-19 23:40:47,47.282,-0.55446196,0.09,22.294,-1,-1,-1,-1,Before Launch
442,2025-03-19 23:40:47,47.305,-1.64042,0.159,22.294,-1,-1,-1,-1,Before Launch
443,2025-03-19 23:40:47,47.334,-0.79724412,-0.181,22.291,-1,-1,-1,-1,Before Launch
444,2025-03-19 23:40:47,47.365,-0.67913388,-0.317,22.286,-1,-1,-1,-1,Before Launch
445,2025-03-19 23:40:47,47.794,-0.5577428,0.112,22.286,-1,-1,-1,-1,Before Launch
446,2025-03-19 23:40:48,47.817,-1.15813652,-0.023,22.291,-1,-1,-1,-1,Before Launch
447,2025-03-19 23:40:48,47.841,-1.2795276,-0.112,22.296,-1,-1,-1,-1,Before Launch
448,2025-03-19 23:40:48,47.867,-0.79724412,0.045,22.279,-1,-1,-1,-1,Before Launch
449,2025-03-19 23:40:48,47.896,-2.00459324,-0.385,22.289,-1,-1,-1,-1,Before Launch
450,2025-03-19 23:40:48,48.326,-1.64042,-0.248,22.294,-1,-1,-1,-1,Before Launch
451,2025-03-19 23:40:48,48.348,-0.31496064,-0.045,22.296,-1,-1,-1,-1,Before Launch
452,2025-03-19 23:40:48,48.373,-1.2795276,0.023,22.294,-1,-1,-1,-1,Before Launch
453,2025-03-19 23:40:48,48.401,-1.15813652,-0.248,22.291,-1,-1,-1,-1,Before Launch
454,2025-03-19 23:40:48,48.43,-0.9186352000000001,-0.113,22.294,-1,-1,-1,-1,Before Launch
455,2025-03-19 23:40:49,48.859,-1.40091868,-0.045,22.296,-1,-1,-1,-1,Before Launch
456,2025-03-19 23:40:49,48.881,-1.7618110800000002,0.023,22.296,-1,-1,-1,-1,Before Launch
457,2025-03-19 23:40:49,48.904,-1.52230976,0.113,22.291,-1,-1,-1,-1,Before Launch
458,2025-03-19 23:40:49,48.935,-1.8733596399999999,-0.044,22.299,-1,-1,-1,-1,Before Launch
459,2025-03-19 23:40:49,48.963,-1.2795276,-0.045,22.294,-1,-1,-1,-1,Before Launch
460,2025-03-19 23:40:49,49.392,-0.67913388,0.111,22.289,-1,-1,-1,-1,Before Launch
461,2025-03-19 23:40:49,49.416,-0.31496064,0.0,22.289,-1,-1,-1,-1,Before Launch
462,2025-03-19 23:40:49,49.441,-0.19356956,0.339,22.294,-1,-1,-1,-1,Before Launch
463,2025-03-19 23:40:49,49.469,-0.9186352000000001,-0.068,22.286,-1,-1,-1,-1,Before Launch
464,2025-03-19 23:40:49,49.498,-0.6758530399999999,0.068,22.296,-1,-1,-1,-1,Before Launch
465,2025-03-19 23:40:50,49.927,-1.15813652,0.023,22.291,-1,-1,-1,-1,Before Launch
466,2025-03-19 23:40:50,49.95,-0.31496064,0.09,22.289,-1,-1,-1,-1,Before Launch
467,2025-03-19 23:40:50,49.974,-1.8733596399999999,-0.134,22.299,-1,-1,-1,-1,Before Launch
468,2025-03-19 23:40:50,50.003,-0.9186352000000001,0.068,22.294,-1,-1,-1,-1,Before Launch
469,2025-03-19 23:40:50,50.031,-0.19356956,0.293,22.294,-1,-1,-1,-1,Before Launch
470,2025-03-19 23:40:50,50.46,-0.6758530399999999,0.158,22.296,-1,-1,-1,-1,Before Launch
471,2025-03-19 23:40:50,50.483,-1.148294,0.092,22.299,-1,-1,-1,-1,Before Launch
472,2025-03-19 23:40:50,50.508,-1.64042,-0.203,22.294,-1,-1,-1,-1,Before Launch
473,2025-03-19 23:40:50,50.533,-1.03674544,-0.248,22.296,-1,-1,-1,-1,Before Launch
474,2025-03-19 23:40:50,50.561,-2.00459324,-0.474,22.294,-1,-1,-1,-1,Before Launch
475,2025-03-19 23:40:51,50.99,-0.6758530399999999,0.136,22.296,-1,-1,-1,-1,Before Launch
476,2025-03-19 23:40:51,51.012,-2.2473754,-0.136,22.291,-1,-1,-1,-1,Before Launch
477,2025-03-19 23:40:51,51.037,-2.3654856399999997,-0.112,22.294,-1,-1,-1,-1,Before Launch
478,2025-03-19 23:40:51,51.062,-1.03674544,0.068,22.296,-1,-1,-1,-1,Before Launch
479,2025-03-19 23:40:51,51.095,-1.51246724,-0.066,22.299,-1,-1,-1,-1,Before Launch
480,2025-03-19 23:40:51,51.524,-2.6082678,-0.429,22.291,-1,-1,-1,-1,Before Launch
481,2025-03-19 23:40:51,51.546,0.04593176,0.271,22.289,-1,-1,-1,-1,Before Launch
482,2025-03-19 23:40:51,51.572,-0.9186352000000001,0.0,22.286,-1,-1,-1,-1,Before Launch
483,2025-03-19 23:40:51,51.598,0.410105,0.429,22.289,-1,-1,-1,-1,Before Launch
484,2025-03-19 23:40:51,51.627,-0.19356956,0.066,22.294,-1,-1,-1,-1,Before Launch
485,2025-03-19 23:40:52,52.058,-1.63057748,0.002,22.294,-1,-1,-1,-1,Before Launch
486,2025-03-19 23:40:52,52.081,-1.03674544,0.159,22.296,-1,-1,-1,-1,Before Launch
487,2025-03-19 23:40:52,52.107,-0.7874015999999999,0.228,22.291,-1,-1,-1,-1,Before Launch
488,2025-03-19 23:40:52,52.132,-1.40091868,-0.046,22.296,-1,-1,-1,-1,Before Launch
489,2025-03-19 23:40:52,52.161,-1.03674544,0.068,22.296,-1,-1,-1,-1,Before Launch
490,2025-03-19 23:40:52,52.59,-2.95931768,-0.496,22.294,-1,-1,-1,-1,Before Launch
491,2025-03-19 23:40:52,52.612,-0.55446196,0.0,22.294,-1,-1,-1,-1,Before Launch
492,2025-03-19 23:40:52,52.636,-0.42322836,0.228,22.299,-1,-1,-1,-1,Before Launch
493,2025-03-19 23:40:52,52.664,-0.6758530399999999,0.023,22.286,-1,-1,-1,-1,Before Launch
494,2025-03-19 23:40:52,52.695,-0.43635172,0.046,22.294,-1,-1,-1,-1,Before Launch
495,2025-03-19 23:40:53,53.124,-1.99146988,-0.269,22.301,-1,-1,-1,-1,Before Launch
496,2025-03-19 23:40:53,53.146,-0.9186352000000001,0.045,22.294,-1,-1,-1,-1,Before Launch
497,2025-03-19 23:40:53,53.169,-0.42322836,0.161,22.296,-1,-1,-1,-1,Before Launch
498,2025-03-19 23:40:53,53.197,0.049212599999999995,0.159,22.296,-1,-1,-1,-1,Before Launch
499,2025-03-19 23:40:53,53.227,-0.55446196,0.272,22.294,-1,-1,-1,-1,Before Launch
500,2025-03-19 23:40:53,53.658,0.04593176,0.316,22.289,-1,-1,-1,-1,Before Launch
501,2025-03-19 23:40:53,53.68,-1.28280844,-0.182,22.286,-1,-1,-1,-1,Before Launch
502,2025-03-19 23:40:53,53.703,0.049212599999999995,0.249,22.296,-1,-1,-1,-1,Before Launch
503,2025-03-19 23:40:53,53.731,-2.12270348,-0.181,22.296,-1,-1,-1,-1,Before Launch
504,2025-03-19 23:40:53,53.76,-1.2795276,-0.068,22.294,-1,-1,-1,-1,Before Launch
505,2025-03-19 23:40:54,54.189,-0.9055118400000001,0.093,22.301,-1,-1,-1,-1,Before Launch
506,2025-03-19 23:40:54,54.212,-0.5446194400000001,0.228,22.301,-1,-1,-1,-1,Before Launch
507,2025-03-19 23:40:54,54.239,-1.2696850800000001,0.047,22.301,-1,-1,-1,-1,Before Launch
508,2025-03-19 23:40:54,54.264,-2.35564312,-0.091,22.301,-1,-1,-1,-1,Before Launch
509,2025-03-19 23:40:54,54.295,-1.63057748,-0.066,22.301,-1,-1,-1,-1,Before Launch
510,2025-03-19 23:40:54,54.723,-1.40091868,-0.135,22.296,-1,-1,-1,-1,Before Launch
511,2025-03-19 23:40:54,54.746,-1.148294,-0.156,22.306,-1,-1,-1,-1,Before Launch
512,2025-03-19 23:40:54,54.77,-0.9055118400000001,-0.134,22.301,-1,-1,-1,-1,Before Launch
513,2025-03-19 23:40:54,54.799,-1.02690292,-0.02,22.304,-1,-1,-1,-1,Before Launch
514,2025-03-19 23:40:55,54.827,-1.2696850800000001,-0.111,22.301,-1,-1,-1,-1,Before Launch
515,2025-03-19 23:40:55,55.257,-1.8733596399999999,-0.134,22.299,-1,-1,-1,-1,Before Launch
516,2025-03-19 23:40:55,55.28,-1.7388452,-0.267,22.306,-1,-1,-1,-1,Before Launch
517,2025-03-19 23:40:55,55.302,-1.03674544,0.157,22.296,-1,-1,-1,-1,Before Launch
518,2025-03-19 23:40:55,55.332,-1.2696850800000001,-0.066,22.301,-1,-1,-1,-1,Before Launch
519,2025-03-19 23:40:55,55.361,-0.31496064,-0.023,22.296,-1,-1,-1,-1,Before Launch
520,2025-03-19 23:40:55,55.792,-0.9186352000000001,-0.046,22.301,-1,-1,-1,-1,Before Launch
521,2025-03-19 23:40:56,55.816,-0.42322836,0.136,22.306,-1,-1,-1,-1,Before Launch
522,2025-03-19 23:40:56,55.842,-1.38779532,0.047,22.304,-1,-1,-1,-1,Before Launch
523,2025-03-19 23:40:56,55.87,-0.6758530399999999,0.068,22.296,-1,-1,-1,-1,Before Launch
524,2025-03-19 23:40:56,55.901,-1.40091868,0.113,22.296,-1,-1,-1,-1,Before Launch
525,2025-03-19 23:40:56,56.33,-0.9055118400000001,-0.043,22.301,-1,-1,-1,-1,Before Launch
526,2025-03-19 23:40:56,56.352,-1.2696850800000001,0.183,22.301,-1,-1,-1,-1,Before Launch
527,2025-03-19 23:40:56,56.375,-1.148294,0.228,22.299,-1,-1,-1,-1,Before Launch
528,2025-03-19 23:40:56,56.404,-2.2342520400000003,-0.224,22.306,-1,-1,-1,-1,Before Launch
529,2025-03-19 23:40:56,56.432,-0.55446196,0.18,22.294,-1,-1,-1,-1,Before Launch
530,2025-03-19 23:40:57,56.862,-1.148294,0.274,22.299,-1,-1,-1,-1,Before Launch
531,2025-03-19 23:40:57,56.884,-1.02690292,-0.201,22.304,-1,-1,-1,-1,Before Launch
532,2025-03-19 23:40:57,56.909,-0.7874015999999999,0.025,22.299,-1,-1,-1,-1,Before Launch
533,2025-03-19 23:40:57,56.938,-1.2696850800000001,-0.315,22.301,-1,-1,-1,-1,Before Launch
534,2025-03-19 23:40:57,56.967,-1.2696850800000001,-0.202,22.301,-1,-1,-1,-1,Before Launch
535,2025-03-19 23:40:57,57.395,-0.9186352000000001,0.133,22.286,-1,-1,-1,-1,Before Launch
536,2025-03-19 23:40:57,57.418,-0.6758530399999999,0.068,22.296,-1,-1,-1,-1,Before Launch
537,2025-03-19 23:40:57,57.442,-2.47375336,-0.316,22.304,-1,-1,-1,-1,Before Launch
538,2025-03-19 23:40:57,57.47,-1.99146988,-0.111,22.301,-1,-1,-1,-1,Before Launch
539,2025-03-19 23:40:57,57.499,-1.40091868,-0.068,22.296,-1,-1,-1,-1,Before Launch
540,2025-03-19 23:40:58,57.928,-2.95603684,0.001,22.306,-1,-1,-1,-1,Before Launch
541,2025-03-19 23:40:58,57.95,0.049212599999999995,0.113,22.299,-1,-1,-1,-1,Before Launch
542,2025-03-19 23:40:58,57.975,-0.18372704,0.045,22.301,-1,-1,-1,-1,Before Launch
543,2025-03-19 23:40:58,58.0,-1.40091868,-0.136,22.296,-1,-1,-1,-1,Before Launch
544,2025-03-19 23:40:58,58.029,-0.6758530399999999,-0.045,22.296,-1,-1,-1,-1,Before Launch
545,2025-03-19 23:40:58,58.46,-1.148294,0.158,22.299,-1,-1,-1,-1,Before Launch
546,2025-03-19 23:40:58,58.482,-0.18372704,0.138,22.294,-1,-1,-1,-1,Before Launch
547,2025-03-19 23:40:58,58.507,-0.7874015999999999,-0.068,22.299,-1,-1,-1,-1,Before Launch
548,2025-03-19 23:40:58,58.533,-1.2696850800000001,-0.247,22.301,-1,-1,-1,-1,Before Launch
549,2025-03-19 23:40:58,58.562,-0.66601052,-0.021,22.304,-1,-1,-1,-1,Before Launch
550,2025-03-19 23:40:59,58.994,-1.148294,-0.224,22.301,-1,-1,-1,-1,Before Launch
551,2025-03-19 23:40:59,59.017,-0.6758530399999999,0.114,22.296,-1,-1,-1,-1,Before Launch
552,2025-03-19 23:40:59,59.039,-0.7874015999999999,-0.157,22.299,-1,-1,-1,-1,Before Launch
553,2025-03-19 23:40:59,59.065,-2.2342520400000003,-0.021,22.299,-1,-1,-1,-1,Before Launch
554,2025-03-19 23:40:59,59.093,-0.66601052,0.115,22.304,-1,-1,-1,-1,Before Launch
555,2025-03-19 23:40:59,59.522,-1.63057748,-0.136,22.301,-1,-1,-1,-1,Before Launch
556,2025-03-19 23:40:59,59.544,-0.7874015999999999,-0.046,22.299,-1,-1,-1,-1,Before Launch
557,2025-03-19 23:40:59,59.569,-1.40091868,-0.025,22.296,-1,-1,-1,-1,Before Launch
558,2025-03-19 23:40:59,59.594,0.53149608,0.542,22.294,-1,-1,-1,-1,Before Launch
559,2025-03-19 23:40:59,59.622,-0.55446196,0.202,22.294,-1,-1,-1,-1,Before Launch
560,2025-03-19 23:41:00,60.051,-2.8379266,-0.27,22.304,-1,-1,-1,-1,Before Launch
561,2025-03-19 23:41:00,60.074,-2.48687672,-0.251,22.296,-1,-1,-1,-1,Before Launch
562,2025-03-19 23:41:00,60.098,-2.8379266,-0.363,22.304,-1,-1,-1,-1,Before Launch
563,2025-03-19 23:41:00,60.123,-1.63057748,-0.113,22.301,-1,-1,-1,-1,Before Launch
564,2025-03-19 23:41:00,60.154,-1.51246724,-0.046,22.299,-1,-1,-1,-1,Before Launch
565,2025-03-19 23:41:00,60.585,-2.59514444,-0.135,22.306,-1,-1,-1,-1,Before Launch
566,2025-03-19 23:41:00,60.608,-1.38779532,0.066,22.304,-1,-1,-1,-1,Before Launch
567,2025-03-19 23:41:00,60.63,-1.148294,-0.021,22.299,-1,-1,-1,-1,Before Launch
568,2025-03-19 23:41:00,60.659,-2.2342520400000003,-0.181,22.299,-1,-1,-1,-1,Before Launch
569,2025-03-19 23:41:00,60.689,-0.7874015999999999,-0.089,22.299,-1,-1,-1,-1,Before Launch
570,2025-03-19 23:41:01,61.118,-1.7519685600000001,-0.156,22.304,-1,-1,-1,-1,Before Launch
571,2025-03-19 23:41:01,61.141,-2.59514444,-0.408,22.306,-1,-1,-1,-1,Before Launch
572,2025-03-19 23:41:01,61.165,-1.7519685600000001,-0.068,22.304,-1,-1,-1,-1,Before Launch
573,2025-03-19 23:41:01,61.194,-1.2696850800000001,-0.112,22.301,-1,-1,-1,-1,Before Launch
574,2025-03-19 23:41:01,61.224,-2.12270348,-0.136,22.296,-1,-1,-1,-1,Before Launch
575,2025-03-19 23:41:01,61.653,-1.7519685600000001,-0.159,22.304,-1,-1,-1,-1,Before Launch
576,2025-03-19 23:41:01,61.675,-2.35564312,-0.204,22.301,-1,-1,-1,-1,Before Launch
577,2025-03-19 23:41:01,61.7,-1.148294,0.0,22.299,-1,-1,-1,-1,Before Launch
578,2025-03-19 23:41:01,61.725,-1.148294,0.204,22.299,-1,-1,-1,-1,Before Launch
579,2025-03-19 23:41:01,61.754,-1.38779532,-0.157,22.304,-1,-1,-1,-1,Before Launch
580,2025-03-19 23:41:02,62.183,-1.03674544,0.021,22.296,-1,-1,-1,-1,Before Launch
581,2025-03-19 23:41:02,62.206,-0.5446194400000001,0.091,22.299,-1,-1,-1,-1,Before Launch
582,2025-03-19 23:41:02,62.23,-1.7519685600000001,-0.181,22.304,-1,-1,-1,-1,Before Launch
583,2025-03-19 23:41:02,62.255,-0.9055118400000001,0.068,22.301,-1,-1,-1,-1,Before Launch
584,2025-03-19 23:41:02,62.284,-1.63057748,-0.068,22.301,-1,-1,-1,-1,Before Launch
585,2025-03-19 23:41:02,62.712,-2.2342520400000003,-0.247,22.299,-1,-1,-1,-1,Before Launch
586,2025-03-19 23:41:02,62.735,-1.2696850800000001,-0.112,22.301,-1,-1,-1,-1,Before Launch
587,2025-03-19 23:41:02,62.76,-0.7874015999999999,0.317,22.299,-1,-1,-1,-1,Before Launch
588,2025-03-19 23:41:02,62.785,-0.9055118400000001,0.204,22.299,-1,-1,-1,-1,Before Launch
589,2025-03-19 23:41:03,62.813,-1.8733596399999999,-0.089,22.299,-1,-1,-1,-1,Before Launch
590,2025-03-19 23:41:03,63.239,-1.2696850800000001,0.318,22.301,-1,-1,-1,-1,Before Launch
591,2025-03-19 23:41:03,63.264,-0.9055118400000001,-0.18,22.301,-1,-1,-1,-1,Before Launch
592,2025-03-19 23:41:03,63.289,-0.78412076,-0.113,22.306,-1,-1,-1,-1,Before Launch
593,2025-03-19 23:41:03,63.317,-1.38779532,0.002,22.301,-1,-1,-1,-1,Before Launch
594,2025-03-19 23:41:03,63.346,-1.99146988,-0.247,22.301,-1,-1,-1,-1,Before Launch
595,2025-03-19 23:41:03,63.776,0.1804462,0.25,22.301,-1,-1,-1,-1,Before Launch
596,2025-03-19 23:41:03,63.799,-0.66601052,-0.091,22.304,-1,-1,-1,-1,Before Launch
597,2025-03-19 23:41:04,63.824,-1.02690292,-0.045,22.304,-1,-1,-1,-1,Before Launch
598,2025-03-19 23:41:04,63.849,-0.42322836,0.159,22.299,-1,-1,-1,-1,Before Launch
599,2025-03-19 23:41:04,63.877,-1.8700788,-0.227,22.304,-1,-1,-1,-1,Before Launch
600,2025-03-19 23:41:04,64.309,-1.148294,0.0,22.299,-1,-1,-1,-1,Before Launch
601,2025-03-19 23:41:04,64.331,-1.40091868,-0.136,22.296,-1,-1,-1,-1,Before Launch
602,2025-03-19 23:41:04,64.356,-1.03674544,-0.047,22.296,-1,-1,-1,-1,Before Launch
603,2025-03-19 23:41:04,64.382,-0.17060367999999998,0.388,22.309,-1,-1,-1,-1,Before Launch
604,2025-03-19 23:41:04,64.411,-1.51246724,-0.159,22.304,-1,-1,-1,-1,Before Launch
605,2025-03-19 23:41:05,64.839,-1.2696850800000001,0.068,22.301,-1,-1,-1,-1,Before Launch
606,2025-03-19 23:41:05,64.862,-0.31496064,0.089,22.296,-1,-1,-1,-1,Before Launch
607,2025-03-19 23:41:05,64.887,0.5413386,0.365,22.301,-1,-1,-1,-1,Before Launch
608,2025-03-19 23:41:05,64.912,-0.5446194400000001,-0.202,22.301,-1,-1,-1,-1,Before Launch
609,2025-03-19 23:41:05,64.941,-0.7874015999999999,-0.044,22.299,-1,-1,-1,-1,Before Launch
610,2025-03-19 23:41:05,65.37,-0.062335959999999996,0.522,22.306,-1,-1,-1,-1,Before Launch
611,2025-03-19 23:41:05,65.393,-1.63057748,0.161,22.301,-1,-1,-1,-1,Before Launch
612,2025-03-19 23:41:05,65.418,-1.02690292,0.34,22.301,-1,-1,-1,-1,Before Launch
613,2025-03-19 23:41:05,65.443,-0.062335959999999996,0.295,22.299,-1,-1,-1,-1,Before Launch
614,2025-03-19 23:41:05,65.471,-0.7874015999999999,0.136,22.299,-1,-1,-1,-1,Before Launch
615,2025-03-19 23:41:06,65.9,-0.062335959999999996,0.477,22.304,-1,-1,-1,-1,Before Launch
616,2025-03-19 23:41:06,65.923,-1.2696850800000001,0.022,22.301,-1,-1,-1,-1,Before Launch
617,2025-03-19 23:41:06,65.948,-0.7874015999999999,0.068,22.299,-1,-1,-1,-1,Before Launch
618,2025-03-19 23:41:06,65.973,-0.78412076,0.273,22.306,-1,-1,-1,-1,Before Launch
619,2025-03-19 23:41:06,66.003,-1.5091864000000002,-0.136,22.306,-1,-1,-1,-1,Before Launch
620,2025-03-19 23:41:06,66.432,-0.19356956,0.293,22.294,-1,-1,-1,-1,Before Launch
621,2025-03-19 23:41:06,66.454,-0.31496064,0.429,22.296,-1,-1,-1,-1,Before Launch
622,2025-03-19 23:41:06,66.479,-1.51246724,0.045,22.296,-1,-1,-1,-1,Before Launch
623,2025-03-19 23:41:06,66.508,-1.02690292,0.046,22.299,-1,-1,-1,-1,Before Launch
624,2025-03-19 23:41:06,66.537,-1.7519685600000001,0.07,22.299,-1,-1,-1,-1,Before Launch
625,2025-03-19 23:41:07,66.967,-1.148294,0.114,22.299,-1,-1,-1,-1,Before Launch
626,2025-03-19 23:41:07,66.992,-1.02690292,0.25,22.304,-1,-1,-1,-1,Before Launch
627,2025-03-19 23:41:07,67.017,-0.9186352000000001,0.043,22.294,-1,-1,-1,-1,Before Launch
628,2025-03-19 23:41:07,67.045,-0.43635172,0.134,22.291,-1,-1,-1,-1,Before Launch
629,2025-03-19 23:41:07,67.074,-1.51246724,-0.023,22.299,-1,-1,-1,-1,Before Launch
630,2025-03-19 23:41:07,67.503,-2.11286096,-0.202,22.304,-1,-1,-1,-1,Before Launch
631,2025-03-19 23:41:07,67.525,-1.40091868,-0.161,22.296,-1,-1,-1,-1,Before Launch
632,2025-03-19 23:41:07,67.55,-2.12270348,-0.07,22.296,-1,-1,-1,-1,Before Launch
633,2025-03-19 23:41:07,67.575,-0.66601052,0.045,22.304,-1,-1,-1,-1,Before Launch
634,2025-03-19 23:41:07,67.604,-1.63057748,0.0,22.301,-1,-1,-1,-1,Before Launch
635,2025-03-19 23:41:08,68.032,-1.148294,0.204,22.299,-1,-1,-1,-1,Before Launch
636,2025-03-19 23:41:08,68.056,-1.03674544,0.044,22.296,-1,-1,-1,-1,Before Launch
637,2025-03-19 23:41:08,68.082,-1.51246724,-0.136,22.299,-1,-1,-1,-1,Before Launch
638,2025-03-19 23:41:08,68.109,-1.2795276,-0.07,22.294,-1,-1,-1,-1,Before Launch
639,2025-03-19 23:41:08,68.139,-2.2342520400000003,-0.068,22.299,-1,-1,-1,-1,Before Launch
640,2025-03-19 23:41:08,68.57,-1.63057748,-0.068,22.309,-1,-1,-1,-1,Before Launch
641,2025-03-19 23:41:08,68.592,-0.42322836,0.091,22.306,-1,-1,-1,-1,Before Launch
642,2025-03-19 23:41:08,68.615,-1.38779532,-0.113,22.304,-1,-1,-1,-1,Before Launch
643,2025-03-19 23:41:08,68.643,-1.38779532,0.0,22.304,-1,-1,-1,-1,Before Launch
644,2025-03-19 23:41:08,68.672,-2.71653552,-0.136,22.301,-1,-1,-1,-1,Before Launch
645,2025-03-19 23:41:09,69.1,0.410105,0.043,22.296,-1,-1,-1,-1,Before Launch
646,2025-03-19 23:41:09,69.124,-1.63057748,-0.181,22.301,-1,-1,-1,-1,Before Launch
647,2025-03-19 23:41:09,69.15,-1.02690292,0.0,22.301,-1,-1,-1,-1,Before Launch
648,2025-03-19 23:41:09,69.175,-2.5984252800000003,-0.408,22.299,-1,-1,-1,-1,Before Launch
649,2025-03-19 23:41:09,69.204,-0.43635172,0.269,22.291,-1,-1,-1,-1,Before Launch
650,2025-03-19 23:41:09,69.639,-1.8700788,-0.135,22.306,-1,-1,-1,-1,Before Launch
651,2025-03-19 23:41:09,69.662,0.410105,0.34,22.296,-1,-1,-1,-1,Before Launch
652,2025-03-19 23:41:09,69.685,-1.7519685600000001,-0.134,22.304,-1,-1,-1,-1,Before Launch
653,2025-03-19 23:41:09,69.716,-0.6758530399999999,-0.095,22.296,-1,-1,-1,-1,Before Launch
654,2025-03-19 23:41:09,69.747,-0.6758530399999999,0.157,22.296,-1,-1,-1,-1,Before Launch
655,2025-03-19 23:41:10,70.181,-1.03674544,0.044,22.296,-1,-1,-1,-1,Before Launch
656,2025-03-19 23:41:10,70.206,-0.31496064,0.0,22.301,-1,-1,-1,-1,Before Launch
657,2025-03-19 23:41:10,70.231,-1.03674544,-0.295,22.299,-1,-1,-1,-1,Before Launch
658,2025-03-19 23:41:10,70.26,-1.148294,-0.113,22.299,-1,-1,-1,-1,Before Launch
659,2025-03-19 23:41:10,70.289,-0.42322836,0.068,22.299,-1,-1,-1,-1,Before Launch
660,2025-03-19 23:41:10,70.72,-1.7519685600000001,-0.316,22.304,-1,-1,-1,-1,Before Launch
661,2025-03-19 23:41:10,70.742,-0.5446194400000001,0.203,22.301,-1,-1,-1,-1,Before Launch
662,2025-03-19 23:41:10,70.766,-1.2696850800000001,-0.045,22.301,-1,-1,-1,-1,Before Launch
663,2025-03-19 23:41:10,70.791,-1.40091868,-0.25,22.296,-1,-1,-1,-1,Before Launch
664,2025-03-19 23:41:11,70.819,-0.9186352000000001,-0.025,22.294,-1,-1,-1,-1,Before Launch
665,2025-03-19 23:41:11,71.253,-0.9055118400000001,-0.158,22.301,-1,-1,-1,-1,Before Launch
666,2025-03-19 23:41:11,71.275,-1.148294,0.023,22.299,-1,-1,-1,-1,Before Launch
667,2025-03-19 23:41:11,71.301,-1.99146988,-0.225,22.301,-1,-1,-1,-1,Before Launch
668,2025-03-19 23:41:11,71.326,-1.03674544,-0.047,22.296,-1,-1,-1,-1,Before Launch
669,2025-03-19 23:41:11,71.357,-1.40091868,0.02,22.296,-1,-1,-1,-1,Before Launch
670,2025-03-19 23:41:11,71.787,-1.03674544,-0.157,22.296,-1,-1,-1,-1,Before Launch
671,2025-03-19 23:41:12,71.81,-2.2342520400000003,-0.358,22.299,-1,-1,-1,-1,Before Launch
672,2025-03-19 23:41:12,71.835,-2.2342520400000003,-0.135,22.299,-1,-1,-1,-1,Before Launch
673,2025-03-19 23:41:12,71.861,-0.78412076,0.045,22.306,-1,-1,-1,-1,Before Launch
674,2025-03-19 23:41:12,71.89,-1.148294,0.113,22.299,-1,-1,-1,-1,Before Launch
675,2025-03-19 23:41:12,72.32,-0.9055118400000001,0.045,22.301,-1,-1,-1,-1,Before Launch
676,2025-03-19 23:41:12,72.342,0.29855644,0.248,22.299,-1,-1,-1,-1,Before Launch
677,2025-03-19 23:41:12,72.368,-1.51246724,-0.111,22.299,-1,-1,-1,-1,Before Launch
678,2025-03-19 23:41:12,72.393,-1.2795276,-0.158,22.294,-1,-1,-1,-1,Before Launch
679,2025-03-19 23:41:12,72.421,-1.03674544,0.089,22.296,-1,-1,-1,-1,Before Launch
680,2025-03-19 23:41:13,72.851,-0.7874015999999999,0.248,22.299,-1,-1,-1,-1,Before Launch
681,2025-03-19 23:41:13,72.873,-1.02690292,0.07,22.304,-1,-1,-1,-1,Before Launch
682,2025-03-19 23:41:13,72.897,-1.38779532,0.137,22.304,-1,-1,-1,-1,Before Launch
683,2025-03-19 23:41:13,72.925,-0.42322836,0.045,22.299,-1,-1,-1,-1,Before Launch
684,2025-03-19 23:41:13,72.954,-1.03674544,0.111,22.296,-1,-1,-1,-1,Before Launch
685,2025-03-19 23:41:13,73.387,0.28871391999999996,0.268,22.291,-1,-1,-1,-1,Before Launch
686,2025-03-19 23:41:13,73.41,-0.42322836,0.115,22.299,-1,-1,-1,-1,Before Launch
687,2025-03-19 23:41:13,73.436,-0.7874015999999999,0.135,22.299,-1,-1,-1,-1,Before Launch
688,2025-03-19 23:41:13,73.46,-1.148294,0.025,22.299,-1,-1,-1,-1,Before Launch
689,2025-03-19 23:41:13,73.488,-0.5446194400000001,0.316,22.301,-1,-1,-1,-1,Before Launch
690,2025-03-19 23:41:14,73.917,-1.63057748,0.0,22.301,-1,-1,-1,-1,Before Launch
691,2025-03-19 23:41:14,73.94,-0.7874015999999999,-0.068,22.304,-1,-1,-1,-1,Before Launch
692,2025-03-19 23:41:14,73.964,-1.2795276,0.02,22.294,-1,-1,-1,-1,Before Launch
693,2025-03-19 23:41:14,73.994,-0.9055118400000001,0.09,22.301,-1,-1,-1,-1,Before Launch
694,2025-03-19 23:41:14,74.022,-0.42322836,0.429,22.299,-1,-1,-1,-1,Before Launch
695,2025-03-19 23:41:14,74.451,-0.07217847999999999,-0.09,22.291,-1,-1,-1,-1,Before Launch
696,2025-03-19 23:41:14,74.473,-1.03674544,0.111,22.296,-1,-1,-1,-1,Before Launch
697,2025-03-19 23:41:14,74.498,-0.062335959999999996,0.18,22.299,-1,-1,-1,-1,Before Launch
698,2025-03-19 23:41:14,74.524,-0.5446194400000001,0.384,22.301,-1,-1,-1,-1,Before Launch
699,2025-03-19 23:41:14,74.552,-0.42322836,0.002,22.299,-1,-1,-1,-1,Before Launch
700,2025-03-19 23:41:15,74.981,0.049212599999999995,0.359,22.296,-1,-1,-1,-1,Before Launch
701,2025-03-19 23:41:15,75.003,-0.53477692,-0.177,22.309,-1,-1,-1,-1,Before Launch
702,2025-03-19 23:41:15,75.028,1.13517064,0.54,22.296,-1,-1,-1,-1,Before Launch
703,2025-03-19 23:41:15,75.054,0.410105,0.203,22.296,-1,-1,-1,-1,Before Launch
704,2025-03-19 23:41:15,75.083,-0.6758530399999999,0.0,22.296,-1,-1,-1,-1,Before Launch
705,2025-03-19 23:41:15,75.512,0.049212599999999995,0.204,22.296,-1,-1,-1,-1,Before Launch
706,2025-03-19 23:41:15,75.535,-0.42322836,-0.02,22.299,-1,-1,-1,-1,Before Launch
707,2025-03-19 23:41:15,75.56,-0.42322836,0.115,22.299,-1,-1,-1,-1,Before Launch
708,2025-03-19 23:41:15,75.586,-1.40091868,-0.047,22.296,-1,-1,-1,-1,Before Launch
709,2025-03-19 23:41:15,75.614,-0.66601052,-0.046,22.304,-1,-1,-1,-1,Before Launch
710,2025-03-19 23:41:16,76.048,-0.5446194400000001,0.227,22.301,-1,-1,-1,-1,Before Launch
711,2025-03-19 23:41:16,76.07,-1.99146988,-0.272,22.301,-1,-1,-1,-1,Before Launch
712,2025-03-19 23:41:16,76.093,0.049212599999999995,0.248,22.296,-1,-1,-1,-1,Before Launch
713,2025-03-19 23:41:16,76.118,-0.062335959999999996,0.251,22.306,-1,-1,-1,-1,Before Launch
714,2025-03-19 23:41:16,76.146,-0.7874015999999999,0.025,22.299,-1,-1,-1,-1,Before Launch
715,2025-03-19 23:41:16,76.574,-1.2696850800000001,-0.068,22.301,-1,-1,-1,-1,Before Launch
716,2025-03-19 23:41:16,76.597,-1.2696850800000001,-0.023,22.301,-1,-1,-1,-1,Before Launch
717,2025-03-19 23:41:16,76.623,-0.9055118400000001,0.204,22.301,-1,-1,-1,-1,Before Launch
718,2025-03-19 23:41:16,76.648,-0.9186352000000001,0.022,22.294,-1,-1,-1,-1,Before Launch
719,2025-03-19 23:41:16,76.677,-2.00459324,-0.113,22.294,-1,-1,-1,-1,Before Launch
720,2025-03-19 23:41:17,77.107,-1.7618110800000002,-0.136,22.296,-1,-1,-1,-1,Before Launch
721,2025-03-19 23:41:17,77.13,-2.11286096,0.023,22.304,-1,-1,-1,-1,Before Launch
722,2025-03-19 23:41:17,77.154,0.410105,0.497,22.296,-1,-1,-1,-1,Before Launch
723,2025-03-19 23:41:17,77.18,-0.18372704,0.113,22.301,-1,-1,-1,-1,Before Launch
724,2025-03-19 23:41:17,77.208,0.5413386,0.318,22.301,-1,-1,-1,-1,Before Launch
725,2025-03-19 23:41:17,77.637,-0.7874015999999999,0.022,22.299,-1,-1,-1,-1,Before Launch
726,2025-03-19 23:41:17,77.66,-0.9055118400000001,-0.226,22.301,-1,-1,-1,-1,Before Launch
727,2025-03-19 23:41:17,77.685,-1.148294,0.068,22.306,-1,-1,-1,-1,Before Launch
728,2025-03-19 23:41:17,77.71,-1.2696850800000001,0.002,22.299,-1,-1,-1,-1,Before Launch
729,2025-03-19 23:41:17,77.738,-0.18372704,0.16,22.301,-1,-1,-1,-1,Before Launch
730,2025-03-19 23:41:18,78.168,-1.38779532,-0.113,22.304,-1,-1,-1,-1,Before Launch
731,2025-03-19 23:41:18,78.19,-0.42322836,0.114,22.299,-1,-1,-1,-1,Before Launch
732,2025-03-19 23:41:18,78.215,-0.9055118400000001,0.091,22.301,-1,-1,-1,-1,Before Launch
733,2025-03-19 23:41:18,78.244,-1.02690292,-0.113,22.304,-1,-1,-1,-1,Before Launch
734,2025-03-19 23:41:18,78.273,-1.02690292,0.002,22.304,-1,-1,-1,-1,Before Launch
735,2025-03-19 23:41:18,78.702,-1.148294,-0.27,22.299,-1,-1,-1,-1,Before Launch
736,2025-03-19 23:41:18,78.725,0.059055119999999996,0.091,22.304,-1,-1,-1,-1,Before Launch
737,2025-03-19 23:41:18,78.749,0.049212599999999995,0.157,22.296,-1,-1,-1,-1,Before Launch
738,2025-03-19 23:41:18,78.778,-1.2696850800000001,-0.023,22.301,-1,-1,-1,-1,Before Launch
739,2025-03-19 23:41:19,78.807,-2.2342520400000003,-0.318,22.299,-1,-1,-1,-1,Before Launch
740,2025-03-19 23:41:19,79.237,-1.7519685600000001,-0.023,22.304,-1,-1,-1,-1,Before Launch
741,2025-03-19 23:41:19,79.259,-1.7519685600000001,-0.181,22.304,-1,-1,-1,-1,Before Launch
742,2025-03-19 23:41:19,79.282,-1.02690292,0.048,22.304,-1,-1,-1,-1,Before Launch
743,2025-03-19 23:41:19,79.311,-1.99146988,-0.204,22.301,-1,-1,-1,-1,Before Launch
744,2025-03-19 23:41:19,79.339,-1.2696850800000001,-0.159,22.301,-1,-1,-1,-1,Before Launch
745,2025-03-19 23:41:19,79.768,-1.40091868,-0.25,22.296,-1,-1,-1,-1,Before Launch
746,2025-03-19 23:41:19,79.79,-1.40091868,-0.068,22.296,-1,-1,-1,-1,Before Launch
747,2025-03-19 23:41:20,79.815,-0.42322836,-0.068,22.299,-1,-1,-1,-1,Before Launch
748,2025-03-19 23:41:20,79.841,-1.03674544,-0.093,22.296,-1,-1,-1,-1,Before Launch
749,2025-03-19 23:41:20,79.869,0.29855644,0.136,22.299,-1,-1,-1,-1,Before Launch
750,2025-03-19 23:41:20,80.297,-0.66601052,-0.135,22.304,-1,-1,-1,-1,Before Launch
751,2025-03-19 23:41:20,80.32,0.049212599999999995,0.11,22.296,-1,-1,-1,-1,Before Launch
752,2025-03-19 23:41:20,80.344,-1.2696850800000001,-0.452,22.299,-1,-1,-1,-1,Before Launch
753,2025-03-19 23:41:20,80.369,-1.51246724,-0.362,22.299,-1,-1,-1,-1,Before Launch
754,2025-03-19 23:41:20,80.398,-1.8733596399999999,-0.225,22.299,-1,-1,-1,-1,Before Launch
755,2025-03-19 23:41:21,80.826,-1.63057748,-0.316,22.299,-1,-1,-1,-1,Before Launch
756,2025-03-19 23:41:21,80.849,-1.38779532,-0.182,22.304,-1,-1,-1,-1,Before Launch
757,2025-03-19 23:41:21,80.874,-0.30183728,0.023,22.304,-1,-1,-1,-1,Before Launch
758,2025-03-19 23:41:21,80.899,-1.2696850800000001,0.025,22.301,-1,-1,-1,-1,Before Launch
759,2025-03-19 23:41:21,80.928,-1.63057748,-0.182,22.301,-1,-1,-1,-1,Before Launch
760,2025-03-19 23:41:21,81.356,-1.63057748,-0.205,22.301,-1,-1,-1,-1,Before Launch
761,2025-03-19 23:41:21,81.379,-1.7618110800000002,0.043,22.301,-1,-1,-1,-1,Before Launch
762,2025-03-19 23:41:21,81.403,-2.84776912,-0.546,22.296,-1,-1,-1,-1,Before Launch
763,2025-03-19 23:41:21,81.429,-1.7618110800000002,-0.32,22.296,-1,-1,-1,-1,Before Launch
764,2025-03-19 23:41:21,81.458,-1.9816273599999998,-0.225,22.309,-1,-1,-1,-1,Before Launch
765,2025-03-19 23:41:22,81.887,-0.30183728,0.182,22.306,-1,-1,-1,-1,Before Launch
766,2025-03-19 23:41:22,81.914,-1.5091864000000002,-0.045,22.306,-1,-1,-1,-1,Before Launch
767,2025-03-19 23:41:22,81.936,-0.66601052,0.045,22.304,-1,-1,-1,-1,Before Launch
768,2025-03-19 23:41:22,81.96,-0.5446194400000001,0.07,22.301,-1,-1,-1,-1,Before Launch
769,2025-03-19 23:41:22,81.988,-0.7874015999999999,0.229,22.299,-1,-1,-1,-1,Before Launch
770,2025-03-19 23:41:22,82.417,-1.8733596399999999,-0.021,22.299,-1,-1,-1,-1,Before Launch
771,2025-03-19 23:41:22,82.439,-1.63057748,0.091,22.301,-1,-1,-1,-1,Before Launch
772,2025-03-19 23:41:22,82.464,-1.03674544,-0.272,22.296,-1,-1,-1,-1,Before Launch
773,2025-03-19 23:41:22,82.489,-1.63057748,-0.273,22.301,-1,-1,-1,-1,Before Launch
774,2025-03-19 23:41:22,82.518,-1.40091868,-0.366,22.296,-1,-1,-1,-1,Before Launch
775,2025-03-19 23:41:23,82.949,-1.64042,-0.161,22.294,-1,-1,-1,-1,Before Launch
776,2025-03-19 23:41:23,82.971,-3.198819,-0.432,22.304,-1,-1,-1,-1,Before Launch
777,2025-03-19 23:41:23,82.996,-1.2795276,-0.025,22.294,-1,-1,-1,-1,Before Launch
778,2025-03-19 23:41:23,83.021,-1.2696850800000001,0.0,22.301,-1,-1,-1,-1,Before Launch
779,2025-03-19 23:41:23,83.05,0.1804462,0.069,22.304,-1,-1,-1,-1,Before Launch
780,2025-03-19 23:41:23,83.48,-0.79724412,0.111,22.291,-1,-1,-1,-1,Before Launch
781,2025-03-19 23:41:23,83.502,-1.2795276,-0.161,22.294,-1,-1,-1,-1,Before Launch
782,2025-03-19 23:41:23,83.528,-1.2795276,-0.07,22.294,-1,-1,-1,-1,Before Launch
783,2025-03-19 23:41:23,83.555,-0.7874015999999999,0.045,22.299,-1,-1,-1,-1,Before Launch
784,2025-03-19 23:41:23,83.584,-2.35564312,-0.25,22.301,-1,-1,-1,-1,Before Launch
785,2025-03-19 23:41:24,84.017,-1.51246724,-0.069,22.299,-1,-1,-1,-1,Before Launch
786,2025-03-19 23:41:24,84.04,-1.99146988,-0.386,22.301,-1,-1,-1,-1,Before Launch
787,2025-03-19 23:41:24,84.065,-1.7519685600000001,-0.339,22.296,-1,-1,-1,-1,Before Launch
788,2025-03-19 23:41:24,84.094,-1.63057748,-0.068,22.301,-1,-1,-1,-1,Before Launch
789,2025-03-19 23:41:24,84.123,-2.2342520400000003,0.0,22.299,-1,-1,-1,-1,Before Launch
790,2025-03-19 23:41:24,84.552,-2.2342520400000003,-0.091,22.299,-1,-1,-1,-1,Before Launch
791,2025-03-19 23:41:24,84.575,-1.7618110800000002,-0.002,22.296,-1,-1,-1,-1,Before Launch
792,2025-03-19 23:41:24,84.6,-1.15813652,-0.025,22.296,-1,-1,-1,-1,Before Launch
793,2025-03-19 23:41:24,84.625,-1.2696850800000001,0.136,22.301,-1,-1,-1,-1,Before Launch
794,2025-03-19 23:41:24,84.653,-1.8733596399999999,-0.114,22.299,-1,-1,-1,-1,Before Launch
795,2025-03-19 23:41:25,85.087,-2.35564312,-0.179,22.301,-1,-1,-1,-1,Before Launch
796,2025-03-19 23:41:25,85.11,-1.64042,-0.045,22.294,-1,-1,-1,-1,Before Launch
797,2025-03-19 23:41:25,85.133,-0.9055118400000001,-0.091,22.301,-1,-1,-1,-1,Before Launch
798,2025-03-19 23:41:25,85.158,-1.7519685600000001,-0.135,22.304,-1,-1,-1,-1,Before Launch
799,2025-03-19 23:41:25,85.186,-1.5091864000000002,-0.34,22.306,-1,-1,-1,-1,Before Launch
800,2025-03-19 23:41:25,85.617,-2.2342520400000003,-0.295,22.306,-1,-1,-1,-1,Before Launch
801,2025-03-19 23:41:25,85.639,-1.7519685600000001,-0.339,22.304,-1,-1,-1,-1,Before Launch
802,2025-03-19 23:41:25,85.665,-1.51246724,-0.046,22.299,-1,-1,-1,-1,Before Launch
803,2025-03-19 23:41:25,85.69,-1.7618110800000002,-0.047,22.296,-1,-1,-1,-1,Before Launch
804,2025-03-19 23:41:25,85.721,-1.7618110800000002,0.021,22.296,-1,-1,-1,-1,Before Launch
805,2025-03-19 23:41:26,86.15,-1.40091868,0.043,22.296,-1,-1,-1,-1,Before Launch
806,2025-03-19 23:41:26,86.173,-1.64042,-0.047,22.294,-1,-1,-1,-1,Before Launch
807,2025-03-19 23:41:26,86.195,-1.99146988,-0.318,22.301,-1,-1,-1,-1,Before Launch
808,2025-03-19 23:41:26,86.229,-1.99146988,-0.135,22.301,-1,-1,-1,-1,Before Launch
809,2025-03-19 23:41:26,86.258,-1.7519685600000001,-0.023,22.304,-1,-1,-1,-1,Before Launch
810,2025-03-19 23:41:26,86.688,-2.3654856399999997,-0.138,22.299,-1,-1,-1,-1,Before Launch
811,2025-03-19 23:41:26,86.71,-0.31496064,0.271,22.296,-1,-1,-1,-1,Before Launch
812,2025-03-19 23:41:26,86.735,-1.03674544,0.34,22.296,-1,-1,-1,-1,Before Launch
813,2025-03-19 23:41:26,86.761,-2.12270348,-0.068,22.296,-1,-1,-1,-1,Before Launch
814,2025-03-19 23:41:26,86.792,-1.40091868,0.109,22.294,-1,-1,-1,-1,Before Launch
815,2025-03-19 23:41:27,87.221,-1.148294,-0.159,22.299,-1,-1,-1,-1,Before Launch
816,2025-03-19 23:41:27,87.244,-1.7618110800000002,-0.047,22.296,-1,-1,-1,-1,Before Launch
817,2025-03-19 23:41:27,87.268,-3.2086615199999997,-0.477,22.299,-1,-1,-1,-1,Before Launch
818,2025-03-19 23:41:27,87.294,-2.5984252800000003,-0.385,22.299,-1,-1,-1,-1,Before Launch
819,2025-03-19 23:41:27,87.323,-1.2795276,-0.092,22.294,-1,-1,-1,-1,Before Launch
820,2025-03-19 23:41:27,87.752,-0.31496064,0.292,22.304,-1,-1,-1,-1,Before Launch
821,2025-03-19 23:41:27,87.774,-1.03674544,0.111,22.296,-1,-1,-1,-1,Before Launch
822,2025-03-19 23:41:27,87.797,-2.2473754,-0.227,22.291,-1,-1,-1,-1,Before Launch
823,2025-03-19 23:41:28,87.826,-2.35564312,-0.136,22.301,-1,-1,-1,-1,Before Launch
824,2025-03-19 23:41:28,87.854,-2.12270348,-0.135,22.299,-1,-1,-1,-1,Before Launch
825,2025-03-19 23:41:28,88.286,-1.63057748,0.002,22.301,-1,-1,-1,-1,Before Launch
826,2025-03-19 23:41:28,88.308,-1.8733596399999999,0.248,22.299,-1,-1,-1,-1,Before Launch
827,2025-03-19 23:41:28,88.333,-1.148294,0.025,22.299,-1,-1,-1,-1,Before Launch
828,2025-03-19 23:41:28,88.362,-2.12270348,-0.16,22.294,-1,-1,-1,-1,Before Launch
829,2025-03-19 23:41:28,88.393,-2.12270348,-0.431,22.296,-1,-1,-1,-1,Before Launch
830,2025-03-19 23:41:29,88.822,-1.7618110800000002,-0.181,22.296,-1,-1,-1,-1,Before Launch
831,2025-03-19 23:41:29,88.845,-2.2342520400000003,-0.179,22.294,-1,-1,-1,-1,Before Launch
832,2025-03-19 23:41:29,88.87,-1.03674544,0.045,22.296,-1,-1,-1,-1,Before Launch
833,2025-03-19 23:41:29,88.895,-2.95931768,-0.407,22.299,-1,-1,-1,-1,Before Launch
834,2025-03-19 23:41:29,88.925,-0.6758530399999999,0.315,22.296,-1,-1,-1,-1,Before Launch
835,2025-03-19 23:41:29,89.356,-3.32021008,-0.339,22.299,-1,-1,-1,-1,Before Launch
836,2025-03-19 23:41:29,89.378,-0.67913388,0.246,22.301,-1,-1,-1,-1,Before Launch
837,2025-03-19 23:41:29,89.401,-1.7618110800000002,-0.002,22.296,-1,-1,-1,-1,Before Launch
838,2025-03-19 23:41:29,89.429,-1.2696850800000001,0.068,22.301,-1,-1,-1,-1,Before Launch
839,2025-03-19 23:41:29,89.459,-1.64042,0.111,22.294,-1,-1,-1,-1,Before Launch
840,2025-03-19 23:41:30,89.888,-1.40091868,0.156,22.296,-1,-1,-1,-1,Before Launch
841,2025-03-19 23:41:30,89.911,-1.40091868,0.068,22.296,-1,-1,-1,-1,Before Launch
842,2025-03-19 23:41:30,89.938,0.53149608,0.317,22.294,-1,-1,-1,-1,Before Launch
843,2025-03-19 23:41:30,89.963,-0.062335959999999996,0.226,22.296,-1,-1,-1,-1,Before Launch
844,2025-03-19 23:41:30,89.997,-1.38779532,0.091,22.304,-1,-1,-1,-1,Before Launch
845,2025-03-19 23:41:30,90.428,-1.52230976,0.156,22.291,-1,-1,-1,-1,Before Launch
846,2025-03-19 23:41:30,90.45,-1.40091868,0.045,22.289,-1,-1,-1,-1,Before Launch
847,2025-03-19 23:41:30,90.474,-1.8832021599999997,-0.183,22.291,-1,-1,-1,-1,Before Launch
848,2025-03-19 23:41:30,90.5,-0.6758530399999999,0.201,22.296,-1,-1,-1,-1,Before Launch
849,2025-03-19 23:41:30,90.528,-1.03674544,0.088,22.296,-1,-1,-1,-1,Before Launch
850,2025-03-19 23:41:31,90.958,-1.2795276,0.179,22.294,-1,-1,-1,-1,Before Launch
851,2025-03-19 23:41:31,90.983,-2.2342520400000003,-0.09,22.299,-1,-1,-1,-1,Before Launch
852,2025-03-19 23:41:31,91.008,-0.31496064,0.224,22.296,-1,-1,-1,-1,Before Launch
853,2025-03-19 23:41:31,91.036,-2.12270348,-0.068,22.296,-1,-1,-1,-1,Before Launch
854,2025-03-19 23:41:31,91.064,-1.8733596399999999,-0.021,22.299,-1,-1,-1,-1,Before Launch
855,2025-03-19 23:41:31,91.496,-0.9055118400000001,0.093,22.299,-1,-1,-1,-1,Before Launch
856,2025-03-19 23:41:31,91.518,-2.5984252800000003,-0.179,22.299,-1,-1,-1,-1,Before Launch
857,2025-03-19 23:41:31,91.542,-2.48687672,-0.093,22.296,-1,-1,-1,-1,Before Launch
858,2025-03-19 23:41:31,91.57,-1.52230976,0.088,22.286,-1,-1,-1,-1,Before Launch
859,2025-03-19 23:41:31,91.602,-2.47375336,-0.135,22.304,-1,-1,-1,-1,Before Launch
860,2025-03-19 23:41:32,92.03,-2.00459324,0.068,22.294,-1,-1,-1,-1,Before Launch
861,2025-03-19 23:41:32,92.053,-1.8832021599999997,-0.294,22.291,-1,-1,-1,-1,Before Launch
862,2025-03-19 23:41:32,92.078,-1.15813652,-0.023,22.291,-1,-1,-1,-1,Before Launch
863,2025-03-19 23:41:32,92.107,-1.2795276,0.158,22.294,-1,-1,-1,-1,Before Launch
864,2025-03-19 23:41:32,92.136,-1.15813652,0.045,22.291,-1,-1,-1,-1,Before Launch
865,2025-03-19 23:41:32,92.565,-2.11286096,-0.18,22.304,-1,-1,-1,-1,Before Launch
866,2025-03-19 23:41:32,92.588,-1.40091868,0.068,22.296,-1,-1,-1,-1,Before Launch
867,2025-03-19 23:41:32,92.612,-1.7618110800000002,0.271,22.296,-1,-1,-1,-1,Before Launch
868,2025-03-19 23:41:32,92.641,-1.99146988,0.114,22.301,-1,-1,-1,-1,Before Launch
869,2025-03-19 23:41:32,92.671,-2.47375336,-0.223,22.304,-1,-1,-1,-1,Before Launch
870,2025-03-19 23:41:33,93.099,-2.71653552,-0.449,22.301,-1,-1,-1,-1,Before Launch
871,2025-03-19 23:41:33,93.122,-1.7519685600000001,-0.134,22.299,-1,-1,-1,-1,Before Launch
872,2025-03-19 23:41:33,93.145,-2.35564312,-0.02,22.301,-1,-1,-1,-1,Before Launch
873,2025-03-19 23:41:33,93.174,-1.63057748,0.136,22.301,-1,-1,-1,-1,Before Launch
874,2025-03-19 23:41:33,93.203,-1.63057748,0.092,22.301,-1,-1,-1,-1,Before Launch
875,2025-03-19 23:41:33,93.636,-1.8733596399999999,-0.045,22.299,-1,-1,-1,-1,Before Launch
876,2025-03-19 23:41:33,93.66,-1.7618110800000002,0.021,22.296,-1,-1,-1,-1,Before Launch
877,2025-03-19 23:41:33,93.686,-1.51246724,-0.068,22.299,-1,-1,-1,-1,Before Launch
878,2025-03-19 23:41:33,93.714,-1.99146988,0.025,22.301,-1,-1,-1,-1,Before Launch
879,2025-03-19 23:41:33,93.742,-0.19356956,0.361,22.294,-1,-1,-1,-1,Before Launch
880,2025-03-19 23:41:34,94.171,-1.148294,0.115,22.299,-1,-1,-1,-1,Before Launch
881,2025-03-19 23:41:34,94.193,-2.00459324,0.043,22.294,-1,-1,-1,-1,Before Launch
882,2025-03-19 23:41:34,94.216,-1.51246724,-0.089,22.299,-1,-1,-1,-1,Before Launch
883,2025-03-19 23:41:34,94.244,-1.148294,0.339,22.299,-1,-1,-1,-1,Before Launch
884,2025-03-19 23:41:34,94.275,-1.52230976,-0.158,22.291,-1,-1,-1,-1,Before Launch
885,2025-03-19 23:41:34,94.704,-1.148294,0.406,22.299,-1,-1,-1,-1,Before Launch
886,2025-03-19 23:41:34,94.727,-1.51246724,-0.156,22.299,-1,-1,-1,-1,Before Launch
887,2025-03-19 23:41:34,94.751,-1.8733596399999999,-0.021,22.299,-1,-1,-1,-1,Before Launch
888,2025-03-19 23:41:34,94.776,-1.148294,0.023,22.299,-1,-1,-1,-1,Before Launch
889,2025-03-19 23:41:35,94.806,-1.2696850800000001,0.069,22.301,-1,-1,-1,-1,Before Launch
890,2025-03-19 23:41:35,95.237,-2.95931768,-0.291,22.299,-1,-1,-1,-1,Before Launch
891,2025-03-19 23:41:35,95.259,-1.63057748,-0.043,22.301,-1,-1,-1,-1,Before Launch
892,2025-03-19 23:41:35,95.285,-1.99146988,-0.472,22.301,-1,-1,-1,-1,Before Launch
893,2025-03-19 23:41:35,95.311,-1.8733596399999999,-0.339,22.299,-1,-1,-1,-1,Before Launch
894,2025-03-19 23:41:35,95.339,-2.84776912,-0.273,22.296,-1,-1,-1,-1,Before Launch
895,2025-03-19 23:41:35,95.769,-1.8733596399999999,-0.066,22.299,-1,-1,-1,-1,Before Launch
896,2025-03-19 23:41:35,95.792,-0.5446194400000001,0.16,22.299,-1,-1,-1,-1,Before Launch
897,2025-03-19 23:41:36,95.817,-1.38779532,0.093,22.304,-1,-1,-1,-1,Before Launch
898,2025-03-19 23:41:36,95.845,-2.47375336,-0.336,22.304,-1,-1,-1,-1,Before Launch
899,2025-03-19 23:41:36,95.874,-3.198819,-0.404,22.304,-1,-1,-1,-1,Before Launch
900,2025-03-19 23:41:36,96.302,-0.7874015999999999,0.092,22.299,-1,-1,-1,-1,Before Launch
901,2025-03-19 23:41:36,96.325,-2.2342520400000003,0.0,22.299,-1,-1,-1,-1,Before Launch
902,2025-03-19 23:41:36,96.35,-1.7519685600000001,-0.269,22.304,-1,-1,-1,-1,Before Launch
903,2025-03-19 23:41:36,96.375,-0.43635172,0.316,22.291,-1,-1,-1,-1,Before Launch
904,2025-03-19 23:41:36,96.407,-1.03674544,0.157,22.296,-1,-1,-1,-1,Before Launch
905,2025-03-19 23:41:37,96.836,-3.0905512799999997,-0.409,22.296,-1,-1,-1,-1,Before Launch
906,2025-03-19 23:41:37,96.859,-2.00459324,0.111,22.294,-1,-1,-1,-1,Before Launch
907,2025-03-19 23:41:37,96.884,-2.84776912,-0.068,22.296,-1,-1,-1,-1,Before Launch
908,2025-03-19 23:41:37,96.909,-2.3654856399999997,-0.158,22.294,-1,-1,-1,-1,Before Launch
909,2025-03-19 23:41:37,96.937,-2.2473754,0.042,22.291,-1,-1,-1,-1,Before Launch
910,2025-03-19 23:41:37,97.366,-2.3654856399999997,-0.068,22.294,-1,-1,-1,-1,Before Launch
911,2025-03-19 23:41:37,97.388,-0.9186352000000001,0.181,22.294,-1,-1,-1,-1,Before Launch
912,2025-03-19 23:41:37,97.413,-2.5984252800000003,-0.27,22.299,-1,-1,-1,-1,Before Launch
913,2025-03-19 23:41:37,97.441,-1.17125988,0.02,22.284,-1,-1,-1,-1,Before Launch
914,2025-03-19 23:41:37,97.472,-2.12270348,-0.181,22.296,-1,-1,-1,-1,Before Launch
915,2025-03-19 23:41:38,97.9,-1.7618110800000002,0.066,22.294,-1,-1,-1,-1,Before Launch
916,2025-03-19 23:41:38,97.923,-2.2473754,-0.159,22.291,-1,-1,-1,-1,Before Launch
917,2025-03-19 23:41:38,97.949,-1.8733596399999999,-0.021,22.299,-1,-1,-1,-1,Before Launch
918,2025-03-19 23:41:38,97.975,-2.71653552,-0.136,22.301,-1,-1,-1,-1,Before Launch
919,2025-03-19 23:41:38,98.003,-1.51246724,0.18,22.299,-1,-1,-1,-1,Before Launch
920,2025-03-19 23:41:38,98.432,-2.00459324,0.133,22.294,-1,-1,-1,-1,Before Launch
921,2025-03-19 23:41:38,98.454,-1.40091868,0.066,22.289,-1,-1,-1,-1,Before Launch
922,2025-03-19 23:41:38,98.477,-1.2795276,0.202,22.294,-1,-1,-1,-1,Before Launch
923,2025-03-19 23:41:38,98.508,-0.9186352000000001,0.133,22.294,-1,-1,-1,-1,Before Launch
924,2025-03-19 23:41:38,98.537,-1.2795276,0.066,22.294,-1,-1,-1,-1,Before Launch
925,2025-03-19 23:41:39,98.969,-1.64042,0.044,22.294,-1,-1,-1,-1,Before Launch
926,2025-03-19 23:41:39,98.991,-2.84776912,-0.204,22.296,-1,-1,-1,-1,Before Launch
927,2025-03-19 23:41:39,99.016,-2.12270348,-0.114,22.296,-1,-1,-1,-1,Before Launch
928,2025-03-19 23:41:39,99.044,-0.9186352000000001,0.201,22.294,-1,-1,-1,-1,Before Launch
929,2025-03-19 23:41:39,99.073,-1.63057748,-0.27,22.301,-1,-1,-1,-1,Before Launch
930,2025-03-19 23:41:39,99.504,-1.38779532,-0.045,22.304,-1,-1,-1,-1,Before Launch
931,2025-03-19 23:41:39,99.526,-2.00459324,0.0,22.296,-1,-1,-1,-1,Before Launch
932,2025-03-19 23:41:39,99.55,-1.40091868,0.021,22.296,-1,-1,-1,-1,Before Launch
933,2025-03-19 23:41:39,99.578,-0.5446194400000001,0.113,22.301,-1,-1,-1,-1,Before Launch
934,2025-03-19 23:41:39,99.607,-0.43635172,0.204,22.291,-1,-1,-1,-1,Before Launch
935,2025-03-19 23:41:40,100.037,0.16732284,0.247,22.294,-1,-1,-1,-1,Before Launch
936,2025-03-19 23:41:40,100.06,-1.8832021599999997,-0.07,22.291,-1,-1,-1,-1,Before Launch
937,2025-03-19 23:41:40,100.086,-0.07217847999999999,0.338,22.291,-1,-1,-1,-1,Before Launch
938,2025-03-19 23:41:40,100.114,-1.2795276,-0.025,22.294,-1,-1,-1,-1,Before Launch
939,2025-03-19 23:41:40,100.144,-1.40091868,-0.025,22.294,-1,-1,-1,-1,Before Launch
940,2025-03-19 23:41:40,100.572,-0.43635172,0.473,22.291,-1,-1,-1,-1,Before Launch
941,2025-03-19 23:41:40,100.595,-1.03674544,0.111,22.296,-1,-1,-1,-1,Before Launch
942,2025-03-19 23:41:40,100.62,0.39698163999999997,0.448,22.294,-1,-1,-1,-1,Before Launch
943,2025-03-19 23:41:40,100.645,-1.40091868,0.089,22.286,-1,-1,-1,-1,Before Launch
944,2025-03-19 23:41:40,100.675,-0.6758530399999999,0.407,22.296,-1,-1,-1,-1,Before Launch
945,2025-03-19 23:41:41,101.105,-1.03674544,0.157,22.296,-1,-1,-1,-1,Before Launch
946,2025-03-19 23:41:41,101.128,-1.64042,-0.205,22.294,-1,-1,-1,-1,Before Launch
947,2025-03-19 23:41:41,101.152,-0.7874015999999999,0.113,22.299,-1,-1,-1,-1,Before Launch
948,2025-03-19 23:41:41,101.181,-1.03674544,0.269,22.296,-1,-1,-1,-1,Before Launch
949,2025-03-19 23:41:41,101.209,-0.7874015999999999,0.452,22.299,-1,-1,-1,-1,Before Launch
950,2025-03-19 23:41:41,101.636,-0.9186352000000001,-0.025,22.294,-1,-1,-1,-1,Before Launch
951,2025-03-19 23:41:41,101.66,-1.51246724,0.135,22.299,-1,-1,-1,-1,Before Launch
952,2025-03-19 23:41:41,101.685,-2.2342520400000003,-0.09,22.299,-1,-1,-1,-1,Before Launch
953,2025-03-19 23:41:41,101.713,-1.40091868,-0.181,22.289,-1,-1,-1,-1,Before Launch
954,2025-03-19 23:41:41,101.742,-0.9186352000000001,0.022,22.294,-1,-1,-1,-1,Before Launch
955,2025-03-19 23:41:42,102.171,-2.11286096,0.183,22.304,-1,-1,-1,-1,Before Launch
956,2025-03-19 23:41:42,102.194,-1.64042,0.068,22.294,-1,-1,-1,-1,Before Launch
957,2025-03-19 23:41:42,102.218,-2.48687672,0.068,22.296,-1,-1,-1,-1,Before Launch
958,2025-03-19 23:41:42,102.244,-3.32021008,-0.179,22.299,-1,-1,-1,-1,Before Launch
959,2025-03-19 23:41:42,102.275,-1.51246724,0.138,22.299,-1,-1,-1,-1,Before Launch
960,2025-03-19 23:41:42,102.704,-1.51246724,0.16,22.299,-1,-1,-1,-1,Before Launch
961,2025-03-19 23:41:42,102.726,-2.12270348,-0.226,22.296,-1,-1,-1,-1,Before Launch
962,2025-03-19 23:41:42,102.75,-1.03674544,0.293,22.296,-1,-1,-1,-1,Before Launch
963,2025-03-19 23:41:42,102.776,-2.84776912,-0.314,22.296,-1,-1,-1,-1,Before Launch
964,2025-03-19 23:41:42,102.804,-1.2795276,0.158,22.294,-1,-1,-1,-1,Before Launch
965,2025-03-19 23:41:43,103.236,-0.19356956,0.294,22.294,-1,-1,-1,-1,Before Launch
966,2025-03-19 23:41:43,103.258,-1.7618110800000002,0.091,22.296,-1,-1,-1,-1,Before Launch
967,2025-03-19 23:41:43,103.284,-1.148294,0.136,22.299,-1,-1,-1,-1,Before Launch
968,2025-03-19 23:41:43,103.308,-0.6758530399999999,0.383,22.296,-1,-1,-1,-1,Before Launch
969,2025-03-19 23:41:43,103.338,-0.7874015999999999,0.136,22.299,-1,-1,-1,-1,Before Launch
970,2025-03-19 23:41:43,103.766,-1.64042,0.068,22.294,-1,-1,-1,-1,Before Launch
971,2025-03-19 23:41:43,103.789,-0.55446196,0.159,22.294,-1,-1,-1,-1,Before Launch
972,2025-03-19 23:41:44,103.813,-1.03674544,0.045,22.296,-1,-1,-1,-1,Before Launch
973,2025-03-19 23:41:44,103.838,-1.15813652,-0.045,22.296,-1,-1,-1,-1,Before Launch
974,2025-03-19 23:41:44,103.867,-2.12270348,-0.158,22.299,-1,-1,-1,-1,Before Launch
975,2025-03-19 23:41:44,104.295,-1.2795276,0.068,22.294,-1,-1,-1,-1,Before Launch
976,2025-03-19 23:41:44,104.318,-1.52230976,0.249,22.291,-1,-1,-1,-1,Before Launch
977,2025-03-19 23:41:44,104.341,-1.2795276,0.158,22.289,-1,-1,-1,-1,Before Launch
978,2025-03-19 23:41:44,104.369,-0.79724412,0.023,22.291,-1,-1,-1,-1,Before Launch
979,2025-03-19 23:41:44,104.397,-1.64042,-0.002,22.294,-1,-1,-1,-1,Before Launch
980,2025-03-19 23:41:45,104.828,-0.5577428,0.156,22.286,-1,-1,-1,-1,Before Launch
981,2025-03-19 23:41:45,104.85,-2.12270348,-0.022,22.296,-1,-1,-1,-1,Before Launch
982,2025-03-19 23:41:45,104.875,-1.40091868,0.0,22.294,-1,-1,-1,-1,Before Launch
983,2025-03-19 23:41:45,104.9,-1.8832021599999997,-0.252,22.291,-1,-1,-1,-1,Before Launch
984,2025-03-19 23:41:45,104.928,-1.8832021599999997,-0.272,22.291,-1,-1,-1,-1,Before Launch
985,2025-03-19 23:41:45,105.357,-2.71653552,-0.542,22.301,-1,-1,-1,-1,Before Launch
986,2025-03-19 23:41:45,105.379,-1.2795276,0.113,22.294,-1,-1,-1,-1,Before Launch
987,2025-03-19 23:41:45,105.403,-2.35564312,-0.429,22.301,-1,-1,-1,-1,Before Launch
988,2025-03-19 23:41:45,105.432,-2.3654856399999997,-0.204,22.299,-1,-1,-1,-1,Before Launch
989,2025-03-19 23:41:45,105.462,-2.12270348,-0.136,22.294,-1,-1,-1,-1,Before Launch
990,2025-03-19 23:41:46,105.893,-0.79724412,-0.068,22.291,-1,-1,-1,-1,Before Launch
991,2025-03-19 23:41:46,105.916,-1.15813652,-0.023,22.291,-1,-1,-1,-1,Before Launch
992,2025-03-19 23:41:46,105.94,-2.6082678,-0.565,22.291,-1,-1,-1,-1,Before Launch
993,2025-03-19 23:41:46,105.965,-1.7650919200000001,-0.068,22.294,-1,-1,-1,-1,Before Launch
994,2025-03-19 23:41:46,105.997,-1.04002628,-0.068,22.289,-1,-1,-1,-1,Before Launch
995,2025-03-19 23:41:46,106.429,-1.8832021599999997,-0.159,22.291,-1,-1,-1,-1,Before Launch
996,2025-03-19 23:41:46,106.451,-2.6082678,-0.182,22.294,-1,-1,-1,-1,Before Launch
997,2025-03-19 23:41:46,106.476,-1.64042,-0.16,22.294,-1,-1,-1,-1,Before Launch
998,2025-03-19 23:41:46,106.502,-2.48687672,-0.273,22.289,-1,-1,-1,-1,Before Launch
999,2025-03-19 23:41:46,106.53,-1.52230976,-0.138,22.291,-1,-1,-1,-1,Before Launch
1000,2025-03-19 23:41:47,106.96,-1.7650919200000001,-0.159,22.289,-1,-1,-1,-1,Before Launch
1001,2025-03-19 23:41:47,106.983,-2.2473754,-0.138,22.291,-1,-1,-1,-1,Before Launch
1002,2025-03-19 23:41:47,107.008,-1.8832021599999997,0.066,22.291,-1,-1,-1,-1,Before Launch
1003,2025-03-19 23:41:47,107.033,-1.03674544,0.068,22.296,-1,-1,-1,-1,Before Launch
1004,2025-03-19 23:41:47,107.064,-1.0498688,-0.025,22.281,-1,-1,-1,-1,Before Launch
1005,2025-03-19 23:41:47,107.493,-1.04002628,0.202,22.289,-1,-1,-1,-1,Before Launch
1006,2025-03-19 23:41:47,107.516,-0.43635172,0.226,22.291,-1,-1,-1,-1,Before Launch
1007,2025-03-19 23:41:47,107.54,-2.48687672,0.0,22.289,-1,-1,-1,-1,Before Launch
1008,2025-03-19 23:41:47,107.566,-0.9186352000000001,0.451,22.286,-1,-1,-1,-1,Before Launch
1009,2025-03-19 23:41:47,107.594,-1.7650919200000001,-0.047,22.289,-1,-1,-1,-1,Before Launch
1010,2025-03-19 23:41:48,108.024,-0.80708664,0.133,22.284,-1,-1,-1,-1,Before Launch
1011,2025-03-19 23:41:48,108.047,-1.52230976,0.113,22.291,-1,-1,-1,-1,Before Launch
1012,2025-03-19 23:41:48,108.072,-1.64370084,-0.114,22.286,-1,-1,-1,-1,Before Launch
1013,2025-03-19 23:41:48,108.1,-1.64042,0.227,22.294,-1,-1,-1,-1,Before Launch
1014,2025-03-19 23:41:48,108.129,1.1318898,0.453,22.289,-1,-1,-1,-1,Before Launch
1015,2025-03-19 23:41:48,108.56,-0.5577428,-0.068,22.286,-1,-1,-1,-1,Before Launch
1016,2025-03-19 23:41:48,108.582,-0.6889763999999999,0.202,22.281,-1,-1,-1,-1,Before Launch
1017,2025-03-19 23:41:48,108.608,-0.80708664,0.064,22.284,-1,-1,-1,-1,Before Launch
1018,2025-03-19 23:41:48,108.634,-2.36876648,-0.318,22.286,-1,-1,-1,-1,Before Launch
1019,2025-03-19 23:41:48,108.664,-0.31496064,0.089,22.289,-1,-1,-1,-1,Before Launch
1020,2025-03-19 23:41:49,109.095,-2.0177166,-0.071,22.279,-1,-1,-1,-1,Before Launch
1021,2025-03-19 23:41:49,109.118,-1.04002628,-0.091,22.289,-1,-1,-1,-1,Before Launch
1022,2025-03-19 23:41:49,109.144,-1.04002628,-0.001,22.289,-1,-1,-1,-1,Before Launch
1023,2025-03-19 23:41:49,109.169,-0.67913388,0.09,22.289,-1,-1,-1,-1,Before Launch
1024,2025-03-19 23:41:49,109.197,-0.9186352000000001,0.226,22.286,-1,-1,-1,-1,Before Launch
1025,2025-03-19 23:41:49,109.629,-2.00459324,-0.136,22.286,-1,-1,-1,-1,Before Launch
1026,2025-03-19 23:41:49,109.651,-2.12598432,-0.113,22.289,-1,-1,-1,-1,Before Launch
1027,2025-03-19 23:41:49,109.677,-1.77493444,-0.093,22.281,-1,-1,-1,-1,Before Launch
1028,2025-03-19 23:41:49,109.702,-2.00459324,-0.226,22.286,-1,-1,-1,-1,Before Launch
1029,2025-03-19 23:41:49,109.731,-0.5577428,0.203,22.286,-1,-1,-1,-1,Before Launch
1030,2025-03-19 23:41:50,110.161,-1.28280844,-0.136,22.286,-1,-1,-1,-1,Before Launch
1031,2025-03-19 23:41:50,110.184,-0.5577428,0.293,22.286,-1,-1,-1,-1,Before Launch
1032,2025-03-19 23:41:50,110.208,-1.64370084,-0.046,22.286,-1,-1,-1,-1,Before Launch
1033,2025-03-19 23:41:50,110.237,-1.77493444,0.02,22.281,-1,-1,-1,-1,Before Launch
1034,2025-03-19 23:41:50,110.266,-0.6889763999999999,0.224,22.281,-1,-1,-1,-1,Before Launch
1035,2025-03-19 23:41:50,110.695,0.04593176,0.518,22.289,-1,-1,-1,-1,Before Launch
1036,2025-03-19 23:41:50,110.718,-0.6889763999999999,0.111,22.284,-1,-1,-1,-1,Before Launch
1037,2025-03-19 23:41:50,110.743,-1.17125988,0.222,22.284,-1,-1,-1,-1,Before Launch
1038,2025-03-19 23:41:50,110.768,0.52821524,0.542,22.286,-1,-1,-1,-1,Before Launch
1039,2025-03-19 23:41:50,110.796,-1.77493444,0.065,22.281,-1,-1,-1,-1,Before Launch
1040,2025-03-19 23:41:51,111.227,-0.6889763999999999,0.02,22.281,-1,-1,-1,-1,Before Launch
1041,2025-03-19 23:41:51,111.249,-1.17125988,-0.002,22.286,-1,-1,-1,-1,Before Launch
1042,2025-03-19 23:41:51,111.274,-0.08530183999999999,0.473,22.284,-1,-1,-1,-1,Before Launch
1043,2025-03-19 23:41:51,111.302,-0.08530183999999999,0.315,22.284,-1,-1,-1,-1,Before Launch
1044,2025-03-19 23:41:51,111.331,-1.64370084,-0.113,22.286,-1,-1,-1,-1,Before Launch
1045,2025-03-19 23:41:51,111.76,-0.9416010799999999,0.177,22.271,-1,-1,-1,-1,Before Launch
1046,2025-03-19 23:41:51,111.782,-0.58070868,0.38,22.276,-1,-1,-1,-1,Before Launch
1047,2025-03-19 23:41:51,111.805,-0.69881892,0.177,22.274,-1,-1,-1,-1,Before Launch
1048,2025-03-19 23:41:52,111.834,-0.33792651999999995,0.403,22.274,-1,-1,-1,-1,Before Launch
1049,2025-03-19 23:41:52,111.859,0.63648296,0.405,22.276,-1,-1,-1,-1,Before Launch
1050,2025-03-19 23:41:52,112.294,-0.9317585599999999,0.156,22.279,-1,-1,-1,-1,Before Launch
1051,2025-03-19 23:41:52,112.318,-0.21653544,0.381,22.271,-1,-1,-1,-1,Before Launch
1052,2025-03-19 23:41:52,112.344,-0.20669292,0.314,22.279,-1,-1,-1,-1,Before Launch
1053,2025-03-19 23:41:52,112.372,-0.69881892,0.063,22.274,-1,-1,-1,-1,Before Launch
1054,2025-03-19 23:41:52,112.401,-0.20669292,0.158,22.279,-1,-1,-1,-1,Before Launch
1055,2025-03-19 23:41:53,112.83,-1.53543312,-0.093,22.276,-1,-1,-1,-1,Before Launch
1056,2025-03-19 23:41:53,112.852,-1.0498688,-0.115,22.281,-1,-1,-1,-1,Before Launch
1057,2025-03-19 23:41:53,112.877,-0.82021,0.312,22.269,-1,-1,-1,-1,Before Launch
1058,2025-03-19 23:41:53,112.902,-0.9416010799999999,-0.004,22.269,-1,-1,-1,-1,Before Launch
1059,2025-03-19 23:41:53,112.931,-0.82021,0.177,22.274,-1,-1,-1,-1,Before Launch
1060,2025-03-19 23:41:53,113.36,-1.17125988,-0.068,22.276,-1,-1,-1,-1,Before Launch
1061,2025-03-19 23:41:53,113.382,-0.32808400000000004,0.224,22.281,-1,-1,-1,-1,Before Launch
1062,2025-03-19 23:41:53,113.405,-0.81036748,0.156,22.276,-1,-1,-1,-1,Before Launch
1063,2025-03-19 23:41:53,113.433,-1.17125988,0.088,22.274,-1,-1,-1,-1,Before Launch
1064,2025-03-19 23:41:53,113.463,-0.44947508,-0.296,22.276,-1,-1,-1,-1,Before Launch
1065,2025-03-19 23:41:54,113.897,-1.53215228,-0.183,22.284,-1,-1,-1,-1,Before Launch
1066,2025-03-19 23:41:54,113.92,-1.8930446799999998,-0.226,22.281,-1,-1,-1,-1,Before Launch
1067,2025-03-19 23:41:54,113.945,-0.81036748,-0.001,22.279,-1,-1,-1,-1,Before Launch
1068,2025-03-19 23:41:54,113.974,-1.77493444,0.111,22.276,-1,-1,-1,-1,Before Launch
1069,2025-03-19 23:41:54,114.004,-2.0177166,-0.319,22.279,-1,-1,-1,-1,Before Launch
1070,2025-03-19 23:41:54,114.436,-1.8930446799999998,0.023,22.284,-1,-1,-1,-1,Before Launch
1071,2025-03-19 23:41:54,114.458,-2.0177166,-0.183,22.279,-1,-1,-1,-1,Before Launch
1072,2025-03-19 23:41:54,114.482,-1.41404204,-0.07,22.281,-1,-1,-1,-1,Before Launch
1073,2025-03-19 23:41:54,114.51,-1.77493444,-0.205,22.281,-1,-1,-1,-1,Before Launch
1074,2025-03-19 23:41:54,114.54,-1.77493444,-0.16,22.281,-1,-1,-1,-1,Before Launch
1075,2025-03-19 23:41:55,114.972,-1.42388456,0.109,22.274,-1,-1,-1,-1,Before Launch
1076,2025-03-19 23:41:55,114.996,-1.77493444,0.066,22.281,-1,-1,-1,-1,Before Launch
1077,2025-03-19 23:41:55,115.021,-0.44947508,0.248,22.279,-1,-1,-1,-1,Before Launch
1078,2025-03-19 23:41:55,115.046,-1.17125988,0.156,22.284,-1,-1,-1,-1,Before Launch
1079,2025-03-19 23:41:55,115.079,-1.77493444,-0.228,22.279,-1,-1,-1,-1,Before Launch
1080,2025-03-19 23:41:55,115.508,-0.80708664,0.089,22.284,-1,-1,-1,-1,Before Launch
1081,2025-03-19 23:41:55,115.53,-1.17125988,-0.115,22.284,-1,-1,-1,-1,Before Launch
1082,2025-03-19 23:41:55,115.555,-1.53543312,0.02,22.274,-1,-1,-1,-1,Before Launch
1083,2025-03-19 23:41:55,115.581,-0.69881892,0.201,22.274,-1,-1,-1,-1,Before Launch
1084,2025-03-19 23:41:55,115.612,-1.0498688,-0.068,22.281,-1,-1,-1,-1,Before Launch
1085,2025-03-19 23:41:56,116.038,-1.78477696,-0.343,22.276,-1,-1,-1,-1,Before Launch
1086,2025-03-19 23:41:56,116.061,-0.69881892,-0.002,22.274,-1,-1,-1,-1,Before Launch
1087,2025-03-19 23:41:56,116.085,-1.65354336,-0.09,22.279,-1,-1,-1,-1,Before Launch
1088,2025-03-19 23:41:56,116.114,-1.29265096,-0.341,22.274,-1,-1,-1,-1,Before Launch
1089,2025-03-19 23:41:56,116.142,-0.33792651999999995,0.269,22.274,-1,-1,-1,-1,Before Launch
1090,2025-03-19 23:41:56,116.573,-1.17125988,-0.09,22.276,-1,-1,-1,-1,Before Launch
1091,2025-03-19 23:41:56,116.596,-2.7395014,-0.293,22.279,-1,-1,-1,-1,Before Launch
1092,2025-03-19 23:41:56,116.619,-0.81036748,-0.136,22.276,-1,-1,-1,-1,Before Launch
1093,2025-03-19 23:41:56,116.647,-1.17125988,-0.203,22.284,-1,-1,-1,-1,Before Launch
1094,2025-03-19 23:41:56,116.676,-1.42388456,0.041,22.271,-1,-1,-1,-1,Before Launch
1095,2025-03-19 23:41:57,117.105,-1.53543312,-0.111,22.276,-1,-1,-1,-1,Before Launch
1096,2025-03-19 23:41:57,117.128,-1.66666672,-0.203,22.271,-1,-1,-1,-1,Before Launch
1097,2025-03-19 23:41:57,117.154,-1.8963255199999998,-0.224,22.276,-1,-1,-1,-1,Before Launch
1098,2025-03-19 23:41:57,117.181,0.50524936,0.158,22.271,-1,-1,-1,-1,Before Launch
1099,2025-03-19 23:41:57,117.21,-2.25721792,-0.541,22.276,-1,-1,-1,-1,Before Launch
1100,2025-03-19 23:41:57,117.639,-1.53543312,-0.113,22.276,-1,-1,-1,-1,Before Launch
1101,2025-03-19 23:41:57,117.661,-1.0498688,-0.156,22.281,-1,-1,-1,-1,Before Launch
1102,2025-03-19 23:41:57,117.684,-1.53543312,-0.249,22.276,-1,-1,-1,-1,Before Launch
1103,2025-03-19 23:41:57,117.712,-1.30249348,-0.113,22.271,-1,-1,-1,-1,Before Launch
1104,2025-03-19 23:41:57,117.743,-1.42388456,-0.228,22.274,-1,-1,-1,-1,Before Launch
1105,2025-03-19 23:41:58,118.173,-1.42388456,0.021,22.274,-1,-1,-1,-1,Before Launch
1106,2025-03-19 23:41:58,118.195,-1.06299216,-0.002,22.276,-1,-1,-1,-1,Before Launch
1107,2025-03-19 23:41:58,118.22,-0.09842519999999999,0.135,22.269,-1,-1,-1,-1,Before Launch
1108,2025-03-19 23:41:58,118.245,-1.5452756399999998,-0.113,22.269,-1,-1,-1,-1,Before Launch
1109,2025-03-19 23:41:58,118.274,-2.378609,-0.292,22.279,-1,-1,-1,-1,Before Launch
1110,2025-03-19 23:41:58,118.704,-2.62139116,-0.271,22.276,-1,-1,-1,-1,Before Launch
1111,2025-03-19 23:41:58,118.726,-1.30249348,-0.182,22.271,-1,-1,-1,-1,Before Launch
1112,2025-03-19 23:41:58,118.752,-1.66666672,-0.16,22.271,-1,-1,-1,-1,Before Launch
1113,2025-03-19 23:41:58,118.777,0.02296588,0.223,22.266,-1,-1,-1,-1,Before Launch
1114,2025-03-19 23:41:58,118.809,-1.18438324,-0.137,22.269,-1,-1,-1,-1,Before Launch
1115,2025-03-19 23:41:59,119.24,-0.45931760000000005,0.201,22.274,-1,-1,-1,-1,Before Launch
1116,2025-03-19 23:41:59,119.262,-1.9061680399999998,-0.002,22.269,-1,-1,-1,-1,Before Launch
1117,2025-03-19 23:41:59,119.29,-2.03740164,-0.23,22.276,-1,-1,-1,-1,Before Launch
1118,2025-03-19 23:41:59,119.315,-0.45931760000000005,0.246,22.276,-1,-1,-1,-1,Before Launch
1119,2025-03-19 23:41:59,119.344,-0.5905511999999999,0.267,22.271,-1,-1,-1,-1,Before Launch
1120,2025-03-19 23:41:59,119.774,-0.35104988,0.289,22.259,-1,-1,-1,-1,Before Launch
1121,2025-03-19 23:41:59,119.797,-1.19422576,0.154,22.261,-1,-1,-1,-1,Before Launch
1122,2025-03-19 23:42:00,119.82,-1.42388456,-0.002,22.266,-1,-1,-1,-1,Before Launch
1123,2025-03-19 23:42:00,119.848,-0.9514436,0.154,22.264,-1,-1,-1,-1,Before Launch
1124,2025-03-19 23:42:00,119.878,-0.5905511999999999,0.222,22.264,-1,-1,-1,-1,Before Launch
1125,2025-03-19 23:42:00,120.307,-1.06299216,0.068,22.266,-1,-1,-1,-1,Before Launch
1126,2025-03-19 23:42:00,120.33,-0.9514436,0.154,22.264,-1,-1,-1,-1,Before Launch
1127,2025-03-19 23:42:00,120.354,-0.5905511999999999,-0.026,22.264,-1,-1,-1,-1,Before Launch
1128,2025-03-19 23:42:00,120.379,-2.8740158399999998,-0.319,22.264,-1,-1,-1,-1,Before Launch
1129,2025-03-19 23:42:00,120.408,-2.5098426,-0.138,22.266,-1,-1,-1,-1,Before Launch
1130,2025-03-19 23:42:01,120.837,-1.9192913999999999,-0.209,22.261,-1,-1,-1,-1,Before Launch
1131,2025-03-19 23:42:01,120.86,-1.18438324,-0.002,22.269,-1,-1,-1,-1,Before Launch
1132,2025-03-19 23:42:01,120.883,-1.79790032,-0.049,22.259,-1,-1,-1,-1,Before Launch
1133,2025-03-19 23:42:01,120.913,-2.40157488,-0.319,22.264,-1,-1,-1,-1,Before Launch
1134,2025-03-19 23:42:01,120.941,-2.27034128,-0.229,22.269,-1,-1,-1,-1,Before Launch
1135,2025-03-19 23:42:01,121.37,-1.7880578,-0.001,22.266,-1,-1,-1,-1,Before Launch
1136,2025-03-19 23:42:01,121.393,-1.78477696,-0.204,22.274,-1,-1,-1,-1,Before Launch
1137,2025-03-19 23:42:01,121.418,-0.70209976,0.178,22.266,-1,-1,-1,-1,Before Launch
1138,2025-03-19 23:42:01,121.444,-1.42388456,-0.025,22.271,-1,-1,-1,-1,Before Launch
1139,2025-03-19 23:42:01,121.472,-0.70209976,-0.068,22.266,-1,-1,-1,-1,Before Launch
1140,2025-03-19 23:42:02,121.901,-0.83333336,0.063,22.261,-1,-1,-1,-1,Before Launch
1141,2025-03-19 23:42:02,121.923,-0.46916011999999996,0.426,22.261,-1,-1,-1,-1,Before Launch
1142,2025-03-19 23:42:02,121.946,-1.18438324,-0.07,22.269,-1,-1,-1,-1,Before Launch
1143,2025-03-19 23:42:02,121.976,-0.70209976,0.088,22.266,-1,-1,-1,-1,Before Launch
1144,2025-03-19 23:42:02,122.004,-0.9416010799999999,0.091,22.271,-1,-1,-1,-1,Before Launch
1145,2025-03-19 23:42:02,122.433,-1.42388456,0.021,22.266,-1,-1,-1,-1,Before Launch
1146,2025-03-19 23:42:02,122.456,-0.22965880000000002,0.27,22.264,-1,-1,-1,-1,Before Launch
1147,2025-03-19 23:42:02,122.479,-1.3156168400000001,0.109,22.261,-1,-1,-1,-1,Before Launch
1148,2025-03-19 23:42:02,122.507,-1.3156168400000001,-0.342,22.261,-1,-1,-1,-1,Before Launch
1149,2025-03-19 23:42:02,122.537,-1.3156168400000001,0.177,22.266,-1,-1,-1,-1,Before Launch
1150,2025-03-19 23:42:03,122.965,-0.83333336,0.132,22.261,-1,-1,-1,-1,Before Launch
1151,2025-03-19 23:42:03,122.988,-0.71194228,0.063,22.259,-1,-1,-1,-1,Before Launch
1152,2025-03-19 23:42:03,123.013,-2.8740158399999998,-0.251,22.269,-1,-1,-1,-1,Before Launch
1153,2025-03-19 23:42:03,123.039,-1.4370079199999999,-0.025,22.259,-1,-1,-1,-1,Before Launch
1154,2025-03-19 23:42:03,123.067,-1.7880578,-0.068,22.266,-1,-1,-1,-1,Before Launch
1155,2025-03-19 23:42:03,123.496,0.25262468,0.315,22.266,-1,-1,-1,-1,Before Launch
1156,2025-03-19 23:42:03,123.519,-0.5905511999999999,0.089,22.256,-1,-1,-1,-1,Before Launch
1157,2025-03-19 23:42:03,123.543,-1.6765092400000001,-0.296,22.264,-1,-1,-1,-1,Before Launch
1158,2025-03-19 23:42:03,123.568,-2.04068248,-0.093,22.256,-1,-1,-1,-1,Before Launch
1159,2025-03-19 23:42:03,123.596,-1.55511816,0.155,22.261,-1,-1,-1,-1,Before Launch
1160,2025-03-19 23:42:04,124.025,-2.15879272,0.087,22.259,-1,-1,-1,-1,Before Launch
1161,2025-03-19 23:42:04,124.047,-1.6765092400000001,-0.07,22.254,-1,-1,-1,-1,Before Launch
1162,2025-03-19 23:42:04,124.07,-1.6765092400000001,-0.002,22.256,-1,-1,-1,-1,Before Launch
1163,2025-03-19 23:42:04,124.098,-1.9192913999999999,-0.365,22.254,-1,-1,-1,-1,Before Launch
1164,2025-03-19 23:42:04,124.128,-1.4370079199999999,-0.047,22.259,-1,-1,-1,-1,Before Launch
1165,2025-03-19 23:42:04,124.558,-2.15879272,-0.32,22.259,-1,-1,-1,-1,Before Launch
1166,2025-03-19 23:42:04,124.58,-0.22965880000000002,0.315,22.256,-1,-1,-1,-1,Before Launch
1167,2025-03-19 23:42:04,124.605,-1.6765092400000001,0.068,22.256,-1,-1,-1,-1,Before Launch
1168,2025-03-19 23:42:04,124.633,-1.6765092400000001,-0.229,22.256,-1,-1,-1,-1,Before Launch
1169,2025-03-19 23:42:04,124.661,-1.3156168400000001,-0.136,22.264,-1,-1,-1,-1,Before Launch
1170,2025-03-19 23:42:05,125.088,-1.6765092400000001,-0.249,22.256,-1,-1,-1,-1,Before Launch
1171,2025-03-19 23:42:05,125.112,-2.40157488,-0.227,22.259,-1,-1,-1,-1,Before Launch
1172,2025-03-19 23:42:05,125.138,-1.5583989999999999,-0.025,22.254,-1,-1,-1,-1,Before Launch
1173,2025-03-19 23:42:05,125.165,-0.5905511999999999,0.068,22.256,-1,-1,-1,-1,Before Launch
1174,2025-03-19 23:42:05,125.196,-2.04068248,-0.273,22.256,-1,-1,-1,-1,Before Launch
1175,2025-03-19 23:42:05,125.626,-1.4370079199999999,-0.07,22.259,-1,-1,-1,-1,Before Launch
1176,2025-03-19 23:42:05,125.65,-1.7880578,-0.157,22.266,-1,-1,-1,-1,Before Launch
1177,2025-03-19 23:42:05,125.676,-1.6765092400000001,-0.204,22.256,-1,-1,-1,-1,Before Launch
1178,2025-03-19 23:42:05,125.704,-1.6765092400000001,0.225,22.256,-1,-1,-1,-1,Before Launch
1179,2025-03-19 23:42:05,125.733,-2.40157488,0.02,22.256,-1,-1,-1,-1,Before Launch
1180,2025-03-19 23:42:06,126.162,-1.6765092400000001,0.046,22.256,-1,-1,-1,-1,Before Launch
1181,2025-03-19 23:42:06,126.185,-0.9547244399999999,0.043,22.256,-1,-1,-1,-1,Before Launch
1182,2025-03-19 23:42:06,126.21,-1.79790032,0.0,22.259,-1,-1,-1,-1,Before Launch
1183,2025-03-19 23:42:06,126.24,-2.76246728,-0.068,22.256,-1,-1,-1,-1,Before Launch
1184,2025-03-19 23:42:06,126.273,-2.40157488,-0.025,22.264,-1,-1,-1,-1,Before Launch
1185,2025-03-19 23:42:06,126.702,-2.04068248,-0.047,22.256,-1,-1,-1,-1,Before Launch
1186,2025-03-19 23:42:06,126.725,-1.4370079199999999,0.065,22.259,-1,-1,-1,-1,Before Launch
1187,2025-03-19 23:42:06,126.75,-2.1489502000000003,-0.271,22.266,-1,-1,-1,-1,Before Launch
1188,2025-03-19 23:42:06,126.778,-2.15879272,-0.138,22.259,-1,-1,-1,-1,Before Launch
1189,2025-03-19 23:42:06,126.807,-1.9192913999999999,-0.228,22.261,-1,-1,-1,-1,Before Launch
1190,2025-03-19 23:42:07,127.236,-1.4370079199999999,-0.113,22.259,-1,-1,-1,-1,Before Launch
1191,2025-03-19 23:42:07,127.258,-1.79790032,-0.249,22.259,-1,-1,-1,-1,Before Launch
1192,2025-03-19 23:42:07,127.284,-1.9192913999999999,-0.138,22.254,-1,-1,-1,-1,Before Launch
1193,2025-03-19 23:42:07,127.31,-2.15879272,-0.273,22.254,-1,-1,-1,-1,Before Launch
1194,2025-03-19 23:42:07,127.339,-1.56824152,-0.117,22.246,-1,-1,-1,-1,Before Launch
1195,2025-03-19 23:42:07,127.767,-3.00524944,-0.296,22.261,-1,-1,-1,-1,Before Launch
1196,2025-03-19 23:42:07,127.79,-1.3156168400000001,-0.204,22.256,-1,-1,-1,-1,Before Launch
1197,2025-03-19 23:42:08,127.815,-2.76246728,-0.271,22.256,-1,-1,-1,-1,Before Launch
1198,2025-03-19 23:42:08,127.84,-0.48228348,0.156,22.246,-1,-1,-1,-1,Before Launch
1199,2025-03-19 23:42:08,127.869,-1.3156168400000001,0.0,22.254,-1,-1,-1,-1,Before Launch
1200,2025-03-19 23:42:08,128.299,-1.4370079199999999,-0.113,22.259,-1,-1,-1,-1,Before Launch
1201,2025-03-19 23:42:08,128.323,-1.3156168400000001,-0.113,22.259,-1,-1,-1,-1,Before Launch
1202,2025-03-19 23:42:08,128.351,-0.35104988,0.473,22.259,-1,-1,-1,-1,Before Launch
1203,2025-03-19 23:42:08,128.379,-1.3156168400000001,0.023,22.256,-1,-1,-1,-1,Before Launch
1204,2025-03-19 23:42:08,128.407,0.0,0.335,22.251,-1,-1,-1,-1,Before Launch
1205,2025-03-19 23:42:09,128.838,-1.79790032,-0.384,22.259,-1,-1,-1,-1,Before Launch
1206,2025-03-19 23:42:09,128.861,-1.55511816,-0.181,22.261,-1,-1,-1,-1,Before Launch
1207,2025-03-19 23:42:09,128.883,-0.71194228,0.181,22.259,-1,-1,-1,-1,Before Launch
1208,2025-03-19 23:42:09,128.917,-1.07283468,0.181,22.259,-1,-1,-1,-1,Before Launch
1209,2025-03-19 23:42:09,128.946,-1.06299216,0.092,22.266,-1,-1,-1,-1,Before Launch
1210,2025-03-19 23:42:09,129.374,-2.2801837999999996,-0.023,22.261,-1,-1,-1,-1,Before Launch
1211,2025-03-19 23:42:09,129.397,-1.55511816,0.023,22.261,-1,-1,-1,-1,Before Launch
1212,2025-03-19 23:42:09,129.422,-1.08595804,0.11,22.251,-1,-1,-1,-1,Before Launch
1213,2025-03-19 23:42:09,129.448,-1.4370079199999999,0.09,22.259,-1,-1,-1,-1,Before Launch
1214,2025-03-19 23:42:09,129.476,-0.9547244399999999,0.09,22.256,-1,-1,-1,-1,Before Launch
1215,2025-03-19 23:42:10,129.906,-0.71194228,0.271,22.259,-1,-1,-1,-1,Before Launch
1216,2025-03-19 23:42:10,129.929,-0.9547244399999999,-0.136,22.256,-1,-1,-1,-1,Before Launch
1217,2025-03-19 23:42:10,129.954,-1.9192913999999999,-0.045,22.261,-1,-1,-1,-1,Before Launch
1218,2025-03-19 23:42:10,129.979,-0.71194228,0.18,22.259,-1,-1,-1,-1,Before Launch
1219,2025-03-19 23:42:10,130.015,-0.9547244399999999,0.067,22.256,-1,-1,-1,-1,Before Launch
1220,2025-03-19 23:42:10,130.44,-2.04068248,-0.068,22.256,-1,-1,-1,-1,Before Launch
1221,2025-03-19 23:42:10,130.462,-1.9192913999999999,0.09,22.256,-1,-1,-1,-1,Before Launch
1222,2025-03-19 23:42:10,130.485,-3.12664052,-0.293,22.256,-1,-1,-1,-1,Before Launch
1223,2025-03-19 23:42:10,130.514,-0.5905511999999999,0.0,22.256,-1,-1,-1,-1,Before Launch
1224,2025-03-19 23:42:10,130.542,-0.5905511999999999,0.271,22.256,-1,-1,-1,-1,Before Launch
1225,2025-03-19 23:42:11,130.974,-1.32545936,0.021,22.249,-1,-1,-1,-1,Before Launch
1226,2025-03-19 23:42:11,130.996,-1.8077428400000002,-0.004,22.251,-1,-1,-1,-1,Before Launch
1227,2025-03-19 23:42:11,131.021,0.60367456,0.427,22.246,-1,-1,-1,-1,Before Launch
1228,2025-03-19 23:42:11,131.049,-0.9547244399999999,0.135,22.256,-1,-1,-1,-1,Before Launch
1229,2025-03-19 23:42:11,131.077,-3.12664052,-0.136,22.256,-1,-1,-1,-1,Before Launch
1230,2025-03-19 23:42:11,131.506,-1.07283468,0.113,22.259,-1,-1,-1,-1,Before Launch
1231,2025-03-19 23:42:11,131.528,-1.32545936,-0.069,22.249,-1,-1,-1,-1,Before Launch
1232,2025-03-19 23:42:11,131.552,-1.56824152,0.043,22.246,-1,-1,-1,-1,Before Launch
1233,2025-03-19 23:42:11,131.581,-1.9192913999999999,0.158,22.254,-1,-1,-1,-1,Before Launch
1234,2025-03-19 23:42:11,131.609,-2.17191608,0.043,22.251,-1,-1,-1,-1,Before Launch
1235,2025-03-19 23:42:12,132.038,-1.8077428400000002,0.044,22.251,-1,-1,-1,-1,Before Launch
1236,2025-03-19 23:42:12,132.06,-0.83333336,0.113,22.261,-1,-1,-1,-1,Before Launch
1237,2025-03-19 23:42:12,132.085,-3.12664052,-0.183,22.256,-1,-1,-1,-1,Before Launch
1238,2025-03-19 23:42:12,132.111,-1.9192913999999999,0.045,22.254,-1,-1,-1,-1,Before Launch
1239,2025-03-19 23:42:12,132.14,0.0,0.36,22.251,-1,-1,-1,-1,Before Launch
1240,2025-03-19 23:42:12,132.568,-0.96456696,0.089,22.249,-1,-1,-1,-1,Before Launch
1241,2025-03-19 23:42:12,132.591,-1.32545936,0.089,22.251,-1,-1,-1,-1,Before Launch
1242,2025-03-19 23:42:12,132.616,-1.8077428400000002,0.021,22.251,-1,-1,-1,-1,Before Launch
1243,2025-03-19 23:42:12,132.641,-1.5583989999999999,0.113,22.254,-1,-1,-1,-1,Before Launch
1244,2025-03-19 23:42:12,132.67,-0.3608924,0.226,22.251,-1,-1,-1,-1,Before Launch
1245,2025-03-19 23:42:13,133.099,-1.44685044,0.292,22.244,-1,-1,-1,-1,Before Launch
1246,2025-03-19 23:42:13,133.122,-3.01509196,-0.319,22.246,-1,-1,-1,-1,Before Launch
1247,2025-03-19 23:42:13,133.147,-1.08595804,0.314,22.251,-1,-1,-1,-1,Before Launch
1248,2025-03-19 23:42:13,133.172,-1.8077428400000002,-0.249,22.251,-1,-1,-1,-1,Before Launch
1249,2025-03-19 23:42:13,133.2,-1.08595804,0.043,22.251,-1,-1,-1,-1,Before Launch
1250,2025-03-19 23:42:13,133.63,-1.6896326,-0.047,22.249,-1,-1,-1,-1,Before Launch
1251,2025-03-19 23:42:13,133.653,-1.44685044,-0.025,22.251,-1,-1,-1,-1,Before Launch
1252,2025-03-19 23:42:13,133.677,-1.5583989999999999,-0.227,22.254,-1,-1,-1,-1,Before Launch
1253,2025-03-19 23:42:13,133.705,-1.8077428400000002,-0.092,22.251,-1,-1,-1,-1,Before Launch
1254,2025-03-19 23:42:13,133.736,-1.56824152,-0.294,22.246,-1,-1,-1,-1,Before Launch
1255,2025-03-19 23:42:14,134.165,-1.6896326,0.02,22.249,-1,-1,-1,-1,Before Launch
1256,2025-03-19 23:42:14,134.187,-3.00524944,-0.272,22.251,-1,-1,-1,-1,Before Launch
1257,2025-03-19 23:42:14,134.212,-0.60367456,0.02,22.249,-1,-1,-1,-1,Before Launch
1258,2025-03-19 23:42:14,134.237,-2.050525,-0.184,22.249,-1,-1,-1,-1,Before Launch
1259,2025-03-19 23:42:14,134.266,-1.32545936,-0.049,22.249,-1,-1,-1,-1,Before Launch
1260,2025-03-19 23:42:14,134.694,-0.3608924,0.361,22.251,-1,-1,-1,-1,Before Launch
1261,2025-03-19 23:42:14,134.717,-0.5905511999999999,0.181,22.256,-1,-1,-1,-1,Before Launch
1262,2025-03-19 23:42:14,134.74,-1.5583989999999999,-0.089,22.254,-1,-1,-1,-1,Before Launch
1263,2025-03-19 23:42:14,134.768,-0.7217848,0.134,22.251,-1,-1,-1,-1,Before Launch
1264,2025-03-19 23:42:14,134.796,-0.83333336,0.023,22.254,-1,-1,-1,-1,Before Launch
1265,2025-03-19 23:42:15,135.225,-1.56824152,-0.161,22.246,-1,-1,-1,-1,Before Launch
1266,2025-03-19 23:42:15,135.248,-3.8615486800000003,-0.546,22.249,-1,-1,-1,-1,Before Launch
1267,2025-03-19 23:42:15,135.272,-1.5583989999999999,0.068,22.254,-1,-1,-1,-1,Before Launch
1268,2025-03-19 23:42:15,135.298,-1.8077428400000002,-0.206,22.246,-1,-1,-1,-1,Before Launch
1269,2025-03-19 23:42:15,135.326,0.60367456,0.293,22.246,-1,-1,-1,-1,Before Launch
1270,2025-03-19 23:42:15,135.76,-0.12139108,0.361,22.246,-1,-1,-1,-1,Before Launch
1271,2025-03-19 23:42:15,135.782,-1.6896326,0.043,22.249,-1,-1,-1,-1,Before Launch
1272,2025-03-19 23:42:15,135.807,-1.08595804,0.383,22.251,-1,-1,-1,-1,Before Launch
1273,2025-03-19 23:42:16,135.833,-2.2801837999999996,-0.318,22.254,-1,-1,-1,-1,Before Launch
1274,2025-03-19 23:42:16,135.861,-1.32545936,-0.138,22.249,-1,-1,-1,-1,Before Launch
1275,2025-03-19 23:42:16,136.293,-1.9192913999999999,-0.112,22.254,-1,-1,-1,-1,Before Launch
1276,2025-03-19 23:42:16,136.315,-0.3608924,0.272,22.246,-1,-1,-1,-1,Before Launch
1277,2025-03-19 23:42:16,136.34,-1.44685044,-0.386,22.251,-1,-1,-1,-1,Before Launch
1278,2025-03-19 23:42:16,136.366,-1.6896326,-0.138,22.249,-1,-1,-1,-1,Before Launch
1279,2025-03-19 23:42:16,136.394,-1.32545936,0.339,22.249,-1,-1,-1,-1,Before Launch
1280,2025-03-19 23:42:17,136.825,-1.8077428400000002,-0.138,22.251,-1,-1,-1,-1,Before Launch
1281,2025-03-19 23:42:17,136.847,-1.44685044,-0.023,22.249,-1,-1,-1,-1,Before Launch
1282,2025-03-19 23:42:17,136.871,-2.29330716,-0.136,22.246,-1,-1,-1,-1,Before Launch
1283,2025-03-19 23:42:17,136.901,-3.00524944,-0.204,22.254,-1,-1,-1,-1,Before Launch
1284,2025-03-19 23:42:17,136.929,-3.61876652,-0.272,22.251,-1,-1,-1,-1,Before Launch
1285,2025-03-19 23:42:17,137.358,-1.19422576,0.115,22.254,-1,-1,-1,-1,Before Launch
1286,2025-03-19 23:42:17,137.38,-2.17191608,-0.252,22.244,-1,-1,-1,-1,Before Launch
1287,2025-03-19 23:42:17,137.405,-0.12139108,0.565,22.246,-1,-1,-1,-1,Before Launch
1288,2025-03-19 23:42:17,137.433,-1.19422576,0.136,22.254,-1,-1,-1,-1,Before Launch
1289,2025-03-19 23:42:17,137.461,-1.32545936,-0.249,22.249,-1,-1,-1,-1,Before Launch
1290,2025-03-19 23:42:18,137.89,-1.92913392,-0.181,22.246,-1,-1,-1,-1,Before Launch
1291,2025-03-19 23:42:18,137.912,-0.7217848,0.113,22.241,-1,-1,-1,-1,Before Launch
1292,2025-03-19 23:42:18,137.937,-0.3608924,0.272,22.244,-1,-1,-1,-1,Before Launch
1293,2025-03-19 23:42:18,137.962,-1.44685044,0.021,22.244,-1,-1,-1,-1,Before Launch
1294,2025-03-19 23:42:18,137.991,-1.32545936,-0.181,22.249,-1,-1,-1,-1,Before Launch
1295,2025-03-19 23:42:18,138.419,-0.48228348,0.181,22.246,-1,-1,-1,-1,Before Launch
1296,2025-03-19 23:42:18,138.442,-1.6896326,0.249,22.249,-1,-1,-1,-1,Before Launch
1297,2025-03-19 23:42:18,138.466,-1.5583989999999999,-0.089,22.254,-1,-1,-1,-1,Before Launch
1298,2025-03-19 23:42:18,138.492,-2.89370088,-0.204,22.251,-1,-1,-1,-1,Before Launch
1299,2025-03-19 23:42:18,138.52,-2.77559064,-0.318,22.249,-1,-1,-1,-1,Before Launch
1300,2025-03-19 23:42:19,138.95,-1.21719164,0.089,22.239,-1,-1,-1,-1,Before Launch
1301,2025-03-19 23:42:19,138.972,-2.17191608,-0.136,22.251,-1,-1,-1,-1,Before Launch
1302,2025-03-19 23:42:19,138.997,-1.32545936,0.044,22.249,-1,-1,-1,-1,Before Launch
1303,2025-03-19 23:42:19,139.023,-0.61351708,0.225,22.241,-1,-1,-1,-1,Before Launch
1304,2025-03-19 23:42:19,139.053,-1.44685044,0.023,22.244,-1,-1,-1,-1,Before Launch
1305,2025-03-19 23:42:19,139.481,-2.06036752,-0.07,22.241,-1,-1,-1,-1,Before Launch
1306,2025-03-19 23:42:19,139.504,-0.72506564,0.429,22.244,-1,-1,-1,-1,Before Launch
1307,2025-03-19 23:42:19,139.529,-2.89698172,-0.431,22.244,-1,-1,-1,-1,Before Launch
1308,2025-03-19 23:42:19,139.554,-3.25787412,-0.227,22.244,-1,-1,-1,-1,Before Launch
1309,2025-03-19 23:42:19,139.585,-2.40157488,-0.202,22.256,-1,-1,-1,-1,Before Launch
1310,2025-03-19 23:42:20,140.023,-1.8110236800000001,-0.272,22.244,-1,-1,-1,-1,Before Launch
1311,2025-03-19 23:42:20,140.046,-1.32545936,-0.138,22.249,-1,-1,-1,-1,Before Launch
1312,2025-03-19 23:42:20,140.069,-1.19422576,0.068,22.246,-1,-1,-1,-1,Before Launch
1313,2025-03-19 23:42:20,140.092,-1.8110236800000001,-0.205,22.244,-1,-1,-1,-1,Before Launch
1314,2025-03-19 23:42:20,140.12,-1.56824152,-0.138,22.246,-1,-1,-1,-1,Before Launch
1315,2025-03-19 23:42:20,140.549,-0.72506564,0.158,22.244,-1,-1,-1,-1,Before Launch
1316,2025-03-19 23:42:20,140.572,-0.61351708,0.61,22.241,-1,-1,-1,-1,Before Launch
1317,2025-03-19 23:42:20,140.594,-1.20734912,0.066,22.246,-1,-1,-1,-1,Before Launch
1318,2025-03-19 23:42:20,140.622,-0.72506564,0.203,22.244,-1,-1,-1,-1,Before Launch
1319,2025-03-19 23:42:20,140.65,-1.33858272,-0.365,22.241,-1,-1,-1,-1,Before Launch
1320,2025-03-19 23:42:21,141.08,-1.69947512,-0.297,22.241,-1,-1,-1,-1,Before Launch
1321,2025-03-19 23:42:21,141.106,-0.84317588,0.159,22.246,-1,-1,-1,-1,Before Launch
1322,2025-03-19 23:42:21,141.134,-1.8208662000000002,-0.138,22.236,-1,-1,-1,-1,Before Launch
1323,2025-03-19 23:42:21,141.162,-2.4245407599999997,-0.027,22.241,-1,-1,-1,-1,Before Launch
1324,2025-03-19 23:42:21,141.191,-0.37401576000000003,0.179,22.236,-1,-1,-1,-1,Before Launch
1325,2025-03-19 23:42:21,141.621,-3.1496063999999997,-0.231,22.234,-1,-1,-1,-1,Before Launch
1326,2025-03-19 23:42:21,141.643,-2.4245407599999997,-0.387,22.241,-1,-1,-1,-1,Before Launch
1327,2025-03-19 23:42:21,141.668,-1.94225728,-0.093,22.239,-1,-1,-1,-1,Before Launch
1328,2025-03-19 23:42:21,141.696,-1.57808404,0.021,22.239,-1,-1,-1,-1,Before Launch
1329,2025-03-19 23:42:21,141.725,-3.26771664,-0.364,22.236,-1,-1,-1,-1,Before Launch
1330,2025-03-19 23:42:22,142.154,-1.94225728,-0.025,22.239,-1,-1,-1,-1,Before Launch
1331,2025-03-19 23:42:22,142.177,-1.8208662000000002,-0.07,22.236,-1,-1,-1,-1,Before Launch
1332,2025-03-19 23:42:22,142.201,-0.97769032,0.247,22.234,-1,-1,-1,-1,Before Launch
1333,2025-03-19 23:42:22,142.227,-1.69947512,0.245,22.234,-1,-1,-1,-1,Before Launch
1334,2025-03-19 23:42:22,142.256,-1.8110236800000001,0.339,22.244,-1,-1,-1,-1,Before Launch
1335,2025-03-19 23:42:22,142.685,-2.6673229199999997,-0.277,22.231,-1,-1,-1,-1,Before Launch
1336,2025-03-19 23:42:22,142.708,-1.09580056,0.202,22.236,-1,-1,-1,-1,Before Launch
1337,2025-03-19 23:42:22,142.732,-1.57808404,-0.273,22.239,-1,-1,-1,-1,Before Launch
1338,2025-03-19 23:42:22,142.757,-0.37401576000000003,0.154,22.236,-1,-1,-1,-1,Before Launch
1339,2025-03-19 23:42:22,142.785,-1.33858272,-0.002,22.241,-1,-1,-1,-1,Before Launch
1340,2025-03-19 23:42:23,143.214,-1.57808404,0.066,22.239,-1,-1,-1,-1,Before Launch
1341,2025-03-19 23:42:23,143.237,-1.09580056,-0.07,22.236,-1,-1,-1,-1,Before Launch
1342,2025-03-19 23:42:23,143.262,-1.69947512,-0.251,22.234,-1,-1,-1,-1,Before Launch
1343,2025-03-19 23:42:23,143.291,-2.3031496799999998,-0.161,22.239,-1,-1,-1,-1,Before Launch
1344,2025-03-19 23:42:23,143.319,-2.17191608,-0.159,22.244,-1,-1,-1,-1,Before Launch
1345,2025-03-19 23:42:23,143.747,-0.1312336,0.066,22.239,-1,-1,-1,-1,Before Launch
1346,2025-03-19 23:42:23,143.77,-0.02296588,0.313,22.229,-1,-1,-1,-1,Before Launch
1347,2025-03-19 23:42:23,143.794,-1.8208662000000002,-0.049,22.236,-1,-1,-1,-1,Before Launch
1348,2025-03-19 23:42:24,143.822,-2.3031496799999998,0.111,22.239,-1,-1,-1,-1,Before Launch
1349,2025-03-19 23:42:24,143.852,-0.73490816,0.383,22.236,-1,-1,-1,-1,Before Launch
1350,2025-03-19 23:42:24,144.281,-0.85629924,0.068,22.239,-1,-1,-1,-1,Before Launch
1351,2025-03-19 23:42:24,144.303,-0.49212599999999995,0.315,22.239,-1,-1,-1,-1,Before Launch
1352,2025-03-19 23:42:24,144.327,-0.49212599999999995,0.156,22.239,-1,-1,-1,-1,Before Launch
1353,2025-03-19 23:42:24,144.355,-0.12139108,0.092,22.246,-1,-1,-1,-1,Before Launch
1354,2025-03-19 23:42:24,144.384,-0.37401576000000003,0.201,22.236,-1,-1,-1,-1,Before Launch
1355,2025-03-19 23:42:25,144.815,-0.9744094799999999,0.204,22.241,-1,-1,-1,-1,Before Launch
1356,2025-03-19 23:42:25,144.838,-1.09580056,-0.07,22.239,-1,-1,-1,-1,Before Launch
1357,2025-03-19 23:42:25,144.862,-3.98293976,-0.204,22.244,-1,-1,-1,-1,Before Launch
1358,2025-03-19 23:42:25,144.89,-1.09580056,0.405,22.236,-1,-1,-1,-1,Before Launch
1359,2025-03-19 23:42:25,144.919,-0.25262468,0.403,22.234,-1,-1,-1,-1,Before Launch
1360,2025-03-19 23:42:25,145.351,-2.3031496799999998,-0.092,22.239,-1,-1,-1,-1,Before Launch
1361,2025-03-19 23:42:25,145.374,-1.10892392,0.041,22.229,-1,-1,-1,-1,Before Launch
1362,2025-03-19 23:42:25,145.4,-0.85629924,0.063,22.231,-1,-1,-1,-1,Before Launch
1363,2025-03-19 23:42:25,145.428,-1.94225728,-0.025,22.231,-1,-1,-1,-1,Before Launch
1364,2025-03-19 23:42:25,145.457,-1.33858272,0.043,22.234,-1,-1,-1,-1,Before Launch
1365,2025-03-19 23:42:26,145.886,-1.4599738,-0.138,22.236,-1,-1,-1,-1,Before Launch
1366,2025-03-19 23:42:26,145.909,-0.61351708,0.0,22.234,-1,-1,-1,-1,Before Launch
1367,2025-03-19 23:42:26,145.931,-0.37401576000000003,0.156,22.236,-1,-1,-1,-1,Before Launch
1368,2025-03-19 23:42:26,145.962,-1.21719164,-0.092,22.239,-1,-1,-1,-1,Before Launch
1369,2025-03-19 23:42:26,145.99,-1.4599738,-0.023,22.236,-1,-1,-1,-1,Before Launch
1370,2025-03-19 23:42:26,146.42,-1.22047248,0.09,22.231,-1,-1,-1,-1,Before Launch
1371,2025-03-19 23:42:26,146.443,-0.97769032,-0.025,22.234,-1,-1,-1,-1,Before Launch
1372,2025-03-19 23:42:26,146.467,-3.26771664,-0.271,22.236,-1,-1,-1,-1,Before Launch
1373,2025-03-19 23:42:26,146.493,-2.54593184,-0.023,22.236,-1,-1,-1,-1,Before Launch
1374,2025-03-19 23:42:26,146.522,-2.54593184,-0.407,22.236,-1,-1,-1,-1,Before Launch
1375,2025-03-19 23:42:27,146.95,-1.33858272,0.34,22.234,-1,-1,-1,-1,Before Launch
1376,2025-03-19 23:42:27,146.973,-1.4599738,0.181,22.236,-1,-1,-1,-1,Before Launch
1377,2025-03-19 23:42:27,146.997,-2.54593184,-0.113,22.236,-1,-1,-1,-1,Before Launch
1378,2025-03-19 23:42:27,147.023,-2.3031496799999998,-0.136,22.239,-1,-1,-1,-1,Before Launch
1379,2025-03-19 23:42:27,147.052,-0.85629924,0.453,22.239,-1,-1,-1,-1,Before Launch
1380,2025-03-19 23:42:27,147.48,-1.21719164,0.136,22.239,-1,-1,-1,-1,Before Launch
1381,2025-03-19 23:42:27,147.504,-2.1817586,-0.068,22.236,-1,-1,-1,-1,Before Launch
1382,2025-03-19 23:42:27,147.529,-0.85629924,0.023,22.231,-1,-1,-1,-1,Before Launch
1383,2025-03-19 23:42:27,147.559,-1.33858272,0.068,22.234,-1,-1,-1,-1,Before Launch
1384,2025-03-19 23:42:27,147.587,-0.49540683999999996,0.247,22.231,-1,-1,-1,-1,Before Launch
1385,2025-03-19 23:42:28,148.018,-0.73490816,0.362,22.236,-1,-1,-1,-1,Before Launch
1386,2025-03-19 23:42:28,148.041,-2.19488196,-0.206,22.229,-1,-1,-1,-1,Before Launch
1387,2025-03-19 23:42:28,148.065,-0.97769032,0.113,22.231,-1,-1,-1,-1,Before Launch
1388,2025-03-19 23:42:28,148.094,-1.4599738,-0.203,22.239,-1,-1,-1,-1,Before Launch
1389,2025-03-19 23:42:28,148.123,-0.61351708,0.136,22.234,-1,-1,-1,-1,Before Launch
1390,2025-03-19 23:42:28,148.551,-0.49540683999999996,0.203,22.231,-1,-1,-1,-1,Before Launch
1391,2025-03-19 23:42:28,148.574,-0.61351708,0.09,22.234,-1,-1,-1,-1,Before Launch
1392,2025-03-19 23:42:28,148.596,-0.37401576000000003,0.248,22.236,-1,-1,-1,-1,Before Launch
1393,2025-03-19 23:42:28,148.624,-2.06364836,0.045,22.234,-1,-1,-1,-1,Before Launch
1394,2025-03-19 23:42:28,148.654,-2.4245407599999997,-0.047,22.234,-1,-1,-1,-1,Before Launch
1395,2025-03-19 23:42:29,149.083,-2.3031496799999998,-0.407,22.239,-1,-1,-1,-1,Before Launch
1396,2025-03-19 23:42:29,149.105,-2.1817586,-0.405,22.236,-1,-1,-1,-1,Before Launch
1397,2025-03-19 23:42:29,149.128,-0.9744094799999999,0.159,22.241,-1,-1,-1,-1,Before Launch
1398,2025-03-19 23:42:29,149.156,-1.22047248,0.203,22.231,-1,-1,-1,-1,Before Launch
1399,2025-03-19 23:42:29,149.186,-0.62664044,0.02,22.226,-1,-1,-1,-1,Before Launch
1400,2025-03-19 23:42:29,149.615,-0.98753284,-0.025,22.226,-1,-1,-1,-1,Before Launch
1401,2025-03-19 23:42:29,149.637,-0.61351708,-0.023,22.234,-1,-1,-1,-1,Before Launch
1402,2025-03-19 23:42:29,149.662,-0.49540683999999996,-0.001,22.231,-1,-1,-1,-1,Before Launch
1403,2025-03-19 23:42:29,149.688,-1.58136488,-0.274,22.231,-1,-1,-1,-1,Before Launch
1404,2025-03-19 23:42:29,149.717,-0.85629924,-0.09,22.231,-1,-1,-1,-1,Before Launch
1405,2025-03-19 23:42:30,150.149,-0.37401576000000003,0.113,22.234,-1,-1,-1,-1,Before Launch
1406,2025-03-19 23:42:30,150.171,-1.09580056,0.0,22.236,-1,-1,-1,-1,Before Launch
1407,2025-03-19 23:42:30,150.196,-0.61351708,0.632,22.234,-1,-1,-1,-1,Before Launch
1408,2025-03-19 23:42:30,150.222,-0.61351708,0.09,22.234,-1,-1,-1,-1,Before Launch
1409,2025-03-19 23:42:30,150.25,-1.33858272,-0.204,22.234,-1,-1,-1,-1,Before Launch
1410,2025-03-19 23:42:30,150.678,-0.61351708,0.317,22.234,-1,-1,-1,-1,Before Launch
1411,2025-03-19 23:42:30,150.701,-0.49540683999999996,0.115,22.231,-1,-1,-1,-1,Before Launch
1412,2025-03-19 23:42:30,150.727,0.5905511999999999,0.272,22.231,-1,-1,-1,-1,Before Launch
1413,2025-03-19 23:42:30,150.752,-1.8208662000000002,0.023,22.236,-1,-1,-1,-1,Before Launch
1414,2025-03-19 23:42:30,150.781,-1.09580056,0.046,22.236,-1,-1,-1,-1,Before Launch
1415,2025-03-19 23:42:31,151.209,-1.09580056,0.068,22.236,-1,-1,-1,-1,Before Launch
1416,2025-03-19 23:42:31,151.232,-0.85629924,-0.046,22.231,-1,-1,-1,-1,Before Launch
1417,2025-03-19 23:42:31,151.257,-1.09580056,-0.136,22.236,-1,-1,-1,-1,Before Launch
1418,2025-03-19 23:42:31,151.283,-1.8110236800000001,-0.112,22.244,-1,-1,-1,-1,Before Launch
1419,2025-03-19 23:42:31,151.313,-2.6673229199999997,-0.227,22.231,-1,-1,-1,-1,Before Launch
1420,2025-03-19 23:42:31,151.741,-1.3484252399999999,-0.024,22.226,-1,-1,-1,-1,Before Launch
1421,2025-03-19 23:42:31,151.764,-0.85629924,0.023,22.231,-1,-1,-1,-1,Before Launch
1422,2025-03-19 23:42:31,151.788,-2.19488196,0.202,22.229,-1,-1,-1,-1,Before Launch
1423,2025-03-19 23:42:32,151.817,-2.7854331599999997,-0.045,22.241,-1,-1,-1,-1,Before Launch
1424,2025-03-19 23:42:32,151.846,-0.49212599999999995,0.386,22.239,-1,-1,-1,-1,Before Launch
1425,2025-03-19 23:42:32,152.276,-2.1817586,-0.158,22.236,-1,-1,-1,-1,Before Launch
1426,2025-03-19 23:42:32,152.305,-0.2624672,0.225,22.224,-1,-1,-1,-1,Before Launch
1427,2025-03-19 23:42:32,152.332,-1.4599738,0.204,22.236,-1,-1,-1,-1,Before Launch
1428,2025-03-19 23:42:32,152.361,-1.09580056,0.226,22.236,-1,-1,-1,-1,Before Launch
1429,2025-03-19 23:42:32,152.391,0.59383204,0.272,22.239,-1,-1,-1,-1,Before Launch
1430,2025-03-19 23:42:33,152.819,-0.38713912,0.155,22.234,-1,-1,-1,-1,Before Launch
1431,2025-03-19 23:42:33,152.842,0.22965880000000002,0.452,22.231,-1,-1,-1,-1,Before Launch
1432,2025-03-19 23:42:33,152.867,0.10826772,0.181,22.234,-1,-1,-1,-1,Before Launch
1433,2025-03-19 23:42:33,152.893,-0.37401576000000003,0.181,22.236,-1,-1,-1,-1,Before Launch
1434,2025-03-19 23:42:33,152.921,-1.21719164,-0.135,22.239,-1,-1,-1,-1,Before Launch
1435,2025-03-19 23:42:33,153.35,-1.5912074,-0.161,22.226,-1,-1,-1,-1,Before Launch
1436,2025-03-19 23:42:33,153.373,-0.74475068,0.272,22.229,-1,-1,-1,-1,Before Launch
1437,2025-03-19 23:42:33,153.399,-2.06364836,-0.204,22.234,-1,-1,-1,-1,Before Launch
1438,2025-03-19 23:42:33,153.423,-0.37401576000000003,0.204,22.236,-1,-1,-1,-1,Before Launch
1439,2025-03-19 23:42:33,153.451,-0.49540683999999996,0.022,22.231,-1,-1,-1,-1,Before Launch
1440,2025-03-19 23:42:34,153.88,0.45931760000000005,0.179,22.226,-1,-1,-1,-1,Before Launch
1441,2025-03-19 23:42:34,153.903,-1.33858272,-0.136,22.231,-1,-1,-1,-1,Before Launch
1442,2025-03-19 23:42:34,153.928,-0.74475068,-0.07,22.229,-1,-1,-1,-1,Before Launch
1443,2025-03-19 23:42:34,153.953,-2.4245407599999997,-0.068,22.234,-1,-1,-1,-1,Before Launch
1444,2025-03-19 23:42:34,153.982,-0.61351708,0.34,22.241,-1,-1,-1,-1,Before Launch
1445,2025-03-19 23:42:34,154.411,-1.10892392,0.224,22.229,-1,-1,-1,-1,Before Launch
1446,2025-03-19 23:42:34,154.433,-0.49212599999999995,0.317,22.239,-1,-1,-1,-1,Before Launch
1447,2025-03-19 23:42:34,154.456,-0.00984252,0.181,22.236,-1,-1,-1,-1,Before Launch
1448,2025-03-19 23:42:34,154.485,-0.85629924,0.068,22.231,-1,-1,-1,-1,Before Launch
1449,2025-03-19 23:42:34,154.513,-0.97769032,-0.066,22.234,-1,-1,-1,-1,Before Launch
1450,2025-03-19 23:42:35,154.943,-0.02296588,0.181,22.229,-1,-1,-1,-1,Before Launch
1451,2025-03-19 23:42:35,154.966,-1.09580056,-0.091,22.234,-1,-1,-1,-1,Before Launch
1452,2025-03-19 23:42:35,154.991,0.45931760000000005,0.179,22.226,-1,-1,-1,-1,Before Launch
1453,2025-03-19 23:42:35,155.016,-0.61351708,0.182,22.234,-1,-1,-1,-1,Before Launch
1454,2025-03-19 23:42:35,155.044,-1.94225728,-0.204,22.231,-1,-1,-1,-1,Before Launch
1455,2025-03-19 23:42:35,155.473,-1.57808404,-0.226,22.239,-1,-1,-1,-1,Before Launch
1456,2025-03-19 23:42:35,155.496,-2.6673229199999997,-0.295,22.231,-1,-1,-1,-1,Before Launch
1457,2025-03-19 23:42:35,155.519,-1.33858272,-0.136,22.234,-1,-1,-1,-1,Before Launch
1458,2025-03-19 23:42:35,155.547,-1.8208662000000002,-0.227,22.236,-1,-1,-1,-1,Before Launch
1459,2025-03-19 23:42:35,155.576,-1.09580056,0.046,22.236,-1,-1,-1,-1,Before Launch
1460,2025-03-19 23:42:36,156.005,-1.58136488,-0.182,22.231,-1,-1,-1,-1,Before Launch
1461,2025-03-19 23:42:36,156.028,-1.58136488,-0.204,22.231,-1,-1,-1,-1,Before Launch
1462,2025-03-19 23:42:36,156.052,-0.85629924,-0.272,22.231,-1,-1,-1,-1,Before Launch
1463,2025-03-19 23:42:36,156.077,-0.38385828,0.27,22.229,-1,-1,-1,-1,Before Launch
1464,2025-03-19 23:42:36,156.108,0.70209976,0.338,22.229,-1,-1,-1,-1,Before Launch
1465,2025-03-19 23:42:36,156.54,-1.09580056,0.0,22.236,-1,-1,-1,-1,Before Launch
1466,2025-03-19 23:42:36,156.562,-0.85629924,0.0,22.231,-1,-1,-1,-1,Before Launch
1467,2025-03-19 23:42:36,156.588,-1.69947512,-0.113,22.234,-1,-1,-1,-1,Before Launch
1468,2025-03-19 23:42:36,156.613,-0.97769032,0.156,22.234,-1,-1,-1,-1,Before Launch
1469,2025-03-19 23:42:36,156.641,-1.09580056,0.295,22.236,-1,-1,-1,-1,Before Launch
1470,2025-03-19 23:42:37,157.07,-0.86614176,0.091,22.224,-1,-1,-1,-1,Before Launch
1471,2025-03-19 23:42:37,157.092,-1.3484252399999999,-0.092,22.226,-1,-1,-1,-1,Before Launch
1472,2025-03-19 23:42:37,157.117,-0.50524936,0.317,22.224,-1,-1,-1,-1,Before Launch
1473,2025-03-19 23:42:37,157.143,-1.22047248,0.294,22.231,-1,-1,-1,-1,Before Launch
1474,2025-03-19 23:42:37,157.171,-2.90682424,-0.453,22.224,-1,-1,-1,-1,Before Launch
1475,2025-03-19 23:42:37,157.601,-1.8208662000000002,0.068,22.236,-1,-1,-1,-1,Before Launch
1476,2025-03-19 23:42:37,157.623,-0.9744094799999999,-0.134,22.241,-1,-1,-1,-1,Before Launch
1477,2025-03-19 23:42:37,157.648,-0.61351708,0.159,22.234,-1,-1,-1,-1,Before Launch
1478,2025-03-19 23:42:37,157.673,-0.1312336,0.182,22.239,-1,-1,-1,-1,Before Launch
1479,2025-03-19 23:42:37,157.703,0.35104988,-0.046,22.229,-1,-1,-1,-1,Before Launch
1480,2025-03-19 23:42:38,158.132,-1.83070872,-0.272,22.229,-1,-1,-1,-1,Before Launch
1481,2025-03-19 23:42:38,158.154,-2.9199476,-0.593,22.221,-1,-1,-1,-1,Before Launch
1482,2025-03-19 23:42:38,158.179,-2.54593184,-0.5,22.236,-1,-1,-1,-1,Before Launch
1483,2025-03-19 23:42:38,158.204,-0.85629924,-0.091,22.231,-1,-1,-1,-1,Before Launch
1484,2025-03-19 23:42:38,158.233,-3.39238856,-0.409,22.231,-1,-1,-1,-1,Before Launch
1485,2025-03-19 23:42:38,158.662,0.35104988,0.366,22.231,-1,-1,-1,-1,Before Launch
1486,2025-03-19 23:42:38,158.684,-0.25262468,0.093,22.234,-1,-1,-1,-1,Before Launch
1487,2025-03-19 23:42:38,158.709,-2.6673229199999997,-0.114,22.231,-1,-1,-1,-1,Before Launch
1488,2025-03-19 23:42:38,158.739,-0.62664044,-0.048,22.226,-1,-1,-1,-1,Before Launch
1489,2025-03-19 23:42:38,158.769,-0.73490816,-0.045,22.236,-1,-1,-1,-1,Before Launch
1490,2025-03-19 23:42:39,159.198,-2.43438328,-0.544,22.226,-1,-1,-1,-1,Before Launch
1491,2025-03-19 23:42:39,159.22,-3.5104988,-0.408,22.234,-1,-1,-1,-1,Before Launch
1492,2025-03-19 23:42:39,159.245,-2.55577436,-0.341,22.229,-1,-1,-1,-1,Before Launch
1493,2025-03-19 23:42:39,159.27,-1.58136488,0.159,22.231,-1,-1,-1,-1,Before Launch
1494,2025-03-19 23:42:39,159.299,-1.94225728,-0.25,22.229,-1,-1,-1,-1,Before Launch
1495,2025-03-19 23:42:39,159.727,-2.3064305199999997,-0.225,22.231,-1,-1,-1,-1,Before Launch
1496,2025-03-19 23:42:39,159.75,-1.3484252399999999,-0.161,22.226,-1,-1,-1,-1,Before Launch
1497,2025-03-19 23:42:39,159.775,-2.4245407599999997,-0.454,22.234,-1,-1,-1,-1,Before Launch
1498,2025-03-19 23:42:39,159.801,-0.74475068,0.021,22.229,-1,-1,-1,-1,Before Launch
1499,2025-03-19 23:42:40,159.83,-0.97769032,0.0,22.234,-1,-1,-1,-1,Before Launch
1500,2025-03-19 23:42:40,160.261,-2.90682424,-0.542,22.236,-1,-1,-1,-1,Before Launch
1501,2025-03-19 23:42:40,160.283,-2.1817586,-0.204,22.236,-1,-1,-1,-1,Before Launch
1502,2025-03-19 23:42:40,160.306,-1.33858272,-0.338,22.234,-1,-1,-1,-1,Before Launch
1503,2025-03-19 23:42:40,160.335,-1.33858272,-0.136,22.234,-1,-1,-1,-1,Before Launch
1504,2025-03-19 23:42:40,160.367,-2.7854331599999997,-0.158,22.241,-1,-1,-1,-1,Before Launch
1505,2025-03-19 23:42:40,160.795,-1.69947512,-0.023,22.241,-1,-1,-1,-1,Before Launch
1506,2025-03-19 23:42:41,160.817,-1.4599738,0.227,22.236,-1,-1,-1,-1,Before Launch
1507,2025-03-19 23:42:41,160.841,-0.85629924,0.091,22.239,-1,-1,-1,-1,Before Launch
1508,2025-03-19 23:42:41,160.869,-0.72506564,0.206,22.244,-1,-1,-1,-1,Before Launch
1509,2025-03-19 23:42:41,160.898,-2.7854331599999997,-0.317,22.241,-1,-1,-1,-1,Before Launch
1510,2025-03-19 23:42:41,161.327,-1.57808404,0.001,22.239,-1,-1,-1,-1,Before Launch
1511,2025-03-19 23:42:41,161.35,-0.49212599999999995,0.205,22.239,-1,-1,-1,-1,Before Launch
1512,2025-03-19 23:42:41,161.374,-1.58136488,-0.136,22.231,-1,-1,-1,-1,Before Launch
1513,2025-03-19 23:42:41,161.4,-0.85629924,-0.089,22.231,-1,-1,-1,-1,Before Launch
1514,2025-03-19 23:42:41,161.433,-0.97769032,-0.315,22.234,-1,-1,-1,-1,Before Launch
1515,2025-03-19 23:42:42,161.862,-0.73490816,0.068,22.236,-1,-1,-1,-1,Before Launch
1516,2025-03-19 23:42:42,161.885,-0.73490816,0.023,22.236,-1,-1,-1,-1,Before Launch
1517,2025-03-19 23:42:42,161.909,-0.50524936,0.224,22.224,-1,-1,-1,-1,Before Launch
1518,2025-03-19 23:42:42,161.937,-1.33858272,-0.068,22.234,-1,-1,-1,-1,Before Launch
1519,2025-03-19 23:42:42,161.965,-0.49540683999999996,0.113,22.231,-1,-1,-1,-1,Before Launch
1520,2025-03-19 23:42:42,162.396,-0.25262468,0.115,22.231,-1,-1,-1,-1,Before Launch
1521,2025-03-19 23:42:42,162.418,-0.00984252,0.251,22.236,-1,-1,-1,-1,Before Launch
1522,2025-03-19 23:42:42,162.443,-0.74475068,-0.045,22.229,-1,-1,-1,-1,Before Launch
1523,2025-03-19 23:42:42,162.471,-0.2624672,0.18,22.231,-1,-1,-1,-1,Before Launch
1524,2025-03-19 23:42:42,162.499,-0.85629924,0.385,22.231,-1,-1,-1,-1,Before Launch
1525,2025-03-19 23:42:43,162.927,-1.69947512,0.023,22.239,-1,-1,-1,-1,Before Launch
1526,2025-03-19 23:42:43,162.95,-2.19488196,-0.229,22.229,-1,-1,-1,-1,Before Launch
1527,2025-03-19 23:42:43,162.975,-0.49540683999999996,0.022,22.231,-1,-1,-1,-1,Before Launch
1528,2025-03-19 23:42:43,163.0,0.5905511999999999,0.135,22.231,-1,-1,-1,-1,Before Launch
1529,2025-03-19 23:42:43,163.028,0.22965880000000002,-0.023,22.231,-1,-1,-1,-1,Before Launch
1530,2025-03-19 23:42:43,163.459,-0.9744094799999999,0.161,22.244,-1,-1,-1,-1,Before Launch
1531,2025-03-19 23:42:43,163.482,-1.33858272,0.297,22.241,-1,-1,-1,-1,Before Launch
1532,2025-03-19 23:42:43,163.507,-0.73490816,0.34,22.236,-1,-1,-1,-1,Before Launch
1533,2025-03-19 23:42:43,163.536,-1.21719164,-0.068,22.239,-1,-1,-1,-1,Before Launch
1534,2025-03-19 23:42:43,163.564,-0.9744094799999999,0.454,22.234,-1,-1,-1,-1,Before Launch
1535,2025-03-19 23:42:44,163.994,-0.25262468,-0.113,22.241,-1,-1,-1,-1,Before Launch
1536,2025-03-19 23:42:44,164.017,0.35104988,0.113,22.236,-1,-1,-1,-1,Before Launch
1537,2025-03-19 23:42:44,164.041,-0.49212599999999995,0.408,22.241,-1,-1,-1,-1,Before Launch
1538,2025-03-19 23:42:44,164.066,-0.25262468,0.07,22.241,-1,-1,-1,-1,Before Launch
1539,2025-03-19 23:42:44,164.094,-0.00984252,0.136,22.236,-1,-1,-1,-1,Before Launch
1540,2025-03-19 23:42:44,164.523,-0.37401576000000003,0.387,22.236,-1,-1,-1,-1,Before Launch
1541,2025-03-19 23:42:44,164.547,0.10826772,0.679,22.234,-1,-1,-1,-1,Before Launch
1542,2025-03-19 23:42:44,164.571,-0.25262468,0.432,22.241,-1,-1,-1,-1,Before Launch
1543,2025-03-19 23:42:44,164.599,-0.74475068,0.157,22.234,-1,-1,-1,-1,Before Launch
1544,2025-03-19 23:42:44,164.627,-0.73490816,0.227,22.236,-1,-1,-1,-1,Before Launch
1545,2025-03-19 23:42:45,165.06,-0.02296588,0.428,22.229,-1,-1,-1,-1,Before Launch
1546,2025-03-19 23:42:45,165.082,-0.61351708,0.138,22.234,-1,-1,-1,-1,Before Launch
1547,2025-03-19 23:42:45,165.105,-0.85629924,0.294,22.241,-1,-1,-1,-1,Before Launch
1548,2025-03-19 23:42:45,165.129,-0.73490816,0.002,22.236,-1,-1,-1,-1,Before Launch
1549,2025-03-19 23:42:45,165.158,-0.85629924,0.023,22.231,-1,-1,-1,-1,Before Launch
1550,2025-03-19 23:42:45,165.589,-0.50524936,0.451,22.224,-1,-1,-1,-1,Before Launch
1551,2025-03-19 23:42:45,165.612,-1.4599738,0.135,22.236,-1,-1,-1,-1,Before Launch
1552,2025-03-19 23:42:45,165.636,-1.09580056,0.046,22.236,-1,-1,-1,-1,Before Launch
1553,2025-03-19 23:42:45,165.666,-2.6673229199999997,-0.249,22.231,-1,-1,-1,-1,Before Launch
1554,2025-03-19 23:42:45,165.695,-3.5104988,-0.136,22.241,-1,-1,-1,-1,Before Launch
1555,2025-03-19 23:42:46,166.126,-0.00984252,0.317,22.236,-1,-1,-1,-1,Before Launch
1556,2025-03-19 23:42:46,166.149,-1.33858272,0.023,22.236,-1,-1,-1,-1,Before Launch
1557,2025-03-19 23:42:46,166.173,-0.00984252,0.159,22.236,-1,-1,-1,-1,Before Launch
1558,2025-03-19 23:42:46,166.202,-1.8208662000000002,-0.205,22.236,-1,-1,-1,-1,Before Launch
1559,2025-03-19 23:42:46,166.231,-0.1312336,0.498,22.239,-1,-1,-1,-1,Before Launch
1560,2025-03-19 23:42:46,166.66,-0.73490816,0.158,22.236,-1,-1,-1,-1,Before Launch
1561,2025-03-19 23:42:46,166.683,-3.1496063999999997,-0.498,22.234,-1,-1,-1,-1,Before Launch
1562,2025-03-19 23:42:46,166.708,-1.21719164,0.068,22.239,-1,-1,-1,-1,Before Launch
1563,2025-03-19 23:42:46,166.734,-0.73490816,0.023,22.236,-1,-1,-1,-1,Before Launch
1564,2025-03-19 23:42:46,166.762,-0.37401576000000003,0.113,22.236,-1,-1,-1,-1,Before Launch
1565,2025-03-19 23:42:47,167.19,-1.8208662000000002,-0.204,22.236,-1,-1,-1,-1,Before Launch
1566,2025-03-19 23:42:47,167.213,-0.49212599999999995,0.046,22.239,-1,-1,-1,-1,Before Launch
1567,2025-03-19 23:42:47,167.236,-0.49212599999999995,0.002,22.239,-1,-1,-1,-1,Before Launch
1568,2025-03-19 23:42:47,167.265,-0.74475068,0.111,22.229,-1,-1,-1,-1,Before Launch
1569,2025-03-19 23:42:47,167.293,-1.33858272,-0.158,22.241,-1,-1,-1,-1,Before Launch
1570,2025-03-19 23:42:47,167.722,-0.97769032,-0.136,22.234,-1,-1,-1,-1,Before Launch
1571,2025-03-19 23:42:47,167.744,-2.06364836,-0.386,22.234,-1,-1,-1,-1,Before Launch
1572,2025-03-19 23:42:47,167.769,-0.73490816,0.002,22.236,-1,-1,-1,-1,Before Launch
1573,2025-03-19 23:42:47,167.794,-1.09580056,-0.157,22.236,-1,-1,-1,-1,Before Launch
1574,2025-03-19 23:42:48,167.823,0.70209976,0.293,22.229,-1,-1,-1,-1,Before Launch
1575,2025-03-19 23:42:48,168.251,-2.3064305199999997,-0.114,22.231,-1,-1,-1,-1,Before Launch
1576,2025-03-19 23:42:48,168.274,-1.33858272,0.161,22.234,-1,-1,-1,-1,Before Launch
1577,2025-03-19 23:42:48,168.299,-1.09580056,-0.113,22.236,-1,-1,-1,-1,Before Launch
1578,2025-03-19 23:42:48,168.324,-1.4599738,-0.385,22.236,-1,-1,-1,-1,Before Launch
1579,2025-03-19 23:42:48,168.353,-2.1817586,-0.453,22.241,-1,-1,-1,-1,Before Launch
1580,2025-03-19 23:42:48,168.784,-0.1312336,0.158,22.239,-1,-1,-1,-1,Before Launch
1581,2025-03-19 23:42:48,168.806,-0.49212599999999995,0.159,22.239,-1,-1,-1,-1,Before Launch
1582,2025-03-19 23:42:49,168.831,-0.72506564,0.002,22.244,-1,-1,-1,-1,Before Launch
1583,2025-03-19 23:42:49,168.856,-1.33858272,-0.023,22.241,-1,-1,-1,-1,Before Launch
1584,2025-03-19 23:42:49,168.885,-0.85629924,0.022,22.236,-1,-1,-1,-1,Before Launch
1585,2025-03-19 23:42:49,169.314,-0.9744094799999999,-0.136,22.241,-1,-1,-1,-1,Before Launch
1586,2025-03-19 23:42:49,169.337,-0.25262468,-0.113,22.234,-1,-1,-1,-1,Before Launch
1587,2025-03-19 23:42:49,169.362,-0.37401576000000003,0.022,22.236,-1,-1,-1,-1,Before Launch
1588,2025-03-19 23:42:49,169.387,-0.38385828,-0.025,22.239,-1,-1,-1,-1,Before Launch
1589,2025-03-19 23:42:49,169.416,-0.9744094799999999,-0.181,22.241,-1,-1,-1,-1,Before Launch
1590,2025-03-19 23:42:50,169.848,-3.02821532,-0.498,22.239,-1,-1,-1,-1,Before Launch
1591,2025-03-19 23:42:50,169.87,-0.9744094799999999,-0.203,22.241,-1,-1,-1,-1,Before Launch
1592,2025-03-19 23:42:50,169.895,-0.9744094799999999,-0.136,22.241,-1,-1,-1,-1,Before Launch
1593,2025-03-19 23:42:50,169.922,-1.09580056,-0.066,22.236,-1,-1,-1,-1,Before Launch
1594,2025-03-19 23:42:50,169.95,-2.66404208,-0.362,22.239,-1,-1,-1,-1,Before Launch
1595,2025-03-19 23:42:50,170.381,-2.4245407599999997,-0.451,22.241,-1,-1,-1,-1,Before Launch
1596,2025-03-19 23:42:50,170.404,-2.53280848,-0.361,22.244,-1,-1,-1,-1,Before Launch
1597,2025-03-19 23:42:50,170.429,-0.61351708,0.046,22.234,-1,-1,-1,-1,Before Launch
1598,2025-03-19 23:42:50,170.456,-1.33858272,-0.113,22.241,-1,-1,-1,-1,Before Launch
1599,2025-03-19 23:42:50,170.485,-1.94225728,-0.204,22.239,-1,-1,-1,-1,Before Launch
1600,2025-03-19 23:42:51,170.914,0.35104988,0.161,22.236,-1,-1,-1,-1,Before Launch
1601,2025-03-19 23:42:51,170.937,-0.00984252,0.272,22.239,-1,-1,-1,-1,Before Launch
1602,2025-03-19 23:42:51,170.961,-1.21719164,-0.023,22.239,-1,-1,-1,-1,Before Launch
1603,2025-03-19 23:42:51,170.989,-1.8208662000000002,0.159,22.236,-1,-1,-1,-1,Before Launch
1604,2025-03-19 23:42:51,171.017,-1.09580056,0.454,22.236,-1,-1,-1,-1,Before Launch
1605,2025-03-19 23:42:51,171.447,-0.97769032,-0.182,22.234,-1,-1,-1,-1,Before Launch
1606,2025-03-19 23:42:51,171.469,-1.33858272,0.0,22.236,-1,-1,-1,-1,Before Launch
1607,2025-03-19 23:42:51,171.494,-0.85629924,-0.159,22.239,-1,-1,-1,-1,Before Launch
1608,2025-03-19 23:42:51,171.519,-0.49212599999999995,0.25,22.239,-1,-1,-1,-1,Before Launch
1609,2025-03-19 23:42:51,171.548,-0.37401576000000003,-0.046,22.236,-1,-1,-1,-1,Before Launch
1610,2025-03-19 23:42:52,171.979,-1.94225728,-0.227,22.239,-1,-1,-1,-1,Before Launch
1611,2025-03-19 23:42:52,172.001,-1.09580056,0.386,22.239,-1,-1,-1,-1,Before Launch
1612,2025-03-19 23:42:52,172.026,-1.09580056,0.023,22.236,-1,-1,-1,-1,Before Launch
1613,2025-03-19 23:42:52,172.055,-1.4599738,-0.136,22.236,-1,-1,-1,-1,Before Launch
1614,2025-03-19 23:42:52,172.084,-0.02296588,0.066,22.229,-1,-1,-1,-1,Before Launch
1615,2025-03-19 23:42:52,172.513,-0.85629924,0.181,22.226,-1,-1,-1,-1,Before Launch
1616,2025-03-19 23:42:52,172.535,-1.33858272,-0.159,22.234,-1,-1,-1,-1,Before Launch
1617,2025-03-19 23:42:52,172.56,-0.00984252,0.091,22.236,-1,-1,-1,-1,Before Launch
1618,2025-03-19 23:42:52,172.585,-2.06364836,-0.248,22.234,-1,-1,-1,-1,Before Launch
1619,2025-03-19 23:42:52,172.614,-1.33858272,0.0,22.234,-1,-1,-1,-1,Before Launch
1620,2025-03-19 23:42:53,173.044,-0.49540683999999996,0.091,22.231,-1,-1,-1,-1,Before Launch
1621,2025-03-19 23:42:53,173.066,-1.94225728,0.023,22.231,-1,-1,-1,-1,Before Launch
1622,2025-03-19 23:42:53,173.091,-0.61351708,0.023,22.234,-1,-1,-1,-1,Before Launch
1623,2025-03-19 23:42:53,173.117,-1.94225728,-0.159,22.231,-1,-1,-1,-1,Before Launch
1624,2025-03-19 23:42:53,173.148,-1.4599738,-0.406,22.236,-1,-1,-1,-1,Before Launch
1625,2025-03-19 23:42:53,173.577,-0.85629924,0.272,22.241,-1,-1,-1,-1,Before Launch
1626,2025-03-19 23:42:53,173.599,-1.33858272,0.0,22.241,-1,-1,-1,-1,Before Launch
1627,2025-03-19 23:42:53,173.624,-0.73490816,0.068,22.236,-1,-1,-1,-1,Before Launch
1628,2025-03-19 23:42:53,173.649,-0.61351708,0.159,22.234,-1,-1,-1,-1,Before Launch
1629,2025-03-19 23:42:53,173.678,-1.69947512,0.091,22.241,-1,-1,-1,-1,Before Launch
1630,2025-03-19 23:42:54,174.107,-2.7854331599999997,-0.499,22.234,-1,-1,-1,-1,Before Launch
1631,2025-03-19 23:42:54,174.129,-0.61351708,-0.023,22.236,-1,-1,-1,-1,Before Launch
1632,2025-03-19 23:42:54,174.156,0.09842519999999999,0.155,22.226,-1,-1,-1,-1,Before Launch
1633,2025-03-19 23:42:54,174.182,-1.4599738,-0.023,22.236,-1,-1,-1,-1,Before Launch
1634,2025-03-19 23:42:54,174.211,-2.06364836,-0.227,22.234,-1,-1,-1,-1,Before Launch
1635,2025-03-19 23:42:54,174.639,-1.69947512,-0.136,22.234,-1,-1,-1,-1,Before Launch
1636,2025-03-19 23:42:54,174.662,-1.8208662000000002,-0.295,22.236,-1,-1,-1,-1,Before Launch
1637,2025-03-19 23:42:54,174.687,-0.97769032,-0.113,22.234,-1,-1,-1,-1,Before Launch
1638,2025-03-19 23:42:54,174.711,-1.21719164,-0.157,22.239,-1,-1,-1,-1,Before Launch
1639,2025-03-19 23:42:54,174.74,-2.1817586,-0.227,22.236,-1,-1,-1,-1,Before Launch
1640,2025-03-19 23:42:55,175.168,-2.06364836,0.181,22.234,-1,-1,-1,-1,Before Launch
1641,2025-03-19 23:42:55,175.191,-1.09580056,-0.023,22.236,-1,-1,-1,-1,Before Launch
1642,2025-03-19 23:42:55,175.216,-0.61351708,0.068,22.234,-1,-1,-1,-1,Before Launch
1643,2025-03-19 23:42:55,175.241,-0.97769032,0.022,22.234,-1,-1,-1,-1,Before Launch
1644,2025-03-19 23:42:55,175.27,-1.09580056,0.295,22.236,-1,-1,-1,-1,Before Launch
1645,2025-03-19 23:42:55,175.698,-0.73490816,0.318,22.236,-1,-1,-1,-1,Before Launch
1646,2025-03-19 23:42:55,175.721,-0.97769032,0.292,22.234,-1,-1,-1,-1,Before Launch
1647,2025-03-19 23:42:55,175.745,-1.09580056,-0.091,22.236,-1,-1,-1,-1,Before Launch
1648,2025-03-19 23:42:55,175.773,-2.6673229199999997,-0.25,22.231,-1,-1,-1,-1,Before Launch
1649,2025-03-19 23:42:55,175.801,-1.4599738,0.091,22.234,-1,-1,-1,-1,Before Launch
1650,2025-03-19 23:42:56,176.23,-1.94225728,-0.431,22.231,-1,-1,-1,-1,Before Launch
1651,2025-03-19 23:42:56,176.252,-1.8208662000000002,-0.341,22.236,-1,-1,-1,-1,Before Launch
1652,2025-03-19 23:42:56,176.275,-1.8208662000000002,-0.114,22.236,-1,-1,-1,-1,Before Launch
1653,2025-03-19 23:42:56,176.305,-0.85629924,0.181,22.239,-1,-1,-1,-1,Before Launch
1654,2025-03-19 23:42:56,176.333,-0.61351708,0.091,22.239,-1,-1,-1,-1,Before Launch
1655,2025-03-19 23:42:56,176.761,-1.4599738,-0.091,22.236,-1,-1,-1,-1,Before Launch
1656,2025-03-19 23:42:56,176.784,-0.13451444,0.227,22.231,-1,-1,-1,-1,Before Launch
1657,2025-03-19 23:42:56,176.809,-0.37401576000000003,0.091,22.231,-1,-1,-1,-1,Before Launch
1658,2025-03-19 23:42:57,176.834,-0.00984252,0.091,22.236,-1,-1,-1,-1,Before Launch
1659,2025-03-19 23:42:57,176.863,-0.00984252,0.069,22.236,-1,-1,-1,-1,Before Launch
1660,2025-03-19 23:42:57,177.291,-1.4599738,0.091,22.234,-1,-1,-1,-1,Before Launch
1661,2025-03-19 23:42:57,177.314,0.34120735999999996,0.27,22.229,-1,-1,-1,-1,Before Launch
1662,2025-03-19 23:42:57,177.338,0.47244095999999997,0.295,22.239,-1,-1,-1,-1,Before Launch
1663,2025-03-19 23:42:57,177.367,0.45931760000000005,0.361,22.226,-1,-1,-1,-1,Before Launch
1664,2025-03-19 23:42:57,177.395,-1.22047248,-0.225,22.231,-1,-1,-1,-1,Before Launch
1665,2025-03-19 23:42:58,177.824,-0.49540683999999996,0.068,22.234,-1,-1,-1,-1,Before Launch
1666,2025-03-19 23:42:58,177.847,-0.73490816,0.114,22.236,-1,-1,-1,-1,Before Launch
1667,2025-03-19 23:42:58,177.871,-0.73490816,-0.137,22.236,-1,-1,-1,-1,Before Launch
1668,2025-03-19 23:42:58,177.896,-1.4599738,0.114,22.236,-1,-1,-1,-1,Before Launch
1669,2025-03-19 23:42:58,177.929,-0.85629924,0.091,22.236,-1,-1,-1,-1,Before Launch
1670,2025-03-19 23:42:58,178.362,-1.21719164,-0.136,22.239,-1,-1,-1,-1,Before Launch
1671,2025-03-19 23:42:58,178.387,-1.58136488,0.068,22.231,-1,-1,-1,-1,Before Launch
1672,2025-03-19 23:42:58,178.412,-1.8208662000000002,-0.227,22.231,-1,-1,-1,-1,Before Launch
1673,2025-03-19 23:42:58,178.441,-1.33858272,0.113,22.241,-1,-1,-1,-1,Before Launch
1674,2025-03-19 23:42:58,178.469,-1.21719164,0.046,22.236,-1,-1,-1,-1,Before Launch
1675,2025-03-19 23:42:59,178.903,-2.06364836,-0.227,22.234,-1,-1,-1,-1,Before Launch
1676,2025-03-19 23:42:59,178.927,-2.89698172,-0.292,22.231,-1,-1,-1,-1,Before Launch
1677,2025-03-19 23:42:59,178.953,-0.85629924,-0.023,22.239,-1,-1,-1,-1,Before Launch
1678,2025-03-19 23:42:59,178.982,-1.92913392,-0.247,22.246,-1,-1,-1,-1,Before Launch
1679,2025-03-19 23:42:59,179.01,-0.85629924,0.158,22.239,-1,-1,-1,-1,Before Launch
1680,2025-03-19 23:42:59,179.441,-0.49212599999999995,0.43,22.239,-1,-1,-1,-1,Before Launch
1681,2025-03-19 23:42:59,179.463,-0.74475068,-0.025,22.229,-1,-1,-1,-1,Before Launch
1682,2025-03-19 23:42:59,179.488,-1.33858272,-0.27,22.241,-1,-1,-1,-1,Before Launch
1683,2025-03-19 23:42:59,179.516,-1.4599738,0.0,22.229,-1,-1,-1,-1,Before Launch
1684,2025-03-19 23:42:59,179.545,-1.22047248,0.158,22.229,-1,-1,-1,-1,Before Launch
1685,2025-03-19 23:43:00,179.974,-1.94225728,-0.046,22.239,-1,-1,-1,-1,Before Launch
1686,2025-03-19 23:43:00,179.996,-0.73490816,0.204,22.236,-1,-1,-1,-1,Before Launch
1687,2025-03-19 23:43:00,180.02,-1.33858272,-0.068,22.234,-1,-1,-1,-1,Before Launch
1688,2025-03-19 23:43:00,180.049,-1.33858272,-0.023,22.241,-1,-1,-1,-1,Before Launch
1689,2025-03-19 23:43:00,180.079,-0.61351708,0.294,22.241,-1,-1,-1,-1,Before Launch
1690,2025-03-19 23:43:00,180.507,-0.61351708,0.272,22.234,-1,-1,-1,-1,Before Launch
1691,2025-03-19 23:43:00,180.53,-0.38385828,0.133,22.229,-1,-1,-1,-1,Before Launch
1692,2025-03-19 23:43:00,180.554,-2.1817586,-0.294,22.236,-1,-1,-1,-1,Before Launch
1693,2025-03-19 23:43:00,180.58,-0.25262468,0.136,22.236,-1,-1,-1,-1,Before Launch
1694,2025-03-19 23:43:00,180.609,-0.37401576000000003,0.135,22.236,-1,-1,-1,-1,Before Launch
1695,2025-03-19 23:43:01,181.038,-1.33858272,-0.113,22.234,-1,-1,-1,-1,Before Launch
1696,2025-03-19 23:43:01,181.06,-1.33858272,-0.068,22.234,-1,-1,-1,-1,Before Launch
1697,2025-03-19 23:43:01,181.085,-1.94225728,-0.159,22.236,-1,-1,-1,-1,Before Launch
1698,2025-03-19 23:43:01,181.11,-3.02821532,-0.068,22.239,-1,-1,-1,-1,Before Launch
1699,2025-03-19 23:43:01,181.139,-0.61351708,0.159,22.241,-1,-1,-1,-1,Before Launch
1700,2025-03-19 23:43:01,181.569,-1.57808404,0.068,22.239,-1,-1,-1,-1,Before Launch
1701,2025-03-19 23:43:01,181.592,-0.61351708,0.226,22.234,-1,-1,-1,-1,Before Launch
1702,2025-03-19 23:43:01,181.616,-1.69947512,0.023,22.234,-1,-1,-1,-1,Before Launch
1703,2025-03-19 23:43:01,181.641,-0.49212599999999995,0.068,22.239,-1,-1,-1,-1,Before Launch
1704,2025-03-19 23:43:01,181.671,-2.7854331599999997,-0.407,22.241,-1,-1,-1,-1,Before Launch
1705,2025-03-19 23:43:02,182.099,-0.9744094799999999,0.091,22.236,-1,-1,-1,-1,Before Launch
1706,2025-03-19 23:43:02,182.122,-1.56824152,-0.269,22.246,-1,-1,-1,-1,Before Launch
1707,2025-03-19 23:43:02,182.148,-0.85629924,-0.09,22.239,-1,-1,-1,-1,Before Launch
1708,2025-03-19 23:43:02,182.176,-1.09580056,-0.203,22.236,-1,-1,-1,-1,Before Launch
1709,2025-03-19 23:43:02,182.206,-0.38385828,-0.07,22.229,-1,-1,-1,-1,Before Launch
1710,2025-03-19 23:43:02,182.635,-0.37401576000000003,0.203,22.236,-1,-1,-1,-1,Before Launch
1711,2025-03-19 23:43:02,182.657,0.47244095999999997,0.025,22.241,-1,-1,-1,-1,Before Launch
1712,2025-03-19 23:43:02,182.682,-1.33858272,-0.339,22.241,-1,-1,-1,-1,Before Launch
1713,2025-03-19 23:43:02,182.707,-0.49212599999999995,-0.178,22.234,-1,-1,-1,-1,Before Launch
1714,2025-03-19 23:43:02,182.736,-0.61351708,0.114,22.241,-1,-1,-1,-1,Before Launch
1715,2025-03-19 23:43:03,183.165,-1.21719164,-0.135,22.239,-1,-1,-1,-1,Before Launch
1716,2025-03-19 23:43:03,183.188,-1.33858272,-0.113,22.234,-1,-1,-1,-1,Before Launch
1717,2025-03-19 23:43:03,183.211,-1.33858272,-0.113,22.234,-1,-1,-1,-1,Before Launch
1718,2025-03-19 23:43:03,183.239,-1.33858272,0.023,22.236,-1,-1,-1,-1,Before Launch
1719,2025-03-19 23:43:03,183.271,-0.73490816,0.023,22.236,-1,-1,-1,-1,Before Launch
1720,2025-03-19 23:43:03,183.7,-1.4599738,-0.045,22.236,-1,-1,-1,-1,Before Launch
1721,2025-03-19 23:43:03,183.722,-1.08595804,0.093,22.244,-1,-1,-1,-1,Before Launch
1722,2025-03-19 23:43:03,183.747,-1.58136488,0.045,22.231,-1,-1,-1,-1,Before Launch
1723,2025-03-19 23:43:03,183.772,-2.06364836,-0.136,22.234,-1,-1,-1,-1,Before Launch
1724,2025-03-19 23:43:03,183.801,-0.49212599999999995,0.136,22.236,-1,-1,-1,-1,Before Launch
1725,2025-03-19 23:43:04,184.227,-0.97769032,0.204,22.234,-1,-1,-1,-1,Before Launch
1726,2025-03-19 23:43:04,184.252,-0.2624672,0.495,22.226,-1,-1,-1,-1,Before Launch
1727,2025-03-19 23:43:04,184.277,-2.7854331599999997,-0.362,22.241,-1,-1,-1,-1,Before Launch
1728,2025-03-19 23:43:04,184.305,-1.09580056,0.157,22.236,-1,-1,-1,-1,Before Launch
1729,2025-03-19 23:43:04,184.333,-0.00984252,0.159,22.239,-1,-1,-1,-1,Before Launch
1730,2025-03-19 23:43:04,184.762,-0.49540683999999996,-0.001,22.231,-1,-1,-1,-1,Before Launch
1731,2025-03-19 23:43:04,184.785,-1.69947512,-0.179,22.241,-1,-1,-1,-1,Before Launch
1732,2025-03-19 23:43:04,184.809,-3.02821532,-0.318,22.239,-1,-1,-1,-1,Before Launch
1733,2025-03-19 23:43:05,184.835,-1.4599738,0.0,22.236,-1,-1,-1,-1,Before Launch
1734,2025-03-19 23:43:05,184.865,-1.33858272,-0.022,22.241,-1,-1,-1,-1,Before Launch
1735,2025-03-19 23:43:05,185.293,-0.49212599999999995,0.273,22.239,-1,-1,-1,-1,Before Launch
1736,2025-03-19 23:43:05,185.316,-1.69947512,-0.181,22.241,-1,-1,-1,-1,Before Launch
1737,2025-03-19 23:43:05,185.338,-0.37401576000000003,0.181,22.236,-1,-1,-1,-1,Before Launch
1738,2025-03-19 23:43:05,185.367,-1.8208662000000002,-0.091,22.239,-1,-1,-1,-1,Before Launch
1739,2025-03-19 23:43:05,185.395,-1.69947512,-0.204,22.234,-1,-1,-1,-1,Before Launch
1740,2025-03-19 23:43:06,185.824,-3.3891077199999997,-0.522,22.239,-1,-1,-1,-1,Before Launch
1741,2025-03-19 23:43:06,185.847,-2.7854331599999997,-0.452,22.241,-1,-1,-1,-1,Before Launch
1742,2025-03-19 23:43:06,185.871,-0.49540683999999996,0.317,22.231,-1,-1,-1,-1,Before Launch
1743,2025-03-19 23:43:06,185.897,-2.4245407599999997,-0.408,22.234,-1,-1,-1,-1,Before Launch
1744,2025-03-19 23:43:06,185.925,-1.46981632,-0.206,22.229,-1,-1,-1,-1,Before Launch
1745,2025-03-19 23:43:06,186.355,-1.09580056,0.046,22.241,-1,-1,-1,-1,Before Launch
1746,2025-03-19 23:43:06,186.377,-1.33858272,0.0,22.241,-1,-1,-1,-1,Before Launch
1747,2025-03-19 23:43:06,186.402,-0.85629924,0.204,22.239,-1,-1,-1,-1,Before Launch
1748,2025-03-19 23:43:06,186.428,-2.4245407599999997,0.114,22.241,-1,-1,-1,-1,Before Launch
1749,2025-03-19 23:43:06,186.457,-1.57808404,-0.181,22.239,-1,-1,-1,-1,Before Launch
1750,2025-03-19 23:43:07,186.886,-0.1312336,0.272,22.239,-1,-1,-1,-1,Before Launch
1751,2025-03-19 23:43:07,186.908,-2.66404208,-0.386,22.239,-1,-1,-1,-1,Before Launch
1752,2025-03-19 23:43:07,186.933,-0.37401576000000003,0.249,22.236,-1,-1,-1,-1,Before Launch
1753,2025-03-19 23:43:07,186.958,-2.4245407599999997,-0.363,22.241,-1,-1,-1,-1,Before Launch
1754,2025-03-19 23:43:07,186.987,-1.94225728,0.159,22.239,-1,-1,-1,-1,Before Launch
1755,2025-03-19 23:43:07,187.417,-0.61351708,0.068,22.241,-1,-1,-1,-1,Before Launch
1756,2025-03-19 23:43:07,187.439,-1.08595804,0.091,22.244,-1,-1,-1,-1,Before Launch
1757,2025-03-19 23:43:07,187.465,-0.0,0.161,22.244,-1,-1,-1,-1,Before Launch
1758,2025-03-19 23:43:07,187.49,-0.85629924,0.045,22.239,-1,-1,-1,-1,Before Launch
1759,2025-03-19 23:43:07,187.52,-1.57808404,-0.225,22.239,-1,-1,-1,-1,Before Launch
1760,2025-03-19 23:43:08,187.949,0.22965880000000002,0.114,22.231,-1,-1,-1,-1,Before Launch
1761,2025-03-19 23:43:08,187.973,-0.61351708,-0.204,22.234,-1,-1,-1,-1,Before Launch
1762,2025-03-19 23:43:08,187.999,-0.73490816,0.114,22.236,-1,-1,-1,-1,Before Launch
1763,2025-03-19 23:43:08,188.024,-0.3608924,0.025,22.236,-1,-1,-1,-1,Before Launch
1764,2025-03-19 23:43:08,188.058,0.5905511999999999,0.226,22.231,-1,-1,-1,-1,Before Launch
1765,2025-03-19 23:43:08,188.488,-0.37401576000000003,0.158,22.236,-1,-1,-1,-1,Before Launch
1766,2025-03-19 23:43:08,188.511,-0.61351708,0.136,22.234,-1,-1,-1,-1,Before Launch
1767,2025-03-19 23:43:08,188.536,-0.61351708,0.136,22.241,-1,-1,-1,-1,Before Launch
1768,2025-03-19 23:43:08,188.564,-0.85629924,0.091,22.231,-1,-1,-1,-1,Before Launch
1769,2025-03-19 23:43:08,188.593,-0.85629924,-0.023,22.231,-1,-1,-1,-1,Before Launch
1770,2025-03-19 23:43:09,189.022,-0.73490816,0.136,22.236,-1,-1,-1,-1,Before Launch
1771,2025-03-19 23:43:09,189.044,-1.10892392,-0.004,22.239,-1,-1,-1,-1,Before Launch
1772,2025-03-19 23:43:09,189.068,-1.33858272,0.046,22.234,-1,-1,-1,-1,Before Launch
1773,2025-03-19 23:43:09,189.099,-1.92913392,0.025,22.246,-1,-1,-1,-1,Before Launch
1774,2025-03-19 23:43:09,189.128,-0.49540683999999996,-0.001,22.231,-1,-1,-1,-1,Before Launch
1775,2025-03-19 23:43:09,189.558,-2.19488196,-0.228,22.229,-1,-1,-1,-1,Before Launch
1776,2025-03-19 23:43:09,189.582,-0.97769032,-0.134,22.234,-1,-1,-1,-1,Before Launch
1777,2025-03-19 23:43:09,189.608,-1.69947512,0.204,22.241,-1,-1,-1,-1,Before Launch
1778,2025-03-19 23:43:09,189.636,-0.61351708,0.09,22.234,-1,-1,-1,-1,Before Launch
1779,2025-03-19 23:43:09,189.665,-1.71259848,-0.319,22.226,-1,-1,-1,-1,Before Launch
1780,2025-03-19 23:43:10,190.094,-0.97769032,-0.09,22.234,-1,-1,-1,-1,Before Launch
1781,2025-03-19 23:43:10,190.116,-1.3484252399999999,0.066,22.226,-1,-1,-1,-1,Before Launch
1782,2025-03-19 23:43:10,190.141,-0.73490816,0.43,22.236,-1,-1,-1,-1,Before Launch
1783,2025-03-19 23:43:10,190.169,-2.53280848,-0.201,22.244,-1,-1,-1,-1,Before Launch
1784,2025-03-19 23:43:10,190.198,-1.69947512,-0.068,22.241,-1,-1,-1,-1,Before Launch
1785,2025-03-19 23:43:10,190.627,-2.3031496799999998,-0.34,22.239,-1,-1,-1,-1,Before Launch
1786,2025-03-19 23:43:10,190.649,-1.69947512,0.0,22.241,-1,-1,-1,-1,Before Launch
1787,2025-03-19 23:43:10,190.673,-1.94225728,-0.294,22.231,-1,-1,-1,-1,Before Launch
1788,2025-03-19 23:43:10,190.699,-0.98753284,0.156,22.226,-1,-1,-1,-1,Before Launch
1789,2025-03-19 23:43:10,190.727,-1.33858272,0.068,22.234,-1,-1,-1,-1,Before Launch
1790,2025-03-19 23:43:11,191.156,-0.25262468,0.588,22.234,-1,-1,-1,-1,Before Launch
1791,2025-03-19 23:43:11,191.179,-0.1312336,0.498,22.239,-1,-1,-1,-1,Before Launch
1792,2025-03-19 23:43:11,191.204,-1.08595804,-0.111,22.244,-1,-1,-1,-1,Before Launch
1793,2025-03-19 23:43:11,191.23,-1.4599738,0.181,22.236,-1,-1,-1,-1,Before Launch
1794,2025-03-19 23:43:11,191.258,-0.85629924,0.115,22.231,-1,-1,-1,-1,Before Launch
1795,2025-03-19 23:43:11,191.689,-1.33858272,-0.046,22.241,-1,-1,-1,-1,Before Launch
1796,2025-03-19 23:43:11,191.711,-0.61351708,0.136,22.234,-1,-1,-1,-1,Before Launch
1797,2025-03-19 23:43:11,191.734,-0.49212599999999995,0.068,22.239,-1,-1,-1,-1,Before Launch
1798,2025-03-19 23:43:11,191.762,-0.37401576000000003,0.384,22.236,-1,-1,-1,-1,Before Launch
1799,2025-03-19 23:43:11,191.79,-0.1312336,0.271,22.239,-1,-1,-1,-1,Before Launch
1800,2025-03-19 23:43:12,192.219,-1.33858272,-0.226,22.241,-1,-1,-1,-1,Before Launch
1801,2025-03-19 23:43:12,192.242,-3.63188988,-0.181,22.236,-1,-1,-1,-1,Before Launch
1802,2025-03-19 23:43:12,192.266,-3.99278228,-0.679,22.236,-1,-1,-1,-1,Before Launch
1803,2025-03-19 23:43:12,192.291,-1.09580056,0.249,22.241,-1,-1,-1,-1,Before Launch
1804,2025-03-19 23:43:12,192.32,-1.4599738,0.09,22.236,-1,-1,-1,-1,Before Launch
1805,2025-03-19 23:43:12,192.749,-1.21719164,-0.113,22.239,-1,-1,-1,-1,Before Launch
1806,2025-03-19 23:43:12,192.772,-0.37401576000000003,0.133,22.236,-1,-1,-1,-1,Before Launch
1807,2025-03-19 23:43:12,192.796,-1.21719164,-0.228,22.239,-1,-1,-1,-1,Before Launch
1808,2025-03-19 23:43:13,192.821,-1.69947512,-0.158,22.241,-1,-1,-1,-1,Before Launch
1809,2025-03-19 23:43:13,192.85,-2.53280848,-0.179,22.244,-1,-1,-1,-1,Before Launch
1810,2025-03-19 23:43:13,193.278,-3.26771664,-0.656,22.236,-1,-1,-1,-1,Before Launch
1811,2025-03-19 23:43:13,193.301,-3.01509196,-0.451,22.246,-1,-1,-1,-1,Before Launch
1812,2025-03-19 23:43:13,193.325,-3.01509196,-0.428,22.246,-1,-1,-1,-1,Before Launch
1813,2025-03-19 23:43:13,193.35,-1.69947512,-0.251,22.241,-1,-1,-1,-1,Before Launch
1814,2025-03-19 23:43:13,193.379,-3.5104988,-0.771,22.241,-1,-1,-1,-1,Before Launch
1815,2025-03-19 23:43:13,193.808,-1.21719164,-0.158,22.239,-1,-1,-1,-1,Before Launch
1816,2025-03-19 23:43:14,193.831,-1.57808404,-0.181,22.241,-1,-1,-1,-1,Before Launch
1817,2025-03-19 23:43:14,193.855,-2.06036752,-0.272,22.241,-1,-1,-1,-1,Before Launch
1818,2025-03-19 23:43:14,193.883,-1.69947512,-0.159,22.241,-1,-1,-1,-1,Before Launch
1819,2025-03-19 23:43:14,193.913,-1.57808404,-0.136,22.239,-1,-1,-1,-1,Before Launch
1820,2025-03-19 23:43:14,194.342,-2.4245407599999997,-0.318,22.241,-1,-1,-1,-1,Before Launch
1821,2025-03-19 23:43:14,194.365,-0.85629924,0.047,22.239,-1,-1,-1,-1,Before Launch
1822,2025-03-19 23:43:14,194.39,-1.69947512,-0.068,22.241,-1,-1,-1,-1,Before Launch
1823,2025-03-19 23:43:14,194.415,-2.89698172,-0.182,22.244,-1,-1,-1,-1,Before Launch
1824,2025-03-19 23:43:14,194.443,-1.33858272,-0.159,22.241,-1,-1,-1,-1,Before Launch
1825,2025-03-19 23:43:15,194.873,-1.20734912,0.186,22.246,-1,-1,-1,-1,Before Launch
1826,2025-03-19 23:43:15,194.896,-2.050525,-0.202,22.246,-1,-1,-1,-1,Before Launch
1827,2025-03-19 23:43:15,194.921,-1.69947512,0.0,22.234,-1,-1,-1,-1,Before Launch
1828,2025-03-19 23:43:15,194.946,-2.89698172,-0.43,22.244,-1,-1,-1,-1,Before Launch
1829,2025-03-19 23:43:15,194.974,-5.308399120000001,-0.677,22.249,-1,-1,-1,-1,Before Launch
1830,2025-03-19 23:43:15,195.403,-0.49212599999999995,0.091,22.239,-1,-1,-1,-1,Before Launch
1831,2025-03-19 23:43:15,195.426,-2.77559064,-0.269,22.249,-1,-1,-1,-1,Before Launch
1832,2025-03-19 23:43:15,195.45,-1.92913392,-0.225,22.246,-1,-1,-1,-1,Before Launch
1833,2025-03-19 23:43:15,195.476,-2.29330716,0.045,22.246,-1,-1,-1,-1,Before Launch
1834,2025-03-19 23:43:15,195.504,-4.475065760000001,-0.523,22.244,-1,-1,-1,-1,Before Launch
1835,2025-03-19 23:43:16,195.933,-3.61876652,-0.248,22.244,-1,-1,-1,-1,Before Launch
1836,2025-03-19 23:43:16,195.955,-2.06036752,-0.068,22.241,-1,-1,-1,-1,Before Launch
1837,2025-03-19 23:43:16,195.98,-1.57808404,0.069,22.239,-1,-1,-1,-1,Before Launch
1838,2025-03-19 23:43:16,196.005,-0.85629924,0.025,22.239,-1,-1,-1,-1,Before Launch
1839,2025-03-19 23:43:16,196.034,-1.33858272,0.0,22.241,-1,-1,-1,-1,Before Launch
1840,2025-03-19 23:43:16,196.463,-2.7854331599999997,-0.477,22.241,-1,-1,-1,-1,Before Launch
1841,2025-03-19 23:43:16,196.485,-3.98293976,-0.726,22.244,-1,-1,-1,-1,Before Launch
1842,2025-03-19 23:43:16,196.51,-3.3891077199999997,-0.434,22.239,-1,-1,-1,-1,Before Launch
1843,2025-03-19 23:43:16,196.535,-1.8208662000000002,-0.068,22.236,-1,-1,-1,-1,Before Launch
1844,2025-03-19 23:43:16,196.564,-1.4599738,-0.114,22.236,-1,-1,-1,-1,Before Launch
1845,2025-03-19 23:43:17,196.992,-1.69947512,-0.068,22.241,-1,-1,-1,-1,Before Launch
1846,2025-03-19 23:43:17,197.015,-2.89698172,-0.431,22.244,-1,-1,-1,-1,Before Launch
1847,2025-03-19 23:43:17,197.04,-1.57808404,-0.205,22.239,-1,-1,-1,-1,Before Launch
1848,2025-03-19 23:43:17,197.065,-3.3891077199999997,-0.569,22.239,-1,-1,-1,-1,Before Launch
1849,2025-03-19 23:43:17,197.093,-1.8110236800000001,-0.317,22.244,-1,-1,-1,-1,Before Launch
1850,2025-03-19 23:43:17,197.524,-2.66404208,-0.25,22.239,-1,-1,-1,-1,Before Launch
1851,2025-03-19 23:43:17,197.546,-3.7401576,-0.02,22.246,-1,-1,-1,-1,Before Launch
1852,2025-03-19 23:43:17,197.569,-0.72506564,0.616,22.244,-1,-1,-1,-1,Before Launch
1853,2025-03-19 23:43:17,197.597,-1.44685044,-0.066,22.244,-1,-1,-1,-1,Before Launch
1854,2025-03-19 23:43:17,197.625,-2.29330716,-0.157,22.246,-1,-1,-1,-1,Before Launch
1855,2025-03-19 23:43:18,198.054,-3.5104988,-0.432,22.241,-1,-1,-1,-1,Before Launch
1856,2025-03-19 23:43:18,198.077,-1.33858272,-0.182,22.241,-1,-1,-1,-1,Before Launch
1857,2025-03-19 23:43:18,198.102,-2.17191608,-0.18,22.244,-1,-1,-1,-1,Before Launch
1858,2025-03-19 23:43:18,198.128,-3.01509196,-0.248,22.246,-1,-1,-1,-1,Before Launch
1859,2025-03-19 23:43:18,198.157,-3.1463255599999997,-0.116,22.241,-1,-1,-1,-1,Before Launch
1860,2025-03-19 23:43:18,198.586,-3.13648304,0.025,22.249,-1,-1,-1,-1,Before Launch
1861,2025-03-19 23:43:18,198.608,-1.20734912,0.341,22.246,-1,-1,-1,-1,Before Launch
1862,2025-03-19 23:43:18,198.633,-1.8110236800000001,0.227,22.244,-1,-1,-1,-1,Before Launch
1863,2025-03-19 23:43:18,198.658,-1.08595804,0.116,22.244,-1,-1,-1,-1,Before Launch
1864,2025-03-19 23:43:18,198.686,-0.85629924,0.5,22.239,-1,-1,-1,-1,Before Launch
1865,2025-03-19 23:43:19,199.115,-3.01509196,-0.339,22.246,-1,-1,-1,-1,Before Launch
1866,2025-03-19 23:43:19,199.138,-1.33858272,0.045,22.241,-1,-1,-1,-1,Before Launch
1867,2025-03-19 23:43:19,199.162,-1.33858272,0.136,22.241,-1,-1,-1,-1,Before Launch
1868,2025-03-19 23:43:19,199.187,-2.4114174,-0.134,22.236,-1,-1,-1,-1,Before Launch
1869,2025-03-19 23:43:19,199.216,-3.61876652,-0.385,22.244,-1,-1,-1,-1,Before Launch
1870,2025-03-19 23:43:19,199.644,-0.73490816,0.319,22.241,-1,-1,-1,-1,Before Launch
1871,2025-03-19 23:43:19,199.667,-1.8208662000000002,-0.182,22.236,-1,-1,-1,-1,Before Launch
1872,2025-03-19 23:43:19,199.691,-0.37401576000000003,0.25,22.236,-1,-1,-1,-1,Before Launch
1873,2025-03-19 23:43:19,199.717,-1.94225728,0.18,22.239,-1,-1,-1,-1,Before Launch
1874,2025-03-19 23:43:19,199.745,-2.54593184,-0.228,22.236,-1,-1,-1,-1,Before Launch
1875,2025-03-19 23:43:20,200.174,-1.8110236800000001,-0.114,22.244,-1,-1,-1,-1,Before Launch
1876,2025-03-19 23:43:20,200.197,-0.85629924,0.225,22.239,-1,-1,-1,-1,Before Launch
1877,2025-03-19 23:43:20,200.22,-1.21719164,0.091,22.239,-1,-1,-1,-1,Before Launch
1878,2025-03-19 23:43:20,200.248,-2.06036752,0.158,22.241,-1,-1,-1,-1,Before Launch
1879,2025-03-19 23:43:20,200.276,-4.34383216,0.182,22.244,-1,-1,-1,-1,Before Launch
1880,2025-03-19 23:43:20,200.705,-1.08595804,-0.112,22.244,-1,-1,-1,-1,Before Launch
1881,2025-03-19 23:43:20,200.728,-1.6896326,0.205,22.244,-1,-1,-1,-1,Before Launch
1882,2025-03-19 23:43:20,200.752,-2.6541995600000003,-0.137,22.246,-1,-1,-1,-1,Before Launch
1883,2025-03-19 23:43:20,200.778,-3.02821532,-0.139,22.239,-1,-1,-1,-1,Before Launch
1884,2025-03-19 23:43:21,200.806,-3.61876652,0.162,22.244,-1,-1,-1,-1,Before Launch
1885,2025-03-19 23:43:21,201.235,-2.54593184,0.202,22.236,-1,-1,-1,-1,Before Launch
1886,2025-03-19 23:43:21,201.257,-3.8713911999999997,-0.342,22.241,-1,-1,-1,-1,Before Launch
1887,2025-03-19 23:43:21,201.282,-2.7854331599999997,-0.228,22.241,-1,-1,-1,-1,Before Launch
1888,2025-03-19 23:43:21,201.308,-3.8713911999999997,-0.569,22.241,-1,-1,-1,-1,Before Launch
1889,2025-03-19 23:43:21,201.337,-1.33858272,0.0,22.241,-1,-1,-1,-1,Before Launch
1890,2025-03-19 23:43:21,201.771,-1.92913392,0.161,22.241,-1,-1,-1,-1,Before Launch
1891,2025-03-19 23:43:21,201.794,-3.5104988,0.089,22.241,-1,-1,-1,-1,Before Launch
1892,2025-03-19 23:43:22,201.817,-2.7854331599999997,0.114,22.241,-1,-1,-1,-1,Before Launch
1893,2025-03-19 23:43:22,201.842,-4.2322836,-0.454,22.241,-1,-1,-1,-1,Before Launch
1894,2025-03-19 23:43:22,201.87,-2.53280848,-0.202,22.244,-1,-1,-1,-1,Before Launch
1895,2025-03-19 23:43:22,202.301,-2.3031496799999998,-0.114,22.239,-1,-1,-1,-1,Before Launch
1896,2025-03-19 23:43:22,202.323,-1.92913392,0.182,22.244,-1,-1,-1,-1,Before Launch
1897,2025-03-19 23:43:22,202.346,-2.66404208,-0.205,22.239,-1,-1,-1,-1,Before Launch
1898,2025-03-19 23:43:22,202.374,-2.06036752,0.25,22.241,-1,-1,-1,-1,Before Launch
1899,2025-03-19 23:43:22,202.403,-2.66404208,-0.161,22.239,-1,-1,-1,-1,Before Launch
1900,2025-03-19 23:43:23,202.834,-1.6896326,0.184,22.249,-1,-1,-1,-1,Before Launch
1901,2025-03-19 23:43:23,202.857,-2.050525,0.318,22.249,-1,-1,-1,-1,Before Launch
1902,2025-03-19 23:43:23,202.881,-0.3608924,0.069,22.244,-1,-1,-1,-1,Before Launch
1903,2025-03-19 23:43:23,202.91,-3.75000012,-0.433,22.239,-1,-1,-1,-1,Before Launch
1904,2025-03-19 23:43:23,202.938,-2.89698172,-0.114,22.244,-1,-1,-1,-1,Before Launch
1905,2025-03-19 23:43:23,203.367,-3.26771664,0.046,22.236,-1,-1,-1,-1,Before Launch
1906,2025-03-19 23:43:23,203.389,-1.57808404,-0.045,22.239,-1,-1,-1,-1,Before Launch
1907,2025-03-19 23:43:23,203.414,-3.61876652,-0.272,22.244,-1,-1,-1,-1,Before Launch
1908,2025-03-19 23:43:23,203.439,-3.99278228,-0.184,22.236,-1,-1,-1,-1,Before Launch
1909,2025-03-19 23:43:23,203.468,-3.02821532,0.022,22.239,-1,-1,-1,-1,Before Launch
1910,2025-03-19 23:43:24,203.897,-1.22047248,0.361,22.231,-1,-1,-1,-1,Before Launch
1911,2025-03-19 23:43:24,203.919,-2.3064305199999997,-0.207,22.231,-1,-1,-1,-1,Before Launch
1912,2025-03-19 23:43:24,203.944,-1.69947512,0.021,22.234,-1,-1,-1,-1,Before Launch
1913,2025-03-19 23:43:24,203.971,-1.8208662000000002,-0.138,22.236,-1,-1,-1,-1,Before Launch
1914,2025-03-19 23:43:24,204.0,-1.8208662000000002,-0.182,22.236,-1,-1,-1,-1,Before Launch
1915,2025-03-19 23:43:24,204.43,-1.33858272,0.315,22.241,-1,-1,-1,-1,Before Launch
1916,2025-03-19 23:43:24,204.453,-0.37401576000000003,0.181,22.236,-1,-1,-1,-1,Before Launch
1917,2025-03-19 23:43:24,204.477,-1.92913392,-0.111,22.246,-1,-1,-1,-1,Before Launch
1918,2025-03-19 23:43:24,204.505,-4.2322836,-0.342,22.241,-1,-1,-1,-1,Before Launch
1919,2025-03-19 23:43:24,204.535,-2.4245407599999997,0.225,22.241,-1,-1,-1,-1,Before Launch
1920,2025-03-19 23:43:25,204.964,-4.2322836,-0.657,22.241,-1,-1,-1,-1,Before Launch
1921,2025-03-19 23:43:25,204.987,-1.8110236800000001,0.002,22.244,-1,-1,-1,-1,Before Launch
1922,2025-03-19 23:43:25,205.012,-1.69947512,-0.249,22.241,-1,-1,-1,-1,Before Launch
1923,2025-03-19 23:43:25,205.037,-2.6541995600000003,-0.134,22.246,-1,-1,-1,-1,Before Launch
1924,2025-03-19 23:43:25,205.065,-2.4245407599999997,0.023,22.241,-1,-1,-1,-1,Before Launch
1925,2025-03-19 23:43:25,205.5,-1.44685044,0.068,22.244,-1,-1,-1,-1,Before Launch
1926,2025-03-19 23:43:25,205.522,-1.56824152,-0.134,22.246,-1,-1,-1,-1,Before Launch
1927,2025-03-19 23:43:25,205.545,-1.08595804,0.025,22.239,-1,-1,-1,-1,Before Launch
1928,2025-03-19 23:43:25,205.57,-0.0,0.387,22.246,-1,-1,-1,-1,Before Launch
1929,2025-03-19 23:43:25,205.599,-1.57808404,0.52,22.239,-1,-1,-1,-1,Before Launch
1930,2025-03-19 23:43:26,206.029,-2.7854331599999997,-0.319,22.241,-1,-1,-1,-1,Before Launch
1931,2025-03-19 23:43:26,206.051,-1.08595804,0.113,22.244,-1,-1,-1,-1,Before Launch
1932,2025-03-19 23:43:26,206.074,-0.9744094799999999,0.316,22.244,-1,-1,-1,-1,Before Launch
1933,2025-03-19 23:43:26,206.104,-2.3031496799999998,0.136,22.246,-1,-1,-1,-1,Before Launch
1934,2025-03-19 23:43:26,206.132,-2.17191608,0.272,22.234,-1,-1,-1,-1,Before Launch
1935,2025-03-19 23:43:26,206.562,-1.44685044,0.206,22.244,-1,-1,-1,-1,Before Launch
1936,2025-03-19 23:43:26,206.584,-1.33858272,0.475,22.241,-1,-1,-1,-1,Before Launch
1937,2025-03-19 23:43:26,206.609,-1.20734912,0.296,22.239,-1,-1,-1,-1,Before Launch
1938,2025-03-19 23:43:26,206.635,-1.21719164,0.498,22.236,-1,-1,-1,-1,Before Launch
1939,2025-03-19 23:43:26,206.664,-1.44685044,-0.02,22.241,-1,-1,-1,-1,Before Launch
1940,2025-03-19 23:43:27,207.094,-1.69947512,0.043,22.241,-1,-1,-1,-1,Before Launch
1941,2025-03-19 23:43:27,207.119,-2.89698172,0.115,22.244,-1,-1,-1,-1,Before Launch
1942,2025-03-19 23:43:27,207.142,-0.73490816,0.385,22.234,-1,-1,-1,-1,Before Launch
1943,2025-03-19 23:43:27,207.166,-1.08595804,0.591,22.236,-1,-1,-1,-1,Before Launch
1944,2025-03-19 23:43:27,207.197,-1.09580056,0.27,22.239,-1,-1,-1,-1,Before Launch
1945,2025-03-19 23:43:27,207.627,-0.9744094799999999,0.249,22.241,-1,-1,-1,-1,Before Launch
1946,2025-03-19 23:43:27,207.65,-1.33858272,0.111,22.241,-1,-1,-1,-1,Before Launch
1947,2025-03-19 23:43:27,207.674,-0.61351708,0.385,22.241,-1,-1,-1,-1,Before Launch
1948,2025-03-19 23:43:27,207.699,-1.44685044,0.115,22.236,-1,-1,-1,-1,Before Launch
1949,2025-03-19 23:43:27,207.728,-0.37401576000000003,0.43,22.236,-1,-1,-1,-1,Before Launch
1950,2025-03-19 23:43:28,208.16,-2.06036752,-0.07,22.241,-1,-1,-1,-1,Before Launch
1951,2025-03-19 23:43:28,208.182,-1.8208662000000002,0.043,22.236,-1,-1,-1,-1,Before Launch
1952,2025-03-19 23:43:28,208.208,-0.49212599999999995,-0.025,22.239,-1,-1,-1,-1,Before Launch
1953,2025-03-19 23:43:28,208.232,-1.20734912,0.478,22.246,-1,-1,-1,-1,Before Launch
1954,2025-03-19 23:43:28,208.259,-1.57808404,0.248,22.239,-1,-1,-1,-1,Before Launch
1955,2025-03-19 23:43:28,208.696,-1.69947512,0.294,22.241,-1,-1,-1,-1,Before Launch
1956,2025-03-19 23:43:28,208.718,-1.20734912,0.07,22.246,-1,-1,-1,-1,Before Launch
1957,2025-03-19 23:43:28,208.741,-2.4245407599999997,0.224,22.241,-1,-1,-1,-1,Before Launch
1958,2025-03-19 23:43:28,208.768,-2.53280848,0.274,22.244,-1,-1,-1,-1,Before Launch
1959,2025-03-19 23:43:28,208.797,-2.89698172,0.025,22.244,-1,-1,-1,-1,Before Launch
1960,2025-03-19 23:43:29,209.226,-0.49212599999999995,0.137,22.239,-1,-1,-1,-1,Before Launch
1961,2025-03-19 23:43:29,209.248,-1.09580056,0.227,22.236,-1,-1,-1,-1,Before Launch
1962,2025-03-19 23:43:29,209.273,-4.11417336,-0.453,22.239,-1,-1,-1,-1,Before Launch
1963,2025-03-19 23:43:29,209.298,-1.09580056,0.136,22.236,-1,-1,-1,-1,Before Launch
1964,2025-03-19 23:43:29,209.327,-1.8110236800000001,0.002,22.244,-1,-1,-1,-1,Before Launch
1965,2025-03-19 23:43:29,209.755,-2.3031496799999998,-0.181,22.239,-1,-1,-1,-1,Before Launch
1966,2025-03-19 23:43:29,209.778,-1.69947512,-0.249,22.241,-1,-1,-1,-1,Before Launch
1967,2025-03-19 23:43:29,209.804,-1.69947512,0.043,22.241,-1,-1,-1,-1,Before Launch
1968,2025-03-19 23:43:30,209.829,-0.85629924,0.634,22.239,-1,-1,-1,-1,Before Launch
1969,2025-03-19 23:43:30,209.861,-2.66404208,-0.045,22.239,-1,-1,-1,-1,Before Launch
1970,2025-03-19 23:43:30,210.291,-1.56824152,0.5,22.246,-1,-1,-1,-1,Before Launch
1971,2025-03-19 23:43:30,210.313,-1.8077428400000002,0.001,22.244,-1,-1,-1,-1,Before Launch
1972,2025-03-19 23:43:30,210.337,-0.48228348,0.229,22.246,-1,-1,-1,-1,Before Launch
1973,2025-03-19 23:43:30,210.365,-2.54593184,0.02,22.236,-1,-1,-1,-1,Before Launch
1974,2025-03-19 23:43:30,210.394,-3.1496063999999997,-0.136,22.234,-1,-1,-1,-1,Before Launch
1975,2025-03-19 23:43:31,210.822,-1.94225728,-0.093,22.239,-1,-1,-1,-1,Before Launch
1976,2025-03-19 23:43:31,210.846,-1.8208662000000002,-0.047,22.241,-1,-1,-1,-1,Before Launch
1977,2025-03-19 23:43:31,210.873,-1.57808404,-0.092,22.239,-1,-1,-1,-1,Before Launch
1978,2025-03-19 23:43:31,210.902,-3.3792652,-0.634,22.241,-1,-1,-1,-1,Before Launch
1979,2025-03-19 23:43:31,210.93,-1.08595804,0.092,22.244,-1,-1,-1,-1,Before Launch
1980,2025-03-19 23:43:31,211.36,-1.56824152,0.228,22.246,-1,-1,-1,-1,Before Launch
1981,2025-03-19 23:43:31,211.382,-1.4599738,-0.07,22.236,-1,-1,-1,-1,Before Launch
1982,2025-03-19 23:43:31,211.408,-3.02821532,-0.385,22.244,-1,-1,-1,-1,Before Launch
1983,2025-03-19 23:43:31,211.434,-2.17191608,0.025,22.239,-1,-1,-1,-1,Before Launch
1984,2025-03-19 23:43:31,211.463,-1.57808404,0.111,22.239,-1,-1,-1,-1,Before Launch
1985,2025-03-19 23:43:32,211.894,-2.7854331599999997,-0.251,22.241,-1,-1,-1,-1,Before Launch
1986,2025-03-19 23:43:32,211.916,-2.90682424,-0.294,22.236,-1,-1,-1,-1,Before Launch
1987,2025-03-19 23:43:32,211.939,-1.92913392,-0.135,22.246,-1,-1,-1,-1,Before Launch
1988,2025-03-19 23:43:32,211.967,-1.33858272,-0.023,22.234,-1,-1,-1,-1,Before Launch
1989,2025-03-19 23:43:32,211.998,-2.17191608,-0.136,22.244,-1,-1,-1,-1,Before Launch
1990,2025-03-19 23:43:32,212.428,-2.7854331599999997,-0.204,22.241,-1,-1,-1,-1,Before Launch
1991,2025-03-19 23:43:32,212.45,-3.3792652,-0.09,22.246,-1,-1,-1,-1,Before Launch
1992,2025-03-19 23:43:32,212.475,-3.61876652,-0.541,22.244,-1,-1,-1,-1,Before Launch
1993,2025-03-19 23:43:32,212.501,-1.69947512,-0.115,22.241,-1,-1,-1,-1,Before Launch
1994,2025-03-19 23:43:32,212.529,-2.3031496799999998,-0.226,22.239,-1,-1,-1,-1,Before Launch
1995,2025-03-19 23:43:33,212.96,-1.4599738,-0.091,22.236,-1,-1,-1,-1,Before Launch
1996,2025-03-19 23:43:33,212.982,-1.8110236800000001,-0.089,22.244,-1,-1,-1,-1,Before Launch
1997,2025-03-19 23:43:33,213.006,-2.89698172,-0.428,22.244,-1,-1,-1,-1,Before Launch
1998,2025-03-19 23:43:33,213.034,-2.89698172,-0.272,22.244,-1,-1,-1,-1,Before Launch
1999,2025-03-19 23:43:33,213.062,-1.6896326,-0.247,22.249,-1,-1,-1,-1,Before Launch
2000,2025-03-19 23:43:33,213.495,-2.4245407599999997,-0.068,22.244,-1,-1,-1,-1,Before Launch
2001,2025-03-19 23:43:33,213.518,-1.56824152,0.047,22.246,-1,-1,-1,-1,Before Launch
2002,2025-03-19 23:43:33,213.543,-1.08595804,-0.111,22.244,-1,-1,-1,-1,Before Launch
2003,2025-03-19 23:43:33,213.572,-3.02821532,-0.341,22.246,-1,-1,-1,-1,Before Launch
2004,2025-03-19 23:43:33,213.601,-3.7401576,-0.405,22.244,-1,-1,-1,-1,Before Launch
2005,2025-03-19 23:43:34,214.033,-4.2322836,-0.475,22.241,-1,-1,-1,-1,Before Launch
2006,2025-03-19 23:43:34,214.057,-2.06036752,-0.16,22.241,-1,-1,-1,-1,Before Launch
2007,2025-03-19 23:43:34,214.083,-0.73490816,0.316,22.236,-1,-1,-1,-1,Before Launch
2008,2025-03-19 23:43:34,214.111,-1.33858272,0.224,22.241,-1,-1,-1,-1,Before Launch
2009,2025-03-19 23:43:34,214.14,-1.57808404,0.247,22.239,-1,-1,-1,-1,Before Launch
2010,2025-03-19 23:43:34,214.568,-0.49212599999999995,0.0,22.239,-1,-1,-1,-1,Before Launch
2011,2025-03-19 23:43:34,214.591,-1.69947512,-0.113,22.241,-1,-1,-1,-1,Before Launch
2012,2025-03-19 23:43:34,214.616,-2.29330716,0.341,22.246,-1,-1,-1,-1,Before Launch
2013,2025-03-19 23:43:34,214.641,-1.69947512,-0.113,22.241,-1,-1,-1,-1,Before Launch
2014,2025-03-19 23:43:34,214.669,-0.3608924,0.271,22.244,-1,-1,-1,-1,Before Launch
2015,2025-03-19 23:43:35,215.098,-1.69947512,0.113,22.234,-1,-1,-1,-1,Before Launch
2016,2025-03-19 23:43:35,215.121,-0.9744094799999999,0.136,22.241,-1,-1,-1,-1,Before Launch
2017,2025-03-19 23:43:35,215.145,-2.3031496799999998,-0.113,22.239,-1,-1,-1,-1,Before Launch
2018,2025-03-19 23:43:35,215.173,-2.7854331599999997,-0.361,22.241,-1,-1,-1,-1,Before Launch
2019,2025-03-19 23:43:35,215.203,-2.06036752,0.113,22.241,-1,-1,-1,-1,Before Launch
2020,2025-03-19 23:43:35,215.633,-1.20734912,0.068,22.246,-1,-1,-1,-1,Before Launch
2021,2025-03-19 23:43:35,215.655,-1.57808404,0.043,22.239,-1,-1,-1,-1,Before Launch
2022,2025-03-19 23:43:35,215.679,-1.33858272,-0.16,22.236,-1,-1,-1,-1,Before Launch
2023,2025-03-19 23:43:35,215.708,-3.01509196,-0.088,22.246,-1,-1,-1,-1,Before Launch
2024,2025-03-19 23:43:35,215.737,-1.92913392,0.228,22.246,-1,-1,-1,-1,Before Launch
2025,2025-03-19 23:43:36,216.166,-1.33858272,0.113,22.241,-1,-1,-1,-1,Before Launch
2026,2025-03-19 23:43:36,216.189,-2.050525,-0.043,22.249,-1,-1,-1,-1,Before Launch
2027,2025-03-19 23:43:36,216.214,-2.6541995600000003,-0.201,22.246,-1,-1,-1,-1,Before Launch
2028,2025-03-19 23:43:36,216.239,-0.72506564,0.497,22.244,-1,-1,-1,-1,Before Launch
2029,2025-03-19 23:43:36,216.268,-1.8110236800000001,-0.136,22.244,-1,-1,-1,-1,Before Launch
2030,2025-03-19 23:43:36,216.696,-3.13648304,-0.294,22.249,-1,-1,-1,-1,Before Launch
2031,2025-03-19 23:43:36,216.719,-0.85629924,0.113,22.239,-1,-1,-1,-1,Before Launch
2032,2025-03-19 23:43:36,216.744,-2.4245407599999997,0.113,22.241,-1,-1,-1,-1,Before Launch
2033,2025-03-19 23:43:36,216.77,-2.3031496799999998,-0.025,22.239,-1,-1,-1,-1,Before Launch
2034,2025-03-19 23:43:36,216.799,-1.57808404,0.0,22.239,-1,-1,-1,-1,Before Launch
2035,2025-03-19 23:43:37,217.229,-2.3031496799999998,0.09,22.239,-1,-1,-1,-1,Before Launch
2036,2025-03-19 23:43:37,217.252,-0.9744094799999999,0.362,22.241,-1,-1,-1,-1,Before Launch
2037,2025-03-19 23:43:37,217.276,-1.44685044,0.09,22.244,-1,-1,-1,-1,Before Launch
2038,2025-03-19 23:43:37,217.301,-0.49212599999999995,0.159,22.239,-1,-1,-1,-1,Before Launch
2039,2025-03-19 23:43:37,217.331,-2.53280848,-0.068,22.244,-1,-1,-1,-1,Before Launch
2040,2025-03-19 23:43:37,217.763,-3.8713911999999997,-0.204,22.241,-1,-1,-1,-1,Before Launch
2041,2025-03-19 23:43:37,217.786,-1.33858272,0.382,22.241,-1,-1,-1,-1,Before Launch
2042,2025-03-19 23:43:37,217.809,-1.69947512,0.36,22.241,-1,-1,-1,-1,Before Launch
2043,2025-03-19 23:43:38,217.833,-1.33858272,0.068,22.241,-1,-1,-1,-1,Before Launch
2044,2025-03-19 23:43:38,217.864,-2.3031496799999998,0.0,22.239,-1,-1,-1,-1,Before Launch
2045,2025-03-19 23:43:38,218.293,-2.29330716,-0.156,22.239,-1,-1,-1,-1,Before Launch
2046,2025-03-19 23:43:38,218.315,-0.85629924,0.179,22.239,-1,-1,-1,-1,Before Launch
2047,2025-03-19 23:43:38,218.341,-1.57808404,0.247,22.239,-1,-1,-1,-1,Before Launch
2048,2025-03-19 23:43:38,218.366,-2.54593184,0.066,22.236,-1,-1,-1,-1,Before Launch
2049,2025-03-19 23:43:38,218.394,-3.1463255599999997,-0.273,22.241,-1,-1,-1,-1,Before Launch
2050,2025-03-19 23:43:39,218.824,-1.57808404,0.159,22.239,-1,-1,-1,-1,Before Launch
2051,2025-03-19 23:43:39,218.846,-1.57808404,-0.002,22.239,-1,-1,-1,-1,Before Launch
2052,2025-03-19 23:43:39,218.871,-2.66404208,-0.296,22.239,-1,-1,-1,-1,Before Launch
2053,2025-03-19 23:43:39,218.896,-0.97769032,0.385,22.234,-1,-1,-1,-1,Before Launch
2054,2025-03-19 23:43:39,218.925,-0.97769032,0.519,22.234,-1,-1,-1,-1,Before Launch
2055,2025-03-19 23:43:39,219.36,-1.4599738,0.52,22.236,-1,-1,-1,-1,Before Launch
2056,2025-03-19 23:43:39,219.382,-2.17191608,-0.021,22.244,-1,-1,-1,-1,Before Launch
2057,2025-03-19 23:43:39,219.406,-1.92913392,-0.224,22.246,-1,-1,-1,-1,Before Launch
2058,2025-03-19 23:43:39,219.434,-1.8110236800000001,-0.089,22.244,-1,-1,-1,-1,Before Launch
2059,2025-03-19 23:43:39,219.463,-1.09580056,0.091,22.236,-1,-1,-1,-1,Before Launch
2060,2025-03-19 23:43:40,219.894,-1.46981632,-0.184,22.229,-1,-1,-1,-1,Before Launch
2061,2025-03-19 23:43:40,219.917,-2.7854331599999997,-0.204,22.241,-1,-1,-1,-1,Before Launch
2062,2025-03-19 23:43:40,219.941,-0.73490816,0.293,22.236,-1,-1,-1,-1,Before Launch
2063,2025-03-19 23:43:40,219.967,-0.72506564,0.183,22.244,-1,-1,-1,-1,Before Launch
2064,2025-03-19 23:43:40,219.995,-0.73490816,-0.07,22.244,-1,-1,-1,-1,Before Launch
2065,2025-03-19 23:43:40,220.424,-3.13648304,-0.27,22.249,-1,-1,-1,-1,Before Launch
2066,2025-03-19 23:43:40,220.446,-1.69947512,-0.136,22.241,-1,-1,-1,-1,Before Launch
2067,2025-03-19 23:43:40,220.471,-2.4245407599999997,-0.023,22.241,-1,-1,-1,-1,Before Launch
2068,2025-03-19 23:43:40,220.497,-2.54593184,0.045,22.236,-1,-1,-1,-1,Before Launch
2069,2025-03-19 23:43:40,220.525,-0.73490816,0.249,22.236,-1,-1,-1,-1,Before Launch
2070,2025-03-19 23:43:41,220.957,-1.33858272,-0.025,22.241,-1,-1,-1,-1,Before Launch
2071,2025-03-19 23:43:41,220.98,-2.53280848,-0.179,22.244,-1,-1,-1,-1,Before Launch
2072,2025-03-19 23:43:41,221.005,-2.17191608,-0.156,22.244,-1,-1,-1,-1,Before Launch
2073,2025-03-19 23:43:41,221.033,-3.1463255599999997,-0.025,22.241,-1,-1,-1,-1,Before Launch
2074,2025-03-19 23:43:41,221.062,-0.73490816,0.224,22.236,-1,-1,-1,-1,Before Launch
2075,2025-03-19 23:43:41,221.49,-3.01509196,-0.315,22.246,-1,-1,-1,-1,Before Launch
2076,2025-03-19 23:43:41,221.513,-2.66404208,-0.115,22.239,-1,-1,-1,-1,Before Launch
2077,2025-03-19 23:43:41,221.536,-2.4245407599999997,0.043,22.234,-1,-1,-1,-1,Before Launch
2078,2025-03-19 23:43:41,221.565,-2.54593184,-0.342,22.236,-1,-1,-1,-1,Before Launch
2079,2025-03-19 23:43:41,221.594,-1.57808404,0.044,22.239,-1,-1,-1,-1,Before Launch
2080,2025-03-19 23:43:42,222.023,-0.9744094799999999,0.406,22.241,-1,-1,-1,-1,Before Launch
2081,2025-03-19 23:43:42,222.046,-0.97769032,-0.023,22.234,-1,-1,-1,-1,Before Launch
2082,2025-03-19 23:43:42,222.07,-1.08595804,0.251,22.244,-1,-1,-1,-1,Before Launch
2083,2025-03-19 23:43:42,222.095,-1.69947512,0.113,22.241,-1,-1,-1,-1,Before Launch
2084,2025-03-19 23:43:42,222.124,-1.8110236800000001,-0.044,22.244,-1,-1,-1,-1,Before Launch
2085,2025-03-19 23:43:42,222.553,-3.1463255599999997,-0.158,22.241,-1,-1,-1,-1,Before Launch
2086,2025-03-19 23:43:42,222.575,-1.09580056,-0.023,22.236,-1,-1,-1,-1,Before Launch
2087,2025-03-19 23:43:42,222.601,-3.75000012,-0.433,22.239,-1,-1,-1,-1,Before Launch
2088,2025-03-19 23:43:42,222.627,-0.97769032,-0.091,22.234,-1,-1,-1,-1,Before Launch
2089,2025-03-19 23:43:42,222.656,-1.33858272,0.224,22.241,-1,-1,-1,-1,Before Launch
2090,2025-03-19 23:43:43,223.085,-1.33858272,0.476,22.234,-1,-1,-1,-1,Before Launch
2091,2025-03-19 23:43:43,223.107,-0.61351708,0.136,22.234,-1,-1,-1,-1,Before Launch
2092,2025-03-19 23:43:43,223.13,-0.98753284,0.134,22.226,-1,-1,-1,-1,Before Launch
2093,2025-03-19 23:43:43,223.158,-0.85629924,0.091,22.231,-1,-1,-1,-1,Before Launch
2094,2025-03-19 23:43:43,223.186,-2.54593184,-0.046,22.236,-1,-1,-1,-1,Before Launch
2095,2025-03-19 23:43:43,223.616,-1.56824152,0.136,22.246,-1,-1,-1,-1,Before Launch
2096,2025-03-19 23:43:43,223.639,-1.57808404,-0.136,22.239,-1,-1,-1,-1,Before Launch
2097,2025-03-19 23:43:43,223.663,-1.09580056,0.091,22.236,-1,-1,-1,-1,Before Launch
2098,2025-03-19 23:43:43,223.691,-0.61351708,0.363,22.241,-1,-1,-1,-1,Before Launch
2099,2025-03-19 23:43:43,223.72,-0.9744094799999999,0.408,22.241,-1,-1,-1,-1,Before Launch
2100,2025-03-19 23:43:44,224.152,-1.09580056,0.091,22.236,-1,-1,-1,-1,Before Launch
2101,2025-03-19 23:43:44,224.179,-1.92913392,-0.066,22.246,-1,-1,-1,-1,Before Launch
2102,2025-03-19 23:43:44,224.204,-2.4245407599999997,0.045,22.241,-1,-1,-1,-1,Before Launch
2103,2025-03-19 23:43:44,224.23,-1.09580056,-0.022,22.236,-1,-1,-1,-1,Before Launch
2104,2025-03-19 23:43:44,224.26,-0.73490816,0.046,22.236,-1,-1,-1,-1,Before Launch
2105,2025-03-19 23:43:44,224.69,-2.54593184,-0.204,22.236,-1,-1,-1,-1,Before Launch
2106,2025-03-19 23:43:44,224.712,-1.09580056,0.202,22.236,-1,-1,-1,-1,Before Launch
2107,2025-03-19 23:43:44,224.737,-1.69947512,0.043,22.241,-1,-1,-1,-1,Before Launch
2108,2025-03-19 23:43:44,224.766,-1.09580056,0.134,22.236,-1,-1,-1,-1,Before Launch
2109,2025-03-19 23:43:44,224.795,-1.09580056,0.0,22.236,-1,-1,-1,-1,Before Launch
2110,2025-03-19 23:43:45,225.225,-1.69947512,-0.043,22.241,-1,-1,-1,-1,Before Launch
2111,2025-03-19 23:43:45,225.248,-2.4245407599999997,0.068,22.241,-1,-1,-1,-1,Before Launch
2112,2025-03-19 23:43:45,225.273,-1.44685044,-0.134,22.244,-1,-1,-1,-1,Before Launch
2113,2025-03-19 23:43:45,225.298,-3.26771664,-0.477,22.236,-1,-1,-1,-1,Before Launch
2114,2025-03-19 23:43:45,225.329,-2.3031496799999998,-0.294,22.239,-1,-1,-1,-1,Before Launch
2115,2025-03-19 23:43:45,225.759,-3.61876652,-0.09,22.244,-1,-1,-1,-1,Before Launch
2116,2025-03-19 23:43:45,225.781,-2.4245407599999997,-0.136,22.234,-1,-1,-1,-1,Before Launch
2117,2025-03-19 23:43:45,225.806,-0.85629924,0.294,22.239,-1,-1,-1,-1,Before Launch
2118,2025-03-19 23:43:46,225.832,-1.69947512,0.159,22.241,-1,-1,-1,-1,Before Launch
2119,2025-03-19 23:43:46,225.86,-1.4599738,-0.136,22.236,-1,-1,-1,-1,Before Launch
2120,2025-03-19 23:43:46,226.289,-0.73490816,0.113,22.236,-1,-1,-1,-1,Before Launch
2121,2025-03-19 23:43:46,226.311,-2.66404208,-0.025,22.229,-1,-1,-1,-1,Before Launch
2122,2025-03-19 23:43:46,226.335,-2.66404208,-0.092,22.239,-1,-1,-1,-1,Before Launch
2123,2025-03-19 23:43:46,226.363,-2.54593184,0.113,22.236,-1,-1,-1,-1,Before Launch
2124,2025-03-19 23:43:46,226.391,-2.4245407599999997,-0.317,22.241,-1,-1,-1,-1,Before Launch
2125,2025-03-19 23:43:47,226.82,-1.33858272,0.315,22.241,-1,-1,-1,-1,Before Launch
2126,2025-03-19 23:43:47,226.842,-1.20734912,0.273,22.246,-1,-1,-1,-1,Before Launch
2127,2025-03-19 23:43:47,226.867,-2.7854331599999997,-0.068,22.241,-1,-1,-1,-1,Before Launch
2128,2025-03-19 23:43:47,226.892,-2.06036752,0.091,22.241,-1,-1,-1,-1,Before Launch
2129,2025-03-19 23:43:47,226.921,-3.63188988,-0.386,22.236,-1,-1,-1,-1,Before Launch
2130,2025-03-19 23:43:47,227.352,-3.25787412,-0.428,22.244,-1,-1,-1,-1,Before Launch
2131,2025-03-19 23:43:47,227.374,-1.22047248,-0.046,22.231,-1,-1,-1,-1,Before Launch
2132,2025-03-19 23:43:47,227.399,-2.4245407599999997,-0.251,22.241,-1,-1,-1,-1,Before Launch
2133,2025-03-19 23:43:47,227.424,-2.06364836,-0.068,22.234,-1,-1,-1,-1,Before Launch
2134,2025-03-19 23:43:47,227.453,-2.6541995600000003,-0.158,22.246,-1,-1,-1,-1,Before Launch
2135,2025-03-19 23:43:48,227.883,-1.94225728,0.226,22.239,-1,-1,-1,-1,Before Launch
2136,2025-03-19 23:43:48,227.906,-2.4245407599999997,-0.249,22.241,-1,-1,-1,-1,Before Launch
2137,2025-03-19 23:43:48,227.93,-1.57808404,0.408,22.239,-1,-1,-1,-1,Before Launch
2138,2025-03-19 23:43:48,227.955,-3.02821532,-0.385,22.239,-1,-1,-1,-1,Before Launch
2139,2025-03-19 23:43:48,227.983,-4.35367468,-0.566,22.236,-1,-1,-1,-1,Before Launch
2140,2025-03-19 23:43:48,228.416,-2.06364836,-0.136,22.234,-1,-1,-1,-1,Before Launch
2141,2025-03-19 23:43:48,228.438,-2.29330716,-0.315,22.246,-1,-1,-1,-1,Before Launch
2142,2025-03-19 23:43:48,228.462,-2.7854331599999997,-0.337,22.241,-1,-1,-1,-1,Before Launch
2143,2025-03-19 23:43:48,228.487,-2.53280848,-0.315,22.244,-1,-1,-1,-1,Before Launch
2144,2025-03-19 23:43:48,228.515,-1.33858272,0.227,22.246,-1,-1,-1,-1,Before Launch
2145,2025-03-19 23:43:49,228.944,-1.8208662000000002,-0.047,22.236,-1,-1,-1,-1,Before Launch
2146,2025-03-19 23:43:49,228.966,-1.69947512,-0.023,22.241,-1,-1,-1,-1,Before Launch
2147,2025-03-19 23:43:49,228.992,-1.33858272,-0.046,22.241,-1,-1,-1,-1,Before Launch
2148,2025-03-19 23:43:49,229.02,-3.63188988,-0.566,22.236,-1,-1,-1,-1,Before Launch
2149,2025-03-19 23:43:49,229.048,-2.53280848,-0.292,22.244,-1,-1,-1,-1,Before Launch
2150,2025-03-19 23:43:49,229.477,-1.57808404,-0.091,22.239,-1,-1,-1,-1,Before Launch
2151,2025-03-19 23:43:49,229.5,-1.33858272,0.111,22.241,-1,-1,-1,-1,Before Launch
2152,2025-03-19 23:43:49,229.523,-3.02821532,-0.113,22.239,-1,-1,-1,-1,Before Launch
2153,2025-03-19 23:43:49,229.554,-2.89698172,-0.338,22.244,-1,-1,-1,-1,Before Launch
2154,2025-03-19 23:43:49,229.582,-2.7854331599999997,-0.385,22.241,-1,-1,-1,-1,Before Launch
2155,2025-03-19 23:43:50,230.01,-0.73490816,0.34,22.236,-1,-1,-1,-1,Before Launch
2156,2025-03-19 23:43:50,230.033,-1.69947512,-0.113,22.241,-1,-1,-1,-1,Before Launch
2157,2025-03-19 23:43:50,230.057,-1.33858272,0.068,22.241,-1,-1,-1,-1,Before Launch
2158,2025-03-19 23:43:50,230.083,-1.22047248,-0.023,22.231,-1,-1,-1,-1,Before Launch
2159,2025-03-19 23:43:50,230.111,-1.4599738,-0.069,22.226,-1,-1,-1,-1,Before Launch
2160,2025-03-19 23:43:50,230.541,-2.1817586,-0.091,22.236,-1,-1,-1,-1,Before Launch
2161,2025-03-19 23:43:50,230.564,-1.09580056,0.25,22.236,-1,-1,-1,-1,Before Launch
2162,2025-03-19 23:43:50,230.588,-1.94225728,-0.093,22.231,-1,-1,-1,-1,Before Launch
2163,2025-03-19 23:43:50,230.613,-2.6541995600000003,0.115,22.241,-1,-1,-1,-1,Before Launch
2164,2025-03-19 23:43:50,230.642,-2.66404208,-0.068,22.244,-1,-1,-1,-1,Before Launch
2165,2025-03-19 23:43:51,231.071,-1.94225728,0.316,22.239,-1,-1,-1,-1,Before Launch
2166,2025-03-19 23:43:51,231.094,-1.4599738,0.182,22.236,-1,-1,-1,-1,Before Launch
2167,2025-03-19 23:43:51,231.118,-1.94225728,-0.204,22.239,-1,-1,-1,-1,Before Launch
2168,2025-03-19 23:43:51,231.146,-1.08595804,0.115,22.244,-1,-1,-1,-1,Before Launch
2169,2025-03-19 23:43:51,231.175,-1.69947512,-0.045,22.239,-1,-1,-1,-1,Before Launch
2170,2025-03-19 23:43:51,231.604,-1.69947512,-0.181,22.234,-1,-1,-1,-1,Before Launch
2171,2025-03-19 23:43:51,231.626,-2.66404208,0.0,22.239,-1,-1,-1,-1,Before Launch
2172,2025-03-19 23:43:51,231.65,-2.4245407599999997,0.045,22.234,-1,-1,-1,-1,Before Launch
2173,2025-03-19 23:43:51,231.679,-1.69947512,0.159,22.241,-1,-1,-1,-1,Before Launch
2174,2025-03-19 23:43:51,231.707,-3.1463255599999997,-0.136,22.236,-1,-1,-1,-1,Before Launch
2175,2025-03-19 23:43:52,232.136,-2.4245407599999997,-0.204,22.241,-1,-1,-1,-1,Before Launch
2176,2025-03-19 23:43:52,232.158,-2.4245407599999997,-0.229,22.234,-1,-1,-1,-1,Before Launch
2177,2025-03-19 23:43:52,232.181,-2.17191608,0.115,22.244,-1,-1,-1,-1,Before Launch
2178,2025-03-19 23:43:52,232.209,-0.9744094799999999,0.204,22.241,-1,-1,-1,-1,Before Launch
2179,2025-03-19 23:43:52,232.239,-1.33858272,0.431,22.241,-1,-1,-1,-1,Before Launch
2180,2025-03-19 23:43:52,232.671,-2.06364836,0.225,22.234,-1,-1,-1,-1,Before Launch
2181,2025-03-19 23:43:52,232.694,-0.9744094799999999,0.046,22.236,-1,-1,-1,-1,Before Launch
2182,2025-03-19 23:43:52,232.717,-0.9744094799999999,0.273,22.241,-1,-1,-1,-1,Before Launch
2183,2025-03-19 23:43:52,232.743,-2.1817586,-0.022,22.236,-1,-1,-1,-1,Before Launch
2184,2025-03-19 23:43:52,232.773,-1.33858272,0.247,22.234,-1,-1,-1,-1,Before Launch
2185,2025-03-19 23:43:53,233.204,-1.57808404,0.068,22.239,-1,-1,-1,-1,Before Launch
2186,2025-03-19 23:43:53,233.226,-1.57808404,0.159,22.239,-1,-1,-1,-1,Before Launch
2187,2025-03-19 23:43:53,233.25,-2.6673229199999997,-0.205,22.231,-1,-1,-1,-1,Before Launch
2188,2025-03-19 23:43:53,233.278,-3.02821532,0.0,22.231,-1,-1,-1,-1,Before Launch
2189,2025-03-19 23:43:53,233.309,-2.53280848,0.342,22.244,-1,-1,-1,-1,Before Launch
2190,2025-03-19 23:43:53,233.736,-1.8208662000000002,0.046,22.241,-1,-1,-1,-1,Before Launch
2191,2025-03-19 23:43:53,233.764,-1.69947512,0.111,22.241,-1,-1,-1,-1,Before Launch
2192,2025-03-19 23:43:53,233.792,-1.94225728,0.158,22.239,-1,-1,-1,-1,Before Launch
2193,2025-03-19 23:43:54,233.82,-0.49212599999999995,0.383,22.239,-1,-1,-1,-1,Before Launch
2194,2025-03-19 23:43:54,233.849,-1.94225728,-0.113,22.239,-1,-1,-1,-1,Before Launch
2195,2025-03-19 23:43:54,234.277,-0.97769032,0.158,22.234,-1,-1,-1,-1,Before Launch
2196,2025-03-19 23:43:54,234.3,-0.97769032,0.135,22.241,-1,-1,-1,-1,Before Launch
2197,2025-03-19 23:43:54,234.326,-2.4245407599999997,-0.204,22.234,-1,-1,-1,-1,Before Launch
2198,2025-03-19 23:43:54,234.354,-3.02821532,0.113,22.239,-1,-1,-1,-1,Before Launch
2199,2025-03-19 23:43:54,234.382,-1.09580056,0.269,22.236,-1,-1,-1,-1,Before Launch
2200,2025-03-19 23:43:55,234.811,-2.4245407599999997,-0.159,22.234,-1,-1,-1,-1,Before Launch
2201,2025-03-19 23:43:55,234.834,-2.54593184,-0.226,22.236,-1,-1,-1,-1,Before Launch
2202,2025-03-19 23:43:55,234.857,-1.57808404,0.272,22.239,-1,-1,-1,-1,Before Launch
2203,2025-03-19 23:43:55,234.883,-3.63188988,-0.138,22.236,-1,-1,-1,-1,Before Launch
2204,2025-03-19 23:43:55,234.917,-2.17191608,0.115,22.244,-1,-1,-1,-1,Before Launch
2205,2025-03-19 23:43:55,235.346,-2.90682424,-0.407,22.236,-1,-1,-1,-1,Before Launch
2206,2025-03-19 23:43:55,235.368,-1.94225728,-0.046,22.231,-1,-1,-1,-1,Before Launch
2207,2025-03-19 23:43:55,235.393,-3.02821532,-0.317,22.239,-1,-1,-1,-1,Before Launch
2208,2025-03-19 23:43:55,235.418,-1.94225728,-0.135,22.239,-1,-1,-1,-1,Before Launch
2209,2025-03-19 23:43:55,235.446,-1.58136488,-0.023,22.231,-1,-1,-1,-1,Before Launch
2210,2025-03-19 23:43:56,235.876,-2.1817586,0.0,22.236,-1,-1,-1,-1,Before Launch
2211,2025-03-19 23:43:56,235.898,-4.11417336,-0.566,22.239,-1,-1,-1,-1,Before Launch
2212,2025-03-19 23:43:56,235.923,-1.4599738,0.09,22.234,-1,-1,-1,-1,Before Launch
2213,2025-03-19 23:43:56,235.951,-3.8713911999999997,-0.228,22.236,-1,-1,-1,-1,Before Launch
2214,2025-03-19 23:43:56,235.981,-2.90682424,-0.045,22.229,-1,-1,-1,-1,Before Launch
2215,2025-03-19 23:43:56,236.41,-2.3064305199999997,-0.068,22.231,-1,-1,-1,-1,Before Launch
2216,2025-03-19 23:43:56,236.433,-1.33858272,0.023,22.234,-1,-1,-1,-1,Before Launch
2217,2025-03-19 23:43:56,236.455,-1.4599738,0.09,22.234,-1,-1,-1,-1,Before Launch
2218,2025-03-19 23:43:56,236.483,-1.8208662000000002,-0.138,22.236,-1,-1,-1,-1,Before Launch
2219,2025-03-19 23:43:56,236.513,-0.97769032,0.135,22.234,-1,-1,-1,-1,Before Launch
2220,2025-03-19 23:43:57,236.942,-0.85629924,0.158,22.231,-1,-1,-1,-1,Before Launch
2221,2025-03-19 23:43:57,236.965,-1.4599738,0.226,22.236,-1,-1,-1,-1,Before Launch
2222,2025-03-19 23:43:57,236.989,-1.09580056,0.249,22.236,-1,-1,-1,-1,Before Launch
2223,2025-03-19 23:43:57,237.015,-1.33858272,0.068,22.241,-1,-1,-1,-1,Before Launch
2224,2025-03-19 23:43:57,237.043,-1.58136488,0.293,22.231,-1,-1,-1,-1,Before Launch
2225,2025-03-19 23:43:57,237.472,-2.4245407599999997,0.0,22.234,-1,-1,-1,-1,Before Launch
2226,2025-03-19 23:43:57,237.495,-3.02821532,-0.113,22.231,-1,-1,-1,-1,Before Launch
2227,2025-03-19 23:43:57,237.519,-1.4599738,0.133,22.236,-1,-1,-1,-1,Before Launch
2228,2025-03-19 23:43:57,237.545,-2.54593184,-0.295,22.236,-1,-1,-1,-1,Before Launch
2229,2025-03-19 23:43:57,237.573,-1.94225728,-0.113,22.239,-1,-1,-1,-1,Before Launch
2230,2025-03-19 23:43:58,238.002,-1.22047248,0.158,22.231,-1,-1,-1,-1,Before Launch
2231,2025-03-19 23:43:58,238.024,-2.06364836,-0.204,22.226,-1,-1,-1,-1,Before Launch
2232,2025-03-19 23:43:58,238.047,-1.22047248,-0.046,22.231,-1,-1,-1,-1,Before Launch
2233,2025-03-19 23:43:58,238.075,-1.22047248,0.18,22.231,-1,-1,-1,-1,Before Launch
2234,2025-03-19 23:43:58,238.105,-0.38385828,0.179,22.229,-1,-1,-1,-1,Before Launch
2235,2025-03-19 23:43:58,238.534,-1.71259848,-0.025,22.226,-1,-1,-1,-1,Before Launch
2236,2025-03-19 23:43:58,238.556,-1.69947512,-0.023,22.226,-1,-1,-1,-1,Before Launch
2237,2025-03-19 23:43:58,238.581,-0.50524936,0.406,22.224,-1,-1,-1,-1,Before Launch
2238,2025-03-19 23:43:58,238.607,-2.3064305199999997,0.135,22.231,-1,-1,-1,-1,Before Launch
2239,2025-03-19 23:43:58,238.635,-2.3031496799999998,0.043,22.239,-1,-1,-1,-1,Before Launch
2240,2025-03-19 23:43:59,239.066,-0.85629924,0.181,22.231,-1,-1,-1,-1,Before Launch
2241,2025-03-19 23:43:59,239.088,-2.4245407599999997,-0.136,22.229,-1,-1,-1,-1,Before Launch
2242,2025-03-19 23:43:59,239.113,-0.73490816,0.227,22.236,-1,-1,-1,-1,Before Launch
2243,2025-03-19 23:43:59,239.139,-0.85629924,-0.068,22.231,-1,-1,-1,-1,Before Launch
2244,2025-03-19 23:43:59,239.169,-0.73490816,0.227,22.236,-1,-1,-1,-1,Before Launch
2245,2025-03-19 23:43:59,239.598,-2.4245407599999997,-0.272,22.234,-1,-1,-1,-1,Before Launch
2246,2025-03-19 23:43:59,239.621,-2.1817586,-0.226,22.236,-1,-1,-1,-1,Before Launch
2247,2025-03-19 23:43:59,239.645,-1.4599738,0.181,22.236,-1,-1,-1,-1,Before Launch
2248,2025-03-19 23:43:59,239.67,-0.38385828,0.497,22.229,-1,-1,-1,-1,Before Launch
2249,2025-03-19 23:43:59,239.699,-1.83070872,-0.138,22.229,-1,-1,-1,-1,Before Launch
2250,2025-03-19 23:44:00,240.128,-2.55577436,-0.025,22.229,-1,-1,-1,-1,Before Launch
2251,2025-03-19 23:44:00,240.151,-1.09580056,0.273,22.236,-1,-1,-1,-1,Before Launch
2252,2025-03-19 23:44:00,240.176,-3.6417324000000004,-0.388,22.229,-1,-1,-1,-1,Before Launch
2253,2025-03-19 23:44:00,240.201,-1.33858272,0.431,22.234,-1,-1,-1,-1,Before Launch
2254,2025-03-19 23:44:00,240.231,-0.9973753599999999,0.221,22.219,-1,-1,-1,-1,Before Launch
2255,2025-03-19 23:44:00,240.659,-0.02296588,0.543,22.229,-1,-1,-1,-1,Before Launch
2256,2025-03-19 23:44:00,240.682,-1.58136488,0.068,22.231,-1,-1,-1,-1,Before Launch
2257,2025-03-19 23:44:00,240.704,-0.74475068,0.43,22.229,-1,-1,-1,-1,Before Launch
2258,2025-03-19 23:44:00,240.734,-1.57808404,0.069,22.239,-1,-1,-1,-1,Before Launch
2259,2025-03-19 23:44:00,240.762,-0.61351708,0.182,22.234,-1,-1,-1,-1,Before Launch
2260,2025-03-19 23:44:01,241.191,-0.7480315200000001,0.27,22.221,-1,-1,-1,-1,Before Launch
2261,2025-03-19 23:44:01,241.214,-0.49540683999999996,0.681,22.231,-1,-1,-1,-1,Before Launch
2262,2025-03-19 23:44:01,241.24,-1.10892392,0.066,22.229,-1,-1,-1,-1,Before Launch
2263,2025-03-19 23:44:01,241.265,-0.85629924,0.567,22.231,-1,-1,-1,-1,Before Launch
2264,2025-03-19 23:44:01,241.294,-2.3064305199999997,0.113,22.231,-1,-1,-1,-1,Before Launch
2265,2025-03-19 23:44:01,241.727,-0.97769032,0.25,22.226,-1,-1,-1,-1,Before Launch
2266,2025-03-19 23:44:01,241.75,-0.85629924,0.091,22.231,-1,-1,-1,-1,Before Launch
2267,2025-03-19 23:44:01,241.772,-1.58136488,-0.023,22.231,-1,-1,-1,-1,Before Launch
2268,2025-03-19 23:44:01,241.797,-1.9520997999999998,-0.025,22.224,-1,-1,-1,-1,Before Launch
2269,2025-03-19 23:44:02,241.826,-1.94225728,-0.182,22.231,-1,-1,-1,-1,Before Launch
2270,2025-03-19 23:44:02,242.255,-2.6673229199999997,-0.341,22.231,-1,-1,-1,-1,Before Launch
2271,2025-03-19 23:44:02,242.277,-0.85629924,0.114,22.231,-1,-1,-1,-1,Before Launch
2272,2025-03-19 23:44:02,242.302,-0.85629924,0.045,22.231,-1,-1,-1,-1,Before Launch
2273,2025-03-19 23:44:02,242.327,-0.49540683999999996,0.159,22.224,-1,-1,-1,-1,Before Launch
2274,2025-03-19 23:44:02,242.359,-1.22047248,0.068,22.231,-1,-1,-1,-1,Before Launch
2275,2025-03-19 23:44:02,242.79,-1.5912074,0.157,22.224,-1,-1,-1,-1,Before Launch
2276,2025-03-19 23:44:03,242.812,-0.85629924,0.408,22.231,-1,-1,-1,-1,Before Launch
2277,2025-03-19 23:44:03,242.837,-1.71259848,-0.048,22.226,-1,-1,-1,-1,Before Launch
2278,2025-03-19 23:44:03,242.865,-1.71259848,0.157,22.226,-1,-1,-1,-1,Before Launch
2279,2025-03-19 23:44:03,242.893,-1.22047248,0.136,22.231,-1,-1,-1,-1,Before Launch
2280,2025-03-19 23:44:03,243.322,-0.38385828,0.157,22.229,-1,-1,-1,-1,Before Launch
2281,2025-03-19 23:44:03,243.345,-0.62664044,0.27,22.226,-1,-1,-1,-1,Before Launch
2282,2025-03-19 23:44:03,243.369,-1.10892392,0.021,22.229,-1,-1,-1,-1,Before Launch
2283,2025-03-19 23:44:03,243.394,-2.19488196,-0.183,22.229,-1,-1,-1,-1,Before Launch
2284,2025-03-19 23:44:03,243.423,-0.9973753599999999,-0.115,22.219,-1,-1,-1,-1,Before Launch
2285,2025-03-19 23:44:04,243.853,-0.73490816,0.184,22.236,-1,-1,-1,-1,Before Launch
2286,2025-03-19 23:44:04,243.876,-1.33858272,0.068,22.229,-1,-1,-1,-1,Before Launch
2287,2025-03-19 23:44:04,243.9,-0.2624672,0.046,22.226,-1,-1,-1,-1,Before Launch
2288,2025-03-19 23:44:04,243.927,-2.90682424,-0.113,22.236,-1,-1,-1,-1,Before Launch
2289,2025-03-19 23:44:04,243.956,-1.46981632,0.157,22.229,-1,-1,-1,-1,Before Launch
2290,2025-03-19 23:44:04,244.385,-1.09580056,-0.045,22.236,-1,-1,-1,-1,Before Launch
2291,2025-03-19 23:44:04,244.407,-1.09580056,0.25,22.234,-1,-1,-1,-1,Before Launch
2292,2025-03-19 23:44:04,244.432,-3.26771664,-0.476,22.236,-1,-1,-1,-1,Before Launch
2293,2025-03-19 23:44:04,244.457,-0.74475068,0.021,22.229,-1,-1,-1,-1,Before Launch
2294,2025-03-19 23:44:04,244.485,-2.90682424,-0.409,22.236,-1,-1,-1,-1,Before Launch
2295,2025-03-19 23:44:05,244.914,-1.10892392,0.247,22.229,-1,-1,-1,-1,Before Launch
2296,2025-03-19 23:44:05,244.936,-1.09580056,0.204,22.236,-1,-1,-1,-1,Before Launch
2297,2025-03-19 23:44:05,244.961,-0.85629924,0.114,22.231,-1,-1,-1,-1,Before Launch
2298,2025-03-19 23:44:05,244.989,-1.10892392,-0.136,22.229,-1,-1,-1,-1,Before Launch
2299,2025-03-19 23:44:05,245.019,-0.74475068,0.204,22.229,-1,-1,-1,-1,Before Launch
2300,2025-03-19 23:44:05,245.45,-2.91666676,-0.068,22.229,-1,-1,-1,-1,Before Launch
2301,2025-03-19 23:44:05,245.473,-1.24015752,-0.027,22.216,-1,-1,-1,-1,Before Launch
2302,2025-03-19 23:44:05,245.497,-0.15419948,0.655,22.226,-1,-1,-1,-1,Before Launch
2303,2025-03-19 23:44:05,245.525,-0.85629924,0.091,22.231,-1,-1,-1,-1,Before Launch
2304,2025-03-19 23:44:05,245.553,-3.02821532,-0.382,22.231,-1,-1,-1,-1,Before Launch
2305,2025-03-19 23:44:06,245.982,-0.97769032,-0.179,22.234,-1,-1,-1,-1,Before Launch
2306,2025-03-19 23:44:06,246.005,-0.74475068,0.157,22.229,-1,-1,-1,-1,Before Launch
2307,2025-03-19 23:44:06,246.029,-0.85629924,-0.021,22.231,-1,-1,-1,-1,Before Launch
2308,2025-03-19 23:44:06,246.054,-0.74475068,0.157,22.229,-1,-1,-1,-1,Before Launch
2309,2025-03-19 23:44:06,246.084,-1.10892392,-0.093,22.229,-1,-1,-1,-1,Before Launch
2310,2025-03-19 23:44:06,246.512,-2.06364836,-0.247,22.234,-1,-1,-1,-1,Before Launch
2311,2025-03-19 23:44:06,246.535,-1.5912074,-0.206,22.236,-1,-1,-1,-1,Before Launch
2312,2025-03-19 23:44:06,246.56,-0.85629924,0.047,22.231,-1,-1,-1,-1,Before Launch
2313,2025-03-19 23:44:06,246.585,-0.15419948,0.132,22.216,-1,-1,-1,-1,Before Launch
2314,2025-03-19 23:44:06,246.614,-1.33858272,0.182,22.234,-1,-1,-1,-1,Before Launch
2315,2025-03-19 23:44:07,247.045,-3.28084,-0.433,22.229,-1,-1,-1,-1,Before Launch
2316,2025-03-19 23:44:07,247.067,-3.15944892,-0.433,22.229,-1,-1,-1,-1,Before Launch
2317,2025-03-19 23:44:07,247.091,-1.33858272,0.046,22.234,-1,-1,-1,-1,Before Launch
2318,2025-03-19 23:44:07,247.119,-1.4599738,0.092,22.236,-1,-1,-1,-1,Before Launch
2319,2025-03-19 23:44:07,247.147,-2.3064305199999997,-0.068,22.231,-1,-1,-1,-1,Before Launch
2320,2025-03-19 23:44:07,247.578,-2.19488196,0.089,22.226,-1,-1,-1,-1,Before Launch
2321,2025-03-19 23:44:07,247.601,-0.62664044,0.043,22.226,-1,-1,-1,-1,Before Launch
2322,2025-03-19 23:44:07,247.628,-2.79855652,-0.365,22.234,-1,-1,-1,-1,Before Launch
2323,2025-03-19 23:44:07,247.653,-2.67716544,-0.41,22.224,-1,-1,-1,-1,Before Launch
2324,2025-03-19 23:44:07,247.682,-2.07349088,-0.16,22.226,-1,-1,-1,-1,Before Launch
2325,2025-03-19 23:44:08,248.111,-1.22047248,0.07,22.229,-1,-1,-1,-1,Before Launch
2326,2025-03-19 23:44:08,248.134,0.09842519999999999,0.179,22.226,-1,-1,-1,-1,Before Launch
2327,2025-03-19 23:44:08,248.159,-0.15419948,0.293,22.216,-1,-1,-1,-1,Before Launch
2328,2025-03-19 23:44:08,248.189,-1.58136488,0.025,22.231,-1,-1,-1,-1,Before Launch
2329,2025-03-19 23:44:08,248.217,-0.98753284,0.044,22.226,-1,-1,-1,-1,Before Launch
2330,2025-03-19 23:44:08,248.65,-2.1817586,-0.337,22.236,-1,-1,-1,-1,Before Launch
2331,2025-03-19 23:44:08,248.675,0.09842519999999999,0.136,22.226,-1,-1,-1,-1,Before Launch
2332,2025-03-19 23:44:08,248.7,-1.47309716,-0.068,22.226,-1,-1,-1,-1,Before Launch
2333,2025-03-19 23:44:08,248.728,-0.85629924,0.251,22.224,-1,-1,-1,-1,Before Launch
2334,2025-03-19 23:44:08,248.757,-1.46981632,-0.089,22.229,-1,-1,-1,-1,Before Launch
2335,2025-03-19 23:44:09,249.186,-1.10892392,-0.07,22.221,-1,-1,-1,-1,Before Launch
2336,2025-03-19 23:44:09,249.209,-3.52034132,-0.409,22.226,-1,-1,-1,-1,Before Launch
2337,2025-03-19 23:44:09,249.235,-1.3484252399999999,-0.204,22.226,-1,-1,-1,-1,Before Launch
2338,2025-03-19 23:44:09,249.26,-2.19488196,0.133,22.221,-1,-1,-1,-1,Before Launch
2339,2025-03-19 23:44:09,249.288,-1.84383208,-0.07,22.214,-1,-1,-1,-1,Before Launch
2340,2025-03-19 23:44:09,249.717,-1.10892392,-0.002,22.231,-1,-1,-1,-1,Before Launch
2341,2025-03-19 23:44:09,249.742,-1.10892392,-0.002,22.229,-1,-1,-1,-1,Before Launch
2342,2025-03-19 23:44:09,249.767,0.21981628,0.654,22.224,-1,-1,-1,-1,Before Launch
2343,2025-03-19 23:44:09,249.795,-2.67716544,-0.362,22.224,-1,-1,-1,-1,Before Launch
2344,2025-03-19 23:44:10,249.823,-2.68700796,0.041,22.216,-1,-1,-1,-1,Before Launch
